x_coordinate_over_R,y_coordinate_over_R,x_proper_over_R,y_proper_over_R,q_coordinate,q_proper,delta_coordinate_deg,delta_proper_deg
0.866025404496,-0.499999998768,0.866025407322,-0.499999993874,0.736306308332,0.689670667468,59.999999837,59.9999991894
0.86602523045,-0.499999898149,0.866025202478,-0.499999875489,0.736306308332,0.689670667468,59.999999837,59.9999991894
0.866024708429,-0.499999596092,0.866024588049,-0.499999520161,0.736306308332,0.689670667468,59.999999837,59.9999991894
0.866023838666,-0.499999092197,0.86602356424,-0.499998927536,0.736306308332,0.689670667468,59.999999837,59.9999991894
0.866022621395,-0.499998386064,0.866022131259,-0.499998097264,0.736306308332,0.689670667468,59.999999837,59.9999991894
0.866021056851,-0.499997477295,0.866020289312,-0.499997028995,0.736306308332,0.689670667468,59.999999837,59.9999991894
0.866019145271,-0.499996365492,0.86601803861,-0.49999572238,0.736306308332,0.689670667468,59.999999837,59.9999991894
0.866016886892,-0.499995050257,0.866015379363,-0.499994177069,0.736306308332,0.689670667468,59.999999837,59.9999991894
0.866014281951,-0.499993531193,0.866012311783,-0.499992392715,0.736306308332,0.689670667468,59.999999837,59.9999991894
0.866011330689,-0.499991807905,0.866008836082,-0.49999036897,0.736306308332,0.689670667468,59.999999837,59.9999991894
0.866008033346,-0.499989879995,0.866004952475,-0.499988105487,0.736306308332,0.689670667468,59.999999837,59.9999991894
0.866004390163,-0.49998774707,0.866000661178,-0.499985601922,0.736306308332,0.689670667468,59.999999837,59.9999991894
0.866000401384,-0.499985408735,0.865995962407,-0.499982857928,0.736306308332,0.689670667468,59.999999837,59.9999991894
0.86599606725,-0.499982864596,0.865990856379,-0.499979873163,0.736306308332,0.689670667468,59.999999837,59.9999991894
0.865991388008,-0.499980114261,0.865985343315,-0.499976647281,0.736306308332,0.689670667468,59.999999837,59.9999991894
0.865986363903,-0.499977157336,0.865979423435,-0.49997317994,0.736306308332,0.689670667468,59.999999837,59.9999991894
0.865980995182,-0.49997399343,0.86597309696,-0.499969470798,0.736306308332,0.689670667468,59.999999837,59.9999991894
0.865975282092,-0.499970622152,0.865966364113,-0.499965519514,0.736306308332,0.689670667468,59.999999837,59.9999991894
0.865969224882,-0.499967043111,0.865959225119,-0.499961325747,0.736306308332,0.689670667468,59.999999837,59.9999991894
0.865962823802,-0.499963255918,0.865951680202,-0.499956889158,0.736306308332,0.689670667468,59.999999837,59.9999991894
0.865956079103,-0.499959260183,0.86594372959,-0.499952209406,0.736306308332,0.689670667468,59.999999837,59.9999991894
0.865948991038,-0.499955055517,0.86593537351,-0.499947286154,0.736306308332,0.689670667468,59.999999837,59.9999991894
0.865941559858,-0.499950641534,0.865926612191,-0.499942119065,0.736306308332,0.689670667468,59.999999837,59.9999991894
0.865933785818,-0.499946017844,0.865917445864,-0.499936707801,0.736306308332,0.689670667468,59.999999837,59.9999991894
0.865925669173,-0.499941184063,0.86590787476,-0.499931052026,0.736306308332,0.689670667468,59.999999837,59.9999991894
0.865917210179,-0.499936139803,0.865897899112,-0.499925151405,0.736306308332,0.689670667468,59.999999837,59.9999991894
0.865908409093,-0.49993088468,0.865887519153,-0.499919005603,0.736306308332,0.689670667468,59.999999837,59.9999991894
0.865899266173,-0.499925418309,0.865876735119,-0.499912614287,0.736306308332,0.689670667468,59.999999837,59.9999991894
0.865889781679,-0.499919740307,0.865865547247,-0.499905977123,0.736306308332,0.689670667468,59.999999837,59.9999991894
0.865879955871,-0.499913850289,0.865853955774,-0.49989909378,0.736306308332,0.689670667468,59.999999837,59.9999991894
0.865869789009,-0.499907747873,0.865841961889,-0.499891962279,0.736306308332,0.689670667468,59.999999837,59.9999991894
0.865859281357,-0.499901432678,0.86582956684,-0.499884580544,0.736306308332,0.689670667468,59.999999837,59.9999991894
0.865848433778,-0.49989490328,0.865816770944,-0.499876948114,0.736306308332,0.689670667468,59.999999837,59.9999991894
0.865837247769,-0.499888157166,0.86580357448,-0.499869064599,0.736306308332,0.689670667468,59.999999837,59.9999991894
0.865825724245,-0.499881192829,0.865789977731,-0.4998609296,0.736306308332,0.689670667468,59.999999837,59.9999991894
0.865813863511,-0.499874009824,0.865775980985,-0.499852542714,0.736306308332,0.689670667468,59.999999837,59.9999991894
0.865801665877,-0.499866607698,0.865761584534,-0.499843903537,0.736306308332,0.689670667468,59.999999837,59.9999991894
0.865789131657,-0.499858985995,0.865746788673,-0.49983501166,0.736306308332,0.689670667468,59.999999837,59.9999991894
0.86577626117,-0.49985114425,0.865731593699,-0.499825866672,0.736306308332,0.689670667468,59.999999837,59.9999991894
0.865763054739,-0.499843081997,0.865715999912,-0.499816468164,0.736306308332,0.689670667468,59.999999837,59.9999991894
0.865749512688,-0.499834798769,0.865700007615,-0.49980681572,0.736306308332,0.689670667468,59.999999837,59.9999991894
0.865735635346,-0.499826294093,0.865683617112,-0.499796908928,0.736306308332,0.689670667468,59.999999837,59.9999991894
0.865721423042,-0.499817567496,0.86566682871,-0.499786747374,0.736306308332,0.689670667468,59.999999837,59.9999991894
0.86570687611,-0.499808618505,0.865649642718,-0.499776330643,0.736306308332,0.689670667468,59.999999837,59.9999991894
0.865691994884,-0.499799446644,0.865632059444,-0.49976565832,0.736306308332,0.689670667468,59.999999837,59.9999991894
0.865676779699,-0.499790051436,0.865614079203,-0.499754729989,0.736306308332,0.689670667468,59.999999837,59.9999991894
0.865661230895,-0.499780432405,0.865595702306,-0.499743545237,0.736306308332,0.689670667468,59.999999837,59.9999991894
0.865645348812,-0.499770589074,0.865576929069,-0.499732103649,0.736306308332,0.689670667468,59.999999837,59.9999991894
0.86562913379,-0.499760520964,0.86555775981,-0.499720404808,0.736306308332,0.689670667468,59.999999837,59.9999991894
0.865612586173,-0.499750227599,0.865538194845,-0.499708448303,0.736306308332,0.689670667468,59.999999837,59.9999991894
0.865595706305,-0.499739708499,0.865518234496,-0.499696233717,0.736306308332,0.689670667468,59.999999837,59.9999991894
0.865578494532,-0.499728963188,0.865497879082,-0.499683760639,0.736306308332,0.689670667468,59.999999837,59.9999991894
0.8655609512,-0.499717991188,0.865477128927,-0.499671028655,0.736306308332,0.689670667468,59.999999837,59.9999991894
0.86554307666,-0.499706792021,0.865455984411,-0.499658037251,0.736306308332,0.689670667468,59.999999837,59.9999991894
0.865524871259,-0.499695365211,0.86543444661,-0.499644784719,0.736306308332,0.689670667468,59.999999837,59.9999991894
0.865506335349,-0.499683710279,0.865412516551,-0.499631269434,0.736306308332,0.689670667468,59.999999837,59.9999991894
0.865487469282,-0.499671826751,0.865390194575,-0.499617490957,0.736306308332,0.689670667468,59.999999837,59.9999991894
0.865468273411,-0.499659714148,0.86536748103,-0.499603448851,0.736306308332,0.689670667468,59.999999837,59.9999991894
0.865448748629,-0.499647371064,0.865344376263,-0.499589142676,0.736306308332,0.689670667468,59.999999837,59.9999991894
0.86542889622,-0.499634795417,0.865320880623,-0.499574571991,0.736306308332,0.689670667468,59.999999837,59.9999991894
0.865408716938,-0.49962198604,0.865296994462,-0.499559736357,0.736306308332,0.689670667468,59.999999837,59.9999991894
0.865388211159,-0.499608942428,0.865272718134,-0.499544635331,0.736306308332,0.689670667468,59.999999837,59.9999991894
0.865367379262,-0.499595664076,0.865248051992,-0.499529268474,0.736306308332,0.689670667468,59.999999837,59.9999991894
0.865346221625,-0.499582150475,0.865222996395,-0.499513635344,0.736306308332,0.689670667468,59.999999837,59.9999991894
0.86532473863,-0.499568401117,0.865197551701,-0.4994977355,0.736306308332,0.689670667468,59.999999837,59.9999991894
0.86530293066,-0.499554415495,0.865171718269,-0.499481568502,0.736306308332,0.689670667468,59.999999837,59.9999991894
0.865280798101,-0.499540193099,0.865145496461,-0.499465133909,0.736306308332,0.689670667468,59.999999837,59.9999991894
0.865258341337,-0.49952573342,0.86511888664,-0.49944843128,0.736306308332,0.689670667468,59.999999837,59.9999991894
0.865235560758,-0.49951103595,0.86509188917,-0.499431460175,0.736306308332,0.689670667468,59.999999837,59.9999991894
0.865212456752,-0.499496100177,0.865064504419,-0.499414220155,0.736306308332,0.689670667468,59.999999837,59.9999991894
0.865189029709,-0.499480925594,0.865036732756,-0.499396710771,0.736306308332,0.689670667468,59.999999837,59.9999991894
0.865165280022,-0.499465511691,0.865008574558,-0.499378931575,0.736306308332,0.689670667468,59.999999837,59.9999991894
0.865141208084,-0.499449857959,0.864980030194,-0.49936088213,0.736306308332,0.689670667468,59.999999837,59.9999991894
0.86511681429,-0.499433963888,0.864951100035,-0.499342561996,0.736306308332,0.689670667468,59.999999837,59.9999991894
0.865092099035,-0.49941782897,0.864921784454,-0.499323970736,0.736306308332,0.689670667468,59.999999837,59.9999991894
0.865067062718,-0.499401452695,0.864892083827,-0.499305107913,0.736306308332,0.689670667468,59.999999837,59.9999991894
0.865041705742,-0.499384834544,0.864861998527,-0.499285973091,0.736306308332,0.689670667468,59.999999837,59.9999991894
0.865016028513,-0.499367974,0.864831528933,-0.499266565833,0.736306308332,0.689670667468,59.999999837,59.9999991894
0.864990031431,-0.499350870556,0.864800675423,-0.499246885704,0.736306308332,0.689670667468,59.999999837,59.9999991894
0.864963714898,-0.499333523703,0.864769438375,-0.499226932268,0.736306308332,0.689670667468,59.999999837,59.9999991894
0.864937079318,-0.499315932936,0.864737818171,-0.499206705093,0.736306308332,0.689670667468,59.999999837,59.9999991894
0.864910125094,-0.499298097749,0.864705815193,-0.499186203745,0.736306308332,0.689670667468,59.999999837,59.9999991894
0.864882852631,-0.499280017634,0.864673429824,-0.499165427791,0.736306308332,0.689670667468,59.999999837,59.9999991894
0.864855262336,-0.499261692088,0.864640662453,-0.499144376788,0.736306308332,0.689670667468,59.999999837,59.9999991894
0.864827354616,-0.499243120605,0.864607513474,-0.499123050295,0.736306308332,0.689670667468,59.999999837,59.9999991894
0.86479912988,-0.499224302681,0.864573983272,-0.499101447882,0.736306308332,0.689670667468,59.999999837,59.9999991894
0.864770588537,-0.499205237812,0.864540072237,-0.499079569118,0.736306308332,0.689670667468,59.999999837,59.9999991894
0.864741730998,-0.499185925497,0.864505780756,-0.499057413574,0.736306308332,0.689670667468,59.999999837,59.9999991894
0.864712557673,-0.499166365231,0.864471109222,-0.499034980821,0.736306308332,0.689670667468,59.999999837,59.9999991894
0.864683068977,-0.499146556514,0.864436058026,-0.499012270432,0.736306308332,0.689670667468,59.999999837,59.9999991894
0.86465326533,-0.499126498831,0.864400627561,-0.498989281979,0.736306308332,0.689670667468,59.999999837,59.9999991894
0.864623147153,-0.49910619167,0.864364818221,-0.498966015036,0.736306308332,0.689670667468,59.999999837,59.9999991894
0.864592714862,-0.499085634531,0.864328630402,-0.498942469178,0.736306308332,0.689670667468,59.999999837,59.9999991894
0.864561968874,-0.499064826915,0.8642920645,-0.498918643979,0.736306308332,0.689670667468,59.999999837,59.9999991894
0.864530909606,-0.499043768322,0.864255120919,-0.498894539006,0.736306308332,0.689670667468,59.999999837,59.9999991894
0.864499537477,-0.499022458257,0.864217800063,-0.498870153826,0.736306308332,0.689670667468,59.999999837,59.9999991894
0.864467852906,-0.49900089622,0.864180102335,-0.498845488012,0.736306308332,0.689670667468,59.999999837,59.9999991894
0.864435856315,-0.498979081715,0.864142028135,-0.498820541145,0.736306308332,0.689670667468,59.999999837,59.9999991894
0.864403548125,-0.498957014247,0.864103577866,-0.498795312801,0.736306308332,0.689670667468,59.999999837,59.9999991894
0.864370928758,-0.49893469332,0.864064751932,-0.498769802562,0.736306308332,0.689670667468,59.999999837,59.9999991894
0.864337998637,-0.49891211844,0.864025550738,-0.498744010008,0.736306308332,0.689670667468,59.999999837,59.9999991894
0.864304758188,-0.498889289114,0.86398597469,-0.49871793472,0.736306308332,0.689670667468,59.999999837,59.9999991894
0.864271207842,-0.498866204836,0.863946024195,-0.49869157628,0.736306308332,0.689670667468,59.999999837,59.9999991894
0.864237348034,-0.4988428651,0.863905699661,-0.498664934273,0.736306308332,0.689670667468,59.999999837,59.9999991894
0.864203179192,-0.498819269414,0.863865001503,-0.498638008271,0.736306308332,0.689670667468,59.999999837,59.9999991894
0.864168701745,-0.498795417285,0.863823930138,-0.498610797848,0.736306308332,0.689670667468,59.999999837,59.9999991894
0.86413391612,-0.498771308225,0.863782485982,-0.498583302586,0.736306308332,0.689670667468,59.999999837,59.9999991894
0.86409882275,-0.498746941745,0.863740669445,-0.498555522072,0.736306308332,0.689670667468,59.999999837,59.9999991894
0.864063422064,-0.498722317354,0.863698480942,-0.498527455893,0.736306308332,0.689670667468,59.999999837,59.9999991894
0.864027714494,-0.498697434567,0.863655920888,-0.498499103637,0.736306308332,0.689670667468,59.999999837,59.9999991894
0.863991700473,-0.498672292895,0.8636129897,-0.498470464893,0.736306308332,0.689670667468,59.999999837,59.9999991894
0.863955380436,-0.498646891853,0.863569687795,-0.49844153925,0.736306308332,0.689670667468,59.999999837,59.9999991894
0.863918754816,-0.498621230956,0.863526015591,-0.498412326299,0.736306308332,0.689670667468,59.999999837,59.9999991894
0.863881824058,-0.498595309703,0.863481973513,-0.498382825623,0.736306308332,0.689670667468,59.999999837,59.9999991894
0.863844588607,-0.498569127596,0.86343756199,-0.498353036801,0.736306308332,0.689670667468,59.999999837,59.9999991894
0.8638070489,-0.498542684152,0.863392781447,-0.49832295942,0.736306308332,0.689670667468,59.999999837,59.9999991894
0.863769205376,-0.498515978889,0.863347632305,-0.498292593077,0.736306308332,0.689670667468,59.999999837,59.9999991894
0.863731058474,-0.498489011325,0.86330211499,-0.498261937364,0.736306308332,0.689670667468,59.999999837,59.9999991894
0.863692608633,-0.49846178098,0.863256229926,-0.498230991878,0.736306308332,0.689670667468,59.999999837,59.9999991894
0.863653856296,-0.498434287373,0.86320997754,-0.498199756215,0.736306308332,0.689670667468,59.999999837,59.9999991894
0.863614801903,-0.498406530026,0.863163358259,-0.498168229973,0.736306308332,0.689670667468,59.999999837,59.9999991894
0.863575445897,-0.498378508461,0.863116372514,-0.498136412746,0.736306308332,0.689670667468,59.999999837,59.9999991894
0.863535788723,-0.498350222199,0.863069020743,-0.49810430412,0.736306308332,0.689670667468,59.999999837,59.9999991894
0.863495830835,-0.498321670746,0.863021303382,-0.498071903684,0.736306308332,0.689670667468,59.999999837,59.9999991894
0.863455572685,-0.498292853613,0.862973220864,-0.498039211038,0.736306308332,0.689670667468,59.999999837,59.9999991894
0.863415014722,-0.498263770325,0.862924773622,-0.498006225785,0.736306308332,0.689670667468,59.999999837,59.9999991894
0.863374157391,-0.498234420407,0.862875962089,-0.497972947526,0.736306308332,0.689670667468,59.999999837,59.9999991894
0.863333001141,-0.498204803386,0.862826786701,-0.497939375865,0.736306308332,0.689670667468,59.999999837,59.9999991894
0.86329154642,-0.49817491879,0.862777247895,-0.497905510407,0.736306308332,0.689670667468,59.999999837,59.9999991894
0.863249793678,-0.498144766148,0.862727346109,-0.497871350751,0.736306308332,0.689670667468,59.999999837,59.9999991894
0.863207743366,-0.498114344988,0.862677081791,-0.49783689649,0.736306308332,0.689670667468,59.999999837,59.9999991894
0.863165395934,-0.498083654841,0.862626455388,-0.49780214722,0.736306308332,0.689670667468,59.999999837,59.9999991894
0.863122751845,-0.498052695221,0.862575467338,-0.497767102548,0.736306308332,0.689670667468,59.999999837,59.9999991894
0.863079811561,-0.498021465643,0.862524118084,-0.497731762083,0.736306308332,0.689670667468,59.999999837,59.9999991894
0.863036575537,-0.497989965638,0.862472408069,-0.497696125436,0.736306308332,0.689670667468,59.999999837,59.9999991894
0.862993044229,-0.497958194741,0.862420337737,-0.497660192216,0.736306308332,0.689670667468,59.999999837,59.9999991894
0.86294921809,-0.497926152484,0.862367907532,-0.497623962035,0.736306308332,0.689670667468,59.999999837,59.9999991894
0.862905097579,-0.497893838404,0.862315117908,-0.497587434491,0.736306308332,0.689670667468,59.999999837,59.9999991894
0.862860683151,-0.497861252036,0.862261969321,-0.497550609182,0.736306308332,0.689670667468,59.999999837,59.9999991894
0.862815975266,-0.497828392918,0.862208462221,-0.49751348572,0.736306308332,0.689670667468,59.999999837,59.9999991894
0.862770974385,-0.49779526058,0.862154597058,-0.49747606372,0.736306308332,0.689670667468,59.999999837,59.9999991894
0.86272568098,-0.497761854544,0.86210037428,-0.497438342798,0.736306308332,0.689670667468,59.999999837,59.9999991894
0.862680095517,-0.497728174335,0.86204579434,-0.49740032257,0.736306308332,0.689670667468,59.999999837,59.9999991894
0.862634218459,-0.497694219496,0.861990857689,-0.497362002654,0.736306308332,0.689670667468,59.999999837,59.9999991894
0.862588050267,-0.497659989567,0.861935564789,-0.497323382655,0.736306308332,0.689670667468,59.999999837,59.9999991894
0.862541591404,-0.49762548409,0.861879916105,-0.497284462177,0.736306308332,0.689670667468,59.999999837,59.9999991894
0.862494842334,-0.497590702609,0.861823912092,-0.497245240836,0.736306308332,0.689670667468,59.999999837,59.9999991894
0.862447803523,-0.497555644666,0.861767553208,-0.497205718254,0.736306308332,0.689670667468,59.999999837,59.9999991894
0.862400475437,-0.497520309803,0.861710839911,-0.497165894053,0.736306308332,0.689670667468,59.999999837,59.9999991894
0.862352858556,-0.497484697544,0.861653772659,-0.497125767855,0.736306308332,0.689670667468,59.999999837,59.9999991894
0.862304953353,-0.497448807424,0.861596351912,-0.497085339285,0.736306308332,0.689670667468,59.999999837,59.9999991894
0.862256760298,-0.497412638987,0.861538578142,-0.497044607949,0.736306308332,0.689670667468,59.999999837,59.9999991894
0.862208279858,-0.497376191784,0.861480451819,-0.497003573457,0.736306308332,0.689670667468,59.999999837,59.9999991894
0.862159512504,-0.497339465363,0.861421973406,-0.496962235436,0.736306308332,0.689670667468,59.999999837,59.9999991894
0.862110458705,-0.497302459274,0.861363143367,-0.496920593513,0.736306308332,0.689670667468,59.999999837,59.9999991894
0.862061118933,-0.497265173069,0.861303962166,-0.496878647317,0.736306308332,0.689670667468,59.999999837,59.9999991894
0.862011493666,-0.497227606287,0.861244430271,-0.496836396478,0.736306308332,0.689670667468,59.999999837,59.9999991894
0.861961583388,-0.49718975846,0.861184548154,-0.496793840615,0.736306308332,0.689670667468,59.999999837,59.9999991894
0.861911388579,-0.497151629135,0.861124316293,-0.496750979341,0.736306308332,0.689670667468,59.999999837,59.9999991894
0.861860909713,-0.497113217865,0.861063735162,-0.496707812282,0.736306308332,0.689670667468,59.999999837,59.9999991894
0.861810147263,-0.497074524206,0.861002805231,-0.49666433907,0.736306308332,0.689670667468,59.999999837,59.9999991894
0.861759101707,-0.497035547714,0.86094152697,-0.49662055934,0.736306308332,0.689670667468,59.999999837,59.9999991894
0.861707773521,-0.496996287946,0.860879900852,-0.496576472726,0.736306308332,0.689670667468,59.999999837,59.9999991894
0.861656163185,-0.496956744456,0.860817927354,-0.496532078858,0.736306308332,0.689670667468,59.999999837,59.9999991894
0.861604271189,-0.496916916781,0.860755606962,-0.496487377353,0.736306308332,0.689670667468,59.999999837,59.9999991894
0.861552098022,-0.496876804466,0.860692940155,-0.496442367838,0.736306308332,0.689670667468,59.999999837,59.9999991894
0.861499644163,-0.49683640707,0.860629927412,-0.496397049952,0.736306308332,0.689670667468,59.999999837,59.9999991894
0.861446910093,-0.496795724157,0.860566569209,-0.496351423334,0.736306308332,0.689670667468,59.999999837,59.9999991894
0.861393896293,-0.496754755288,0.860502866023,-0.496305487624,0.736306308332,0.689670667468,59.999999837,59.9999991894
0.861340603244,-0.496713500028,0.86043881834,-0.496259242457,0.736306308332,0.689670667468,59.999999837,59.9999991894
0.861287031433,-0.496671957936,0.86037442665,-0.496212687455,0.736306308332,0.689670667468,59.999999837,59.9999991894
0.861233181356,-0.496630128555,0.86030969144,-0.496165822251,0.736306308332,0.689670667468,59.999999837,59.9999991894
0.861179053507,-0.496588011435,0.860244613194,-0.496118646489,0.736306308332,0.689670667468,59.999999837,59.9999991894
0.861124648369,-0.496545606142,0.860179192394,-0.496071159813,0.736306308332,0.689670667468,59.999999837,59.9999991894
0.861069966431,-0.496502912247,0.860113429524,-0.49602336187,0.736306308332,0.689670667468,59.999999837,59.9999991894
0.861015008177,-0.496459929316,0.860047325077,-0.495975252296,0.736306308332,0.689670667468,59.999999837,59.9999991894
0.860959774094,-0.496416656922,0.85998087955,-0.495926830717,0.736306308332,0.689670667468,59.999999837,59.9999991894
0.860904264679,-0.496373094623,0.859914093435,-0.495878096775,0.736306308332,0.689670667468,59.999999837,59.9999991894
0.860848480431,-0.496329241968,0.85984696722,-0.495829050121,0.736306308332,0.689670667468,59.999999837,59.9999991894
0.860792421847,-0.49628509852,0.859779501394,-0.495779690405,0.736306308332,0.689670667468,59.999999837,59.9999991894
0.860736089418,-0.496240663851,0.859711696448,-0.495730017279,0.736306308332,0.689670667468,59.999999837,59.9999991894
0.860679483635,-0.496195937536,0.859643552883,-0.495680030374,0.736306308332,0.689670667468,59.999999837,59.9999991894
0.860622604988,-0.496150919152,0.859575071205,-0.495629729325,0.736306308332,0.689670667468,59.999999837,59.9999991894
0.86056545397,-0.496105608274,0.859506251905,-0.495579113785,0.736306308332,0.689670667468,59.999999837,59.9999991894
0.860508031088,-0.496060004458,0.859437095478,-0.495528183411,0.736306308332,0.689670667468,59.999999837,59.9999991894
0.860450336849,-0.496014107257,0.859367602419,-0.495476937859,0.736306308332,0.689670667468,59.999999837,59.9999991894
0.860392371748,-0.495967916252,0.859297773231,-0.495425376775,0.736306308332,0.689670667468,59.999999837,59.9999991894
0.86033413628,-0.495921431022,0.859227608423,-0.495373499795,0.736306308332,0.689670667468,59.999999837,59.9999991894
0.86027563094,-0.495874651149,0.859157108497,-0.49532130657,0.736306308332,0.689670667468,59.999999837,59.9999991894
0.860216856226,-0.495827576216,0.859086273954,-0.495268796761,0.736306308332,0.689670667468,59.999999837,59.9999991894
0.860157812645,-0.495780205788,0.859015105291,-0.495215970029,0.736306308332,0.689670667468,59.999999837,59.9999991894
0.860098500708,-0.495732539425,0.858943603015,-0.495162826029,0.736306308332,0.689670667468,59.999999837,59.9999991894
0.860038920918,-0.495684576706,0.858871767638,-0.495109364404,0.736306308332,0.689670667468,59.999999837,59.9999991894
0.859979073776,-0.495636317215,0.858799599673,-0.495055584802,0.736306308332,0.689670667468,59.999999837,59.9999991894
0.859918959781,-0.495587760541,0.858727099623,-0.495001486887,0.736306308332,0.689670667468,59.999999837,59.9999991894
0.859858579434,-0.495538906271,0.858654267993,-0.494947070327,0.736306308332,0.689670667468,59.999999837,59.9999991894
0.859797933244,-0.49548975398,0.85858110529,-0.494892334785,0.736306308332,0.689670667468,59.999999837,59.9999991894
0.85973702173,-0.495440303231,0.858507612032,-0.494837279908,0.736306308332,0.689670667468,59.999999837,59.9999991894
0.859675845399,-0.495390553607,0.85843378874,-0.494781905344,0.736306308332,0.689670667468,59.999999837,59.9999991894
0.859614404756,-0.495340504698,0.85835963592,-0.494726210763,0.736306308332,0.689670667468,59.999999837,59.9999991894
0.859552700303,-0.495290156098,0.858285154083,-0.494670195837,0.736306308332,0.689670667468,59.999999837,59.9999991894
0.859490732547,-0.495239507401,0.858210343739,-0.494613860234,0.736306308332,0.689670667468,59.999999837,59.9999991894
0.859428502003,-0.495188558183,0.858135205413,-0.494557203606,0.736306308332,0.689670667468,59.999999837,59.9999991894
0.859366009192,-0.495137308014,0.858059739629,-0.494500225605,0.736306308332,0.689670667468,59.999999837,59.9999991894
0.859303254625,-0.495085756484,0.8579839469,-0.494442925906,0.736306308332,0.689670667468,59.999999837,59.9999991894
0.859240238811,-0.495033903189,0.85790782774,-0.494385304184,0.736306308332,0.689670667468,59.999999837,59.9999991894
0.859176962258,-0.494981747729,0.857831382666,-0.494327360112,0.736306308332,0.689670667468,59.999999837,59.9999991894
0.859113425475,-0.494929289703,0.857754612207,-0.494269093345,0.736306308332,0.689670667468,59.999999837,59.9999991894
0.859049628984,-0.494876528686,0.857677516891,-0.494210503541,0.736306308332,0.689670667468,59.999999837,59.9999991894
0.858985573313,-0.494823464255,0.857600097235,-0.494151590381,0.736306308332,0.689670667468,59.999999837,59.9999991894
0.858921258972,-0.49477009601,0.857522353758,-0.494092353545,0.736306308332,0.689670667468,59.999999837,59.9999991894
0.858856686475,-0.494716423554,0.857444286985,-0.494032792705,0.736306308332,0.689670667468,59.999999837,59.9999991894
0.858791856331,-0.494662446491,0.85736589745,-0.49397290752,0.736306308332,0.689670667468,59.999999837,59.9999991894
0.858726769061,-0.494608164419,0.857287185682,-0.493912697659,0.736306308332,0.689670667468,59.999999837,59.9999991894
0.858661425192,-0.494553576917,0.857208152203,-0.493852162807,0.736306308332,0.689670667468,59.999999837,59.9999991894
0.85859582525,-0.494498683574,0.857128797537,-0.493791302648,0.736306308332,0.689670667468,59.999999837,59.9999991894
0.858529969749,-0.494443483999,0.857049122218,-0.493730116852,0.736306308332,0.689670667468,59.999999837,59.9999991894
0.858463859204,-0.4943879778,0.856969126782,-0.493668605083,0.736306308332,0.689670667468,59.999999837,59.9999991894
0.858397494133,-0.494332164588,0.856888811763,-0.493606767021,0.736306308332,0.689670667468,59.999999837,59.9999991894
0.858330875065,-0.494276043951,0.856808177684,-0.493544602356,0.736306308332,0.689670667468,59.999999837,59.9999991894
0.858264002533,-0.494219615474,0.856727225076,-0.493482110775,0.736306308332,0.689670667468,59.999999837,59.9999991894
0.858196877057,-0.494162878765,0.856645954482,-0.493419291946,0.736306308332,0.689670667468,59.999999837,59.9999991894
0.858129499158,-0.49410583344,0.856564366442,-0.493356145537,0.736306308332,0.689670667468,59.999999837,59.9999991894
0.858061869352,-0.494048479113,0.856482461488,-0.493292671243,0.736306308332,0.689670667468,59.999999837,59.9999991894
0.85799398817,-0.493990815387,0.856400240151,-0.493228868756,0.736306308332,0.689670667468,59.999999837,59.9999991894
0.857925856147,-0.49393284185,0.856317702971,-0.493164737759,0.736306308332,0.689670667468,59.999999837,59.9999991894
0.857857473812,-0.493874558108,0.856234850495,-0.493100277922,0.736306308332,0.689670667468,59.999999837,59.9999991894
0.857788841688,-0.493815963778,0.856151683264,-0.493035488931,0.736306308332,0.689670667468,59.999999837,59.9999991894
0.857719960296,-0.493757058482,0.856068201811,-0.492970370485,0.736306308332,0.689670667468,59.999999837,59.9999991894
0.857650830164,-0.493697841833,0.855984406674,-0.492904922278,0.736306308332,0.689670667468,59.999999837,59.9999991894
0.857581451832,-0.493638313423,0.855900298405,-0.492839143986,0.736306308332,0.689670667468,59.999999837,59.9999991894
0.857511825836,-0.493578472857,0.855815877552,-0.492773035288,0.736306308332,0.689670667468,59.999999837,59.9999991894
0.857441952702,-0.493518319758,0.855731144656,-0.492706595886,0.736306308332,0.689670667468,59.999999837,59.9999991894
0.857371832953,-0.493457853751,0.855646100253,-0.492639825482,0.736306308332,0.689670667468,59.999999837,59.9999991894
0.85730146712,-0.493397074458,0.855560744896,-0.49257272376,0.736306308332,0.689670667468,59.999999837,59.9999991894
0.857230855744,-0.493335981476,0.855475079141,-0.492505290399,0.736306308332,0.689670667468,59.999999837,59.9999991894
0.857159999368,-0.49327457441,0.855389103531,-0.492437525101,0.736306308332,0.689670667468,59.999999837,59.9999991894
0.85708889852,-0.493212852889,0.85530281861,-0.49236942757,0.736306308332,0.689670667468,59.999999837,59.9999991894
0.857017553726,-0.493150816544,0.855216224929,-0.492300997503,0.736306308332,0.689670667468,59.999999837,59.9999991894
0.85694596552,-0.493088465,0.855129323046,-0.492232234582,0.736306308332,0.689670667468,59.999999837,59.9999991894
0.856874134446,-0.493025797861,0.855042113513,-0.492163138504,0.736306308332,0.689670667468,59.999999837,59.9999991894
0.856802061051,-0.492962814734,0.854954596878,-0.492093708979,0.736306308332,0.689670667468,59.999999837,59.9999991894
0.856729745864,-0.492899515254,0.85486677369,-0.492023945712,0.736306308332,0.689670667468,59.999999837,59.9999991894
0.856657189417,-0.492835899057,0.854778644514,-0.491953848388,0.736306308332,0.689670667468,59.999999837,59.9999991894
0.856584392245,-0.492771965771,0.854690209906,-0.491883416703,0.736306308332,0.689670667468,59.999999837,59.9999991894
0.856511354899,-0.492707715003,0.854601470418,-0.491812650372,0.736306308332,0.689670667468,59.999999837,59.9999991894
0.856438077923,-0.492643146369,0.854512426601,-0.491741549107,0.736306308332,0.689670667468,59.999999837,59.9999991894
0.856364561852,-0.492578259509,0.854423079022,-0.491670112596,0.736306308332,0.689670667468,59.999999837,59.9999991894
0.85629080722,-0.492513054062,0.854333428244,-0.491598340536,0.736306308332,0.689670667468,59.999999837,59.9999991894
0.856216814568,-0.492447529658,0.854243474822,-0.491526232645,0.736306308332,0.689670667468,59.999999837,59.9999991894
0.856142584449,-0.492381685907,0.854153219309,-0.49145378864,0.736306308332,0.689670667468,59.999999837,59.9999991894
0.85606811741,-0.492315522436,0.854062662274,-0.491381008215,0.736306308332,0.689670667468,59.999999837,59.9999991894
0.855993413985,-0.492249038889,0.853971804289,-0.491307891067,0.736306308332,0.689670667468,59.999999837,59.9999991894
0.855918474713,-0.492182234913,0.853880645907,-0.491234436919,0.736306308332,0.689670667468,59.999999837,59.9999991894
0.855843300141,-0.492115110131,0.853789187687,-0.491160645492,0.736306308332,0.689670667468,59.999999837,59.9999991894
0.855767890827,-0.49204766416,0.853697430202,-0.491086516484,0.736306308332,0.689670667468,59.999999837,59.9999991894
0.855692247314,-0.491979896639,0.853605374024,-0.491012049594,0.736306308332,0.689670667468,59.999999837,59.9999991894
0.85561637014,-0.491911807218,0.853513019714,-0.490937244549,0.736306308332,0.689670667468,59.999999837,59.9999991894
0.855540259846,-0.491843395546,0.853420367831,-0.490862101075,0.736306308332,0.689670667468,59.999999837,59.9999991894
0.85546391699,-0.491774661244,0.853327418954,-0.49078661887,0.736306308332,0.689670667468,59.999999837,59.9999991894
0.85538734213,-0.491705603933,0.853234173658,-0.490710797642,0.736306308332,0.689670667468,59.999999837,59.9999991894
0.855310535807,-0.491636223267,0.853140632504,-0.49063463712,0.736306308332,0.689670667468,59.999999837,59.9999991894
0.855233498561,-0.491566518901,0.853046796059,-0.49055813703,0.736306308332,0.689670667468,59.999999837,59.9999991894
0.855156230945,-0.491496490477,0.852952664904,-0.490481297077,0.736306308332,0.689670667468,59.999999837,59.9999991894
0.855078733517,-0.491426137618,0.852858239615,-0.490404116971,0.736306308332,0.689670667468,59.999999837,59.9999991894
0.855001006832,-0.491355459966,0.852763520757,-0.49032659645,0.736306308332,0.689670667468,59.999999837,59.9999991894
0.854923051433,-0.491284457179,0.852668508903,-0.490248735236,0.736306308332,0.689670667468,59.999999837,59.9999991894
0.854844867863,-0.491213128917,0.852573204637,-0.490170533037,0.736306308332,0.689670667468,59.999999837,59.9999991894
0.854766456686,-0.491141474811,0.852477608536,-0.490091989575,0.736306308332,0.689670667468,59.999999837,59.9999991894
0.854687818464,-0.49106949449,0.852381721167,-0.490013104589,0.736306308332,0.689670667468,59.999999837,59.9999991894
0.854608953745,-0.490997187614,0.852285543111,-0.4899338778,0.736306308332,0.689670667468,59.999999837,59.9999991894
0.854529863073,-0.49092455385,0.852189074954,-0.489854308921,0.736306308332,0.689670667468,59.999999837,59.9999991894
0.854450547006,-0.490851592844,0.852092317274,-0.489774397681,0.736306308332,0.689670667468,59.999999837,59.9999991894
0.854371006109,-0.490778304229,0.85199527064,-0.489694143824,0.736306308332,0.689670667468,59.999999837,59.9999991894
0.854291240938,-0.490704687658,0.851897935641,-0.489613547069,0.736306308332,0.689670667468,59.999999837,59.9999991894
0.854211252043,-0.490630742799,0.851800312867,-0.48953260713,0.736306308332,0.689670667468,59.999999837,59.9999991894
0.854131039972,-0.490556469315,0.851702402892,-0.48945132375,0.736306308332,0.689670667468,59.999999837,59.9999991894
0.854050605296,-0.490481866845,0.851604206295,-0.489369696672,0.736306308332,0.689670667468,59.999999837,59.9999991894
0.853969948579,-0.49040693503,0.851505723667,-0.489287725612,0.736306308332,0.689670667468,59.999999837,59.9999991894
0.853889070371,-0.490331673543,0.851406955599,-0.489205410295,0.736306308332,0.689670667468,59.999999837,59.9999991894
0.853807971222,-0.490256082059,0.851307902667,-0.489122750472,0.736306308332,0.689670667468,59.999999837,59.9999991894
0.853726651699,-0.490180160223,0.851208565458,-0.489039745878,0.736306308332,0.689670667468,59.999999837,59.9999991894
0.853645112374,-0.490103907676,0.851108944566,-0.488956396235,0.736306308332,0.689670667468,59.999999837,59.9999991894
0.8535633538,-0.490027324091,0.85100904058,-0.488872701281,0.736306308332,0.689670667468,59.999999837,59.9999991894
0.85348137653,-0.489950409145,0.850908854079,-0.488788660772,0.736306308332,0.689670667468,59.999999837,59.9999991894
0.853399181127,-0.489873162497,0.850808385658,-0.488704274433,0.736306308332,0.689670667468,59.999999837,59.9999991894
0.853316768165,-0.489795583792,0.850707635916,-0.488619541991,0.736306308332,0.689670667468,59.999999837,59.9999991894
0.853234138205,-0.489717672697,0.850606605437,-0.4885344632,0.736306308332,0.689670667468,59.999999837,59.9999991894
0.8531512918,-0.489639428895,0.850505294809,-0.488449037808,0.736306308332,0.689670667468,59.999999837,59.9999991894
0.853068229513,-0.489560852054,0.850403704633,-0.488363265544,0.736306308332,0.689670667468,59.999999837,59.9999991894
0.852984951919,-0.489481941824,0.850301835504,-0.488277146147,0.736306308332,0.689670667468,59.999999837,59.9999991894
0.852901459584,-0.489402697868,0.850199688007,-0.488190679379,0.736306308332,0.689670667468,59.999999837,59.9999991894
0.852817753064,-0.489323119875,0.850097262742,-0.488103864977,0.736306308332,0.689670667468,59.999999837,59.9999991894
0.85273383292,-0.489243207522,0.849994560312,-0.488016702673,0.736306308332,0.689670667468,59.999999837,59.9999991894
0.852649699729,-0.489162960461,0.849891581307,-0.487929192226,0.736306308332,0.689670667468,59.999999837,59.9999991894
0.852565354063,-0.489082378356,0.849788326322,-0.48784133339,0.736306308332,0.689670667468,59.999999837,59.9999991894
0.852480796478,-0.489001460899,0.849684795961,-0.487753125902,0.736306308332,0.689670667468,59.999999837,59.9999991894
0.852396027536,-0.488920207775,0.849580990825,-0.487664569506,0.736306308332,0.689670667468,59.999999837,59.9999991894
0.852311047815,-0.488838618639,0.849476911505,-0.487575663973,0.736306308332,0.689670667468,59.999999837,59.9999991894
0.852225857891,-0.488756693158,0.849372558606,-0.487486409043,0.736306308332,0.689670667468,59.999999837,59.9999991894
0.852140458323,-0.488674431026,0.849267932737,-0.487396804455,0.736306308332,0.689670667468,59.999999837,59.9999991894
0.852054849671,-0.488591831934,0.849163034492,-0.487306849977,0.736306308332,0.689670667468,59.999999837,59.9999991894
0.851969032518,-0.488508895541,0.849057864471,-0.487216545367,0.736306308332,0.689670667468,59.999999837,59.9999991894
0.85188300744,-0.488425621517,0.848952423286,-0.487125890366,0.736306308332,0.689670667468,59.999999837,59.9999991894
0.851796774998,-0.488342009561,0.84884671154,-0.487034884733,0.736306308332,0.689670667468,59.999999837,59.9999991894
0.851710335756,-0.488258059365,0.848740729829,-0.486943528239,0.736306308332,0.689670667468,59.999999837,59.9999991894
0.851623690296,-0.488173770596,0.848634478766,-0.48685182063,0.736306308332,0.689670667468,59.999999837,59.9999991894
0.851536839197,-0.488089142926,0.848527958964,-0.486759761653,0.736306308332,0.689670667468,59.999999837,59.9999991894
0.85144978302,-0.488004176057,0.848421171018,-0.486667351088,0.736306308332,0.689670667468,59.999999837,59.9999991894
0.851362522334,-0.487918869686,0.84831411554,-0.48657458869,0.736306308332,0.689670667468,59.999999837,59.9999991894
0.851275057722,-0.487833223482,0.848206793146,-0.486481474208,0.736306308332,0.689670667468,59.999999837,59.9999991894
0.851187389763,-0.487747237124,0.848099204438,-0.486388007414,0.736306308332,0.689670667468,59.999999837,59.9999991894
0.85109951902,-0.487660910318,0.847991350023,-0.486294188078,0.736306308332,0.689670667468,59.999999837,59.9999991894
0.851011446065,-0.487574242762,0.84788323052,-0.486200015952,0.736306308332,0.689670667468,59.999999837,59.9999991894
0.850923171482,-0.487487234128,0.84777484654,-0.4861054908,0.736306308332,0.689670667468,59.999999837,59.9999991894
0.850834695851,-0.487399884103,0.847666198685,-0.486010612405,0.736306308332,0.689670667468,59.999999837,59.9999991894
0.850746019737,-0.487312192399,0.847557287577,-0.48591538052,0.736306308332,0.689670667468,59.999999837,59.9999991894
0.850657143714,-0.48722415871,0.847448113833,-0.485819794905,0.736306308332,0.689670667468,59.999999837,59.9999991894
0.85056806837,-0.487135782714,0.847338678057,-0.48572385535,0.736306308332,0.689670667468,59.999999837,59.9999991894
0.850478794282,-0.487047064106,0.847228980868,-0.485627561614,0.736306308332,0.689670667468,59.999999837,59.9999991894
0.850389322016,-0.486958002604,0.847119022889,-0.485530913456,0.736306308332,0.689670667468,59.999999837,59.9999991894
0.850299652153,-0.486868597899,0.847008804728,-0.485433910664,0.736306308332,0.689670667468,59.999999837,59.9999991894
0.850209785283,-0.486778849671,0.846898327001,-0.485336553009,0.736306308332,0.689670667468,59.999999837,59.9999991894
0.850119721979,-0.486688757628,0.846787590335,-0.485238840252,0.736306308332,0.689670667468,59.999999837,59.9999991894
0.850029462808,-0.486598321492,0.846676595341,-0.485140772177,0.736306308332,0.689670667468,59.999999837,59.9999991894
0.849939008358,-0.48650754095,0.846565342637,-0.485042348563,0.736306308332,0.689670667468,59.999999837,59.9999991894
0.849848359221,-0.486416415685,0.846453832848,-0.484943569176,0.736306308332,0.689670667468,59.999999837,59.9999991894
0.849757515966,-0.486324945419,0.846342066594,-0.484844433795,0.736306308332,0.689670667468,59.999999837,59.9999991894
0.849666479165,-0.486233129869,0.846230044489,-0.48474494221,0.736306308332,0.689670667468,59.999999837,59.9999991894
0.849575249411,-0.486140968725,0.846117767162,-0.484645094186,0.736306308332,0.689670667468,59.999999837,59.9999991894
0.849483827291,-0.48604846168,0.846005235237,-0.484544889502,0.736306308332,0.689670667468,59.999999837,59.9999991894
0.849392213374,-0.485955608466,0.845892449327,-0.484444327955,0.736306308332,0.689670667468,59.999999837,59.9999991894
0.849300408241,-0.48586240879,0.845779410063,-0.484343409314,0.736306308332,0.689670667468,59.999999837,59.9999991894
0.849208412486,-0.485768862346,0.845666118074,-0.484242133356,0.736306308332,0.689670667468,59.999999837,59.9999991894
0.84911622669,-0.485674968845,0.845552573973,-0.484140499883,0.736306308332,0.689670667468,59.999999837,59.9999991894
0.849023851423,-0.48558072802,0.845438778392,-0.484038508668,0.736306308332,0.689670667468,59.999999837,59.9999991894
0.848931287277,-0.485486139573,0.845324731964,-0.483936159487,0.736306308332,0.689670667468,59.999999837,59.9999991894
0.848838534845,-0.485391203198,0.845210435304,-0.483833452148,0.736306308332,0.689670667468,59.999999837,59.9999991894
0.848745594703,-0.485295918626,0.845095889044,-0.483730386427,0.736306308332,0.689670667468,59.999999837,59.9999991894
0.848652467428,-0.485200285586,0.84498109382,-0.483626962101,0.736306308332,0.689670667468,59.999999837,59.9999991894
0.848559153614,-0.485104303776,0.844866050248,-0.483523178981,0.736306308332,0.689670667468,59.999999837,59.9999991894
0.848465653852,-0.485007972905,0.844750758964,-0.483419036847,0.736306308332,0.689670667468,59.999999837,59.9999991894
0.848371968715,-0.484911292713,0.844635220603,-0.483314535479,0.736306308332,0.689670667468,59.999999837,59.9999991894
0.848278098791,-0.484814262918,0.844519435786,-0.483209674689,0.736306308332,0.689670667468,59.999999837,59.9999991894
0.848184044676,-0.484716883221,0.844403405147,-0.483104454262,0.736306308332,0.689670667468,59.999999837,59.9999991894
0.848089806951,-0.484619153352,0.844287129327,-0.48299887398,0.736306308332,0.689670667468,59.999999837,59.9999991894
0.847995386194,-0.484521073053,0.844170608945,-0.482892933657,0.736306308332,0.689670667468,59.999999837,59.9999991894
0.847900783001,-0.484422642029,0.84405384464,-0.482786633082,0.736306308332,0.689670667468,59.999999837,59.9999991894
0.847805997967,-0.484323859992,0.843936837052,-0.48267997204,0.736306308332,0.689670667468,59.999999837,59.9999991894
0.847711031668,-0.484224726689,0.843819586805,-0.482572950346,0.736306308332,0.689670667468,59.999999837,59.9999991894
0.847615884692,-0.484125241847,0.843702094537,-0.482465567794,0.736306308332,0.689670667468,59.999999837,59.9999991894
0.847520557636,-0.484025405176,0.843584360891,-0.482357824169,0.736306308332,0.689670667468,59.999999837,59.9999991894
0.847425051087,-0.483925216409,0.843466386492,-0.482249719293,0.736306308332,0.689670667468,59.999999837,59.9999991894
0.847329365622,-0.483824675298,0.843348171981,-0.482141252958,0.736306308332,0.689670667468,59.999999837,59.9999991894
0.84723350184,-0.483723781554,0.843229718002,-0.482032424955,0.736306308332,0.689670667468,59.999999837,59.9999991894
0.847137460339,-0.483622534895,0.843111025182,-0.481923235109,0.736306308332,0.689670667468,59.999999837,59.9999991894
0.847041241695,-0.483520935077,0.842992094163,-0.481813683213,0.736306308332,0.689670667468,59.999999837,59.9999991894
0.8469448465,-0.483418981832,0.842872925593,-0.481703769062,0.736306308332,0.689670667468,59.999999837,59.9999991894
0.846848275354,-0.483316674877,0.842753520097,-0.481593492483,0.736306308332,0.689670667468,59.999999837,59.9999991894
0.846751528842,-0.483214013956,0.842633878322,-0.481482853273,0.736306308332,0.689670667468,59.999999837,59.9999991894
0.846654607548,-0.483110998821,0.842514000916,-0.481371851227,0.736306308332,0.689670667468,59.999999837,59.9999991894
0.846557512071,-0.483007629193,0.842393888508,-0.481260486178,0.736306308332,0.689670667468,59.999999837,59.9999991894
0.846460243009,-0.482903904801,0.842273541746,-0.481148757922,0.736306308332,0.689670667468,59.999999837,59.9999991894
0.846362800939,-0.482799825408,0.842152961277,-0.481036666263,0.736306308332,0.689670667468,59.999999837,59.9999991894
0.846265186459,-0.482695390747,0.842032147733,-0.48092421103,0.736306308332,0.689670667468,59.999999837,59.9999991894
0.846167400171,-0.482590600543,0.841911101765,-0.480811392025,0.736306308332,0.689670667468,59.999999837,59.9999991894
0.846069442658,-0.482485454553,0.841789824019,-0.480698209058,0.736306308332,0.689670667468,59.999999837,59.9999991894
0.845971314508,-0.48237995253,0.841668315131,-0.480584661957,0.736306308332,0.689670667468,59.999999837,59.9999991894
0.845873016325,-0.482274094199,0.841546575754,-0.480470750526,0.736306308332,0.689670667468,59.999999837,59.9999991894
0.845774548702,-0.482167879307,0.841424606532,-0.480356474583,0.736306308332,0.689670667468,59.999999837,59.9999991894
0.84567591222,-0.482061307624,0.841302408107,-0.480241833953,0.736306308332,0.689670667468,59.999999837,59.9999991894
0.845577107481,-0.48195437888,0.841179981132,-0.480126828444,0.736306308332,0.689670667468,59.999999837,59.9999991894
0.845478135089,-0.481847092808,0.84105732625,-0.480011457882,0.736306308332,0.689670667468,59.999999837,59.9999991894
0.845378995623,-0.481739449183,0.840934444108,-0.479895722089,0.736306308332,0.689670667468,59.999999837,59.9999991894
0.845279689682,-0.481631447752,0.840811335361,-0.479779620875,0.736306308332,0.689670667468,59.999999837,59.9999991894
0.845180217869,-0.481523088248,0.840688000649,-0.479663154077,0.736306308332,0.689670667468,59.999999837,59.9999991894
0.845080580771,-0.481414370438,0.840564440624,-0.479546321512,0.736306308332,0.689670667468,59.999999837,59.9999991894
0.844980778979,-0.481305294084,0.840440655943,-0.479429122994,0.736306308332,0.689670667468,59.999999837,59.9999991894
0.844880813098,-0.481195858924,0.840316647246,-0.479311558367,0.736306308332,0.689670667468,59.999999837,59.9999991894
0.844780683724,-0.481086064714,0.840192415188,-0.479193627445,0.736306308332,0.689670667468,59.999999837,59.9999991894
0.84468039144,-0.480975911231,0.840067960427,-0.479075330047,0.736306308332,0.689670667468,59.999999837,59.9999991894
0.844579936852,-0.480865398216,0.839943283604,-0.478956666019,0.736306308332,0.689670667468,59.999999837,59.9999991894
0.844479320563,-0.480754525417,0.839818385379,-0.478837635177,0.736306308332,0.689670667468,59.999999837,59.9999991894
0.844378543153,-0.480643292621,0.839693266404,-0.478718237352,0.736306308332,0.689670667468,59.999999837,59.9999991894
0.844277605227,-0.480531699577,0.839567927327,-0.478598472381,0.736306308332,0.689670667468,59.999999837,59.9999991894
0.84417650739,-0.480419746028,0.839442368809,-0.478478340087,0.736306308332,0.689670667468,59.999999837,59.9999991894
0.844075250227,-0.48030743176,0.839316591499,-0.478357840312,0.736306308332,0.689670667468,59.999999837,59.9999991894
0.843973834337,-0.480194756536,0.839190596052,-0.478236972886,0.736306308332,0.689670667468,59.999999837,59.9999991894
0.843872260326,-0.480081720103,0.839064383129,-0.478115737634,0.736306308332,0.689670667468,59.999999837,59.9999991894
0.843770528785,-0.47996832224,0.838937953377,-0.477994134409,0.736306308332,0.689670667468,59.999999837,59.9999991894
0.843668640307,-0.47985456272,0.838811307457,-0.477872163038,0.736306308332,0.689670667468,59.999999837,59.9999991894
0.843566595501,-0.479740441295,0.83868444603,-0.477749823348,0.736306308332,0.689670667468,59.999999837,59.9999991894
0.84346439496,-0.479625957738,0.838557369746,-0.477627115194,0.736306308332,0.689670667468,59.999999837,59.9999991894
0.843362039277,-0.479511111834,0.838430079267,-0.477504038405,0.736306308332,0.689670667468,59.999999837,59.9999991894
0.843259529057,-0.479395903338,0.838302575249,-0.477380592824,0.736306308332,0.689670667468,59.999999837,59.9999991894
0.843156864902,-0.479280332017,0.83817485835,-0.477256778296,0.736306308332,0.689670667468,59.999999837,59.9999991894
0.843054047398,-0.479164397667,0.838046929233,-0.477132594653,0.736306308332,0.689670667468,59.999999837,59.9999991894
0.842951077153,-0.479048100046,0.837918788549,-0.477008041753,0.736306308332,0.689670667468,59.999999837,59.9999991894
0.842847954773,-0.478931438917,0.837790436963,-0.476883119432,0.736306308332,0.689670667468,59.999999837,59.9999991894
0.84274468084,-0.478814414086,0.837661875141,-0.476757827524,0.736306308332,0.689670667468,59.999999837,59.9999991894
0.842641255962,-0.478697025314,0.837533103735,-0.476632165892,0.736306308332,0.689670667468,59.999999837,59.9999991894
0.842537680749,-0.478579272363,0.83740412341,-0.476506134372,0.736306308332,0.689670667468,59.999999837,59.9999991894
0.842433955784,-0.478461155039,0.837274934828,-0.476379732815,0.736306308332,0.689670667468,59.999999837,59.9999991894
0.842330081672,-0.478342673113,0.837145538648,-0.476252961073,0.736306308332,0.689670667468,59.999999837,59.9999991894
0.842226059023,-0.47822382635,0.837015935538,-0.476125818986,0.736306308332,0.689670667468,59.999999837,59.9999991894
0.842121888424,-0.478104614555,0.836886126151,-0.47599830642,0.736306308332,0.689670667468,59.999999837,59.9999991894
0.842017570478,-0.477985037505,0.836756111157,-0.475870423218,0.736306308332,0.689670667468,59.999999837,59.9999991894
0.841913105794,-0.47786509497,0.836625891224,-0.475742169223,0.736306308332,0.689670667468,59.999999837,59.9999991894
0.841808494962,-0.477744786751,0.836495467008,-0.475613544303,0.736306308332,0.689670667468,59.999999837,59.9999991894
0.841703738584,-0.477624112636,0.836364839179,-0.475484548303,0.736306308332,0.689670667468,59.999999837,59.9999991894
0.841598837269,-0.477503072394,0.836234008398,-0.475355181084,0.736306308332,0.689670667468,59.999999837,59.9999991894
0.84149379161,-0.477381665829,0.83610297533,-0.475225442504,0.736306308332,0.689670667468,59.999999837,59.9999991894
0.841388602206,-0.477259892732,0.835971740647,-0.475095332408,0.736306308332,0.689670667468,59.999999837,59.9999991894
0.841283269667,-0.477137752878,0.835840305006,-0.47496485067,0.736306308332,0.689670667468,59.999999837,59.9999991894
0.841177794587,-0.47701524607,0.835708669079,-0.47483399714,0.736306308332,0.689670667468,59.999999837,59.9999991894
0.841072177566,-0.476892372105,0.835576833534,-0.474702771677,0.736306308332,0.689670667468,59.999999837,59.9999991894
0.840966419213,-0.476769130761,0.835444799033,-0.474571174148,0.736306308332,0.689670667468,59.999999837,59.9999991894
0.840860520124,-0.476645521841,0.83531256625,-0.474439204407,0.736306308332,0.689670667468,59.999999837,59.9999991894
0.840754480897,-0.476521545148,0.835180135845,-0.474306862329,0.736306308332,0.689670667468,59.999999837,59.9999991894
0.840648302142,-0.476397200462,0.83504750849,-0.474174147771,0.736306308332,0.689670667468,59.999999837,59.9999991894
0.840541984456,-0.47627248759,0.834914684859,-0.47404106059,0.736306308332,0.689670667468,59.999999837,59.9999991894
0.840435528436,-0.476147406337,0.834781665615,-0.473907600664,0.736306308332,0.689670667468,59.999999837,59.9999991894
0.840328934694,-0.476021956486,0.83464845143,-0.47377376785,0.736306308332,0.689670667468,59.999999837,59.9999991894
0.840222203826,-0.475896137848,0.834515042969,-0.473639562029,0.736306308332,0.689670667468,59.999999837,59.9999991894
0.84011533643,-0.475769950231,0.834381440905,-0.473504983061,0.736306308332,0.689670667468,59.999999837,59.9999991894
0.840008333117,-0.475643393421,0.834247645915,-0.473370030808,0.736306308332,0.689670667468,59.999999837,59.9999991894
0.839901194483,-0.475516467232,0.83411365866,-0.473234705153,0.736306308332,0.689670667468,59.999999837,59.9999991894
0.839793921128,-0.475389171474,0.833979479818,-0.473099005959,0.736306308332,0.689670667468,59.999999837,59.9999991894
0.839686513662,-0.475261505937,0.833845110054,-0.472962933109,0.736306308332,0.689670667468,59.999999837,59.9999991894
0.839578972681,-0.47513347044,0.833710550043,-0.47282648647,0.736306308332,0.689670667468,59.999999837,59.9999991894
0.839471298785,-0.475005064793,0.833575800463,-0.472689665909,0.736306308332,0.689670667468,59.999999837,59.9999991894
0.839363492586,-0.474876288789,0.833440861977,-0.472552471314,0.736306308332,0.689670667468,59.999999837,59.9999991894
0.839255554677,-0.474747142254,0.833305735264,-0.472414902552,0.736306308332,0.689670667468,59.999999837,59.9999991894
0.83914748566,-0.474617624997,0.833170420992,-0.472276959509,0.736306308332,0.689670667468,59.999999837,59.9999991894
0.839039286147,-0.474487736816,0.833034919836,-0.47213864206,0.736306308332,0.689670667468,59.999999837,59.9999991894
0.83893095673,-0.47435747754,0.832899232476,-0.471999950075,0.736306308332,0.689670667468,59.999999837,59.9999991894
0.838822498014,-0.474226846981,0.832763359579,-0.471860883446,0.736306308332,0.689670667468,59.999999837,59.9999991894
0.838713910609,-0.474095844939,0.832627301823,-0.471721442046,0.736306308332,0.689670667468,59.999999837,59.9999991894
0.838605195105,-0.473964471249,0.832491059877,-0.471581625768,0.736306308332,0.689670667468,59.999999837,59.9999991894
0.83849635211,-0.473832725723,0.832354634421,-0.471441434488,0.736306308332,0.689670667468,59.999999837,59.9999991894
0.838387382234,-0.473700608164,0.832218026132,-0.471300868082,0.736306308332,0.689670667468,59.999999837,59.9999991894
0.838278286065,-0.473568118415,0.832081235682,-0.471159926446,0.736306308332,0.689670667468,59.999999837,59.9999991894
0.838169064212,-0.473435256286,0.831944263749,-0.471018609459,0.736306308332,0.689670667468,59.999999837,59.9999991894
0.838059717286,-0.473302021581,0.831807111004,-0.470876917019,0.736306308332,0.689670667468,59.999999837,59.9999991894
0.837950245875,-0.473168414152,0.831669778127,-0.470734849005,0.736306308332,0.689670667468,59.999999837,59.9999991894
0.837840650588,-0.473034433807,0.831532265799,-0.470592405302,0.736306308332,0.689670667468,59.999999837,59.9999991894
0.837730932035,-0.472900080359,0.83139457469,-0.470449585807,0.736306308332,0.689670667468,59.999999837,59.9999991894
0.837621090804,-0.472765353657,0.831256705483,-0.470306390403,0.736306308332,0.689670667468,59.999999837,59.9999991894
0.837511127507,-0.472630253513,0.831118658849,-0.470162818993,0.736306308332,0.689670667468,59.999999837,59.9999991894
0.837401042747,-0.472494779749,0.83098043547,-0.470018871462,0.736306308332,0.689670667468,59.999999837,59.9999991894
0.837290837117,-0.472358932212,0.830842036023,-0.469874547705,0.736306308332,0.689670667468,59.999999837,59.9999991894
0.837180511229,-0.472222710716,0.830703461186,-0.469729847617,0.736306308332,0.689670667468,59.999999837,59.9999991894
0.837070065683,-0.472086115094,0.830564711641,-0.469584771087,0.736306308332,0.689670667468,59.999999837,59.9999991894
0.836959501075,-0.471949145188,0.83042578806,-0.469439318023,0.736306308332,0.689670667468,59.999999837,59.9999991894
0.836848818017,-0.471811800815,0.830286691128,-0.469293488313,0.736306308332,0.689670667468,59.999999837,59.9999991894
0.836738017103,-0.47167408182,0.830147421519,-0.469147281865,0.736306308332,0.689670667468,59.999999837,59.9999991894
0.836627098936,-0.471535988039,0.830007979914,-0.469000698572,0.736306308332,0.689670667468,59.999999837,59.9999991894
0.836516064126,-0.471397519292,0.829868366998,-0.468853738328,0.736306308332,0.689670667468,59.999999837,59.9999991894
0.836404913263,-0.471258675438,0.829728583445,-0.468706401043,0.736306308332,0.689670667468,59.999999837,59.9999991894
0.836293646955,-0.471119456305,0.82958862994,-0.468558686613,0.736306308332,0.689670667468,59.999999837,59.9999991894
0.83618226581,-0.470979861717,0.829448507157,-0.468410594951,0.736306308332,0.689670667468,59.999999837,59.9999991894
0.836070770417,-0.470839891539,0.82930821578,-0.468262125953,0.736306308332,0.689670667468,59.999999837,59.9999991894
0.835959161385,-0.4706995456,0.829167756491,-0.468113279526,0.736306308332,0.689670667468,59.999999837,59.9999991894
0.835847439322,-0.47055882373,0.829027129968,-0.467964055578,0.736306308332,0.689670667468,59.999999837,59.9999991894
0.835735604817,-0.470417725794,0.828886336897,-0.467814454007,0.736306308332,0.689670667468,59.999999837,59.9999991894
0.835623658479,-0.470276251622,0.828745377955,-0.467664474733,0.736306308332,0.689670667468,59.999999837,59.9999991894
0.83551160091,-0.470134401059,0.828604253826,-0.467514117655,0.736306308332,0.689670667468,59.999999837,59.9999991894
0.835399432705,-0.469992173962,0.828462965188,-0.467363382694,0.736306308332,0.689670667468,59.999999837,59.9999991894
0.835287154474,-0.469849570164,0.828321512727,-0.467212269754,0.736306308332,0.689670667468,59.999999837,59.9999991894
0.835174766809,-0.469706589525,0.828179897124,-0.467060778744,0.736306308332,0.689670667468,59.999999837,59.9999991894
0.835062270315,-0.469563231893,0.828038119061,-0.466908909582,0.736306308332,0.689670667468,59.999999837,59.9999991894
0.8349496656,-0.469419497103,0.827896179224,-0.466756662174,0.736306308332,0.689670667468,59.999999837,59.9999991894
0.83483695325,-0.469275385032,0.82775407829,-0.466604036444,0.736306308332,0.689670667468,59.999999837,59.9999991894
0.834724133875,-0.469130895516,0.827611816947,-0.4664510323,0.736306308332,0.689670667468,59.999999837,59.9999991894
0.834611208082,-0.4689860284,0.827469395873,-0.466297649669,0.736306308332,0.689670667468,59.999999837,59.9999991894
0.834498176459,-0.468840783558,0.827326815753,-0.46614388846,0.736306308332,0.689670667468,59.999999837,59.9999991894
0.834385039614,-0.468695160831,0.827184077273,-0.465989748592,0.736306308332,0.689670667468,59.999999837,59.9999991894
0.834271798146,-0.46854916008,0.827041181115,-0.465835229986,0.736306308332,0.689670667468,59.999999837,59.9999991894
0.834158452652,-0.468402781169,0.826898127964,-0.465680332558,0.736306308332,0.689670667468,59.999999837,59.9999991894
0.834045003738,-0.468256023942,0.826754918501,-0.465525056237,0.736306308332,0.689670667468,59.999999837,59.9999991894
0.833931451996,-0.468108888277,0.826611553414,-0.465369400938,0.736306308332,0.689670667468,59.999999837,59.9999991894
0.833817798029,-0.467961374026,0.826468033382,-0.465213366592,0.736306308332,0.689670667468,59.999999837,59.9999991894
0.833704042444,-0.467813481038,0.826324359092,-0.465056953119,0.736306308332,0.689670667468,59.999999837,59.9999991894
0.833590185829,-0.467665209198,0.826180531228,-0.464900160446,0.736306308332,0.689670667468,59.999999837,59.9999991894
0.83347622879,-0.467516558357,0.826036550474,-0.464742988498,0.736306308332,0.689670667468,59.999999837,59.9999991894
0.833362171929,-0.467367528376,0.825892417519,-0.464585437197,0.736306308332,0.689670667468,59.999999837,59.9999991894
0.833248015837,-0.467218119133,0.825748133044,-0.464427506478,0.736306308332,0.689670667468,59.999999837,59.9999991894
0.83313376112,-0.467068330482,0.825603697735,-0.464269196264,0.736306308332,0.689670667468,59.999999837,59.9999991894
0.833019408371,-0.466918162304,0.825459112276,-0.464110506493,0.736306308332,0.689670667468,59.999999837,59.9999991894
0.83290495819,-0.466767614464,0.825314377353,-0.463951437089,0.736306308332,0.689670667468,59.999999837,59.9999991894
0.832790411183,-0.466616686818,0.825169493649,-0.463791987992,0.736306308332,0.689670667468,59.999999837,59.9999991894
0.832675767937,-0.466465379259,0.825024461851,-0.463632159129,0.736306308332,0.689670667468,59.999999837,59.9999991894
0.832561029055,-0.466313691647,0.824879282647,-0.463471950433,0.736306308332,0.689670667468,59.999999837,59.9999991894
0.83244619514,-0.46616162385,0.824733956719,-0.463311361841,0.736306308332,0.689670667468,59.999999837,59.9999991894
0.832331266781,-0.466009175755,0.824588484757,-0.463150393284,0.736306308332,0.689670667468,59.999999837,59.9999991894
0.832216244583,-0.465856347225,0.824442867442,-0.462989044704,0.736306308332,0.689670667468,59.999999837,59.9999991894
0.832101129136,-0.465703138149,0.824297105464,-0.462827316036,0.736306308332,0.689670667468,59.999999837,59.9999991894
0.83198592104,-0.465549548399,0.824151199506,-0.462665207223,0.736306308332,0.689670667468,59.999999837,59.9999991894
0.831870620899,-0.465395577842,0.824005150255,-0.462502718199,0.736306308332,0.689670667468,59.999999837,59.9999991894
0.8317552293,-0.465241226375,0.823858958394,-0.462339848913,0.736306308332,0.689670667468,59.999999837,59.9999991894
0.831639746844,-0.465086493868,0.823712624613,-0.4621765993,0.736306308332,0.689670667468,59.999999837,59.9999991894
0.83152417413,-0.464931380203,0.823566149598,-0.462012969302,0.736306308332,0.689670667468,59.999999837,59.9999991894
0.831408511748,-0.464775885268,0.823419534034,-0.461848958866,0.736306308332,0.689670667468,59.999999837,59.9999991894
0.831292760301,-0.464620008936,0.82327277861,-0.461684567929,0.736306308332,0.689670667468,59.999999837,59.9999991894
0.831176920375,-0.46446375111,0.82312588401,-0.461519796444,0.736306308332,0.689670667468,59.999999837,59.9999991894
0.831060992572,-0.464307111664,0.822978850923,-0.461354644352,0.736306308332,0.689670667468,59.999999837,59.9999991894
0.830944977493,-0.464150090473,0.822831680032,-0.461189111606,0.736306308332,0.689670667468,59.999999837,59.9999991894
0.830828875723,-0.463992687444,0.822684372026,-0.461023198149,0.736306308332,0.689670667468,59.999999837,59.9999991894
0.830712687864,-0.463834902453,0.822536927589,-0.460856903937,0.736306308332,0.689670667468,59.999999837,59.9999991894
0.830596414506,-0.463676735399,0.82238934741,-0.460690228915,0.736306308332,0.689670667468,59.999999837,59.9999991894
0.830480056243,-0.463518186171,0.822241632172,-0.460523173038,0.736306308332,0.689670667468,59.999999837,59.9999991894
0.830363613678,-0.463359254649,0.822093782566,-0.460355736256,0.736306308332,0.689670667468,59.999999837,59.9999991894
0.830247087392,-0.463199940744,0.821945799279,-0.460187918519,0.736306308332,0.689670667468,59.999999837,59.9999991894
0.830130477987,-0.463040244339,0.821797682995,-0.460019719784,0.736306308332,0.689670667468,59.999999837,59.9999991894
0.830013786056,-0.462880165329,0.821649434405,-0.459851140002,0.736306308332,0.689670667468,59.999999837,59.9999991894
0.829897012189,-0.462719703616,0.821501054191,-0.459682179134,0.736306308332,0.689670667468,59.999999837,59.9999991894
0.829780156985,-0.462558859085,0.821352543044,-0.459512837133,0.736306308332,0.689670667468,59.999999837,59.9999991894
0.829663221026,-0.462397631654,0.821203901648,-0.459343113961,0.736306308332,0.689670667468,59.999999837,59.9999991894
0.829546204912,-0.462236021209,0.82105513069,-0.459173009574,0.736306308332,0.689670667468,59.999999837,59.9999991894
0.829429109238,-0.462074027644,0.820906230857,-0.459002523934,0.736306308332,0.689670667468,59.999999837,59.9999991894
0.829311934589,-0.461911650873,0.820757202836,-0.458831657001,0.736306308332,0.689670667468,59.999999837,59.9999991894
0.829194681564,-0.461748890787,0.820608047312,-0.458660408739,0.736306308332,0.689670667468,59.999999837,59.9999991894
0.829077350743,-0.461585747307,0.820458764974,-0.458488779107,0.736306308332,0.689670667468,59.999999837,59.9999991894
0.828959942725,-0.461422220325,0.820309356507,-0.458316768073,0.736306308332,0.689670667468,59.999999837,59.9999991894
0.828842458106,-0.461258309737,0.8201598226,-0.458144375598,0.736306308332,0.689670667468,59.999999837,59.9999991894
0.828724897467,-0.461094015465,0.82001016394,-0.457971601645,0.736306308332,0.689670667468,59.999999837,59.9999991894
0.828607261405,-0.460929337406,0.819860381212,-0.457798446185,0.736306308332,0.689670667468,59.999999837,59.9999991894
0.828489550502,-0.460764275481,0.819710475105,-0.45762490918,0.736306308332,0.689670667468,59.999999837,59.9999991894
0.828371765352,-0.460598829593,0.819560446304,-0.457450990604,0.736306308332,0.689670667468,59.999999837,59.9999991894
0.82825390655,-0.460432999642,0.819410295496,-0.457276690423,0.736306308332,0.689670667468,59.999999837,59.9999991894
0.828135974676,-0.460266785555,0.819260023367,-0.457102008611,0.736306308332,0.689670667468,59.999999837,59.9999991894
0.828017970326,-0.460100187234,0.819109630604,-0.456926945136,0.736306308332,0.689670667468,59.999999837,59.9999991894
0.827899894081,-0.459933204605,0.818959117892,-0.456751499973,0.736306308332,0.689670667468,59.999999837,59.9999991894
0.827781746533,-0.459765837575,0.81880848592,-0.456575673094,0.736306308332,0.689670667468,59.999999837,59.9999991894
0.827663528274,-0.459598086051,0.818657735371,-0.456399464475,0.736306308332,0.689670667468,59.999999837,59.9999991894
0.827545239885,-0.459429949966,0.818506866934,-0.456222874089,0.736306308332,0.689670667468,59.999999837,59.9999991894
0.827426881958,-0.459261429226,0.818355881294,-0.456045901915,0.736306308332,0.689670667468,59.999999837,59.9999991894
0.827308455073,-0.45909252376,0.818204779137,-0.455868547927,0.736306308332,0.689670667468,59.999999837,59.9999991894
0.827189959821,-0.458923233484,0.818053561148,-0.455690812107,0.736306308332,0.689670667468,59.999999837,59.9999991894
0.827071396794,-0.458753558308,0.817902228015,-0.455512694431,0.736306308332,0.689670667468,59.999999837,59.9999991894
0.826952766568,-0.45858349817,0.817750780424,-0.455334194878,0.736306308332,0.689670667468,59.999999837,59.9999991894
0.826834069735,-0.458413052982,0.817599219061,-0.45515531343,0.736306308332,0.689670667468,59.999999837,59.9999991894
0.826715306873,-0.458242222679,0.817447544612,-0.454976050066,0.736306308332,0.689670667468,59.999999837,59.9999991894
0.826596478572,-0.458071007181,0.817295757762,-0.454796404773,0.736306308332,0.689670667468,59.999999837,59.9999991894
0.826477585421,-0.457899406403,0.817143859197,-0.454616377532,0.736306308332,0.689670667468,59.999999837,59.9999991894
0.826358627996,-0.457727420287,0.816991849602,-0.45443596833,0.736306308332,0.689670667468,59.999999837,59.9999991894
0.826239606886,-0.457555048753,0.816839729662,-0.454255177151,0.736306308332,0.689670667468,59.999999837,59.9999991894
0.826120522667,-0.457382291742,0.816687500063,-0.454074003983,0.736306308332,0.689670667468,59.999999837,59.9999991894
0.826001375928,-0.457209149176,0.816535161489,-0.453892448814,0.736306308332,0.689670667468,59.999999837,59.9999991894
0.825882167255,-0.457035620976,0.816382714625,-0.453710511633,0.736306308332,0.689670667468,59.999999837,59.9999991894
0.825762897225,-0.45686170709,0.816230160158,-0.453528192428,0.736306308332,0.689670667468,59.999999837,59.9999991894
0.825643566423,-0.45668740744,0.816077498769,-0.453345491192,0.736306308332,0.689670667468,59.999999837,59.9999991894
0.825524175424,-0.456512721976,0.815924731146,-0.453162407915,0.736306308332,0.689670667468,59.999999837,59.9999991894
0.825404724815,-0.456337650622,0.815771857971,-0.452978942591,0.736306308332,0.689670667468,59.999999837,59.9999991894
0.825285215179,-0.456162193311,0.81561887993,-0.452795095212,0.736306308332,0.689670667468,59.999999837,59.9999991894
0.82516564709,-0.455986349989,0.815465797706,-0.452610865774,0.736306308332,0.689670667468,59.999999837,59.9999991894
0.825046021135,-0.455810120586,0.815312611984,-0.452426254271,0.736306308332,0.689670667468,59.999999837,59.9999991894
0.824926337886,-0.455633505054,0.815159323447,-0.452241260701,0.736306308332,0.689670667468,59.999999837,59.9999991894
0.824806597926,-0.455456503325,0.815005932779,-0.452055885059,0.736306308332,0.689670667468,59.999999837,59.9999991894
0.824686801835,-0.455279115342,0.814852440664,-0.451870127347,0.736306308332,0.689670667468,59.999999837,59.9999991894
0.824566950188,-0.455101341051,0.814698847785,-0.451683987561,0.736306308332,0.689670667468,59.999999837,59.9999991894
0.82444704357,-0.454923180385,0.814545154825,-0.451497465703,0.736306308332,0.689670667468,59.999999837,59.9999991894
0.82432708255,-0.454744633303,0.814391362468,-0.451310561773,0.736306308332,0.689670667468,59.999999837,59.9999991894
0.82420706771,-0.454565699742,0.814237471396,-0.451123275774,0.736306308332,0.689670667468,59.999999837,59.9999991894
0.824086999623,-0.454386379657,0.814083482293,-0.450935607709,0.736306308332,0.689670667468,59.999999837,59.9999991894
0.823966878867,-0.454206672992,0.81392939584,-0.450747557582,0.736306308332,0.689670667468,59.999999837,59.9999991894
0.823846706024,-0.454026579686,0.813775212721,-0.450559125397,0.736306308332,0.689670667468,59.999999837,59.9999991894
0.823726481662,-0.453846099701,0.813620933618,-0.450370311159,0.736306308332,0.689670667468,59.999999837,59.9999991894
0.823606206361,-0.45366523298,0.813466559213,-0.450181114877,0.736306308332,0.689670667468,59.999999837,59.9999991894
0.823485880689,-0.453483979487,0.813312090188,-0.449991536558,0.736306308332,0.689670667468,59.999999837,59.9999991894
0.823365505224,-0.453302339166,0.813157527224,-0.449801576211,0.736306308332,0.689670667468,59.999999837,59.9999991894
0.823245080543,-0.45312031197,0.813002871003,-0.449611233845,0.736306308332,0.689670667468,59.999999837,59.9999991894
0.823124607214,-0.45293789786,0.812848122206,-0.449420509471,0.736306308332,0.689670667468,59.999999837,59.9999991894
0.823004085816,-0.452755096781,0.812693281513,-0.449229403102,0.736306308332,0.689670667468,59.999999837,59.9999991894
0.822883516914,-0.452571908705,0.812538349607,-0.44903791475,0.736306308332,0.689670667468,59.999999837,59.9999991894
0.822762901085,-0.45238833358,0.812383327167,-0.448846044428,0.736306308332,0.689670667468,59.999999837,59.9999991894
0.822642238896,-0.452204371376,0.812228214873,-0.448653792152,0.736306308332,0.689670667468,59.999999837,59.9999991894
0.82252153092,-0.452020022046,0.812073013407,-0.448461157936,0.736306308332,0.689670667468,59.999999837,59.9999991894
0.822400777734,-0.451835285543,0.811917723447,-0.448268141798,0.736306308332,0.689670667468,59.999999837,59.9999991894
0.8222799799,-0.451650161842,0.811762345673,-0.448074743754,0.736306308332,0.689670667468,59.999999837,59.9999991894
0.822159137994,-0.451464650896,0.811606880766,-0.447880963825,0.736306308332,0.689670667468,59.999999837,59.9999991894
0.822038252577,-0.451278752683,0.811451329403,-0.447686802027,0.736306308332,0.689670667468,59.999999837,59.9999991894
0.821917324223,-0.451092467159,0.811295692264,-0.447492258383,0.736306308332,0.689670667468,59.999999837,59.9999991894
0.821796353499,-0.450905794294,0.811139970028,-0.447297332913,0.736306308332,0.689670667468,59.999999837,59.9999991894
0.821675340972,-0.450718734055,0.810984163372,-0.44710202564,0.736306308332,0.689670667468,59.999999837,59.9999991894
0.821554287214,-0.450531286403,0.810828272976,-0.446906336587,0.736306308332,0.689670667468,59.999999837,59.9999991894
0.821433192786,-0.450343451318,0.810672299517,-0.446710265778,0.736306308332,0.689670667468,59.999999837,59.9999991894
0.821312058259,-0.450155228762,0.810516243673,-0.446513813238,0.736306308332,0.689670667468,59.999999837,59.9999991894
0.821190884192,-0.449966618719,0.810360106121,-0.446316978994,0.736306308332,0.689670667468,59.999999837,59.9999991894
0.821069671154,-0.449777621153,0.810203887539,-0.446119763072,0.736306308332,0.689670667468,59.999999837,59.9999991894
0.820948419712,-0.449588236037,0.810047588603,-0.445922165501,0.736306308332,0.689670667468,59.999999837,59.9999991894
0.820827130427,-0.449398463349,0.809891209989,-0.445724186309,0.736306308332,0.689670667468,59.999999837,59.9999991894
0.820705803867,-0.449208303057,0.809734752374,-0.445525825526,0.736306308332,0.689670667468,59.999999837,59.9999991894
0.82058444059,-0.449017755149,0.809578216435,-0.445327083183,0.736306308332,0.689670667468,59.999999837,59.9999991894
0.820463041163,-0.448826819593,0.809421602846,-0.445127959313,0.736306308332,0.689670667468,59.999999837,59.9999991894
0.820341606142,-0.44863549638,0.809264912283,-0.444928453947,0.736306308332,0.689670667468,59.999999837,59.9999991894
0.820220136093,-0.448443785482,0.809108145422,-0.44472856712,0.736306308332,0.689670667468,59.999999837,59.9999991894
0.820098631578,-0.448251686879,0.808951302936,-0.444528298866,0.736306308332,0.689670667468,59.999999837,59.9999991894
0.819977093155,-0.448059200555,0.808794385502,-0.444327649221,0.736306308332,0.689670667468,59.999999837,59.9999991894
0.819855521389,-0.447866326488,0.808637393791,-0.444126618221,0.736306308332,0.689670667468,59.999999837,59.9999991894
0.819733916834,-0.447673064669,0.80848032848,-0.443925205905,0.736306308332,0.689670667468,59.999999837,59.9999991894
0.819612280052,-0.447479415078,0.808323190241,-0.44372341231,0.736306308332,0.689670667468,59.999999837,59.9999991894
0.819490611597,-0.44728537771,0.808165979747,-0.443521237476,0.736306308332,0.689670667468,59.999999837,59.9999991894
0.819368912031,-0.447090952544,0.808008697671,-0.443318681444,0.736306308332,0.689670667468,59.999999837,59.9999991894
0.81924718191,-0.446896139571,0.807851344686,-0.443115744254,0.736306308332,0.689670667468,59.999999837,59.9999991894
0.81912542179,-0.446700938779,0.807693921465,-0.44291242595,0.736306308332,0.689670667468,59.999999837,59.9999991894
0.819003632232,-0.446505350153,0.807536428678,-0.442708726574,0.736306308332,0.689670667468,59.999999837,59.9999991894
0.818881813787,-0.446309373692,0.807378866998,-0.442504646171,0.736306308332,0.689670667468,59.999999837,59.9999991894
0.818759967012,-0.446113009382,0.807221237096,-0.442300184785,0.736306308332,0.689670667468,59.999999837,59.9999991894
0.818638092458,-0.445916257226,0.807063539643,-0.442095342463,0.736306308332,0.689670667468,59.999999837,59.9999991894
0.818516190683,-0.44571911721,0.80690577531,-0.441890119251,0.736306308332,0.689670667468,59.999999837,59.9999991894
0.818394262236,-0.445521589335,0.806747944766,-0.441684515196,0.736306308332,0.689670667468,59.999999837,59.9999991894
0.818272307673,-0.445323673594,0.806590048683,-0.441478530349,0.736306308332,0.689670667468,59.999999837,59.9999991894
0.818150327549,-0.445125369978,0.806432087729,-0.441272164759,0.736306308332,0.689670667468,59.999999837,59.9999991894
0.818028322412,-0.444926678494,0.806274062572,-0.441065418477,0.736306308332,0.689670667468,59.999999837,59.9999991894
0.817906292816,-0.444727599134,0.806115973883,-0.440858291554,0.736306308332,0.689670667468,59.999999837,59.9999991894
0.817784239306,-0.444528131908,0.805957822329,-0.440650784043,0.736306308332,0.689670667468,59.999999837,59.9999991894
0.817662162437,-0.44432827681,0.805799608579,-0.440442895999,0.736306308332,0.689670667468,59.999999837,59.9999991894
0.817540062753,-0.444128033851,0.805641333299,-0.440234627475,0.736306308332,0.689670667468,59.999999837,59.9999991894
0.817417940806,-0.443927403028,0.805482997158,-0.440025978528,0.736306308332,0.689670667468,59.999999837,59.9999991894
0.817295797146,-0.443726384342,0.805324600821,-0.439816949214,0.736306308332,0.689670667468,59.999999837,59.9999991894
0.817173632319,-0.443524977805,0.805166144956,-0.43960753959,0.736306308332,0.689670667468,59.999999837,59.9999991894
0.817051446873,-0.443323183415,0.805007630227,-0.439397749715,0.736306308332,0.689670667468,59.999999837,59.9999991894
0.816929241352,-0.443121001188,0.804849057302,-0.439187579648,0.736306308332,0.689670667468,59.999999837,59.9999991894
0.816807016304,-0.442918431127,0.804690426844,-0.438977029451,0.736306308332,0.689670667468,59.999999837,59.9999991894
0.81668477227,-0.442715473249,0.804531739519,-0.438766099183,0.736306308332,0.689670667468,59.999999837,59.9999991894
0.816562509798,-0.442512127558,0.804372995991,-0.438554788908,0.736306308332,0.689670667468,59.999999837,59.9999991894
0.816440229428,-0.442308394074,0.804214196924,-0.438343098688,0.736306308332,0.689670667468,59.999999837,59.9999991894
0.816317931706,-0.442104272803,0.804055342981,-0.438131028589,0.736306308332,0.689670667468,59.999999837,59.9999991894
0.816195617178,-0.441899763753,0.803896434827,-0.437918578674,0.736306308332,0.689670667468,59.999999837,59.9999991894
0.816073286381,-0.441694866946,0.803737473122,-0.43770574901,0.736306308332,0.689670667468,59.999999837,59.9999991894
0.815950939861,-0.441489582391,0.80357845853,-0.437492539664,0.736306308332,0.689670667468,59.999999837,59.9999991894
0.815828578154,-0.441283910113,0.803419391712,-0.437278950705,0.736306308332,0.689670667468,59.999999837,59.9999991894
0.815706201803,-0.441077850123,0.80326027333,-0.437064982199,0.736306308332,0.689670667468,59.999999837,59.9999991894
0.815583811343,-0.440871402448,0.803101104044,-0.436850634219,0.736306308332,0.689670667468,59.999999837,59.9999991894
0.815461407317,-0.440664567102,0.802941884515,-0.436635906834,0.736306308332,0.689670667468,59.999999837,59.9999991894
0.815338990259,-0.440457344111,0.802782615404,-0.436420800116,0.736306308332,0.689670667468,59.999999837,59.9999991894
0.815216560709,-0.440249733492,0.802623297369,-0.436205314137,0.736306308332,0.689670667468,59.999999837,59.9999991894
0.815094119207,-0.440041735262,0.802463931072,-0.435989448968,0.736306308332,0.689670667468,59.999999837,59.9999991894
0.814971666286,-0.439833349452,0.802304517169,-0.435773204687,0.736306308332,0.689670667468,59.999999837,59.9999991894
0.814849202483,-0.439624576081,0.802145056321,-0.435556581366,0.736306308332,0.689670667468,59.999999837,59.9999991894
0.814726728331,-0.439415415182,0.801985549183,-0.435339579084,0.736306308332,0.689670667468,59.999999837,59.9999991894
0.814604244365,-0.439205866776,0.801825996414,-0.435122197917,0.736306308332,0.689670667468,59.999999837,59.9999991894
0.814481751117,-0.438995930897,0.80166639867,-0.434904437944,0.736306308332,0.689670667468,59.999999837,59.9999991894
0.814359249121,-0.438785607569,0.801506756608,-0.434686299243,0.736306308332,0.689670667468,59.999999837,59.9999991894
0.814236738907,-0.438574896829,0.801347070882,-0.434467781897,0.736306308332,0.689670667468,59.999999837,59.9999991894
0.814114221008,-0.4383637987,0.801187342149,-0.434248885984,0.736306308332,0.689670667468,59.999999837,59.9999991894
0.813991695956,-0.438152313214,0.801027571063,-0.434029611589,0.736306308332,0.689670667468,59.999999837,59.9999991894
0.813869164281,-0.437940440406,0.800867758279,-0.433809958792,0.736306308332,0.689670667468,59.999999837,59.9999991894
0.813746626514,-0.437728180304,0.80070790445,-0.43358992768,0.736306308332,0.689670667468,59.999999837,59.9999991894
0.81362408318,-0.437515532951,0.80054801023,-0.433369518336,0.736306308332,0.689670667468,59.999999837,59.9999991894
0.81350153481,-0.437302498376,0.800388076271,-0.433148730847,0.736306308332,0.689670667468,59.999999837,59.9999991894
0.813378981928,-0.437089076623,0.800228103225,-0.432927565298,0.736306308332,0.689670667468,59.999999837,59.9999991894
0.813256425064,-0.436875267724,0.800068091745,-0.43270602178,0.736306308332,0.689670667468,59.999999837,59.9999991894
0.813133864739,-0.436661071724,0.799908042482,-0.432484100378,0.736306308332,0.689670667468,59.999999837,59.9999991894
0.813011301483,-0.436446488659,0.799747956088,-0.43226180118,0.736306308332,0.689670667468,59.999999837,59.9999991894
0.812888735816,-0.436231518573,0.799587833213,-0.432039124278,0.736306308332,0.689670667468,59.999999837,59.9999991894
0.812766168265,-0.436016161506,0.799427674506,-0.431816069762,0.736306308332,0.689670667468,59.999999837,59.9999991894
0.812643599356,-0.435800417493,0.799267480617,-0.431592637726,0.736306308332,0.689670667468,59.999999837,59.9999991894
0.812521029607,-0.435584286586,0.799107252195,-0.431368828262,0.736306308332,0.689670667468,59.999999837,59.9999991894
0.812398459543,-0.435367768824,0.798946989887,-0.431144641465,0.736306308332,0.689670667468,59.999999837,59.9999991894
0.812275889681,-0.435150864259,0.798786694341,-0.43092007743,0.736306308332,0.689670667468,59.999999837,59.9999991894
0.812153320545,-0.434933572933,0.798626366203,-0.430695136254,0.736306308332,0.689670667468,59.999999837,59.9999991894
0.812030752651,-0.4347158949,0.798466006121,-0.430469818032,0.736306308332,0.689670667468,59.999999837,59.9999991894
0.81190818652,-0.434497830203,0.798305614739,-0.430244122865,0.736306308332,0.689670667468,59.999999837,59.9999991894
0.811785622667,-0.434279378897,0.798145192705,-0.430018050849,0.736306308332,0.689670667468,59.999999837,59.9999991894
0.811663061612,-0.43406054103,0.797984740661,-0.429791602087,0.736306308332,0.689670667468,59.999999837,59.9999991894
0.811540503869,-0.433841316658,0.797824259252,-0.429564776677,0.736306308332,0.689670667468,59.999999837,59.9999991894
0.811417949955,-0.433621705829,0.797663749123,-0.429337574722,0.736306308332,0.689670667468,59.999999837,59.9999991894
0.811295400389,-0.433401708593,0.797503210917,-0.429109996322,0.736306308332,0.689670667468,59.999999837,59.9999991894
0.811172855682,-0.433181325009,0.797342645277,-0.428882041579,0.736306308332,0.689670667468,59.999999837,59.9999991894
0.811050316349,-0.432960555129,0.797182052845,-0.428653710601,0.736306308332,0.689670667468,59.999999837,59.9999991894
0.8109277829,-0.432739399015,0.797021434262,-0.428425003489,0.736306308332,0.689670667468,59.999999837,59.9999991894
0.810805255851,-0.432517856721,0.796860790168,-0.428195920354,0.736306308332,0.689670667468,59.999999837,59.9999991894
0.810682735709,-0.43229592831,0.796700121205,-0.427966461299,0.736306308332,0.689670667468,59.999999837,59.9999991894
0.810560222988,-0.432073613837,0.796539428011,-0.427736626437,0.736306308332,0.689670667468,59.999999837,59.9999991894
0.810437718193,-0.431850913369,0.796378711225,-0.427506415872,0.736306308332,0.689670667468,59.999999837,59.9999991894
0.810315221838,-0.431627826962,0.796217971486,-0.427275829719,0.736306308332,0.689670667468,59.999999837,59.9999991894
0.810192734427,-0.431404354685,0.796057209431,-0.427044868086,0.736306308332,0.689670667468,59.999999837,59.9999991894
0.81007025647,-0.431180496597,0.795896425697,-0.426813531087,0.736306308332,0.689670667468,59.999999837,59.9999991894
0.809947788473,-0.430956252764,0.795735620922,-0.426581818832,0.736306308332,0.689670667468,59.999999837,59.9999991894
0.809825330942,-0.43073162325,0.795574795742,-0.426349731434,0.736306308332,0.689670667468,59.999999837,59.9999991894
0.809702884384,-0.430506608118,0.795413950792,-0.426117269009,0.736306308332,0.689670667468,59.999999837,59.9999991894
0.809580449302,-0.430281207441,0.795253086709,-0.425884431668,0.736306308332,0.689670667468,59.999999837,59.9999991894
0.809458026201,-0.430055421283,0.795092204124,-0.425651219533,0.736306308332,0.689670667468,59.999999837,59.9999991894
0.809335615582,-0.429829249719,0.794931303673,-0.425417632717,0.736306308332,0.689670667468,59.999999837,59.9999991894
0.809213217947,-0.429602692815,0.794770385986,-0.425183671342,0.736306308332,0.689670667468,59.999999837,59.9999991894
0.809090833797,-0.429375750646,0.794609451698,-0.424949335524,0.736306308332,0.689670667468,59.999999837,59.9999991894
0.808968463634,-0.429148423283,0.794448501438,-0.424714625387,0.736306308332,0.689670667468,59.999999837,59.9999991894
0.808846107954,-0.428920710802,0.79428753584,-0.424479541049,0.736306308332,0.689670667468,59.999999837,59.9999991894
0.808723767259,-0.428692613274,0.79412655553,-0.424244082635,0.736306308332,0.689670667468,59.999999837,59.9999991894
0.808601442044,-0.42846413078,0.793965561141,-0.424008250265,0.736306308332,0.689670667468,59.999999837,59.9999991894
0.808479132809,-0.428235263391,0.793804553302,-0.423772044061,0.736306308332,0.689670667468,59.999999837,59.9999991894
0.808356840048,-0.428006011189,0.793643532641,-0.42353546415,0.736306308332,0.689670667468,59.999999837,59.9999991894
0.808234564257,-0.427776374249,0.793482499787,-0.423298510654,0.736306308332,0.689670667468,59.999999837,59.9999991894
0.808112305935,-0.427546352647,0.793321455365,-0.423061183703,0.736306308332,0.689670667468,59.999999837,59.9999991894
0.807990065572,-0.427315946467,0.793160400004,-0.422823483421,0.736306308332,0.689670667468,59.999999837,59.9999991894
0.807867843664,-0.427085155787,0.792999334327,-0.42258540994,0.736306308332,0.689670667468,59.999999837,59.9999991894
0.807745640701,-0.426853980693,0.792838258961,-0.422346963387,0.736306308332,0.689670667468,59.999999837,59.9999991894
0.807623457175,-0.426622421266,0.792677174527,-0.422108143895,0.736306308332,0.689670667468,59.999999837,59.9999991894
0.807501293576,-0.426390477592,0.792516081652,-0.421868951592,0.736306308332,0.689670667468,59.999999837,59.9999991894
0.807379150396,-0.426158149755,0.792354980957,-0.421629386614,0.736306308332,0.689670667468,59.999999837,59.9999991894
0.80725702812,-0.425925437843,0.792193873066,-0.42138944909,0.736306308332,0.689670667468,59.999999837,59.9999991894
0.80713492724,-0.425692341942,0.792032758601,-0.42114913915,0.736306308332,0.689670667468,59.999999837,59.9999991894
0.80701284824,-0.425458862142,0.791871638183,-0.420908456934,0.736306308332,0.689670667468,59.999999837,59.9999991894
0.806890791608,-0.425224998529,0.791710512432,-0.420667402572,0.736306308332,0.689670667468,59.999999837,59.9999991894
0.806768757829,-0.424990751198,0.791549381967,-0.420425976207,0.736306308332,0.689670667468,59.999999837,59.9999991894
0.806646747388,-0.424756120235,0.791388247408,-0.420184177972,0.736306308332,0.689670667468,59.999999837,59.9999991894
0.806524760768,-0.424521105737,0.791227109371,-0.419942008008,0.736306308332,0.689670667468,59.999999837,59.9999991894
0.806402798454,-0.424285707793,0.791065968475,-0.419699466453,0.736306308332,0.689670667468,59.999999837,59.9999991894
0.806280860928,-0.424049926496,0.790904825335,-0.41945655345,0.736306308332,0.689670667468,59.999999837,59.9999991894
0.806158948671,-0.423813761941,0.790743680568,-0.419213269136,0.736306308332,0.689670667468,59.999999837,59.9999991894
0.806037062166,-0.423577214223,0.790582534791,-0.418969613652,0.736306308332,0.689670667468,59.999999837,59.9999991894
0.805915201889,-0.423340283441,0.790421388618,-0.418725587142,0.736306308332,0.689670667468,59.999999837,59.9999991894
0.805793368322,-0.42310296969,0.790260242664,-0.418481189747,0.736306308332,0.689670667468,59.999999837,59.9999991894
0.80567156194,-0.422865273072,0.790099097539,-0.418236421616,0.736306308332,0.689670667468,59.999999837,59.9999991894
0.805549783223,-0.422627193684,0.789937953859,-0.417991282891,0.736306308332,0.689670667468,59.999999837,59.9999991894
0.805428032644,-0.42238873163,0.789776812231,-0.417745773722,0.736306308332,0.689670667468,59.999999837,59.9999991894
0.805306310681,-0.422149887007,0.789615673271,-0.417499894253,0.736306308332,0.689670667468,59.999999837,59.9999991894
0.805184617806,-0.421910659923,0.789454537584,-0.417253644636,0.736306308332,0.689670667468,59.999999837,59.9999991894
0.805062954494,-0.421671050478,0.789293405782,-0.417007025018,0.736306308332,0.689670667468,59.999999837,59.9999991894
0.804941321217,-0.421431058779,0.789132278477,-0.416760035545,0.736306308332,0.689670667468,59.999999837,59.9999991894
0.804819718447,-0.421190684928,0.788971156272,-0.416512676372,0.736306308332,0.689670667468,59.999999837,59.9999991894
0.804698146655,-0.420949929036,0.788810039779,-0.416264947646,0.736306308332,0.689670667468,59.999999837,59.9999991894
0.804576606311,-0.420708791207,0.788648929601,-0.416016849525,0.736306308332,0.689670667468,59.999999837,59.9999991894
0.804455097883,-0.420467271552,0.788487826345,-0.415768382158,0.736306308332,0.689670667468,59.999999837,59.9999991894
0.804333621842,-0.420225370178,0.788326730614,-0.415519545704,0.736306308332,0.689670667468,59.999999837,59.9999991894
0.804212178652,-0.419983087197,0.788165643015,-0.415270340315,0.736306308332,0.689670667468,59.999999837,59.9999991894
0.804090768782,-0.419740422718,0.788004564147,-0.415020766152,0.736306308332,0.689670667468,59.999999837,59.9999991894
0.803969392698,-0.41949737685,0.787843494617,-0.414770823368,0.736306308332,0.689670667468,59.999999837,59.9999991894
0.803848050865,-0.41925394971,0.787682435027,-0.414520512117,0.736306308332,0.689670667468,59.999999837,59.9999991894
0.803726743746,-0.419010141409,0.787521385976,-0.414269832562,0.736306308332,0.689670667468,59.999999837,59.9999991894
0.803605471804,-0.418765952064,0.787360348067,-0.41401878486,0.736306308332,0.689670667468,59.999999837,59.9999991894
0.803484235502,-0.418521381789,0.787199321896,-0.413767369175,0.736306308332,0.689670667468,59.999999837,59.9999991894
0.803363035299,-0.418276430704,0.787038308065,-0.413515585666,0.736306308332,0.689670667468,59.999999837,59.9999991894
0.803241871656,-0.418031098923,0.786877307168,-0.4132634345,0.736306308332,0.689670667468,59.999999837,59.9999991894
0.803120745033,-0.417785386568,0.786716319805,-0.413010915835,0.736306308332,0.689670667468,59.999999837,59.9999991894
0.802999655888,-0.417539293756,0.786555346571,-0.412758029838,0.736306308332,0.689670667468,59.999999837,59.9999991894
0.802878604677,-0.417292820611,0.786394388062,-0.412504776673,0.736306308332,0.689670667468,59.999999837,59.9999991894
0.802757591859,-0.417045967251,0.786233444876,-0.412251156501,0.736306308332,0.689670667468,59.999999837,59.9999991894
0.802636617887,-0.416798733802,0.786072517602,-0.411997169496,0.736306308332,0.689670667468,59.999999837,59.9999991894
0.802515683217,-0.416551120384,0.785911606837,-0.411742815819,0.736306308332,0.689670667468,59.999999837,59.9999991894
0.802394788302,-0.416303127125,0.78575071317,-0.411488095645,0.736306308332,0.689670667468,59.999999837,59.9999991894
0.802273933596,-0.416054754146,0.785589837195,-0.41123300914,0.736306308332,0.689670667468,59.999999837,59.9999991894
0.80215311955,-0.415806001578,0.7854289795,-0.410977556478,0.736306308332,0.689670667468,59.999999837,59.9999991894
0.802032346615,-0.415556869544,0.785268140676,-0.410721737827,0.736306308332,0.689670667468,59.999999837,59.9999991894
0.80191161524,-0.415307358176,0.785107321315,-0.410465553354,0.736306308332,0.689670667468,59.999999837,59.9999991894
0.801790925876,-0.415057467599,0.784946522002,-0.410209003239,0.736306308332,0.689670667468,59.999999837,59.9999991894
0.80167027897,-0.414807197946,0.784785743327,-0.409952087649,0.736306308332,0.689670667468,59.999999837,59.9999991894
0.80154967497,-0.414556549347,0.784624985874,-0.409694806766,0.736306308332,0.689670667468,59.999999837,59.9999991894
0.801429114321,-0.414305521933,0.78446425023,-0.409437160759,0.736306308332,0.689670667468,59.999999837,59.9999991894
0.80130859747,-0.414054115837,0.784303536978,-0.409179149812,0.736306308332,0.689670667468,59.999999837,59.9999991894
0.801188124861,-0.413802331189,0.784142846704,-0.408920774097,0.736306308332,0.689670667468,59.999999837,59.9999991894
0.801067696938,-0.413550168128,0.783982179991,-0.408662033792,0.736306308332,0.689670667468,59.999999837,59.9999991894
0.800947314144,-0.413297626786,0.783821537421,-0.408402929077,0.736306308332,0.689670667468,59.999999837,59.9999991894
0.800826976919,-0.413044707301,0.783660919577,-0.408143460128,0.736306308332,0.689670667468,59.999999837,59.9999991894
0.800706685704,-0.41279140981,0.783500327038,-0.407883627131,0.736306308332,0.689670667468,59.999999837,59.9999991894
0.80058644094,-0.412537734452,0.783339760385,-0.407623430263,0.736306308332,0.689670667468,59.999999837,59.9999991894
0.800466243064,-0.412283681364,0.783179220194,-0.407362869712,0.736306308332,0.689670667468,59.999999837,59.9999991894
0.800346092514,-0.41202925069,0.783018707045,-0.407101945658,0.736306308332,0.689670667468,59.999999837,59.9999991894
0.800225989727,-0.411774442568,0.782858221516,-0.406840658285,0.736306308332,0.689670667468,59.999999837,59.9999991894
0.800105935139,-0.411519257141,0.782697764182,-0.406579007779,0.736306308332,0.689670667468,59.999999837,59.9999991894
0.799985929184,-0.411263694551,0.782537335621,-0.406316994321,0.736306308332,0.689670667468,59.999999837,59.9999991894
0.799865972297,-0.411007754944,0.782376936405,-0.406054618103,0.736306308332,0.689670667468,59.999999837,59.9999991894
0.79974606491,-0.410751438462,0.78221656711,-0.405791879309,0.736306308332,0.689670667468,59.999999837,59.9999991894
0.799626207455,-0.410494745253,0.782056228305,-0.405528778132,0.736306308332,0.689670667468,59.999999837,59.9999991894
0.799506400364,-0.410237675462,0.781895920566,-0.405265314758,0.736306308332,0.689670667468,59.999999837,59.9999991894
0.799386644065,-0.409980229237,0.78173564446,-0.40500148938,0.736306308332,0.689670667468,59.999999837,59.9999991894
0.799266938988,-0.409722406726,0.78157540056,-0.404737302187,0.736306308332,0.689670667468,59.999999837,59.9999991894
0.799147285562,-0.409464208079,0.781415189437,-0.404472753367,0.736306308332,0.689670667468,59.999999837,59.9999991894
0.799027684212,-0.409205633446,0.781255011655,-0.40420784312,0.736306308332,0.689670667468,59.999999837,59.9999991894
0.798908135366,-0.408946682977,0.781094867784,-0.403942571635,0.736306308332,0.689670667468,59.999999837,59.9999991894
0.798788639448,-0.408687356825,0.780934758388,-0.403676939112,0.736306308332,0.689670667468,59.999999837,59.9999991894
0.798669196881,-0.408427655144,0.780774684034,-0.403410945743,0.736306308332,0.689670667468,59.999999837,59.9999991894
0.798549808091,-0.408167578085,0.780614645286,-0.403144591727,0.736306308332,0.689670667468,59.999999837,59.9999991894
0.798430473497,-0.407907125805,0.780454642707,-0.402877877261,0.736306308332,0.689670667468,59.999999837,59.9999991894
0.798311193523,-0.407646298459,0.780294676863,-0.402610802538,0.736306308332,0.689670667468,59.999999837,59.9999991894
0.798191968587,-0.407385096203,0.780134748312,-0.402343367762,0.736306308332,0.689670667468,59.999999837,59.9999991894
0.798072799109,-0.407123519194,0.779974857618,-0.402075573131,0.736306308332,0.689670667468,59.999999837,59.9999991894
0.797953685506,-0.406861567592,0.779815005338,-0.40180741885,0.736306308332,0.689670667468,59.999999837,59.9999991894
0.797834628198,-0.406599241555,0.779655192033,-0.401538905116,0.736306308332,0.689670667468,59.999999837,59.9999991894
0.797715627598,-0.406336541243,0.779495418259,-0.401270032135,0.736306308332,0.689670667468,59.999999837,59.9999991894
0.797596684123,-0.406073466817,0.779335684575,-0.40100080011,0.736306308332,0.689670667468,59.999999837,59.9999991894
0.797477798187,-0.405810018437,0.779175991539,-0.400731209239,0.736306308332,0.689670667468,59.999999837,59.9999991894
0.797358970204,-0.405546196267,0.779016339703,-0.400461259733,0.736306308332,0.689670667468,59.999999837,59.9999991894
0.797240200585,-0.40528200047,0.778856729625,-0.400190951796,0.736306308332,0.689670667468,59.999999837,59.9999991894
0.797121489741,-0.405017431212,0.778697161853,-0.399920285637,0.736306308332,0.689670667468,59.999999837,59.9999991894
0.797002838084,-0.404752488656,0.778537636944,-0.399649261462,0.736306308332,0.689670667468,59.999999837,59.9999991894
0.796884246021,-0.40448717297,0.778378155448,-0.399377879481,0.736306308332,0.689670667468,59.999999837,59.9999991894
0.796765713961,-0.40422148432,0.778218717915,-0.399106139901,0.736306308332,0.689670667468,59.999999837,59.9999991894
0.796647242311,-0.403955422877,0.778059324898,-0.39883404293,0.736306308332,0.689670667468,59.999999837,59.9999991894
0.796528831477,-0.403688988806,0.777899976942,-0.398561588784,0.736306308332,0.689670667468,59.999999837,59.9999991894
0.796410481864,-0.403422182281,0.777740674598,-0.39828877767,0.736306308332,0.689670667468,59.999999837,59.9999991894
0.796292193877,-0.403155003469,0.777581418408,-0.398015609807,0.736306308332,0.689670667468,59.999999837,59.9999991894
0.796173967917,-0.402887452544,0.777422208922,-0.397742085403,0.736306308332,0.689670667468,59.999999837,59.9999991894
0.796055804387,-0.402619529678,0.777263046683,-0.397468204675,0.736306308332,0.689670667468,59.999999837,59.9999991894
0.795937703688,-0.402351235044,0.777103932236,-0.397193967837,0.736306308332,0.689670667468,59.999999837,59.9999991894
0.795819666221,-0.402082568816,0.776944866125,-0.396919375102,0.736306308332,0.689670667468,59.999999837,59.9999991894
0.795701692382,-0.401813531171,0.776785848889,-0.396644426692,0.736306308332,0.689670667468,59.999999837,59.9999991894
0.795583782572,-0.401544122283,0.776626881071,-0.39636912282,0.736306308332,0.689670667468,59.999999837,59.9999991894
0.795465937187,-0.40127434233,0.77646796321,-0.396093463712,0.736306308332,0.689670667468,59.999999837,59.9999991894
0.795348156622,-0.40100419149,0.776309095845,-0.395817449581,0.736306308332,0.689670667468,59.999999837,59.9999991894
0.795230441272,-0.400733669941,0.776150279516,-0.395541080646,0.736306308332,0.689670667468,59.999999837,59.9999991894
0.795112791531,-0.400462777862,0.775991514758,-0.395264357132,0.736306308332,0.689670667468,59.999999837,59.9999991894
0.794995207791,-0.400191515435,0.77583280211,-0.394987279255,0.736306308332,0.689670667468,59.999999837,59.9999991894
0.794877690445,-0.39991988284,0.775674142104,-0.394709847245,0.736306308332,0.689670667468,59.999999837,59.9999991894
0.794760239883,-0.39964788026,0.775515535275,-0.394432061321,0.736306308332,0.689670667468,59.999999837,59.9999991894
0.794642856495,-0.399375507877,0.775356982156,-0.394153921711,0.736306308332,0.689670667468,59.999999837,59.9999991894
0.794525540669,-0.399102765876,0.775198483278,-0.393875428638,0.736306308332,0.689670667468,59.999999837,59.9999991894
0.794408292793,-0.398829654441,0.775040039177,-0.393596582323,0.736306308332,0.689670667468,59.999999837,59.9999991894
0.794291113253,-0.398556173758,0.774881650379,-0.393317382998,0.736306308332,0.689670667468,59.999999837,59.9999991894
0.794174002434,-0.398282324012,0.774723317415,-0.393037830887,0.736306308332,0.689670667468,59.999999837,59.9999991894
0.794056960722,-0.398008105393,0.774565040811,-0.392757926224,0.736306308332,0.689670667468,59.999999837,59.9999991894
0.793939988499,-0.397733518088,0.774406821095,-0.392477669234,0.736306308332,0.689670667468,59.999999837,59.9999991894
0.793823086148,-0.397458562285,0.774248658794,-0.392197060148,0.736306308332,0.689670667468,59.999999837,59.9999991894
0.79370625405,-0.397183238175,0.774090554433,-0.391916099198,0.736306308332,0.689670667468,59.999999837,59.9999991894
0.793589492585,-0.396907545949,0.773932508537,-0.39163478661,0.736306308332,0.689670667468,59.999999837,59.9999991894
0.793472802132,-0.396631485798,0.773774521627,-0.391353122623,0.736306308332,0.689670667468,59.999999837,59.9999991894
0.79335618307,-0.396355057914,0.773616594227,-0.391071107465,0.736306308332,0.689670667468,59.999999837,59.9999991894
0.793239635775,-0.396078262491,0.773458726856,-0.390788741377,0.736306308332,0.689670667468,59.999999837,59.9999991894
0.793123160624,-0.395801099724,0.773300920035,-0.390506024588,0.736306308332,0.689670667468,59.999999837,59.9999991894
0.793006757991,-0.395523569806,0.773143174285,-0.390222957334,0.736306308332,0.689670667468,59.999999837,59.9999991894
0.79289042825,-0.395245672935,0.772985490122,-0.389939539854,0.736306308332,0.689670667468,59.999999837,59.9999991894
0.792774171774,-0.394967409306,0.772827868064,-0.38965577238,0.736306308332,0.689670667468,59.999999837,59.9999991894
0.792657988935,-0.394688779118,0.772670308626,-0.389371655156,0.736306308332,0.689670667468,59.999999837,59.9999991894
0.792541880104,-0.394409782568,0.772512812323,-0.389087188418,0.736306308332,0.689670667468,59.999999837,59.9999991894
0.79242584565,-0.394130419857,0.772355379668,-0.388802372409,0.736306308332,0.689670667468,59.999999837,59.9999991894
0.792309885941,-0.393850691183,0.772198011176,-0.388517207367,0.736306308332,0.689670667468,59.999999837,59.9999991894
0.792194001346,-0.393570596748,0.772040707359,-0.388231693528,0.736306308332,0.689670667468,59.999999837,59.9999991894
0.79207819223,-0.393290136754,0.771883468726,-0.387945831141,0.736306308332,0.689670667468,59.999999837,59.9999991894
0.791962458959,-0.393009311404,0.771726295789,-0.387659620444,0.736306308332,0.689670667468,59.999999837,59.9999991894
0.791846801897,-0.3927281209,0.771569189054,-0.387373061687,0.736306308332,0.689670667468,59.999999837,59.9999991894
0.791731221408,-0.392446565448,0.77141214903,-0.38708615511,0.736306308332,0.689670667468,59.999999837,59.9999991894
0.791615717854,-0.392164645251,0.771255176224,-0.386798900957,0.736306308332,0.689670667468,59.999999837,59.9999991894
0.791500291595,-0.391882360517,0.77109827114,-0.386511299478,0.736306308332,0.689670667468,59.999999837,59.9999991894
0.791384942992,-0.391599711452,0.770941434286,-0.386223350913,0.736306308332,0.689670667468,59.999999837,59.9999991894
0.791269672403,-0.391316698264,0.770784666162,-0.385935055517,0.736306308332,0.689670667468,59.999999837,59.9999991894
0.791154480187,-0.39103332116,0.770627967272,-0.385646413534,0.736306308332,0.689670667468,59.999999837,59.9999991894
0.7910393667,-0.390749580351,0.770471338115,-0.385357425218,0.736306308332,0.689670667468,59.999999837,59.9999991894
0.790924332299,-0.390465476047,0.770314779194,-0.385068090815,0.736306308332,0.689670667468,59.999999837,59.9999991894
0.790809377337,-0.390181008457,0.770158291009,-0.384778410572,0.736306308332,0.689670667468,59.999999837,59.9999991894
0.790694502168,-0.389896177794,0.770001874056,-0.384488384746,0.736306308332,0.689670667468,59.999999837,59.9999991894
0.790579707145,-0.38961098427,0.769845528834,-0.384198013584,0.736306308332,0.689670667468,59.999999837,59.9999991894
0.79046499262,-0.3893254281,0.769689255836,-0.383907297347,0.736306308332,0.689670667468,59.999999837,59.9999991894
0.790350358942,-0.389039509495,0.76953305556,-0.383616236283,0.736306308332,0.689670667468,59.999999837,59.9999991894
0.79023580646,-0.388753228674,0.769376928498,-0.383324830649,0.736306308332,0.689670667468,59.999999837,59.9999991894
0.790121335524,-0.388466585849,0.769220875144,-0.383033080699,0.736306308332,0.689670667468,59.999999837,59.9999991894
0.790006946479,-0.388179581241,0.769064895991,-0.382740986686,0.736306308332,0.689670667468,59.999999837,59.9999991894
0.789892639671,-0.387892215065,0.768908991527,-0.382448548873,0.736306308332,0.689670667468,59.999999837,59.9999991894
0.789778415446,-0.387604487541,0.768753162243,-0.382155767513,0.736306308332,0.689670667468,59.999999837,59.9999991894
0.789664274145,-0.387316398888,0.768597408626,-0.38186264287,0.736306308332,0.689670667468,59.999999837,59.9999991894
0.789550216113,-0.387027949327,0.768441731165,-0.381569175199,0.736306308332,0.689670667468,59.999999837,59.9999991894
0.789436241691,-0.386739139079,0.768286130348,-0.381275364757,0.736306308332,0.689670667468,59.999999837,59.9999991894
0.789322351217,-0.386449968367,0.768130606657,-0.380981211809,0.736306308332,0.689670667468,59.999999837,59.9999991894
0.789208545033,-0.386160437412,0.76797516058,-0.380686716613,0.736306308332,0.689670667468,59.999999837,59.9999991894
0.789094823476,-0.38587054644,0.767819792595,-0.380391879437,0.736306308332,0.689670667468,59.999999837,59.9999991894
0.788981186882,-0.385580295673,0.767664503188,-0.38009670054,0.736306308332,0.689670667468,59.999999837,59.9999991894
0.788867635588,-0.385289685338,0.767509292839,-0.379801180186,0.736306308332,0.689670667468,59.999999837,59.9999991894
0.788754169929,-0.384998715661,0.767354162027,-0.37950531864,0.736306308332,0.689670667468,59.999999837,59.9999991894
0.788640790238,-0.384707386868,0.767199111233,-0.379209116165,0.736306308332,0.689670667468,59.999999837,59.9999991894
0.788527496848,-0.384415699188,0.767044140932,-0.378912573031,0.736306308332,0.689670667468,59.999999837,59.9999991894
0.78841429009,-0.384123652849,0.766889251603,-0.378615689501,0.736306308332,0.689670667468,59.999999837,59.9999991894
0.788301170295,-0.38383124808,0.766734443717,-0.378318465848,0.736306308332,0.689670667468,59.999999837,59.9999991894
0.788188137792,-0.383538485111,0.766579717753,-0.378020902337,0.736306308332,0.689670667468,59.999999837,59.9999991894
0.788075192909,-0.383245364174,0.766425074184,-0.377722999232,0.736306308332,0.689670667468,59.999999837,59.9999991894
0.787962335973,-0.3829518855,0.76627051348,-0.377424756809,0.736306308332,0.689670667468,59.999999837,59.9999991894
0.787849567311,-0.382658049321,0.766116036114,-0.377126175335,0.736306308332,0.689670667468,59.999999837,59.9999991894
0.787736887247,-0.382363855872,0.765961642554,-0.376827255085,0.736306308332,0.689670667468,59.999999837,59.9999991894
0.787624296105,-0.382069305385,0.76580733327,-0.376527996329,0.736306308332,0.689670667468,59.999999837,59.9999991894
0.787511794207,-0.381774398097,0.76565310873,-0.376228399339,0.736306308332,0.689670667468,59.999999837,59.9999991894
0.787399381876,-0.381479134243,0.7654989694,-0.37592846439,0.736306308332,0.689670667468,59.999999837,59.9999991894
0.787287059431,-0.381183514059,0.765344915747,-0.375628191752,0.736306308332,0.689670667468,59.999999837,59.9999991894
0.787174827193,-0.380887537783,0.765190948232,-0.375327581706,0.736306308332,0.689670667468,59.999999837,59.9999991894
0.787062685479,-0.380591205653,0.765037067322,-0.375026634523,0.736306308332,0.689670667468,59.999999837,59.9999991894
0.786950634606,-0.380294517908,0.764883273476,-0.374725350484,0.736306308332,0.689670667468,59.999999837,59.9999991894
0.78683867489,-0.379997474787,0.764729567157,-0.374423729863,0.736306308332,0.689670667468,59.999999837,59.9999991894
0.786726806647,-0.37970007653,0.764575948826,-0.374121772935,0.736306308332,0.689670667468,59.999999837,59.9999991894
0.78661503019,-0.37940232338,0.76442241894,-0.373819479984,0.736306308332,0.689670667468,59.999999837,59.9999991894
0.786503345832,-0.379104215579,0.764268977957,-0.373516851284,0.736306308332,0.689670667468,59.999999837,59.9999991894
0.786391753884,-0.378805753368,0.764115626333,-0.373213887122,0.736306308332,0.689670667468,59.999999837,59.9999991894
0.786280254658,-0.378506936991,0.763962364524,-0.372910587774,0.736306308332,0.689670667468,59.999999837,59.9999991894
0.786168848462,-0.378207766694,0.763809192986,-0.372606953521,0.736306308332,0.689670667468,59.999999837,59.9999991894
0.786057535604,-0.377908242721,0.763656112169,-0.372302984647,0.736306308332,0.689670667468,59.999999837,59.9999991894
0.785946316392,-0.377608365318,0.763503122529,-0.371998681431,0.736306308332,0.689670667468,59.999999837,59.9999991894
0.785835191132,-0.377308134731,0.763350224512,-0.371694044164,0.736306308332,0.689670667468,59.999999837,59.9999991894
0.785724160128,-0.377007551209,0.763197418572,-0.371389073124,0.736306308332,0.689670667468,59.999999837,59.9999991894
0.785613223685,-0.376706614999,0.763044705155,-0.3710837686,0.736306308332,0.689670667468,59.999999837,59.9999991894
0.785502382106,-0.376405326351,0.76289208471,-0.370778130877,0.736306308332,0.689670667468,59.999999837,59.9999991894
0.785391635691,-0.376103685513,0.762739557684,-0.370472160237,0.736306308332,0.689670667468,59.999999837,59.9999991894
0.785280984741,-0.375801692738,0.76258712452,-0.370165856973,0.736306308332,0.689670667468,59.999999837,59.9999991894
0.785170429556,-0.375499348276,0.762434785665,-0.369859221369,0.736306308332,0.689670667468,59.999999837,59.9999991894
0.785059970434,-0.375196652379,0.762282541558,-0.369552253718,0.736306308332,0.689670667468,59.999999837,59.9999991894
0.784949607672,-0.374893605299,0.762130392644,-0.369244954306,0.736306308332,0.689670667468,59.999999837,59.9999991894
0.784839341565,-0.374590207292,0.761978339364,-0.368937323421,0.736306308332,0.689670667468,59.999999837,59.9999991894
0.78472917241,-0.37428645861,0.761826382156,-0.368629361358,0.736306308332,0.689670667468,59.999999837,59.9999991894
0.784619100499,-0.37398235951,0.76167452146,-0.368321068404,0.736306308332,0.689670667468,59.999999837,59.9999991894
0.784509126126,-0.373677910246,0.761522757711,-0.368012444857,0.736306308332,0.689670667468,59.999999837,59.9999991894
0.784399249581,-0.373373111076,0.761371091347,-0.367703491005,0.736306308332,0.689670667468,59.999999837,59.9999991894
0.784289471155,-0.373067962256,0.761219522802,-0.367394207143,0.736306308332,0.689670667468,59.999999837,59.9999991894
0.784179791139,-0.372762464046,0.76106805251,-0.367084593567,0.736306308332,0.689670667468,59.999999837,59.9999991894
0.784070209818,-0.372456616704,0.760916680905,-0.366774650566,0.736306308332,0.689670667468,59.999999837,59.9999991894
0.783960727482,-0.372150420489,0.760765408416,-0.366464378442,0.736306308332,0.689670667468,59.999999837,59.9999991894
0.783851344416,-0.371843875662,0.760614235476,-0.366153777488,0.736306308332,0.689670667468,59.999999837,59.9999991894
0.783742060904,-0.371536982484,0.760463162512,-0.365842848004,0.736306308332,0.689670667468,59.999999837,59.9999991894
0.78363287723,-0.371229741217,0.760312189952,-0.365531590287,0.736306308332,0.689670667468,59.999999837,59.9999991894
0.783523793677,-0.370922152123,0.760161318227,-0.365220004629,0.736306308332,0.689670667468,59.999999837,59.9999991894
0.783414810527,-0.370614215467,0.760010547758,-0.364908091336,0.736306308332,0.689670667468,59.999999837,59.9999991894
0.783305928059,-0.370305931511,0.759859878973,-0.364595850702,0.736306308332,0.689670667468,59.999999837,59.9999991894
0.783197146554,-0.369997300521,0.759709312292,-0.364283283035,0.736306308332,0.689670667468,59.999999837,59.9999991894
0.783088466288,-0.369688322762,0.75955884814,-0.36397038863,0.736306308332,0.689670667468,59.999999837,59.9999991894
0.78297988754,-0.369378998501,0.759408486938,-0.363657167791,0.736306308332,0.689670667468,59.999999837,59.9999991894
0.782871410584,-0.369069328004,0.759258229105,-0.36334362082,0.736306308332,0.689670667468,59.999999837,59.9999991894
0.782763035696,-0.36875931154,0.759108075061,-0.363029748017,0.736306308332,0.689670667468,59.999999837,59.9999991894
0.78265476315,-0.368448949377,0.758958025222,-0.362715549691,0.736306308332,0.689670667468,59.999999837,59.9999991894
0.782546593218,-0.368138241784,0.758808080006,-0.362401026143,0.736306308332,0.689670667468,59.999999837,59.9999991894
0.782438526171,-0.367827189031,0.758658239826,-0.362086177681,0.736306308332,0.689670667468,59.999999837,59.9999991894
0.782330562279,-0.367515791388,0.758508505099,-0.361771004608,0.736306308332,0.689670667468,59.999999837,59.9999991894
0.782222701813,-0.367204049128,0.758358876238,-0.361455507229,0.736306308332,0.689670667468,59.999999837,59.9999991894
0.782114945039,-0.366891962522,0.758209353652,-0.361139685854,0.736306308332,0.689670667468,59.999999837,59.9999991894
0.782007292225,-0.366579531842,0.758059937756,-0.360823540789,0.736306308332,0.689670667468,59.999999837,59.9999991894
0.781899743636,-0.366266757364,0.757910628954,-0.360507072345,0.736306308332,0.689670667468,59.999999837,59.9999991894
0.781792299538,-0.36595363936,0.757761427659,-0.360190280829,0.736306308332,0.689670667468,59.999999837,59.9999991894
0.781684960194,-0.365640178107,0.757612334276,-0.359873166549,0.736306308332,0.689670667468,59.999999837,59.9999991894
0.781577725866,-0.365326373879,0.757463349212,-0.359555729818,0.736306308332,0.689670667468,59.999999837,59.9999991894
0.781470596815,-0.365012226953,0.757314472872,-0.359237970944,0.736306308332,0.689670667468,59.999999837,59.9999991894
0.781363573303,-0.364697737606,0.757165705659,-0.358919890243,0.736306308332,0.689670667468,59.999999837,59.9999991894
0.781256655587,-0.364382906116,0.757017047975,-0.358601488024,0.736306308332,0.689670667468,59.999999837,59.9999991894
0.781149843926,-0.364067732761,0.756868500222,-0.358282764601,0.736306308332,0.689670667468,59.999999837,59.9999991894
0.781043138577,-0.363752217822,0.756720062799,-0.357963720289,0.736306308332,0.689670667468,59.999999837,59.9999991894
0.780936539796,-0.363436361577,0.756571736108,-0.357644355397,0.736306308332,0.689670667468,59.999999837,59.9999991894
0.780830047837,-0.363120164307,0.756423520544,-0.357324670245,0.736306308332,0.689670667468,59.999999837,59.9999991894
0.780723662953,-0.362803626295,0.756275416506,-0.357004665145,0.736306308332,0.689670667468,59.999999837,59.9999991894
0.780617385397,-0.362486747821,0.756127424386,-0.356684340418,0.736306308332,0.689670667468,59.999999837,59.9999991894
0.780511215421,-0.362169529169,0.755979544581,-0.356363696377,0.736306308332,0.689670667468,59.999999837,59.9999991894
0.780405153274,-0.361851970622,0.755831777484,-0.356042733337,0.736306308332,0.689670667468,59.999999837,59.9999991894
0.780299199206,-0.361534072465,0.755684123485,-0.355721451621,0.736306308332,0.689670667468,59.999999837,59.9999991894
0.780193353464,-0.361215834981,0.755536582978,-0.355399851544,0.736306308332,0.689670667468,59.999999837,59.9999991894
0.780087616296,-0.360897258457,0.75538915635,-0.355077933428,0.736306308332,0.689670667468,59.999999837,59.9999991894
0.779981987946,-0.360578343179,0.75524184399,-0.354755697591,0.736306308332,0.689670667468,59.999999837,59.9999991894
0.77987646866,-0.360259089434,0.755094646286,-0.354433144354,0.736306308332,0.689670667468,59.999999837,59.9999991894
0.779771058681,-0.359939497509,0.754947563622,-0.35411027404,0.736306308332,0.689670667468,59.999999837,59.9999991894
0.779665758251,-0.359619567693,0.754800596387,-0.353787086966,0.736306308332,0.689670667468,59.999999837,59.9999991894
0.779560567611,-0.359299300275,0.75465374496,-0.353463583458,0.736306308332,0.689670667468,59.999999837,59.9999991894
0.779455487003,-0.358978695545,0.754507009727,-0.353139763838,0.736306308332,0.689670667468,59.999999837,59.9999991894
0.779350516664,-0.358657753792,0.754360391066,-0.352815628432,0.736306308332,0.689670667468,59.999999837,59.9999991894
0.779245656832,-0.358336475308,0.754213889359,-0.352491177562,0.736306308332,0.689670667468,59.999999837,59.9999991894
0.779140907745,-0.358014860384,0.754067504987,-0.352166411551,0.736306308332,0.689670667468,59.999999837,59.9999991894
0.779036269638,-0.357692909313,0.753921238324,-0.351841330727,0.736306308332,0.689670667468,59.999999837,59.9999991894
0.778931742745,-0.357370622388,0.753775089751,-0.351515935413,0.736306308332,0.689670667468,59.999999837,59.9999991894
0.778827327301,-0.357047999903,0.753629059639,-0.35119022594,0.736306308332,0.689670667468,59.999999837,59.9999991894
0.778723023536,-0.356725042152,0.753483148364,-0.350864202632,0.736306308332,0.689670667468,59.999999837,59.9999991894
0.778618831683,-0.35640174943,0.7533373563,-0.350537865819,0.736306308332,0.689670667468,59.999999837,59.9999991894
0.778514751972,-0.356078122033,0.753191683817,-0.350211215828,0.736306308332,0.689670667468,59.999999837,59.9999991894
0.778410784632,-0.355754160258,0.753046131289,-0.349884252987,0.736306308332,0.689670667468,59.999999837,59.9999991894
0.778306929889,-0.355429864401,0.752900699082,-0.349556977627,0.736306308332,0.689670667468,59.999999837,59.9999991894
0.778203187973,-0.35510523476,0.752755387566,-0.349229390078,0.736306308332,0.689670667468,59.999999837,59.9999991894
0.778099559107,-0.354780271633,0.752610197106,-0.348901490673,0.736306308332,0.689670667468,59.999999837,59.9999991894
0.777996043516,-0.35445497532,0.752465128071,-0.348573279741,0.736306308332,0.689670667468,59.999999837,59.9999991894
0.777892641425,-0.35412934612,0.752320180825,-0.348244757613,0.736306308332,0.689670667468,59.999999837,59.9999991894
0.777789353054,-0.353803384334,0.752175355731,-0.347915924623,0.736306308332,0.689670667468,59.999999837,59.9999991894
0.777686178627,-0.353477090263,0.752030653153,-0.347586781102,0.736306308332,0.689670667468,59.999999837,59.9999991894
0.777583118362,-0.353150464208,0.751886073449,-0.347257327388,0.736306308332,0.689670667468,59.999999837,59.9999991894
0.777480172478,-0.352823506472,0.751741616981,-0.346927563812,0.736306308332,0.689670667468,59.999999837,59.9999991894
0.777377341195,-0.352496217357,0.751597284108,-0.34659749071,0.736306308332,0.689670667468,59.999999837,59.9999991894
0.777274624727,-0.352168597168,0.751453075187,-0.346267108418,0.736306308332,0.689670667468,59.999999837,59.9999991894
0.777172023292,-0.351840646208,0.751308990577,-0.345936417269,0.736306308332,0.689670667468,59.999999837,59.9999991894
0.777069537104,-0.351512364783,0.751165030629,-0.345605417604,0.736306308332,0.689670667468,59.999999837,59.9999991894
0.776967166375,-0.351183753198,0.751021195701,-0.345274109756,0.736306308332,0.689670667468,59.999999837,59.9999991894
0.77686491132,-0.350854811759,0.750877486142,-0.344942494067,0.736306308332,0.689670667468,59.999999837,59.9999991894
0.776762772148,-0.350525540774,0.750733902307,-0.344610570874,0.736306308332,0.689670667468,59.999999837,59.9999991894
0.776660749071,-0.350195940548,0.750590444546,-0.344278340512,0.736306308332,0.689670667468,59.999999837,59.9999991894
0.776558842297,-0.349866011392,0.750447113208,-0.343945803324,0.736306308332,0.689670667468,59.999999837,59.9999991894
0.776457052034,-0.349535753613,0.750303908642,-0.343612959649,0.736306308332,0.689670667468,59.999999837,59.9999991894
0.776355378489,-0.349205167521,0.750160831193,-0.343279809828,0.736306308332,0.689670667468,59.999999837,59.9999991894
0.776253821868,-0.348874253426,0.750017881209,-0.342946354203,0.736306308332,0.689670667468,59.999999837,59.9999991894
0.776152382376,-0.348543011638,0.749875059032,-0.342612593114,0.736306308332,0.689670667468,59.999999837,59.9999991894
0.776051060217,-0.348211442469,0.749732365008,-0.342278526905,0.736306308332,0.689670667468,59.999999837,59.9999991894
0.775949855592,-0.347879546231,0.749589799479,-0.341944155915,0.736306308332,0.689670667468,59.999999837,59.9999991894
0.775848768704,-0.347547323236,0.749447362785,-0.341609480491,0.736306308332,0.689670667468,59.999999837,59.9999991894
0.775747799752,-0.347214773796,0.749305055266,-0.341274500975,0.736306308332,0.689670667468,59.999999837,59.9999991894
0.775646948937,-0.346881898227,0.749162877261,-0.340939217713,0.736306308332,0.689670667468,59.999999837,59.9999991894
0.775546216456,-0.346548696841,0.749020829108,-0.34060363105,0.736306308332,0.689670667468,59.999999837,59.9999991894
0.775445602506,-0.346215169954,0.748878911143,-0.340267741329,0.736306308332,0.689670667468,59.999999837,59.9999991894
0.775345107284,-0.345881317881,0.748737123701,-0.339931548898,0.736306308332,0.689670667468,59.999999837,59.9999991894
0.775244730984,-0.34554714094,0.748595467117,-0.339595054101,0.736306308332,0.689670667468,59.999999837,59.9999991894
0.7751444738,-0.345212639446,0.748453941722,-0.339258257289,0.736306308332,0.689670667468,59.999999837,59.9999991894
0.775044335924,-0.344877813717,0.748312547848,-0.338921158807,0.736306308332,0.689670667468,59.999999837,59.9999991894
0.774944317549,-0.344542664072,0.748171285826,-0.338583759005,0.736306308332,0.689670667468,59.999999837,59.9999991894
0.774844418865,-0.344207190828,0.748030155985,-0.338246058231,0.736306308332,0.689670667468,59.999999837,59.9999991894
0.774744640061,-0.343871394305,0.747889158654,-0.337908056832,0.736306308332,0.689670667468,59.999999837,59.9999991894
0.774644981326,-0.343535274823,0.747748294159,-0.33756975516,0.736306308332,0.689670667468,59.999999837,59.9999991894
0.774545442847,-0.343198832703,0.747607562827,-0.337231153563,0.736306308332,0.689670667468,59.999999837,59.9999991894
0.774446024809,-0.342862068265,0.74746696498,-0.336892252395,0.736306308332,0.689670667468,59.999999837,59.9999991894
0.7743467274,-0.342524981831,0.747326500943,-0.336553052005,0.736306308332,0.689670667468,59.999999837,59.9999991894
0.774247550801,-0.342187573724,0.747186171037,-0.336213552746,0.736306308332,0.689670667468,59.999999837,59.9999991894
0.774148495197,-0.341849844265,0.747045975584,-0.33587375497,0.736306308332,0.689670667468,59.999999837,59.9999991894
0.77404956077,-0.34151179378,0.746905914905,-0.335533659028,0.736306308332,0.689670667468,59.999999837,59.9999991894
0.773950747699,-0.341173422592,0.746765989316,-0.335193265276,0.736306308332,0.689670667468,59.999999837,59.9999991894
0.773852056165,-0.340834731025,0.746626199136,-0.334852574065,0.736306308332,0.689670667468,59.999999837,59.9999991894
0.773753486346,-0.340495719404,0.746486544681,-0.334511585753,0.736306308332,0.689670667468,59.999999837,59.9999991894
0.77365503842,-0.340156388057,0.746347026265,-0.334170300693,0.736306308332,0.689670667468,59.999999837,59.9999991894
0.773556712564,-0.339816737308,0.746207644204,-0.333828719239,0.736306308332,0.689670667468,59.999999837,59.9999991894
0.773458508953,-0.339476767485,0.746068398809,-0.333486841749,0.736306308332,0.689670667468,59.999999837,59.9999991894
0.773360427761,-0.339136478915,0.745929290392,-0.333144668576,0.736306308332,0.689670667468,59.999999837,59.9999991894
0.773262469162,-0.338795871927,0.745790319264,-0.332802200081,0.736306308332,0.689670667468,59.999999837,59.9999991894
0.773164633328,-0.338454946849,0.745651485734,-0.332459436618,0.736306308332,0.689670667468,59.999999837,59.9999991894
0.773066920429,-0.338113704011,0.745512790108,-0.332116378548,0.736306308332,0.689670667468,59.999999837,59.9999991894
0.772969330637,-0.337772143742,0.745374232695,-0.331773026227,0.736306308332,0.689670667468,59.999999837,59.9999991894
0.77287186412,-0.337430266373,0.745235813801,-0.331429380014,0.736306308332,0.689670667468,59.999999837,59.9999991894
0.772774521046,-0.337088072235,0.745097533729,-0.331085440269,0.736306308332,0.689670667468,59.999999837,59.9999991894
0.772677301582,-0.336745561659,0.744959392784,-0.33074120735,0.736306308332,0.689670667468,59.999999837,59.9999991894
0.772580205894,-0.336402734978,0.744821391266,-0.330396681619,0.736306308332,0.689670667468,59.999999837,59.9999991894
0.772483234146,-0.336059592525,0.744683529477,-0.330051863436,0.736306308332,0.689670667468,59.999999837,59.9999991894
0.772386386504,-0.335716134632,0.744545807717,-0.329706753164,0.736306308332,0.689670667468,59.999999837,59.9999991894
0.772289663127,-0.335372361633,0.744408226284,-0.329361351163,0.736306308332,0.689670667468,59.999999837,59.9999991894
0.77219306418,-0.335028273863,0.744270785476,-0.329015657793,0.736306308332,0.689670667468,59.999999837,59.9999991894
0.772096589822,-0.334683871657,0.744133485589,-0.32866967342,0.736306308332,0.689670667468,59.999999837,59.9999991894
0.772000240213,-0.33433915535,0.74399632692,-0.328323398404,0.736306308332,0.689670667468,59.999999837,59.9999991894
0.77190401551,-0.333994125279,0.743859309759,-0.327976833112,0.736306308332,0.689670667468,59.999999837,59.9999991894
0.771807915873,-0.333648781779,0.743722434402,-0.327629977906,0.736306308332,0.689670667468,59.999999837,59.9999991894
0.771711941456,-0.333303125189,0.743585701139,-0.327282833152,0.736306308332,0.689670667468,59.999999837,59.9999991894
0.771616092416,-0.332957155845,0.743449110261,-0.326935399213,0.736306308332,0.689670667468,59.999999837,59.9999991894
0.771520368906,-0.332610874086,0.743312662058,-0.326587676454,0.736306308332,0.689670667468,59.999999837,59.9999991894
0.771424771079,-0.332264280251,0.743176356817,-0.326239665242,0.736306308332,0.689670667468,59.999999837,59.9999991894
0.771329299089,-0.33191737468,0.743040194825,-0.325891365942,0.736306308332,0.689670667468,59.999999837,59.9999991894
0.771233953085,-0.331570157712,0.742904176369,-0.325542778923,0.736306308332,0.689670667468,59.999999837,59.9999991894
0.771138733219,-0.331222629686,0.742768301732,-0.32519390455,0.736306308332,0.689670667468,59.999999837,59.9999991894
0.771043639639,-0.330874790945,0.742632571197,-0.324844743193,0.736306308332,0.689670667468,59.999999837,59.9999991894
0.770948672493,-0.330526641829,0.742496985048,-0.324495295218,0.736306308332,0.689670667468,59.999999837,59.9999991894
0.770853831929,-0.33017818268,0.742361543566,-0.324145560994,0.736306308332,0.689670667468,59.999999837,59.9999991894
0.770759118092,-0.32982941384,0.742226247031,-0.323795540889,0.736306308332,0.689670667468,59.999999837,59.9999991894
0.770664531127,-0.329480335653,0.742091095721,-0.323445235273,0.736306308332,0.689670667468,59.999999837,59.9999991894
0.770570071179,-0.329130948462,0.741956089913,-0.323094644517,0.736306308332,0.689670667468,59.999999837,59.9999991894
0.770475738389,-0.328781252613,0.741821229886,-0.32274376899,0.736306308332,0.689670667468,59.999999837,59.9999991894
0.7703815329,-0.328431248447,0.741686515912,-0.322392609064,0.736306308332,0.689670667468,59.999999837,59.9999991894
0.770287454852,-0.328080936313,0.741551948267,-0.322041165109,0.736306308332,0.689670667468,59.999999837,59.9999991894
0.770193504386,-0.327730316554,0.741417527225,-0.321689437495,0.736306308332,0.689670667468,59.999999837,59.9999991894
0.770099681639,-0.327379389518,0.741283253056,-0.321337426596,0.736306308332,0.689670667468,59.999999837,59.9999991894
0.77000598675,-0.327028155551,0.741149126032,-0.320985132784,0.736306308332,0.689670667468,59.999999837,59.9999991894
0.769912419855,-0.326676615,0.741015146422,-0.320632556431,0.736306308332,0.689670667468,59.999999837,59.9999991894
0.76981898109,-0.326324768213,0.740881314494,-0.320279697912,0.736306308332,0.689670667468,59.999999837,59.9999991894
0.769725670589,-0.325972615539,0.740747630516,-0.319926557599,0.736306308332,0.689670667468,59.999999837,59.9999991894
0.769632488486,-0.325620157326,0.740614094754,-0.319573135867,0.736306308332,0.689670667468,59.999999837,59.9999991894
0.769539434913,-0.325267393924,0.740480707472,-0.319219433089,0.736306308332,0.689670667468,59.999999837,59.9999991894
0.769446510003,-0.324914325681,0.740347468936,-0.318865449641,0.736306308332,0.689670667468,59.999999837,59.9999991894
0.769353713886,-0.32456095295,0.740214379406,-0.318511185897,0.736306308332,0.689670667468,59.999999837,59.9999991894
0.76926104669,-0.32420727608,0.740081439146,-0.318156642234,0.736306308332,0.689670667468,59.999999837,59.9999991894
0.769168508546,-0.323853295424,0.739948648414,-0.317801819027,0.736306308332,0.689670667468,59.999999837,59.9999991894
0.769076099579,-0.323499011332,0.739816007471,-0.317446716655,0.736306308332,0.689670667468,59.999999837,59.9999991894
0.768983819917,-0.323144424157,0.739683516574,-0.317091335492,0.736306308332,0.689670667468,59.999999837,59.9999991894
0.768891669685,-0.322789534252,0.73955117598,-0.316735675916,0.736306308332,0.689670667468,59.999999837,59.9999991894
0.768799649008,-0.322434341971,0.739418985946,-0.316379738305,0.736306308332,0.689670667468,59.999999837,59.9999991894
0.768707758009,-0.322078847666,0.739286946726,-0.316023523036,0.736306308332,0.689670667468,59.999999837,59.9999991894
0.768615996811,-0.321723051693,0.739155058574,-0.315667030488,0.736306308332,0.689670667468,59.999999837,59.9999991894
0.768524365534,-0.321366954406,0.739023321741,-0.315310261041,0.736306308332,0.689670667468,59.999999837,59.9999991894
0.768432864301,-0.32101055616,0.738891736479,-0.314953215073,0.736306308332,0.689670667468,59.999999837,59.9999991894
0.768341493229,-0.320653857311,0.738760303038,-0.314595892963,0.736306308332,0.689670667468,59.999999837,59.9999991894
0.768250252439,-0.320296858213,0.738629021668,-0.314238295093,0.736306308332,0.689670667468,59.999999837,59.9999991894
0.768159142047,-0.319939559226,0.738497892615,-0.313880421841,0.736306308332,0.689670667468,59.999999837,59.9999991894
0.76806816217,-0.319581960703,0.738366916128,-0.313522273589,0.736306308332,0.689670667468,59.999999837,59.9999991894
0.767977312924,-0.319224063005,0.73823609245,-0.313163850718,0.736306308332,0.689670667468,59.999999837,59.9999991894
0.767886594423,-0.318865866489,0.738105421828,-0.312805153608,0.736306308332,0.689670667468,59.999999837,59.9999991894
0.76779600678,-0.318507371514,0.737974904504,-0.312446182643,0.736306308332,0.689670667468,59.999999837,59.9999991894
0.767705550108,-0.318148578438,0.737844540721,-0.312086938203,0.736306308332,0.689670667468,59.999999837,59.9999991894
0.767615224519,-0.317789487622,0.737714330718,-0.311727420673,0.736306308332,0.689670667468,59.999999837,59.9999991894
0.767525030124,-0.317430099425,0.737584274738,-0.311367630435,0.736306308332,0.689670667468,59.999999837,59.9999991894
0.767434967031,-0.317070414209,0.737454373017,-0.311007567871,0.736306308332,0.689670667468,59.999999837,59.9999991894
0.767345035349,-0.316710432333,0.737324625795,-0.310647233365,0.736306308332,0.689670667468,59.999999837,59.9999991894
0.767255235187,-0.31635015416,0.737195033308,-0.310286627302,0.736306308332,0.689670667468,59.999999837,59.9999991894
0.767165566651,-0.315989580051,0.73706559579,-0.309925750065,0.736306308332,0.689670667468,59.999999837,59.9999991894
0.767076029845,-0.315628710369,0.736936313478,-0.309564602039,0.736306308332,0.689670667468,59.999999837,59.9999991894
0.766986624877,-0.315267545476,0.736807186603,-0.309203183611,0.736306308332,0.689670667468,59.999999837,59.9999991894
0.766897351847,-0.314906085737,0.736678215398,-0.308841495164,0.736306308332,0.689670667468,59.999999837,59.9999991894
0.766808210861,-0.314544331513,0.736549400093,-0.308479537085,0.736306308332,0.689670667468,59.999999837,59.9999991894
0.76671920202,-0.314182283172,0.73642074092,-0.308117309759,0.736306308332,0.689670667468,59.999999837,59.9999991894
0.766630325424,-0.313819941074,0.736292238107,-0.307754813573,0.736306308332,0.689670667468,59.999999837,59.9999991894
0.766541581172,-0.313457305588,0.736163891881,-0.307392048913,0.736306308332,0.689670667468,59.999999837,59.9999991894
0.766452969366,-0.313094377078,0.736035702469,-0.307029016167,0.736306308332,0.689670667468,59.999999837,59.9999991894
0.766364490103,-0.312731155907,0.735907670096,-0.306665715722,0.736306308332,0.689670667468,59.999999837,59.9999991894
0.766276143479,-0.312367642444,0.735779794988,-0.306302147966,0.736306308332,0.689670667468,59.999999837,59.9999991894
0.766187929591,-0.312003837054,0.735652077366,-0.305938313286,0.736306308332,0.689670667468,59.999999837,59.9999991894
0.766099848534,-0.311639740107,0.735524517454,-0.305574212072,0.736306308332,0.689670667468,59.999999837,59.9999991894
0.766011900403,-0.311275351967,0.735397115472,-0.305209844713,0.736306308332,0.689670667468,59.999999837,59.9999991894
0.76592408529,-0.310910673005,0.73526987164,-0.304845211596,0.736306308332,0.689670667468,59.999999837,59.9999991894
0.765836403287,-0.310545703587,0.735142786178,-0.30448031311,0.736306308332,0.689670667468,59.999999837,59.9999991894
0.765748854487,-0.310180444086,0.735015859303,-0.304115149647,0.736306308332,0.689670667468,59.999999837,59.9999991894
0.765661438979,-0.309814894868,0.734889091232,-0.303749721596,0.736306308332,0.689670667468,59.999999837,59.9999991894
0.765574156853,-0.309449056304,0.73476248218,-0.303384029347,0.736306308332,0.689670667468,59.999999837,59.9999991894
0.765487008197,-0.309082928765,0.734636032362,-0.30301807329,0.736306308332,0.689670667468,59.999999837,59.9999991894
0.765399993099,-0.308716512621,0.734509741991,-0.302651853818,0.736306308332,0.689670667468,59.999999837,59.9999991894
0.765313111646,-0.308349808243,0.73438361128,-0.30228537132,0.736306308332,0.689670667468,59.999999837,59.9999991894
0.765226363922,-0.307982816004,0.73425764044,-0.301918626188,0.736306308332,0.689670667468,59.999999837,59.9999991894
0.765139750014,-0.307615536274,0.734131829681,-0.301551618815,0.736306308332,0.689670667468,59.999999837,59.9999991894
0.765053270005,-0.307247969427,0.734006179211,-0.301184349592,0.736306308332,0.689670667468,59.999999837,59.9999991894
0.764966923977,-0.306880115835,0.73388068924,-0.300816818912,0.736306308332,0.689670667468,59.999999837,59.9999991894
0.764880712014,-0.30651197587,0.733755359974,-0.300449027166,0.736306308332,0.689670667468,59.999999837,59.9999991894
0.764794634195,-0.306143549906,0.733630191619,-0.30008097475,0.736306308332,0.689670667468,59.999999837,59.9999991894
0.764708690603,-0.305774838316,0.73350518438,-0.299712662054,0.736306308332,0.689670667468,59.999999837,59.9999991894
0.764622881315,-0.305405841477,0.733380338459,-0.299344089475,0.736306308332,0.689670667468,59.999999837,59.9999991894
0.76453720641,-0.30503655976,0.733255654061,-0.298975257404,0.736306308332,0.689670667468,59.999999837,59.9999991894
0.764451665966,-0.304666993544,0.733131131386,-0.298606166236,0.736306308332,0.689670667468,59.999999837,59.9999991894
0.764366260059,-0.304297143201,0.733006770635,-0.298236816366,0.736306308332,0.689670667468,59.999999837,59.9999991894
0.764280988764,-0.303927009111,0.732882572007,-0.297867208188,0.736306308332,0.689670667468,59.999999837,59.9999991894
0.764195852156,-0.303556591647,0.732758535701,-0.297497342098,0.736306308332,0.689670667468,59.999999837,59.9999991894
0.764110850309,-0.303185891189,0.732634661914,-0.297127218489,0.736306308332,0.689670667468,59.999999837,59.9999991894
0.764025983296,-0.302814908112,0.732510950842,-0.296756837759,0.736306308332,0.689670667468,59.999999837,59.9999991894
0.763941251189,-0.302443642795,0.732387402681,-0.296386200303,0.736306308332,0.689670667468,59.999999837,59.9999991894
0.763856654058,-0.302072095616,0.732264017623,-0.296015306516,0.736306308332,0.689670667468,59.999999837,59.9999991894
0.763772191974,-0.301700266953,0.732140795864,-0.295644156796,0.736306308332,0.689670667468,59.999999837,59.9999991894
0.763687865007,-0.301328157184,0.732017737593,-0.295272751538,0.736306308332,0.689670667468,59.999999837,59.9999991894
0.763603673224,-0.300955766689,0.731894843003,-0.29490109114,0.736306308332,0.689670667468,59.999999837,59.9999991894
0.763519616693,-0.300583095846,0.731772112282,-0.294529175999,0.736306308332,0.689670667468,59.999999837,59.9999991894
0.763435695482,-0.300210145035,0.731649545621,-0.294157006511,0.736306308332,0.689670667468,59.999999837,59.9999991894
0.763351909655,-0.299836914637,0.731527143207,-0.293784583075,0.736306308332,0.689670667468,59.999999837,59.9999991894
0.763268259279,-0.299463405031,0.731404905226,-0.293411906089,0.736306308332,0.689670667468,59.999999837,59.9999991894
0.763184744415,-0.2990896166,0.731282831864,-0.29303897595,0.736306308332,0.689670667468,59.999999837,59.9999991894
0.763101365129,-0.298715549724,0.731160923305,-0.292665793058,0.736306308332,0.689670667468,59.999999837,59.9999991894
0.763018121481,-0.298341204788,0.731039179734,-0.292292357809,0.736306308332,0.689670667468,59.999999837,59.9999991894
0.762935013533,-0.29796658217,0.730917601333,-0.291918670604,0.736306308332,0.689670667468,59.999999837,59.9999991894
0.762852041345,-0.297591682256,0.730796188283,-0.291544731842,0.736306308332,0.689670667468,59.999999837,59.9999991894
0.762769204978,-0.297216505426,0.730674940765,-0.291170541921,0.736306308332,0.689670667468,59.999999837,59.9999991894
0.762686504489,-0.296841052067,0.730553858959,-0.290796101242,0.736306308332,0.689670667468,59.999999837,59.9999991894
0.762603939936,-0.29646532256,0.730432943041,-0.290421410203,0.736306308332,0.689670667468,59.999999837,59.9999991894
0.762521511377,-0.296089317289,0.730312193191,-0.290046469206,0.736306308332,0.689670667468,59.999999837,59.9999991894
0.762439218867,-0.295713036639,0.730191609585,-0.28967127865,0.736306308332,0.689670667468,59.999999837,59.9999991894
0.762357062464,-0.295336480991,0.730071192396,-0.289295838936,0.736306308332,0.689670667468,59.999999837,59.9999991894
0.762275042219,-0.294959650735,0.729950941801,-0.288920150465,0.736306308332,0.689670667468,59.999999837,59.9999991894
0.762193158188,-0.294582546252,0.729830857972,-0.288544213637,0.736306308332,0.689670667468,59.999999837,59.9999991894
0.762111410422,-0.294205167931,0.729710941082,-0.288168028854,0.736306308332,0.689670667468,59.999999837,59.9999991894
0.762029798975,-0.293827516156,0.729591191301,-0.287791596516,0.736306308332,0.689670667468,59.999999837,59.9999991894
0.761948323895,-0.293449591316,0.7294716088,-0.287414917027,0.736306308332,0.689670667468,59.999999837,59.9999991894
0.761866985234,-0.293071393795,0.729352193748,-0.287037990786,0.736306308332,0.689670667468,59.999999837,59.9999991894
0.76178578304,-0.292692923983,0.729232946313,-0.286660818197,0.736306308332,0.689670667468,59.999999837,59.9999991894
0.761704717363,-0.292314182266,0.729113866663,-0.286283399661,0.736306308332,0.689670667468,59.999999837,59.9999991894
0.76162378825,-0.291935169033,0.728994954964,-0.285905735581,0.736306308332,0.689670667468,59.999999837,59.9999991894
0.761542995747,-0.291555884671,0.72887621138,-0.28552782636,0.736306308332,0.689670667468,59.999999837,59.9999991894
0.761462339901,-0.291176329567,0.728757636076,-0.2851496724,0.736306308332,0.689670667468,59.999999837,59.9999991894
0.761381820756,-0.290796504112,0.728639229215,-0.284771274104,0.736306308332,0.689670667468,59.999999837,59.9999991894
0.761301438359,-0.290416408691,0.728520990959,-0.284392631877,0.736306308332,0.689670667468,59.999999837,59.9999991894
0.761221192751,-0.290036043699,0.728402921469,-0.28401374612,0.736306308332,0.689670667468,59.999999837,59.9999991894
0.761141083975,-0.289655409521,0.728285020906,-0.283634617238,0.736306308332,0.689670667468,59.999999837,59.9999991894
0.761061112073,-0.289274506551,0.728167289428,-0.283255245634,0.736306308332,0.689670667468,59.999999837,59.9999991894
0.760981277086,-0.288893335177,0.728049727194,-0.282875631713,0.736306308332,0.689670667468,59.999999837,59.9999991894
0.760901579054,-0.288511895793,0.727932334361,-0.282495775878,0.736306308332,0.689670667468,59.999999837,59.9999991894
0.760822018016,-0.288130188787,0.727815111085,-0.282115678534,0.736306308332,0.689670667468,59.999999837,59.9999991894
0.76074259401,-0.287748214553,0.727698057521,-0.281735340086,0.736306308332,0.689670667468,59.999999837,59.9999991894
0.760663307075,-0.287365973481,0.727581173823,-0.281354760937,0.736306308332,0.689670667468,59.999999837,59.9999991894
0.760584157248,-0.286983465962,0.727464460145,-0.280973941494,0.736306308332,0.689670667468,59.999999837,59.9999991894
0.760505144565,-0.286600692389,0.727347916639,-0.280592882161,0.736306308332,0.689670667468,59.999999837,59.9999991894
0.760426269061,-0.286217653154,0.727231543457,-0.280211583343,0.736306308332,0.689670667468,59.999999837,59.9999991894
0.76034753077,-0.285834348652,0.727115340747,-0.279830045446,0.736306308332,0.689670667468,59.999999837,59.9999991894
0.760268929727,-0.285450779273,0.726999308661,-0.279448268875,0.736306308332,0.689670667468,59.999999837,59.9999991894
0.760190465964,-0.285066945415,0.726883447345,-0.279066254037,0.736306308332,0.689670667468,59.999999837,59.9999991894
0.760112139512,-0.284682847469,0.726767756948,-0.278684001336,0.736306308332,0.689670667468,59.999999837,59.9999991894
0.760033950404,-0.284298485832,0.726652237615,-0.27830151118,0.736306308332,0.689670667468,59.999999837,59.9999991894
0.75995589867,-0.283913860896,0.726536889493,-0.277918783974,0.736306308332,0.689670667468,59.999999837,59.9999991894
0.759877984338,-0.283528973058,0.726421712726,-0.277535820125,0.736306308332,0.689670667468,59.999999837,59.9999991894
0.75980020744,-0.283143822711,0.726306707456,-0.27715262004,0.736306308332,0.689670667468,59.999999837,59.9999991894
0.759722568003,-0.282758410249,0.726191873827,-0.276769184124,0.736306308332,0.689670667468,59.999999837,59.9999991894
0.759645066054,-0.28237273607,0.726077211981,-0.276385512785,0.736306308332,0.689670667468,59.999999837,59.9999991894
0.75956770162,-0.281986800568,0.725962722058,-0.276001606431,0.736306308332,0.689670667468,59.999999837,59.9999991894
0.759490474726,-0.281600604142,0.725848404197,-0.275617465467,0.736306308332,0.689670667468,59.999999837,59.9999991894
0.759413385399,-0.281214147187,0.725734258538,-0.275233090301,0.736306308332,0.689670667468,59.999999837,59.9999991894
0.75933643366,-0.280827430102,0.725620285217,-0.274848481341,0.736306308332,0.689670667468,59.999999837,59.9999991894
0.759259619535,-0.280440453281,0.725506484373,-0.274463638994,0.736306308332,0.689670667468,59.999999837,59.9999991894
0.759182943046,-0.280053217125,0.725392856141,-0.274078563668,0.736306308332,0.689670667468,59.999999837,59.9999991894
0.759106404215,-0.27966572203,0.725279400656,-0.273693255771,0.736306308332,0.689670667468,59.999999837,59.9999991894
0.759030003063,-0.279277968392,0.725166118051,-0.273307715711,0.736306308332,0.689670667468,59.999999837,59.9999991894
0.758953739612,-0.27888995661,0.725053008461,-0.272921943895,0.736306308332,0.689670667468,59.999999837,59.9999991894
0.758877613881,-0.278501687083,0.724940072016,-0.272535940733,0.736306308332,0.689670667468,59.999999837,59.9999991894
0.758801625887,-0.278113160211,0.724827308849,-0.272149706632,0.736306308332,0.689670667468,59.999999837,59.9999991894
0.758725775651,-0.277724376391,0.724714719089,-0.271763242002,0.736306308332,0.689670667468,59.999999837,59.9999991894
0.758650063188,-0.277335336025,0.724602302866,-0.271376547251,0.736306308332,0.689670667468,59.999999837,59.9999991894
0.758574488517,-0.276946039511,0.724490060308,-0.270989622787,0.736306308332,0.689670667468,59.999999837,59.9999991894
0.758499051651,-0.276556487252,0.724377991543,-0.270602469019,0.736306308332,0.689670667468,59.999999837,59.9999991894
0.758423752608,-0.276166679644,0.724266096697,-0.270215086357,0.736306308332,0.689670667468,59.999999837,59.9999991894
0.758348591402,-0.275776617087,0.724154375896,-0.269827475209,0.736306308332,0.689670667468,59.999999837,59.9999991894
0.758273568046,-0.275386299985,0.724042829265,-0.269439635985,0.736306308332,0.689670667468,59.999999837,59.9999991894
0.758198682554,-0.274995728735,0.723931456927,-0.269051569094,0.736306308332,0.689670667468,59.999999837,59.9999991894
0.758123934937,-0.274604903742,0.723820259006,-0.268663274945,0.736306308332,0.689670667468,59.999999837,59.9999991894
0.758049325208,-0.274213825406,0.723709235624,-0.268274753948,0.736306308332,0.689670667468,59.999999837,59.9999991894
0.757974853376,-0.27382249413,0.723598386901,-0.267886006513,0.736306308332,0.689670667468,59.999999837,59.9999991894
0.757900519452,-0.273430910315,0.723487712958,-0.267497033049,0.736306308332,0.689670667468,59.999999837,59.9999991894
0.757826323446,-0.273039074363,0.723377213914,-0.267107833965,0.736306308332,0.689670667468,59.999999837,59.9999991894
0.757752265365,-0.272646986677,0.723266889887,-0.266718409673,0.736306308332,0.689670667468,59.999999837,59.9999991894
0.75767834522,-0.272254647657,0.723156740995,-0.266328760582,0.736306308332,0.689670667468,59.999999837,59.9999991894
0.757604563016,-0.271862057709,0.723046767355,-0.265938887102,0.736306308332,0.689670667468,59.999999837,59.9999991894
0.75753091876,-0.271469217235,0.722936969082,-0.265548789643,0.736306308332,0.689670667468,59.999999837,59.9999991894
0.757457412458,-0.271076126641,0.722827346291,-0.265158468615,0.736306308332,0.689670667468,59.999999837,59.9999991894
0.757384044114,-0.270682786327,0.722717899097,-0.26476792443,0.736306308332,0.689670667468,59.999999837,59.9999991894
0.757310813733,-0.270289196701,0.722608627611,-0.264377157496,0.736306308332,0.689670667468,59.999999837,59.9999991894
0.75723772132,-0.269895358166,0.722499531946,-0.263986168226,0.736306308332,0.689670667468,59.999999837,59.9999991894
0.757164766877,-0.269501271122,0.722390612214,-0.26359495703,0.736306308332,0.689670667468,59.999999837,59.9999991894
0.757091950406,-0.269106935978,0.722281868525,-0.263203524317,0.736306308332,0.689670667468,59.999999837,59.9999991894
0.75701927191,-0.268712353136,0.722173300989,-0.2628118705,0.736306308332,0.689670667468,59.999999837,59.9999991894
0.756946731389,-0.268317523004,0.722064909713,-0.262419995989,0.736306308332,0.689670667468,59.999999837,59.9999991894
0.756874328843,-0.267922445986,0.721956694806,-0.262027901194,0.736306308332,0.689670667468,59.999999837,59.9999991894
0.756802064272,-0.26752712249,0.721848656375,-0.261635586527,0.736306308332,0.689670667468,59.999999837,59.9999991894
0.756729937674,-0.26713155292,0.721740794526,-0.261243052399,0.736306308332,0.689670667468,59.999999837,59.9999991894
0.756657949049,-0.26673573768,0.721633109363,-0.260850299221,0.736306308332,0.689670667468,59.999999837,59.9999991894
0.756586098393,-0.266339677179,0.721525600992,-0.260457327404,0.736306308332,0.689670667468,59.999999837,59.9999991894
0.756514385705,-0.26594337182,0.721418269516,-0.26006413736,0.736306308332,0.689670667468,59.999999837,59.9999991894
0.756442810978,-0.265546822014,0.721311115037,-0.2596707295,0.736306308332,0.689670667468,59.999999837,59.9999991894
0.75637137421,-0.265150028165,0.721204137657,-0.259277104235,0.736306308332,0.689670667468,59.999999837,59.9999991894
0.756300075395,-0.264752990683,0.721097337477,-0.258883261976,0.736306308332,0.689670667468,59.999999837,59.9999991894
0.756228914527,-0.264355709973,0.720990714596,-0.258489203135,0.736306308332,0.689670667468,59.999999837,59.9999991894
0.7561578916,-0.263958186443,0.720884269115,-0.258094928125,0.736306308332,0.689670667468,59.999999837,59.9999991894
0.756087006606,-0.263560420501,0.720778001132,-0.257700437355,0.736306308332,0.689670667468,59.999999837,59.9999991894
0.75601625954,-0.263162412554,0.720671910743,-0.257305731239,0.736306308332,0.689670667468,59.999999837,59.9999991894
0.75594565039,-0.262764163011,0.720565998047,-0.256910810187,0.736306308332,0.689670667468,59.999999837,59.9999991894
0.755875179149,-0.26236567228,0.720460263138,-0.256515674611,0.736306308332,0.689670667468,59.999999837,59.9999991894
0.755804845806,-0.261966940772,0.720354706111,-0.256120324923,0.736306308332,0.689670667468,59.999999837,59.9999991894
0.755734650352,-0.261567968894,0.720249327061,-0.255724761536,0.736306308332,0.689670667468,59.999999837,59.9999991894
0.755664592776,-0.261168757053,0.720144126081,-0.25532898486,0.736306308332,0.689670667468,59.999999837,59.9999991894
0.755594673065,-0.260769305661,0.720039103263,-0.254932995307,0.736306308332,0.689670667468,59.999999837,59.9999991894
0.755524891209,-0.260369615125,0.7199342587,-0.25453679329,0.736306308332,0.689670667468,59.999999837,59.9999991894
0.755455247192,-0.259969685857,0.719829592482,-0.25414037922,0.736306308332,0.689670667468,59.999999837,59.9999991894
0.755385741003,-0.259569518265,0.719725104699,-0.25374375351,0.736306308332,0.689670667468,59.999999837,59.9999991894
0.755316372626,-0.259169112762,0.719620795441,-0.253346916571,0.736306308332,0.689670667468,59.999999837,59.9999991894
0.755247142048,-0.258768469756,0.719516664795,-0.252949868815,0.736306308332,0.689670667468,59.999999837,59.9999991894
0.755178049253,-0.258367589655,0.71941271285,-0.252552610655,0.736306308332,0.689670667468,59.999999837,59.9999991894
0.755109094224,-0.257966472872,0.719308939692,-0.252155142502,0.736306308332,0.689670667468,59.999999837,59.9999991894
0.755040276946,-0.257565119817,0.719205345408,-0.251757464768,0.736306308332,0.689670667468,59.999999837,59.9999991894
0.7549715974,-0.257163530903,0.719101930081,-0.251359577866,0.736306308332,0.689670667468,59.999999837,59.9999991894
0.754903055569,-0.256761706538,0.718998693798,-0.250961482208,0.736306308332,0.689670667468,59.999999837,59.9999991894
0.754834651435,-0.256359647136,0.718895636641,-0.250563178206,0.736306308332,0.689670667468,59.999999837,59.9999991894
0.754766384978,-0.255957353108,0.718792758693,-0.250164666272,0.736306308332,0.689670667468,59.999999837,59.9999991894
0.754698256179,-0.255554824863,0.718690060036,-0.249765946817,0.736306308332,0.689670667468,59.999999837,59.9999991894
0.754630265017,-0.255152062815,0.718587540751,-0.249367020256,0.736306308332,0.689670667468,59.999999837,59.9999991894
0.754562411472,-0.254749067375,0.71848520092,-0.248967886999,0.736306308332,0.689670667468,59.999999837,59.9999991894
0.754494695522,-0.254345838958,0.71838304062,-0.248568547458,0.736306308332,0.689670667468,59.999999837,59.9999991894
0.754427117144,-0.253942377973,0.718281059932,-0.248169002046,0.736306308332,0.689670667468,59.999999837,59.9999991894
0.754359676317,-0.253538684833,0.718179258933,-0.247769251176,0.736306308332,0.689670667468,59.999999837,59.9999991894
0.754292373017,-0.253134759952,0.718077637701,-0.247369295258,0.736306308332,0.689670667468,59.999999837,59.9999991894
0.754225207221,-0.252730603741,0.717976196312,-0.246969134706,0.736306308332,0.689670667468,59.999999837,59.9999991894
0.754158178903,-0.252326216615,0.717874934842,-0.246568769932,0.736306308332,0.689670667468,59.999999837,59.9999991894
0.754091288039,-0.251921598986,0.717773853365,-0.246168201347,0.736306308332,0.689670667468,59.999999837,59.9999991894
0.754024534603,-0.251516751268,0.717672951957,-0.245767429363,0.736306308332,0.689670667468,59.999999837,59.9999991894
0.753957918568,-0.251111673875,0.71757223069,-0.245366454394,0.736306308332,0.689670667468,59.999999837,59.9999991894
0.75389143991,-0.250706367217,0.717471689637,-0.24496527685,0.736306308332,0.689670667468,59.999999837,59.9999991894
0.7538250986,-0.250300831712,0.717371328871,-0.244563897144,0.736306308332,0.689670667468,59.999999837,59.9999991894
0.753758894609,-0.249895067771,0.717271148462,-0.244162315689,0.736306308332,0.689670667468,59.999999837,59.9999991894
0.75369282791,-0.249489075811,0.71717114848,-0.243760532895,0.736306308332,0.689670667468,59.999999837,59.9999991894
0.753626898474,-0.249082856246,0.717071328996,-0.243358549175,0.736306308332,0.689670667468,59.999999837,59.9999991894
0.753561106271,-0.248676409486,0.716971690078,-0.242956364942,0.736306308332,0.689670667468,59.999999837,59.9999991894
0.753495451272,-0.248269735951,0.716872231794,-0.242553980606,0.736306308332,0.689670667468,59.999999837,59.9999991894
0.753429933445,-0.247862836051,0.716772954212,-0.242151396581,0.736306308332,0.689670667468,59.999999837,59.9999991894
0.753364552759,-0.247455710205,0.716673857399,-0.241748613277,0.736306308332,0.689670667468,59.999999837,59.9999991894
0.753299309183,-0.247048358826,0.716574941421,-0.241345631107,0.736306308332,0.689670667468,59.999999837,59.9999991894
0.753234202684,-0.246640782329,0.716476206342,-0.240942450482,0.736306308332,0.689670667468,59.999999837,59.9999991894
0.753169233229,-0.24623298113,0.716377652227,-0.240539071815,0.736306308332,0.689670667468,59.999999837,59.9999991894
0.753104400786,-0.245824955642,0.71627927914,-0.240135495516,0.736306308332,0.689670667468,59.999999837,59.9999991894
0.75303970532,-0.245416706284,0.716181087144,-0.239731721998,0.736306308332,0.689670667468,59.999999837,59.9999991894
0.752975146796,-0.24500823347,0.716083076302,-0.239327751673,0.736306308332,0.689670667468,59.999999837,59.9999991894
0.752910725181,-0.244599537617,0.715985246674,-0.238923584951,0.736306308332,0.689670667468,59.999999837,59.9999991894
0.752846440437,-0.244190619139,0.715887598322,-0.238519222245,0.736306308332,0.689670667468,59.999999837,59.9999991894
0.75278229253,-0.243781478452,0.715790131306,-0.238114663966,0.736306308332,0.689670667468,59.999999837,59.9999991894
0.752718281423,-0.243372115975,0.715692845685,-0.237709910525,0.736306308332,0.689670667468,59.999999837,59.9999991894
0.752654407079,-0.242962532121,0.715595741518,-0.237304962335,0.736306308332,0.689670667468,59.999999837,59.9999991894
0.752590669459,-0.24255272731,0.715498818863,-0.236899819807,0.736306308332,0.689670667468,59.999999837,59.9999991894
0.752527068527,-0.242142701956,0.715402077776,-0.236494483352,0.736306308332,0.689670667468,59.999999837,59.9999991894
0.752463604243,-0.241732456474,0.715305518316,-0.236088953383,0.736306308332,0.689670667468,59.999999837,59.9999991894
0.752400276569,-0.241321991285,0.715209140536,-0.235683230309,0.736306308332,0.689670667468,59.999999837,59.9999991894
0.752337085464,-0.240911306804,0.715112944494,-0.235277314543,0.736306308332,0.689670667468,59.999999837,59.9999991894
0.752274030889,-0.240500403449,0.715016930242,-0.234871206495,0.736306308332,0.689670667468,59.999999837,59.9999991894
0.752211112803,-0.240089281636,0.714921097836,-0.234464906577,0.736306308332,0.689670667468,59.999999837,59.9999991894
0.752148331166,-0.239677941781,0.714825447327,-0.234058415198,0.736306308332,0.689670667468,59.999999837,59.9999991894
0.752085685934,-0.239266384304,0.71472997877,-0.233651732771,0.736306308332,0.689670667468,59.999999837,59.9999991894
0.752023177067,-0.238854609622,0.714634692214,-0.233244859704,0.736306308332,0.689670667468,59.999999837,59.9999991894
0.751960804521,-0.238442618152,0.714539587712,-0.232837796411,0.736306308332,0.689670667468,59.999999837,59.9999991894
0.751898568254,-0.238030410313,0.714444665314,-0.232430543301,0.736306308332,0.689670667468,59.999999837,59.9999991894
0.751836468223,-0.23761798652,0.71434992507,-0.232023100784,0.736306308332,0.689670667468,59.999999837,59.9999991894
0.751774504382,-0.237205347194,0.714255367028,-0.231615469271,0.736306308332,0.689670667468,59.999999837,59.9999991894
0.751712676687,-0.236792492752,0.714160991237,-0.231207649174,0.736306308332,0.689670667468,59.999999837,59.9999991894
0.751650985095,-0.236379423612,0.714066797744,-0.230799640901,0.736306308332,0.689670667468,59.999999837,59.9999991894
0.751589429558,-0.235966140193,0.713972786598,-0.230391444864,0.736306308332,0.689670667468,59.999999837,59.9999991894
0.751528010032,-0.23555264291,0.713878957842,-0.229983061474,0.736306308332,0.689670667468,59.999999837,59.9999991894
0.751466726469,-0.235138932187,0.713785311524,-0.229574491141,0.736306308332,0.689670667468,59.999999837,59.9999991894
0.751405578824,-0.234725008439,0.713691847688,-0.229165734276,0.736306308332,0.689670667468,59.999999837,59.9999991894
0.751344567048,-0.234310872086,0.713598566379,-0.228756791286,0.736306308332,0.689670667468,59.999999837,59.9999991894
0.751283691094,-0.233896523546,0.713505467641,-0.228347662584,0.736306308332,0.689670667468,59.999999837,59.9999991894
0.751222950914,-0.233481963238,0.713412551517,-0.227938348578,0.736306308332,0.689670667468,59.999999837,59.9999991894
0.751162346458,-0.233067191582,0.713319818048,-0.227528849678,0.736306308332,0.689670667468,59.999999837,59.9999991894
0.751101877679,-0.232652208996,0.713227267278,-0.227119166292,0.736306308332,0.689670667468,59.999999837,59.9999991894
0.751041544526,-0.232237015898,0.713134899247,-0.226709298832,0.736306308332,0.689670667468,59.999999837,59.9999991894
0.750981346949,-0.23182161271,0.713042713995,-0.226299247705,0.736306308332,0.689670667468,59.999999837,59.9999991894
0.750921284898,-0.231405999849,0.712950711564,-0.225889013322,0.736306308332,0.689670667468,59.999999837,59.9999991894
0.750861358321,-0.230990177737,0.712858891991,-0.225478596091,0.736306308332,0.689670667468,59.999999837,59.9999991894
0.750801567168,-0.230574146791,0.712767255315,-0.225067996422,0.736306308332,0.689670667468,59.999999837,59.9999991894
0.750741911387,-0.23015790743,0.712675801574,-0.224657214727,0.736306308332,0.689670667468,59.999999837,59.9999991894
0.750682390926,-0.229741460077,0.712584530806,-0.224246251412,0.736306308332,0.689670667468,59.999999837,59.9999991894
0.750623005732,-0.229324805148,0.712493443047,-0.223835106887,0.736306308332,0.689670667468,59.999999837,59.9999991894
0.750563755751,-0.228907943066,0.712402538333,-0.22342378156,0.736306308332,0.689670667468,59.999999837,59.9999991894
0.750504640931,-0.22849087425,0.7123118167,-0.22301227584,0.736306308332,0.689670667468,59.999999837,59.9999991894
0.750445661218,-0.228073599117,0.712221278183,-0.222600590133,0.736306308332,0.689670667468,59.999999837,59.9999991894
0.750386816556,-0.227656118092,0.712130922816,-0.222188724851,0.736306308332,0.689670667468,59.999999837,59.9999991894
0.750328106893,-0.227238431591,0.712040750634,-0.221776680398,0.736306308332,0.689670667468,59.999999837,59.9999991894
0.750269532171,-0.226820540036,0.711950761668,-0.221364457185,0.736306308332,0.689670667468,59.999999837,59.9999991894
0.750211092336,-0.226402443848,0.711860955951,-0.220952055619,0.736306308332,0.689670667468,59.999999837,59.9999991894
0.750152787333,-0.225984143445,0.711771333516,-0.220539476109,0.736306308332,0.689670667468,59.999999837,59.9999991894
0.750094617103,-0.225565639251,0.711681894392,-0.220126719066,0.736306308332,0.689670667468,59.999999837,59.9999991894
0.750036581591,-0.225146931684,0.711592638611,-0.219713784893,0.736306308332,0.689670667468,59.999999837,59.9999991894
0.749978680741,-0.224728021162,0.711503566202,-0.219300674003,0.736306308332,0.689670667468,59.999999837,59.9999991894
0.749920914493,-0.224308908111,0.711414677195,-0.218887386801,0.736306308332,0.689670667468,59.999999837,59.9999991894
0.74986328279,-0.223889592947,0.711325971617,-0.218473923698,0.736306308332,0.689670667468,59.999999837,59.9999991894
0.749805785574,-0.223470076094,0.711237449498,-0.2180602851,0.736306308332,0.689670667468,59.999999837,59.9999991894
0.749748422786,-0.223050357972,0.711149110864,-0.217646471418,0.736306308332,0.689670667468,59.999999837,59.9999991894
0.749691194367,-0.222630438999,0.711060955741,-0.217232483059,0.736306308332,0.689670667468,59.999999837,59.9999991894
0.749634100257,-0.222210319601,0.710972984157,-0.216818320432,0.736306308332,0.689670667468,59.999999837,59.9999991894
0.749577140397,-0.221790000196,0.710885196134,-0.21640398395,0.736306308332,0.689670667468,59.999999837,59.9999991894
0.749520314727,-0.221369481203,0.7107975917,-0.215989474016,0.736306308332,0.689670667468,59.999999837,59.9999991894
0.749463623185,-0.220948763047,0.710710170878,-0.215574791041,0.736306308332,0.689670667468,59.999999837,59.9999991894
0.749407065711,-0.220527846146,0.710622933693,-0.215159935429,0.736306308332,0.689670667468,59.999999837,59.9999991894
0.749350642243,-0.220106730924,0.710535880166,-0.214744907592,0.736306308332,0.689670667468,59.999999837,59.9999991894
0.74929435272,-0.2196854178,0.710449010323,-0.214329707932,0.736306308332,0.689670667468,59.999999837,59.9999991894
0.74923819708,-0.219263907195,0.710362324184,-0.213914336861,0.736306308332,0.689670667468,59.999999837,59.9999991894
0.74918217526,-0.218842199533,0.710275821771,-0.213498794784,0.736306308332,0.689670667468,59.999999837,59.9999991894
0.749126287197,-0.218420295233,0.710189503105,-0.21308308211,0.736306308332,0.689670667468,59.999999837,59.9999991894
0.749070532829,-0.217998194716,0.710103368205,-0.212667199249,0.736306308332,0.689670667468,59.999999837,59.9999991894
0.749014912091,-0.217575898405,0.710017417093,-0.212251146603,0.736306308332,0.689670667468,59.999999837,59.9999991894
0.74895942492,-0.217153406721,0.709931649787,-0.211834924583,0.736306308332,0.689670667468,59.999999837,59.9999991894
0.748904071252,-0.216730720085,0.709846066307,-0.21141853359,0.736306308332,0.689670667468,59.999999837,59.9999991894
0.748848851022,-0.216307838919,0.709760666671,-0.211001974035,0.736306308332,0.689670667468,59.999999837,59.9999991894
0.748793764166,-0.215884763644,0.709675450898,-0.210585246319,0.736306308332,0.689670667468,59.999999837,59.9999991894
0.748738810618,-0.215461494684,0.709590419003,-0.210168350853,0.736306308332,0.689670667468,59.999999837,59.9999991894
0.748683990312,-0.215038032458,0.709505571003,-0.209751288046,0.736306308332,0.689670667468,59.999999837,59.9999991894
0.748629303183,-0.214614377387,0.709420906915,-0.209334058299,0.736306308332,0.689670667468,59.999999837,59.9999991894
0.748574749164,-0.214190529896,0.709336426753,-0.208916662022,0.736306308332,0.689670667468,59.999999837,59.9999991894
0.74852032819,-0.213766490404,0.709252130535,-0.208499099615,0.736306308332,0.689670667468,59.999999837,59.9999991894
0.748466040192,-0.213342259333,0.709168018273,-0.208081371487,0.736306308332,0.689670667468,59.999999837,59.9999991894
0.748411885105,-0.212917837107,0.709084089984,-0.207663478038,0.736306308332,0.689670667468,59.999999837,59.9999991894
0.74835786286,-0.212493224146,0.70900034568,-0.207245419678,0.736306308332,0.689670667468,59.999999837,59.9999991894
0.748303973389,-0.212068420872,0.708916785373,-0.206827196817,0.736306308332,0.689670667468,59.999999837,59.9999991894
0.748250216625,-0.211643427708,0.708833409076,-0.206408809852,0.736306308332,0.689670667468,59.999999837,59.9999991894
0.748196592499,-0.211218245074,0.708750216801,-0.205990259194,0.736306308332,0.689670667468,59.999999837,59.9999991894
0.748143100942,-0.210792873394,0.708667208562,-0.20557154524,0.736306308332,0.689670667468,59.999999837,59.9999991894
0.748089741886,-0.210367313089,0.708584384367,-0.2051526684,0.736306308332,0.689670667468,59.999999837,59.9999991894
0.74803651526,-0.20994156458,0.708501744229,-0.204733629073,0.736306308332,0.689670667468,59.999999837,59.9999991894
0.747983420996,-0.209515628291,0.708419288157,-0.204314427665,0.736306308332,0.689670667468,59.999999837,59.9999991894
0.747930459023,-0.209089504643,0.708337016159,-0.203895064587,0.736306308332,0.689670667468,59.999999837,59.9999991894
0.747877629271,-0.208663194057,0.708254928247,-0.203475540235,0.736306308332,0.689670667468,59.999999837,59.9999991894
0.747824931669,-0.208236696958,0.708173024426,-0.203055855017,0.736306308332,0.689670667468,59.999999837,59.9999991894
0.747772366147,-0.207810013764,0.708091304709,-0.20263600933,0.736306308332,0.689670667468,59.999999837,59.9999991894
0.747719932634,-0.2073831449,0.7080097691,-0.202216003581,0.736306308332,0.689670667468,59.999999837,59.9999991894
0.747667631058,-0.206956090789,0.707928417608,-0.201795838173,0.736306308332,0.689670667468,59.999999837,59.9999991894
0.747615461347,-0.206528851849,0.707847250238,-0.201375513509,0.736306308332,0.689670667468,59.999999837,59.9999991894
0.74756342343,-0.206101428506,0.707766266997,-0.200955029995,0.736306308332,0.689670667468,59.999999837,59.9999991894
0.747511517234,-0.205673821182,0.707685467891,-0.200534388027,0.736306308332,0.689670667468,59.999999837,59.9999991894
0.747459742687,-0.205246030295,0.707604852926,-0.200113588013,0.736306308332,0.689670667468,59.999999837,59.9999991894
0.747408099716,-0.204818056273,0.707524422107,-0.199692630345,0.736306308332,0.689670667468,59.999999837,59.9999991894
0.747356588248,-0.204389899534,0.707444175437,-0.199271515433,0.736306308332,0.689670667468,59.999999837,59.9999991894
0.74730520821,-0.203961560501,0.707364112919,-0.198850243685,0.736306308332,0.689670667468,59.999999837,59.9999991894
0.747253959527,-0.203533039597,0.707284234559,-0.198428815492,0.736306308332,0.689670667468,59.999999837,59.9999991894
0.747202842127,-0.203104337244,0.707204540358,-0.198007231263,0.736306308332,0.689670667468,59.999999837,59.9999991894
0.747151855935,-0.202675453863,0.707125030321,-0.19758549139,0.736306308332,0.689670667468,59.999999837,59.9999991894
0.747101000877,-0.202246389877,0.707045704448,-0.19716359628,0.736306308332,0.689670667468,59.999999837,59.9999991894
0.747050276878,-0.201817145709,0.70696656274,-0.196741546335,0.736306308332,0.689670667468,59.999999837,59.9999991894
0.746999683864,-0.201387721779,0.706887605201,-0.196319341952,0.736306308332,0.689670667468,59.999999837,59.9999991894
0.746949221759,-0.200958118512,0.706808831829,-0.195896983538,0.736306308332,0.689670667468,59.999999837,59.9999991894
0.746898890488,-0.200528336328,0.706730242627,-0.195474471483,0.736306308332,0.689670667468,59.999999837,59.9999991894
0.746848689975,-0.200098375649,0.706651837593,-0.195051806195,0.736306308332,0.689670667468,59.999999837,59.9999991894
0.746798620145,-0.199668236899,0.706573616727,-0.194628988069,0.736306308332,0.689670667468,59.999999837,59.9999991894
0.746748680921,-0.199237920498,0.70649558003,-0.194206017506,0.736306308332,0.689670667468,59.999999837,59.9999991894
0.746698872228,-0.19880742687,0.706417727496,-0.193782894913,0.736306308332,0.689670667468,59.999999837,59.9999991894
0.746649193988,-0.198376756437,0.706340059127,-0.193359620677,0.736306308332,0.689670667468,59.999999837,59.9999991894
0.746599646125,-0.197945909619,0.70626257492,-0.192936195206,0.736306308332,0.689670667468,59.999999837,59.9999991894
0.746550228562,-0.19751488684,0.706185274873,-0.192512618892,0.736306308332,0.689670667468,59.999999837,59.9999991894
0.746500941222,-0.197083688522,0.706108158983,-0.192088892137,0.736306308332,0.689670667468,59.999999837,59.9999991894
0.746451784028,-0.196652315086,0.706031227243,-0.191665015346,0.736306308332,0.689670667468,59.999999837,59.9999991894
0.746402756901,-0.196220766956,0.705954479654,-0.191240988906,0.736306308332,0.689670667468,59.999999837,59.9999991894
0.746353859764,-0.195789044552,0.705877916208,-0.190816813222,0.736306308332,0.689670667468,59.999999837,59.9999991894
0.746305092539,-0.195357148296,0.705801536904,-0.190392488688,0.736306308332,0.689670667468,59.999999837,59.9999991894
0.746256455148,-0.194925078612,0.705725341735,-0.189968015702,0.736306308332,0.689670667468,59.999999837,59.9999991894
0.746207947511,-0.194492835921,0.705649330693,-0.18954339467,0.736306308332,0.689670667468,59.999999837,59.9999991894
0.746159569552,-0.194060420644,0.705573503777,-0.189118625976,0.736306308332,0.689670667468,59.999999837,59.9999991894
0.746111321189,-0.193627833204,0.705497860977,-0.188693710027,0.736306308332,0.689670667468,59.999999837,59.9999991894
0.746063202345,-0.193195074023,0.705422402288,-0.188268647214,0.736306308332,0.689670667468,59.999999837,59.9999991894
0.74601521294,-0.192762143522,0.705347127704,-0.187843437933,0.736306308332,0.689670667468,59.999999837,59.9999991894
0.745967352895,-0.192329042123,0.705272037214,-0.187418082591,0.736306308332,0.689670667468,59.999999837,59.9999991894
0.74591962213,-0.19189577025,0.705197130815,-0.186992581569,0.736306308332,0.689670667468,59.999999837,59.9999991894
0.745872020565,-0.191462328321,0.705122408495,-0.186566935273,0.736306308332,0.689670667468,59.999999837,59.9999991894
0.745824548121,-0.191028716762,0.705047870247,-0.186141144097,0.736306308332,0.689670667468,59.999999837,59.9999991894
0.745777204716,-0.190594935992,0.704973516063,-0.185715208432,0.736306308332,0.689670667468,59.999999837,59.9999991894
0.74572999027,-0.190160986432,0.70489934593,-0.185289128684,0.736306308332,0.689670667468,59.999999837,59.9999991894
0.745682904704,-0.189726868507,0.704825359844,-0.184862905232,0.736306308332,0.689670667468,59.999999837,59.9999991894
0.745635947935,-0.189292582637,0.704751557791,-0.18443653848,0.736306308332,0.689670667468,59.999999837,59.9999991894
0.745589119884,-0.188858129242,0.70467793976,-0.18401002883,0.736306308332,0.689670667468,59.999999837,59.9999991894
0.745542420469,-0.188423508746,0.704604505743,-0.183583376663,0.736306308332,0.689670667468,59.999999837,59.9999991894
0.745495849608,-0.18798872157,0.704531255726,-0.183156582385,0.736306308332,0.689670667468,59.999999837,59.9999991894
0.745449407221,-0.187553768135,0.704458189702,-0.182729646375,0.736306308332,0.689670667468,59.999999837,59.9999991894
0.745403093226,-0.187118648863,0.704385307656,-0.182302569035,0.736306308332,0.689670667468,59.999999837,59.9999991894
0.74535690754,-0.186683364175,0.704312609573,-0.18187535077,0.736306308332,0.689670667468,59.999999837,59.9999991894
0.745310850082,-0.186247914493,0.704240095447,-0.181447991956,0.736306308332,0.689670667468,59.999999837,59.9999991894
0.745264920771,-0.185812300238,0.704167765259,-0.181020492995,0.736306308332,0.689670667468,59.999999837,59.9999991894
0.745219119523,-0.185376521833,0.704095619,-0.180592854277,0.736306308332,0.689670667468,59.999999837,59.9999991894
0.745173446256,-0.184940579696,0.704023656656,-0.180165076192,0.736306308332,0.689670667468,59.999999837,59.9999991894
0.745127900888,-0.184504474251,0.703951878209,-0.179737159144,0.736306308332,0.689670667468,59.999999837,59.9999991894
0.745082483336,-0.184068205919,0.703880283651,-0.179309103505,0.736306308332,0.689670667468,59.999999837,59.9999991894
0.745037193517,-0.183631775121,0.703808872964,-0.17888090968,0.736306308332,0.689670667468,59.999999837,59.9999991894
0.744992031348,-0.183195182277,0.703737646132,-0.178452578069,0.736306308332,0.689670667468,59.999999837,59.9999991894
0.744946996746,-0.182758427809,0.703666603142,-0.178024109046,0.736306308332,0.689670667468,59.999999837,59.9999991894
0.744902089628,-0.182321512139,0.703595743976,-0.177595503016,0.736306308332,0.689670667468,59.999999837,59.9999991894
0.74485730991,-0.181884435686,0.703525068621,-0.177166760359,0.736306308332,0.689670667468,59.999999837,59.9999991894
0.74481265751,-0.181447198873,0.703454577061,-0.176737881469,0.736306308332,0.689670667468,59.999999837,59.9999991894
0.744768132342,-0.181009802121,0.703384269275,-0.176308866747,0.736306308332,0.689670667468,59.999999837,59.9999991894
0.744723734324,-0.180572245848,0.703314145253,-0.175879716563,0.736306308332,0.689670667468,59.999999837,59.9999991894
0.744679463371,-0.180134530479,0.703244204973,-0.17545043132,0.736306308332,0.689670667468,59.999999837,59.9999991894
0.7446353194,-0.179696656432,0.703174448417,-0.175021011416,0.736306308332,0.689670667468,59.999999837,59.9999991894
0.744591302327,-0.179258624127,0.70310487557,-0.174591457222,0.736306308332,0.689670667468,59.999999837,59.9999991894
0.744547412066,-0.178820433988,0.703035486412,-0.174161769142,0.736306308332,0.689670667468,59.999999837,59.9999991894
0.744503648534,-0.178382086433,0.702966280926,-0.173731947559,0.736306308332,0.689670667468,59.999999837,59.9999991894
0.744460011646,-0.177943581884,0.702897259094,-0.173301992857,0.736306308332,0.689670667468,59.999999837,59.9999991894
0.744416501318,-0.17750492076,0.702828420894,-0.172871905439,0.736306308332,0.689670667468,59.999999837,59.9999991894
0.744373117465,-0.177066103483,0.702759766311,-0.172441685672,0.736306308332,0.689670667468,59.999999837,59.9999991894
0.744329860002,-0.176627130473,0.702691295324,-0.172011333955,0.736306308332,0.689670667468,59.999999837,59.9999991894
0.744286728844,-0.17618800215,0.702623007908,-0.171580850691,0.736306308332,0.689670667468,59.999999837,59.9999991894
0.744243723907,-0.175748718935,0.702554904051,-0.171150236243,0.736306308332,0.689670667468,59.999999837,59.9999991894
0.744200845104,-0.175309281248,0.702486983728,-0.170719491011,0.736306308332,0.689670667468,59.999999837,59.9999991894
0.744158092351,-0.174869689509,0.702419246917,-0.170288615387,0.736306308332,0.689670667468,59.999999837,59.9999991894
0.744115465563,-0.174429944138,0.702351693601,-0.169857609743,0.736306308332,0.689670667468,59.999999837,59.9999991894
0.744072964654,-0.173990045556,0.702284323756,-0.16942647448,0.736306308332,0.689670667468,59.999999837,59.9999991894
0.744030589538,-0.173549994181,0.702217137362,-0.168995209977,0.736306308332,0.689670667468,59.999999837,59.9999991894
0.743988340131,-0.173109790436,0.702150134397,-0.168563816615,0.736306308332,0.689670667468,59.999999837,59.9999991894
0.743946216346,-0.172669434739,0.702083314837,-0.168132294797,0.736306308332,0.689670667468,59.999999837,59.9999991894
0.743904218098,-0.172228927509,0.702016678663,-0.167700644886,0.736306308332,0.689670667468,59.999999837,59.9999991894
0.743862345301,-0.171788269168,0.701950225852,-0.167268867278,0.736306308332,0.689670667468,59.999999837,59.9999991894
0.743820597868,-0.171347460134,0.701883956376,-0.166836962373,0.736306308332,0.689670667468,59.999999837,59.9999991894
0.743778975715,-0.170906500828,0.70181787022,-0.166404930526,0.736306308332,0.689670667468,59.999999837,59.9999991894
0.743737478755,-0.170465391669,0.701751967356,-0.165972772139,0.736306308332,0.689670667468,59.999999837,59.9999991894
0.743696106902,-0.170024133076,0.701686247757,-0.16554048761,0.736306308332,0.689670667468,59.999999837,59.9999991894
0.743654860069,-0.169582725469,0.701620711406,-0.165108077294,0.736306308332,0.689670667468,59.999999837,59.9999991894
0.743613738171,-0.169141169267,0.701555358275,-0.164675541594,0.736306308332,0.689670667468,59.999999837,59.9999991894
0.743572741122,-0.16869946489,0.701490188339,-0.164242880896,0.736306308332,0.689670667468,59.999999837,59.9999991894
0.743531868834,-0.168257612757,0.701425201576,-0.163810095565,0.736306308332,0.689670667468,59.999999837,59.9999991894
0.743491121221,-0.167815613287,0.70136039796,-0.163377186001,0.736306308332,0.689670667468,59.999999837,59.9999991894
0.743450498198,-0.1673734669,0.701295777464,-0.162944152584,0.736306308332,0.689670667468,59.999999837,59.9999991894
0.743409999677,-0.166931174013,0.701231340067,-0.162510995685,0.736306308332,0.689670667468,59.999999837,59.9999991894
0.743369625572,-0.166488735047,0.701167085739,-0.162077715703,0.736306308332,0.689670667468,59.999999837,59.9999991894
0.743329375796,-0.166046150421,0.701103014457,-0.16164431301,0.736306308332,0.689670667468,59.999999837,59.9999991894
0.743289250263,-0.165603420552,0.701039126195,-0.161210787982,0.736306308332,0.689670667468,59.999999837,59.9999991894
0.743249248886,-0.16516054586,0.700975420924,-0.160777141019,0.736306308332,0.689670667468,59.999999837,59.9999991894
0.743209371578,-0.164717526763,0.70091189862,-0.160343372485,0.736306308332,0.689670667468,59.999999837,59.9999991894
0.743169618252,-0.164274363681,0.700848559258,-0.159909482762,0.736306308332,0.689670667468,59.999999837,59.9999991894
0.743129988822,-0.163831057031,0.700785402805,-0.15947547225,0.736306308332,0.689670667468,59.999999837,59.9999991894
0.7430904832,-0.163387607233,0.70072242924,-0.159041341305,0.736306308332,0.689670667468,59.999999837,59.9999991894
0.7430511013,-0.162944014704,0.700659638534,-0.158607090314,0.736306308332,0.689670667468,59.999999837,59.9999991894
0.743011843036,-0.162500279862,0.700597030656,-0.158172719675,0.736306308332,0.689670667468,59.999999837,59.9999991894
0.742972708319,-0.162056403127,0.700534605583,-0.157738229742,0.736306308332,0.689670667468,59.999999837,59.9999991894
0.742933697062,-0.161612384916,0.700472363285,-0.157303620901,0.736306308332,0.689670667468,59.999999837,59.9999991894
0.74289480918,-0.161168225648,0.700410303731,-0.156868893554,0.736306308332,0.689670667468,59.999999837,59.9999991894
0.742856044585,-0.160723925739,0.700348426898,-0.156434048047,0.736306308332,0.689670667468,59.999999837,59.9999991894
0.74281740319,-0.16027948561,0.700286732756,-0.155999084771,0.736306308332,0.689670667468,59.999999837,59.9999991894
0.742778884907,-0.159834905676,0.70022522127,-0.155564004124,0.736306308332,0.689670667468,59.999999837,59.9999991894
0.74274048965,-0.159390186356,0.70016389242,-0.155128806453,0.736306308332,0.689670667468,59.999999837,59.9999991894
0.742702217332,-0.158945328067,0.700102746172,-0.154693492146,0.736306308332,0.689670667468,59.999999837,59.9999991894
0.742664067865,-0.158500331228,0.700041782494,-0.154258061603,0.736306308332,0.689670667468,59.999999837,59.9999991894
0.742626041163,-0.158055196256,0.699981001363,-0.153822515168,0.736306308332,0.689670667468,59.999999837,59.9999991894
0.742588137138,-0.157609923567,0.699920402747,-0.15338685323,0.736306308332,0.689670667468,59.999999837,59.9999991894
0.742550355703,-0.15716451358,0.69985998661,-0.152951076186,0.736306308332,0.689670667468,59.999999837,59.9999991894
0.742512696771,-0.156718966712,0.699799752931,-0.152515184382,0.736306308332,0.689670667468,59.999999837,59.9999991894
0.742475160256,-0.15627328338,0.699739701675,-0.152079178202,0.736306308332,0.689670667468,59.999999837,59.9999991894
0.742437746069,-0.155827464,0.699679832809,-0.151643058046,0.736306308332,0.689670667468,59.999999837,59.9999991894
0.742400454124,-0.155381508992,0.699620146308,-0.15120682426,0.736306308332,0.689670667468,59.999999837,59.9999991894
0.742363284334,-0.15493541877,0.699560642139,-0.150770477223,0.736306308332,0.689670667468,59.999999837,59.9999991894
0.742326236611,-0.154489193751,0.699501320267,-0.150334017335,0.736306308332,0.689670667468,59.999999837,59.9999991894
0.742289310869,-0.154042834353,0.699442180666,-0.149897444946,0.736306308332,0.689670667468,59.999999837,59.9999991894
0.74225250702,-0.153596340994,0.699383223304,-0.149460760429,0.736306308332,0.689670667468,59.999999837,59.9999991894
0.742215824978,-0.153149714087,0.699324448146,-0.149023964182,0.736306308332,0.689670667468,59.999999837,59.9999991894
0.742179264656,-0.15270295405,0.699265855163,-0.148587056562,0.736306308332,0.689670667468,59.999999837,59.9999991894
0.742142825965,-0.152256061301,0.699207444326,-0.148150037933,0.736306308332,0.689670667468,59.999999837,59.9999991894
0.74210650882,-0.151809036255,0.699149215596,-0.147712908693,0.736306308332,0.689670667468,59.999999837,59.9999991894
0.742070313134,-0.151361879327,0.699091168945,-0.147275669206,0.736306308332,0.689670667468,59.999999837,59.9999991894
0.742034238819,-0.150914590936,0.699033304343,-0.146838319826,0.736306308332,0.689670667468,59.999999837,59.9999991894
0.741998285789,-0.150467171496,0.698975621754,-0.146400860951,0.736306308332,0.689670667468,59.999999837,59.9999991894
0.741962453956,-0.150019621424,0.698918121143,-0.145963292954,0.736306308332,0.689670667468,59.999999837,59.9999991894
0.741926743235,-0.149571941134,0.698860802486,-0.145525616176,0.736306308332,0.689670667468,59.999999837,59.9999991894
0.741891153538,-0.149124131044,0.698803665742,-0.145087831016,0.736306308332,0.689670667468,59.999999837,59.9999991894
0.741855684778,-0.148676191569,0.698746710878,-0.144649937857,0.736306308332,0.689670667468,59.999999837,59.9999991894
0.741820336868,-0.148228123124,0.698689937868,-0.144211937027,0.736306308332,0.689670667468,59.999999837,59.9999991894
0.741785109723,-0.147779926124,0.698633346675,-0.143773828923,0.736306308332,0.689670667468,59.999999837,59.9999991894
0.741750003255,-0.147331600986,0.698576937258,-0.143335613943,0.736306308332,0.689670667468,59.999999837,59.9999991894
0.741715017378,-0.146883148126,0.698520709595,-0.142897292412,0.736306308332,0.689670667468,59.999999837,59.9999991894
0.741680152005,-0.146434567956,0.698464663647,-0.142458864714,0.736306308332,0.689670667468,59.999999837,59.9999991894
0.74164540705,-0.145985860892,0.698408799376,-0.142020331245,0.736306308332,0.689670667468,59.999999837,59.9999991894
0.741610782426,-0.145537027352,0.698353116755,-0.141581692346,0.736306308332,0.689670667468,59.999999837,59.9999991894
0.741576278046,-0.145088067749,0.698297615749,-0.141142948381,0.736306308332,0.689670667468,59.999999837,59.9999991894
0.741541893826,-0.144638982496,0.698242296319,-0.140704099747,0.736306308332,0.689670667468,59.999999837,59.9999991894
0.741507629678,-0.14418977201,0.698187158433,-0.140265146803,0.736306308332,0.689670667468,59.999999837,59.9999991894
0.741473485516,-0.143740436706,0.698132202061,-0.13982608989,0.736306308332,0.689670667468,59.999999837,59.9999991894
0.741439461253,-0.143290976998,0.698077427164,-0.139386929407,0.736306308332,0.689670667468,59.999999837,59.9999991894
0.741405556805,-0.142841393298,0.698022833703,-0.138947665732,0.736306308332,0.689670667468,59.999999837,59.9999991894
0.741371772085,-0.142391686024,0.697968421655,-0.138508299188,0.736306308332,0.689670667468,59.999999837,59.9999991894
0.741338107006,-0.141941855589,0.697914190977,-0.138068830167,0.736306308332,0.689670667468,59.999999837,59.9999991894
0.741304561483,-0.141491902407,0.69786014163,-0.137629259067,0.736306308332,0.689670667468,59.999999837,59.9999991894
0.74127113543,-0.14104182689,0.697806273587,-0.137189586214,0.736306308332,0.689670667468,59.999999837,59.9999991894
0.741237828762,-0.140591629455,0.697752586811,-0.136749811974,0.736306308332,0.689670667468,59.999999837,59.9999991894
0.741204641393,-0.140141310516,0.697699081263,-0.136309936745,0.736306308332,0.689670667468,59.999999837,59.9999991894
0.741171573237,-0.139690870484,0.697645756908,-0.135869960879,0.736306308332,0.689670667468,59.999999837,59.9999991894
0.741138624208,-0.139240309774,0.697592613718,-0.135429884713,0.736306308332,0.689670667468,59.999999837,59.9999991894
0.741105794222,-0.1387896288,0.69753965165,-0.134989708642,0.736306308332,0.689670667468,59.999999837,59.9999991894
0.741073083193,-0.138338827976,0.697486870666,-0.13454943305,0.736306308332,0.689670667468,59.999999837,59.9999991894
0.741040491036,-0.137887907715,0.697434270738,-0.134109058256,0.736306308332,0.689670667468,59.999999837,59.9999991894
0.741008017665,-0.137436868427,0.697381851828,-0.13366858464,0.736306308332,0.689670667468,59.999999837,59.9999991894
0.740975662996,-0.136985710529,0.697329613894,-0.133228012599,0.736306308332,0.689670667468,59.999999837,59.9999991894
0.740943426943,-0.136534434435,0.697277556903,-0.132787342469,0.736306308332,0.689670667468,59.999999837,59.9999991894
0.740911309421,-0.136083040555,0.697225680826,-0.132346574594,0.736306308332,0.689670667468,59.999999837,59.9999991894
0.740879310347,-0.135631529302,0.697173985617,-0.131905709372,0.736306308332,0.689670667468,59.999999837,59.9999991894
0.740847429635,-0.135179901089,0.697122471241,-0.131464747173,0.736306308332,0.689670667468,59.999999837,59.9999991894
0.7408156672,-0.134728156331,0.697071137669,-0.131023688315,0.736306308332,0.689670667468,59.999999837,59.9999991894
0.740784022958,-0.134276295439,0.69701998486,-0.130582533182,0.736306308332,0.689670667468,59.999999837,59.9999991894
0.740752496826,-0.133824318823,0.696969012772,-0.130141282172,0.736306308332,0.689670667468,59.999999837,59.9999991894
0.740721088718,-0.133372226897,0.696918221373,-0.129699935613,0.736306308332,0.689670667468,59.999999837,59.9999991894
0.740689798549,-0.132920020077,0.696867610632,-0.129258493847,0.736306308332,0.689670667468,59.999999837,59.9999991894
0.740658626237,-0.132467698772,0.696817180505,-0.12881695727,0.736306308332,0.689670667468,59.999999837,59.9999991894
0.740627571698,-0.132015263391,0.696766930953,-0.128375326257,0.736306308332,0.689670667468,59.999999837,59.9999991894
0.740596634846,-0.131562714349,0.696716861947,-0.127933601121,0.736306308332,0.689670667468,59.999999837,59.9999991894
0.7405658156,-0.131110052059,0.696666973449,-0.127491782237,0.736306308332,0.689670667468,59.999999837,59.9999991894
0.740535113874,-0.130657276933,0.696617265413,-0.127049870005,0.736306308332,0.689670667468,59.999999837,59.9999991894
0.740504529586,-0.130204389379,0.696567737809,-0.126607864758,0.736306308332,0.689670667468,59.999999837,59.9999991894
0.740474062652,-0.12975138981,0.696518390604,-0.126165766822,0.736306308332,0.689670667468,59.999999837,59.9999991894
0.74044371299,-0.129298278639,0.696469223755,-0.125723576594,0.736306308332,0.689670667468,59.999999837,59.9999991894
0.740413480514,-0.128845056277,0.69642023722,-0.125281294462,0.736306308332,0.689670667468,59.999999837,59.9999991894
0.740383365144,-0.128391723134,0.69637143097,-0.124838920739,0.736306308332,0.689670667468,59.999999837,59.9999991894
0.740353366796,-0.127938279619,0.696322804968,-0.124396455775,0.736306308332,0.689670667468,59.999999837,59.9999991894
0.740323485388,-0.127484726147,0.696274359171,-0.12395389997,0.736306308332,0.689670667468,59.999999837,59.9999991894
0.740293720835,-0.127031063129,0.696226093541,-0.123511253681,0.736306308332,0.689670667468,59.999999837,59.9999991894
0.740264073057,-0.126577290974,0.696178008049,-0.123068517219,0.736306308332,0.689670667468,59.999999837,59.9999991894
0.740234541972,-0.12612341009,0.696130102654,-0.122625690962,0.736306308332,0.689670667468,59.999999837,59.9999991894
0.740205127496,-0.12566942089,0.696082377311,-0.122182775308,0.736306308332,0.689670667468,59.999999837,59.9999991894
0.740175829547,-0.125215323787,0.696034831987,-0.121739770588,0.736306308332,0.689670667468,59.999999837,59.9999991894
0.740146648043,-0.124761119191,0.695987466653,-0.121296677114,0.736306308332,0.689670667468,59.999999837,59.9999991894
0.740117582904,-0.124306807508,0.695940281264,-0.120853495283,0.736306308332,0.689670667468,59.999999837,59.9999991894
0.740088634047,-0.123852389148,0.695893275775,-0.120410225494,0.736306308332,0.689670667468,59.999999837,59.9999991894
0.740059801391,-0.123397864526,0.695846450157,-0.119966868055,0.736306308332,0.689670667468,59.999999837,59.9999991894
0.740031084854,-0.122943234051,0.695799804376,-0.119523423293,0.736306308332,0.689670667468,59.999999837,59.9999991894
0.740002484355,-0.122488498131,0.695753338388,-0.119079891609,0.736306308332,0.689670667468,59.999999837,59.9999991894
0.739973999814,-0.122033657171,0.695707052151,-0.118636273382,0.736306308332,0.689670667468,59.999999837,59.9999991894
0.73994563115,-0.121578711587,0.695660945634,-0.118192568918,0.736306308332,0.689670667468,59.999999837,59.9999991894
0.73991737828,-0.12112366179,0.695615018803,-0.117748778559,0.736306308332,0.689670667468,59.999999837,59.9999991894
0.739889241125,-0.120668508187,0.695569271612,-0.117304902705,0.736306308332,0.689670667468,59.999999837,59.9999991894
0.739861219606,-0.120213251184,0.695523704022,-0.11686094172,0.736306308332,0.689670667468,59.999999837,59.9999991894
0.739833313641,-0.119757891191,0.695478316002,-0.116416895911,0.736306308332,0.689670667468,59.999999837,59.9999991894
0.739805523149,-0.119302428621,0.695433107516,-0.115972765627,0.736306308332,0.689670667468,59.999999837,59.9999991894
0.739777848052,-0.118846863883,0.695388078518,-0.115528551269,0.736306308332,0.689670667468,59.999999837,59.9999991894
0.739750288269,-0.118391197383,0.695343228969,-0.115084253192,0.736306308332,0.689670667468,59.999999837,59.9999991894
0.739722843722,-0.117935429527,0.695298558841,-0.114639871701,0.736306308332,0.689670667468,59.999999837,59.9999991894
0.739695514331,-0.117479560726,0.695254068093,-0.114195407148,0.736306308332,0.689670667468,59.999999837,59.9999991894
0.739668300015,-0.117023591392,0.695209756682,-0.113750859936,0.736306308332,0.689670667468,59.999999837,59.9999991894
0.739641200696,-0.116567521934,0.695165624569,-0.113306230415,0.736306308332,0.689670667468,59.999999837,59.9999991894
0.739614216295,-0.116111352755,0.695121671724,-0.112861518888,0.736306308332,0.689670667468,59.999999837,59.9999991894
0.739587346735,-0.11565508426,0.69507789811,-0.112416725707,0.736306308332,0.689670667468,59.999999837,59.9999991894
0.739560591935,-0.115198716864,0.69503430368,-0.111971851273,0.736306308332,0.689670667468,59.999999837,59.9999991894
0.739533951817,-0.114742250977,0.694990888396,-0.111526895938,0.736306308332,0.689670667468,59.999999837,59.9999991894
0.739507426303,-0.114285687005,0.694947652229,-0.111081860006,0.736306308332,0.689670667468,59.999999837,59.9999991894
0.739481015316,-0.113829025351,0.694904595141,-0.110636743818,0.736306308332,0.689670667468,59.999999837,59.9999991894
0.739454718778,-0.113372266422,0.694861717086,-0.110191547778,0.736306308332,0.689670667468,59.999999837,59.9999991894
0.739428536611,-0.112915410631,0.694819018026,-0.109746272244,0.736306308332,0.689670667468,59.999999837,59.9999991894
0.739402468736,-0.112458458387,0.69477649793,-0.109300917518,0.736306308332,0.689670667468,59.999999837,59.9999991894
0.739376515077,-0.112001410095,0.694734156763,-0.108855483929,0.736306308332,0.689670667468,59.999999837,59.9999991894
0.739350675557,-0.111544266157,0.694691994479,-0.108409971878,0.736306308332,0.689670667468,59.999999837,59.9999991894
0.7393249501,-0.111087026982,0.694650011038,-0.107964381741,0.736306308332,0.689670667468,59.999999837,59.9999991894
0.739299338627,-0.11062969298,0.694608206407,-0.107518713817,0.736306308332,0.689670667468,59.999999837,59.9999991894
0.739273841063,-0.110172264562,0.694566580557,-0.107072968412,0.736306308332,0.689670667468,59.999999837,59.9999991894
0.739248457332,-0.109714742129,0.694525133441,-0.10662714593,0.736306308332,0.689670667468,59.999999837,59.9999991894
0.739223187357,-0.109257126086,0.694483865015,-0.106181246766,0.736306308332,0.689670667468,59.999999837,59.9999991894
0.739198031063,-0.108799416839,0.694442775247,-0.105735271221,0.736306308332,0.689670667468,59.999999837,59.9999991894
0.739172988373,-0.108341614798,0.694401864107,-0.10528921959,0.736306308332,0.689670667468,59.999999837,59.9999991894
0.739148059212,-0.107883720374,0.694361131554,-0.104843092257,0.736306308332,0.689670667468,59.999999837,59.9999991894
0.739123243504,-0.107425733968,0.694320577541,-0.104396889626,0.736306308332,0.689670667468,59.999999837,59.9999991894
0.739098541176,-0.106967655984,0.694280202034,-0.103950612016,0.736306308332,0.689670667468,59.999999837,59.9999991894
0.739073952152,-0.106509486825,0.694240005003,-0.103504259724,0.736306308332,0.689670667468,59.999999837,59.9999991894
0.739049476356,-0.106051226903,0.694199986412,-0.103057833095,0.736306308332,0.689670667468,59.999999837,59.9999991894
0.739025113715,-0.105592876629,0.694160146213,-0.102611332532,0.736306308332,0.689670667468,59.999999837,59.9999991894
0.739000864154,-0.105134436403,0.694120484368,-0.102164758395,0.736306308332,0.689670667468,59.999999837,59.9999991894
0.738976727599,-0.104675906628,0.694081000847,-0.10171811098,0.736306308332,0.689670667468,59.999999837,59.9999991894
0.738952703978,-0.104217287705,0.69404169562,-0.101271390581,0.736306308332,0.689670667468,59.999999837,59.9999991894
0.738928793215,-0.103758580046,0.69400256864,-0.100824597604,0.736306308332,0.689670667468,59.999999837,59.9999991894
0.738904995237,-0.103299784062,0.693963619862,-0.100377732457,0.736306308332,0.689670667468,59.999999837,59.9999991894
0.73888130997,-0.102840900155,0.693924849255,-0.0999307954339,0.736306308332,0.689670667468,59.999999837,59.9999991894
0.738857737343,-0.102381928726,0.69388625679,-0.0994837868296,0.736306308332,0.689670667468,59.999999837,59.9999991894
0.738834277283,-0.101922870176,0.693847842429,-0.0990367069911,0.736306308332,0.689670667468,59.999999837,59.9999991894
0.738810929717,-0.101463724913,0.693809606125,-0.0985895563264,0.736306308332,0.689670667468,59.999999837,59.9999991894
0.738787694572,-0.101004493348,0.693771547841,-0.0981423351898,0.736306308332,0.689670667468,59.999999837,59.9999991894
0.738764571776,-0.100545175886,0.693733667547,-0.0976950438744,0.736306308332,0.689670667468,59.999999837,59.9999991894
0.738741561257,-0.100085772926,0.693695965213,-0.0972476826726,0.736306308332,0.689670667468,59.999999837,59.9999991894
0.738718662945,-0.0996262848696,0.693658440795,-0.0968002519769,0.736306308332,0.689670667468,59.999999837,59.9999991894
0.738695876768,-0.0991667121194,0.693621094247,-0.0963527521968,0.736306308332,0.689670667468,59.999999837,59.9999991894
0.738673202654,-0.0987070550868,0.693583925537,-0.0959051836413,0.736306308332,0.689670667468,59.999999837,59.9999991894
0.738650640532,-0.0982473141802,0.693546934636,-0.0954575466018,0.736306308332,0.689670667468,59.999999837,59.9999991894
0.738628190331,-0.0977874897994,0.693510121511,-0.0950098413872,0.736306308332,0.689670667468,59.999999837,59.9999991894
0.738605851982,-0.0973275823443,0.693473486117,-0.0945620684081,0.736306308332,0.689670667468,59.999999837,59.9999991894
0.738583625415,-0.0968675922146,0.69343702841,-0.094114228058,0.736306308332,0.689670667468,59.999999837,59.9999991894
0.738561510559,-0.0964075198177,0.693400748362,-0.0936663206275,0.736306308332,0.689670667468,59.999999837,59.9999991894
0.738539507343,-0.0959473655653,0.693364645941,-0.0932183464067,0.736306308332,0.689670667468,59.999999837,59.9999991894
0.738517615699,-0.095487129861,0.693328721114,-0.0927703057264,0.736306308332,0.689670667468,59.999999837,59.9999991894
0.738495835557,-0.0950268131038,0.693292973835,-0.0923221989994,0.736306308332,0.689670667468,59.999999837,59.9999991894
0.738474166848,-0.094566415693,0.693257404063,-0.0918740265971,0.736306308332,0.689670667468,59.999999837,59.9999991894
0.738452609506,-0.0941059380275,0.69322201177,-0.0914257888088,0.736306308332,0.689670667468,59.999999837,59.9999991894
0.738431163459,-0.093645380518,0.693186796927,-0.090977485923,0.736306308332,0.689670667468,59.999999837,59.9999991894
0.738409828639,-0.0931847435763,0.693151759496,-0.0905291182802,0.736306308332,0.689670667468,59.999999837,59.9999991894
0.738388604978,-0.0927240276021,0.693116899433,-0.0900806862952,0.736306308332,0.689670667468,59.999999837,59.9999991894
0.738367492409,-0.0922632329939,0.6930822167,-0.0896321903304,0.736306308332,0.689670667468,59.999999837,59.9999991894
0.738346490864,-0.0918023601501,0.693047711267,-0.0891836306738,0.736306308332,0.689670667468,59.999999837,59.9999991894
0.738325600278,-0.0913414094691,0.693013383105,-0.0887350076123,0.736306308332,0.689670667468,59.999999837,59.9999991894
0.738304820581,-0.0908803813626,0.692979232179,-0.0882863214813,0.736306308332,0.689670667468,59.999999837,59.9999991894
0.738284151706,-0.0904192762423,0.692945258445,-0.0878375726979,0.736306308332,0.689670667468,59.999999837,59.9999991894
0.738263593588,-0.089958094506,0.692911461863,-0.0873887616305,0.736306308332,0.689670667468,59.999999837,59.9999991894
0.738243146159,-0.0894968365515,0.692877842404,-0.0869398885659,0.736306308332,0.689670667468,59.999999837,59.9999991894
0.738222809356,-0.0890355027765,0.69284440004,-0.0864909537895,0.736306308332,0.689670667468,59.999999837,59.9999991894
0.738202583112,-0.0885740935785,0.692811134739,-0.0860419576143,0.736306308332,0.689670667468,59.999999837,59.9999991894
0.738182467361,-0.0881126093683,0.692778046456,-0.0855929004597,0.736306308332,0.689670667468,59.999999837,59.9999991894
0.738162462037,-0.0876510505575,0.692745135149,-0.0851437827179,0.736306308332,0.689670667468,59.999999837,59.9999991894
0.738142567075,-0.0871894175444,0.692712400791,-0.0846946046744,0.736306308332,0.689670667468,59.999999837,59.9999991894
0.738122782411,-0.0867277107259,0.692679843352,-0.0842453666137,0.736306308332,0.689670667468,59.999999837,59.9999991894
0.738103107981,-0.0862659304991,0.692647462806,-0.0837960688192,0.736306308332,0.689670667468,59.999999837,59.9999991894
0.738083543722,-0.0858040772609,0.692615259108,-0.0833467116992,0.736306308332,0.689670667468,59.999999837,59.9999991894
0.738064089569,-0.0853421514178,0.692583232214,-0.0828972956767,0.736306308332,0.689670667468,59.999999837,59.9999991894
0.738044745457,-0.0848801533816,0.692551382095,-0.0824478210499,0.736306308332,0.689670667468,59.999999837,59.9999991894
0.738025511323,-0.084418083554,0.692519708722,-0.0819982881021,0.736306308332,0.689670667468,59.999999837,59.9999991894
0.738006387105,-0.0839559423313,0.692488212068,-0.0815486971159,0.736306308332,0.689670667468,59.999999837,59.9999991894
0.73798737274,-0.0834937301098,0.692456892099,-0.0810990484361,0.736306308332,0.689670667468,59.999999837,59.9999991894
0.737968468165,-0.0830314472858,0.692425748769,-0.0806493424887,0.736306308332,0.689670667468,59.999999837,59.9999991894
0.73794967332,-0.0825690942578,0.692394782042,-0.0801995796367,0.736306308332,0.689670667468,59.999999837,59.9999991894
0.737930988142,-0.0821066714379,0.69236399189,-0.0797497601627,0.736306308332,0.689670667468,59.999999837,59.9999991894
0.737912412566,-0.081644179235,0.692333378286,-0.0792998843483,0.736306308332,0.689670667468,59.999999837,59.9999991894
0.737893946533,-0.0811816180448,0.692302941203,-0.078849952474,0.736306308332,0.689670667468,59.999999837,59.9999991894
0.737875589982,-0.0807189882629,0.6922726806,-0.0783999649414,0.736306308332,0.689670667468,59.999999837,59.9999991894
0.737857342853,-0.0802562902849,0.692242596433,-0.0779499221803,0.736306308332,0.689670667468,59.999999837,59.9999991894
0.737839205085,-0.0797935245061,0.692212688672,-0.0774998244997,0.736306308332,0.689670667468,59.999999837,59.9999991894
0.737821176619,-0.0793306913292,0.69218295729,-0.0770496721803,0.736306308332,0.689670667468,59.999999837,59.9999991894
0.737803257392,-0.0788677911663,0.692153402261,-0.0765994655019,0.736306308332,0.689670667468,59.999999837,59.9999991894
0.737785447345,-0.0784048244216,0.692124023557,-0.0761492047451,0.736306308332,0.689670667468,59.999999837,59.9999991894
0.737767746419,-0.0779417914902,0.692094821134,-0.0756988903427,0.736306308332,0.689670667468,59.999999837,59.9999991894
0.737750154555,-0.0774786927669,0.692065794951,-0.0752485227273,0.736306308332,0.689670667468,59.999999837,59.9999991894
0.737732671696,-0.0770155286464,0.69203694498,-0.0747981021792,0.736306308332,0.689670667468,59.999999837,59.9999991894
0.737715297782,-0.0765522995233,0.692008271195,-0.0743476289778,0.736306308332,0.689670667468,59.999999837,59.9999991894
0.737698032756,-0.0760890058002,0.69197977357,-0.0738971034013,0.736306308332,0.689670667468,59.999999837,59.9999991894
0.737680876558,-0.0756256478893,0.691951452079,-0.0734465257272,0.736306308332,0.689670667468,59.999999837,59.9999991894
0.73766382913,-0.0751622261947,0.691923306679,-0.0729958963933,0.736306308332,0.689670667468,59.999999837,59.9999991894
0.737646890416,-0.0746987411105,0.691895337327,-0.0725452158379,0.736306308332,0.689670667468,59.999999837,59.9999991894
0.737630060358,-0.0742351930308,0.691867543996,-0.0720944843403,0.736306308332,0.689670667468,59.999999837,59.9999991894
0.737613338901,-0.0737715823496,0.691839926663,-0.0716437021784,0.736306308332,0.689670667468,59.999999837,59.9999991894
0.737596725989,-0.0733079094608,0.6918124853,-0.0711928696291,0.736306308332,0.689670667468,59.999999837,59.9999991894
0.737580221565,-0.0728441747612,0.691785219883,-0.0707419869681,0.736306308332,0.689670667468,59.999999837,59.9999991894
0.737563825573,-0.0723803786634,0.691758130372,-0.0702910545995,0.736306308332,0.689670667468,59.999999837,59.9999991894
0.737547537956,-0.0719165215767,0.691731216727,-0.0698400729676,0.736306308332,0.689670667468,59.999999837,59.9999991894
0.737531358659,-0.0714526038947,0.691704478916,-0.0693890423888,0.736306308332,0.689670667468,59.999999837,59.9999991894
0.737515287628,-0.0709886260108,0.691677916917,-0.06893796314,0.736306308332,0.689670667468,59.999999837,59.9999991894
0.737499324809,-0.0705245883183,0.691651530703,-0.0684868354971,0.736306308332,0.689670667468,59.999999837,59.9999991894
0.737483470147,-0.0700604912103,0.69162532025,-0.0680356597347,0.736306308332,0.689670667468,59.999999837,59.9999991894
0.73746772359,-0.0695963350799,0.691599285529,-0.0675844361759,0.736306308332,0.689670667468,59.999999837,59.9999991894
0.737452085083,-0.0691321203303,0.691573426497,-0.0671331652702,0.736306308332,0.689670667468,59.999999837,59.9999991894
0.737436554571,-0.0686678473747,0.691547743118,-0.0666818474196,0.736306308332,0.689670667468,59.999999837,59.9999991894
0.737421132002,-0.0682035166155,0.691522235367,-0.0662304829004,0.736306308332,0.689670667468,59.999999837,59.9999991894
0.737405817322,-0.0677391284455,0.691496903221,-0.0657790719877,0.736306308332,0.689670667468,59.999999837,59.9999991894
0.73739061048,-0.0672746832573,0.691471746655,-0.0653276149554,0.736306308332,0.689670667468,59.999999837,59.9999991894
0.737375511423,-0.0668101814434,0.691446765645,-0.064876112076,0.736306308332,0.689670667468,59.999999837,59.9999991894
0.737360520102,-0.0663456233962,0.691421960159,-0.0644245637148,0.736306308332,0.689670667468,59.999999837,59.9999991894
0.737345636464,-0.0658810095078,0.691397330155,-0.0639729703292,0.736306308332,0.689670667468,59.999999837,59.9999991894
0.737330860459,-0.0654163401806,0.691372875602,-0.063521332285,0.736306308332,0.689670667468,59.999999837,59.9999991894
0.737316192033,-0.0649516158281,0.691348596477,-0.0630696498572,0.736306308332,0.689670667468,59.999999837,59.9999991894
0.737301631136,-0.0644868368539,0.691324492755,-0.062617923319,0.736306308332,0.689670667468,59.999999837,59.9999991894
0.737287177717,-0.06402200365,0.691300564413,-0.062166152943,0.736306308332,0.689670667468,59.999999837,59.9999991894
0.737272831729,-0.0635571166083,0.691276811429,-0.061714339,0.736306308332,0.689670667468,59.999999837,59.9999991894
0.737258593121,-0.0630921761206,0.691253233772,-0.0612624818379,0.736306308332,0.689670667468,59.999999837,59.9999991894
0.737244461844,-0.0626271825785,0.691229831403,-0.0608105819228,0.736306308332,0.689670667468,59.999999837,59.9999991894
0.73723043785,-0.0621621363733,0.691206604288,-0.0603586396446,0.736306308332,0.689670667468,59.999999837,59.9999991894
0.737216521092,-0.0616970378965,0.691183552404,-0.0599066552772,0.736306308332,0.689670667468,59.999999837,59.9999991894
0.737202711519,-0.0612318875612,0.69116067573,-0.059454629093,0.736306308332,0.689670667468,59.999999837,59.9999991894
0.737189009081,-0.060766685782,0.691137974242,-0.0590025613631,0.736306308332,0.689670667468,59.999999837,59.9999991894
0.737175413733,-0.0603014329517,0.69111544792,-0.0585504523572,0.736306308332,0.689670667468,59.999999837,59.9999991894
0.737161925425,-0.0598361294613,0.691093096739,-0.0580983023439,0.736306308332,0.689670667468,59.999999837,59.9999991894
0.737148544114,-0.059370775702,0.691070920664,-0.0576461117792,0.736306308332,0.689670667468,59.999999837,59.9999991894
0.737135269751,-0.0589053720648,0.691048919654,-0.057193881141,0.736306308332,0.689670667468,59.999999837,59.9999991894
0.737122102291,-0.0584399189403,0.691027093686,-0.056741610721,0.736306308332,0.689670667468,59.999999837,59.9999991894
0.737109041689,-0.0579744167193,0.69100544274,-0.0562893007912,0.736306308332,0.689670667468,59.999999837,59.9999991894
0.737096087899,-0.0575088657922,0.690983966793,-0.0558369516223,0.736306308332,0.689670667468,59.999999837,59.9999991894
0.737083240875,-0.0570432665705,0.690962665824,-0.0553845634833,0.736306308332,0.689670667468,59.999999837,59.9999991894
0.73707050057,-0.05657761947,0.690941539812,-0.0549321366421,0.736306308332,0.689670667468,59.999999837,59.9999991894
0.73705786694,-0.0561119248857,0.690920588736,-0.0544796713649,0.736306308332,0.689670667468,59.999999837,59.9999991894
0.737045339941,-0.0556461832079,0.690899812559,-0.0540271681299,0.736306308332,0.689670667468,59.999999837,59.9999991894
0.737032919529,-0.0551803948271,0.690879211243,-0.0535746274281,0.736306308332,0.689670667468,59.999999837,59.9999991894
0.737020605661,-0.0547145601335,0.690858784766,-0.0531220495408,0.736306308332,0.689670667468,59.999999837,59.9999991894
0.737008398294,-0.054248679517,0.690838533107,-0.0526694347388,0.736306308332,0.689670667468,59.999999837,59.9999991894
0.736996297386,-0.0537827533676,0.690818456247,-0.0522167832917,0.736306308332,0.689670667468,59.999999837,59.9999991894
0.736984302895,-0.0533167820749,0.690798554166,-0.0517640954673,0.736306308332,0.689670667468,59.999999837,59.9999991894
0.736972414778,-0.0528507660288,0.690778826843,-0.0513113715322,0.736306308332,0.689670667468,59.999999837,59.9999991894
0.736960632991,-0.0523847056465,0.690759274258,-0.050858611751,0.736306308332,0.689670667468,59.999999837,59.9999991894
0.736948957493,-0.0519186013457,0.690739896385,-0.0504058164949,0.736306308332,0.689670667468,59.999999837,59.9999991894
0.736937388242,-0.0514524535161,0.690720693185,-0.0499529862686,0.736306308332,0.689670667468,59.999999837,59.9999991894
0.736925925196,-0.0509862625476,0.690701664631,-0.049500121474,0.736306308332,0.689670667468,59.999999837,59.9999991894
0.736914568318,-0.0505200288297,0.690682810703,-0.0490472223819,0.736306308332,0.689670667468,59.999999837,59.9999991894
0.736903317565,-0.0500537527519,0.690664131381,-0.0485942892615,0.736306308332,0.689670667468,59.999999837,59.9999991894
0.7368921729,-0.0495874347035,0.690645626647,-0.0481413223806,0.736306308332,0.689670667468,59.999999837,59.9999991894
0.736881134282,-0.0491210750735,0.690627296482,-0.0476883220054,0.736306308332,0.689670667468,59.999999837,59.9999991894
0.736870201673,-0.0486546742509,0.690609140867,-0.0472352884002,0.736306308332,0.689670667468,59.999999837,59.9999991894
0.736859375034,-0.0481882326244,0.690591159784,-0.0467822218279,0.736306308332,0.689670667468,59.999999837,59.9999991894
0.736848654328,-0.0477217505903,0.69057335321,-0.0463291226136,0.736306308332,0.689670667468,59.999999837,59.9999991894
0.736838039513,-0.0472552285686,0.69055572111,-0.0458759912817,0.736306308332,0.689670667468,59.999999837,59.9999991894
0.736827530551,-0.0467886669717,0.690538263452,-0.0454228282977,0.736306308332,0.689670667468,59.999999837,59.9999991894
0.736817127406,-0.0463220661888,0.690520980218,-0.0449696339322,0.736306308332,0.689670667468,59.999999837,59.9999991894
0.736806830039,-0.045855426609,0.690503871391,-0.0445164084541,0.736306308332,0.689670667468,59.999999837,59.9999991894
0.736796638416,-0.0453887486212,0.690486936954,-0.0440631521309,0.736306308332,0.689670667468,59.999999837,59.9999991894
0.736786552499,-0.0449220326139,0.690470176887,-0.0436098652282,0.736306308332,0.689670667468,59.999999837,59.9999991894
0.736776572253,-0.0444552789758,0.690453591176,-0.0431565480098,0.736306308332,0.689670667468,59.999999837,59.9999991894
0.736766697644,-0.0439884880951,0.690437179801,-0.0427032007377,0.736306308332,0.689670667468,59.999999837,59.9999991894
0.736756928635,-0.04352166036,0.690420942748,-0.0422498236721,0.736306308332,0.689670667468,59.999999837,59.9999991894
0.736747265192,-0.0430547961583,0.690404879995,-0.0417964171109,0.736306308332,0.689670667468,59.999999837,59.9999991894
0.736737707281,-0.0425878958778,0.690388991509,-0.0413429816048,0.736306308332,0.689670667468,59.999999837,59.9999991894
0.736728254868,-0.0421209599145,0.690373277259,-0.0408895176719,0.736306308332,0.689670667468,59.999999837,59.9999991894
0.736718907916,-0.0416539886918,0.690357737228,-0.0404360255827,0.736306308332,0.689670667468,59.999999837,59.9999991894
0.736709666391,-0.0411869826254,0.6903423714,-0.0399825056064,0.736306308332,0.689670667468,59.999999837,59.9999991894
0.736700530261,-0.040719942104,0.690327179759,-0.03952895801,0.736306308332,0.689670667468,59.999999837,59.9999991894
0.736691499492,-0.0402528675159,0.690312162289,-0.0390753830592,0.736306308332,0.689670667468,59.999999837,59.9999991894
0.736682574053,-0.0397857592494,0.690297318975,-0.0386217810174,0.736306308332,0.689670667468,59.999999837,59.9999991894
0.736673753911,-0.0393186176926,0.690282649801,-0.0381681521462,0.736306308332,0.689670667468,59.999999837,59.9999991894
0.736665039036,-0.0388514432333,0.690268154752,-0.0377144967048,0.736306308332,0.689670667468,59.999999837,59.9999991894
0.736656429396,-0.0383842362591,0.690253833813,-0.0372608149505,0.736306308332,0.689670667468,59.999999837,59.9999991894
0.73664792496,-0.0379169971575,0.690239686969,-0.0368071071378,0.736306308332,0.689670667468,59.999999837,59.9999991894
0.736639525698,-0.0374497263156,0.69022571419,-0.0363533737827,0.736306308332,0.689670667468,59.999999837,59.9999991894
0.736631231581,-0.0369824241205,0.690211915446,-0.0358996154812,0.736306308332,0.689670667468,59.999999837,59.9999991894
0.736623042577,-0.0365150909587,0.690198290716,-0.0354458325756,0.736306308332,0.689670667468,59.999999837,59.9999991894
0.736614958659,-0.0360477272168,0.690184839989,-0.0349920253363,0.736306308332,0.689670667468,59.999999837,59.9999991894
0.736606979796,-0.0355803332969,0.690171563248,-0.0345381940317,0.736306308332,0.689670667468,59.999999837,59.9999991894
0.736599105958,-0.0351129096287,0.690158460481,-0.0340843389285,0.736306308332,0.689670667468,59.999999837,59.9999991894
0.736591337115,-0.0346454566267,0.690145531673,-0.0336304602913,0.736306308332,0.689670667468,59.999999837,59.9999991894
0.736583673239,-0.0341779746791,0.69013277681,-0.0331765583825,0.736306308332,0.689670667468,59.999999837,59.9999991894
0.736576114303,-0.0337104641738,0.69012019588,-0.0327226334621,0.736306308332,0.689670667468,59.999999837,59.9999991894
0.73656866028,-0.0332429254987,0.69010778887,-0.0322686857877,0.736306308332,0.689670667468,59.999999837,59.9999991894
0.736561311143,-0.0327753590411,0.690095555765,-0.0318147156142,0.736306308332,0.689670667468,59.999999837,59.9999991894
0.736554066866,-0.0323077651886,0.690083496552,-0.0313607231936,0.736306308332,0.689670667468,59.999999837,59.9999991894
0.736546927422,-0.0318401443282,0.69007161122,-0.030906708775,0.736306308332,0.689670667468,59.999999837,59.9999991894
0.736539892786,-0.0313724968466,0.690059899746,-0.0304526728323,0.736306308332,0.689670667468,59.999999837,59.9999991894
0.736532962932,-0.0309048231306,0.690048362099,-0.029998616023,0.736306308332,0.689670667468,59.999999837,59.9999991894
0.736526137836,-0.0304371235664,0.690036998259,-0.029544538792,0.736306308332,0.689670667468,59.999999837,59.9999991894
0.736519417473,-0.0299693985399,0.690025808215,-0.0290904414128,0.736306308332,0.689670667468,59.999999837,59.9999991894
0.736512801819,-0.0295016484369,0.690014791955,-0.0286363241571,0.736306308332,0.689670667468,59.999999837,59.9999991894
0.73650629085,-0.0290338736426,0.690003949467,-0.0281821872946,0.736306308332,0.689670667468,59.999999837,59.9999991894
0.736499884542,-0.028566074542,0.689993280739,-0.0277280310927,0.736306308332,0.689670667468,59.999999837,59.9999991894
0.736493582873,-0.0280982515195,0.68998278576,-0.0272738558167,0.736306308332,0.689670667468,59.999999837,59.9999991894
0.736487385818,-0.0276304049808,0.689972464518,-0.0268196617291,0.736306308332,0.689670667468,59.999999837,59.9999991894
0.736481293354,-0.0271625353671,0.689962317004,-0.0263654490898,0.736306308332,0.689670667468,59.999999837,59.9999991894
0.736475305456,-0.0266946431002,0.689952343205,-0.0259112181557,0.736306308332,0.689670667468,59.999999837,59.9999991894
0.736469422104,-0.0262267285682,0.689942543112,-0.0254569691802,0.736306308332,0.689670667468,59.999999837,59.9999991894
0.736463643277,-0.0257587921592,0.689932916713,-0.0250027024136,0.736306308332,0.689670667468,59.999999837,59.9999991894
0.736457968952,-0.025290834261,0.689923463999,-0.024548418102,0.736306308332,0.689670667468,59.999999837,59.9999991894
0.736452399111,-0.0248228552612,0.689914184959,-0.0240941164874,0.736306308332,0.689670667468,59.999999837,59.9999991894
0.736446933731,-0.024354855547,0.689905079584,-0.0236397978072,0.736306308332,0.689670667468,59.999999837,59.9999991894
0.736441572795,-0.0238868355058,0.689896147862,-0.0231854623218,0.736306308332,0.689670667468,59.999999837,59.9999991894
0.736436316282,-0.0234187955242,0.689887389767,-0.0227311108013,0.736306308332,0.689670667468,59.999999837,59.9999991894
0.736431164174,-0.0229507359889,0.689878805271,-0.0222767440149,0.736306308332,0.689670667468,59.999999837,59.9999991894
0.736426116451,-0.0224826572861,0.689870394367,-0.0218223622457,0.736306308332,0.689670667468,59.999999837,59.9999991894
0.736421173095,-0.0220145598016,0.689862157045,-0.0213679657754,0.736306308332,0.689670667468,59.999999837,59.9999991894
0.736416334089,-0.0215464439209,0.689854093295,-0.020913554884,0.736306308332,0.689670667468,59.999999837,59.9999991894
0.736411599415,-0.0210783100291,0.68984620311,-0.0204591298496,0.736306308332,0.689670667468,59.999999837,59.9999991894
0.736406969055,-0.0206101585107,0.689838486481,-0.0200046909481,0.736306308332,0.689670667468,59.999999837,59.9999991894
0.736402442994,-0.0201419897498,0.6898309434,-0.0195502384532,0.736306308332,0.689670667468,59.999999837,59.9999991894
0.736398021214,-0.0196738041298,0.689823573858,-0.0190957726359,0.736306308332,0.689670667468,59.999999837,59.9999991894
0.736393703699,-0.0192056020335,0.689816377847,-0.0186412937645,0.736306308332,0.689670667468,59.999999837,59.9999991894
0.736389490434,-0.0187373838428,0.68980935536,-0.0181868021036,0.736306308332,0.689670667468,59.999999837,59.9999991894
0.736385381403,-0.0182691499391,0.68980250639,-0.0177322979147,0.736306308332,0.689670667468,59.999999837,59.9999991894
0.736381376592,-0.0178009007025,0.689795830928,-0.0172777814546,0.736306308332,0.689670667468,59.999999837,59.9999991894
0.736377475986,-0.0173326365122,0.689789328967,-0.0168232529758,0.736306308332,0.689670667468,59.999999837,59.9999991894
0.73637367957,-0.0168643577462,0.689783000501,-0.0163687127251,0.736306308332,0.689670667468,59.999999837,59.9999991894
0.736369987331,-0.0163960647812,0.689776845523,-0.0159141609436,0.736306308332,0.689670667468,59.999999837,59.9999991894
0.736366399254,-0.0159277580875,0.689770864026,-0.015459597865,0.736306308332,0.689670667468,59.999999837,59.9999991894
0.736362915322,-0.0154594381456,0.689765056003,-0.0150050237151,0.736306308332,0.689670667468,59.999999837,59.9999991894
0.736359535524,-0.0149911053486,0.689759421448,-0.0145504387104,0.736306308332,0.689670667468,59.999999837,59.9999991894
0.736356259848,-0.0145227600861,0.689753960356,-0.0140958430566,0.736306308332,0.689670667468,59.999999837,59.9999991894
0.73635308828,-0.0140544027478,0.689748672719,-0.0136412369467,0.736306308332,0.689670667468,59.999999837,59.9999991894
0.73635002081,-0.0135860337235,0.689743558533,-0.013186620559,0.736306308332,0.689670667468,59.999999837,59.9999991894
0.736347057427,-0.0131176534026,0.689738617792,-0.0127319940543,0.736306308332,0.689670667468,59.999999837,59.9999991894
0.736344198119,-0.0126492621749,0.689733850491,-0.0122773575729,0.736306308332,0.689670667468,59.999999837,59.9999991894
0.736341442877,-0.0121808604301,0.689729256623,-0.0118227112305,0.736306308332,0.689670667468,59.999999837,59.9999991894
0.73633879169,-0.0117124485577,0.689724836177,-0.0113680556374,0.736306308332,0.689670667468,59.999999837,59.9999991894
0.736336244549,-0.0112440269474,0.689720589128,-0.0109133920335,0.736306308332,0.689670667468,59.999999837,59.9999991894
0.736333801443,-0.0107755959888,0.689716515464,-0.0104587212491,0.736306308332,0.689670667468,59.999999837,59.9999991894
0.736331462366,-0.0103071560714,0.68971261518,-0.0100040435838,0.736306308332,0.689670667468,59.999999837,59.9999991894
0.736329227307,-0.00983870758484,0.689708888271,-0.00954935933675,0.736306308332,0.689670667468,59.999999837,59.9999991894
0.736327096258,-0.0093702509187,0.689705334734,-0.00909466880739,0.736306308332,0.689670667468,59.999999837,59.9999991894
0.736325069213,-0.00890178646254,0.689701954565,-0.00863997229502,0.736306308332,0.689670667468,59.999999837,59.9999991894
0.736323146163,-0.00843331460591,0.68969874776,-0.00818527009894,0.736306308332,0.689670667468,59.999999837,59.9999991894
0.736321327102,-0.00796483573836,0.689695714316,-0.00773056251841,0.736306308332,0.689670667468,59.999999837,59.9999991894
0.736319612022,-0.00749635024943,0.689692854229,-0.00727584985268,0.736306308332,0.689670667468,59.999999837,59.9999991894
0.736318000918,-0.00702785852864,0.689690167496,-0.006821132401,0.736306308332,0.689670667468,59.999999837,59.9999991894
0.736316493784,-0.00655936096552,0.689687654115,-0.00636641046256,0.736306308332,0.689670667468,59.999999837,59.9999991894
0.736315090614,-0.00609085794959,0.689685314082,-0.00591168433657,0.736306308332,0.689670667468,59.999999837,59.9999991894
0.736313791403,-0.00562234987037,0.689683147395,-0.0054569543222,0.736306308332,0.689670667468,59.999999837,59.9999991894
0.736312596146,-0.00515383711735,0.689681154052,-0.00500222071862,0.736306308332,0.689670667468,59.999999837,59.9999991894
0.73631150484,-0.00468532008004,0.68967933405,-0.00454748382498,0.736306308332,0.689670667468,59.999999837,59.9999991894
0.736310517479,-0.00421679914793,0.689677687387,-0.00409274394041,0.736306308332,0.689670667468,59.999999837,59.9999991894
0.736309634061,-0.00374827471052,0.689676214063,-0.00363800136404,0.736306308332,0.689670667468,59.999999837,59.9999991894
0.736308854581,-0.00327974715729,0.689674914074,-0.00318325639499,0.736306308332,0.689670667468,59.999999837,59.9999991894
0.736308179039,-0.00281121687774,0.68967378742,-0.00272850933236,0.736306308332,0.689670667468,59.999999837,59.9999991894
0.73630760743,-0.00234268426133,0.689672834099,-0.00227376047525,0.736306308332,0.689670667468,59.999999837,59.9999991894
0.736307139752,-0.00187414969755,0.689672054111,-0.00181901012275,0.736306308332,0.689670667468,59.999999837,59.9999991894
0.736306776005,-0.00140561357588,0.689671447455,-0.00136425857395,0.736306308332,0.689670667468,59.999999837,59.9999991894
0.736306516186,-0.000937076285783,0.689671014129,-0.000909506127929,0.736306308332,0.689670667468,59.999999837,59.9999991894
0.736306360296,-0.000468538216723,0.689670754134,-0.000454753083805,0.736306308332,0.689670667468,59.999999837,59.9999991894
0.736306308332,-0,0.689670667468,-0,0.736306308332,0.689670667468,59.999999837,59.9999991894
0.736306360296,0.000468538216723,0.689670754134,0.000454753083805,0.736306308332,0.689670667468,59.999999837,59.9999991894
0.736306516186,0.000937076285783,0.689671014129,0.000909506127929,0.736306308332,0.689670667468,59.999999837,59.9999991894
0.736306776005,0.00140561357588,0.689671447455,0.00136425857395,0.736306308332,0.689670667468,59.999999837,59.9999991894
0.736307139752,0.00187414969755,0.689672054111,0.00181901012275,0.736306308332,0.689670667468,59.999999837,59.9999991894
0.73630760743,0.00234268426133,0.689672834099,0.00227376047525,0.736306308332,0.689670667468,59.999999837,59.9999991894
0.736308179039,0.00281121687774,0.68967378742,0.00272850933236,0.736306308332,0.689670667468,59.999999837,59.9999991894
0.736308854581,0.00327974715729,0.689674914074,0.00318325639499,0.736306308332,0.689670667468,59.999999837,59.9999991894
0.736309634061,0.00374827471052,0.689676214063,0.00363800136404,0.736306308332,0.689670667468,59.999999837,59.9999991894
0.736310517479,0.00421679914793,0.689677687387,0.00409274394041,0.736306308332,0.689670667468,59.999999837,59.9999991894
0.73631150484,0.00468532008004,0.68967933405,0.00454748382498,0.736306308332,0.689670667468,59.999999837,59.9999991894
0.736312596146,0.00515383711735,0.689681154052,0.00500222071862,0.736306308332,0.689670667468,59.999999837,59.9999991894
0.736313791403,0.00562234987037,0.689683147395,0.0054569543222,0.736306308332,0.689670667468,59.999999837,59.9999991894
0.736315090614,0.00609085794959,0.689685314082,0.00591168433657,0.736306308332,0.689670667468,59.999999837,59.9999991894
0.736316493784,0.00655936096552,0.689687654115,0.00636641046256,0.736306308332,0.689670667468,59.999999837,59.9999991894
0.736318000918,0.00702785852864,0.689690167496,0.006821132401,0.736306308332,0.689670667468,59.999999837,59.9999991894
0.736319612022,0.00749635024943,0.689692854229,0.00727584985268,0.736306308332,0.689670667468,59.999999837,59.9999991894
0.736321327102,0.00796483573836,0.689695714316,0.00773056251841,0.736306308332,0.689670667468,59.999999837,59.9999991894
0.736323146163,0.00843331460591,0.68969874776,0.00818527009894,0.736306308332,0.689670667468,59.999999837,59.9999991894
0.736325069213,0.00890178646254,0.689701954565,0.00863997229502,0.736306308332,0.689670667468,59.999999837,59.9999991894
0.736327096258,0.0093702509187,0.689705334734,0.00909466880739,0.736306308332,0.689670667468,59.999999837,59.9999991894
0.736329227307,0.00983870758484,0.689708888271,0.00954935933675,0.736306308332,0.689670667468,59.999999837,59.9999991894
0.736331462366,0.0103071560714,0.68971261518,0.0100040435838,0.736306308332,0.689670667468,59.999999837,59.9999991894
0.736333801443,0.0107755959888,0.689716515464,0.0104587212491,0.736306308332,0.689670667468,59.999999837,59.9999991894
0.736336244549,0.0112440269474,0.689720589128,0.0109133920335,0.736306308332,0.689670667468,59.999999837,59.9999991894
0.73633879169,0.0117124485577,0.689724836177,0.0113680556374,0.736306308332,0.689670667468,59.999999837,59.9999991894
0.736341442877,0.0121808604301,0.689729256623,0.0118227112305,0.736306308332,0.689670667468,59.999999837,59.9999991894
0.736344198119,0.0126492621749,0.689733850491,0.0122773575729,0.736306308332,0.689670667468,59.999999837,59.9999991894
0.736347057427,0.0131176534026,0.689738617792,0.0127319940543,0.736306308332,0.689670667468,59.999999837,59.9999991894
0.73635002081,0.0135860337235,0.689743558533,0.013186620559,0.736306308332,0.689670667468,59.999999837,59.9999991894
0.73635308828,0.0140544027478,0.689748672719,0.0136412369467,0.736306308332,0.689670667468,59.999999837,59.9999991894
0.736356259848,0.0145227600861,0.689753960356,0.0140958430566,0.736306308332,0.689670667468,59.999999837,59.9999991894
0.736359535524,0.0149911053486,0.689759421448,0.0145504387104,0.736306308332,0.689670667468,59.999999837,59.9999991894
0.736362915322,0.0154594381456,0.689765056003,0.0150050237151,0.736306308332,0.689670667468,59.999999837,59.9999991894
0.736366399254,0.0159277580875,0.689770864026,0.015459597865,0.736306308332,0.689670667468,59.999999837,59.9999991894
0.736369987331,0.0163960647812,0.689776845523,0.0159141609436,0.736306308332,0.689670667468,59.999999837,59.9999991894
0.73637367957,0.0168643577462,0.689783000501,0.0163687127251,0.736306308332,0.689670667468,59.999999837,59.9999991894
0.736377475986,0.0173326365122,0.689789328967,0.0168232529758,0.736306308332,0.689670667468,59.999999837,59.9999991894
0.736381376592,0.0178009007025,0.689795830928,0.0172777814546,0.736306308332,0.689670667468,59.999999837,59.9999991894
0.736385381403,0.0182691499391,0.68980250639,0.0177322979147,0.736306308332,0.689670667468,59.999999837,59.9999991894
0.736389490434,0.0187373838428,0.68980935536,0.0181868021036,0.736306308332,0.689670667468,59.999999837,59.9999991894
0.736393703699,0.0192056020335,0.689816377847,0.0186412937645,0.736306308332,0.689670667468,59.999999837,59.9999991894
0.736398021214,0.0196738041298,0.689823573858,0.0190957726359,0.736306308332,0.689670667468,59.999999837,59.9999991894
0.736402442994,0.0201419897498,0.6898309434,0.0195502384532,0.736306308332,0.689670667468,59.999999837,59.9999991894
0.736406969055,0.0206101585107,0.689838486481,0.0200046909481,0.736306308332,0.689670667468,59.999999837,59.9999991894
0.736411599415,0.0210783100291,0.68984620311,0.0204591298496,0.736306308332,0.689670667468,59.999999837,59.9999991894
0.736416334089,0.0215464439209,0.689854093295,0.020913554884,0.736306308332,0.689670667468,59.999999837,59.9999991894
0.736421173095,0.0220145598016,0.689862157045,0.0213679657754,0.736306308332,0.689670667468,59.999999837,59.9999991894
0.736426116451,0.0224826572861,0.689870394367,0.0218223622457,0.736306308332,0.689670667468,59.999999837,59.9999991894
0.736431164174,0.0229507359889,0.689878805271,0.0222767440149,0.736306308332,0.689670667468,59.999999837,59.9999991894
0.736436316282,0.0234187955242,0.689887389767,0.0227311108013,0.736306308332,0.689670667468,59.999999837,59.9999991894
0.736441572795,0.0238868355058,0.689896147862,0.0231854623218,0.736306308332,0.689670667468,59.999999837,59.9999991894
0.736446933731,0.024354855547,0.689905079584,0.0236397978072,0.736306308332,0.689670667468,59.999999837,59.9999991894
0.736452399111,0.0248228552612,0.689914184959,0.0240941164874,0.736306308332,0.689670667468,59.999999837,59.9999991894
0.736457968952,0.025290834261,0.689923463999,0.024548418102,0.736306308332,0.689670667468,59.999999837,59.9999991894
0.736463643277,0.0257587921592,0.689932916713,0.0250027024136,0.736306308332,0.689670667468,59.999999837,59.9999991894
0.736469422104,0.0262267285682,0.689942543112,0.0254569691802,0.736306308332,0.689670667468,59.999999837,59.9999991894
0.736475305456,0.0266946431002,0.689952343205,0.0259112181557,0.736306308332,0.689670667468,59.999999837,59.9999991894
0.736481293354,0.0271625353671,0.689962317004,0.0263654490898,0.736306308332,0.689670667468,59.999999837,59.9999991894
0.736487385818,0.0276304049808,0.689972464518,0.0268196617291,0.736306308332,0.689670667468,59.999999837,59.9999991894
0.736493582873,0.0280982515195,0.68998278576,0.0272738558167,0.736306308332,0.689670667468,59.999999837,59.9999991894
0.736499884542,0.028566074542,0.689993280739,0.0277280310927,0.736306308332,0.689670667468,59.999999837,59.9999991894
0.73650629085,0.0290338736426,0.690003949467,0.0281821872946,0.736306308332,0.689670667468,59.999999837,59.9999991894
0.736512801819,0.0295016484369,0.690014791955,0.0286363241571,0.736306308332,0.689670667468,59.999999837,59.9999991894
0.736519417473,0.0299693985399,0.690025808215,0.0290904414128,0.736306308332,0.689670667468,59.999999837,59.9999991894
0.736526137836,0.0304371235664,0.690036998259,0.029544538792,0.736306308332,0.689670667468,59.999999837,59.9999991894
0.736532962932,0.0309048231306,0.690048362099,0.029998616023,0.736306308332,0.689670667468,59.999999837,59.9999991894
0.736539892786,0.0313724968466,0.690059899746,0.0304526728323,0.736306308332,0.689670667468,59.999999837,59.9999991894
0.736546927422,0.0318401443282,0.69007161122,0.030906708775,0.736306308332,0.689670667468,59.999999837,59.9999991894
0.736554066866,0.0323077651886,0.690083496552,0.0313607231936,0.736306308332,0.689670667468,59.999999837,59.9999991894
0.736561311143,0.0327753590411,0.690095555765,0.0318147156142,0.736306308332,0.689670667468,59.999999837,59.9999991894
0.73656866028,0.0332429254987,0.69010778887,0.0322686857877,0.736306308332,0.689670667468,59.999999837,59.9999991894
0.736576114303,0.0337104641738,0.69012019588,0.0327226334621,0.736306308332,0.689670667468,59.999999837,59.9999991894
0.736583673239,0.0341779746791,0.69013277681,0.0331765583825,0.736306308332,0.689670667468,59.999999837,59.9999991894
0.736591337115,0.0346454566267,0.690145531673,0.0336304602913,0.736306308332,0.689670667468,59.999999837,59.9999991894
0.736599105958,0.0351129096287,0.690158460481,0.0340843389285,0.736306308332,0.689670667468,59.999999837,59.9999991894
0.736606979796,0.0355803332969,0.690171563248,0.0345381940317,0.736306308332,0.689670667468,59.999999837,59.9999991894
0.736614958659,0.0360477272168,0.690184839989,0.0349920253363,0.736306308332,0.689670667468,59.999999837,59.9999991894
0.736623042577,0.0365150909587,0.690198290716,0.0354458325756,0.736306308332,0.689670667468,59.999999837,59.9999991894
0.736631231581,0.0369824241205,0.690211915446,0.0358996154812,0.736306308332,0.689670667468,59.999999837,59.9999991894
0.736639525698,0.0374497263156,0.69022571419,0.0363533737827,0.736306308332,0.689670667468,59.999999837,59.9999991894
0.73664792496,0.0379169971575,0.690239686969,0.0368071071378,0.736306308332,0.689670667468,59.999999837,59.9999991894
0.736656429396,0.0383842362591,0.690253833813,0.0372608149505,0.736306308332,0.689670667468,59.999999837,59.9999991894
0.736665039036,0.0388514432333,0.690268154752,0.0377144967048,0.736306308332,0.689670667468,59.999999837,59.9999991894
0.736673753911,0.0393186176926,0.690282649801,0.0381681521462,0.736306308332,0.689670667468,59.999999837,59.9999991894
0.736682574053,0.0397857592494,0.690297318975,0.0386217810174,0.736306308332,0.689670667468,59.999999837,59.9999991894
0.736691499492,0.0402528675159,0.690312162289,0.0390753830592,0.736306308332,0.689670667468,59.999999837,59.9999991894
0.736700530261,0.040719942104,0.690327179759,0.03952895801,0.736306308332,0.689670667468,59.999999837,59.9999991894
0.736709666391,0.0411869826254,0.6903423714,0.0399825056064,0.736306308332,0.689670667468,59.999999837,59.9999991894
0.736718907916,0.0416539886918,0.690357737228,0.0404360255827,0.736306308332,0.689670667468,59.999999837,59.9999991894
0.736728254868,0.0421209599145,0.690373277259,0.0408895176719,0.736306308332,0.689670667468,59.999999837,59.9999991894
0.736737707281,0.0425878958778,0.690388991509,0.0413429816048,0.736306308332,0.689670667468,59.999999837,59.9999991894
0.736747265192,0.0430547961583,0.690404879995,0.0417964171109,0.736306308332,0.689670667468,59.999999837,59.9999991894
0.736756928635,0.04352166036,0.690420942748,0.0422498236721,0.736306308332,0.689670667468,59.999999837,59.9999991894
0.736766697644,0.0439884880951,0.690437179801,0.0427032007377,0.736306308332,0.689670667468,59.999999837,59.9999991894
0.736776572253,0.0444552789758,0.690453591176,0.0431565480098,0.736306308332,0.689670667468,59.999999837,59.9999991894
0.736786552499,0.0449220326139,0.690470176887,0.0436098652282,0.736306308332,0.689670667468,59.999999837,59.9999991894
0.736796638416,0.0453887486212,0.690486936954,0.0440631521309,0.736306308332,0.689670667468,59.999999837,59.9999991894
0.736806830039,0.045855426609,0.690503871391,0.0445164084541,0.736306308332,0.689670667468,59.999999837,59.9999991894
0.736817127406,0.0463220661888,0.690520980218,0.0449696339322,0.736306308332,0.689670667468,59.999999837,59.9999991894
0.736827530551,0.0467886669717,0.690538263452,0.0454228282977,0.736306308332,0.689670667468,59.999999837,59.9999991894
0.736838039513,0.0472552285686,0.69055572111,0.0458759912817,0.736306308332,0.689670667468,59.999999837,59.9999991894
0.736848654328,0.0477217505903,0.69057335321,0.0463291226136,0.736306308332,0.689670667468,59.999999837,59.9999991894
0.736859375034,0.0481882326244,0.690591159784,0.0467822218279,0.736306308332,0.689670667468,59.999999837,59.9999991894
0.736870201673,0.0486546742509,0.690609140867,0.0472352884002,0.736306308332,0.689670667468,59.999999837,59.9999991894
0.736881134282,0.0491210750735,0.690627296482,0.0476883220054,0.736306308332,0.689670667468,59.999999837,59.9999991894
0.7368921729,0.0495874347035,0.690645626647,0.0481413223806,0.736306308332,0.689670667468,59.999999837,59.9999991894
0.736903317565,0.0500537527519,0.690664131381,0.0485942892615,0.736306308332,0.689670667468,59.999999837,59.9999991894
0.736914568318,0.0505200288297,0.690682810703,0.0490472223819,0.736306308332,0.689670667468,59.999999837,59.9999991894
0.736925925196,0.0509862625476,0.690701664631,0.049500121474,0.736306308332,0.689670667468,59.999999837,59.9999991894
0.736937388242,0.0514524535161,0.690720693185,0.0499529862686,0.736306308332,0.689670667468,59.999999837,59.9999991894
0.736948957493,0.0519186013457,0.690739896385,0.0504058164949,0.736306308332,0.689670667468,59.999999837,59.9999991894
0.736960632991,0.0523847056465,0.690759274258,0.050858611751,0.736306308332,0.689670667468,59.999999837,59.9999991894
0.736972414778,0.0528507660288,0.690778826843,0.0513113715322,0.736306308332,0.689670667468,59.999999837,59.9999991894
0.736984302895,0.0533167820749,0.690798554166,0.0517640954673,0.736306308332,0.689670667468,59.999999837,59.9999991894
0.736996297386,0.0537827533676,0.690818456247,0.0522167832917,0.736306308332,0.689670667468,59.999999837,59.9999991894
0.737008398294,0.054248679517,0.690838533107,0.0526694347388,0.736306308332,0.689670667468,59.999999837,59.9999991894
0.737020605661,0.0547145601335,0.690858784766,0.0531220495408,0.736306308332,0.689670667468,59.999999837,59.9999991894
0.737032919529,0.0551803948271,0.690879211243,0.0535746274281,0.736306308332,0.689670667468,59.999999837,59.9999991894
0.737045339941,0.0556461832079,0.690899812559,0.0540271681299,0.736306308332,0.689670667468,59.999999837,59.9999991894
0.73705786694,0.0561119248857,0.690920588736,0.0544796713649,0.736306308332,0.689670667468,59.999999837,59.9999991894
0.73707050057,0.05657761947,0.690941539812,0.0549321366421,0.736306308332,0.689670667468,59.999999837,59.9999991894
0.737083240875,0.0570432665705,0.690962665824,0.0553845634833,0.736306308332,0.689670667468,59.999999837,59.9999991894
0.737096087899,0.0575088657922,0.690983966793,0.0558369516223,0.736306308332,0.689670667468,59.999999837,59.9999991894
0.737109041689,0.0579744167193,0.69100544274,0.0562893007912,0.736306308332,0.689670667468,59.999999837,59.9999991894
0.737122102291,0.0584399189403,0.691027093686,0.056741610721,0.736306308332,0.689670667468,59.999999837,59.9999991894
0.737135269751,0.0589053720648,0.691048919654,0.057193881141,0.736306308332,0.689670667468,59.999999837,59.9999991894
0.737148544114,0.059370775702,0.691070920664,0.0576461117792,0.736306308332,0.689670667468,59.999999837,59.9999991894
0.737161925425,0.0598361294613,0.691093096739,0.0580983023439,0.736306308332,0.689670667468,59.999999837,59.9999991894
0.737175413733,0.0603014329517,0.69111544792,0.0585504523572,0.736306308332,0.689670667468,59.999999837,59.9999991894
0.737189009081,0.060766685782,0.691137974242,0.0590025613631,0.736306308332,0.689670667468,59.999999837,59.9999991894
0.737202711519,0.0612318875612,0.69116067573,0.059454629093,0.736306308332,0.689670667468,59.999999837,59.9999991894
0.737216521092,0.0616970378965,0.691183552404,0.0599066552772,0.736306308332,0.689670667468,59.999999837,59.9999991894
0.73723043785,0.0621621363733,0.691206604288,0.0603586396446,0.736306308332,0.689670667468,59.999999837,59.9999991894
0.737244461844,0.0626271825785,0.691229831403,0.0608105819228,0.736306308332,0.689670667468,59.999999837,59.9999991894
0.737258593121,0.0630921761206,0.691253233772,0.0612624818379,0.736306308332,0.689670667468,59.999999837,59.9999991894
0.737272831729,0.0635571166083,0.691276811429,0.061714339,0.736306308332,0.689670667468,59.999999837,59.9999991894
0.737287177717,0.06402200365,0.691300564413,0.062166152943,0.736306308332,0.689670667468,59.999999837,59.9999991894
0.737301631136,0.0644868368539,0.691324492755,0.062617923319,0.736306308332,0.689670667468,59.999999837,59.9999991894
0.737316192033,0.0649516158281,0.691348596477,0.0630696498572,0.736306308332,0.689670667468,59.999999837,59.9999991894
0.737330860459,0.0654163401806,0.691372875602,0.063521332285,0.736306308332,0.689670667468,59.999999837,59.9999991894
0.737345636464,0.0658810095078,0.691397330155,0.0639729703292,0.736306308332,0.689670667468,59.999999837,59.9999991894
0.737360520102,0.0663456233962,0.691421960159,0.0644245637148,0.736306308332,0.689670667468,59.999999837,59.9999991894
0.737375511423,0.0668101814434,0.691446765645,0.064876112076,0.736306308332,0.689670667468,59.999999837,59.9999991894
0.73739061048,0.0672746832573,0.691471746655,0.0653276149554,0.736306308332,0.689670667468,59.999999837,59.9999991894
0.737405817322,0.0677391284455,0.691496903221,0.0657790719877,0.736306308332,0.689670667468,59.999999837,59.9999991894
0.737421132002,0.0682035166155,0.691522235367,0.0662304829004,0.736306308332,0.689670667468,59.999999837,59.9999991894
0.737436554571,0.0686678473747,0.691547743118,0.0666818474196,0.736306308332,0.689670667468,59.999999837,59.9999991894
0.737452085083,0.0691321203303,0.691573426497,0.0671331652702,0.736306308332,0.689670667468,59.999999837,59.9999991894
0.73746772359,0.0695963350799,0.691599285529,0.0675844361759,0.736306308332,0.689670667468,59.999999837,59.9999991894
0.737483470147,0.0700604912103,0.69162532025,0.0680356597347,0.736306308332,0.689670667468,59.999999837,59.9999991894
0.737499324809,0.0705245883183,0.691651530703,0.0684868354971,0.736306308332,0.689670667468,59.999999837,59.9999991894
0.737515287628,0.0709886260108,0.691677916917,0.06893796314,0.736306308332,0.689670667468,59.999999837,59.9999991894
0.737531358659,0.0714526038947,0.691704478916,0.0693890423888,0.736306308332,0.689670667468,59.999999837,59.9999991894
0.737547537956,0.0719165215767,0.691731216727,0.0698400729676,0.736306308332,0.689670667468,59.999999837,59.9999991894
0.737563825573,0.0723803786634,0.691758130372,0.0702910545995,0.736306308332,0.689670667468,59.999999837,59.9999991894
0.737580221565,0.0728441747612,0.691785219883,0.0707419869681,0.736306308332,0.689670667468,59.999999837,59.9999991894
0.737596725989,0.0733079094608,0.6918124853,0.0711928696291,0.736306308332,0.689670667468,59.999999837,59.9999991894
0.737613338901,0.0737715823496,0.691839926663,0.0716437021784,0.736306308332,0.689670667468,59.999999837,59.9999991894
0.737630060358,0.0742351930308,0.691867543996,0.0720944843403,0.736306308332,0.689670667468,59.999999837,59.9999991894
0.737646890416,0.0746987411105,0.691895337327,0.0725452158379,0.736306308332,0.689670667468,59.999999837,59.9999991894
0.73766382913,0.0751622261947,0.691923306679,0.0729958963933,0.736306308332,0.689670667468,59.999999837,59.9999991894
0.737680876558,0.0756256478893,0.691951452079,0.0734465257272,0.736306308332,0.689670667468,59.999999837,59.9999991894
0.737698032756,0.0760890058002,0.69197977357,0.0738971034013,0.736306308332,0.689670667468,59.999999837,59.9999991894
0.737715297782,0.0765522995233,0.692008271195,0.0743476289778,0.736306308332,0.689670667468,59.999999837,59.9999991894
0.737732671696,0.0770155286464,0.69203694498,0.0747981021792,0.736306308332,0.689670667468,59.999999837,59.9999991894
0.737750154555,0.0774786927669,0.692065794951,0.0752485227273,0.736306308332,0.689670667468,59.999999837,59.9999991894
0.737767746419,0.0779417914902,0.692094821134,0.0756988903427,0.736306308332,0.689670667468,59.999999837,59.9999991894
0.737785447345,0.0784048244216,0.692124023557,0.0761492047451,0.736306308332,0.689670667468,59.999999837,59.9999991894
0.737803257392,0.0788677911663,0.692153402261,0.0765994655019,0.736306308332,0.689670667468,59.999999837,59.9999991894
0.737821176619,0.0793306913292,0.69218295729,0.0770496721803,0.736306308332,0.689670667468,59.999999837,59.9999991894
0.737839205085,0.0797935245061,0.692212688672,0.0774998244997,0.736306308332,0.689670667468,59.999999837,59.9999991894
0.737857342853,0.0802562902849,0.692242596433,0.0779499221803,0.736306308332,0.689670667468,59.999999837,59.9999991894
0.737875589982,0.0807189882629,0.6922726806,0.0783999649414,0.736306308332,0.689670667468,59.999999837,59.9999991894
0.737893946533,0.0811816180448,0.692302941203,0.078849952474,0.736306308332,0.689670667468,59.999999837,59.9999991894
0.737912412566,0.081644179235,0.692333378286,0.0792998843483,0.736306308332,0.689670667468,59.999999837,59.9999991894
0.737930988142,0.0821066714379,0.69236399189,0.0797497601627,0.736306308332,0.689670667468,59.999999837,59.9999991894
0.73794967332,0.0825690942578,0.692394782042,0.0801995796367,0.736306308332,0.689670667468,59.999999837,59.9999991894
0.737968468165,0.0830314472858,0.692425748769,0.0806493424887,0.736306308332,0.689670667468,59.999999837,59.9999991894
0.73798737274,0.0834937301098,0.692456892099,0.0810990484361,0.736306308332,0.689670667468,59.999999837,59.9999991894
0.738006387105,0.0839559423313,0.692488212068,0.0815486971159,0.736306308332,0.689670667468,59.999999837,59.9999991894
0.738025511323,0.084418083554,0.692519708722,0.0819982881021,0.736306308332,0.689670667468,59.999999837,59.9999991894
0.738044745457,0.0848801533816,0.692551382095,0.0824478210499,0.736306308332,0.689670667468,59.999999837,59.9999991894
0.738064089569,0.0853421514178,0.692583232214,0.0828972956767,0.736306308332,0.689670667468,59.999999837,59.9999991894
0.738083543722,0.0858040772609,0.692615259108,0.0833467116992,0.736306308332,0.689670667468,59.999999837,59.9999991894
0.738103107981,0.0862659304991,0.692647462806,0.0837960688192,0.736306308332,0.689670667468,59.999999837,59.9999991894
0.738122782411,0.0867277107259,0.692679843352,0.0842453666137,0.736306308332,0.689670667468,59.999999837,59.9999991894
0.738142567075,0.0871894175444,0.692712400791,0.0846946046744,0.736306308332,0.689670667468,59.999999837,59.9999991894
0.738162462037,0.0876510505575,0.692745135149,0.0851437827179,0.736306308332,0.689670667468,59.999999837,59.9999991894
0.738182467361,0.0881126093683,0.692778046456,0.0855929004597,0.736306308332,0.689670667468,59.999999837,59.9999991894
0.738202583112,0.0885740935785,0.692811134739,0.0860419576143,0.736306308332,0.689670667468,59.999999837,59.9999991894
0.738222809356,0.0890355027765,0.69284440004,0.0864909537895,0.736306308332,0.689670667468,59.999999837,59.9999991894
0.738243146159,0.0894968365515,0.692877842404,0.0869398885659,0.736306308332,0.689670667468,59.999999837,59.9999991894
0.738263593588,0.089958094506,0.692911461863,0.0873887616305,0.736306308332,0.689670667468,59.999999837,59.9999991894
0.738284151706,0.0904192762423,0.692945258445,0.0878375726979,0.736306308332,0.689670667468,59.999999837,59.9999991894
0.738304820581,0.0908803813626,0.692979232179,0.0882863214813,0.736306308332,0.689670667468,59.999999837,59.9999991894
0.738325600278,0.0913414094691,0.693013383105,0.0887350076123,0.736306308332,0.689670667468,59.999999837,59.9999991894
0.738346490864,0.0918023601501,0.693047711267,0.0891836306738,0.736306308332,0.689670667468,59.999999837,59.9999991894
0.738367492409,0.0922632329939,0.6930822167,0.0896321903304,0.736306308332,0.689670667468,59.999999837,59.9999991894
0.738388604978,0.0927240276021,0.693116899433,0.0900806862952,0.736306308332,0.689670667468,59.999999837,59.9999991894
0.738409828639,0.0931847435763,0.693151759496,0.0905291182802,0.736306308332,0.689670667468,59.999999837,59.9999991894
0.738431163459,0.093645380518,0.693186796927,0.090977485923,0.736306308332,0.689670667468,59.999999837,59.9999991894
0.738452609506,0.0941059380275,0.69322201177,0.0914257888088,0.736306308332,0.689670667468,59.999999837,59.9999991894
0.738474166848,0.094566415693,0.693257404063,0.0918740265971,0.736306308332,0.689670667468,59.999999837,59.9999991894
0.738495835557,0.0950268131038,0.693292973835,0.0923221989994,0.736306308332,0.689670667468,59.999999837,59.9999991894
0.738517615699,0.095487129861,0.693328721114,0.0927703057264,0.736306308332,0.689670667468,59.999999837,59.9999991894
0.738539507343,0.0959473655653,0.693364645941,0.0932183464067,0.736306308332,0.689670667468,59.999999837,59.9999991894
0.738561510559,0.0964075198177,0.693400748362,0.0936663206275,0.736306308332,0.689670667468,59.999999837,59.9999991894
0.738583625415,0.0968675922146,0.69343702841,0.094114228058,0.736306308332,0.689670667468,59.999999837,59.9999991894
0.738605851982,0.0973275823443,0.693473486117,0.0945620684081,0.736306308332,0.689670667468,59.999999837,59.9999991894
0.738628190331,0.0977874897994,0.693510121511,0.0950098413872,0.736306308332,0.689670667468,59.999999837,59.9999991894
0.738650640532,0.0982473141802,0.693546934636,0.0954575466018,0.736306308332,0.689670667468,59.999999837,59.9999991894
0.738673202654,0.0987070550868,0.693583925537,0.0959051836413,0.736306308332,0.689670667468,59.999999837,59.9999991894
0.738695876768,0.0991667121194,0.693621094247,0.0963527521968,0.736306308332,0.689670667468,59.999999837,59.9999991894
0.738718662945,0.0996262848696,0.693658440795,0.0968002519769,0.736306308332,0.689670667468,59.999999837,59.9999991894
0.738741561257,0.100085772926,0.693695965213,0.0972476826726,0.736306308332,0.689670667468,59.999999837,59.9999991894
0.738764571776,0.100545175886,0.693733667547,0.0976950438744,0.736306308332,0.689670667468,59.999999837,59.9999991894
0.738787694572,0.101004493348,0.693771547841,0.0981423351898,0.736306308332,0.689670667468,59.999999837,59.9999991894
0.738810929717,0.101463724913,0.693809606125,0.0985895563264,0.736306308332,0.689670667468,59.999999837,59.9999991894
0.738834277283,0.101922870176,0.693847842429,0.0990367069911,0.736306308332,0.689670667468,59.999999837,59.9999991894
0.738857737343,0.102381928726,0.69388625679,0.0994837868296,0.736306308332,0.689670667468,59.999999837,59.9999991894
0.73888130997,0.102840900155,0.693924849255,0.0999307954339,0.736306308332,0.689670667468,59.999999837,59.9999991894
0.738904995237,0.103299784062,0.693963619862,0.100377732457,0.736306308332,0.689670667468,59.999999837,59.9999991894
0.738928793215,0.103758580046,0.69400256864,0.100824597604,0.736306308332,0.689670667468,59.999999837,59.9999991894
0.738952703978,0.104217287705,0.69404169562,0.101271390581,0.736306308332,0.689670667468,59.999999837,59.9999991894
0.738976727599,0.104675906628,0.694081000847,0.10171811098,0.736306308332,0.689670667468,59.999999837,59.9999991894
0.739000864154,0.105134436403,0.694120484368,0.102164758395,0.736306308332,0.689670667468,59.999999837,59.9999991894
0.739025113715,0.105592876629,0.694160146213,0.102611332532,0.736306308332,0.689670667468,59.999999837,59.9999991894
0.739049476356,0.106051226903,0.694199986412,0.103057833095,0.736306308332,0.689670667468,59.999999837,59.9999991894
0.739073952152,0.106509486825,0.694240005003,0.103504259724,0.736306308332,0.689670667468,59.999999837,59.9999991894
0.739098541176,0.106967655984,0.694280202034,0.103950612016,0.736306308332,0.689670667468,59.999999837,59.9999991894
0.739123243504,0.107425733968,0.694320577541,0.104396889626,0.736306308332,0.689670667468,59.999999837,59.9999991894
0.739148059212,0.107883720374,0.694361131554,0.104843092257,0.736306308332,0.689670667468,59.999999837,59.9999991894
0.739172988373,0.108341614798,0.694401864107,0.10528921959,0.736306308332,0.689670667468,59.999999837,59.9999991894
0.739198031063,0.108799416839,0.694442775247,0.105735271221,0.736306308332,0.689670667468,59.999999837,59.9999991894
0.739223187357,0.109257126086,0.694483865015,0.106181246766,0.736306308332,0.689670667468,59.999999837,59.9999991894
0.739248457332,0.109714742129,0.694525133441,0.10662714593,0.736306308332,0.689670667468,59.999999837,59.9999991894
0.739273841063,0.110172264562,0.694566580557,0.107072968412,0.736306308332,0.689670667468,59.999999837,59.9999991894
0.739299338627,0.11062969298,0.694608206407,0.107518713817,0.736306308332,0.689670667468,59.999999837,59.9999991894
0.7393249501,0.111087026982,0.694650011038,0.107964381741,0.736306308332,0.689670667468,59.999999837,59.9999991894
0.739350675557,0.111544266157,0.694691994479,0.108409971878,0.736306308332,0.689670667468,59.999999837,59.9999991894
0.739376515077,0.112001410095,0.694734156763,0.108855483929,0.736306308332,0.689670667468,59.999999837,59.9999991894
0.739402468736,0.112458458387,0.69477649793,0.109300917518,0.736306308332,0.689670667468,59.999999837,59.9999991894
0.739428536611,0.112915410631,0.694819018026,0.109746272244,0.736306308332,0.689670667468,59.999999837,59.9999991894
0.739454718778,0.113372266422,0.694861717086,0.110191547778,0.736306308332,0.689670667468,59.999999837,59.9999991894
0.739481015316,0.113829025351,0.694904595141,0.110636743818,0.736306308332,0.689670667468,59.999999837,59.9999991894
0.739507426303,0.114285687005,0.694947652229,0.111081860006,0.736306308332,0.689670667468,59.999999837,59.9999991894
0.739533951817,0.114742250977,0.694990888396,0.111526895938,0.736306308332,0.689670667468,59.999999837,59.9999991894
0.739560591935,0.115198716864,0.69503430368,0.111971851273,0.736306308332,0.689670667468,59.999999837,59.9999991894
0.739587346735,0.11565508426,0.69507789811,0.112416725707,0.736306308332,0.689670667468,59.999999837,59.9999991894
0.739614216295,0.116111352755,0.695121671724,0.112861518888,0.736306308332,0.689670667468,59.999999837,59.9999991894
0.739641200696,0.116567521934,0.695165624569,0.113306230415,0.736306308332,0.689670667468,59.999999837,59.9999991894
0.739668300015,0.117023591392,0.695209756682,0.113750859936,0.736306308332,0.689670667468,59.999999837,59.9999991894
0.739695514331,0.117479560726,0.695254068093,0.114195407148,0.736306308332,0.689670667468,59.999999837,59.9999991894
0.739722843722,0.117935429527,0.695298558841,0.114639871701,0.736306308332,0.689670667468,59.999999837,59.9999991894
0.739750288269,0.118391197383,0.695343228969,0.115084253192,0.736306308332,0.689670667468,59.999999837,59.9999991894
0.739777848052,0.118846863883,0.695388078518,0.115528551269,0.736306308332,0.689670667468,59.999999837,59.9999991894
0.739805523149,0.119302428621,0.695433107516,0.115972765627,0.736306308332,0.689670667468,59.999999837,59.9999991894
0.739833313641,0.119757891191,0.695478316002,0.116416895911,0.736306308332,0.689670667468,59.999999837,59.9999991894
0.739861219606,0.120213251184,0.695523704022,0.11686094172,0.736306308332,0.689670667468,59.999999837,59.9999991894
0.739889241125,0.120668508187,0.695569271612,0.117304902705,0.736306308332,0.689670667468,59.999999837,59.9999991894
0.73991737828,0.12112366179,0.695615018803,0.117748778559,0.736306308332,0.689670667468,59.999999837,59.9999991894
0.73994563115,0.121578711587,0.695660945634,0.118192568918,0.736306308332,0.689670667468,59.999999837,59.9999991894
0.739973999814,0.122033657171,0.695707052151,0.118636273382,0.736306308332,0.689670667468,59.999999837,59.9999991894
0.740002484355,0.122488498131,0.695753338388,0.119079891609,0.736306308332,0.689670667468,59.999999837,59.9999991894
0.740031084854,0.122943234051,0.695799804376,0.119523423293,0.736306308332,0.689670667468,59.999999837,59.9999991894
0.740059801391,0.123397864526,0.695846450157,0.119966868055,0.736306308332,0.689670667468,59.999999837,59.9999991894
0.740088634047,0.123852389148,0.695893275775,0.120410225494,0.736306308332,0.689670667468,59.999999837,59.9999991894
0.740117582904,0.124306807508,0.695940281264,0.120853495283,0.736306308332,0.689670667468,59.999999837,59.9999991894
0.740146648043,0.124761119191,0.695987466653,0.121296677114,0.736306308332,0.689670667468,59.999999837,59.9999991894
0.740175829547,0.125215323787,0.696034831987,0.121739770588,0.736306308332,0.689670667468,59.999999837,59.9999991894
0.740205127496,0.12566942089,0.696082377311,0.122182775308,0.736306308332,0.689670667468,59.999999837,59.9999991894
0.740234541972,0.12612341009,0.696130102654,0.122625690962,0.736306308332,0.689670667468,59.999999837,59.9999991894
0.740264073057,0.126577290974,0.696178008049,0.123068517219,0.736306308332,0.689670667468,59.999999837,59.9999991894
0.740293720835,0.127031063129,0.696226093541,0.123511253681,0.736306308332,0.689670667468,59.999999837,59.9999991894
0.740323485388,0.127484726147,0.696274359171,0.12395389997,0.736306308332,0.689670667468,59.999999837,59.9999991894
0.740353366796,0.127938279619,0.696322804968,0.124396455775,0.736306308332,0.689670667468,59.999999837,59.9999991894
0.740383365144,0.128391723134,0.69637143097,0.124838920739,0.736306308332,0.689670667468,59.999999837,59.9999991894
0.740413480514,0.128845056277,0.69642023722,0.125281294462,0.736306308332,0.689670667468,59.999999837,59.9999991894
0.74044371299,0.129298278639,0.696469223755,0.125723576594,0.736306308332,0.689670667468,59.999999837,59.9999991894
0.740474062652,0.12975138981,0.696518390604,0.126165766822,0.736306308332,0.689670667468,59.999999837,59.9999991894
0.740504529586,0.130204389379,0.696567737809,0.126607864758,0.736306308332,0.689670667468,59.999999837,59.9999991894
0.740535113874,0.130657276933,0.696617265413,0.127049870005,0.736306308332,0.689670667468,59.999999837,59.9999991894
0.7405658156,0.131110052059,0.696666973449,0.127491782237,0.736306308332,0.689670667468,59.999999837,59.9999991894
0.740596634846,0.131562714349,0.696716861947,0.127933601121,0.736306308332,0.689670667468,59.999999837,59.9999991894
0.740627571698,0.132015263391,0.696766930953,0.128375326257,0.736306308332,0.689670667468,59.999999837,59.9999991894
0.740658626237,0.132467698772,0.696817180505,0.12881695727,0.736306308332,0.689670667468,59.999999837,59.9999991894
0.740689798549,0.132920020077,0.696867610632,0.129258493847,0.736306308332,0.689670667468,59.999999837,59.9999991894
0.740721088718,0.133372226897,0.696918221373,0.129699935613,0.736306308332,0.689670667468,59.999999837,59.9999991894
0.740752496826,0.133824318823,0.696969012772,0.130141282172,0.736306308332,0.689670667468,59.999999837,59.9999991894
0.740784022958,0.134276295439,0.69701998486,0.130582533182,0.736306308332,0.689670667468,59.999999837,59.9999991894
0.7408156672,0.134728156331,0.697071137669,0.131023688315,0.736306308332,0.689670667468,59.999999837,59.9999991894
0.740847429635,0.135179901089,0.697122471241,0.131464747173,0.736306308332,0.689670667468,59.999999837,59.9999991894
0.740879310347,0.135631529302,0.697173985617,0.131905709372,0.736306308332,0.689670667468,59.999999837,59.9999991894
0.740911309421,0.136083040555,0.697225680826,0.132346574594,0.736306308332,0.689670667468,59.999999837,59.9999991894
0.740943426943,0.136534434435,0.697277556903,0.132787342469,0.736306308332,0.689670667468,59.999999837,59.9999991894
0.740975662996,0.136985710529,0.697329613894,0.133228012599,0.736306308332,0.689670667468,59.999999837,59.9999991894
0.741008017665,0.137436868427,0.697381851828,0.13366858464,0.736306308332,0.689670667468,59.999999837,59.9999991894
0.741040491036,0.137887907715,0.697434270738,0.134109058256,0.736306308332,0.689670667468,59.999999837,59.9999991894
0.741073083193,0.138338827976,0.697486870666,0.13454943305,0.736306308332,0.689670667468,59.999999837,59.9999991894
0.741105794222,0.1387896288,0.69753965165,0.134989708642,0.736306308332,0.689670667468,59.999999837,59.9999991894
0.741138624208,0.139240309774,0.697592613718,0.135429884713,0.736306308332,0.689670667468,59.999999837,59.9999991894
0.741171573237,0.139690870484,0.697645756908,0.135869960879,0.736306308332,0.689670667468,59.999999837,59.9999991894
0.741204641393,0.140141310516,0.697699081263,0.136309936745,0.736306308332,0.689670667468,59.999999837,59.9999991894
0.741237828762,0.140591629455,0.697752586811,0.136749811974,0.736306308332,0.689670667468,59.999999837,59.9999991894
0.74127113543,0.14104182689,0.697806273587,0.137189586214,0.736306308332,0.689670667468,59.999999837,59.9999991894
0.741304561483,0.141491902407,0.69786014163,0.137629259067,0.736306308332,0.689670667468,59.999999837,59.9999991894
0.741338107006,0.141941855589,0.697914190977,0.138068830167,0.736306308332,0.689670667468,59.999999837,59.9999991894
0.741371772085,0.142391686024,0.697968421655,0.138508299188,0.736306308332,0.689670667468,59.999999837,59.9999991894
0.741405556805,0.142841393298,0.698022833703,0.138947665732,0.736306308332,0.689670667468,59.999999837,59.9999991894
0.741439461253,0.143290976998,0.698077427164,0.139386929407,0.736306308332,0.689670667468,59.999999837,59.9999991894
0.741473485516,0.143740436706,0.698132202061,0.13982608989,0.736306308332,0.689670667468,59.999999837,59.9999991894
0.741507629678,0.14418977201,0.698187158433,0.140265146803,0.736306308332,0.689670667468,59.999999837,59.9999991894
0.741541893826,0.144638982496,0.698242296319,0.140704099747,0.736306308332,0.689670667468,59.999999837,59.9999991894
0.741576278046,0.145088067749,0.698297615749,0.141142948381,0.736306308332,0.689670667468,59.999999837,59.9999991894
0.741610782426,0.145537027352,0.698353116755,0.141581692346,0.736306308332,0.689670667468,59.999999837,59.9999991894
0.74164540705,0.145985860892,0.698408799376,0.142020331245,0.736306308332,0.689670667468,59.999999837,59.9999991894
0.741680152005,0.146434567956,0.698464663647,0.142458864714,0.736306308332,0.689670667468,59.999999837,59.9999991894
0.741715017378,0.146883148126,0.698520709595,0.142897292412,0.736306308332,0.689670667468,59.999999837,59.9999991894
0.741750003255,0.147331600986,0.698576937258,0.143335613943,0.736306308332,0.689670667468,59.999999837,59.9999991894
0.741785109723,0.147779926124,0.698633346675,0.143773828923,0.736306308332,0.689670667468,59.999999837,59.9999991894
0.741820336868,0.148228123124,0.698689937868,0.144211937027,0.736306308332,0.689670667468,59.999999837,59.9999991894
0.741855684778,0.148676191569,0.698746710878,0.144649937857,0.736306308332,0.689670667468,59.999999837,59.9999991894
0.741891153538,0.149124131044,0.698803665742,0.145087831016,0.736306308332,0.689670667468,59.999999837,59.9999991894
0.741926743235,0.149571941134,0.698860802486,0.145525616176,0.736306308332,0.689670667468,59.999999837,59.9999991894
0.741962453956,0.150019621424,0.698918121143,0.145963292954,0.736306308332,0.689670667468,59.999999837,59.9999991894
0.741998285789,0.150467171496,0.698975621754,0.146400860951,0.736306308332,0.689670667468,59.999999837,59.9999991894
0.742034238819,0.150914590936,0.699033304343,0.146838319826,0.736306308332,0.689670667468,59.999999837,59.9999991894
0.742070313134,0.151361879327,0.699091168945,0.147275669206,0.736306308332,0.689670667468,59.999999837,59.9999991894
0.74210650882,0.151809036255,0.699149215596,0.147712908693,0.736306308332,0.689670667468,59.999999837,59.9999991894
0.742142825965,0.152256061301,0.699207444326,0.148150037933,0.736306308332,0.689670667468,59.999999837,59.9999991894
0.742179264656,0.15270295405,0.699265855163,0.148587056562,0.736306308332,0.689670667468,59.999999837,59.9999991894
0.742215824978,0.153149714087,0.699324448146,0.149023964182,0.736306308332,0.689670667468,59.999999837,59.9999991894
0.74225250702,0.153596340994,0.699383223304,0.149460760429,0.736306308332,0.689670667468,59.999999837,59.9999991894
0.742289310869,0.154042834353,0.699442180666,0.149897444946,0.736306308332,0.689670667468,59.999999837,59.9999991894
0.742326236611,0.154489193751,0.699501320267,0.150334017335,0.736306308332,0.689670667468,59.999999837,59.9999991894
0.742363284334,0.15493541877,0.699560642139,0.150770477223,0.736306308332,0.689670667468,59.999999837,59.9999991894
0.742400454124,0.155381508992,0.699620146308,0.15120682426,0.736306308332,0.689670667468,59.999999837,59.9999991894
0.742437746069,0.155827464,0.699679832809,0.151643058046,0.736306308332,0.689670667468,59.999999837,59.9999991894
0.742475160256,0.15627328338,0.699739701675,0.152079178202,0.736306308332,0.689670667468,59.999999837,59.9999991894
0.742512696771,0.156718966712,0.699799752931,0.152515184382,0.736306308332,0.689670667468,59.999999837,59.9999991894
0.742550355703,0.15716451358,0.69985998661,0.152951076186,0.736306308332,0.689670667468,59.999999837,59.9999991894
0.742588137138,0.157609923567,0.699920402747,0.15338685323,0.736306308332,0.689670667468,59.999999837,59.9999991894
0.742626041163,0.158055196256,0.699981001363,0.153822515168,0.736306308332,0.689670667468,59.999999837,59.9999991894
0.742664067865,0.158500331228,0.700041782494,0.154258061603,0.736306308332,0.689670667468,59.999999837,59.9999991894
0.742702217332,0.158945328067,0.700102746172,0.154693492146,0.736306308332,0.689670667468,59.999999837,59.9999991894
0.74274048965,0.159390186356,0.70016389242,0.155128806453,0.736306308332,0.689670667468,59.999999837,59.9999991894
0.742778884907,0.159834905676,0.70022522127,0.155564004124,0.736306308332,0.689670667468,59.999999837,59.9999991894
0.74281740319,0.16027948561,0.700286732756,0.155999084771,0.736306308332,0.689670667468,59.999999837,59.9999991894
0.742856044585,0.160723925739,0.700348426898,0.156434048047,0.736306308332,0.689670667468,59.999999837,59.9999991894
0.74289480918,0.161168225648,0.700410303731,0.156868893554,0.736306308332,0.689670667468,59.999999837,59.9999991894
0.742933697062,0.161612384916,0.700472363285,0.157303620901,0.736306308332,0.689670667468,59.999999837,59.9999991894
0.742972708319,0.162056403127,0.700534605583,0.157738229742,0.736306308332,0.689670667468,59.999999837,59.9999991894
0.743011843036,0.162500279862,0.700597030656,0.158172719675,0.736306308332,0.689670667468,59.999999837,59.9999991894
0.7430511013,0.162944014704,0.700659638534,0.158607090314,0.736306308332,0.689670667468,59.999999837,59.9999991894
0.7430904832,0.163387607233,0.70072242924,0.159041341305,0.736306308332,0.689670667468,59.999999837,59.9999991894
0.743129988822,0.163831057031,0.700785402805,0.15947547225,0.736306308332,0.689670667468,59.999999837,59.9999991894
0.743169618252,0.164274363681,0.700848559258,0.159909482762,0.736306308332,0.689670667468,59.999999837,59.9999991894
0.743209371578,0.164717526763,0.70091189862,0.160343372485,0.736306308332,0.689670667468,59.999999837,59.9999991894
0.743249248886,0.16516054586,0.700975420924,0.160777141019,0.736306308332,0.689670667468,59.999999837,59.9999991894
0.743289250263,0.165603420552,0.701039126195,0.161210787982,0.736306308332,0.689670667468,59.999999837,59.9999991894
0.743329375796,0.166046150421,0.701103014457,0.16164431301,0.736306308332,0.689670667468,59.999999837,59.9999991894
0.743369625572,0.166488735047,0.701167085739,0.162077715703,0.736306308332,0.689670667468,59.999999837,59.9999991894
0.743409999677,0.166931174013,0.701231340067,0.162510995685,0.736306308332,0.689670667468,59.999999837,59.9999991894
0.743450498198,0.1673734669,0.701295777464,0.162944152584,0.736306308332,0.689670667468,59.999999837,59.9999991894
0.743491121221,0.167815613287,0.70136039796,0.163377186001,0.736306308332,0.689670667468,59.999999837,59.9999991894
0.743531868834,0.168257612757,0.701425201576,0.163810095565,0.736306308332,0.689670667468,59.999999837,59.9999991894
0.743572741122,0.16869946489,0.701490188339,0.164242880896,0.736306308332,0.689670667468,59.999999837,59.9999991894
0.743613738171,0.169141169267,0.701555358275,0.164675541594,0.736306308332,0.689670667468,59.999999837,59.9999991894
0.743654860069,0.169582725469,0.701620711406,0.165108077294,0.736306308332,0.689670667468,59.999999837,59.9999991894
0.743696106902,0.170024133076,0.701686247757,0.16554048761,0.736306308332,0.689670667468,59.999999837,59.9999991894
0.743737478755,0.170465391669,0.701751967356,0.165972772139,0.736306308332,0.689670667468,59.999999837,59.9999991894
0.743778975715,0.170906500828,0.70181787022,0.166404930526,0.736306308332,0.689670667468,59.999999837,59.9999991894
0.743820597868,0.171347460134,0.701883956376,0.166836962373,0.736306308332,0.689670667468,59.999999837,59.9999991894
0.743862345301,0.171788269168,0.701950225852,0.167268867278,0.736306308332,0.689670667468,59.999999837,59.9999991894
0.743904218098,0.172228927509,0.702016678663,0.167700644886,0.736306308332,0.689670667468,59.999999837,59.9999991894
0.743946216346,0.172669434739,0.702083314837,0.168132294797,0.736306308332,0.689670667468,59.999999837,59.9999991894
0.743988340131,0.173109790436,0.702150134397,0.168563816615,0.736306308332,0.689670667468,59.999999837,59.9999991894
0.744030589538,0.173549994181,0.702217137362,0.168995209977,0.736306308332,0.689670667468,59.999999837,59.9999991894
0.744072964654,0.173990045556,0.702284323756,0.16942647448,0.736306308332,0.689670667468,59.999999837,59.9999991894
0.744115465563,0.174429944138,0.702351693601,0.169857609743,0.736306308332,0.689670667468,59.999999837,59.9999991894
0.744158092351,0.174869689509,0.702419246917,0.170288615387,0.736306308332,0.689670667468,59.999999837,59.9999991894
0.744200845104,0.175309281248,0.702486983728,0.170719491011,0.736306308332,0.689670667468,59.999999837,59.9999991894
0.744243723907,0.175748718935,0.702554904051,0.171150236243,0.736306308332,0.689670667468,59.999999837,59.9999991894
0.744286728844,0.17618800215,0.702623007908,0.171580850691,0.736306308332,0.689670667468,59.999999837,59.9999991894
0.744329860002,0.176627130473,0.702691295324,0.172011333955,0.736306308332,0.689670667468,59.999999837,59.9999991894
0.744373117465,0.177066103483,0.702759766311,0.172441685672,0.736306308332,0.689670667468,59.999999837,59.9999991894
0.744416501318,0.17750492076,0.702828420894,0.172871905439,0.736306308332,0.689670667468,59.999999837,59.9999991894
0.744460011646,0.177943581884,0.702897259094,0.173301992857,0.736306308332,0.689670667468,59.999999837,59.9999991894
0.744503648534,0.178382086433,0.702966280926,0.173731947559,0.736306308332,0.689670667468,59.999999837,59.9999991894
0.744547412066,0.178820433988,0.703035486412,0.174161769142,0.736306308332,0.689670667468,59.999999837,59.9999991894
0.744591302327,0.179258624127,0.70310487557,0.174591457222,0.736306308332,0.689670667468,59.999999837,59.9999991894
0.7446353194,0.179696656432,0.703174448417,0.175021011416,0.736306308332,0.689670667468,59.999999837,59.9999991894
0.744679463371,0.180134530479,0.703244204973,0.17545043132,0.736306308332,0.689670667468,59.999999837,59.9999991894
0.744723734324,0.180572245848,0.703314145253,0.175879716563,0.736306308332,0.689670667468,59.999999837,59.9999991894
0.744768132342,0.181009802121,0.703384269275,0.176308866747,0.736306308332,0.689670667468,59.999999837,59.9999991894
0.74481265751,0.181447198873,0.703454577061,0.176737881469,0.736306308332,0.689670667468,59.999999837,59.9999991894
0.74485730991,0.181884435686,0.703525068621,0.177166760359,0.736306308332,0.689670667468,59.999999837,59.9999991894
0.744902089628,0.182321512139,0.703595743976,0.177595503016,0.736306308332,0.689670667468,59.999999837,59.9999991894
0.744946996746,0.182758427809,0.703666603142,0.178024109046,0.736306308332,0.689670667468,59.999999837,59.9999991894
0.744992031348,0.183195182277,0.703737646132,0.178452578069,0.736306308332,0.689670667468,59.999999837,59.9999991894
0.745037193517,0.183631775121,0.703808872964,0.17888090968,0.736306308332,0.689670667468,59.999999837,59.9999991894
0.745082483336,0.184068205919,0.703880283651,0.179309103505,0.736306308332,0.689670667468,59.999999837,59.9999991894
0.745127900888,0.184504474251,0.703951878209,0.179737159144,0.736306308332,0.689670667468,59.999999837,59.9999991894
0.745173446256,0.184940579696,0.704023656656,0.180165076192,0.736306308332,0.689670667468,59.999999837,59.9999991894
0.745219119523,0.185376521833,0.704095619,0.180592854277,0.736306308332,0.689670667468,59.999999837,59.9999991894
0.745264920771,0.185812300238,0.704167765259,0.181020492995,0.736306308332,0.689670667468,59.999999837,59.9999991894
0.745310850082,0.186247914493,0.704240095447,0.181447991956,0.736306308332,0.689670667468,59.999999837,59.9999991894
0.74535690754,0.186683364175,0.704312609573,0.18187535077,0.736306308332,0.689670667468,59.999999837,59.9999991894
0.745403093226,0.187118648863,0.704385307656,0.182302569035,0.736306308332,0.689670667468,59.999999837,59.9999991894
0.745449407221,0.187553768135,0.704458189702,0.182729646375,0.736306308332,0.689670667468,59.999999837,59.9999991894
0.745495849608,0.18798872157,0.704531255726,0.183156582385,0.736306308332,0.689670667468,59.999999837,59.9999991894
0.745542420469,0.188423508746,0.704604505743,0.183583376663,0.736306308332,0.689670667468,59.999999837,59.9999991894
0.745589119884,0.188858129242,0.70467793976,0.18401002883,0.736306308332,0.689670667468,59.999999837,59.9999991894
0.745635947935,0.189292582637,0.704751557791,0.18443653848,0.736306308332,0.689670667468,59.999999837,59.9999991894
0.745682904704,0.189726868507,0.704825359844,0.184862905232,0.736306308332,0.689670667468,59.999999837,59.9999991894
0.74572999027,0.190160986432,0.70489934593,0.185289128684,0.736306308332,0.689670667468,59.999999837,59.9999991894
0.745777204716,0.190594935992,0.704973516063,0.185715208432,0.736306308332,0.689670667468,59.999999837,59.9999991894
0.745824548121,0.191028716762,0.705047870247,0.186141144097,0.736306308332,0.689670667468,59.999999837,59.9999991894
0.745872020565,0.191462328321,0.705122408495,0.186566935273,0.736306308332,0.689670667468,59.999999837,59.9999991894
0.74591962213,0.19189577025,0.705197130815,0.186992581569,0.736306308332,0.689670667468,59.999999837,59.9999991894
0.745967352895,0.192329042123,0.705272037214,0.187418082591,0.736306308332,0.689670667468,59.999999837,59.9999991894
0.74601521294,0.192762143522,0.705347127704,0.187843437933,0.736306308332,0.689670667468,59.999999837,59.9999991894
0.746063202345,0.193195074023,0.705422402288,0.188268647214,0.736306308332,0.689670667468,59.999999837,59.9999991894
0.746111321189,0.193627833204,0.705497860977,0.188693710027,0.736306308332,0.689670667468,59.999999837,59.9999991894
0.746159569552,0.194060420644,0.705573503777,0.189118625976,0.736306308332,0.689670667468,59.999999837,59.9999991894
0.746207947511,0.194492835921,0.705649330693,0.18954339467,0.736306308332,0.689670667468,59.999999837,59.9999991894
0.746256455148,0.194925078612,0.705725341735,0.189968015702,0.736306308332,0.689670667468,59.999999837,59.9999991894
0.746305092539,0.195357148296,0.705801536904,0.190392488688,0.736306308332,0.689670667468,59.999999837,59.9999991894
0.746353859764,0.195789044552,0.705877916208,0.190816813222,0.736306308332,0.689670667468,59.999999837,59.9999991894
0.746402756901,0.196220766956,0.705954479654,0.191240988906,0.736306308332,0.689670667468,59.999999837,59.9999991894
0.746451784028,0.196652315086,0.706031227243,0.191665015346,0.736306308332,0.689670667468,59.999999837,59.9999991894
0.746500941222,0.197083688522,0.706108158983,0.192088892137,0.736306308332,0.689670667468,59.999999837,59.9999991894
0.746550228562,0.19751488684,0.706185274873,0.192512618892,0.736306308332,0.689670667468,59.999999837,59.9999991894
0.746599646125,0.197945909619,0.70626257492,0.192936195206,0.736306308332,0.689670667468,59.999999837,59.9999991894
0.746649193988,0.198376756437,0.706340059127,0.193359620677,0.736306308332,0.689670667468,59.999999837,59.9999991894
0.746698872228,0.19880742687,0.706417727496,0.193782894913,0.736306308332,0.689670667468,59.999999837,59.9999991894
0.746748680921,0.199237920498,0.70649558003,0.194206017506,0.736306308332,0.689670667468,59.999999837,59.9999991894
0.746798620145,0.199668236899,0.706573616727,0.194628988069,0.736306308332,0.689670667468,59.999999837,59.9999991894
0.746848689975,0.200098375649,0.706651837593,0.195051806195,0.736306308332,0.689670667468,59.999999837,59.9999991894
0.746898890488,0.200528336328,0.706730242627,0.195474471483,0.736306308332,0.689670667468,59.999999837,59.9999991894
0.746949221759,0.200958118512,0.706808831829,0.195896983538,0.736306308332,0.689670667468,59.999999837,59.9999991894
0.746999683864,0.201387721779,0.706887605201,0.196319341952,0.736306308332,0.689670667468,59.999999837,59.9999991894
0.747050276878,0.201817145709,0.70696656274,0.196741546335,0.736306308332,0.689670667468,59.999999837,59.9999991894
0.747101000877,0.202246389877,0.707045704448,0.19716359628,0.736306308332,0.689670667468,59.999999837,59.9999991894
0.747151855935,0.202675453863,0.707125030321,0.19758549139,0.736306308332,0.689670667468,59.999999837,59.9999991894
0.747202842127,0.203104337244,0.707204540358,0.198007231263,0.736306308332,0.689670667468,59.999999837,59.9999991894
0.747253959527,0.203533039597,0.707284234559,0.198428815492,0.736306308332,0.689670667468,59.999999837,59.9999991894
0.74730520821,0.203961560501,0.707364112919,0.198850243685,0.736306308332,0.689670667468,59.999999837,59.9999991894
0.747356588248,0.204389899534,0.707444175437,0.199271515433,0.736306308332,0.689670667468,59.999999837,59.9999991894
0.747408099716,0.204818056273,0.707524422107,0.199692630345,0.736306308332,0.689670667468,59.999999837,59.9999991894
0.747459742687,0.205246030295,0.707604852926,0.200113588013,0.736306308332,0.689670667468,59.999999837,59.9999991894
0.747511517234,0.205673821182,0.707685467891,0.200534388027,0.736306308332,0.689670667468,59.999999837,59.9999991894
0.74756342343,0.206101428506,0.707766266997,0.200955029995,0.736306308332,0.689670667468,59.999999837,59.9999991894
0.747615461347,0.206528851849,0.707847250238,0.201375513509,0.736306308332,0.689670667468,59.999999837,59.9999991894
0.747667631058,0.206956090789,0.707928417608,0.201795838173,0.736306308332,0.689670667468,59.999999837,59.9999991894
0.747719932634,0.2073831449,0.7080097691,0.202216003581,0.736306308332,0.689670667468,59.999999837,59.9999991894
0.747772366147,0.207810013764,0.708091304709,0.20263600933,0.736306308332,0.689670667468,59.999999837,59.9999991894
0.747824931669,0.208236696958,0.708173024426,0.203055855017,0.736306308332,0.689670667468,59.999999837,59.9999991894
0.747877629271,0.208663194057,0.708254928247,0.203475540235,0.736306308332,0.689670667468,59.999999837,59.9999991894
0.747930459023,0.209089504643,0.708337016159,0.203895064587,0.736306308332,0.689670667468,59.999999837,59.9999991894
0.747983420996,0.209515628291,0.708419288157,0.204314427665,0.736306308332,0.689670667468,59.999999837,59.9999991894
0.74803651526,0.20994156458,0.708501744229,0.204733629073,0.736306308332,0.689670667468,59.999999837,59.9999991894
0.748089741886,0.210367313089,0.708584384367,0.2051526684,0.736306308332,0.689670667468,59.999999837,59.9999991894
0.748143100942,0.210792873394,0.708667208562,0.20557154524,0.736306308332,0.689670667468,59.999999837,59.9999991894
0.748196592499,0.211218245074,0.708750216801,0.205990259194,0.736306308332,0.689670667468,59.999999837,59.9999991894
0.748250216625,0.211643427708,0.708833409076,0.206408809852,0.736306308332,0.689670667468,59.999999837,59.9999991894
0.748303973389,0.212068420872,0.708916785373,0.206827196817,0.736306308332,0.689670667468,59.999999837,59.9999991894
0.74835786286,0.212493224146,0.70900034568,0.207245419678,0.736306308332,0.689670667468,59.999999837,59.9999991894
0.748411885105,0.212917837107,0.709084089984,0.207663478038,0.736306308332,0.689670667468,59.999999837,59.9999991894
0.748466040192,0.213342259333,0.709168018273,0.208081371487,0.736306308332,0.689670667468,59.999999837,59.9999991894
0.74852032819,0.213766490404,0.709252130535,0.208499099615,0.736306308332,0.689670667468,59.999999837,59.9999991894
0.748574749164,0.214190529896,0.709336426753,0.208916662022,0.736306308332,0.689670667468,59.999999837,59.9999991894
0.748629303183,0.214614377387,0.709420906915,0.209334058299,0.736306308332,0.689670667468,59.999999837,59.9999991894
0.748683990312,0.215038032458,0.709505571003,0.209751288046,0.736306308332,0.689670667468,59.999999837,59.9999991894
0.748738810618,0.215461494684,0.709590419003,0.210168350853,0.736306308332,0.689670667468,59.999999837,59.9999991894
0.748793764166,0.215884763644,0.709675450898,0.210585246319,0.736306308332,0.689670667468,59.999999837,59.9999991894
0.748848851022,0.216307838919,0.709760666671,0.211001974035,0.736306308332,0.689670667468,59.999999837,59.9999991894
0.748904071252,0.216730720085,0.709846066307,0.21141853359,0.736306308332,0.689670667468,59.999999837,59.9999991894
0.74895942492,0.217153406721,0.709931649787,0.211834924583,0.736306308332,0.689670667468,59.999999837,59.9999991894
0.749014912091,0.217575898405,0.710017417093,0.212251146603,0.736306308332,0.689670667468,59.999999837,59.9999991894
0.749070532829,0.217998194716,0.710103368205,0.212667199249,0.736306308332,0.689670667468,59.999999837,59.9999991894
0.749126287197,0.218420295233,0.710189503105,0.21308308211,0.736306308332,0.689670667468,59.999999837,59.9999991894
0.74918217526,0.218842199533,0.710275821771,0.213498794784,0.736306308332,0.689670667468,59.999999837,59.9999991894
0.74923819708,0.219263907195,0.710362324184,0.213914336861,0.736306308332,0.689670667468,59.999999837,59.9999991894
0.74929435272,0.2196854178,0.710449010323,0.214329707932,0.736306308332,0.689670667468,59.999999837,59.9999991894
0.749350642243,0.220106730924,0.710535880166,0.214744907592,0.736306308332,0.689670667468,59.999999837,59.9999991894
0.749407065711,0.220527846146,0.710622933693,0.215159935429,0.736306308332,0.689670667468,59.999999837,59.9999991894
0.749463623185,0.220948763047,0.710710170878,0.215574791041,0.736306308332,0.689670667468,59.999999837,59.9999991894
0.749520314727,0.221369481203,0.7107975917,0.215989474016,0.736306308332,0.689670667468,59.999999837,59.9999991894
0.749577140397,0.221790000196,0.710885196134,0.21640398395,0.736306308332,0.689670667468,59.999999837,59.9999991894
0.749634100257,0.222210319601,0.710972984157,0.216818320432,0.736306308332,0.689670667468,59.999999837,59.9999991894
0.749691194367,0.222630438999,0.711060955741,0.217232483059,0.736306308332,0.689670667468,59.999999837,59.9999991894
0.749748422786,0.223050357972,0.711149110864,0.217646471418,0.736306308332,0.689670667468,59.999999837,59.9999991894
0.749805785574,0.223470076094,0.711237449498,0.2180602851,0.736306308332,0.689670667468,59.999999837,59.9999991894
0.74986328279,0.223889592947,0.711325971617,0.218473923698,0.736306308332,0.689670667468,59.999999837,59.9999991894
0.749920914493,0.224308908111,0.711414677195,0.218887386801,0.736306308332,0.689670667468,59.999999837,59.9999991894
0.749978680741,0.224728021162,0.711503566202,0.219300674003,0.736306308332,0.689670667468,59.999999837,59.9999991894
0.750036581591,0.225146931684,0.711592638611,0.219713784893,0.736306308332,0.689670667468,59.999999837,59.9999991894
0.750094617103,0.225565639251,0.711681894392,0.220126719066,0.736306308332,0.689670667468,59.999999837,59.9999991894
0.750152787333,0.225984143445,0.711771333516,0.220539476109,0.736306308332,0.689670667468,59.999999837,59.9999991894
0.750211092336,0.226402443848,0.711860955951,0.220952055619,0.736306308332,0.689670667468,59.999999837,59.9999991894
0.750269532171,0.226820540036,0.711950761668,0.221364457185,0.736306308332,0.689670667468,59.999999837,59.9999991894
0.750328106893,0.227238431591,0.712040750634,0.221776680398,0.736306308332,0.689670667468,59.999999837,59.9999991894
0.750386816556,0.227656118092,0.712130922816,0.222188724851,0.736306308332,0.689670667468,59.999999837,59.9999991894
0.750445661218,0.228073599117,0.712221278183,0.222600590133,0.736306308332,0.689670667468,59.999999837,59.9999991894
0.750504640931,0.22849087425,0.7123118167,0.22301227584,0.736306308332,0.689670667468,59.999999837,59.9999991894
0.750563755751,0.228907943066,0.712402538333,0.22342378156,0.736306308332,0.689670667468,59.999999837,59.9999991894
0.750623005732,0.229324805148,0.712493443047,0.223835106887,0.736306308332,0.689670667468,59.999999837,59.9999991894
0.750682390926,0.229741460077,0.712584530806,0.224246251412,0.736306308332,0.689670667468,59.999999837,59.9999991894
0.750741911387,0.23015790743,0.712675801574,0.224657214727,0.736306308332,0.689670667468,59.999999837,59.9999991894
0.750801567168,0.230574146791,0.712767255315,0.225067996422,0.736306308332,0.689670667468,59.999999837,59.9999991894
0.750861358321,0.230990177737,0.712858891991,0.225478596091,0.736306308332,0.689670667468,59.999999837,59.9999991894
0.750921284898,0.231405999849,0.712950711564,0.225889013322,0.736306308332,0.689670667468,59.999999837,59.9999991894
0.750981346949,0.23182161271,0.713042713995,0.226299247705,0.736306308332,0.689670667468,59.999999837,59.9999991894
0.751041544526,0.232237015898,0.713134899247,0.226709298832,0.736306308332,0.689670667468,59.999999837,59.9999991894
0.751101877679,0.232652208996,0.713227267278,0.227119166292,0.736306308332,0.689670667468,59.999999837,59.9999991894
0.751162346458,0.233067191582,0.713319818048,0.227528849678,0.736306308332,0.689670667468,59.999999837,59.9999991894
0.751222950914,0.233481963238,0.713412551517,0.227938348578,0.736306308332,0.689670667468,59.999999837,59.9999991894
0.751283691094,0.233896523546,0.713505467641,0.228347662584,0.736306308332,0.689670667468,59.999999837,59.9999991894
0.751344567048,0.234310872086,0.713598566379,0.228756791286,0.736306308332,0.689670667468,59.999999837,59.9999991894
0.751405578824,0.234725008439,0.713691847688,0.229165734276,0.736306308332,0.689670667468,59.999999837,59.9999991894
0.751466726469,0.235138932187,0.713785311524,0.229574491141,0.736306308332,0.689670667468,59.999999837,59.9999991894
0.751528010032,0.23555264291,0.713878957842,0.229983061474,0.736306308332,0.689670667468,59.999999837,59.9999991894
0.751589429558,0.235966140193,0.713972786598,0.230391444864,0.736306308332,0.689670667468,59.999999837,59.9999991894
0.751650985095,0.236379423612,0.714066797744,0.230799640901,0.736306308332,0.689670667468,59.999999837,59.9999991894
0.751712676687,0.236792492752,0.714160991237,0.231207649174,0.736306308332,0.689670667468,59.999999837,59.9999991894
0.751774504382,0.237205347194,0.714255367028,0.231615469271,0.736306308332,0.689670667468,59.999999837,59.9999991894
0.751836468223,0.23761798652,0.71434992507,0.232023100784,0.736306308332,0.689670667468,59.999999837,59.9999991894
0.751898568254,0.238030410313,0.714444665314,0.232430543301,0.736306308332,0.689670667468,59.999999837,59.9999991894
0.751960804521,0.238442618152,0.714539587712,0.232837796411,0.736306308332,0.689670667468,59.999999837,59.9999991894
0.752023177067,0.238854609622,0.714634692214,0.233244859704,0.736306308332,0.689670667468,59.999999837,59.9999991894
0.752085685934,0.239266384304,0.71472997877,0.233651732771,0.736306308332,0.689670667468,59.999999837,59.9999991894
0.752148331166,0.239677941781,0.714825447327,0.234058415198,0.736306308332,0.689670667468,59.999999837,59.9999991894
0.752211112803,0.240089281636,0.714921097836,0.234464906577,0.736306308332,0.689670667468,59.999999837,59.9999991894
0.752274030889,0.240500403449,0.715016930242,0.234871206495,0.736306308332,0.689670667468,59.999999837,59.9999991894
0.752337085464,0.240911306804,0.715112944494,0.235277314543,0.736306308332,0.689670667468,59.999999837,59.9999991894
0.752400276569,0.241321991285,0.715209140536,0.235683230309,0.736306308332,0.689670667468,59.999999837,59.9999991894
0.752463604243,0.241732456474,0.715305518316,0.236088953383,0.736306308332,0.689670667468,59.999999837,59.9999991894
0.752527068527,0.242142701956,0.715402077776,0.236494483352,0.736306308332,0.689670667468,59.999999837,59.9999991894
0.752590669459,0.24255272731,0.715498818863,0.236899819807,0.736306308332,0.689670667468,59.999999837,59.9999991894
0.752654407079,0.242962532121,0.715595741518,0.237304962335,0.736306308332,0.689670667468,59.999999837,59.9999991894
0.752718281423,0.243372115975,0.715692845685,0.237709910525,0.736306308332,0.689670667468,59.999999837,59.9999991894
0.75278229253,0.243781478452,0.715790131306,0.238114663966,0.736306308332,0.689670667468,59.999999837,59.9999991894
0.752846440437,0.244190619139,0.715887598322,0.238519222245,0.736306308332,0.689670667468,59.999999837,59.9999991894
0.752910725181,0.244599537617,0.715985246674,0.238923584951,0.736306308332,0.689670667468,59.999999837,59.9999991894
0.752975146796,0.24500823347,0.716083076302,0.239327751673,0.736306308332,0.689670667468,59.999999837,59.9999991894
0.75303970532,0.245416706284,0.716181087144,0.239731721998,0.736306308332,0.689670667468,59.999999837,59.9999991894
0.753104400786,0.245824955642,0.71627927914,0.240135495516,0.736306308332,0.689670667468,59.999999837,59.9999991894
0.753169233229,0.24623298113,0.716377652227,0.240539071815,0.736306308332,0.689670667468,59.999999837,59.9999991894
0.753234202684,0.246640782329,0.716476206342,0.240942450482,0.736306308332,0.689670667468,59.999999837,59.9999991894
0.753299309183,0.247048358826,0.716574941421,0.241345631107,0.736306308332,0.689670667468,59.999999837,59.9999991894
0.753364552759,0.247455710205,0.716673857399,0.241748613277,0.736306308332,0.689670667468,59.999999837,59.9999991894
0.753429933445,0.247862836051,0.716772954212,0.242151396581,0.736306308332,0.689670667468,59.999999837,59.9999991894
0.753495451272,0.248269735951,0.716872231794,0.242553980606,0.736306308332,0.689670667468,59.999999837,59.9999991894
0.753561106271,0.248676409486,0.716971690078,0.242956364942,0.736306308332,0.689670667468,59.999999837,59.9999991894
0.753626898474,0.249082856246,0.717071328996,0.243358549175,0.736306308332,0.689670667468,59.999999837,59.9999991894
0.75369282791,0.249489075811,0.71717114848,0.243760532895,0.736306308332,0.689670667468,59.999999837,59.9999991894
0.753758894609,0.249895067771,0.717271148462,0.244162315689,0.736306308332,0.689670667468,59.999999837,59.9999991894
0.7538250986,0.250300831712,0.717371328871,0.244563897144,0.736306308332,0.689670667468,59.999999837,59.9999991894
0.75389143991,0.250706367217,0.717471689637,0.24496527685,0.736306308332,0.689670667468,59.999999837,59.9999991894
0.753957918568,0.251111673875,0.71757223069,0.245366454394,0.736306308332,0.689670667468,59.999999837,59.9999991894
0.754024534603,0.251516751268,0.717672951957,0.245767429363,0.736306308332,0.689670667468,59.999999837,59.9999991894
0.754091288039,0.251921598986,0.717773853365,0.246168201347,0.736306308332,0.689670667468,59.999999837,59.9999991894
0.754158178903,0.252326216615,0.717874934842,0.246568769932,0.736306308332,0.689670667468,59.999999837,59.9999991894
0.754225207221,0.252730603741,0.717976196312,0.246969134706,0.736306308332,0.689670667468,59.999999837,59.9999991894
0.754292373017,0.253134759952,0.718077637701,0.247369295258,0.736306308332,0.689670667468,59.999999837,59.9999991894
0.754359676317,0.253538684833,0.718179258933,0.247769251176,0.736306308332,0.689670667468,59.999999837,59.9999991894
0.754427117144,0.253942377973,0.718281059932,0.248169002046,0.736306308332,0.689670667468,59.999999837,59.9999991894
0.754494695522,0.254345838958,0.71838304062,0.248568547458,0.736306308332,0.689670667468,59.999999837,59.9999991894
0.754562411472,0.254749067375,0.71848520092,0.248967886999,0.736306308332,0.689670667468,59.999999837,59.9999991894
0.754630265017,0.255152062815,0.718587540751,0.249367020256,0.736306308332,0.689670667468,59.999999837,59.9999991894
0.754698256179,0.255554824863,0.718690060036,0.249765946817,0.736306308332,0.689670667468,59.999999837,59.9999991894
0.754766384978,0.255957353108,0.718792758693,0.250164666272,0.736306308332,0.689670667468,59.999999837,59.9999991894
0.754834651435,0.256359647136,0.718895636641,0.250563178206,0.736306308332,0.689670667468,59.999999837,59.9999991894
0.754903055569,0.256761706538,0.718998693798,0.250961482208,0.736306308332,0.689670667468,59.999999837,59.9999991894
0.7549715974,0.257163530903,0.719101930081,0.251359577866,0.736306308332,0.689670667468,59.999999837,59.9999991894
0.755040276946,0.257565119817,0.719205345408,0.251757464768,0.736306308332,0.689670667468,59.999999837,59.9999991894
0.755109094224,0.257966472872,0.719308939692,0.252155142502,0.736306308332,0.689670667468,59.999999837,59.9999991894
0.755178049253,0.258367589655,0.71941271285,0.252552610655,0.736306308332,0.689670667468,59.999999837,59.9999991894
0.755247142048,0.258768469756,0.719516664795,0.252949868815,0.736306308332,0.689670667468,59.999999837,59.9999991894
0.755316372626,0.259169112762,0.719620795441,0.253346916571,0.736306308332,0.689670667468,59.999999837,59.9999991894
0.755385741003,0.259569518265,0.719725104699,0.25374375351,0.736306308332,0.689670667468,59.999999837,59.9999991894
0.755455247192,0.259969685857,0.719829592482,0.25414037922,0.736306308332,0.689670667468,59.999999837,59.9999991894
0.755524891209,0.260369615125,0.7199342587,0.25453679329,0.736306308332,0.689670667468,59.999999837,59.9999991894
0.755594673065,0.260769305661,0.720039103263,0.254932995307,0.736306308332,0.689670667468,59.999999837,59.9999991894
0.755664592776,0.261168757053,0.720144126081,0.25532898486,0.736306308332,0.689670667468,59.999999837,59.9999991894
0.755734650352,0.261567968894,0.720249327061,0.255724761536,0.736306308332,0.689670667468,59.999999837,59.9999991894
0.755804845806,0.261966940772,0.720354706111,0.256120324923,0.736306308332,0.689670667468,59.999999837,59.9999991894
0.755875179149,0.26236567228,0.720460263138,0.256515674611,0.736306308332,0.689670667468,59.999999837,59.9999991894
0.75594565039,0.262764163011,0.720565998047,0.256910810187,0.736306308332,0.689670667468,59.999999837,59.9999991894
0.75601625954,0.263162412554,0.720671910743,0.257305731239,0.736306308332,0.689670667468,59.999999837,59.9999991894
0.756087006606,0.263560420501,0.720778001132,0.257700437355,0.736306308332,0.689670667468,59.999999837,59.9999991894
0.7561578916,0.263958186443,0.720884269115,0.258094928125,0.736306308332,0.689670667468,59.999999837,59.9999991894
0.756228914527,0.264355709973,0.720990714596,0.258489203135,0.736306308332,0.689670667468,59.999999837,59.9999991894
0.756300075395,0.264752990683,0.721097337477,0.258883261976,0.736306308332,0.689670667468,59.999999837,59.9999991894
0.75637137421,0.265150028165,0.721204137657,0.259277104235,0.736306308332,0.689670667468,59.999999837,59.9999991894
0.756442810978,0.265546822014,0.721311115037,0.2596707295,0.736306308332,0.689670667468,59.999999837,59.9999991894
0.756514385705,0.26594337182,0.721418269516,0.26006413736,0.736306308332,0.689670667468,59.999999837,59.9999991894
0.756586098393,0.266339677179,0.721525600992,0.260457327404,0.736306308332,0.689670667468,59.999999837,59.9999991894
0.756657949049,0.26673573768,0.721633109363,0.260850299221,0.736306308332,0.689670667468,59.999999837,59.9999991894
0.756729937674,0.26713155292,0.721740794526,0.261243052399,0.736306308332,0.689670667468,59.999999837,59.9999991894
0.756802064272,0.26752712249,0.721848656375,0.261635586527,0.736306308332,0.689670667468,59.999999837,59.9999991894
0.756874328843,0.267922445986,0.721956694806,0.262027901194,0.736306308332,0.689670667468,59.999999837,59.9999991894
0.756946731389,0.268317523004,0.722064909713,0.262419995989,0.736306308332,0.689670667468,59.999999837,59.9999991894
0.75701927191,0.268712353136,0.722173300989,0.2628118705,0.736306308332,0.689670667468,59.999999837,59.9999991894
0.757091950406,0.269106935978,0.722281868525,0.263203524317,0.736306308332,0.689670667468,59.999999837,59.9999991894
0.757164766877,0.269501271122,0.722390612214,0.26359495703,0.736306308332,0.689670667468,59.999999837,59.9999991894
0.75723772132,0.269895358166,0.722499531946,0.263986168226,0.736306308332,0.689670667468,59.999999837,59.9999991894
0.757310813733,0.270289196701,0.722608627611,0.264377157496,0.736306308332,0.689670667468,59.999999837,59.9999991894
0.757384044114,0.270682786327,0.722717899097,0.26476792443,0.736306308332,0.689670667468,59.999999837,59.9999991894
0.757457412458,0.271076126641,0.722827346291,0.265158468615,0.736306308332,0.689670667468,59.999999837,59.9999991894
0.75753091876,0.271469217235,0.722936969082,0.265548789643,0.736306308332,0.689670667468,59.999999837,59.9999991894
0.757604563016,0.271862057709,0.723046767355,0.265938887102,0.736306308332,0.689670667468,59.999999837,59.9999991894
0.75767834522,0.272254647657,0.723156740995,0.266328760582,0.736306308332,0.689670667468,59.999999837,59.9999991894
0.757752265365,0.272646986677,0.723266889887,0.266718409673,0.736306308332,0.689670667468,59.999999837,59.9999991894
0.757826323446,0.273039074363,0.723377213914,0.267107833965,0.736306308332,0.689670667468,59.999999837,59.9999991894
0.757900519452,0.273430910315,0.723487712958,0.267497033049,0.736306308332,0.689670667468,59.999999837,59.9999991894
0.757974853376,0.27382249413,0.723598386901,0.267886006513,0.736306308332,0.689670667468,59.999999837,59.9999991894
0.758049325208,0.274213825406,0.723709235624,0.268274753948,0.736306308332,0.689670667468,59.999999837,59.9999991894
0.758123934937,0.274604903742,0.723820259006,0.268663274945,0.736306308332,0.689670667468,59.999999837,59.9999991894
0.758198682554,0.274995728735,0.723931456927,0.269051569094,0.736306308332,0.689670667468,59.999999837,59.9999991894
0.758273568046,0.275386299985,0.724042829265,0.269439635985,0.736306308332,0.689670667468,59.999999837,59.9999991894
0.758348591402,0.275776617087,0.724154375896,0.269827475209,0.736306308332,0.689670667468,59.999999837,59.9999991894
0.758423752608,0.276166679644,0.724266096697,0.270215086357,0.736306308332,0.689670667468,59.999999837,59.9999991894
0.758499051651,0.276556487252,0.724377991543,0.270602469019,0.736306308332,0.689670667468,59.999999837,59.9999991894
0.758574488517,0.276946039511,0.724490060308,0.270989622787,0.736306308332,0.689670667468,59.999999837,59.9999991894
0.758650063188,0.277335336025,0.724602302866,0.271376547251,0.736306308332,0.689670667468,59.999999837,59.9999991894
0.758725775651,0.277724376391,0.724714719089,0.271763242002,0.736306308332,0.689670667468,59.999999837,59.9999991894
0.758801625887,0.278113160211,0.724827308849,0.272149706632,0.736306308332,0.689670667468,59.999999837,59.9999991894
0.758877613881,0.278501687083,0.724940072016,0.272535940733,0.736306308332,0.689670667468,59.999999837,59.9999991894
0.758953739612,0.27888995661,0.725053008461,0.272921943895,0.736306308332,0.689670667468,59.999999837,59.9999991894
0.759030003063,0.279277968392,0.725166118051,0.273307715711,0.736306308332,0.689670667468,59.999999837,59.9999991894
0.759106404215,0.27966572203,0.725279400656,0.273693255771,0.736306308332,0.689670667468,59.999999837,59.9999991894
0.759182943046,0.280053217125,0.725392856141,0.274078563668,0.736306308332,0.689670667468,59.999999837,59.9999991894
0.759259619535,0.280440453281,0.725506484373,0.274463638994,0.736306308332,0.689670667468,59.999999837,59.9999991894
0.75933643366,0.280827430102,0.725620285217,0.274848481341,0.736306308332,0.689670667468,59.999999837,59.9999991894
0.759413385399,0.281214147187,0.725734258538,0.275233090301,0.736306308332,0.689670667468,59.999999837,59.9999991894
0.759490474726,0.281600604142,0.725848404197,0.275617465467,0.736306308332,0.689670667468,59.999999837,59.9999991894
0.75956770162,0.281986800568,0.725962722058,0.276001606431,0.736306308332,0.689670667468,59.999999837,59.9999991894
0.759645066054,0.28237273607,0.726077211981,0.276385512785,0.736306308332,0.689670667468,59.999999837,59.9999991894
0.759722568003,0.282758410249,0.726191873827,0.276769184124,0.736306308332,0.689670667468,59.999999837,59.9999991894
0.75980020744,0.283143822711,0.726306707456,0.27715262004,0.736306308332,0.689670667468,59.999999837,59.9999991894
0.759877984338,0.283528973058,0.726421712726,0.277535820125,0.736306308332,0.689670667468,59.999999837,59.9999991894
0.75995589867,0.283913860896,0.726536889493,0.277918783974,0.736306308332,0.689670667468,59.999999837,59.9999991894
0.760033950404,0.284298485832,0.726652237615,0.27830151118,0.736306308332,0.689670667468,59.999999837,59.9999991894
0.760112139512,0.284682847469,0.726767756948,0.278684001336,0.736306308332,0.689670667468,59.999999837,59.9999991894
0.760190465964,0.285066945415,0.726883447345,0.279066254037,0.736306308332,0.689670667468,59.999999837,59.9999991894
0.760268929727,0.285450779273,0.726999308661,0.279448268875,0.736306308332,0.689670667468,59.999999837,59.9999991894
0.76034753077,0.285834348652,0.727115340747,0.279830045446,0.736306308332,0.689670667468,59.999999837,59.9999991894
0.760426269061,0.286217653154,0.727231543457,0.280211583343,0.736306308332,0.689670667468,59.999999837,59.9999991894
0.760505144565,0.286600692389,0.727347916639,0.280592882161,0.736306308332,0.689670667468,59.999999837,59.9999991894
0.760584157248,0.286983465962,0.727464460145,0.280973941494,0.736306308332,0.689670667468,59.999999837,59.9999991894
0.760663307075,0.287365973481,0.727581173823,0.281354760937,0.736306308332,0.689670667468,59.999999837,59.9999991894
0.76074259401,0.287748214553,0.727698057521,0.281735340086,0.736306308332,0.689670667468,59.999999837,59.9999991894
0.760822018016,0.288130188787,0.727815111085,0.282115678534,0.736306308332,0.689670667468,59.999999837,59.9999991894
0.760901579054,0.288511895793,0.727932334361,0.282495775878,0.736306308332,0.689670667468,59.999999837,59.9999991894
0.760981277086,0.288893335177,0.728049727194,0.282875631713,0.736306308332,0.689670667468,59.999999837,59.9999991894
0.761061112073,0.289274506551,0.728167289428,0.283255245634,0.736306308332,0.689670667468,59.999999837,59.9999991894
0.761141083975,0.289655409521,0.728285020906,0.283634617238,0.736306308332,0.689670667468,59.999999837,59.9999991894
0.761221192751,0.290036043699,0.728402921469,0.28401374612,0.736306308332,0.689670667468,59.999999837,59.9999991894
0.761301438359,0.290416408691,0.728520990959,0.284392631877,0.736306308332,0.689670667468,59.999999837,59.9999991894
0.761381820756,0.290796504112,0.728639229215,0.284771274104,0.736306308332,0.689670667468,59.999999837,59.9999991894
0.761462339901,0.291176329567,0.728757636076,0.2851496724,0.736306308332,0.689670667468,59.999999837,59.9999991894
0.761542995747,0.291555884671,0.72887621138,0.28552782636,0.736306308332,0.689670667468,59.999999837,59.9999991894
0.76162378825,0.291935169033,0.728994954964,0.285905735581,0.736306308332,0.689670667468,59.999999837,59.9999991894
0.761704717363,0.292314182266,0.729113866663,0.286283399661,0.736306308332,0.689670667468,59.999999837,59.9999991894
0.76178578304,0.292692923983,0.729232946313,0.286660818197,0.736306308332,0.689670667468,59.999999837,59.9999991894
0.761866985234,0.293071393795,0.729352193748,0.287037990786,0.736306308332,0.689670667468,59.999999837,59.9999991894
0.761948323895,0.293449591316,0.7294716088,0.287414917027,0.736306308332,0.689670667468,59.999999837,59.9999991894
0.762029798975,0.293827516156,0.729591191301,0.287791596516,0.736306308332,0.689670667468,59.999999837,59.9999991894
0.762111410422,0.294205167931,0.729710941082,0.288168028854,0.736306308332,0.689670667468,59.999999837,59.9999991894
0.762193158188,0.294582546252,0.729830857972,0.288544213637,0.736306308332,0.689670667468,59.999999837,59.9999991894
0.762275042219,0.294959650735,0.729950941801,0.288920150465,0.736306308332,0.689670667468,59.999999837,59.9999991894
0.762357062464,0.295336480991,0.730071192396,0.289295838936,0.736306308332,0.689670667468,59.999999837,59.9999991894
0.762439218867,0.295713036639,0.730191609585,0.28967127865,0.736306308332,0.689670667468,59.999999837,59.9999991894
0.762521511377,0.296089317289,0.730312193191,0.290046469206,0.736306308332,0.689670667468,59.999999837,59.9999991894
0.762603939936,0.29646532256,0.730432943041,0.290421410203,0.736306308332,0.689670667468,59.999999837,59.9999991894
0.762686504489,0.296841052067,0.730553858959,0.290796101242,0.736306308332,0.689670667468,59.999999837,59.9999991894
0.762769204978,0.297216505426,0.730674940765,0.291170541921,0.736306308332,0.689670667468,59.999999837,59.9999991894
0.762852041345,0.297591682256,0.730796188283,0.291544731842,0.736306308332,0.689670667468,59.999999837,59.9999991894
0.762935013533,0.29796658217,0.730917601333,0.291918670604,0.736306308332,0.689670667468,59.999999837,59.9999991894
0.763018121481,0.298341204788,0.731039179734,0.292292357809,0.736306308332,0.689670667468,59.999999837,59.9999991894
0.763101365129,0.298715549724,0.731160923305,0.292665793058,0.736306308332,0.689670667468,59.999999837,59.9999991894
0.763184744415,0.2990896166,0.731282831864,0.29303897595,0.736306308332,0.689670667468,59.999999837,59.9999991894
0.763268259279,0.299463405031,0.731404905226,0.293411906089,0.736306308332,0.689670667468,59.999999837,59.9999991894
0.763351909655,0.299836914637,0.731527143207,0.293784583075,0.736306308332,0.689670667468,59.999999837,59.9999991894
0.763435695482,0.300210145035,0.731649545621,0.294157006511,0.736306308332,0.689670667468,59.999999837,59.9999991894
0.763519616693,0.300583095846,0.731772112282,0.294529175999,0.736306308332,0.689670667468,59.999999837,59.9999991894
0.763603673224,0.300955766689,0.731894843003,0.29490109114,0.736306308332,0.689670667468,59.999999837,59.9999991894
0.763687865007,0.301328157184,0.732017737593,0.295272751538,0.736306308332,0.689670667468,59.999999837,59.9999991894
0.763772191974,0.301700266953,0.732140795864,0.295644156796,0.736306308332,0.689670667468,59.999999837,59.9999991894
0.763856654058,0.302072095616,0.732264017623,0.296015306516,0.736306308332,0.689670667468,59.999999837,59.9999991894
0.763941251189,0.302443642795,0.732387402681,0.296386200303,0.736306308332,0.689670667468,59.999999837,59.9999991894
0.764025983296,0.302814908112,0.732510950842,0.296756837759,0.736306308332,0.689670667468,59.999999837,59.9999991894
0.764110850309,0.303185891189,0.732634661914,0.297127218489,0.736306308332,0.689670667468,59.999999837,59.9999991894
0.764195852156,0.303556591647,0.732758535701,0.297497342098,0.736306308332,0.689670667468,59.999999837,59.9999991894
0.764280988764,0.303927009111,0.732882572007,0.297867208188,0.736306308332,0.689670667468,59.999999837,59.9999991894
0.764366260059,0.304297143201,0.733006770635,0.298236816366,0.736306308332,0.689670667468,59.999999837,59.9999991894
0.764451665966,0.304666993544,0.733131131386,0.298606166236,0.736306308332,0.689670667468,59.999999837,59.9999991894
0.76453720641,0.30503655976,0.733255654061,0.298975257404,0.736306308332,0.689670667468,59.999999837,59.9999991894
0.764622881315,0.305405841477,0.733380338459,0.299344089475,0.736306308332,0.689670667468,59.999999837,59.9999991894
0.764708690603,0.305774838316,0.73350518438,0.299712662054,0.736306308332,0.689670667468,59.999999837,59.9999991894
0.764794634195,0.306143549906,0.733630191619,0.30008097475,0.736306308332,0.689670667468,59.999999837,59.9999991894
0.764880712014,0.30651197587,0.733755359974,0.300449027166,0.736306308332,0.689670667468,59.999999837,59.9999991894
0.764966923977,0.306880115835,0.73388068924,0.300816818912,0.736306308332,0.689670667468,59.999999837,59.9999991894
0.765053270005,0.307247969427,0.734006179211,0.301184349592,0.736306308332,0.689670667468,59.999999837,59.9999991894
0.765139750014,0.307615536274,0.734131829681,0.301551618815,0.736306308332,0.689670667468,59.999999837,59.9999991894
0.765226363922,0.307982816004,0.73425764044,0.301918626188,0.736306308332,0.689670667468,59.999999837,59.9999991894
0.765313111646,0.308349808243,0.73438361128,0.30228537132,0.736306308332,0.689670667468,59.999999837,59.9999991894
0.765399993099,0.308716512621,0.734509741991,0.302651853818,0.736306308332,0.689670667468,59.999999837,59.9999991894
0.765487008197,0.309082928765,0.734636032362,0.30301807329,0.736306308332,0.689670667468,59.999999837,59.9999991894
0.765574156853,0.309449056304,0.73476248218,0.303384029347,0.736306308332,0.689670667468,59.999999837,59.9999991894
0.765661438979,0.309814894868,0.734889091232,0.303749721596,0.736306308332,0.689670667468,59.999999837,59.9999991894
0.765748854487,0.310180444086,0.735015859303,0.304115149647,0.736306308332,0.689670667468,59.999999837,59.9999991894
0.765836403287,0.310545703587,0.735142786178,0.30448031311,0.736306308332,0.689670667468,59.999999837,59.9999991894
0.76592408529,0.310910673005,0.73526987164,0.304845211596,0.736306308332,0.689670667468,59.999999837,59.9999991894
0.766011900403,0.311275351967,0.735397115472,0.305209844713,0.736306308332,0.689670667468,59.999999837,59.9999991894
0.766099848534,0.311639740107,0.735524517454,0.305574212072,0.736306308332,0.689670667468,59.999999837,59.9999991894
0.766187929591,0.312003837054,0.735652077366,0.305938313286,0.736306308332,0.689670667468,59.999999837,59.9999991894
0.766276143479,0.312367642444,0.735779794988,0.306302147966,0.736306308332,0.689670667468,59.999999837,59.9999991894
0.766364490103,0.312731155907,0.735907670096,0.306665715722,0.736306308332,0.689670667468,59.999999837,59.9999991894
0.766452969366,0.313094377078,0.736035702469,0.307029016167,0.736306308332,0.689670667468,59.999999837,59.9999991894
0.766541581172,0.313457305588,0.736163891881,0.307392048913,0.736306308332,0.689670667468,59.999999837,59.9999991894
0.766630325424,0.313819941074,0.736292238107,0.307754813573,0.736306308332,0.689670667468,59.999999837,59.9999991894
0.76671920202,0.314182283172,0.73642074092,0.308117309759,0.736306308332,0.689670667468,59.999999837,59.9999991894
0.766808210861,0.314544331513,0.736549400093,0.308479537085,0.736306308332,0.689670667468,59.999999837,59.9999991894
0.766897351847,0.314906085737,0.736678215398,0.308841495164,0.736306308332,0.689670667468,59.999999837,59.9999991894
0.766986624877,0.315267545476,0.736807186603,0.309203183611,0.736306308332,0.689670667468,59.999999837,59.9999991894
0.767076029845,0.315628710369,0.736936313478,0.309564602039,0.736306308332,0.689670667468,59.999999837,59.9999991894
0.767165566651,0.315989580051,0.73706559579,0.309925750065,0.736306308332,0.689670667468,59.999999837,59.9999991894
0.767255235187,0.31635015416,0.737195033308,0.310286627302,0.736306308332,0.689670667468,59.999999837,59.9999991894
0.767345035349,0.316710432333,0.737324625795,0.310647233365,0.736306308332,0.689670667468,59.999999837,59.9999991894
0.767434967031,0.317070414209,0.737454373017,0.311007567871,0.736306308332,0.689670667468,59.999999837,59.9999991894
0.767525030124,0.317430099425,0.737584274738,0.311367630435,0.736306308332,0.689670667468,59.999999837,59.9999991894
0.767615224519,0.317789487622,0.737714330718,0.311727420673,0.736306308332,0.689670667468,59.999999837,59.9999991894
0.767705550108,0.318148578438,0.737844540721,0.312086938203,0.736306308332,0.689670667468,59.999999837,59.9999991894
0.76779600678,0.318507371514,0.737974904504,0.312446182643,0.736306308332,0.689670667468,59.999999837,59.9999991894
0.767886594423,0.318865866489,0.738105421828,0.312805153608,0.736306308332,0.689670667468,59.999999837,59.9999991894
0.767977312924,0.319224063005,0.73823609245,0.313163850718,0.736306308332,0.689670667468,59.999999837,59.9999991894
0.76806816217,0.319581960703,0.738366916128,0.313522273589,0.736306308332,0.689670667468,59.999999837,59.9999991894
0.768159142047,0.319939559226,0.738497892615,0.313880421841,0.736306308332,0.689670667468,59.999999837,59.9999991894
0.768250252439,0.320296858213,0.738629021668,0.314238295093,0.736306308332,0.689670667468,59.999999837,59.9999991894
0.768341493229,0.320653857311,0.738760303038,0.314595892963,0.736306308332,0.689670667468,59.999999837,59.9999991894
0.768432864301,0.32101055616,0.738891736479,0.314953215073,0.736306308332,0.689670667468,59.999999837,59.9999991894
0.768524365534,0.321366954406,0.739023321741,0.315310261041,0.736306308332,0.689670667468,59.999999837,59.9999991894
0.768615996811,0.321723051693,0.739155058574,0.315667030488,0.736306308332,0.689670667468,59.999999837,59.9999991894
0.768707758009,0.322078847666,0.739286946726,0.316023523036,0.736306308332,0.689670667468,59.999999837,59.9999991894
0.768799649008,0.322434341971,0.739418985946,0.316379738305,0.736306308332,0.689670667468,59.999999837,59.9999991894
0.768891669685,0.322789534252,0.73955117598,0.316735675916,0.736306308332,0.689670667468,59.999999837,59.9999991894
0.768983819917,0.323144424157,0.739683516574,0.317091335492,0.736306308332,0.689670667468,59.999999837,59.9999991894
0.769076099579,0.323499011332,0.739816007471,0.317446716655,0.736306308332,0.689670667468,59.999999837,59.9999991894
0.769168508546,0.323853295424,0.739948648414,0.317801819027,0.736306308332,0.689670667468,59.999999837,59.9999991894
0.76926104669,0.32420727608,0.740081439146,0.318156642234,0.736306308332,0.689670667468,59.999999837,59.9999991894
0.769353713886,0.32456095295,0.740214379406,0.318511185897,0.736306308332,0.689670667468,59.999999837,59.9999991894
0.769446510003,0.324914325681,0.740347468936,0.318865449641,0.736306308332,0.689670667468,59.999999837,59.9999991894
0.769539434913,0.325267393924,0.740480707472,0.319219433089,0.736306308332,0.689670667468,59.999999837,59.9999991894
0.769632488486,0.325620157326,0.740614094754,0.319573135867,0.736306308332,0.689670667468,59.999999837,59.9999991894
0.769725670589,0.325972615539,0.740747630516,0.319926557599,0.736306308332,0.689670667468,59.999999837,59.9999991894
0.76981898109,0.326324768213,0.740881314494,0.320279697912,0.736306308332,0.689670667468,59.999999837,59.9999991894
0.769912419855,0.326676615,0.741015146422,0.320632556431,0.736306308332,0.689670667468,59.999999837,59.9999991894
0.77000598675,0.327028155551,0.741149126032,0.320985132784,0.736306308332,0.689670667468,59.999999837,59.9999991894
0.770099681639,0.327379389518,0.741283253056,0.321337426596,0.736306308332,0.689670667468,59.999999837,59.9999991894
0.770193504386,0.327730316554,0.741417527225,0.321689437495,0.736306308332,0.689670667468,59.999999837,59.9999991894
0.770287454852,0.328080936313,0.741551948267,0.322041165109,0.736306308332,0.689670667468,59.999999837,59.9999991894
0.7703815329,0.328431248447,0.741686515912,0.322392609064,0.736306308332,0.689670667468,59.999999837,59.9999991894
0.770475738389,0.328781252613,0.741821229886,0.32274376899,0.736306308332,0.689670667468,59.999999837,59.9999991894
0.770570071179,0.329130948462,0.741956089913,0.323094644517,0.736306308332,0.689670667468,59.999999837,59.9999991894
0.770664531127,0.329480335653,0.742091095721,0.323445235273,0.736306308332,0.689670667468,59.999999837,59.9999991894
0.770759118092,0.32982941384,0.742226247031,0.323795540889,0.736306308332,0.689670667468,59.999999837,59.9999991894
0.770853831929,0.33017818268,0.742361543566,0.324145560994,0.736306308332,0.689670667468,59.999999837,59.9999991894
0.770948672493,0.330526641829,0.742496985048,0.324495295218,0.736306308332,0.689670667468,59.999999837,59.9999991894
0.771043639639,0.330874790945,0.742632571197,0.324844743193,0.736306308332,0.689670667468,59.999999837,59.9999991894
0.771138733219,0.331222629686,0.742768301732,0.32519390455,0.736306308332,0.689670667468,59.999999837,59.9999991894
0.771233953085,0.331570157712,0.742904176369,0.325542778923,0.736306308332,0.689670667468,59.999999837,59.9999991894
0.771329299089,0.33191737468,0.743040194825,0.325891365942,0.736306308332,0.689670667468,59.999999837,59.9999991894
0.771424771079,0.332264280251,0.743176356817,0.326239665242,0.736306308332,0.689670667468,59.999999837,59.9999991894
0.771520368906,0.332610874086,0.743312662058,0.326587676454,0.736306308332,0.689670667468,59.999999837,59.9999991894
0.771616092416,0.332957155845,0.743449110261,0.326935399213,0.736306308332,0.689670667468,59.999999837,59.9999991894
0.771711941456,0.333303125189,0.743585701139,0.327282833152,0.736306308332,0.689670667468,59.999999837,59.9999991894
0.771807915873,0.333648781779,0.743722434402,0.327629977906,0.736306308332,0.689670667468,59.999999837,59.9999991894
0.77190401551,0.333994125279,0.743859309759,0.327976833112,0.736306308332,0.689670667468,59.999999837,59.9999991894
0.772000240213,0.33433915535,0.74399632692,0.328323398404,0.736306308332,0.689670667468,59.999999837,59.9999991894
0.772096589822,0.334683871657,0.744133485589,0.32866967342,0.736306308332,0.689670667468,59.999999837,59.9999991894
0.77219306418,0.335028273863,0.744270785476,0.329015657793,0.736306308332,0.689670667468,59.999999837,59.9999991894
0.772289663127,0.335372361633,0.744408226284,0.329361351163,0.736306308332,0.689670667468,59.999999837,59.9999991894
0.772386386504,0.335716134632,0.744545807717,0.329706753164,0.736306308332,0.689670667468,59.999999837,59.9999991894
0.772483234146,0.336059592525,0.744683529477,0.330051863436,0.736306308332,0.689670667468,59.999999837,59.9999991894
0.772580205894,0.336402734978,0.744821391266,0.330396681619,0.736306308332,0.689670667468,59.999999837,59.9999991894
0.772677301582,0.336745561659,0.744959392784,0.33074120735,0.736306308332,0.689670667468,59.999999837,59.9999991894
0.772774521046,0.337088072235,0.745097533729,0.331085440269,0.736306308332,0.689670667468,59.999999837,59.9999991894
0.77287186412,0.337430266373,0.745235813801,0.331429380014,0.736306308332,0.689670667468,59.999999837,59.9999991894
0.772969330637,0.337772143742,0.745374232695,0.331773026227,0.736306308332,0.689670667468,59.999999837,59.9999991894
0.773066920429,0.338113704011,0.745512790108,0.332116378548,0.736306308332,0.689670667468,59.999999837,59.9999991894
0.773164633328,0.338454946849,0.745651485734,0.332459436618,0.736306308332,0.689670667468,59.999999837,59.9999991894
0.773262469162,0.338795871927,0.745790319264,0.332802200081,0.736306308332,0.689670667468,59.999999837,59.9999991894
0.773360427761,0.339136478915,0.745929290392,0.333144668576,0.736306308332,0.689670667468,59.999999837,59.9999991894
0.773458508953,0.339476767485,0.746068398809,0.333486841749,0.736306308332,0.689670667468,59.999999837,59.9999991894
0.773556712564,0.339816737308,0.746207644204,0.333828719239,0.736306308332,0.689670667468,59.999999837,59.9999991894
0.77365503842,0.340156388057,0.746347026265,0.334170300693,0.736306308332,0.689670667468,59.999999837,59.9999991894
0.773753486346,0.340495719404,0.746486544681,0.334511585753,0.736306308332,0.689670667468,59.999999837,59.9999991894
0.773852056165,0.340834731025,0.746626199136,0.334852574065,0.736306308332,0.689670667468,59.999999837,59.9999991894
0.773950747699,0.341173422592,0.746765989316,0.335193265276,0.736306308332,0.689670667468,59.999999837,59.9999991894
0.77404956077,0.34151179378,0.746905914905,0.335533659028,0.736306308332,0.689670667468,59.999999837,59.9999991894
0.774148495197,0.341849844265,0.747045975584,0.33587375497,0.736306308332,0.689670667468,59.999999837,59.9999991894
0.774247550801,0.342187573724,0.747186171037,0.336213552746,0.736306308332,0.689670667468,59.999999837,59.9999991894
0.7743467274,0.342524981831,0.747326500943,0.336553052005,0.736306308332,0.689670667468,59.999999837,59.9999991894
0.774446024809,0.342862068265,0.74746696498,0.336892252395,0.736306308332,0.689670667468,59.999999837,59.9999991894
0.774545442847,0.343198832703,0.747607562827,0.337231153563,0.736306308332,0.689670667468,59.999999837,59.9999991894
0.774644981326,0.343535274823,0.747748294159,0.33756975516,0.736306308332,0.689670667468,59.999999837,59.9999991894
0.774744640061,0.343871394305,0.747889158654,0.337908056832,0.736306308332,0.689670667468,59.999999837,59.9999991894
0.774844418865,0.344207190828,0.748030155985,0.338246058231,0.736306308332,0.689670667468,59.999999837,59.9999991894
0.774944317549,0.344542664072,0.748171285826,0.338583759005,0.736306308332,0.689670667468,59.999999837,59.9999991894
0.775044335924,0.344877813717,0.748312547848,0.338921158807,0.736306308332,0.689670667468,59.999999837,59.9999991894
0.7751444738,0.345212639446,0.748453941722,0.339258257289,0.736306308332,0.689670667468,59.999999837,59.9999991894
0.775244730984,0.34554714094,0.748595467117,0.339595054101,0.736306308332,0.689670667468,59.999999837,59.9999991894
0.775345107284,0.345881317881,0.748737123701,0.339931548898,0.736306308332,0.689670667468,59.999999837,59.9999991894
0.775445602506,0.346215169954,0.748878911143,0.340267741329,0.736306308332,0.689670667468,59.999999837,59.9999991894
0.775546216456,0.346548696841,0.749020829108,0.34060363105,0.736306308332,0.689670667468,59.999999837,59.9999991894
0.775646948937,0.346881898227,0.749162877261,0.340939217713,0.736306308332,0.689670667468,59.999999837,59.9999991894
0.775747799752,0.347214773796,0.749305055266,0.341274500975,0.736306308332,0.689670667468,59.999999837,59.9999991894
0.775848768704,0.347547323236,0.749447362785,0.341609480491,0.736306308332,0.689670667468,59.999999837,59.9999991894
0.775949855592,0.347879546231,0.749589799479,0.341944155915,0.736306308332,0.689670667468,59.999999837,59.9999991894
0.776051060217,0.348211442469,0.749732365008,0.342278526905,0.736306308332,0.689670667468,59.999999837,59.9999991894
0.776152382376,0.348543011638,0.749875059032,0.342612593114,0.736306308332,0.689670667468,59.999999837,59.9999991894
0.776253821868,0.348874253426,0.750017881209,0.342946354203,0.736306308332,0.689670667468,59.999999837,59.9999991894
0.776355378489,0.349205167521,0.750160831193,0.343279809828,0.736306308332,0.689670667468,59.999999837,59.9999991894
0.776457052034,0.349535753613,0.750303908642,0.343612959649,0.736306308332,0.689670667468,59.999999837,59.9999991894
0.776558842297,0.349866011392,0.750447113208,0.343945803324,0.736306308332,0.689670667468,59.999999837,59.9999991894
0.776660749071,0.350195940548,0.750590444546,0.344278340512,0.736306308332,0.689670667468,59.999999837,59.9999991894
0.776762772148,0.350525540774,0.750733902307,0.344610570874,0.736306308332,0.689670667468,59.999999837,59.9999991894
0.77686491132,0.350854811759,0.750877486142,0.344942494067,0.736306308332,0.689670667468,59.999999837,59.9999991894
0.776967166375,0.351183753198,0.751021195701,0.345274109756,0.736306308332,0.689670667468,59.999999837,59.9999991894
0.777069537104,0.351512364783,0.751165030629,0.345605417604,0.736306308332,0.689670667468,59.999999837,59.9999991894
0.777172023292,0.351840646208,0.751308990577,0.345936417269,0.736306308332,0.689670667468,59.999999837,59.9999991894
0.777274624727,0.352168597168,0.751453075187,0.346267108418,0.736306308332,0.689670667468,59.999999837,59.9999991894
0.777377341195,0.352496217357,0.751597284108,0.34659749071,0.736306308332,0.689670667468,59.999999837,59.9999991894
0.777480172478,0.352823506472,0.751741616981,0.346927563812,0.736306308332,0.689670667468,59.999999837,59.9999991894
0.777583118362,0.353150464208,0.751886073449,0.347257327388,0.736306308332,0.689670667468,59.999999837,59.9999991894
0.777686178627,0.353477090263,0.752030653153,0.347586781102,0.736306308332,0.689670667468,59.999999837,59.9999991894
0.777789353054,0.353803384334,0.752175355731,0.347915924623,0.736306308332,0.689670667468,59.999999837,59.9999991894
0.777892641425,0.35412934612,0.752320180825,0.348244757613,0.736306308332,0.689670667468,59.999999837,59.9999991894
0.777996043516,0.35445497532,0.752465128071,0.348573279741,0.736306308332,0.689670667468,59.999999837,59.9999991894
0.778099559107,0.354780271633,0.752610197106,0.348901490673,0.736306308332,0.689670667468,59.999999837,59.9999991894
0.778203187973,0.35510523476,0.752755387566,0.349229390078,0.736306308332,0.689670667468,59.999999837,59.9999991894
0.778306929889,0.355429864401,0.752900699082,0.349556977627,0.736306308332,0.689670667468,59.999999837,59.9999991894
0.778410784632,0.355754160258,0.753046131289,0.349884252987,0.736306308332,0.689670667468,59.999999837,59.9999991894
0.778514751972,0.356078122033,0.753191683817,0.350211215828,0.736306308332,0.689670667468,59.999999837,59.9999991894
0.778618831683,0.35640174943,0.7533373563,0.350537865819,0.736306308332,0.689670667468,59.999999837,59.9999991894
0.778723023536,0.356725042152,0.753483148364,0.350864202632,0.736306308332,0.689670667468,59.999999837,59.9999991894
0.778827327301,0.357047999903,0.753629059639,0.35119022594,0.736306308332,0.689670667468,59.999999837,59.9999991894
0.778931742745,0.357370622388,0.753775089751,0.351515935413,0.736306308332,0.689670667468,59.999999837,59.9999991894
0.779036269638,0.357692909313,0.753921238324,0.351841330727,0.736306308332,0.689670667468,59.999999837,59.9999991894
0.779140907745,0.358014860384,0.754067504987,0.352166411551,0.736306308332,0.689670667468,59.999999837,59.9999991894
0.779245656832,0.358336475308,0.754213889359,0.352491177562,0.736306308332,0.689670667468,59.999999837,59.9999991894
0.779350516664,0.358657753792,0.754360391066,0.352815628432,0.736306308332,0.689670667468,59.999999837,59.9999991894
0.779455487003,0.358978695545,0.754507009727,0.353139763838,0.736306308332,0.689670667468,59.999999837,59.9999991894
0.779560567611,0.359299300275,0.75465374496,0.353463583458,0.736306308332,0.689670667468,59.999999837,59.9999991894
0.779665758251,0.359619567693,0.754800596387,0.353787086966,0.736306308332,0.689670667468,59.999999837,59.9999991894
0.779771058681,0.359939497509,0.754947563622,0.35411027404,0.736306308332,0.689670667468,59.999999837,59.9999991894
0.77987646866,0.360259089434,0.755094646286,0.354433144354,0.736306308332,0.689670667468,59.999999837,59.9999991894
0.779981987946,0.360578343179,0.75524184399,0.354755697591,0.736306308332,0.689670667468,59.999999837,59.9999991894
0.780087616296,0.360897258457,0.75538915635,0.355077933428,0.736306308332,0.689670667468,59.999999837,59.9999991894
0.780193353464,0.361215834981,0.755536582978,0.355399851544,0.736306308332,0.689670667468,59.999999837,59.9999991894
0.780299199206,0.361534072465,0.755684123485,0.355721451621,0.736306308332,0.689670667468,59.999999837,59.9999991894
0.780405153274,0.361851970622,0.755831777484,0.356042733337,0.736306308332,0.689670667468,59.999999837,59.9999991894
0.780511215421,0.362169529169,0.755979544581,0.356363696377,0.736306308332,0.689670667468,59.999999837,59.9999991894
0.780617385397,0.362486747821,0.756127424386,0.356684340418,0.736306308332,0.689670667468,59.999999837,59.9999991894
0.780723662953,0.362803626295,0.756275416506,0.357004665145,0.736306308332,0.689670667468,59.999999837,59.9999991894
0.780830047837,0.363120164307,0.756423520544,0.357324670245,0.736306308332,0.689670667468,59.999999837,59.9999991894
0.780936539796,0.363436361577,0.756571736108,0.357644355397,0.736306308332,0.689670667468,59.999999837,59.9999991894
0.781043138577,0.363752217822,0.756720062799,0.357963720289,0.736306308332,0.689670667468,59.999999837,59.9999991894
0.781149843926,0.364067732761,0.756868500222,0.358282764601,0.736306308332,0.689670667468,59.999999837,59.9999991894
0.781256655587,0.364382906116,0.757017047975,0.358601488024,0.736306308332,0.689670667468,59.999999837,59.9999991894
0.781363573303,0.364697737606,0.757165705659,0.358919890243,0.736306308332,0.689670667468,59.999999837,59.9999991894
0.781470596815,0.365012226953,0.757314472872,0.359237970944,0.736306308332,0.689670667468,59.999999837,59.9999991894
0.781577725866,0.365326373879,0.757463349212,0.359555729818,0.736306308332,0.689670667468,59.999999837,59.9999991894
0.781684960194,0.365640178107,0.757612334276,0.359873166549,0.736306308332,0.689670667468,59.999999837,59.9999991894
0.781792299538,0.36595363936,0.757761427659,0.360190280829,0.736306308332,0.689670667468,59.999999837,59.9999991894
0.781899743636,0.366266757364,0.757910628954,0.360507072345,0.736306308332,0.689670667468,59.999999837,59.9999991894
0.782007292225,0.366579531842,0.758059937756,0.360823540789,0.736306308332,0.689670667468,59.999999837,59.9999991894
0.782114945039,0.366891962522,0.758209353652,0.361139685854,0.736306308332,0.689670667468,59.999999837,59.9999991894
0.782222701813,0.367204049128,0.758358876238,0.361455507229,0.736306308332,0.689670667468,59.999999837,59.9999991894
0.782330562279,0.367515791388,0.758508505099,0.361771004608,0.736306308332,0.689670667468,59.999999837,59.9999991894
0.782438526171,0.367827189031,0.758658239826,0.362086177681,0.736306308332,0.689670667468,59.999999837,59.9999991894
0.782546593218,0.368138241784,0.758808080006,0.362401026143,0.736306308332,0.689670667468,59.999999837,59.9999991894
0.78265476315,0.368448949377,0.758958025222,0.362715549691,0.736306308332,0.689670667468,59.999999837,59.9999991894
0.782763035696,0.36875931154,0.759108075061,0.363029748017,0.736306308332,0.689670667468,59.999999837,59.9999991894
0.782871410584,0.369069328004,0.759258229105,0.36334362082,0.736306308332,0.689670667468,59.999999837,59.9999991894
0.78297988754,0.369378998501,0.759408486938,0.363657167791,0.736306308332,0.689670667468,59.999999837,59.9999991894
0.783088466288,0.369688322762,0.75955884814,0.36397038863,0.736306308332,0.689670667468,59.999999837,59.9999991894
0.783197146554,0.369997300521,0.759709312292,0.364283283035,0.736306308332,0.689670667468,59.999999837,59.9999991894
0.783305928059,0.370305931511,0.759859878973,0.364595850702,0.736306308332,0.689670667468,59.999999837,59.9999991894
0.783414810527,0.370614215467,0.760010547758,0.364908091336,0.736306308332,0.689670667468,59.999999837,59.9999991894
0.783523793677,0.370922152123,0.760161318227,0.365220004629,0.736306308332,0.689670667468,59.999999837,59.9999991894
0.78363287723,0.371229741217,0.760312189952,0.365531590287,0.736306308332,0.689670667468,59.999999837,59.9999991894
0.783742060904,0.371536982484,0.760463162512,0.365842848004,0.736306308332,0.689670667468,59.999999837,59.9999991894
0.783851344416,0.371843875662,0.760614235476,0.366153777488,0.736306308332,0.689670667468,59.999999837,59.9999991894
0.783960727482,0.372150420489,0.760765408416,0.366464378442,0.736306308332,0.689670667468,59.999999837,59.9999991894
0.784070209818,0.372456616704,0.760916680905,0.366774650566,0.736306308332,0.689670667468,59.999999837,59.9999991894
0.784179791139,0.372762464046,0.76106805251,0.367084593567,0.736306308332,0.689670667468,59.999999837,59.9999991894
0.784289471155,0.373067962256,0.761219522802,0.367394207143,0.736306308332,0.689670667468,59.999999837,59.9999991894
0.784399249581,0.373373111076,0.761371091347,0.367703491005,0.736306308332,0.689670667468,59.999999837,59.9999991894
0.784509126126,0.373677910246,0.761522757711,0.368012444857,0.736306308332,0.689670667468,59.999999837,59.9999991894
0.784619100499,0.37398235951,0.76167452146,0.368321068404,0.736306308332,0.689670667468,59.999999837,59.9999991894
0.78472917241,0.37428645861,0.761826382156,0.368629361358,0.736306308332,0.689670667468,59.999999837,59.9999991894
0.784839341565,0.374590207292,0.761978339364,0.368937323421,0.736306308332,0.689670667468,59.999999837,59.9999991894
0.784949607672,0.374893605299,0.762130392644,0.369244954306,0.736306308332,0.689670667468,59.999999837,59.9999991894
0.785059970434,0.375196652379,0.762282541558,0.369552253718,0.736306308332,0.689670667468,59.999999837,59.9999991894
0.785170429556,0.375499348276,0.762434785665,0.369859221369,0.736306308332,0.689670667468,59.999999837,59.9999991894
0.785280984741,0.375801692738,0.76258712452,0.370165856973,0.736306308332,0.689670667468,59.999999837,59.9999991894
0.785391635691,0.376103685513,0.762739557684,0.370472160237,0.736306308332,0.689670667468,59.999999837,59.9999991894
0.785502382106,0.376405326351,0.76289208471,0.370778130877,0.736306308332,0.689670667468,59.999999837,59.9999991894
0.785613223685,0.376706614999,0.763044705155,0.3710837686,0.736306308332,0.689670667468,59.999999837,59.9999991894
0.785724160128,0.377007551209,0.763197418572,0.371389073124,0.736306308332,0.689670667468,59.999999837,59.9999991894
0.785835191132,0.377308134731,0.763350224512,0.371694044164,0.736306308332,0.689670667468,59.999999837,59.9999991894
0.785946316392,0.377608365318,0.763503122529,0.371998681431,0.736306308332,0.689670667468,59.999999837,59.9999991894
0.786057535604,0.377908242721,0.763656112169,0.372302984647,0.736306308332,0.689670667468,59.999999837,59.9999991894
0.786168848462,0.378207766694,0.763809192986,0.372606953521,0.736306308332,0.689670667468,59.999999837,59.9999991894
0.786280254658,0.378506936991,0.763962364524,0.372910587774,0.736306308332,0.689670667468,59.999999837,59.9999991894
0.786391753884,0.378805753368,0.764115626333,0.373213887122,0.736306308332,0.689670667468,59.999999837,59.9999991894
0.786503345832,0.379104215579,0.764268977957,0.373516851284,0.736306308332,0.689670667468,59.999999837,59.9999991894
0.78661503019,0.37940232338,0.76442241894,0.373819479984,0.736306308332,0.689670667468,59.999999837,59.9999991894
0.786726806647,0.37970007653,0.764575948826,0.374121772935,0.736306308332,0.689670667468,59.999999837,59.9999991894
0.78683867489,0.379997474787,0.764729567157,0.374423729863,0.736306308332,0.689670667468,59.999999837,59.9999991894
0.786950634606,0.380294517908,0.764883273476,0.374725350484,0.736306308332,0.689670667468,59.999999837,59.9999991894
0.787062685479,0.380591205653,0.765037067322,0.375026634523,0.736306308332,0.689670667468,59.999999837,59.9999991894
0.787174827193,0.380887537783,0.765190948232,0.375327581706,0.736306308332,0.689670667468,59.999999837,59.9999991894
0.787287059431,0.381183514059,0.765344915747,0.375628191752,0.736306308332,0.689670667468,59.999999837,59.9999991894
0.787399381876,0.381479134243,0.7654989694,0.37592846439,0.736306308332,0.689670667468,59.999999837,59.9999991894
0.787511794207,0.381774398097,0.76565310873,0.376228399339,0.736306308332,0.689670667468,59.999999837,59.9999991894
0.787624296105,0.382069305385,0.76580733327,0.376527996329,0.736306308332,0.689670667468,59.999999837,59.9999991894
0.787736887247,0.382363855872,0.765961642554,0.376827255085,0.736306308332,0.689670667468,59.999999837,59.9999991894
0.787849567311,0.382658049321,0.766116036114,0.377126175335,0.736306308332,0.689670667468,59.999999837,59.9999991894
0.787962335973,0.3829518855,0.76627051348,0.377424756809,0.736306308332,0.689670667468,59.999999837,59.9999991894
0.788075192909,0.383245364174,0.766425074184,0.377722999232,0.736306308332,0.689670667468,59.999999837,59.9999991894
0.788188137792,0.383538485111,0.766579717753,0.378020902337,0.736306308332,0.689670667468,59.999999837,59.9999991894
0.788301170295,0.38383124808,0.766734443717,0.378318465848,0.736306308332,0.689670667468,59.999999837,59.9999991894
0.78841429009,0.384123652849,0.766889251603,0.378615689501,0.736306308332,0.689670667468,59.999999837,59.9999991894
0.788527496848,0.384415699188,0.767044140932,0.378912573031,0.736306308332,0.689670667468,59.999999837,59.9999991894
0.788640790238,0.384707386868,0.767199111233,0.379209116165,0.736306308332,0.689670667468,59.999999837,59.9999991894
0.788754169929,0.384998715661,0.767354162027,0.37950531864,0.736306308332,0.689670667468,59.999999837,59.9999991894
0.788867635588,0.385289685338,0.767509292839,0.379801180186,0.736306308332,0.689670667468,59.999999837,59.9999991894
0.788981186882,0.385580295673,0.767664503188,0.38009670054,0.736306308332,0.689670667468,59.999999837,59.9999991894
0.789094823476,0.38587054644,0.767819792595,0.380391879437,0.736306308332,0.689670667468,59.999999837,59.9999991894
0.789208545033,0.386160437412,0.76797516058,0.380686716613,0.736306308332,0.689670667468,59.999999837,59.9999991894
0.789322351217,0.386449968367,0.768130606657,0.380981211809,0.736306308332,0.689670667468,59.999999837,59.9999991894
0.789436241691,0.386739139079,0.768286130348,0.381275364757,0.736306308332,0.689670667468,59.999999837,59.9999991894
0.789550216113,0.387027949327,0.768441731165,0.381569175199,0.736306308332,0.689670667468,59.999999837,59.9999991894
0.789664274145,0.387316398888,0.768597408626,0.38186264287,0.736306308332,0.689670667468,59.999999837,59.9999991894
0.789778415446,0.387604487541,0.768753162243,0.382155767513,0.736306308332,0.689670667468,59.999999837,59.9999991894
0.789892639671,0.387892215065,0.768908991527,0.382448548873,0.736306308332,0.689670667468,59.999999837,59.9999991894
0.790006946479,0.388179581241,0.769064895991,0.382740986686,0.736306308332,0.689670667468,59.999999837,59.9999991894
0.790121335524,0.388466585849,0.769220875144,0.383033080699,0.736306308332,0.689670667468,59.999999837,59.9999991894
0.79023580646,0.388753228674,0.769376928498,0.383324830649,0.736306308332,0.689670667468,59.999999837,59.9999991894
0.790350358942,0.389039509495,0.76953305556,0.383616236283,0.736306308332,0.689670667468,59.999999837,59.9999991894
0.79046499262,0.3893254281,0.769689255836,0.383907297347,0.736306308332,0.689670667468,59.999999837,59.9999991894
0.790579707145,0.38961098427,0.769845528834,0.384198013584,0.736306308332,0.689670667468,59.999999837,59.9999991894
0.790694502168,0.389896177794,0.770001874056,0.384488384746,0.736306308332,0.689670667468,59.999999837,59.9999991894
0.790809377337,0.390181008457,0.770158291009,0.384778410572,0.736306308332,0.689670667468,59.999999837,59.9999991894
0.790924332299,0.390465476047,0.770314779194,0.385068090815,0.736306308332,0.689670667468,59.999999837,59.9999991894
0.7910393667,0.390749580351,0.770471338115,0.385357425218,0.736306308332,0.689670667468,59.999999837,59.9999991894
0.791154480187,0.39103332116,0.770627967272,0.385646413534,0.736306308332,0.689670667468,59.999999837,59.9999991894
0.791269672403,0.391316698264,0.770784666162,0.385935055517,0.736306308332,0.689670667468,59.999999837,59.9999991894
0.791384942992,0.391599711452,0.770941434286,0.386223350913,0.736306308332,0.689670667468,59.999999837,59.9999991894
0.791500291595,0.391882360517,0.77109827114,0.386511299478,0.736306308332,0.689670667468,59.999999837,59.9999991894
0.791615717854,0.392164645251,0.771255176224,0.386798900957,0.736306308332,0.689670667468,59.999999837,59.9999991894
0.791731221408,0.392446565448,0.77141214903,0.38708615511,0.736306308332,0.689670667468,59.999999837,59.9999991894
0.791846801897,0.3927281209,0.771569189054,0.387373061687,0.736306308332,0.689670667468,59.999999837,59.9999991894
0.791962458959,0.393009311404,0.771726295789,0.387659620444,0.736306308332,0.689670667468,59.999999837,59.9999991894
0.79207819223,0.393290136754,0.771883468726,0.387945831141,0.736306308332,0.689670667468,59.999999837,59.9999991894
0.792194001346,0.393570596748,0.772040707359,0.388231693528,0.736306308332,0.689670667468,59.999999837,59.9999991894
0.792309885941,0.393850691183,0.772198011176,0.388517207367,0.736306308332,0.689670667468,59.999999837,59.9999991894
0.79242584565,0.394130419857,0.772355379668,0.388802372409,0.736306308332,0.689670667468,59.999999837,59.9999991894
0.792541880104,0.394409782568,0.772512812323,0.389087188418,0.736306308332,0.689670667468,59.999999837,59.9999991894
0.792657988935,0.394688779118,0.772670308626,0.389371655156,0.736306308332,0.689670667468,59.999999837,59.9999991894
0.792774171774,0.394967409306,0.772827868064,0.38965577238,0.736306308332,0.689670667468,59.999999837,59.9999991894
0.79289042825,0.395245672935,0.772985490122,0.389939539854,0.736306308332,0.689670667468,59.999999837,59.9999991894
0.793006757991,0.395523569806,0.773143174285,0.390222957334,0.736306308332,0.689670667468,59.999999837,59.9999991894
0.793123160624,0.395801099724,0.773300920035,0.390506024588,0.736306308332,0.689670667468,59.999999837,59.9999991894
0.793239635775,0.396078262491,0.773458726856,0.390788741377,0.736306308332,0.689670667468,59.999999837,59.9999991894
0.79335618307,0.396355057914,0.773616594227,0.391071107465,0.736306308332,0.689670667468,59.999999837,59.9999991894
0.793472802132,0.396631485798,0.773774521627,0.391353122623,0.736306308332,0.689670667468,59.999999837,59.9999991894
0.793589492585,0.396907545949,0.773932508537,0.39163478661,0.736306308332,0.689670667468,59.999999837,59.9999991894
0.79370625405,0.397183238175,0.774090554433,0.391916099198,0.736306308332,0.689670667468,59.999999837,59.9999991894
0.793823086148,0.397458562285,0.774248658794,0.392197060148,0.736306308332,0.689670667468,59.999999837,59.9999991894
0.793939988499,0.397733518088,0.774406821095,0.392477669234,0.736306308332,0.689670667468,59.999999837,59.9999991894
0.794056960722,0.398008105393,0.774565040811,0.392757926224,0.736306308332,0.689670667468,59.999999837,59.9999991894
0.794174002434,0.398282324012,0.774723317415,0.393037830887,0.736306308332,0.689670667468,59.999999837,59.9999991894
0.794291113253,0.398556173758,0.774881650379,0.393317382998,0.736306308332,0.689670667468,59.999999837,59.9999991894
0.794408292793,0.398829654441,0.775040039177,0.393596582323,0.736306308332,0.689670667468,59.999999837,59.9999991894
0.794525540669,0.399102765876,0.775198483278,0.393875428638,0.736306308332,0.689670667468,59.999999837,59.9999991894
0.794642856495,0.399375507877,0.775356982156,0.394153921711,0.736306308332,0.689670667468,59.999999837,59.9999991894
0.794760239883,0.39964788026,0.775515535275,0.394432061321,0.736306308332,0.689670667468,59.999999837,59.9999991894
0.794877690445,0.39991988284,0.775674142104,0.394709847245,0.736306308332,0.689670667468,59.999999837,59.9999991894
0.794995207791,0.400191515435,0.77583280211,0.394987279255,0.736306308332,0.689670667468,59.999999837,59.9999991894
0.795112791531,0.400462777862,0.775991514758,0.395264357132,0.736306308332,0.689670667468,59.999999837,59.9999991894
0.795230441272,0.400733669941,0.776150279516,0.395541080646,0.736306308332,0.689670667468,59.999999837,59.9999991894
0.795348156622,0.40100419149,0.776309095845,0.395817449581,0.736306308332,0.689670667468,59.999999837,59.9999991894
0.795465937187,0.40127434233,0.77646796321,0.396093463712,0.736306308332,0.689670667468,59.999999837,59.9999991894
0.795583782572,0.401544122283,0.776626881071,0.39636912282,0.736306308332,0.689670667468,59.999999837,59.9999991894
0.795701692382,0.401813531171,0.776785848889,0.396644426692,0.736306308332,0.689670667468,59.999999837,59.9999991894
0.795819666221,0.402082568816,0.776944866125,0.396919375102,0.736306308332,0.689670667468,59.999999837,59.9999991894
0.795937703688,0.402351235044,0.777103932236,0.397193967837,0.736306308332,0.689670667468,59.999999837,59.9999991894
0.796055804387,0.402619529678,0.777263046683,0.397468204675,0.736306308332,0.689670667468,59.999999837,59.9999991894
0.796173967917,0.402887452544,0.777422208922,0.397742085403,0.736306308332,0.689670667468,59.999999837,59.9999991894
0.796292193877,0.403155003469,0.777581418408,0.398015609807,0.736306308332,0.689670667468,59.999999837,59.9999991894
0.796410481864,0.403422182281,0.777740674598,0.39828877767,0.736306308332,0.689670667468,59.999999837,59.9999991894
0.796528831477,0.403688988806,0.777899976942,0.398561588784,0.736306308332,0.689670667468,59.999999837,59.9999991894
0.796647242311,0.403955422877,0.778059324898,0.39883404293,0.736306308332,0.689670667468,59.999999837,59.9999991894
0.796765713961,0.40422148432,0.778218717915,0.399106139901,0.736306308332,0.689670667468,59.999999837,59.9999991894
0.796884246021,0.40448717297,0.778378155448,0.399377879481,0.736306308332,0.689670667468,59.999999837,59.9999991894
0.797002838084,0.404752488656,0.778537636944,0.399649261462,0.736306308332,0.689670667468,59.999999837,59.9999991894
0.797121489741,0.405017431212,0.778697161853,0.399920285637,0.736306308332,0.689670667468,59.999999837,59.9999991894
0.797240200585,0.40528200047,0.778856729625,0.400190951796,0.736306308332,0.689670667468,59.999999837,59.9999991894
0.797358970204,0.405546196267,0.779016339703,0.400461259733,0.736306308332,0.689670667468,59.999999837,59.9999991894
0.797477798187,0.405810018437,0.779175991539,0.400731209239,0.736306308332,0.689670667468,59.999999837,59.9999991894
0.797596684123,0.406073466817,0.779335684575,0.40100080011,0.736306308332,0.689670667468,59.999999837,59.9999991894
0.797715627598,0.406336541243,0.779495418259,0.401270032135,0.736306308332,0.689670667468,59.999999837,59.9999991894
0.797834628198,0.406599241555,0.779655192033,0.401538905116,0.736306308332,0.689670667468,59.999999837,59.9999991894
0.797953685506,0.406861567592,0.779815005338,0.40180741885,0.736306308332,0.689670667468,59.999999837,59.9999991894
0.798072799109,0.407123519194,0.779974857618,0.402075573131,0.736306308332,0.689670667468,59.999999837,59.9999991894
0.798191968587,0.407385096203,0.780134748312,0.402343367762,0.736306308332,0.689670667468,59.999999837,59.9999991894
0.798311193523,0.407646298459,0.780294676863,0.402610802538,0.736306308332,0.689670667468,59.999999837,59.9999991894
0.798430473497,0.407907125805,0.780454642707,0.402877877261,0.736306308332,0.689670667468,59.999999837,59.9999991894
0.798549808091,0.408167578085,0.780614645286,0.403144591727,0.736306308332,0.689670667468,59.999999837,59.9999991894
0.798669196881,0.408427655144,0.780774684034,0.403410945743,0.736306308332,0.689670667468,59.999999837,59.9999991894
0.798788639448,0.408687356825,0.780934758388,0.403676939112,0.736306308332,0.689670667468,59.999999837,59.9999991894
0.798908135366,0.408946682977,0.781094867784,0.403942571635,0.736306308332,0.689670667468,59.999999837,59.9999991894
0.799027684212,0.409205633446,0.781255011655,0.40420784312,0.736306308332,0.689670667468,59.999999837,59.9999991894
0.799147285562,0.409464208079,0.781415189437,0.404472753367,0.736306308332,0.689670667468,59.999999837,59.9999991894
0.799266938988,0.409722406726,0.78157540056,0.404737302187,0.736306308332,0.689670667468,59.999999837,59.9999991894
0.799386644065,0.409980229237,0.78173564446,0.40500148938,0.736306308332,0.689670667468,59.999999837,59.9999991894
0.799506400364,0.410237675462,0.781895920566,0.405265314758,0.736306308332,0.689670667468,59.999999837,59.9999991894
0.799626207455,0.410494745253,0.782056228305,0.405528778132,0.736306308332,0.689670667468,59.999999837,59.9999991894
0.79974606491,0.410751438462,0.78221656711,0.405791879309,0.736306308332,0.689670667468,59.999999837,59.9999991894
0.799865972297,0.411007754944,0.782376936405,0.406054618103,0.736306308332,0.689670667468,59.999999837,59.9999991894
0.799985929184,0.411263694551,0.782537335621,0.406316994321,0.736306308332,0.689670667468,59.999999837,59.9999991894
0.800105935139,0.411519257141,0.782697764182,0.406579007779,0.736306308332,0.689670667468,59.999999837,59.9999991894
0.800225989727,0.411774442568,0.782858221516,0.406840658285,0.736306308332,0.689670667468,59.999999837,59.9999991894
0.800346092514,0.41202925069,0.783018707045,0.407101945658,0.736306308332,0.689670667468,59.999999837,59.9999991894
0.800466243064,0.412283681364,0.783179220194,0.407362869712,0.736306308332,0.689670667468,59.999999837,59.9999991894
0.80058644094,0.412537734452,0.783339760385,0.407623430263,0.736306308332,0.689670667468,59.999999837,59.9999991894
0.800706685704,0.41279140981,0.783500327038,0.407883627131,0.736306308332,0.689670667468,59.999999837,59.9999991894
0.800826976919,0.413044707301,0.783660919577,0.408143460128,0.736306308332,0.689670667468,59.999999837,59.9999991894
0.800947314144,0.413297626786,0.783821537421,0.408402929077,0.736306308332,0.689670667468,59.999999837,59.9999991894
0.801067696938,0.413550168128,0.783982179991,0.408662033792,0.736306308332,0.689670667468,59.999999837,59.9999991894
0.801188124861,0.413802331189,0.784142846704,0.408920774097,0.736306308332,0.689670667468,59.999999837,59.9999991894
0.80130859747,0.414054115837,0.784303536978,0.409179149812,0.736306308332,0.689670667468,59.999999837,59.9999991894
0.801429114321,0.414305521933,0.78446425023,0.409437160759,0.736306308332,0.689670667468,59.999999837,59.9999991894
0.80154967497,0.414556549347,0.784624985874,0.409694806766,0.736306308332,0.689670667468,59.999999837,59.9999991894
0.80167027897,0.414807197946,0.784785743327,0.409952087649,0.736306308332,0.689670667468,59.999999837,59.9999991894
0.801790925876,0.415057467599,0.784946522002,0.410209003239,0.736306308332,0.689670667468,59.999999837,59.9999991894
0.80191161524,0.415307358176,0.785107321315,0.410465553354,0.736306308332,0.689670667468,59.999999837,59.9999991894
0.802032346615,0.415556869544,0.785268140676,0.410721737827,0.736306308332,0.689670667468,59.999999837,59.9999991894
0.80215311955,0.415806001578,0.7854289795,0.410977556478,0.736306308332,0.689670667468,59.999999837,59.9999991894
0.802273933596,0.416054754146,0.785589837195,0.41123300914,0.736306308332,0.689670667468,59.999999837,59.9999991894
0.802394788302,0.416303127125,0.78575071317,0.411488095645,0.736306308332,0.689670667468,59.999999837,59.9999991894
0.802515683217,0.416551120384,0.785911606837,0.411742815819,0.736306308332,0.689670667468,59.999999837,59.9999991894
0.802636617887,0.416798733802,0.786072517602,0.411997169496,0.736306308332,0.689670667468,59.999999837,59.9999991894
0.802757591859,0.417045967251,0.786233444876,0.412251156501,0.736306308332,0.689670667468,59.999999837,59.9999991894
0.802878604677,0.417292820611,0.786394388062,0.412504776673,0.736306308332,0.689670667468,59.999999837,59.9999991894
0.802999655888,0.417539293756,0.786555346571,0.412758029838,0.736306308332,0.689670667468,59.999999837,59.9999991894
0.803120745033,0.417785386568,0.786716319805,0.413010915835,0.736306308332,0.689670667468,59.999999837,59.9999991894
0.803241871656,0.418031098923,0.786877307168,0.4132634345,0.736306308332,0.689670667468,59.999999837,59.9999991894
0.803363035299,0.418276430704,0.787038308065,0.413515585666,0.736306308332,0.689670667468,59.999999837,59.9999991894
0.803484235502,0.418521381789,0.787199321896,0.413767369175,0.736306308332,0.689670667468,59.999999837,59.9999991894
0.803605471804,0.418765952064,0.787360348067,0.41401878486,0.736306308332,0.689670667468,59.999999837,59.9999991894
0.803726743746,0.419010141409,0.787521385976,0.414269832562,0.736306308332,0.689670667468,59.999999837,59.9999991894
0.803848050865,0.41925394971,0.787682435027,0.414520512117,0.736306308332,0.689670667468,59.999999837,59.9999991894
0.803969392698,0.41949737685,0.787843494617,0.414770823368,0.736306308332,0.689670667468,59.999999837,59.9999991894
0.804090768782,0.419740422718,0.788004564147,0.415020766152,0.736306308332,0.689670667468,59.999999837,59.9999991894
0.804212178652,0.419983087197,0.788165643015,0.415270340315,0.736306308332,0.689670667468,59.999999837,59.9999991894
0.804333621842,0.420225370178,0.788326730614,0.415519545704,0.736306308332,0.689670667468,59.999999837,59.9999991894
0.804455097883,0.420467271552,0.788487826345,0.415768382158,0.736306308332,0.689670667468,59.999999837,59.9999991894
0.804576606311,0.420708791207,0.788648929601,0.416016849525,0.736306308332,0.689670667468,59.999999837,59.9999991894
0.804698146655,0.420949929036,0.788810039779,0.416264947646,0.736306308332,0.689670667468,59.999999837,59.9999991894
0.804819718447,0.421190684928,0.788971156272,0.416512676372,0.736306308332,0.689670667468,59.999999837,59.9999991894
0.804941321217,0.421431058779,0.789132278477,0.416760035545,0.736306308332,0.689670667468,59.999999837,59.9999991894
0.805062954494,0.421671050478,0.789293405782,0.417007025018,0.736306308332,0.689670667468,59.999999837,59.9999991894
0.805184617806,0.421910659923,0.789454537584,0.417253644636,0.736306308332,0.689670667468,59.999999837,59.9999991894
0.805306310681,0.422149887007,0.789615673271,0.417499894253,0.736306308332,0.689670667468,59.999999837,59.9999991894
0.805428032644,0.42238873163,0.789776812231,0.417745773722,0.736306308332,0.689670667468,59.999999837,59.9999991894
0.805549783223,0.422627193684,0.789937953859,0.417991282891,0.736306308332,0.689670667468,59.999999837,59.9999991894
0.80567156194,0.422865273072,0.790099097539,0.418236421616,0.736306308332,0.689670667468,59.999999837,59.9999991894
0.805793368322,0.42310296969,0.790260242664,0.418481189747,0.736306308332,0.689670667468,59.999999837,59.9999991894
0.805915201889,0.423340283441,0.790421388618,0.418725587142,0.736306308332,0.689670667468,59.999999837,59.9999991894
0.806037062166,0.423577214223,0.790582534791,0.418969613652,0.736306308332,0.689670667468,59.999999837,59.9999991894
0.806158948671,0.423813761941,0.790743680568,0.419213269136,0.736306308332,0.689670667468,59.999999837,59.9999991894
0.806280860928,0.424049926496,0.790904825335,0.41945655345,0.736306308332,0.689670667468,59.999999837,59.9999991894
0.806402798454,0.424285707793,0.791065968475,0.419699466453,0.736306308332,0.689670667468,59.999999837,59.9999991894
0.806524760768,0.424521105737,0.791227109371,0.419942008008,0.736306308332,0.689670667468,59.999999837,59.9999991894
0.806646747388,0.424756120235,0.791388247408,0.420184177972,0.736306308332,0.689670667468,59.999999837,59.9999991894
0.806768757829,0.424990751198,0.791549381967,0.420425976207,0.736306308332,0.689670667468,59.999999837,59.9999991894
0.806890791608,0.425224998529,0.791710512432,0.420667402572,0.736306308332,0.689670667468,59.999999837,59.9999991894
0.80701284824,0.425458862142,0.791871638183,0.420908456934,0.736306308332,0.689670667468,59.999999837,59.9999991894
0.80713492724,0.425692341942,0.792032758601,0.42114913915,0.736306308332,0.689670667468,59.999999837,59.9999991894
0.80725702812,0.425925437843,0.792193873066,0.42138944909,0.736306308332,0.689670667468,59.999999837,59.9999991894
0.807379150396,0.426158149755,0.792354980957,0.421629386614,0.736306308332,0.689670667468,59.999999837,59.9999991894
0.807501293576,0.426390477592,0.792516081652,0.421868951592,0.736306308332,0.689670667468,59.999999837,59.9999991894
0.807623457175,0.426622421266,0.792677174527,0.422108143895,0.736306308332,0.689670667468,59.999999837,59.9999991894
0.807745640701,0.426853980693,0.792838258961,0.422346963387,0.736306308332,0.689670667468,59.999999837,59.9999991894
0.807867843664,0.427085155787,0.792999334327,0.42258540994,0.736306308332,0.689670667468,59.999999837,59.9999991894
0.807990065572,0.427315946467,0.793160400004,0.422823483421,0.736306308332,0.689670667468,59.999999837,59.9999991894
0.808112305935,0.427546352647,0.793321455365,0.423061183703,0.736306308332,0.689670667468,59.999999837,59.9999991894
0.808234564257,0.427776374249,0.793482499787,0.423298510654,0.736306308332,0.689670667468,59.999999837,59.9999991894
0.808356840048,0.428006011189,0.793643532641,0.42353546415,0.736306308332,0.689670667468,59.999999837,59.9999991894
0.808479132809,0.428235263391,0.793804553302,0.423772044061,0.736306308332,0.689670667468,59.999999837,59.9999991894
0.808601442044,0.42846413078,0.793965561141,0.424008250265,0.736306308332,0.689670667468,59.999999837,59.9999991894
0.808723767259,0.428692613274,0.79412655553,0.424244082635,0.736306308332,0.689670667468,59.999999837,59.9999991894
0.808846107954,0.428920710802,0.79428753584,0.424479541049,0.736306308332,0.689670667468,59.999999837,59.9999991894
0.808968463634,0.429148423283,0.794448501438,0.424714625387,0.736306308332,0.689670667468,59.999999837,59.9999991894
0.809090833797,0.429375750646,0.794609451698,0.424949335524,0.736306308332,0.689670667468,59.999999837,59.9999991894
0.809213217947,0.429602692815,0.794770385986,0.425183671342,0.736306308332,0.689670667468,59.999999837,59.9999991894
0.809335615582,0.429829249719,0.794931303673,0.425417632717,0.736306308332,0.689670667468,59.999999837,59.9999991894
0.809458026201,0.430055421283,0.795092204124,0.425651219533,0.736306308332,0.689670667468,59.999999837,59.9999991894
0.809580449302,0.430281207441,0.795253086709,0.425884431668,0.736306308332,0.689670667468,59.999999837,59.9999991894
0.809702884384,0.430506608118,0.795413950792,0.426117269009,0.736306308332,0.689670667468,59.999999837,59.9999991894
0.809825330942,0.43073162325,0.795574795742,0.426349731434,0.736306308332,0.689670667468,59.999999837,59.9999991894
0.809947788473,0.430956252764,0.795735620922,0.426581818832,0.736306308332,0.689670667468,59.999999837,59.9999991894
0.81007025647,0.431180496597,0.795896425697,0.426813531087,0.736306308332,0.689670667468,59.999999837,59.9999991894
0.810192734427,0.431404354685,0.796057209431,0.427044868086,0.736306308332,0.689670667468,59.999999837,59.9999991894
0.810315221838,0.431627826962,0.796217971486,0.427275829719,0.736306308332,0.689670667468,59.999999837,59.9999991894
0.810437718193,0.431850913369,0.796378711225,0.427506415872,0.736306308332,0.689670667468,59.999999837,59.9999991894
0.810560222988,0.432073613837,0.796539428011,0.427736626437,0.736306308332,0.689670667468,59.999999837,59.9999991894
0.810682735709,0.43229592831,0.796700121205,0.427966461299,0.736306308332,0.689670667468,59.999999837,59.9999991894
0.810805255851,0.432517856721,0.796860790168,0.428195920354,0.736306308332,0.689670667468,59.999999837,59.9999991894
0.8109277829,0.432739399015,0.797021434262,0.428425003489,0.736306308332,0.689670667468,59.999999837,59.9999991894
0.811050316349,0.432960555129,0.797182052845,0.428653710601,0.736306308332,0.689670667468,59.999999837,59.9999991894
0.811172855682,0.433181325009,0.797342645277,0.428882041579,0.736306308332,0.689670667468,59.999999837,59.9999991894
0.811295400389,0.433401708593,0.797503210917,0.429109996322,0.736306308332,0.689670667468,59.999999837,59.9999991894
0.811417949955,0.433621705829,0.797663749123,0.429337574722,0.736306308332,0.689670667468,59.999999837,59.9999991894
0.811540503869,0.433841316658,0.797824259252,0.429564776677,0.736306308332,0.689670667468,59.999999837,59.9999991894
0.811663061612,0.43406054103,0.797984740661,0.429791602087,0.736306308332,0.689670667468,59.999999837,59.9999991894
0.811785622667,0.434279378897,0.798145192705,0.430018050849,0.736306308332,0.689670667468,59.999999837,59.9999991894
0.81190818652,0.434497830203,0.798305614739,0.430244122865,0.736306308332,0.689670667468,59.999999837,59.9999991894
0.812030752651,0.4347158949,0.798466006121,0.430469818032,0.736306308332,0.689670667468,59.999999837,59.9999991894
0.812153320545,0.434933572933,0.798626366203,0.430695136254,0.736306308332,0.689670667468,59.999999837,59.9999991894
0.812275889681,0.435150864259,0.798786694341,0.43092007743,0.736306308332,0.689670667468,59.999999837,59.9999991894
0.812398459543,0.435367768824,0.798946989887,0.431144641465,0.736306308332,0.689670667468,59.999999837,59.9999991894
0.812521029607,0.435584286586,0.799107252195,0.431368828262,0.736306308332,0.689670667468,59.999999837,59.9999991894
0.812643599356,0.435800417493,0.799267480617,0.431592637726,0.736306308332,0.689670667468,59.999999837,59.9999991894
0.812766168265,0.436016161506,0.799427674506,0.431816069762,0.736306308332,0.689670667468,59.999999837,59.9999991894
0.812888735816,0.436231518573,0.799587833213,0.432039124278,0.736306308332,0.689670667468,59.999999837,59.9999991894
0.813011301483,0.436446488659,0.799747956088,0.43226180118,0.736306308332,0.689670667468,59.999999837,59.9999991894
0.813133864739,0.436661071724,0.799908042482,0.432484100378,0.736306308332,0.689670667468,59.999999837,59.9999991894
0.813256425064,0.436875267724,0.800068091745,0.43270602178,0.736306308332,0.689670667468,59.999999837,59.9999991894
0.813378981928,0.437089076623,0.800228103225,0.432927565298,0.736306308332,0.689670667468,59.999999837,59.9999991894
0.81350153481,0.437302498376,0.800388076271,0.433148730847,0.736306308332,0.689670667468,59.999999837,59.9999991894
0.81362408318,0.437515532951,0.80054801023,0.433369518336,0.736306308332,0.689670667468,59.999999837,59.9999991894
0.813746626514,0.437728180304,0.80070790445,0.43358992768,0.736306308332,0.689670667468,59.999999837,59.9999991894
0.813869164281,0.437940440406,0.800867758279,0.433809958792,0.736306308332,0.689670667468,59.999999837,59.9999991894
0.813991695956,0.438152313214,0.801027571063,0.434029611589,0.736306308332,0.689670667468,59.999999837,59.9999991894
0.814114221008,0.4383637987,0.801187342149,0.434248885984,0.736306308332,0.689670667468,59.999999837,59.9999991894
0.814236738907,0.438574896829,0.801347070882,0.434467781897,0.736306308332,0.689670667468,59.999999837,59.9999991894
0.814359249121,0.438785607569,0.801506756608,0.434686299243,0.736306308332,0.689670667468,59.999999837,59.9999991894
0.814481751117,0.438995930897,0.80166639867,0.434904437944,0.736306308332,0.689670667468,59.999999837,59.9999991894
0.814604244365,0.439205866776,0.801825996414,0.435122197917,0.736306308332,0.689670667468,59.999999837,59.9999991894
0.814726728331,0.439415415182,0.801985549183,0.435339579084,0.736306308332,0.689670667468,59.999999837,59.9999991894
0.814849202483,0.439624576081,0.802145056321,0.435556581366,0.736306308332,0.689670667468,59.999999837,59.9999991894
0.814971666286,0.439833349452,0.802304517169,0.435773204687,0.736306308332,0.689670667468,59.999999837,59.9999991894
0.815094119207,0.440041735262,0.802463931072,0.435989448968,0.736306308332,0.689670667468,59.999999837,59.9999991894
0.815216560709,0.440249733492,0.802623297369,0.436205314137,0.736306308332,0.689670667468,59.999999837,59.9999991894
0.815338990259,0.440457344111,0.802782615404,0.436420800116,0.736306308332,0.689670667468,59.999999837,59.9999991894
0.815461407317,0.440664567102,0.802941884515,0.436635906834,0.736306308332,0.689670667468,59.999999837,59.9999991894
0.815583811343,0.440871402448,0.803101104044,0.436850634219,0.736306308332,0.689670667468,59.999999837,59.9999991894
0.815706201803,0.441077850123,0.80326027333,0.437064982199,0.736306308332,0.689670667468,59.999999837,59.9999991894
0.815828578154,0.441283910113,0.803419391712,0.437278950705,0.736306308332,0.689670667468,59.999999837,59.9999991894
0.815950939861,0.441489582391,0.80357845853,0.437492539664,0.736306308332,0.689670667468,59.999999837,59.9999991894
0.816073286381,0.441694866946,0.803737473122,0.43770574901,0.736306308332,0.689670667468,59.999999837,59.9999991894
0.816195617178,0.441899763753,0.803896434827,0.437918578674,0.736306308332,0.689670667468,59.999999837,59.9999991894
0.816317931706,0.442104272803,0.804055342981,0.438131028589,0.736306308332,0.689670667468,59.999999837,59.9999991894
0.816440229428,0.442308394074,0.804214196924,0.438343098688,0.736306308332,0.689670667468,59.999999837,59.9999991894
0.816562509798,0.442512127558,0.804372995991,0.438554788908,0.736306308332,0.689670667468,59.999999837,59.9999991894
0.81668477227,0.442715473249,0.804531739519,0.438766099183,0.736306308332,0.689670667468,59.999999837,59.9999991894
0.816807016304,0.442918431127,0.804690426844,0.438977029451,0.736306308332,0.689670667468,59.999999837,59.9999991894
0.816929241352,0.443121001188,0.804849057302,0.439187579648,0.736306308332,0.689670667468,59.999999837,59.9999991894
0.817051446873,0.443323183415,0.805007630227,0.439397749715,0.736306308332,0.689670667468,59.999999837,59.9999991894
0.817173632319,0.443524977805,0.805166144956,0.43960753959,0.736306308332,0.689670667468,59.999999837,59.9999991894
0.817295797146,0.443726384342,0.805324600821,0.439816949214,0.736306308332,0.689670667468,59.999999837,59.9999991894
0.817417940806,0.443927403028,0.805482997158,0.440025978528,0.736306308332,0.689670667468,59.999999837,59.9999991894
0.817540062753,0.444128033851,0.805641333299,0.440234627475,0.736306308332,0.689670667468,59.999999837,59.9999991894
0.817662162437,0.44432827681,0.805799608579,0.440442895999,0.736306308332,0.689670667468,59.999999837,59.9999991894
0.817784239306,0.444528131908,0.805957822329,0.440650784043,0.736306308332,0.689670667468,59.999999837,59.9999991894
0.817906292816,0.444727599134,0.806115973883,0.440858291554,0.736306308332,0.689670667468,59.999999837,59.9999991894
0.818028322412,0.444926678494,0.806274062572,0.441065418477,0.736306308332,0.689670667468,59.999999837,59.9999991894
0.818150327549,0.445125369978,0.806432087729,0.441272164759,0.736306308332,0.689670667468,59.999999837,59.9999991894
0.818272307673,0.445323673594,0.806590048683,0.441478530349,0.736306308332,0.689670667468,59.999999837,59.9999991894
0.818394262236,0.445521589335,0.806747944766,0.441684515196,0.736306308332,0.689670667468,59.999999837,59.9999991894
0.818516190683,0.44571911721,0.80690577531,0.441890119251,0.736306308332,0.689670667468,59.999999837,59.9999991894
0.818638092458,0.445916257226,0.807063539643,0.442095342463,0.736306308332,0.689670667468,59.999999837,59.9999991894
0.818759967012,0.446113009382,0.807221237096,0.442300184785,0.736306308332,0.689670667468,59.999999837,59.9999991894
0.818881813787,0.446309373692,0.807378866998,0.442504646171,0.736306308332,0.689670667468,59.999999837,59.9999991894
0.819003632232,0.446505350153,0.807536428678,0.442708726574,0.736306308332,0.689670667468,59.999999837,59.9999991894
0.81912542179,0.446700938779,0.807693921465,0.44291242595,0.736306308332,0.689670667468,59.999999837,59.9999991894
0.81924718191,0.446896139571,0.807851344686,0.443115744254,0.736306308332,0.689670667468,59.999999837,59.9999991894
0.819368912031,0.447090952544,0.808008697671,0.443318681444,0.736306308332,0.689670667468,59.999999837,59.9999991894
0.819490611597,0.44728537771,0.808165979747,0.443521237476,0.736306308332,0.689670667468,59.999999837,59.9999991894
0.819612280052,0.447479415078,0.808323190241,0.44372341231,0.736306308332,0.689670667468,59.999999837,59.9999991894
0.819733916834,0.447673064669,0.80848032848,0.443925205905,0.736306308332,0.689670667468,59.999999837,59.9999991894
0.819855521389,0.447866326488,0.808637393791,0.444126618221,0.736306308332,0.689670667468,59.999999837,59.9999991894
0.819977093155,0.448059200555,0.808794385502,0.444327649221,0.736306308332,0.689670667468,59.999999837,59.9999991894
0.820098631578,0.448251686879,0.808951302936,0.444528298866,0.736306308332,0.689670667468,59.999999837,59.9999991894
0.820220136093,0.448443785482,0.809108145422,0.44472856712,0.736306308332,0.689670667468,59.999999837,59.9999991894
0.820341606142,0.44863549638,0.809264912283,0.444928453947,0.736306308332,0.689670667468,59.999999837,59.9999991894
0.820463041163,0.448826819593,0.809421602846,0.445127959313,0.736306308332,0.689670667468,59.999999837,59.9999991894
0.82058444059,0.449017755149,0.809578216435,0.445327083183,0.736306308332,0.689670667468,59.999999837,59.9999991894
0.820705803867,0.449208303057,0.809734752374,0.445525825526,0.736306308332,0.689670667468,59.999999837,59.9999991894
0.820827130427,0.449398463349,0.809891209989,0.445724186309,0.736306308332,0.689670667468,59.999999837,59.9999991894
0.820948419712,0.449588236037,0.810047588603,0.445922165501,0.736306308332,0.689670667468,59.999999837,59.9999991894
0.821069671154,0.449777621153,0.810203887539,0.446119763072,0.736306308332,0.689670667468,59.999999837,59.9999991894
0.821190884192,0.449966618719,0.810360106121,0.446316978994,0.736306308332,0.689670667468,59.999999837,59.9999991894
0.821312058259,0.450155228762,0.810516243673,0.446513813238,0.736306308332,0.689670667468,59.999999837,59.9999991894
0.821433192786,0.450343451318,0.810672299517,0.446710265778,0.736306308332,0.689670667468,59.999999837,59.9999991894
0.821554287214,0.450531286403,0.810828272976,0.446906336587,0.736306308332,0.689670667468,59.999999837,59.9999991894
0.821675340972,0.450718734055,0.810984163372,0.44710202564,0.736306308332,0.689670667468,59.999999837,59.9999991894
0.821796353499,0.450905794294,0.811139970028,0.447297332913,0.736306308332,0.689670667468,59.999999837,59.9999991894
0.821917324223,0.451092467159,0.811295692264,0.447492258383,0.736306308332,0.689670667468,59.999999837,59.9999991894
0.822038252577,0.451278752683,0.811451329403,0.447686802027,0.736306308332,0.689670667468,59.999999837,59.9999991894
0.822159137994,0.451464650896,0.811606880766,0.447880963825,0.736306308332,0.689670667468,59.999999837,59.9999991894
0.8222799799,0.451650161842,0.811762345673,0.448074743754,0.736306308332,0.689670667468,59.999999837,59.9999991894
0.822400777734,0.451835285543,0.811917723447,0.448268141798,0.736306308332,0.689670667468,59.999999837,59.9999991894
0.82252153092,0.452020022046,0.812073013407,0.448461157936,0.736306308332,0.689670667468,59.999999837,59.9999991894
0.822642238896,0.452204371376,0.812228214873,0.448653792152,0.736306308332,0.689670667468,59.999999837,59.9999991894
0.822762901085,0.45238833358,0.812383327167,0.448846044428,0.736306308332,0.689670667468,59.999999837,59.9999991894
0.822883516914,0.452571908705,0.812538349607,0.44903791475,0.736306308332,0.689670667468,59.999999837,59.9999991894
0.823004085816,0.452755096781,0.812693281513,0.449229403102,0.736306308332,0.689670667468,59.999999837,59.9999991894
0.823124607214,0.45293789786,0.812848122206,0.449420509471,0.736306308332,0.689670667468,59.999999837,59.9999991894
0.823245080543,0.45312031197,0.813002871003,0.449611233845,0.736306308332,0.689670667468,59.999999837,59.9999991894
0.823365505224,0.453302339166,0.813157527224,0.449801576211,0.736306308332,0.689670667468,59.999999837,59.9999991894
0.823485880689,0.453483979487,0.813312090188,0.449991536558,0.736306308332,0.689670667468,59.999999837,59.9999991894
0.823606206361,0.45366523298,0.813466559213,0.450181114877,0.736306308332,0.689670667468,59.999999837,59.9999991894
0.823726481662,0.453846099701,0.813620933618,0.450370311159,0.736306308332,0.689670667468,59.999999837,59.9999991894
0.823846706024,0.454026579686,0.813775212721,0.450559125397,0.736306308332,0.689670667468,59.999999837,59.9999991894
0.823966878867,0.454206672992,0.81392939584,0.450747557582,0.736306308332,0.689670667468,59.999999837,59.9999991894
0.824086999623,0.454386379657,0.814083482293,0.450935607709,0.736306308332,0.689670667468,59.999999837,59.9999991894
0.82420706771,0.454565699742,0.814237471396,0.451123275774,0.736306308332,0.689670667468,59.999999837,59.9999991894
0.82432708255,0.454744633303,0.814391362468,0.451310561773,0.736306308332,0.689670667468,59.999999837,59.9999991894
0.82444704357,0.454923180385,0.814545154825,0.451497465703,0.736306308332,0.689670667468,59.999999837,59.9999991894
0.824566950188,0.455101341051,0.814698847785,0.451683987561,0.736306308332,0.689670667468,59.999999837,59.9999991894
0.824686801835,0.455279115342,0.814852440664,0.451870127347,0.736306308332,0.689670667468,59.999999837,59.9999991894
0.824806597926,0.455456503325,0.815005932779,0.452055885059,0.736306308332,0.689670667468,59.999999837,59.9999991894
0.824926337886,0.455633505054,0.815159323447,0.452241260701,0.736306308332,0.689670667468,59.999999837,59.9999991894
0.825046021135,0.455810120586,0.815312611984,0.452426254271,0.736306308332,0.689670667468,59.999999837,59.9999991894
0.82516564709,0.455986349989,0.815465797706,0.452610865774,0.736306308332,0.689670667468,59.999999837,59.9999991894
0.825285215179,0.456162193311,0.81561887993,0.452795095212,0.736306308332,0.689670667468,59.999999837,59.9999991894
0.825404724815,0.456337650622,0.815771857971,0.452978942591,0.736306308332,0.689670667468,59.999999837,59.9999991894
0.825524175424,0.456512721976,0.815924731146,0.453162407915,0.736306308332,0.689670667468,59.999999837,59.9999991894
0.825643566423,0.45668740744,0.816077498769,0.453345491192,0.736306308332,0.689670667468,59.999999837,59.9999991894
0.825762897225,0.45686170709,0.816230160158,0.453528192428,0.736306308332,0.689670667468,59.999999837,59.9999991894
0.825882167255,0.457035620976,0.816382714625,0.453710511633,0.736306308332,0.689670667468,59.999999837,59.9999991894
0.826001375928,0.457209149176,0.816535161489,0.453892448814,0.736306308332,0.689670667468,59.999999837,59.9999991894
0.826120522667,0.457382291742,0.816687500063,0.454074003983,0.736306308332,0.689670667468,59.999999837,59.9999991894
0.826239606886,0.457555048753,0.816839729662,0.454255177151,0.736306308332,0.689670667468,59.999999837,59.9999991894
0.826358627996,0.457727420287,0.816991849602,0.45443596833,0.736306308332,0.689670667468,59.999999837,59.9999991894
0.826477585421,0.457899406403,0.817143859197,0.454616377532,0.736306308332,0.689670667468,59.999999837,59.9999991894
0.826596478572,0.458071007181,0.817295757762,0.454796404773,0.736306308332,0.689670667468,59.999999837,59.9999991894
0.826715306873,0.458242222679,0.817447544612,0.454976050066,0.736306308332,0.689670667468,59.999999837,59.9999991894
0.826834069735,0.458413052982,0.817599219061,0.45515531343,0.736306308332,0.689670667468,59.999999837,59.9999991894
0.826952766568,0.45858349817,0.817750780424,0.455334194878,0.736306308332,0.689670667468,59.999999837,59.9999991894
0.827071396794,0.458753558308,0.817902228015,0.455512694431,0.736306308332,0.689670667468,59.999999837,59.9999991894
0.827189959821,0.458923233484,0.818053561148,0.455690812107,0.736306308332,0.689670667468,59.999999837,59.9999991894
0.827308455073,0.45909252376,0.818204779137,0.455868547927,0.736306308332,0.689670667468,59.999999837,59.9999991894
0.827426881958,0.459261429226,0.818355881294,0.456045901915,0.736306308332,0.689670667468,59.999999837,59.9999991894
0.827545239885,0.459429949966,0.818506866934,0.456222874089,0.736306308332,0.689670667468,59.999999837,59.9999991894
0.827663528274,0.459598086051,0.818657735371,0.456399464475,0.736306308332,0.689670667468,59.999999837,59.9999991894
0.827781746533,0.459765837575,0.81880848592,0.456575673094,0.736306308332,0.689670667468,59.999999837,59.9999991894
0.827899894081,0.459933204605,0.818959117892,0.456751499973,0.736306308332,0.689670667468,59.999999837,59.9999991894
0.828017970326,0.460100187234,0.819109630604,0.456926945136,0.736306308332,0.689670667468,59.999999837,59.9999991894
0.828135974676,0.460266785555,0.819260023367,0.457102008611,0.736306308332,0.689670667468,59.999999837,59.9999991894
0.82825390655,0.460432999642,0.819410295496,0.457276690423,0.736306308332,0.689670667468,59.999999837,59.9999991894
0.828371765352,0.460598829593,0.819560446304,0.457450990604,0.736306308332,0.689670667468,59.999999837,59.9999991894
0.828489550502,0.460764275481,0.819710475105,0.45762490918,0.736306308332,0.689670667468,59.999999837,59.9999991894
0.828607261405,0.460929337406,0.819860381212,0.457798446185,0.736306308332,0.689670667468,59.999999837,59.9999991894
0.828724897467,0.461094015465,0.82001016394,0.457971601645,0.736306308332,0.689670667468,59.999999837,59.9999991894
0.828842458106,0.461258309737,0.8201598226,0.458144375598,0.736306308332,0.689670667468,59.999999837,59.9999991894
0.828959942725,0.461422220325,0.820309356507,0.458316768073,0.736306308332,0.689670667468,59.999999837,59.9999991894
0.829077350743,0.461585747307,0.820458764974,0.458488779107,0.736306308332,0.689670667468,59.999999837,59.9999991894
0.829194681564,0.461748890787,0.820608047312,0.458660408739,0.736306308332,0.689670667468,59.999999837,59.9999991894
0.829311934589,0.461911650873,0.820757202836,0.458831657001,0.736306308332,0.689670667468,59.999999837,59.9999991894
0.829429109238,0.462074027644,0.820906230857,0.459002523934,0.736306308332,0.689670667468,59.999999837,59.9999991894
0.829546204912,0.462236021209,0.82105513069,0.459173009574,0.736306308332,0.689670667468,59.999999837,59.9999991894
0.829663221026,0.462397631654,0.821203901648,0.459343113961,0.736306308332,0.689670667468,59.999999837,59.9999991894
0.829780156985,0.462558859085,0.821352543044,0.459512837133,0.736306308332,0.689670667468,59.999999837,59.9999991894
0.829897012189,0.462719703616,0.821501054191,0.459682179134,0.736306308332,0.689670667468,59.999999837,59.9999991894
0.830013786056,0.462880165329,0.821649434405,0.459851140002,0.736306308332,0.689670667468,59.999999837,59.9999991894
0.830130477987,0.463040244339,0.821797682995,0.460019719784,0.736306308332,0.689670667468,59.999999837,59.9999991894
0.830247087392,0.463199940744,0.821945799279,0.460187918519,0.736306308332,0.689670667468,59.999999837,59.9999991894
0.830363613678,0.463359254649,0.822093782566,0.460355736256,0.736306308332,0.689670667468,59.999999837,59.9999991894
0.830480056243,0.463518186171,0.822241632172,0.460523173038,0.736306308332,0.689670667468,59.999999837,59.9999991894
0.830596414506,0.463676735399,0.82238934741,0.460690228915,0.736306308332,0.689670667468,59.999999837,59.9999991894
0.830712687864,0.463834902453,0.822536927589,0.460856903937,0.736306308332,0.689670667468,59.999999837,59.9999991894
0.830828875723,0.463992687444,0.822684372026,0.461023198149,0.736306308332,0.689670667468,59.999999837,59.9999991894
0.830944977493,0.464150090473,0.822831680032,0.461189111606,0.736306308332,0.689670667468,59.999999837,59.9999991894
0.831060992572,0.464307111664,0.822978850923,0.461354644352,0.736306308332,0.689670667468,59.999999837,59.9999991894
0.831176920375,0.46446375111,0.82312588401,0.461519796444,0.736306308332,0.689670667468,59.999999837,59.9999991894
0.831292760301,0.464620008936,0.82327277861,0.461684567929,0.736306308332,0.689670667468,59.999999837,59.9999991894
0.831408511748,0.464775885268,0.823419534034,0.461848958866,0.736306308332,0.689670667468,59.999999837,59.9999991894
0.83152417413,0.464931380203,0.823566149598,0.462012969302,0.736306308332,0.689670667468,59.999999837,59.9999991894
0.831639746844,0.465086493868,0.823712624613,0.4621765993,0.736306308332,0.689670667468,59.999999837,59.9999991894
0.8317552293,0.465241226375,0.823858958394,0.462339848913,0.736306308332,0.689670667468,59.999999837,59.9999991894
0.831870620899,0.465395577842,0.824005150255,0.462502718199,0.736306308332,0.689670667468,59.999999837,59.9999991894
0.83198592104,0.465549548399,0.824151199506,0.462665207223,0.736306308332,0.689670667468,59.999999837,59.9999991894
0.832101129136,0.465703138149,0.824297105464,0.462827316036,0.736306308332,0.689670667468,59.999999837,59.9999991894
0.832216244583,0.465856347225,0.824442867442,0.462989044704,0.736306308332,0.689670667468,59.999999837,59.9999991894
0.832331266781,0.466009175755,0.824588484757,0.463150393284,0.736306308332,0.689670667468,59.999999837,59.9999991894
0.83244619514,0.46616162385,0.824733956719,0.463311361841,0.736306308332,0.689670667468,59.999999837,59.9999991894
0.832561029055,0.466313691647,0.824879282647,0.463471950433,0.736306308332,0.689670667468,59.999999837,59.9999991894
0.832675767937,0.466465379259,0.825024461851,0.463632159129,0.736306308332,0.689670667468,59.999999837,59.9999991894
0.832790411183,0.466616686818,0.825169493649,0.463791987992,0.736306308332,0.689670667468,59.999999837,59.9999991894
0.83290495819,0.466767614464,0.825314377353,0.463951437089,0.736306308332,0.689670667468,59.999999837,59.9999991894
0.833019408371,0.466918162304,0.825459112276,0.464110506493,0.736306308332,0.689670667468,59.999999837,59.9999991894
0.83313376112,0.467068330482,0.825603697735,0.464269196264,0.736306308332,0.689670667468,59.999999837,59.9999991894
0.833248015837,0.467218119133,0.825748133044,0.464427506478,0.736306308332,0.689670667468,59.999999837,59.9999991894
0.833362171929,0.467367528376,0.825892417519,0.464585437197,0.736306308332,0.689670667468,59.999999837,59.9999991894
0.83347622879,0.467516558357,0.826036550474,0.464742988498,0.736306308332,0.689670667468,59.999999837,59.9999991894
0.833590185829,0.467665209198,0.826180531228,0.464900160446,0.736306308332,0.689670667468,59.999999837,59.9999991894
0.833704042444,0.467813481038,0.826324359092,0.465056953119,0.736306308332,0.689670667468,59.999999837,59.9999991894
0.833817798029,0.467961374026,0.826468033382,0.465213366592,0.736306308332,0.689670667468,59.999999837,59.9999991894
0.833931451996,0.468108888277,0.826611553414,0.465369400938,0.736306308332,0.689670667468,59.999999837,59.9999991894
0.834045003738,0.468256023942,0.826754918501,0.465525056237,0.736306308332,0.689670667468,59.999999837,59.9999991894
0.834158452652,0.468402781169,0.826898127964,0.465680332558,0.736306308332,0.689670667468,59.999999837,59.9999991894
0.834271798146,0.46854916008,0.827041181115,0.465835229986,0.736306308332,0.689670667468,59.999999837,59.9999991894
0.834385039614,0.468695160831,0.827184077273,0.465989748592,0.736306308332,0.689670667468,59.999999837,59.9999991894
0.834498176459,0.468840783558,0.827326815753,0.46614388846,0.736306308332,0.689670667468,59.999999837,59.9999991894
0.834611208082,0.4689860284,0.827469395873,0.466297649669,0.736306308332,0.689670667468,59.999999837,59.9999991894
0.834724133875,0.469130895516,0.827611816947,0.4664510323,0.736306308332,0.689670667468,59.999999837,59.9999991894
0.83483695325,0.469275385032,0.82775407829,0.466604036444,0.736306308332,0.689670667468,59.999999837,59.9999991894
0.8349496656,0.469419497103,0.827896179224,0.466756662174,0.736306308332,0.689670667468,59.999999837,59.9999991894
0.835062270315,0.469563231893,0.828038119061,0.466908909582,0.736306308332,0.689670667468,59.999999837,59.9999991894
0.835174766809,0.469706589525,0.828179897124,0.467060778744,0.736306308332,0.689670667468,59.999999837,59.9999991894
0.835287154474,0.469849570164,0.828321512727,0.467212269754,0.736306308332,0.689670667468,59.999999837,59.9999991894
0.835399432705,0.469992173962,0.828462965188,0.467363382694,0.736306308332,0.689670667468,59.999999837,59.9999991894
0.83551160091,0.470134401059,0.828604253826,0.467514117655,0.736306308332,0.689670667468,59.999999837,59.9999991894
0.835623658479,0.470276251622,0.828745377955,0.467664474733,0.736306308332,0.689670667468,59.999999837,59.9999991894
0.835735604817,0.470417725794,0.828886336897,0.467814454007,0.736306308332,0.689670667468,59.999999837,59.9999991894
0.835847439322,0.47055882373,0.829027129968,0.467964055578,0.736306308332,0.689670667468,59.999999837,59.9999991894
0.835959161385,0.4706995456,0.829167756491,0.468113279526,0.736306308332,0.689670667468,59.999999837,59.9999991894
0.836070770417,0.470839891539,0.82930821578,0.468262125953,0.736306308332,0.689670667468,59.999999837,59.9999991894
0.83618226581,0.470979861717,0.829448507157,0.468410594951,0.736306308332,0.689670667468,59.999999837,59.9999991894
0.836293646955,0.471119456305,0.82958862994,0.468558686613,0.736306308332,0.689670667468,59.999999837,59.9999991894
0.836404913263,0.471258675438,0.829728583445,0.468706401043,0.736306308332,0.689670667468,59.999999837,59.9999991894
0.836516064126,0.471397519292,0.829868366998,0.468853738328,0.736306308332,0.689670667468,59.999999837,59.9999991894
0.836627098936,0.471535988039,0.830007979914,0.469000698572,0.736306308332,0.689670667468,59.999999837,59.9999991894
0.836738017103,0.47167408182,0.830147421519,0.469147281865,0.736306308332,0.689670667468,59.999999837,59.9999991894
0.836848818017,0.471811800815,0.830286691128,0.469293488313,0.736306308332,0.689670667468,59.999999837,59.9999991894
0.836959501075,0.471949145188,0.83042578806,0.469439318023,0.736306308332,0.689670667468,59.999999837,59.9999991894
0.837070065683,0.472086115094,0.830564711641,0.469584771087,0.736306308332,0.689670667468,59.999999837,59.9999991894
0.837180511229,0.472222710716,0.830703461186,0.469729847617,0.736306308332,0.689670667468,59.999999837,59.9999991894
0.837290837117,0.472358932212,0.830842036023,0.469874547705,0.736306308332,0.689670667468,59.999999837,59.9999991894
0.837401042747,0.472494779749,0.83098043547,0.470018871462,0.736306308332,0.689670667468,59.999999837,59.9999991894
0.837511127507,0.472630253513,0.831118658849,0.470162818993,0.736306308332,0.689670667468,59.999999837,59.9999991894
0.837621090804,0.472765353657,0.831256705483,0.470306390403,0.736306308332,0.689670667468,59.999999837,59.9999991894
0.837730932035,0.472900080359,0.83139457469,0.470449585807,0.736306308332,0.689670667468,59.999999837,59.9999991894
0.837840650588,0.473034433807,0.831532265799,0.470592405302,0.736306308332,0.689670667468,59.999999837,59.9999991894
0.837950245875,0.473168414152,0.831669778127,0.470734849005,0.736306308332,0.689670667468,59.999999837,59.9999991894
0.838059717286,0.473302021581,0.831807111004,0.470876917019,0.736306308332,0.689670667468,59.999999837,59.9999991894
0.838169064212,0.473435256286,0.831944263749,0.471018609459,0.736306308332,0.689670667468,59.999999837,59.9999991894
0.838278286065,0.473568118415,0.832081235682,0.471159926446,0.736306308332,0.689670667468,59.999999837,59.9999991894
0.838387382234,0.473700608164,0.832218026132,0.471300868082,0.736306308332,0.689670667468,59.999999837,59.9999991894
0.83849635211,0.473832725723,0.832354634421,0.471441434488,0.736306308332,0.689670667468,59.999999837,59.9999991894
0.838605195105,0.473964471249,0.832491059877,0.471581625768,0.736306308332,0.689670667468,59.999999837,59.9999991894
0.838713910609,0.474095844939,0.832627301823,0.471721442046,0.736306308332,0.689670667468,59.999999837,59.9999991894
0.838822498014,0.474226846981,0.832763359579,0.471860883446,0.736306308332,0.689670667468,59.999999837,59.9999991894
0.83893095673,0.47435747754,0.832899232476,0.471999950075,0.736306308332,0.689670667468,59.999999837,59.9999991894
0.839039286147,0.474487736816,0.833034919836,0.47213864206,0.736306308332,0.689670667468,59.999999837,59.9999991894
0.83914748566,0.474617624997,0.833170420992,0.472276959509,0.736306308332,0.689670667468,59.999999837,59.9999991894
0.839255554677,0.474747142254,0.833305735264,0.472414902552,0.736306308332,0.689670667468,59.999999837,59.9999991894
0.839363492586,0.474876288789,0.833440861977,0.472552471314,0.736306308332,0.689670667468,59.999999837,59.9999991894
0.839471298785,0.475005064793,0.833575800463,0.472689665909,0.736306308332,0.689670667468,59.999999837,59.9999991894
0.839578972681,0.47513347044,0.833710550043,0.47282648647,0.736306308332,0.689670667468,59.999999837,59.9999991894
0.839686513662,0.475261505937,0.833845110054,0.472962933109,0.736306308332,0.689670667468,59.999999837,59.9999991894
0.839793921128,0.475389171474,0.833979479818,0.473099005959,0.736306308332,0.689670667468,59.999999837,59.9999991894
0.839901194483,0.475516467232,0.83411365866,0.473234705153,0.736306308332,0.689670667468,59.999999837,59.9999991894
0.840008333117,0.475643393421,0.834247645915,0.473370030808,0.736306308332,0.689670667468,59.999999837,59.9999991894
0.84011533643,0.475769950231,0.834381440905,0.473504983061,0.736306308332,0.689670667468,59.999999837,59.9999991894
0.840222203826,0.475896137848,0.834515042969,0.473639562029,0.736306308332,0.689670667468,59.999999837,59.9999991894
0.840328934694,0.476021956486,0.83464845143,0.47377376785,0.736306308332,0.689670667468,59.999999837,59.9999991894
0.840435528436,0.476147406337,0.834781665615,0.473907600664,0.736306308332,0.689670667468,59.999999837,59.9999991894
0.840541984456,0.47627248759,0.834914684859,0.47404106059,0.736306308332,0.689670667468,59.999999837,59.9999991894
0.840648302142,0.476397200462,0.83504750849,0.474174147771,0.736306308332,0.689670667468,59.999999837,59.9999991894
0.840754480897,0.476521545148,0.835180135845,0.474306862329,0.736306308332,0.689670667468,59.999999837,59.9999991894
0.840860520124,0.476645521841,0.83531256625,0.474439204407,0.736306308332,0.689670667468,59.999999837,59.9999991894
0.840966419213,0.476769130761,0.835444799033,0.474571174148,0.736306308332,0.689670667468,59.999999837,59.9999991894
0.841072177566,0.476892372105,0.835576833534,0.474702771677,0.736306308332,0.689670667468,59.999999837,59.9999991894
0.841177794587,0.47701524607,0.835708669079,0.47483399714,0.736306308332,0.689670667468,59.999999837,59.9999991894
0.841283269667,0.477137752878,0.835840305006,0.47496485067,0.736306308332,0.689670667468,59.999999837,59.9999991894
0.841388602206,0.477259892732,0.835971740647,0.475095332408,0.736306308332,0.689670667468,59.999999837,59.9999991894
0.84149379161,0.477381665829,0.83610297533,0.475225442504,0.736306308332,0.689670667468,59.999999837,59.9999991894
0.841598837269,0.477503072394,0.836234008398,0.475355181084,0.736306308332,0.689670667468,59.999999837,59.9999991894
0.841703738584,0.477624112636,0.836364839179,0.475484548303,0.736306308332,0.689670667468,59.999999837,59.9999991894
0.841808494962,0.477744786751,0.836495467008,0.475613544303,0.736306308332,0.689670667468,59.999999837,59.9999991894
0.841913105794,0.47786509497,0.836625891224,0.475742169223,0.736306308332,0.689670667468,59.999999837,59.9999991894
0.842017570478,0.477985037505,0.836756111157,0.475870423218,0.736306308332,0.689670667468,59.999999837,59.9999991894
0.842121888424,0.478104614555,0.836886126151,0.47599830642,0.736306308332,0.689670667468,59.999999837,59.9999991894
0.842226059023,0.47822382635,0.837015935538,0.476125818986,0.736306308332,0.689670667468,59.999999837,59.9999991894
0.842330081672,0.478342673113,0.837145538648,0.476252961073,0.736306308332,0.689670667468,59.999999837,59.9999991894
0.842433955784,0.478461155039,0.837274934828,0.476379732815,0.736306308332,0.689670667468,59.999999837,59.9999991894
0.842537680749,0.478579272363,0.83740412341,0.476506134372,0.736306308332,0.689670667468,59.999999837,59.9999991894
0.842641255962,0.478697025314,0.837533103735,0.476632165892,0.736306308332,0.689670667468,59.999999837,59.9999991894
0.84274468084,0.478814414086,0.837661875141,0.476757827524,0.736306308332,0.689670667468,59.999999837,59.9999991894
0.842847954773,0.478931438917,0.837790436963,0.476883119432,0.736306308332,0.689670667468,59.999999837,59.9999991894
0.842951077153,0.479048100046,0.837918788549,0.477008041753,0.736306308332,0.689670667468,59.999999837,59.9999991894
0.843054047398,0.479164397667,0.838046929233,0.477132594653,0.736306308332,0.689670667468,59.999999837,59.9999991894
0.843156864902,0.479280332017,0.83817485835,0.477256778296,0.736306308332,0.689670667468,59.999999837,59.9999991894
0.843259529057,0.479395903338,0.838302575249,0.477380592824,0.736306308332,0.689670667468,59.999999837,59.9999991894
0.843362039277,0.479511111834,0.838430079267,0.477504038405,0.736306308332,0.689670667468,59.999999837,59.9999991894
0.84346439496,0.479625957738,0.838557369746,0.477627115194,0.736306308332,0.689670667468,59.999999837,59.9999991894
0.843566595501,0.479740441295,0.83868444603,0.477749823348,0.736306308332,0.689670667468,59.999999837,59.9999991894
0.843668640307,0.47985456272,0.838811307457,0.477872163038,0.736306308332,0.689670667468,59.999999837,59.9999991894
0.843770528785,0.47996832224,0.838937953377,0.477994134409,0.736306308332,0.689670667468,59.999999837,59.9999991894
0.843872260326,0.480081720103,0.839064383129,0.478115737634,0.736306308332,0.689670667468,59.999999837,59.9999991894
0.843973834337,0.480194756536,0.839190596052,0.478236972886,0.736306308332,0.689670667468,59.999999837,59.9999991894
0.844075250227,0.48030743176,0.839316591499,0.478357840312,0.736306308332,0.689670667468,59.999999837,59.9999991894
0.84417650739,0.480419746028,0.839442368809,0.478478340087,0.736306308332,0.689670667468,59.999999837,59.9999991894
0.844277605227,0.480531699577,0.839567927327,0.478598472381,0.736306308332,0.689670667468,59.999999837,59.9999991894
0.844378543153,0.480643292621,0.839693266404,0.478718237352,0.736306308332,0.689670667468,59.999999837,59.9999991894
0.844479320563,0.480754525417,0.839818385379,0.478837635177,0.736306308332,0.689670667468,59.999999837,59.9999991894
0.844579936852,0.480865398216,0.839943283604,0.478956666019,0.736306308332,0.689670667468,59.999999837,59.9999991894
0.84468039144,0.480975911231,0.840067960427,0.479075330047,0.736306308332,0.689670667468,59.999999837,59.9999991894
0.844780683724,0.481086064714,0.840192415188,0.479193627445,0.736306308332,0.689670667468,59.999999837,59.9999991894
0.844880813098,0.481195858924,0.840316647246,0.479311558367,0.736306308332,0.689670667468,59.999999837,59.9999991894
0.844980778979,0.481305294084,0.840440655943,0.479429122994,0.736306308332,0.689670667468,59.999999837,59.9999991894
0.845080580771,0.481414370438,0.840564440624,0.479546321512,0.736306308332,0.689670667468,59.999999837,59.9999991894
0.845180217869,0.481523088248,0.840688000649,0.479663154077,0.736306308332,0.689670667468,59.999999837,59.9999991894
0.845279689682,0.481631447752,0.840811335361,0.479779620875,0.736306308332,0.689670667468,59.999999837,59.9999991894
0.845378995623,0.481739449183,0.840934444108,0.479895722089,0.736306308332,0.689670667468,59.999999837,59.9999991894
0.845478135089,0.481847092808,0.84105732625,0.480011457882,0.736306308332,0.689670667468,59.999999837,59.9999991894
0.845577107481,0.48195437888,0.841179981132,0.480126828444,0.736306308332,0.689670667468,59.999999837,59.9999991894
0.84567591222,0.482061307624,0.841302408107,0.480241833953,0.736306308332,0.689670667468,59.999999837,59.9999991894
0.845774548702,0.482167879307,0.841424606532,0.480356474583,0.736306308332,0.689670667468,59.999999837,59.9999991894
0.845873016325,0.482274094199,0.841546575754,0.480470750526,0.736306308332,0.689670667468,59.999999837,59.9999991894
0.845971314508,0.48237995253,0.841668315131,0.480584661957,0.736306308332,0.689670667468,59.999999837,59.9999991894
0.846069442658,0.482485454553,0.841789824019,0.480698209058,0.736306308332,0.689670667468,59.999999837,59.9999991894
0.846167400171,0.482590600543,0.841911101765,0.480811392025,0.736306308332,0.689670667468,59.999999837,59.9999991894
0.846265186459,0.482695390747,0.842032147733,0.48092421103,0.736306308332,0.689670667468,59.999999837,59.9999991894
0.846362800939,0.482799825408,0.842152961277,0.481036666263,0.736306308332,0.689670667468,59.999999837,59.9999991894
0.846460243009,0.482903904801,0.842273541746,0.481148757922,0.736306308332,0.689670667468,59.999999837,59.9999991894
0.846557512071,0.483007629193,0.842393888508,0.481260486178,0.736306308332,0.689670667468,59.999999837,59.9999991894
0.846654607548,0.483110998821,0.842514000916,0.481371851227,0.736306308332,0.689670667468,59.999999837,59.9999991894
0.846751528842,0.483214013956,0.842633878322,0.481482853273,0.736306308332,0.689670667468,59.999999837,59.9999991894
0.846848275354,0.483316674877,0.842753520097,0.481593492483,0.736306308332,0.689670667468,59.999999837,59.9999991894
0.8469448465,0.483418981832,0.842872925593,0.481703769062,0.736306308332,0.689670667468,59.999999837,59.9999991894
0.847041241695,0.483520935077,0.842992094163,0.481813683213,0.736306308332,0.689670667468,59.999999837,59.9999991894
0.847137460339,0.483622534895,0.843111025182,0.481923235109,0.736306308332,0.689670667468,59.999999837,59.9999991894
0.84723350184,0.483723781554,0.843229718002,0.482032424955,0.736306308332,0.689670667468,59.999999837,59.9999991894
0.847329365622,0.483824675298,0.843348171981,0.482141252958,0.736306308332,0.689670667468,59.999999837,59.9999991894
0.847425051087,0.483925216409,0.843466386492,0.482249719293,0.736306308332,0.689670667468,59.999999837,59.9999991894
0.847520557636,0.484025405176,0.843584360891,0.482357824169,0.736306308332,0.689670667468,59.999999837,59.9999991894
0.847615884692,0.484125241847,0.843702094537,0.482465567794,0.736306308332,0.689670667468,59.999999837,59.9999991894
0.847711031668,0.484224726689,0.843819586805,0.482572950346,0.736306308332,0.689670667468,59.999999837,59.9999991894
0.847805997967,0.484323859992,0.843936837052,0.48267997204,0.736306308332,0.689670667468,59.999999837,59.9999991894
0.847900783001,0.484422642029,0.84405384464,0.482786633082,0.736306308332,0.689670667468,59.999999837,59.9999991894
0.847995386194,0.484521073053,0.844170608945,0.482892933657,0.736306308332,0.689670667468,59.999999837,59.9999991894
0.848089806951,0.484619153352,0.844287129327,0.48299887398,0.736306308332,0.689670667468,59.999999837,59.9999991894
0.848184044676,0.484716883221,0.844403405147,0.483104454262,0.736306308332,0.689670667468,59.999999837,59.9999991894
0.848278098791,0.484814262918,0.844519435786,0.483209674689,0.736306308332,0.689670667468,59.999999837,59.9999991894
0.848371968715,0.484911292713,0.844635220603,0.483314535479,0.736306308332,0.689670667468,59.999999837,59.9999991894
0.848465653852,0.485007972905,0.844750758964,0.483419036847,0.736306308332,0.689670667468,59.999999837,59.9999991894
0.848559153614,0.485104303776,0.844866050248,0.483523178981,0.736306308332,0.689670667468,59.999999837,59.9999991894
0.848652467428,0.485200285586,0.84498109382,0.483626962101,0.736306308332,0.689670667468,59.999999837,59.9999991894
0.848745594703,0.485295918626,0.845095889044,0.483730386427,0.736306308332,0.689670667468,59.999999837,59.9999991894
0.848838534845,0.485391203198,0.845210435304,0.483833452148,0.736306308332,0.689670667468,59.999999837,59.9999991894
0.848931287277,0.485486139573,0.845324731964,0.483936159487,0.736306308332,0.689670667468,59.999999837,59.9999991894
0.849023851423,0.48558072802,0.845438778392,0.484038508668,0.736306308332,0.689670667468,59.999999837,59.9999991894
0.84911622669,0.485674968845,0.845552573973,0.484140499883,0.736306308332,0.689670667468,59.999999837,59.9999991894
0.849208412486,0.485768862346,0.845666118074,0.484242133356,0.736306308332,0.689670667468,59.999999837,59.9999991894
0.849300408241,0.48586240879,0.845779410063,0.484343409314,0.736306308332,0.689670667468,59.999999837,59.9999991894
0.849392213374,0.485955608466,0.845892449327,0.484444327955,0.736306308332,0.689670667468,59.999999837,59.9999991894
0.849483827291,0.48604846168,0.846005235237,0.484544889502,0.736306308332,0.689670667468,59.999999837,59.9999991894
0.849575249411,0.486140968725,0.846117767162,0.484645094186,0.736306308332,0.689670667468,59.999999837,59.9999991894
0.849666479165,0.486233129869,0.846230044489,0.48474494221,0.736306308332,0.689670667468,59.999999837,59.9999991894
0.849757515966,0.486324945419,0.846342066594,0.484844433795,0.736306308332,0.689670667468,59.999999837,59.9999991894
0.849848359221,0.486416415685,0.846453832848,0.484943569176,0.736306308332,0.689670667468,59.999999837,59.9999991894
0.849939008358,0.48650754095,0.846565342637,0.485042348563,0.736306308332,0.689670667468,59.999999837,59.9999991894
0.850029462808,0.486598321492,0.846676595341,0.485140772177,0.736306308332,0.689670667468,59.999999837,59.9999991894
0.850119721979,0.486688757628,0.846787590335,0.485238840252,0.736306308332,0.689670667468,59.999999837,59.9999991894
0.850209785283,0.486778849671,0.846898327001,0.485336553009,0.736306308332,0.689670667468,59.999999837,59.9999991894
0.850299652153,0.486868597899,0.847008804728,0.485433910664,0.736306308332,0.689670667468,59.999999837,59.9999991894
0.850389322016,0.486958002604,0.847119022889,0.485530913456,0.736306308332,0.689670667468,59.999999837,59.9999991894
0.850478794282,0.487047064106,0.847228980868,0.485627561614,0.736306308332,0.689670667468,59.999999837,59.9999991894
0.85056806837,0.487135782714,0.847338678057,0.48572385535,0.736306308332,0.689670667468,59.999999837,59.9999991894
0.850657143714,0.48722415871,0.847448113833,0.485819794905,0.736306308332,0.689670667468,59.999999837,59.9999991894
0.850746019737,0.487312192399,0.847557287577,0.48591538052,0.736306308332,0.689670667468,59.999999837,59.9999991894
0.850834695851,0.487399884103,0.847666198685,0.486010612405,0.736306308332,0.689670667468,59.999999837,59.9999991894
0.850923171482,0.487487234128,0.84777484654,0.4861054908,0.736306308332,0.689670667468,59.999999837,59.9999991894
0.851011446065,0.487574242762,0.84788323052,0.486200015952,0.736306308332,0.689670667468,59.999999837,59.9999991894
0.85109951902,0.487660910318,0.847991350023,0.486294188078,0.736306308332,0.689670667468,59.999999837,59.9999991894
0.851187389763,0.487747237124,0.848099204438,0.486388007414,0.736306308332,0.689670667468,59.999999837,59.9999991894
0.851275057722,0.487833223482,0.848206793146,0.486481474208,0.736306308332,0.689670667468,59.999999837,59.9999991894
0.851362522334,0.487918869686,0.84831411554,0.48657458869,0.736306308332,0.689670667468,59.999999837,59.9999991894
0.85144978302,0.488004176057,0.848421171018,0.486667351088,0.736306308332,0.689670667468,59.999999837,59.9999991894
0.851536839197,0.488089142926,0.848527958964,0.486759761653,0.736306308332,0.689670667468,59.999999837,59.9999991894
0.851623690296,0.488173770596,0.848634478766,0.48685182063,0.736306308332,0.689670667468,59.999999837,59.9999991894
0.851710335756,0.488258059365,0.848740729829,0.486943528239,0.736306308332,0.689670667468,59.999999837,59.9999991894
0.851796774998,0.488342009561,0.84884671154,0.487034884733,0.736306308332,0.689670667468,59.999999837,59.9999991894
0.85188300744,0.488425621517,0.848952423286,0.487125890366,0.736306308332,0.689670667468,59.999999837,59.9999991894
0.851969032518,0.488508895541,0.849057864471,0.487216545367,0.736306308332,0.689670667468,59.999999837,59.9999991894
0.852054849671,0.488591831934,0.849163034492,0.487306849977,0.736306308332,0.689670667468,59.999999837,59.9999991894
0.852140458323,0.488674431026,0.849267932737,0.487396804455,0.736306308332,0.689670667468,59.999999837,59.9999991894
0.852225857891,0.488756693158,0.849372558606,0.487486409043,0.736306308332,0.689670667468,59.999999837,59.9999991894
0.852311047815,0.488838618639,0.849476911505,0.487575663973,0.736306308332,0.689670667468,59.999999837,59.9999991894
0.852396027536,0.488920207775,0.849580990825,0.487664569506,0.736306308332,0.689670667468,59.999999837,59.9999991894
0.852480796478,0.489001460899,0.849684795961,0.487753125902,0.736306308332,0.689670667468,59.999999837,59.9999991894
0.852565354063,0.489082378356,0.849788326322,0.48784133339,0.736306308332,0.689670667468,59.999999837,59.9999991894
0.852649699729,0.489162960461,0.849891581307,0.487929192226,0.736306308332,0.689670667468,59.999999837,59.9999991894
0.85273383292,0.489243207522,0.849994560312,0.488016702673,0.736306308332,0.689670667468,59.999999837,59.9999991894
0.852817753064,0.489323119875,0.850097262742,0.488103864977,0.736306308332,0.689670667468,59.999999837,59.9999991894
0.852901459584,0.489402697868,0.850199688007,0.488190679379,0.736306308332,0.689670667468,59.999999837,59.9999991894
0.852984951919,0.489481941824,0.850301835504,0.488277146147,0.736306308332,0.689670667468,59.999999837,59.9999991894
0.853068229513,0.489560852054,0.850403704633,0.488363265544,0.736306308332,0.689670667468,59.999999837,59.9999991894
0.8531512918,0.489639428895,0.850505294809,0.488449037808,0.736306308332,0.689670667468,59.999999837,59.9999991894
0.853234138205,0.489717672697,0.850606605437,0.4885344632,0.736306308332,0.689670667468,59.999999837,59.9999991894
0.853316768165,0.489795583792,0.850707635916,0.488619541991,0.736306308332,0.689670667468,59.999999837,59.9999991894
0.853399181127,0.489873162497,0.850808385658,0.488704274433,0.736306308332,0.689670667468,59.999999837,59.9999991894
0.85348137653,0.489950409145,0.850908854079,0.488788660772,0.736306308332,0.689670667468,59.999999837,59.9999991894
0.8535633538,0.490027324091,0.85100904058,0.488872701281,0.736306308332,0.689670667468,59.999999837,59.9999991894
0.853645112374,0.490103907676,0.851108944566,0.488956396235,0.736306308332,0.689670667468,59.999999837,59.9999991894
0.853726651699,0.490180160223,0.851208565458,0.489039745878,0.736306308332,0.689670667468,59.999999837,59.9999991894
0.853807971222,0.490256082059,0.851307902667,0.489122750472,0.736306308332,0.689670667468,59.999999837,59.9999991894
0.853889070371,0.490331673543,0.851406955599,0.489205410295,0.736306308332,0.689670667468,59.999999837,59.9999991894
0.853969948579,0.49040693503,0.851505723667,0.489287725612,0.736306308332,0.689670667468,59.999999837,59.9999991894
0.854050605296,0.490481866845,0.851604206295,0.489369696672,0.736306308332,0.689670667468,59.999999837,59.9999991894
0.854131039972,0.490556469315,0.851702402892,0.48945132375,0.736306308332,0.689670667468,59.999999837,59.9999991894
0.854211252043,0.490630742799,0.851800312867,0.48953260713,0.736306308332,0.689670667468,59.999999837,59.9999991894
0.854291240938,0.490704687658,0.851897935641,0.489613547069,0.736306308332,0.689670667468,59.999999837,59.9999991894
0.854371006109,0.490778304229,0.85199527064,0.489694143824,0.736306308332,0.689670667468,59.999999837,59.9999991894
0.854450547006,0.490851592844,0.852092317274,0.489774397681,0.736306308332,0.689670667468,59.999999837,59.9999991894
0.854529863073,0.49092455385,0.852189074954,0.489854308921,0.736306308332,0.689670667468,59.999999837,59.9999991894
0.854608953745,0.490997187614,0.852285543111,0.4899338778,0.736306308332,0.689670667468,59.999999837,59.9999991894
0.854687818464,0.49106949449,0.852381721167,0.490013104589,0.736306308332,0.689670667468,59.999999837,59.9999991894
0.854766456686,0.491141474811,0.852477608536,0.490091989575,0.736306308332,0.689670667468,59.999999837,59.9999991894
0.854844867863,0.491213128917,0.852573204637,0.490170533037,0.736306308332,0.689670667468,59.999999837,59.9999991894
0.854923051433,0.491284457179,0.852668508903,0.490248735236,0.736306308332,0.689670667468,59.999999837,59.9999991894
0.855001006832,0.491355459966,0.852763520757,0.49032659645,0.736306308332,0.689670667468,59.999999837,59.9999991894
0.855078733517,0.491426137618,0.852858239615,0.490404116971,0.736306308332,0.689670667468,59.999999837,59.9999991894
0.855156230945,0.491496490477,0.852952664904,0.490481297077,0.736306308332,0.689670667468,59.999999837,59.9999991894
0.855233498561,0.491566518901,0.853046796059,0.49055813703,0.736306308332,0.689670667468,59.999999837,59.9999991894
0.855310535807,0.491636223267,0.853140632504,0.49063463712,0.736306308332,0.689670667468,59.999999837,59.9999991894
0.85538734213,0.491705603933,0.853234173658,0.490710797642,0.736306308332,0.689670667468,59.999999837,59.9999991894
0.85546391699,0.491774661244,0.853327418954,0.49078661887,0.736306308332,0.689670667468,59.999999837,59.9999991894
0.855540259846,0.491843395546,0.853420367831,0.490862101075,0.736306308332,0.689670667468,59.999999837,59.9999991894
0.85561637014,0.491911807218,0.853513019714,0.490937244549,0.736306308332,0.689670667468,59.999999837,59.9999991894
0.855692247314,0.491979896639,0.853605374024,0.491012049594,0.736306308332,0.689670667468,59.999999837,59.9999991894
0.855767890827,0.49204766416,0.853697430202,0.491086516484,0.736306308332,0.689670667468,59.999999837,59.9999991894
0.855843300141,0.492115110131,0.853789187687,0.491160645492,0.736306308332,0.689670667468,59.999999837,59.9999991894
0.855918474713,0.492182234913,0.853880645907,0.491234436919,0.736306308332,0.689670667468,59.999999837,59.9999991894
0.855993413985,0.492249038889,0.853971804289,0.491307891067,0.736306308332,0.689670667468,59.999999837,59.9999991894
0.85606811741,0.492315522436,0.854062662274,0.491381008215,0.736306308332,0.689670667468,59.999999837,59.9999991894
0.856142584449,0.492381685907,0.854153219309,0.49145378864,0.736306308332,0.689670667468,59.999999837,59.9999991894
0.856216814568,0.492447529658,0.854243474822,0.491526232645,0.736306308332,0.689670667468,59.999999837,59.9999991894
0.85629080722,0.492513054062,0.854333428244,0.491598340536,0.736306308332,0.689670667468,59.999999837,59.9999991894
0.856364561852,0.492578259509,0.854423079022,0.491670112596,0.736306308332,0.689670667468,59.999999837,59.9999991894
0.856438077923,0.492643146369,0.854512426601,0.491741549107,0.736306308332,0.689670667468,59.999999837,59.9999991894
0.856511354899,0.492707715003,0.854601470418,0.491812650372,0.736306308332,0.689670667468,59.999999837,59.9999991894
0.856584392245,0.492771965771,0.854690209906,0.491883416703,0.736306308332,0.689670667468,59.999999837,59.9999991894
0.856657189417,0.492835899057,0.854778644514,0.491953848388,0.736306308332,0.689670667468,59.999999837,59.9999991894
0.856729745864,0.492899515254,0.85486677369,0.492023945712,0.736306308332,0.689670667468,59.999999837,59.9999991894
0.856802061051,0.492962814734,0.854954596878,0.492093708979,0.736306308332,0.689670667468,59.999999837,59.9999991894
0.856874134446,0.493025797861,0.855042113513,0.492163138504,0.736306308332,0.689670667468,59.999999837,59.9999991894
0.85694596552,0.493088465,0.855129323046,0.492232234582,0.736306308332,0.689670667468,59.999999837,59.9999991894
0.857017553726,0.493150816544,0.855216224929,0.492300997503,0.736306308332,0.689670667468,59.999999837,59.9999991894
0.85708889852,0.493212852889,0.85530281861,0.49236942757,0.736306308332,0.689670667468,59.999999837,59.9999991894
0.857159999368,0.49327457441,0.855389103531,0.492437525101,0.736306308332,0.689670667468,59.999999837,59.9999991894
0.857230855744,0.493335981476,0.855475079141,0.492505290399,0.736306308332,0.689670667468,59.999999837,59.9999991894
0.85730146712,0.493397074458,0.855560744896,0.49257272376,0.736306308332,0.689670667468,59.999999837,59.9999991894
0.857371832953,0.493457853751,0.855646100253,0.492639825482,0.736306308332,0.689670667468,59.999999837,59.9999991894
0.857441952702,0.493518319758,0.855731144656,0.492706595886,0.736306308332,0.689670667468,59.999999837,59.9999991894
0.857511825836,0.493578472857,0.855815877552,0.492773035288,0.736306308332,0.689670667468,59.999999837,59.9999991894
0.857581451832,0.493638313423,0.855900298405,0.492839143986,0.736306308332,0.689670667468,59.999999837,59.9999991894
0.857650830164,0.493697841833,0.855984406674,0.492904922278,0.736306308332,0.689670667468,59.999999837,59.9999991894
0.857719960296,0.493757058482,0.856068201811,0.492970370485,0.736306308332,0.689670667468,59.999999837,59.9999991894
0.857788841688,0.493815963778,0.856151683264,0.493035488931,0.736306308332,0.689670667468,59.999999837,59.9999991894
0.857857473812,0.493874558108,0.856234850495,0.493100277922,0.736306308332,0.689670667468,59.999999837,59.9999991894
0.857925856147,0.49393284185,0.856317702971,0.493164737759,0.736306308332,0.689670667468,59.999999837,59.9999991894
0.85799398817,0.493990815387,0.856400240151,0.493228868756,0.736306308332,0.689670667468,59.999999837,59.9999991894
0.858061869352,0.494048479113,0.856482461488,0.493292671243,0.736306308332,0.689670667468,59.999999837,59.9999991894
0.858129499158,0.49410583344,0.856564366442,0.493356145537,0.736306308332,0.689670667468,59.999999837,59.9999991894
0.858196877057,0.494162878765,0.856645954482,0.493419291946,0.736306308332,0.689670667468,59.999999837,59.9999991894
0.858264002533,0.494219615474,0.856727225076,0.493482110775,0.736306308332,0.689670667468,59.999999837,59.9999991894
0.858330875065,0.494276043951,0.856808177684,0.493544602356,0.736306308332,0.689670667468,59.999999837,59.9999991894
0.858397494133,0.494332164588,0.856888811763,0.493606767021,0.736306308332,0.689670667468,59.999999837,59.9999991894
0.858463859204,0.4943879778,0.856969126782,0.493668605083,0.736306308332,0.689670667468,59.999999837,59.9999991894
0.858529969749,0.494443483999,0.857049122218,0.493730116852,0.736306308332,0.689670667468,59.999999837,59.9999991894
0.85859582525,0.494498683574,0.857128797537,0.493791302648,0.736306308332,0.689670667468,59.999999837,59.9999991894
0.858661425192,0.494553576917,0.857208152203,0.493852162807,0.736306308332,0.689670667468,59.999999837,59.9999991894
0.858726769061,0.494608164419,0.857287185682,0.493912697659,0.736306308332,0.689670667468,59.999999837,59.9999991894
0.858791856331,0.494662446491,0.85736589745,0.49397290752,0.736306308332,0.689670667468,59.999999837,59.9999991894
0.858856686475,0.494716423554,0.857444286985,0.494032792705,0.736306308332,0.689670667468,59.999999837,59.9999991894
0.858921258972,0.49477009601,0.857522353758,0.494092353545,0.736306308332,0.689670667468,59.999999837,59.9999991894
0.858985573313,0.494823464255,0.857600097235,0.494151590381,0.736306308332,0.689670667468,59.999999837,59.9999991894
0.859049628984,0.494876528686,0.857677516891,0.494210503541,0.736306308332,0.689670667468,59.999999837,59.9999991894
0.859113425475,0.494929289703,0.857754612207,0.494269093345,0.736306308332,0.689670667468,59.999999837,59.9999991894
0.859176962258,0.494981747729,0.857831382666,0.494327360112,0.736306308332,0.689670667468,59.999999837,59.9999991894
0.859240238811,0.495033903189,0.85790782774,0.494385304184,0.736306308332,0.689670667468,59.999999837,59.9999991894
0.859303254625,0.495085756484,0.8579839469,0.494442925906,0.736306308332,0.689670667468,59.999999837,59.9999991894
0.859366009192,0.495137308014,0.858059739629,0.494500225605,0.736306308332,0.689670667468,59.999999837,59.9999991894
0.859428502003,0.495188558183,0.858135205413,0.494557203606,0.736306308332,0.689670667468,59.999999837,59.9999991894
0.859490732547,0.495239507401,0.858210343739,0.494613860234,0.736306308332,0.689670667468,59.999999837,59.9999991894
0.859552700303,0.495290156098,0.858285154083,0.494670195837,0.736306308332,0.689670667468,59.999999837,59.9999991894
0.859614404756,0.495340504698,0.85835963592,0.494726210763,0.736306308332,0.689670667468,59.999999837,59.9999991894
0.859675845399,0.495390553607,0.85843378874,0.494781905344,0.736306308332,0.689670667468,59.999999837,59.9999991894
0.85973702173,0.495440303231,0.858507612032,0.494837279908,0.736306308332,0.689670667468,59.999999837,59.9999991894
0.859797933244,0.49548975398,0.85858110529,0.494892334785,0.736306308332,0.689670667468,59.999999837,59.9999991894
0.859858579434,0.495538906271,0.858654267993,0.494947070327,0.736306308332,0.689670667468,59.999999837,59.9999991894
0.859918959781,0.495587760541,0.858727099623,0.495001486887,0.736306308332,0.689670667468,59.999999837,59.9999991894
0.859979073776,0.495636317215,0.858799599673,0.495055584802,0.736306308332,0.689670667468,59.999999837,59.9999991894
0.860038920918,0.495684576706,0.858871767638,0.495109364404,0.736306308332,0.689670667468,59.999999837,59.9999991894
0.860098500708,0.495732539425,0.858943603015,0.495162826029,0.736306308332,0.689670667468,59.999999837,59.9999991894
0.860157812645,0.495780205788,0.859015105291,0.495215970029,0.736306308332,0.689670667468,59.999999837,59.9999991894
0.860216856226,0.495827576216,0.859086273954,0.495268796761,0.736306308332,0.689670667468,59.999999837,59.9999991894
0.86027563094,0.495874651149,0.859157108497,0.49532130657,0.736306308332,0.689670667468,59.999999837,59.9999991894
0.86033413628,0.495921431022,0.859227608423,0.495373499795,0.736306308332,0.689670667468,59.999999837,59.9999991894
0.860392371748,0.495967916252,0.859297773231,0.495425376775,0.736306308332,0.689670667468,59.999999837,59.9999991894
0.860450336849,0.496014107257,0.859367602419,0.495476937859,0.736306308332,0.689670667468,59.999999837,59.9999991894
0.860508031088,0.496060004458,0.859437095478,0.495528183411,0.736306308332,0.689670667468,59.999999837,59.9999991894
0.86056545397,0.496105608274,0.859506251905,0.495579113785,0.736306308332,0.689670667468,59.999999837,59.9999991894
0.860622604988,0.496150919152,0.859575071205,0.495629729325,0.736306308332,0.689670667468,59.999999837,59.9999991894
0.860679483635,0.496195937536,0.859643552883,0.495680030374,0.736306308332,0.689670667468,59.999999837,59.9999991894
0.860736089418,0.496240663851,0.859711696448,0.495730017279,0.736306308332,0.689670667468,59.999999837,59.9999991894
0.860792421847,0.49628509852,0.859779501394,0.495779690405,0.736306308332,0.689670667468,59.999999837,59.9999991894
0.860848480431,0.496329241968,0.85984696722,0.495829050121,0.736306308332,0.689670667468,59.999999837,59.9999991894
0.860904264679,0.496373094623,0.859914093435,0.495878096775,0.736306308332,0.689670667468,59.999999837,59.9999991894
0.860959774094,0.496416656922,0.85998087955,0.495926830717,0.736306308332,0.689670667468,59.999999837,59.9999991894
0.861015008177,0.496459929316,0.860047325077,0.495975252296,0.736306308332,0.689670667468,59.999999837,59.9999991894
0.861069966431,0.496502912247,0.860113429524,0.49602336187,0.736306308332,0.689670667468,59.999999837,59.9999991894
0.861124648369,0.496545606142,0.860179192394,0.496071159813,0.736306308332,0.689670667468,59.999999837,59.9999991894
0.861179053507,0.496588011435,0.860244613194,0.496118646489,0.736306308332,0.689670667468,59.999999837,59.9999991894
0.861233181356,0.496630128555,0.86030969144,0.496165822251,0.736306308332,0.689670667468,59.999999837,59.9999991894
0.861287031433,0.496671957936,0.86037442665,0.496212687455,0.736306308332,0.689670667468,59.999999837,59.9999991894
0.861340603244,0.496713500028,0.86043881834,0.496259242457,0.736306308332,0.689670667468,59.999999837,59.9999991894
0.861393896293,0.496754755288,0.860502866023,0.496305487624,0.736306308332,0.689670667468,59.999999837,59.9999991894
0.861446910093,0.496795724157,0.860566569209,0.496351423334,0.736306308332,0.689670667468,59.999999837,59.9999991894
0.861499644163,0.49683640707,0.860629927412,0.496397049952,0.736306308332,0.689670667468,59.999999837,59.9999991894
0.861552098022,0.496876804466,0.860692940155,0.496442367838,0.736306308332,0.689670667468,59.999999837,59.9999991894
0.861604271189,0.496916916781,0.860755606962,0.496487377353,0.736306308332,0.689670667468,59.999999837,59.9999991894
0.861656163185,0.496956744456,0.860817927354,0.496532078858,0.736306308332,0.689670667468,59.999999837,59.9999991894
0.861707773521,0.496996287946,0.860879900852,0.496576472726,0.736306308332,0.689670667468,59.999999837,59.9999991894
0.861759101707,0.497035547714,0.86094152697,0.49662055934,0.736306308332,0.689670667468,59.999999837,59.9999991894
0.861810147263,0.497074524206,0.861002805231,0.49666433907,0.736306308332,0.689670667468,59.999999837,59.9999991894
0.861860909713,0.497113217865,0.861063735162,0.496707812282,0.736306308332,0.689670667468,59.999999837,59.9999991894
0.861911388579,0.497151629135,0.861124316293,0.496750979341,0.736306308332,0.689670667468,59.999999837,59.9999991894
0.861961583388,0.49718975846,0.861184548154,0.496793840615,0.736306308332,0.689670667468,59.999999837,59.9999991894
0.862011493666,0.497227606287,0.861244430271,0.496836396478,0.736306308332,0.689670667468,59.999999837,59.9999991894
0.862061118933,0.497265173069,0.861303962166,0.496878647317,0.736306308332,0.689670667468,59.999999837,59.9999991894
0.862110458705,0.497302459274,0.861363143367,0.496920593513,0.736306308332,0.689670667468,59.999999837,59.9999991894
0.862159512504,0.497339465363,0.861421973406,0.496962235436,0.736306308332,0.689670667468,59.999999837,59.9999991894
0.862208279858,0.497376191784,0.861480451819,0.497003573457,0.736306308332,0.689670667468,59.999999837,59.9999991894
0.862256760298,0.497412638987,0.861538578142,0.497044607949,0.736306308332,0.689670667468,59.999999837,59.9999991894
0.862304953353,0.497448807424,0.861596351912,0.497085339285,0.736306308332,0.689670667468,59.999999837,59.9999991894
0.862352858556,0.497484697544,0.861653772659,0.497125767855,0.736306308332,0.689670667468,59.999999837,59.9999991894
0.862400475437,0.497520309803,0.861710839911,0.497165894053,0.736306308332,0.689670667468,59.999999837,59.9999991894
0.862447803523,0.497555644666,0.861767553208,0.497205718254,0.736306308332,0.689670667468,59.999999837,59.9999991894
0.862494842334,0.497590702609,0.861823912092,0.497245240836,0.736306308332,0.689670667468,59.999999837,59.9999991894
0.862541591404,0.49762548409,0.861879916105,0.497284462177,0.736306308332,0.689670667468,59.999999837,59.9999991894
0.862588050267,0.497659989567,0.861935564789,0.497323382655,0.736306308332,0.689670667468,59.999999837,59.9999991894
0.862634218459,0.497694219496,0.861990857689,0.497362002654,0.736306308332,0.689670667468,59.999999837,59.9999991894
0.862680095517,0.497728174335,0.86204579434,0.49740032257,0.736306308332,0.689670667468,59.999999837,59.9999991894
0.86272568098,0.497761854544,0.86210037428,0.497438342798,0.736306308332,0.689670667468,59.999999837,59.9999991894
0.862770974385,0.49779526058,0.862154597058,0.49747606372,0.736306308332,0.689670667468,59.999999837,59.9999991894
0.862815975266,0.497828392918,0.862208462221,0.49751348572,0.736306308332,0.689670667468,59.999999837,59.9999991894
0.862860683151,0.497861252036,0.862261969321,0.497550609182,0.736306308332,0.689670667468,59.999999837,59.9999991894
0.862905097579,0.497893838404,0.862315117908,0.497587434491,0.736306308332,0.689670667468,59.999999837,59.9999991894
0.86294921809,0.497926152484,0.862367907532,0.497623962035,0.736306308332,0.689670667468,59.999999837,59.9999991894
0.862993044229,0.497958194741,0.862420337737,0.497660192216,0.736306308332,0.689670667468,59.999999837,59.9999991894
0.863036575537,0.497989965638,0.862472408069,0.497696125436,0.736306308332,0.689670667468,59.999999837,59.9999991894
0.863079811561,0.498021465643,0.862524118084,0.497731762083,0.736306308332,0.689670667468,59.999999837,59.9999991894
0.863122751845,0.498052695221,0.862575467338,0.497767102548,0.736306308332,0.689670667468,59.999999837,59.9999991894
0.863165395934,0.498083654841,0.862626455388,0.49780214722,0.736306308332,0.689670667468,59.999999837,59.9999991894
0.863207743366,0.498114344988,0.862677081791,0.49783689649,0.736306308332,0.689670667468,59.999999837,59.9999991894
0.863249793678,0.498144766148,0.862727346109,0.497871350751,0.736306308332,0.689670667468,59.999999837,59.9999991894
0.86329154642,0.49817491879,0.862777247895,0.497905510407,0.736306308332,0.689670667468,59.999999837,59.9999991894
0.863333001141,0.498204803386,0.862826786701,0.497939375865,0.736306308332,0.689670667468,59.999999837,59.9999991894
0.863374157391,0.498234420407,0.862875962089,0.497972947526,0.736306308332,0.689670667468,59.999999837,59.9999991894
0.863415014722,0.498263770325,0.862924773622,0.498006225785,0.736306308332,0.689670667468,59.999999837,59.9999991894
0.863455572685,0.498292853613,0.862973220864,0.498039211038,0.736306308332,0.689670667468,59.999999837,59.9999991894
0.863495830835,0.498321670746,0.863021303382,0.498071903684,0.736306308332,0.689670667468,59.999999837,59.9999991894
0.863535788723,0.498350222199,0.863069020743,0.49810430412,0.736306308332,0.689670667468,59.999999837,59.9999991894
0.863575445897,0.498378508461,0.863116372514,0.498136412746,0.736306308332,0.689670667468,59.999999837,59.9999991894
0.863614801903,0.498406530026,0.863163358259,0.498168229973,0.736306308332,0.689670667468,59.999999837,59.9999991894
0.863653856296,0.498434287373,0.86320997754,0.498199756215,0.736306308332,0.689670667468,59.999999837,59.9999991894
0.863692608633,0.49846178098,0.863256229926,0.498230991878,0.736306308332,0.689670667468,59.999999837,59.9999991894
0.863731058474,0.498489011325,0.86330211499,0.498261937364,0.736306308332,0.689670667468,59.999999837,59.9999991894
0.863769205376,0.498515978889,0.863347632305,0.498292593077,0.736306308332,0.689670667468,59.999999837,59.9999991894
0.8638070489,0.498542684152,0.863392781447,0.49832295942,0.736306308332,0.689670667468,59.999999837,59.9999991894
0.863844588607,0.498569127596,0.86343756199,0.498353036801,0.736306308332,0.689670667468,59.999999837,59.9999991894
0.863881824058,0.498595309703,0.863481973513,0.498382825623,0.736306308332,0.689670667468,59.999999837,59.9999991894
0.863918754816,0.498621230956,0.863526015591,0.498412326299,0.736306308332,0.689670667468,59.999999837,59.9999991894
0.863955380436,0.498646891853,0.863569687795,0.49844153925,0.736306308332,0.689670667468,59.999999837,59.9999991894
0.863991700473,0.498672292895,0.8636129897,0.498470464893,0.736306308332,0.689670667468,59.999999837,59.9999991894
0.864027714494,0.498697434567,0.863655920888,0.498499103637,0.736306308332,0.689670667468,59.999999837,59.9999991894
0.864063422064,0.498722317354,0.863698480942,0.498527455893,0.736306308332,0.689670667468,59.999999837,59.9999991894
0.86409882275,0.498746941745,0.863740669445,0.498555522072,0.736306308332,0.689670667468,59.999999837,59.9999991894
0.86413391612,0.498771308225,0.863782485982,0.498583302586,0.736306308332,0.689670667468,59.999999837,59.9999991894
0.864168701745,0.498795417285,0.863823930138,0.498610797848,0.736306308332,0.689670667468,59.999999837,59.9999991894
0.864203179192,0.498819269414,0.863865001503,0.498638008271,0.736306308332,0.689670667468,59.999999837,59.9999991894
0.864237348034,0.4988428651,0.863905699661,0.498664934273,0.736306308332,0.689670667468,59.999999837,59.9999991894
0.864271207842,0.498866204836,0.863946024195,0.49869157628,0.736306308332,0.689670667468,59.999999837,59.9999991894
0.864304758188,0.498889289114,0.86398597469,0.49871793472,0.736306308332,0.689670667468,59.999999837,59.9999991894
0.864337998637,0.49891211844,0.864025550738,0.498744010008,0.736306308332,0.689670667468,59.999999837,59.9999991894
0.864370928758,0.49893469332,0.864064751932,0.498769802562,0.736306308332,0.689670667468,59.999999837,59.9999991894
0.864403548125,0.498957014247,0.864103577866,0.498795312801,0.736306308332,0.689670667468,59.999999837,59.9999991894
0.864435856315,0.498979081715,0.864142028135,0.498820541145,0.736306308332,0.689670667468,59.999999837,59.9999991894
0.864467852906,0.49900089622,0.864180102335,0.498845488012,0.736306308332,0.689670667468,59.999999837,59.9999991894
0.864499537477,0.499022458257,0.864217800063,0.498870153826,0.736306308332,0.689670667468,59.999999837,59.9999991894
0.864530909606,0.499043768322,0.864255120919,0.498894539006,0.736306308332,0.689670667468,59.999999837,59.9999991894
0.864561968874,0.499064826915,0.8642920645,0.498918643979,0.736306308332,0.689670667468,59.999999837,59.9999991894
0.864592714862,0.499085634531,0.864328630402,0.498942469178,0.736306308332,0.689670667468,59.999999837,59.9999991894
0.864623147153,0.49910619167,0.864364818221,0.498966015036,0.736306308332,0.689670667468,59.999999837,59.9999991894
0.86465326533,0.499126498831,0.864400627561,0.498989281979,0.736306308332,0.689670667468,59.999999837,59.9999991894
0.864683068977,0.499146556514,0.864436058026,0.499012270432,0.736306308332,0.689670667468,59.999999837,59.9999991894
0.864712557673,0.499166365231,0.864471109222,0.499034980821,0.736306308332,0.689670667468,59.999999837,59.9999991894
0.864741730998,0.499185925497,0.864505780756,0.499057413574,0.736306308332,0.689670667468,59.999999837,59.9999991894
0.864770588537,0.499205237812,0.864540072237,0.499079569118,0.736306308332,0.689670667468,59.999999837,59.9999991894
0.86479912988,0.499224302681,0.864573983272,0.499101447882,0.736306308332,0.689670667468,59.999999837,59.9999991894
0.864827354616,0.499243120605,0.864607513474,0.499123050295,0.736306308332,0.689670667468,59.999999837,59.9999991894
0.864855262336,0.499261692088,0.864640662453,0.499144376788,0.736306308332,0.689670667468,59.999999837,59.9999991894
0.864882852631,0.499280017634,0.864673429824,0.499165427791,0.736306308332,0.689670667468,59.999999837,59.9999991894
0.864910125094,0.499298097749,0.864705815193,0.499186203745,0.736306308332,0.689670667468,59.999999837,59.9999991894
0.864937079318,0.499315932936,0.864737818171,0.499206705093,0.736306308332,0.689670667468,59.999999837,59.9999991894
0.864963714898,0.499333523703,0.864769438375,0.499226932268,0.736306308332,0.689670667468,59.999999837,59.9999991894
0.864990031431,0.499350870556,0.864800675423,0.499246885704,0.736306308332,0.689670667468,59.999999837,59.9999991894
0.865016028513,0.499367974,0.864831528933,0.499266565833,0.736306308332,0.689670667468,59.999999837,59.9999991894
0.865041705742,0.499384834544,0.864861998527,0.499285973091,0.736306308332,0.689670667468,59.999999837,59.9999991894
0.865067062718,0.499401452695,0.864892083827,0.499305107913,0.736306308332,0.689670667468,59.999999837,59.9999991894
0.865092099035,0.49941782897,0.864921784454,0.499323970736,0.736306308332,0.689670667468,59.999999837,59.9999991894
0.86511681429,0.499433963888,0.864951100035,0.499342561996,0.736306308332,0.689670667468,59.999999837,59.9999991894
0.865141208084,0.499449857959,0.864980030194,0.49936088213,0.736306308332,0.689670667468,59.999999837,59.9999991894
0.865165280022,0.499465511691,0.865008574558,0.499378931575,0.736306308332,0.689670667468,59.999999837,59.9999991894
0.865189029709,0.499480925594,0.865036732756,0.499396710771,0.736306308332,0.689670667468,59.999999837,59.9999991894
0.865212456752,0.499496100177,0.865064504419,0.499414220155,0.736306308332,0.689670667468,59.999999837,59.9999991894
0.865235560758,0.49951103595,0.86509188917,0.499431460175,0.736306308332,0.689670667468,59.999999837,59.9999991894
0.865258341337,0.49952573342,0.86511888664,0.49944843128,0.736306308332,0.689670667468,59.999999837,59.9999991894
0.865280798101,0.499540193099,0.865145496461,0.499465133909,0.736306308332,0.689670667468,59.999999837,59.9999991894
0.86530293066,0.499554415495,0.865171718269,0.499481568502,0.736306308332,0.689670667468,59.999999837,59.9999991894
0.86532473863,0.499568401117,0.865197551701,0.4994977355,0.736306308332,0.689670667468,59.999999837,59.9999991894
0.865346221625,0.499582150475,0.865222996395,0.499513635344,0.736306308332,0.689670667468,59.999999837,59.9999991894
0.865367379262,0.499595664076,0.865248051992,0.499529268474,0.736306308332,0.689670667468,59.999999837,59.9999991894
0.865388211159,0.499608942428,0.865272718134,0.499544635331,0.736306308332,0.689670667468,59.999999837,59.9999991894
0.865408716938,0.49962198604,0.865296994462,0.499559736357,0.736306308332,0.689670667468,59.999999837,59.9999991894
0.86542889622,0.499634795417,0.865320880623,0.499574571991,0.736306308332,0.689670667468,59.999999837,59.9999991894
0.865448748629,0.499647371064,0.865344376263,0.499589142676,0.736306308332,0.689670667468,59.999999837,59.9999991894
0.865468273411,0.499659714148,0.86536748103,0.499603448851,0.736306308332,0.689670667468,59.999999837,59.9999991894
0.865487469282,0.499671826751,0.865390194575,0.499617490957,0.736306308332,0.689670667468,59.999999837,59.9999991894
0.865506335349,0.499683710279,0.865412516551,0.499631269434,0.736306308332,0.689670667468,59.999999837,59.9999991894
0.865524871259,0.499695365211,0.86543444661,0.499644784719,0.736306308332,0.689670667468,59.999999837,59.9999991894
0.86554307666,0.499706792021,0.865455984411,0.499658037251,0.736306308332,0.689670667468,59.999999837,59.9999991894
0.8655609512,0.499717991188,0.865477128927,0.499671028655,0.736306308332,0.689670667468,59.999999837,59.9999991894
0.865578494532,0.499728963188,0.865497879082,0.499683760639,0.736306308332,0.689670667468,59.999999837,59.9999991894
0.865595706305,0.499739708499,0.865518234496,0.499696233717,0.736306308332,0.689670667468,59.999999837,59.9999991894
0.865612586173,0.499750227599,0.865538194845,0.499708448303,0.736306308332,0.689670667468,59.999999837,59.9999991894
0.86562913379,0.499760520964,0.86555775981,0.499720404808,0.736306308332,0.689670667468,59.999999837,59.9999991894
0.865645348812,0.499770589074,0.865576929069,0.499732103649,0.736306308332,0.689670667468,59.999999837,59.9999991894
0.865661230895,0.499780432405,0.865595702306,0.499743545237,0.736306308332,0.689670667468,59.999999837,59.9999991894
0.865676779699,0.499790051436,0.865614079203,0.499754729989,0.736306308332,0.689670667468,59.999999837,59.9999991894
0.865691994884,0.499799446644,0.865632059444,0.49976565832,0.736306308332,0.689670667468,59.999999837,59.9999991894
0.86570687611,0.499808618505,0.865649642718,0.499776330643,0.736306308332,0.689670667468,59.999999837,59.9999991894
0.865721423042,0.499817567496,0.86566682871,0.499786747374,0.736306308332,0.689670667468,59.999999837,59.9999991894
0.865735635346,0.499826294093,0.865683617112,0.499796908928,0.736306308332,0.689670667468,59.999999837,59.9999991894
0.865749512688,0.499834798769,0.865700007615,0.49980681572,0.736306308332,0.689670667468,59.999999837,59.9999991894
0.865763054739,0.499843081997,0.865715999912,0.499816468164,0.736306308332,0.689670667468,59.999999837,59.9999991894
0.86577626117,0.49985114425,0.865731593699,0.499825866672,0.736306308332,0.689670667468,59.999999837,59.9999991894
0.865789131657,0.499858985995,0.865746788673,0.49983501166,0.736306308332,0.689670667468,59.999999837,59.9999991894
0.865801665877,0.499866607698,0.865761584534,0.499843903537,0.736306308332,0.689670667468,59.999999837,59.9999991894
0.865813863511,0.499874009824,0.865775980985,0.499852542714,0.736306308332,0.689670667468,59.999999837,59.9999991894
0.865825724245,0.499881192829,0.865789977731,0.4998609296,0.736306308332,0.689670667468,59.999999837,59.9999991894
0.865837247769,0.499888157166,0.86580357448,0.499869064599,0.736306308332,0.689670667468,59.999999837,59.9999991894
0.865848433778,0.49989490328,0.865816770944,0.499876948114,0.736306308332,0.689670667468,59.999999837,59.9999991894
0.865859281357,0.499901432678,0.86582956684,0.499884580544,0.736306308332,0.689670667468,59.999999837,59.9999991894
0.865869789009,0.499907747873,0.865841961889,0.499891962279,0.736306308332,0.689670667468,59.999999837,59.9999991894
0.865879955871,0.499913850289,0.865853955774,0.49989909378,0.736306308332,0.689670667468,59.999999837,59.9999991894
0.865889781679,0.499919740307,0.865865547247,0.499905977123,0.736306308332,0.689670667468,59.999999837,59.9999991894
0.865899266173,0.499925418309,0.865876735119,0.499912614287,0.736306308332,0.689670667468,59.999999837,59.9999991894
0.865908409093,0.49993088468,0.865887519153,0.499919005603,0.736306308332,0.689670667468,59.999999837,59.9999991894
0.865917210179,0.499936139803,0.865897899112,0.499925151405,0.736306308332,0.689670667468,59.999999837,59.9999991894
0.865925669173,0.499941184063,0.86590787476,0.499931052026,0.736306308332,0.689670667468,59.999999837,59.9999991894
0.865933785818,0.499946017844,0.865917445864,0.499936707801,0.736306308332,0.689670667468,59.999999837,59.9999991894
0.865941559858,0.499950641534,0.865926612191,0.499942119065,0.736306308332,0.689670667468,59.999999837,59.9999991894
0.865948991038,0.499955055517,0.86593537351,0.499947286154,0.736306308332,0.689670667468,59.999999837,59.9999991894
0.865956079103,0.499959260183,0.86594372959,0.499952209406,0.736306308332,0.689670667468,59.999999837,59.9999991894
0.865962823802,0.499963255918,0.865951680202,0.499956889158,0.736306308332,0.689670667468,59.999999837,59.9999991894
0.865969224882,0.499967043111,0.865959225119,0.499961325747,0.736306308332,0.689670667468,59.999999837,59.9999991894
0.865975282092,0.499970622152,0.865966364113,0.499965519514,0.736306308332,0.689670667468,59.999999837,59.9999991894
0.865980995182,0.49997399343,0.86597309696,0.499969470798,0.736306308332,0.689670667468,59.999999837,59.9999991894
0.865986363903,0.499977157336,0.865979423435,0.49997317994,0.736306308332,0.689670667468,59.999999837,59.9999991894
0.865991388008,0.499980114261,0.865985343315,0.499976647281,0.736306308332,0.689670667468,59.999999837,59.9999991894
0.86599606725,0.499982864596,0.865990856379,0.499979873163,0.736306308332,0.689670667468,59.999999837,59.9999991894
0.866000401384,0.499985408735,0.865995962407,0.499982857928,0.736306308332,0.689670667468,59.999999837,59.9999991894
0.866004390163,0.49998774707,0.866000661178,0.499985601922,0.736306308332,0.689670667468,59.999999837,59.9999991894
0.866008033346,0.499989879995,0.866004952475,0.499988105487,0.736306308332,0.689670667468,59.999999837,59.9999991894
0.866011330689,0.499991807905,0.866008836082,0.49999036897,0.736306308332,0.689670667468,59.999999837,59.9999991894
0.866014281951,0.499993531193,0.866012311783,0.499992392715,0.736306308332,0.689670667468,59.999999837,59.9999991894
0.866016886892,0.499995050257,0.866015379363,0.499994177069,0.736306308332,0.689670667468,59.999999837,59.9999991894
0.866019145271,0.499996365492,0.86601803861,0.49999572238,0.736306308332,0.689670667468,59.999999837,59.9999991894
0.866021056851,0.499997477295,0.866020289312,0.499997028995,0.736306308332,0.689670667468,59.999999837,59.9999991894
0.866022621395,0.499998386064,0.866022131259,0.499998097264,0.736306308332,0.689670667468,59.999999837,59.9999991894
0.866023838666,0.499999092197,0.86602356424,0.499998927536,0.736306308332,0.689670667468,59.999999837,59.9999991894
0.866024708429,0.499999596092,0.866024588049,0.499999520161,0.736306308332,0.689670667468,59.999999837,59.9999991894
0.86602523045,0.499999898149,0.866025202478,0.499999875489,0.736306308332,0.689670667468,59.999999837,59.9999991894
0.866025404496,0.499999998768,0.866025407322,0.499999993874,0.736306308332,0.689670667468,59.999999837,59.9999991894
