x_coordinate_over_R,y_coordinate_over_R,x_proper_over_R,y_proper_over_R,q_coordinate,q_proper,delta_coordinate_deg,delta_proper_deg
0.793353343594,-0.608761424705,0.793353327987,-0.608761445044,0.673337691015,0.602902390526,74.9999993784,75.0000023162
0.793353146095,-0.60876127299,0.793353087871,-0.608761260659,0.673337691015,0.602902390526,74.9999993784,75.0000023162
0.793352553763,-0.608760817634,0.793352367656,-0.608760707332,0.673337691015,0.602902390526,74.9999993784,75.0000023162
0.793351566927,-0.608760058212,0.79335116761,-0.608759784719,0.673337691015,0.602902390526,74.9999993784,75.0000023162
0.793350185914,-0.608758994302,0.793349488001,-0.608758492476,0.673337691015,0.602902390526,74.9999993784,75.0000023162
0.793348411056,-0.608757625482,0.793347329102,-0.608756830262,0.673337691015,0.602902390526,74.9999993784,75.0000023162
0.793346242684,-0.608755951331,0.793344691182,-0.608754797736,0.673337691015,0.602902390526,74.9999993784,75.0000023162
0.793343681131,-0.608753971429,0.793341574516,-0.608752394558,0.673337691015,0.602902390526,74.9999993784,75.0000023162
0.793340726731,-0.608751685356,0.793337979378,-0.60874962039,0.673337691015,0.602902390526,74.9999993784,75.0000023162
0.793337379819,-0.608749092695,0.793333906046,-0.608746474895,0.673337691015,0.602902390526,74.9999993784,75.0000023162
0.793333640731,-0.608746193029,0.793329354795,-0.608742957736,0.673337691015,0.602902390526,74.9999993784,75.0000023162
0.793329509806,-0.608742985941,0.793324325907,-0.608739068578,0.673337691015,0.602902390526,74.9999993784,75.0000023162
0.793324987382,-0.608739471015,0.793318819661,-0.608734807087,0.673337691015,0.602902390526,74.9999993784,75.0000023162
0.793320073799,-0.608735647838,0.79331283634,-0.608730172931,0.673337691015,0.602902390526,74.9999993784,75.0000023162
0.793314769399,-0.608731515997,0.793306376227,-0.608725165778,0.673337691015,0.602902390526,74.9999993784,75.0000023162
0.793309074522,-0.608727075078,0.793299439608,-0.608719785297,0.673337691015,0.602902390526,74.9999993784,75.0000023162
0.793302989514,-0.608722324669,0.793292026768,-0.608714031159,0.673337691015,0.602902390526,74.9999993784,75.0000023162
0.793296514718,-0.608717264362,0.793284137996,-0.608707903035,0.673337691015,0.602902390526,74.9999993784,75.0000023162
0.793289650481,-0.608711893745,0.793275773581,-0.6087014006,0.673337691015,0.602902390526,74.9999993784,75.0000023162
0.79328239715,-0.608706212411,0.793266933813,-0.608694523525,0.673337691015,0.602902390526,74.9999993784,75.0000023162
0.793274755072,-0.608700219951,0.793257618986,-0.608687271488,0.673337691015,0.602902390526,74.9999993784,75.0000023162
0.793266724598,-0.608693915959,0.793247829393,-0.608679644164,0.673337691015,0.602902390526,74.9999993784,75.0000023162
0.793258306077,-0.608687300029,0.793237565329,-0.608671641231,0.673337691015,0.602902390526,74.9999993784,75.0000023162
0.793249499863,-0.608680371757,0.79322682709,-0.608663262367,0.673337691015,0.602902390526,74.9999993784,75.0000023162
0.793240306306,-0.608673130738,0.793215614975,-0.608654507252,0.673337691015,0.602902390526,74.9999993784,75.0000023162
0.793230725762,-0.60866557657,0.793203929282,-0.608645375568,0.673337691015,0.602902390526,74.9999993784,75.0000023162
0.793220758587,-0.608657708851,0.793191770685,-0.608635866513,0.673337691015,0.602902390526,74.9999993784,75.0000023162
0.793210405135,-0.60864952718,0.793179140638,-0.608625978267,0.673337691015,0.602902390526,74.9999993784,75.0000023162
0.793199665765,-0.608641031157,0.793166040246,-0.608615709472,0.673337691015,0.602902390526,74.9999993784,75.0000023162
0.793188541907,-0.608632218987,0.793152469859,-0.608605059753,0.673337691015,0.602902390526,74.9999993784,75.0000023162
0.79317703549,-0.608623088227,0.793138429836,-0.608594028731,0.673337691015,0.602902390526,74.9999993784,75.0000023162
0.793165147398,-0.608613637799,0.79312392054,-0.608582616022,0.673337691015,0.602902390526,74.9999993784,75.0000023162
0.793152878048,-0.608603867233,0.79310894234,-0.608570821237,0.673337691015,0.602902390526,74.9999993784,75.0000023162
0.793140227869,-0.608593776053,0.793093495608,-0.608558643986,0.673337691015,0.602902390526,74.9999993784,75.0000023162
0.793127197292,-0.608583363774,0.793077580721,-0.608546083876,0.673337691015,0.602902390526,74.9999993784,75.0000023162
0.793113786755,-0.608572629911,0.793061198059,-0.608533140514,0.673337691015,0.602902390526,74.9999993784,75.0000023162
0.793099996701,-0.608561573972,0.793044348006,-0.608519813505,0.673337691015,0.602902390526,74.9999993784,75.0000023162
0.793085827576,-0.608550195465,0.793027030946,-0.608506102455,0.673337691015,0.602902390526,74.9999993784,75.0000023162
0.793071279829,-0.608538493894,0.793009247267,-0.608492006969,0.673337691015,0.602902390526,74.9999993784,75.0000023162
0.793056353913,-0.608526468764,0.792990997361,-0.608477526651,0.673337691015,0.602902390526,74.9999993784,75.0000023162
0.793041050282,-0.608514119578,0.792972281618,-0.608462661107,0.673337691015,0.602902390526,74.9999993784,75.0000023162
0.793025369395,-0.608501445837,0.792953100435,-0.608447409942,0.673337691015,0.602902390526,74.9999993784,75.0000023162
0.793009311711,-0.608488447043,0.792933454207,-0.608431772761,0.673337691015,0.602902390526,74.9999993784,75.0000023162
0.792992877692,-0.608475122698,0.792913343333,-0.608415749173,0.673337691015,0.602902390526,74.9999993784,75.0000023162
0.792976067802,-0.608461472304,0.792892768213,-0.608399338783,0.673337691015,0.602902390526,74.9999993784,75.0000023162
0.792958882506,-0.608447495361,0.792871729249,-0.6083825412,0.673337691015,0.602902390526,74.9999993784,75.0000023162
0.792941322272,-0.608433191371,0.792850226844,-0.608365356032,0.673337691015,0.602902390526,74.9999993784,75.0000023162
0.792923387569,-0.608418559837,0.792828261593,-0.608347782644,0.673337691015,0.602902390526,74.9999993784,75.0000023162
0.792905078867,-0.60840360026,0.792805834768,-0.608329819517,0.673337691015,0.602902390526,74.9999993784,75.0000023162
0.792886396639,-0.608388312144,0.792782947464,-0.608311465367,0.673337691015,0.602902390526,74.9999993784,75.0000023162
0.792867341358,-0.608372694993,0.792759600115,-0.608292719779,0.673337691015,0.602902390526,74.9999993784,75.0000023162
0.7928479135,-0.60835674831,0.792735793152,-0.608273582338,0.673337691015,0.602902390526,74.9999993784,75.0000023162
0.792828114028,-0.608340470964,0.792711527012,-0.608254052627,0.673337691015,0.602902390526,74.9999993784,75.0000023162
0.792807944594,-0.608323860931,0.792686802135,-0.608234130231,0.673337691015,0.602902390526,74.9999993784,75.0000023162
0.792787406377,-0.608306916806,0.792661618961,-0.608213814733,0.673337691015,0.602902390526,74.9999993784,75.0000023162
0.792766499883,-0.608289638063,0.792635977933,-0.608193105719,0.673337691015,0.602902390526,74.9999993784,75.0000023162
0.79274522562,-0.608272024174,0.792609879498,-0.608172002771,0.673337691015,0.602902390526,74.9999993784,75.0000023162
0.792723584099,-0.608254074611,0.792583324102,-0.608150505475,0.673337691015,0.602902390526,74.9999993784,75.0000023162
0.792701575833,-0.608235788846,0.792556312196,-0.608128613416,0.673337691015,0.602902390526,74.9999993784,75.0000023162
0.792679201339,-0.608217166351,0.79252884423,-0.608106326179,0.673337691015,0.602902390526,74.9999993784,75.0000023162
0.792656461133,-0.608198206595,0.792500920658,-0.608083643351,0.673337691015,0.602902390526,74.9999993784,75.0000023162
0.792633355734,-0.608178909052,0.792472541936,-0.608060564519,0.673337691015,0.602902390526,74.9999993784,75.0000023162
0.792609885665,-0.60815927319,0.792443708525,-0.608037089262,0.673337691015,0.602902390526,74.9999993784,75.0000023162
0.792586051448,-0.608139298482,0.79241442089,-0.608013217161,0.673337691015,0.602902390526,74.9999993784,75.0000023162
0.792561853607,-0.608118984398,0.792384679491,-0.607988947805,0.673337691015,0.602902390526,74.9999993784,75.0000023162
0.79253729267,-0.608098330411,0.792354484792,-0.607964280785,0.673337691015,0.602902390526,74.9999993784,75.0000023162
0.792512369165,-0.608077335993,0.792323837254,-0.60793921569,0.673337691015,0.602902390526,74.9999993784,75.0000023162
0.79248708362,-0.608056000616,0.792292737344,-0.607913752112,0.673337691015,0.602902390526,74.9999993784,75.0000023162
0.792461436573,-0.608034323745,0.792261185528,-0.607887889645,0.673337691015,0.602902390526,74.9999993784,75.0000023162
0.792435428564,-0.608012304845,0.792229182276,-0.60786162788,0.673337691015,0.602902390526,74.9999993784,75.0000023162
0.79240906013,-0.607989943386,0.792196728056,-0.607834966413,0.673337691015,0.602902390526,74.9999993784,75.0000023162
0.792382331805,-0.607967238843,0.792163823341,-0.607807904839,0.673337691015,0.602902390526,74.9999993784,75.0000023162
0.792355244126,-0.607944190692,0.792130468603,-0.607780442754,0.673337691015,0.602902390526,74.9999993784,75.0000023162
0.792327797632,-0.607920798408,0.792096664322,-0.607752579751,0.673337691015,0.602902390526,74.9999993784,75.0000023162
0.792299992862,-0.60789706147,0.792062410978,-0.607724315421,0.673337691015,0.602902390526,74.9999993784,75.0000023162
0.792271830356,-0.607872979353,0.792027709055,-0.607695649357,0.673337691015,0.602902390526,74.9999993784,75.0000023162
0.792243310657,-0.607848551537,0.791992559029,-0.607666581162,0.673337691015,0.602902390526,74.9999993784,75.0000023162
0.792214434308,-0.607823777502,0.791956961383,-0.607637110436,0.673337691015,0.602902390526,74.9999993784,75.0000023162
0.792185201853,-0.607798656726,0.791920916598,-0.607607236782,0.673337691015,0.602902390526,74.9999993784,75.0000023162
0.792155613838,-0.607773188691,0.791884425158,-0.607576959804,0.673337691015,0.602902390526,74.9999993784,75.0000023162
0.79212567081,-0.607747372879,0.791847487547,-0.607546279106,0.673337691015,0.602902390526,74.9999993784,75.0000023162
0.792095373328,-0.607721208759,0.791810104253,-0.607515194295,0.673337691015,0.602902390526,74.9999993784,75.0000023162
0.792064721947,-0.607694695805,0.791772275762,-0.607483704978,0.673337691015,0.602902390526,74.9999993784,75.0000023162
0.792033717218,-0.607667833502,0.791734002569,-0.607451810757,0.673337691015,0.602902390526,74.9999993784,75.0000023162
0.792002359694,-0.607640621334,0.791695285172,-0.607419511232,0.673337691015,0.602902390526,74.9999993784,75.0000023162
0.791970649927,-0.607613058789,0.791656124066,-0.607386806008,0.673337691015,0.602902390526,74.9999993784,75.0000023162
0.791938588471,-0.607585145353,0.791616519744,-0.607353694699,0.673337691015,0.602902390526,74.9999993784,75.0000023162
0.79190617588,-0.607556880515,0.791576472701,-0.607320176917,0.673337691015,0.602902390526,74.9999993784,75.0000023162
0.791873412711,-0.607528263765,0.791535983434,-0.607286252275,0.673337691015,0.602902390526,74.9999993784,75.0000023162
0.791840299521,-0.607499294592,0.79149505244,-0.60725192039,0.673337691015,0.602902390526,74.9999993784,75.0000023162
0.791806836869,-0.607469972488,0.791453680219,-0.607217180876,0.673337691015,0.602902390526,74.9999993784,75.0000023162
0.791773025315,-0.607440296943,0.79141186727,-0.607182033352,0.673337691015,0.602902390526,74.9999993784,75.0000023162
0.791738865429,-0.607410267437,0.791369614102,-0.607146477427,0.673337691015,0.602902390526,74.9999993784,75.0000023162
0.791704357783,-0.607379883454,0.791326921227,-0.607110512711,0.673337691015,0.602902390526,74.9999993784,75.0000023162
0.791669502938,-0.60734914449,0.79128378915,-0.607074138823,0.673337691015,0.602902390526,74.9999993784,75.0000023162
0.791634301458,-0.607318050039,0.791240218379,-0.607037355384,0.673337691015,0.602902390526,74.9999993784,75.0000023162
0.791598753908,-0.607286599601,0.791196209419,-0.607000162019,0.673337691015,0.602902390526,74.9999993784,75.0000023162
0.791562860854,-0.607254792673,0.79115176278,-0.60696255835,0.673337691015,0.602902390526,74.9999993784,75.0000023162
0.791526622862,-0.607222628756,0.791106878972,-0.606924544005,0.673337691015,0.602902390526,74.9999993784,75.0000023162
0.791490040501,-0.607190107348,0.791061558507,-0.60688611861,0.673337691015,0.602902390526,74.9999993784,75.0000023162
0.79145311434,-0.607157227954,0.791015801903,-0.606847281785,0.673337691015,0.602902390526,74.9999993784,75.0000023162
0.791415844952,-0.607123990068,0.790969609683,-0.606808033147,0.673337691015,0.602902390526,74.9999993784,75.0000023162
0.79137823292,-0.607090393181,0.790922982365,-0.606768372324,0.673337691015,0.602902390526,74.9999993784,75.0000023162
0.791340278823,-0.60705643679,0.790875920467,-0.606728298948,0.673337691015,0.602902390526,74.9999993784,75.0000023162
0.791301983232,-0.607022120399,0.790828424505,-0.606687812651,0.673337691015,0.602902390526,74.9999993784,75.0000023162
0.791263346724,-0.606987443517,0.790780495001,-0.606646913068,0.673337691015,0.602902390526,74.9999993784,75.0000023162
0.791224369871,-0.606952405651,0.790732132473,-0.606605599833,0.673337691015,0.602902390526,74.9999993784,75.0000023162
0.791185053252,-0.60691700631,0.790683337448,-0.606563872581,0.673337691015,0.602902390526,74.9999993784,75.0000023162
0.791145397441,-0.606881245006,0.790634110458,-0.606521730936,0.673337691015,0.602902390526,74.9999993784,75.0000023162
0.791105403019,-0.606845121249,0.790584452035,-0.606479174529,0.673337691015,0.602902390526,74.9999993784,75.0000023162
0.791065070569,-0.606808634544,0.790534362705,-0.606436203,0.673337691015,0.602902390526,74.9999993784,75.0000023162
0.791024400684,-0.60677178439,0.790483842995,-0.60639281599,0.673337691015,0.602902390526,74.9999993784,75.0000023162
0.79098339395,-0.606734570293,0.790432893434,-0.606349013141,0.673337691015,0.602902390526,74.9999993784,75.0000023162
0.790942050949,-0.606696991769,0.790381514552,-0.606304794098,0.673337691015,0.602902390526,74.9999993784,75.0000023162
0.790900372265,-0.606659048336,0.790329706884,-0.606260158502,0.673337691015,0.602902390526,74.9999993784,75.0000023162
0.790858358481,-0.606620739511,0.790277470971,-0.606215105986,0.673337691015,0.602902390526,74.9999993784,75.0000023162
0.790816010182,-0.606582064814,0.790224807356,-0.606169636189,0.673337691015,0.602902390526,74.9999993784,75.0000023162
0.790773327954,-0.606543023765,0.790171716574,-0.606123748758,0.673337691015,0.602902390526,74.9999993784,75.0000023162
0.790730312388,-0.606503615882,0.790118199161,-0.606077443345,0.673337691015,0.602902390526,74.9999993784,75.0000023162
0.790686964083,-0.60646384067,0.790064255655,-0.606030719601,0.673337691015,0.602902390526,74.9999993784,75.0000023162
0.790643283638,-0.60642369764,0.790009886595,-0.605983577177,0.673337691015,0.602902390526,74.9999993784,75.0000023162
0.790599271643,-0.606383186319,0.789955092529,-0.605936015717,0.673337691015,0.602902390526,74.9999993784,75.0000023162
0.790554928687,-0.606342306233,0.789899874011,-0.605888034864,0.673337691015,0.602902390526,74.9999993784,75.0000023162
0.790510255363,-0.606301056907,0.789844231585,-0.605839634269,0.673337691015,0.602902390526,74.9999993784,75.0000023162
0.790465252262,-0.606259437872,0.789788165796,-0.605790813589,0.673337691015,0.602902390526,74.9999993784,75.0000023162
0.790419919979,-0.606217448655,0.78973167719,-0.605741572483,0.673337691015,0.602902390526,74.9999993784,75.0000023162
0.790374259116,-0.606175088779,0.789674766314,-0.605691910612,0.673337691015,0.602902390526,74.9999993784,75.0000023162
0.790328270281,-0.606132357756,0.789617433722,-0.605641827628,0.673337691015,0.602902390526,74.9999993784,75.0000023162
0.790281954077,-0.606089255113,0.789559679973,-0.605591323181,0.673337691015,0.602902390526,74.9999993784,75.0000023162
0.790235311099,-0.606045780384,0.789501505625,-0.605540396926,0.673337691015,0.602902390526,74.9999993784,75.0000023162
0.790188341947,-0.606001933104,0.789442911229,-0.605489048528,0.673337691015,0.602902390526,74.9999993784,75.0000023162
0.79014104722,-0.605957712809,0.789383897339,-0.605437277654,0.673337691015,0.602902390526,74.9999993784,75.0000023162
0.790093427516,-0.605913119038,0.78932446451,-0.60538508397,0.673337691015,0.602902390526,74.9999993784,75.0000023162
0.790045483442,-0.605868151323,0.789264613303,-0.605332467137,0.673337691015,0.602902390526,74.9999993784,75.0000023162
0.789997215614,-0.605822809185,0.789204344288,-0.60527942681,0.673337691015,0.602902390526,74.9999993784,75.0000023162
0.789948624644,-0.605777092154,0.789143658027,-0.605225962654,0.673337691015,0.602902390526,74.9999993784,75.0000023162
0.789899711134,-0.60573099977,0.789082555082,-0.605172074339,0.673337691015,0.602902390526,74.9999993784,75.0000023162
0.78985047569,-0.605684531579,0.789021036011,-0.605117761541,0.673337691015,0.602902390526,74.9999993784,75.0000023162
0.789800918917,-0.605637687124,0.788959101379,-0.605063023933,0.673337691015,0.602902390526,74.9999993784,75.0000023162
0.789751041421,-0.605590465952,0.788896751758,-0.605007861179,0.673337691015,0.602902390526,74.9999993784,75.0000023162
0.789700843815,-0.605542867601,0.788833987725,-0.604952272941,0.673337691015,0.602902390526,74.9999993784,75.0000023162
0.789650326723,-0.605494891599,0.788770809848,-0.604896258894,0.673337691015,0.602902390526,74.9999993784,75.0000023162
0.789599490762,-0.605446537485,0.788707218694,-0.604839818719,0.673337691015,0.602902390526,74.9999993784,75.0000023162
0.78954833654,-0.605397804811,0.788643214831,-0.604782952096,0.673337691015,0.602902390526,74.9999993784,75.0000023162
0.789496864669,-0.605348693127,0.788578798834,-0.604725658702,0.673337691015,0.602902390526,74.9999993784,75.0000023162
0.789445075761,-0.605299201986,0.788513971287,-0.604667938205,0.673337691015,0.602902390526,74.9999993784,75.0000023162
0.789392970427,-0.605249330943,0.788448732768,-0.604609790278,0.673337691015,0.602902390526,74.9999993784,75.0000023162
0.789340549294,-0.605199079536,0.788383083852,-0.604551214609,0.673337691015,0.602902390526,74.9999993784,75.0000023162
0.789287812992,-0.6051484473,0.788317025113,-0.604492210884,0.673337691015,0.602902390526,74.9999993784,75.0000023162
0.789234762137,-0.60509743379,0.788250557129,-0.604432778791,0.673337691015,0.602902390526,74.9999993784,75.0000023162
0.789181397346,-0.605046038567,0.788183680488,-0.604372918003,0.673337691015,0.602902390526,74.9999993784,75.0000023162
0.789127719235,-0.604994261189,0.788116395782,-0.604312628196,0.673337691015,0.602902390526,74.9999993784,75.0000023162
0.789073728421,-0.604942101219,0.788048703589,-0.604251909061,0.673337691015,0.602902390526,74.9999993784,75.0000023162
0.789019425532,-0.604889558206,0.787980604492,-0.604190760294,0.673337691015,0.602902390526,74.9999993784,75.0000023162
0.788964811203,-0.604836631692,0.78791209907,-0.604129181588,0.673337691015,0.602902390526,74.9999993784,75.0000023162
0.788909886061,-0.604783321236,0.787843187922,-0.604067172624,0.673337691015,0.602902390526,74.9999993784,75.0000023162
0.788854650727,-0.604729626401,0.787773871644,-0.604004733081,0.673337691015,0.602902390526,74.9999993784,75.0000023162
0.788799105823,-0.604675546757,0.787704150822,-0.603941862658,0.673337691015,0.602902390526,74.9999993784,75.0000023162
0.78874325197,-0.60462108187,0.787634026043,-0.603878561055,0.673337691015,0.602902390526,74.9999993784,75.0000023162
0.788687089801,-0.6045662313,0.787563497897,-0.603814827972,0.673337691015,0.602902390526,74.9999993784,75.0000023162
0.788630619956,-0.604510994596,0.787492566984,-0.603750663094,0.673337691015,0.602902390526,74.9999993784,75.0000023162
0.78857384307,-0.604455371319,0.787421233911,-0.603686066108,0.673337691015,0.602902390526,74.9999993784,75.0000023162
0.788516759766,-0.604399361043,0.787349499267,-0.60362103672,0.673337691015,0.602902390526,74.9999993784,75.0000023162
0.788459370672,-0.604342963343,0.787277363646,-0.603555574634,0.673337691015,0.602902390526,74.9999993784,75.0000023162
0.788401676416,-0.604286177794,0.787204827645,-0.603489679556,0.673337691015,0.602902390526,74.9999993784,75.0000023162
0.788343677636,-0.604229003959,0.787131891874,-0.603423351174,0.673337691015,0.602902390526,74.9999993784,75.0000023162
0.788285374981,-0.604171441391,0.78705855694,-0.603356589186,0.673337691015,0.602902390526,74.9999993784,75.0000023162
0.788226769084,-0.604113489665,0.78698482344,-0.603289393304,0.673337691015,0.602902390526,74.9999993784,75.0000023162
0.788167860576,-0.604055148362,0.786910691973,-0.603221763238,0.673337691015,0.602902390526,74.9999993784,75.0000023162
0.788108650088,-0.603996417062,0.786836163148,-0.603153698694,0.673337691015,0.602902390526,74.9999993784,75.0000023162
0.788049138255,-0.603937295347,0.78676123758,-0.603085199368,0.673337691015,0.602902390526,74.9999993784,75.0000023162
0.787989325725,-0.60387778278,0.786685915877,-0.603016264967,0.673337691015,0.602902390526,74.9999993784,75.0000023162
0.787929213151,-0.603817878924,0.786610198644,-0.60294689521,0.673337691015,0.602902390526,74.9999993784,75.0000023162
0.787868801166,-0.603757583365,0.786534086485,-0.602877089816,0.673337691015,0.602902390526,74.9999993784,75.0000023162
0.787808090405,-0.603696895693,0.78645758002,-0.602806848485,0.673337691015,0.602902390526,74.9999993784,75.0000023162
0.787747081505,-0.603635815495,0.786380679872,-0.602736170921,0.673337691015,0.602902390526,74.9999993784,75.0000023162
0.787685775114,-0.603574342349,0.786303386649,-0.602665056846,0.673337691015,0.602902390526,74.9999993784,75.0000023162
0.787624171887,-0.603512475822,0.78622570096,-0.602593505984,0.673337691015,0.602902390526,74.9999993784,75.0000023162
0.78756227247,-0.603450215498,0.786147623425,-0.60252151805,0.673337691015,0.602902390526,74.9999993784,75.0000023162
0.787500077502,-0.603387560971,0.786069154669,-0.602449092751,0.673337691015,0.602902390526,74.9999993784,75.0000023162
0.787437587624,-0.603324511837,0.785990295313,-0.602376229805,0.673337691015,0.602902390526,74.9999993784,75.0000023162
0.78737480348,-0.603261067685,0.785911045971,-0.602302928944,0.673337691015,0.602902390526,74.9999993784,75.0000023162
0.787311725732,-0.603197228088,0.785831407262,-0.602229189892,0.673337691015,0.602902390526,74.9999993784,75.0000023162
0.787248355035,-0.60313299263,0.785751379817,-0.60215501236,0.673337691015,0.602902390526,74.9999993784,75.0000023162
0.787184692031,-0.603068360909,0.785670964265,-0.602080396068,0.673337691015,0.602902390526,74.9999993784,75.0000023162
0.787120737365,-0.603003332528,0.785590161225,-0.60200534075,0.673337691015,0.602902390526,74.9999993784,75.0000023162
0.787056491682,-0.602937907087,0.785508971318,-0.60192984614,0.673337691015,0.602902390526,74.9999993784,75.0000023162
0.786991955649,-0.602872084164,0.78542739518,-0.601853911955,0.673337691015,0.602902390526,74.9999993784,75.0000023162
0.786927129926,-0.602805863344,0.785345433448,-0.601777537913,0.673337691015,0.602902390526,74.9999993784,75.0000023162
0.786862015162,-0.602739244233,0.785263086746,-0.601700723755,0.673337691015,0.602902390526,74.9999993784,75.0000023162
0.786796612001,-0.602672226439,0.785180355697,-0.601623469221,0.673337691015,0.602902390526,74.9999993784,75.0000023162
0.786730921097,-0.602604809568,0.785097240942,-0.601545774034,0.673337691015,0.602902390526,74.9999993784,75.0000023162
0.786664943115,-0.602536993205,0.785013743124,-0.601467637917,0.673337691015,0.602902390526,74.9999993784,75.0000023162
0.786598678724,-0.60246877694,0.784929862871,-0.601389060612,0.673337691015,0.602902390526,74.9999993784,75.0000023162
0.786532128574,-0.602400160385,0.784845600812,-0.601310041865,0.673337691015,0.602902390526,74.9999993784,75.0000023162
0.786465293315,-0.602331143154,0.784760957592,-0.601230581406,0.673337691015,0.602902390526,74.9999993784,75.0000023162
0.786398173604,-0.602261724858,0.784675933858,-0.601150678962,0.673337691015,0.602902390526,74.9999993784,75.0000023162
0.786330770112,-0.602191905086,0.784590530244,-0.601070334279,0.673337691015,0.602902390526,74.9999993784,75.0000023162
0.786263083509,-0.602121683437,0.784504747384,-0.600989547108,0.673337691015,0.602902390526,74.9999993784,75.0000023162
0.786195114448,-0.602051059529,0.784418585927,-0.600908317184,0.673337691015,0.602902390526,74.9999993784,75.0000023162
0.786126863583,-0.601980032984,0.784332046524,-0.600826644237,0.673337691015,0.602902390526,74.9999993784,75.0000023162
0.786058331579,-0.601908603411,0.784245129815,-0.60074452802,0.673337691015,0.602902390526,74.9999993784,75.0000023162
0.785989519111,-0.601836770406,0.784157836437,-0.60066196829,0.673337691015,0.602902390526,74.9999993784,75.0000023162
0.785920426849,-0.60176453358,0.784070167046,-0.600578964782,0.673337691015,0.602902390526,74.9999993784,75.0000023162
0.785851055448,-0.601691892556,0.783982122299,-0.600495517233,0.673337691015,0.602902390526,74.9999993784,75.0000023162
0.785781405567,-0.601618846964,0.783893702836,-0.600411625402,0.673337691015,0.602902390526,74.9999993784,75.0000023162
0.78571147788,-0.601545396409,0.783804909303,-0.600327289049,0.673337691015,0.602902390526,74.9999993784,75.0000023162
0.785641273067,-0.601471540494,0.783715742361,-0.600242507912,0.673337691015,0.602902390526,74.9999993784,75.0000023162
0.785570791793,-0.601397278843,0.783626202667,-0.600157281737,0.673337691015,0.602902390526,74.9999993784,75.0000023162
0.785500034718,-0.601322611088,0.783536290867,-0.60007161029,0.673337691015,0.602902390526,74.9999993784,75.0000023162
0.785429002507,-0.601247536857,0.783446007615,-0.599985493327,0.673337691015,0.602902390526,74.9999993784,75.0000023162
0.785357695844,-0.601172055757,0.783355353575,-0.599898930595,0.673337691015,0.602902390526,74.9999993784,75.0000023162
0.785286115408,-0.601096167401,0.783264329407,-0.599811921847,0.673337691015,0.602902390526,74.9999993784,75.0000023162
0.785214261862,-0.601019871426,0.783172935761,-0.599724466855,0.673337691015,0.602902390526,74.9999993784,75.0000023162
0.78514213587,-0.60094316747,0.7830811733,-0.599636565374,0.673337691015,0.602902390526,74.9999993784,75.0000023162
0.785069738112,-0.600866055154,0.782989042692,-0.599548217155,0.673337691015,0.602902390526,74.9999993784,75.0000023162
0.784997069274,-0.600788534089,0.782896544597,-0.599459421964,0.673337691015,0.602902390526,74.9999993784,75.0000023162
0.784924130028,-0.600710603909,0.782803679669,-0.599370179575,0.673337691015,0.602902390526,74.9999993784,75.0000023162
0.78485092104,-0.600632264259,0.782710448581,-0.599280489743,0.673337691015,0.602902390526,74.9999993784,75.0000023162
0.784777442985,-0.600553514773,0.782616852007,-0.599190352222,0.673337691015,0.602902390526,74.9999993784,75.0000023162
0.784703696552,-0.60047435507,0.782522890603,-0.599099766794,0.673337691015,0.602902390526,74.9999993784,75.0000023162
0.784629682424,-0.600394784775,0.782428565036,-0.599008733226,0.673337691015,0.602902390526,74.9999993784,75.0000023162
0.784555401269,-0.600314803539,0.782333875984,-0.598917251277,0.673337691015,0.602902390526,74.9999993784,75.0000023162
0.784480853758,-0.600234411011,0.782238824117,-0.598825320719,0.673337691015,0.602902390526,74.9999993784,75.0000023162
0.784406040582,-0.600153606812,0.782143410095,-0.598732941335,0.673337691015,0.602902390526,74.9999993784,75.0000023162
0.784330962435,-0.600072390567,0.782047634599,-0.598640112889,0.673337691015,0.602902390526,74.9999993784,75.0000023162
0.784255619987,-0.599990761929,0.781951498311,-0.598546835144,0.673337691015,0.602902390526,74.9999993784,75.0000023162
0.784180013911,-0.599908720552,0.781855001896,-0.598453107887,0.673337691015,0.602902390526,74.9999993784,75.0000023162
0.784104144896,-0.599826266071,0.781758146027,-0.598358930896,0.673337691015,0.602902390526,74.9999993784,75.0000023162
0.784028013638,-0.599743398113,0.781660931392,-0.598264303939,0.673337691015,0.602902390526,74.9999993784,75.0000023162
0.783951620816,-0.59966011633,0.781563358665,-0.598169226794,0.673337691015,0.602902390526,74.9999993784,75.0000023162
0.783874967104,-0.599576420383,0.781465428518,-0.598073699254,0.673337691015,0.602902390526,74.9999993784,75.0000023162
0.783798053191,-0.599492309915,0.781367141639,-0.597977721089,0.673337691015,0.602902390526,74.9999993784,75.0000023162
0.783720879774,-0.599407784558,0.781268498716,-0.597881292073,0.673337691015,0.602902390526,74.9999993784,75.0000023162
0.78364344754,-0.599322843965,0.78116950042,-0.597784412002,0.673337691015,0.602902390526,74.9999993784,75.0000023162
0.783565757164,-0.5992374878,0.781070147438,-0.597687080659,0.673337691015,0.602902390526,74.9999993784,75.0000023162
0.783487809336,-0.599151715716,0.780970440462,-0.597589297819,0.673337691015,0.602902390526,74.9999993784,75.0000023162
0.783409604756,-0.599065527348,0.780870380172,-0.597491063274,0.673337691015,0.602902390526,74.9999993784,75.0000023162
0.783331144115,-0.598978922353,0.780769967251,-0.59739237682,0.673337691015,0.602902390526,74.9999993784,75.0000023162
0.78325242809,-0.598891900399,0.780669202396,-0.597293238235,0.673337691015,0.602902390526,74.9999993784,75.0000023162
0.783173457372,-0.598804461145,0.780568086295,-0.597193647308,0.673337691015,0.602902390526,74.9999993784,75.0000023162
0.783094232666,-0.598716604232,0.78046661963,-0.597093603843,0.673337691015,0.602902390526,74.9999993784,75.0000023162
0.783014754663,-0.598628329318,0.780364803098,-0.596993107623,0.673337691015,0.602902390526,74.9999993784,75.0000023162
0.782935024045,-0.59853963608,0.7802626374,-0.596892158434,0.673337691015,0.602902390526,74.9999993784,75.0000023162
0.782855041505,-0.598450524179,0.780160123216,-0.596790756085,0.673337691015,0.602902390526,74.9999993784,75.0000023162
0.78277480775,-0.59836099326,0.780057261246,-0.596688900368,0.673337691015,0.602902390526,74.9999993784,75.0000023162
0.782694323473,-0.598271042989,0.779954052192,-0.59658659107,0.673337691015,0.602902390526,74.9999993784,75.0000023162
0.782613589357,-0.598180673048,0.779850496743,-0.596483828,0.673337691015,0.602902390526,74.9999993784,75.0000023162
0.782532606101,-0.598089883097,0.779746595597,-0.596380610959,0.673337691015,0.602902390526,74.9999993784,75.0000023162
0.782451374415,-0.59799867279,0.779642349459,-0.596276939736,0.673337691015,0.602902390526,74.9999993784,75.0000023162
0.78236989499,-0.597907041799,0.779537759025,-0.596172814141,0.673337691015,0.602902390526,74.9999993784,75.0000023162
0.782288168512,-0.59781498981,0.779432824992,-0.59606823398,0.673337691015,0.602902390526,74.9999993784,75.0000023162
0.782206195687,-0.597722516487,0.77932754807,-0.595963199049,0.673337691015,0.602902390526,74.9999993784,75.0000023162
0.782123977224,-0.597629621485,0.77922192896,-0.595857709155,0.673337691015,0.602902390526,74.9999993784,75.0000023162
0.782041513817,-0.597536304487,0.77911596836,-0.595751764114,0.673337691015,0.602902390526,74.9999993784,75.0000023162
0.781958806151,-0.597442565185,0.779009666983,-0.595645363722,0.673337691015,0.602902390526,74.9999993784,75.0000023162
0.781875854939,-0.59734840324,0.778903025535,-0.595538507788,0.673337691015,0.602902390526,74.9999993784,75.0000023162
0.781792660895,-0.597253818313,0.778796044715,-0.595431196134,0.673337691015,0.602902390526,74.9999993784,75.0000023162
0.781709224707,-0.597158810099,0.778688725239,-0.595323428562,0.673337691015,0.602902390526,74.9999993784,75.0000023162
0.78162554707,-0.597063378288,0.778581067819,-0.595215204879,0.673337691015,0.602902390526,74.9999993784,75.0000023162
0.781541628699,-0.596967522542,0.778473073155,-0.595106524913,0.673337691015,0.602902390526,74.9999993784,75.0000023162
0.781457470304,-0.596871242538,0.778364741965,-0.59499738847,0.673337691015,0.602902390526,74.9999993784,75.0000023162
0.781373072574,-0.596774537977,0.778256074966,-0.59488779536,0.673337691015,0.602902390526,74.9999993784,75.0000023162
0.781288436214,-0.59667740854,0.778147072861,-0.594777745416,0.673337691015,0.602902390526,74.9999993784,75.0000023162
0.781203561942,-0.5965798539,0.778037736369,-0.594667238445,0.673337691015,0.602902390526,74.9999993784,75.0000023162
0.781118450462,-0.596481873744,0.777928066213,-0.594556274263,0.673337691015,0.602902390526,74.9999993784,75.0000023162
0.781033102464,-0.59638346778,0.777818063096,-0.594444852703,0.673337691015,0.602902390526,74.9999993784,75.0000023162
0.780947518665,-0.596284635684,0.777707727744,-0.59433297358,0.673337691015,0.602902390526,74.9999993784,75.0000023162
0.780861699785,-0.59618537713,0.777597060878,-0.59422063671,0.673337691015,0.602902390526,74.9999993784,75.0000023162
0.78077564652,-0.596085691826,0.777486063208,-0.594107841932,0.673337691015,0.602902390526,74.9999993784,75.0000023162
0.78068935957,-0.595985579472,0.77737473546,-0.593994589063,0.673337691015,0.602902390526,74.9999993784,75.0000023162
0.780602839659,-0.595885039747,0.777263078361,-0.593880877923,0.673337691015,0.602902390526,74.9999993784,75.0000023162
0.780516087497,-0.59578407234,0.777151092622,-0.593766708355,0.673337691015,0.602902390526,74.9999993784,75.0000023162
0.780429103781,-0.595682676969,0.777038778974,-0.593652080177,0.673337691015,0.602902390526,74.9999993784,75.0000023162
0.780341889226,-0.595580853323,0.776926138143,-0.593536993218,0.673337691015,0.602902390526,74.9999993784,75.0000023162
0.780254444555,-0.595478601084,0.776813170846,-0.593421447319,0.673337691015,0.602902390526,74.9999993784,75.0000023162
0.78016677047,-0.595375919965,0.776699877817,-0.593305442303,0.673337691015,0.602902390526,74.9999993784,75.0000023162
0.780078867676,-0.595272809677,0.776586259783,-0.593188978006,0.673337691015,0.602902390526,74.9999993784,75.0000023162
0.779990736897,-0.595169269907,0.776472317466,-0.593072054268,0.673337691015,0.602902390526,74.9999993784,75.0000023162
0.779902378851,-0.595065300353,0.776358051602,-0.592954670917,0.673337691015,0.602902390526,74.9999993784,75.0000023162
0.779813794234,-0.594960900738,0.77624346292,-0.592836827794,0.673337691015,0.602902390526,74.9999993784,75.0000023162
0.779724983769,-0.594856070762,0.776128552146,-0.592718524742,0.673337691015,0.602902390526,74.9999993784,75.0000023162
0.779635948179,-0.594750810116,0.77601332002,-0.59259976159,0.673337691015,0.602902390526,74.9999993784,75.0000023162
0.779546688171,-0.594645118522,0.775897767269,-0.592480538188,0.673337691015,0.602902390526,74.9999993784,75.0000023162
0.779457204454,-0.594538995696,0.775781894628,-0.592360854376,0.673337691015,0.602902390526,74.9999993784,75.0000023162
0.779367497755,-0.594432441334,0.775665702838,-0.592240709989,0.673337691015,0.602902390526,74.9999993784,75.0000023162
0.779277568793,-0.594325455147,0.775549192624,-0.592120104885,0.673337691015,0.602902390526,74.9999993784,75.0000023162
0.779187418268,-0.594218036867,0.77543236473,-0.591999038903,0.673337691015,0.602902390526,74.9999993784,75.0000023162
0.779097046908,-0.594110186196,0.775315219899,-0.591877511879,0.673337691015,0.602902390526,74.9999993784,75.0000023162
0.779006455442,-0.594001902834,0.775197758859,-0.591755523678,0.673337691015,0.602902390526,74.9999993784,75.0000023162
0.778915644573,-0.593893186518,0.775079982355,-0.591633074138,0.673337691015,0.602902390526,74.9999993784,75.0000023162
0.77882461502,-0.593784036966,0.774961891131,-0.591510163109,0.673337691015,0.602902390526,74.9999993784,75.0000023162
0.778733367514,-0.593674453881,0.774843485922,-0.591386790449,0.673337691015,0.602902390526,74.9999993784,75.0000023162
0.778641902769,-0.593564436992,0.774724767475,-0.591262956004,0.673337691015,0.602902390526,74.9999993784,75.0000023162
0.778550221495,-0.593453986031,0.774605736531,-0.591138659632,0.673337691015,0.602902390526,74.9999993784,75.0000023162
0.778458324425,-0.593343100706,0.774486393833,-0.591013901187,0.673337691015,0.602902390526,74.9999993784,75.0000023162
0.778366212284,-0.593231780737,0.774366740132,-0.590888680519,0.673337691015,0.602902390526,74.9999993784,75.0000023162
0.778273885774,-0.593120025871,0.774246776165,-0.590762997498,0.673337691015,0.602902390526,74.9999993784,75.0000023162
0.778181345629,-0.593007835821,0.774126502685,-0.590636851974,0.673337691015,0.602902390526,74.9999993784,75.0000023162
0.778088592583,-0.5928952103,0.774005920445,-0.590510243799,0.673337691015,0.602902390526,74.9999993784,75.0000023162
0.77799562734,-0.592782149058,0.773885030184,-0.590383172847,0.673337691015,0.602902390526,74.9999993784,75.0000023162
0.777902450628,-0.592668651821,0.773763832657,-0.590255638972,0.673337691015,0.602902390526,74.9999993784,75.0000023162
0.777809063181,-0.592554718305,0.773642328614,-0.590127642039,0.673337691015,0.602902390526,74.9999993784,75.0000023162
0.777715465713,-0.592440348257,0.773520518805,-0.589999181914,0.673337691015,0.602902390526,74.9999993784,75.0000023162
0.777621658945,-0.592325541414,0.773398403986,-0.589870258456,0.673337691015,0.602902390526,74.9999993784,75.0000023162
0.777527643612,-0.592210297496,0.773275984903,-0.589740871544,0.673337691015,0.602902390526,74.9999993784,75.0000023162
0.777433420436,-0.592094616244,0.773153262315,-0.589611021037,0.673337691015,0.602902390526,74.9999993784,75.0000023162
0.777338990134,-0.591978497408,0.773030236981,-0.589480706798,0.673337691015,0.602902390526,74.9999993784,75.0000023162
0.777244353442,-0.591861940711,0.77290690965,-0.589349928708,0.673337691015,0.602902390526,74.9999993784,75.0000023162
0.777149511088,-0.591744945891,0.772783281083,-0.589218686631,0.673337691015,0.602902390526,74.9999993784,75.0000023162
0.777054463785,-0.591627512708,0.772659352034,-0.589086980444,0.673337691015,0.602902390526,74.9999993784,75.0000023162
0.77695921227,-0.591509640888,0.772535123263,-0.588954810021,0.673337691015,0.602902390526,74.9999993784,75.0000023162
0.776863757278,-0.591391330168,0.772410595534,-0.588822175229,0.673337691015,0.602902390526,74.9999993784,75.0000023162
0.776768099518,-0.591272580315,0.772285769599,-0.588689075954,0.673337691015,0.602902390526,74.9999993784,75.0000023162
0.776672239728,-0.591153391061,0.772160646224,-0.588555512066,0.673337691015,0.602902390526,74.9999993784,75.0000023162
0.776576178648,-0.59103376214,0.772035226171,-0.588421483445,0.673337691015,0.602902390526,74.9999993784,75.0000023162
0.776479916987,-0.590913693326,0.771909510199,-0.588286989974,0.673337691015,0.602902390526,74.9999993784,75.0000023162
0.776383455482,-0.590793184356,0.771783499078,-0.588152031525,0.673337691015,0.602902390526,74.9999993784,75.0000023162
0.776286794873,-0.590672234967,0.771657193564,-0.58801660799,0.673337691015,0.602902390526,74.9999993784,75.0000023162
0.776189935874,-0.590550844935,0.771530594428,-0.587880719247,0.673337691015,0.602902390526,74.9999993784,75.0000023162
0.776092879221,-0.590429014003,0.771403702436,-0.587744365177,0.673337691015,0.602902390526,74.9999993784,75.0000023162
0.775995625653,-0.590306741913,0.771276518352,-0.587607545671,0.673337691015,0.602902390526,74.9999993784,75.0000023162
0.775898175889,-0.590184028439,0.771149042948,-0.587470260609,0.673337691015,0.602902390526,74.9999993784,75.0000023162
0.775800530661,-0.590060873334,0.771021276985,-0.587332509887,0.673337691015,0.602902390526,74.9999993784,75.0000023162
0.775702690714,-0.589937276341,0.770893221237,-0.587194293389,0.673337691015,0.602902390526,74.9999993784,75.0000023162
0.775604656764,-0.589813237236,0.770764876478,-0.587055611001,0.673337691015,0.602902390526,74.9999993784,75.0000023162
0.775506429547,-0.589688755778,0.770636243472,-0.586916462621,0.673337691015,0.602902390526,74.9999993784,75.0000023162
0.775408009807,-0.589563831713,0.770507322997,-0.586776848134,0.673337691015,0.602902390526,74.9999993784,75.0000023162
0.775309398262,-0.589438464821,0.770378115817,-0.586636767442,0.673337691015,0.602902390526,74.9999993784,75.0000023162
0.775210595648,-0.589312654862,0.770248622712,-0.586496220435,0.673337691015,0.602902390526,74.9999993784,75.0000023162
0.77511160271,-0.58918640159,0.770118844456,-0.586355207007,0.673337691015,0.602902390526,74.9999993784,75.0000023162
0.775012420167,-0.589059704786,0.769988781821,-0.586213727059,0.673337691015,0.602902390526,74.9999993784,75.0000023162
0.774913048758,-0.588932564215,0.769858435587,-0.586071780482,0.673337691015,0.602902390526,74.9999993784,75.0000023162
0.774813489225,-0.588804979633,0.769727806524,-0.585929367185,0.673337691015,0.602902390526,74.9999993784,75.0000023162
0.774713742291,-0.588676950826,0.769596895413,-0.585786487061,0.673337691015,0.602902390526,74.9999993784,75.0000023162
0.774613808694,-0.588548477562,0.769465703031,-0.585643140017,0.673337691015,0.602902390526,74.9999993784,75.0000023162
0.774513689179,-0.5884195596,0.769334230157,-0.585499325953,0.673337691015,0.602902390526,74.9999993784,75.0000023162
0.774413384466,-0.588290196733,0.769202477573,-0.585355044768,0.673337691015,0.602902390526,74.9999993784,75.0000023162
0.774312895296,-0.588160388729,0.769070446056,-0.585210296375,0.673337691015,0.602902390526,74.9999993784,75.0000023162
0.774212222417,-0.58803013535,0.768938136389,-0.585065080675,0.673337691015,0.602902390526,74.9999993784,75.0000023162
0.774111366545,-0.587899436398,0.768805549349,-0.584919397582,0.673337691015,0.602902390526,74.9999993784,75.0000023162
0.774010328427,-0.58776829164,0.768672685722,-0.584773247,0.673337691015,0.602902390526,74.9999993784,75.0000023162
0.773909108809,-0.587636700842,0.768539546295,-0.584626628835,0.673337691015,0.602902390526,74.9999993784,75.0000023162
0.773807708408,-0.587504663809,0.768406131847,-0.584479543004,0.673337691015,0.602902390526,74.9999993784,75.0000023162
0.773706127973,-0.587372180313,0.768272443166,-0.584331989412,0.673337691015,0.602902390526,74.9999993784,75.0000023162
0.773604368247,-0.587239250125,0.768138481034,-0.584183967981,0.673337691015,0.602902390526,74.9999993784,75.0000023162
0.773502429953,-0.587105873052,0.768004246239,-0.584035478621,0.673337691015,0.602902390526,74.9999993784,75.0000023162
0.773400313838,-0.586972048868,0.767869739566,-0.58388652125,0.673337691015,0.602902390526,74.9999993784,75.0000023162
0.773298020642,-0.586837777354,0.767734961803,-0.583737095784,0.673337691015,0.602902390526,74.9999993784,75.0000023162
0.773195551095,-0.586703058315,0.767599913743,-0.583587202135,0.673337691015,0.602902390526,74.9999993784,75.0000023162
0.773092905942,-0.586567891527,0.767464596171,-0.583436840228,0.673337691015,0.602902390526,74.9999993784,75.0000023162
0.772990085921,-0.586432276785,0.767329009879,-0.583286009979,0.673337691015,0.602902390526,74.9999993784,75.0000023162
0.772887091765,-0.586296213886,0.767193155654,-0.583134711315,0.673337691015,0.602902390526,74.9999993784,75.0000023162
0.772783924223,-0.586159702614,0.767057034289,-0.582982944155,0.673337691015,0.602902390526,74.9999993784,75.0000023162
0.772680584025,-0.586022742772,0.766920646573,-0.582830708428,0.673337691015,0.602902390526,74.9999993784,75.0000023162
0.772577071912,-0.585885334156,0.766783993301,-0.582678004054,0.673337691015,0.602902390526,74.9999993784,75.0000023162
0.772473388633,-0.585747476551,0.766647075271,-0.582524830955,0.673337691015,0.602902390526,74.9999993784,75.0000023162
0.772369534913,-0.585609169774,0.76650989327,-0.582371189064,0.673337691015,0.602902390526,74.9999993784,75.0000023162
0.772265511498,-0.585470413615,0.766372448098,-0.582217078305,0.673337691015,0.602902390526,74.9999993784,75.0000023162
0.77216131914,-0.585331207862,0.766234740545,-0.582062498613,0.673337691015,0.602902390526,74.9999993784,75.0000023162
0.772056958561,-0.585191552339,0.766096771411,-0.581907449914,0.673337691015,0.602902390526,74.9999993784,75.0000023162
0.771952430512,-0.585051446837,0.765958541488,-0.581751932146,0.673337691015,0.602902390526,74.9999993784,75.0000023162
0.771847735735,-0.584910891156,0.765820051576,-0.581595945237,0.673337691015,0.602902390526,74.9999993784,75.0000023162
0.771742874964,-0.584769885114,0.765681302473,-0.581439489122,0.673337691015,0.602902390526,74.9999993784,75.0000023162
0.771637848946,-0.584628428508,0.765542294978,-0.581282563738,0.673337691015,0.602902390526,74.9999993784,75.0000023162
0.771532658418,-0.584486521151,0.765403029891,-0.581125169015,0.673337691015,0.602902390526,74.9999993784,75.0000023162
0.77142730412,-0.584344162855,0.76526350801,-0.580967304898,0.673337691015,0.602902390526,74.9999993784,75.0000023162
0.771321786803,-0.584201353418,0.765123730139,-0.580808971321,0.673337691015,0.602902390526,74.9999993784,75.0000023162
0.771216107193,-0.584058092671,0.764983697074,-0.580650168228,0.673337691015,0.602902390526,74.9999993784,75.0000023162
0.77111026604,-0.583914380417,0.76484340962,-0.580490895558,0.673337691015,0.602902390526,74.9999993784,75.0000023162
0.771004264095,-0.583770216459,0.764702868576,-0.580331153255,0.673337691015,0.602902390526,74.9999993784,75.0000023162
0.770898102085,-0.58362560063,0.764562074748,-0.580170941262,0.673337691015,0.602902390526,74.9999993784,75.0000023162
0.770791780761,-0.583480532737,0.764421028938,-0.580010259524,0.673337691015,0.602902390526,74.9999993784,75.0000023162
0.770685300863,-0.583335012598,0.764279731952,-0.579849107985,0.673337691015,0.602902390526,74.9999993784,75.0000023162
0.77057866313,-0.58318904004,0.764138184596,-0.57968748659,0.673337691015,0.602902390526,74.9999993784,75.0000023162
0.770471868312,-0.58304261487,0.763996387673,-0.57952539529,0.673337691015,0.602902390526,74.9999993784,75.0000023162
0.770364917139,-0.582895736927,0.763854341993,-0.579362834032,0.673337691015,0.602902390526,74.9999993784,75.0000023162
0.770257810361,-0.582748406025,0.763712048358,-0.579199802768,0.673337691015,0.602902390526,74.9999993784,75.0000023162
0.770150548728,-0.582600621977,0.763569507578,-0.579036301449,0.673337691015,0.602902390526,74.9999993784,75.0000023162
0.770043132969,-0.582452384626,0.763426720459,-0.578872330029,0.673337691015,0.602902390526,74.9999993784,75.0000023162
0.769935563836,-0.582303693788,0.763283687811,-0.57870788846,0.673337691015,0.602902390526,74.9999993784,75.0000023162
0.76982784207,-0.582154549293,0.763140410441,-0.578542976701,0.673337691015,0.602902390526,74.9999993784,75.0000023162
0.76971996841,-0.582004950974,0.76299688916,-0.578377594704,0.673337691015,0.602902390526,74.9999993784,75.0000023162
0.769611943608,-0.581854898651,0.762853124777,-0.57821174243,0.673337691015,0.602902390526,74.9999993784,75.0000023162
0.769503768393,-0.581704392173,0.762709118105,-0.578045419835,0.673337691015,0.602902390526,74.9999993784,75.0000023162
0.769395443516,-0.581553431361,0.762564869953,-0.577878626878,0.673337691015,0.602902390526,74.9999993784,75.0000023162
0.769286969727,-0.581402016041,0.762420381135,-0.577711363521,0.673337691015,0.602902390526,74.9999993784,75.0000023162
0.769178347759,-0.581250146063,0.762275652465,-0.577543629723,0.673337691015,0.602902390526,74.9999993784,75.0000023162
0.769069578363,-0.581097821252,0.762130684753,-0.57737542545,0.673337691015,0.602902390526,74.9999993784,75.0000023162
0.768960662273,-0.580945041456,0.761985478815,-0.577206750664,0.673337691015,0.602902390526,74.9999993784,75.0000023162
0.768851600238,-0.58079180651,0.761840035463,-0.577037605333,0.673337691015,0.602902390526,74.9999993784,75.0000023162
0.768742393007,-0.580638116244,0.761694355513,-0.57686798942,0.673337691015,0.602902390526,74.9999993784,75.0000023162
0.768633041311,-0.580483970515,0.761548439779,-0.576697902897,0.673337691015,0.602902390526,74.9999993784,75.0000023162
0.768523545903,-0.580329369156,0.761402289078,-0.576527345731,0.673337691015,0.602902390526,74.9999993784,75.0000023162
0.768413907524,-0.580174312012,0.761255904225,-0.576356317892,0.673337691015,0.602902390526,74.9999993784,75.0000023162
0.768304126914,-0.580018798932,0.761109286037,-0.576184819351,0.673337691015,0.602902390526,74.9999993784,75.0000023162
0.768194204825,-0.579862829752,0.760962435332,-0.576012850081,0.673337691015,0.602902390526,74.9999993784,75.0000023162
0.768084141988,-0.579706404334,0.760815352926,-0.575840410055,0.673337691015,0.602902390526,74.9999993784,75.0000023162
0.767973939155,-0.579549522518,0.760668039639,-0.575667499249,0.673337691015,0.602902390526,74.9999993784,75.0000023162
0.767863597071,-0.579392184151,0.76052049629,-0.575494117637,0.673337691015,0.602902390526,74.9999993784,75.0000023162
0.767753116473,-0.579234389092,0.760372723696,-0.575320265198,0.673337691015,0.602902390526,74.9999993784,75.0000023162
0.767642498112,-0.579076137183,0.760224722679,-0.575145941907,0.673337691015,0.602902390526,74.9999993784,75.0000023162
0.767531742722,-0.578917428292,0.760076494058,-0.574971147747,0.673337691015,0.602902390526,74.9999993784,75.0000023162
0.767420851051,-0.578758262264,0.759928038655,-0.574795882695,0.673337691015,0.602902390526,74.9999993784,75.0000023162
0.767309823848,-0.578598638952,0.75977935729,-0.574620146735,0.673337691015,0.602902390526,74.9999993784,75.0000023162
0.767198661848,-0.578438558221,0.759630450787,-0.574443939848,0.673337691015,0.602902390526,74.9999993784,75.0000023162
0.767087365803,-0.578278019921,0.759481319966,-0.574267262018,0.673337691015,0.602902390526,74.9999993784,75.0000023162
0.766975936444,-0.578117023925,0.75933196565,-0.57409011323,0.673337691015,0.602902390526,74.9999993784,75.0000023162
0.766864374522,-0.577955570084,0.759182388664,-0.573912493469,0.673337691015,0.602902390526,74.9999993784,75.0000023162
0.766752680782,-0.577793658258,0.759032589831,-0.573734402723,0.673337691015,0.602902390526,74.9999993784,75.0000023162
0.766640855963,-0.577631288317,0.758882569975,-0.573555840981,0.673337691015,0.602902390526,74.9999993784,75.0000023162
0.766528900814,-0.577468460117,0.75873232992,-0.573376808232,0.673337691015,0.602902390526,74.9999993784,75.0000023162
0.766416816068,-0.577305173538,0.758581870491,-0.573197304466,0.673337691015,0.602902390526,74.9999993784,75.0000023162
0.766304602474,-0.577141428436,0.758431192514,-0.573017329677,0.673337691015,0.602902390526,74.9999993784,75.0000023162
0.766192260776,-0.576977224681,0.758280296814,-0.572836883855,0.673337691015,0.602902390526,74.9999993784,75.0000023162
0.766079791714,-0.576812562145,0.758129184218,-0.572655966997,0.673337691015,0.602902390526,74.9999993784,75.0000023162
0.765967196036,-0.576647440692,0.757977855553,-0.572474579097,0.673337691015,0.602902390526,74.9999993784,75.0000023162
0.765854474476,-0.576481860205,0.757826311645,-0.572292720151,0.673337691015,0.602902390526,74.9999993784,75.0000023162
0.765741627782,-0.576315820549,0.757674553322,-0.572110390158,0.673337691015,0.602902390526,74.9999993784,75.0000023162
0.765628656694,-0.576149321603,0.757522581412,-0.571927589116,0.673337691015,0.602902390526,74.9999993784,75.0000023162
0.765515561955,-0.575982363241,0.757370396744,-0.571744317024,0.673337691015,0.602902390526,74.9999993784,75.0000023162
0.765402344313,-0.575814945333,0.757218000145,-0.571560573885,0.673337691015,0.602902390526,74.9999993784,75.0000023162
0.765289004501,-0.575647067769,0.757065392446,-0.571376359699,0.673337691015,0.602902390526,74.9999993784,75.0000023162
0.765175543268,-0.575478730419,0.756912574476,-0.571191674471,0.673337691015,0.602902390526,74.9999993784,75.0000023162
0.765061961346,-0.575309933175,0.756759547065,-0.571006518205,0.673337691015,0.602902390526,74.9999993784,75.0000023162
0.764948259484,-0.575140675911,0.756606311043,-0.570820890906,0.673337691015,0.602902390526,74.9999993784,75.0000023162
0.764834438429,-0.574970958503,0.756452867241,-0.570634792582,0.673337691015,0.602902390526,74.9999993784,75.0000023162
0.764720498915,-0.574800780845,0.75629921649,-0.57044822324,0.673337691015,0.602902390526,74.9999993784,75.0000023162
0.764606441687,-0.574630142815,0.756145359621,-0.570261182889,0.673337691015,0.602902390526,74.9999993784,75.0000023162
0.764492267481,-0.574459044311,0.755991297467,-0.570073671539,0.673337691015,0.602902390526,74.9999993784,75.0000023162
0.764377977042,-0.574287485212,0.755837030859,-0.569885689203,0.673337691015,0.602902390526,74.9999993784,75.0000023162
0.764263571109,-0.574115465411,0.75568256063,-0.569697235892,0.673337691015,0.602902390526,74.9999993784,75.0000023162
0.764149050423,-0.573942984799,0.755527887613,-0.569508311619,0.673337691015,0.602902390526,74.9999993784,75.0000023162
0.76403441573,-0.573770043258,0.755373012641,-0.5693189164,0.673337691015,0.602902390526,74.9999993784,75.0000023162
0.763919667763,-0.573596640693,0.75521793655,-0.569129050249,0.673337691015,0.602902390526,74.9999993784,75.0000023162
0.763804807267,-0.57342277699,0.755062660171,-0.568938713184,0.673337691015,0.602902390526,74.9999993784,75.0000023162
0.763689834976,-0.573248452054,0.75490718434,-0.568747905222,0.673337691015,0.602902390526,74.9999993784,75.0000023162
0.763574751635,-0.573073665775,0.754751509891,-0.568556626385,0.673337691015,0.602902390526,74.9999993784,75.0000023162
0.763459557983,-0.572898418048,0.75459563766,-0.56836487669,0.673337691015,0.602902390526,74.9999993784,75.0000023162
0.763344254759,-0.572722708777,0.754439568481,-0.568172656161,0.673337691015,0.602902390526,74.9999993784,75.0000023162
0.763228842706,-0.572546537854,0.75428330319,-0.567979964819,0.673337691015,0.602902390526,74.9999993784,75.0000023162
0.763113322557,-0.572369905191,0.754126842622,-0.56778680269,0.673337691015,0.602902390526,74.9999993784,75.0000023162
0.762997695055,-0.572192810683,0.753970187615,-0.567593169796,0.673337691015,0.602902390526,74.9999993784,75.0000023162
0.762881960933,-0.572015254243,0.753813339004,-0.567399066167,0.673337691015,0.602902390526,74.9999993784,75.0000023162
0.762766120933,-0.571837235769,0.753656297626,-0.567204491828,0.673337691015,0.602902390526,74.9999993784,75.0000023162
0.762650175797,-0.571658755167,0.753499064318,-0.567009446808,0.673337691015,0.602902390526,74.9999993784,75.0000023162
0.762534126258,-0.571479812346,0.753341639918,-0.566813931136,0.673337691015,0.602902390526,74.9999993784,75.0000023162
0.76241797306,-0.571300407211,0.753184025262,-0.566617944844,0.673337691015,0.602902390526,74.9999993784,75.0000023162
0.762301716933,-0.571120539678,0.75302622119,-0.566421487962,0.673337691015,0.602902390526,74.9999993784,75.0000023162
0.76218535862,-0.570940209653,0.752868228538,-0.566224560526,0.673337691015,0.602902390526,74.9999993784,75.0000023162
0.762068898852,-0.570759417056,0.752710048145,-0.566027162567,0.673337691015,0.602902390526,74.9999993784,75.0000023162
0.76195233837,-0.570578161796,0.75255168085,-0.565829294123,0.673337691015,0.602902390526,74.9999993784,75.0000023162
0.761835677909,-0.570396443788,0.752393127492,-0.565630955229,0.673337691015,0.602902390526,74.9999993784,75.0000023162
0.761718918206,-0.570214262949,0.75223438891,-0.565432145923,0.673337691015,0.602902390526,74.9999993784,75.0000023162
0.761602060002,-0.57003161919,0.752075465943,-0.565232866244,0.673337691015,0.602902390526,74.9999993784,75.0000023162
0.761485104026,-0.569848512437,0.751916359433,-0.565033116228,0.673337691015,0.602902390526,74.9999993784,75.0000023162
0.761368051018,-0.569664942604,0.751757070218,-0.564832895919,0.673337691015,0.602902390526,74.9999993784,75.0000023162
0.761250901709,-0.569480909619,0.751597599141,-0.564632205356,0.673337691015,0.602902390526,74.9999993784,75.0000023162
0.761133656837,-0.569296413399,0.75143794704,-0.564431044586,0.673337691015,0.602902390526,74.9999993784,75.0000023162
0.761016317132,-0.569111453875,0.751278114756,-0.564229413649,0.673337691015,0.602902390526,74.9999993784,75.0000023162
0.760898883332,-0.568926030964,0.75111810313,-0.564027312596,0.673337691015,0.602902390526,74.9999993784,75.0000023162
0.760781356173,-0.568740144592,0.750957913003,-0.563824741468,0.673337691015,0.602902390526,74.9999993784,75.0000023162
0.760663736386,-0.568553794689,0.750797545214,-0.563621700318,0.673337691015,0.602902390526,74.9999993784,75.0000023162
0.76054602471,-0.568366981178,0.750637000608,-0.563418189191,0.673337691015,0.602902390526,74.9999993784,75.0000023162
0.760428221871,-0.568179703994,0.750476280023,-0.563214208141,0.673337691015,0.602902390526,74.9999993784,75.0000023162
0.760310328607,-0.567991963063,0.750315384303,-0.563009757216,0.673337691015,0.602902390526,74.9999993784,75.0000023162
0.760192345645,-0.567803758324,0.750154314288,-0.562804836471,0.673337691015,0.602902390526,74.9999993784,75.0000023162
0.760074273723,-0.567615089705,0.749993070822,-0.562599445957,0.673337691015,0.602902390526,74.9999993784,75.0000023162
0.759956113566,-0.567425957146,0.74983165475,-0.562393585726,0.673337691015,0.602902390526,74.9999993784,75.0000023162
0.75983786591,-0.567236360578,0.749670066911,-0.562187255837,0.673337691015,0.602902390526,74.9999993784,75.0000023162
0.759719531487,-0.567046299939,0.749508308151,-0.561980456342,0.673337691015,0.602902390526,74.9999993784,75.0000023162
0.759601111026,-0.566855775167,0.749346379309,-0.561773187305,0.673337691015,0.602902390526,74.9999993784,75.0000023162
0.759482605262,-0.566664786196,0.749184281232,-0.561565448781,0.673337691015,0.602902390526,74.9999993784,75.0000023162
0.75936401492,-0.566473332972,0.749022014758,-0.561357240834,0.673337691015,0.602902390526,74.9999993784,75.0000023162
0.759245340735,-0.566281415434,0.748859580735,-0.561148563521,0.673337691015,0.602902390526,74.9999993784,75.0000023162
0.75912658343,-0.566089033529,0.748696980002,-0.56093941691,0.673337691015,0.602902390526,74.9999993784,75.0000023162
0.75900774374,-0.565896187197,0.748534213406,-0.56072980106,0.673337691015,0.602902390526,74.9999993784,75.0000023162
0.758888822388,-0.565702876388,0.748371281789,-0.560519716037,0.673337691015,0.602902390526,74.9999993784,75.0000023162
0.758769820106,-0.565509101045,0.748208185995,-0.560309161908,0.673337691015,0.602902390526,74.9999993784,75.0000023162
0.758650737618,-0.565314861121,0.748044926872,-0.560098138735,0.673337691015,0.602902390526,74.9999993784,75.0000023162
0.758531575656,-0.56512015656,0.747881505259,-0.55988664659,0.673337691015,0.602902390526,74.9999993784,75.0000023162
0.758412334946,-0.564924987313,0.747717922004,-0.55967468554,0.673337691015,0.602902390526,74.9999993784,75.0000023162
0.758293016214,-0.564729353332,0.747554177947,-0.55946225566,0.673337691015,0.602902390526,74.9999993784,75.0000023162
0.75817362019,-0.564533254566,0.747390273935,-0.559249357016,0.673337691015,0.602902390526,74.9999993784,75.0000023162
0.758054147597,-0.564336690972,0.74722621081,-0.559035989687,0.673337691015,0.602902390526,74.9999993784,75.0000023162
0.757934599163,-0.564139662503,0.747061989419,-0.558822153743,0.673337691015,0.602902390526,74.9999993784,75.0000023162
0.757814975609,-0.563942169119,0.746897610606,-0.558607849257,0.673337691015,0.602902390526,74.9999993784,75.0000023162
0.757695277665,-0.563744210774,0.746733075216,-0.558393076308,0.673337691015,0.602902390526,74.9999993784,75.0000023162
0.757575506049,-0.563545787431,0.746568384095,-0.558177834969,0.673337691015,0.602902390526,74.9999993784,75.0000023162
0.75745566149,-0.563346899046,0.746403538085,-0.557962125322,0.673337691015,0.602902390526,74.9999993784,75.0000023162
0.757335744708,-0.563147545584,0.746238538034,-0.557745947443,0.673337691015,0.602902390526,74.9999993784,75.0000023162
0.757215756428,-0.562947727005,0.746073384783,-0.557529301419,0.673337691015,0.602902390526,74.9999993784,75.0000023162
0.757095697369,-0.562747443276,0.74590807918,-0.557312187325,0.673337691015,0.602902390526,74.9999993784,75.0000023162
0.756975568258,-0.562546694357,0.745742622067,-0.557094605249,0.673337691015,0.602902390526,74.9999993784,75.0000023162
0.756855369813,-0.562345480218,0.745577014292,-0.556876555273,0.673337691015,0.602902390526,74.9999993784,75.0000023162
0.756735102758,-0.562143800824,0.745411256702,-0.556658037476,0.673337691015,0.602902390526,74.9999993784,75.0000023162
0.756614767815,-0.56194165614,0.745245350138,-0.556439051951,0.673337691015,0.602902390526,74.9999993784,75.0000023162
0.756494365702,-0.56173904614,0.745079295449,-0.55621959878,0.673337691015,0.602902390526,74.9999993784,75.0000023162
0.756373897141,-0.56153597079,0.744913093475,-0.555999678059,0.673337691015,0.602902390526,74.9999993784,75.0000023162
0.756253362849,-0.561332430067,0.744746745066,-0.55577928987,0.673337691015,0.602902390526,74.9999993784,75.0000023162
0.756132763547,-0.561128423942,0.744580251063,-0.55555843431,0.673337691015,0.602902390526,74.9999993784,75.0000023162
0.756012099952,-0.560923952391,0.744413612314,-0.555337111468,0.673337691015,0.602902390526,74.9999993784,75.0000023162
0.755891372782,-0.560719015387,0.744246829666,-0.555115321431,0.673337691015,0.602902390526,74.9999993784,75.0000023162
0.755770582754,-0.560513612911,0.744079903961,-0.554893064301,0.673337691015,0.602902390526,74.9999993784,75.0000023162
0.755649730586,-0.560307744937,0.743912836048,-0.554670340166,0.673337691015,0.602902390526,74.9999993784,75.0000023162
0.755528816992,-0.560101411449,0.743745626766,-0.55444714913,0.673337691015,0.602902390526,74.9999993784,75.0000023162
0.755407842691,-0.559894612424,0.743578276965,-0.554223491286,0.673337691015,0.602902390526,74.9999993784,75.0000023162
0.755286808395,-0.559687347846,0.743410787488,-0.553999366733,0.673337691015,0.602902390526,74.9999993784,75.0000023162
0.755165714821,-0.559479617696,0.74324315918,-0.553774775571,0.673337691015,0.602902390526,74.9999993784,75.0000023162
0.755044562683,-0.559271421961,0.74307539289,-0.553549717897,0.673337691015,0.602902390526,74.9999993784,75.0000023162
0.754923352694,-0.559062760623,0.742907489459,-0.553324193817,0.673337691015,0.602902390526,74.9999993784,75.0000023162
0.754802085567,-0.558853633672,0.742739449734,-0.553098203431,0.673337691015,0.602902390526,74.9999993784,75.0000023162
0.754680762017,-0.558644041093,0.742571274556,-0.552871746849,0.673337691015,0.602902390526,74.9999993784,75.0000023162
0.754559382753,-0.558433982877,0.742402964772,-0.552644824172,0.673337691015,0.602902390526,74.9999993784,75.0000023162
0.754437948489,-0.558223459013,0.742234521231,-0.552417435502,0.673337691015,0.602902390526,74.9999993784,75.0000023162
0.754316459937,-0.55801246949,0.742065944774,-0.552189580952,0.673337691015,0.602902390526,74.9999993784,75.0000023162
0.754194917806,-0.557801014303,0.741897236247,-0.551961260625,0.673337691015,0.602902390526,74.9999993784,75.0000023162
0.754073322808,-0.557589093443,0.741728396491,-0.551732474638,0.673337691015,0.602902390526,74.9999993784,75.0000023162
0.753951675651,-0.557376706908,0.741559426354,-0.551503223098,0.673337691015,0.602902390526,74.9999993784,75.0000023162
0.753829977044,-0.557163854691,0.74139032668,-0.551273506116,0.673337691015,0.602902390526,74.9999993784,75.0000023162
0.753708227696,-0.556950536792,0.741221098312,-0.551043323806,0.673337691015,0.602902390526,74.9999993784,75.0000023162
0.753586428314,-0.556736753208,0.741051742097,-0.550812676279,0.673337691015,0.602902390526,74.9999993784,75.0000023162
0.753464579604,-0.55652250394,0.740882258875,-0.550581563655,0.673337691015,0.602902390526,74.9999993784,75.0000023162
0.753342682275,-0.556307788988,0.740712649494,-0.550349986047,0.673337691015,0.602902390526,74.9999993784,75.0000023162
0.75322073703,-0.556092608355,0.740542914793,-0.550117943575,0.673337691015,0.602902390526,74.9999993784,75.0000023162
0.753098744577,-0.555876962044,0.740373055619,-0.549885436357,0.673337691015,0.602902390526,74.9999993784,75.0000023162
0.752976705618,-0.55566085006,0.740203072819,-0.549652464506,0.673337691015,0.602902390526,74.9999993784,75.0000023162
0.75285462086,-0.555444272408,0.74003296723,-0.549419028152,0.673337691015,0.602902390526,74.9999993784,75.0000023162
0.752732491004,-0.555227229096,0.7398627397,-0.54918512741,0.673337691015,0.602902390526,74.9999993784,75.0000023162
0.752610316754,-0.555009720131,0.739692391067,-0.54895076241,0.673337691015,0.602902390526,74.9999993784,75.0000023162
0.752488098812,-0.554791745524,0.739521922177,-0.548715933271,0.673337691015,0.602902390526,74.9999993784,75.0000023162
0.752365837879,-0.554573305284,0.739351333878,-0.548480640115,0.673337691015,0.602902390526,74.9999993784,75.0000023162
0.752243534656,-0.554354399424,0.739180627005,-0.548244883075,0.673337691015,0.602902390526,74.9999993784,75.0000023162
0.752121189845,-0.554135027957,0.739009802405,-0.548008662273,0.673337691015,0.602902390526,74.9999993784,75.0000023162
0.751998804143,-0.553915190896,0.738838860916,-0.547771977843,0.673337691015,0.602902390526,74.9999993784,75.0000023162
0.751876378251,-0.553694888258,0.738667803383,-0.547534829912,0.673337691015,0.602902390526,74.9999993784,75.0000023162
0.751753912866,-0.553474120058,0.738496630652,-0.547297218605,0.673337691015,0.602902390526,74.9999993784,75.0000023162
0.751631408687,-0.553252886315,0.738325343559,-0.547059144063,0.673337691015,0.602902390526,74.9999993784,75.0000023162
0.75150886641,-0.553031187048,0.738153942949,-0.546820606411,0.673337691015,0.602902390526,74.9999993784,75.0000023162
0.751386286732,-0.552809022276,0.737982429659,-0.54658160579,0.673337691015,0.602902390526,74.9999993784,75.0000023162
0.751263670348,-0.552586392021,0.737810804534,-0.546342142333,0.673337691015,0.602902390526,74.9999993784,75.0000023162
0.751141017953,-0.552363296306,0.737639068417,-0.546102216169,0.673337691015,0.602902390526,74.9999993784,75.0000023162
0.751018330242,-0.552139735155,0.737467222144,-0.545861827445,0.673337691015,0.602902390526,74.9999993784,75.0000023162
0.750895607908,-0.551915708591,0.737295266559,-0.545620976294,0.673337691015,0.602902390526,74.9999993784,75.0000023162
0.750772851645,-0.551691216642,0.7371232025,-0.545379662858,0.673337691015,0.602902390526,74.9999993784,75.0000023162
0.750650062143,-0.551466259335,0.736951030808,-0.545137887278,0.673337691015,0.602902390526,74.9999993784,75.0000023162
0.750527240097,-0.551240836698,0.736778752326,-0.54489564969,0.673337691015,0.602902390526,74.9999993784,75.0000023162
0.750404386194,-0.551014948762,0.736606367887,-0.544652950245,0.673337691015,0.602902390526,74.9999993784,75.0000023162
0.750281501127,-0.550788595555,0.736433878336,-0.544409789082,0.673337691015,0.602902390526,74.9999993784,75.0000023162
0.750158585585,-0.550561777112,0.736261284511,-0.544166166345,0.673337691015,0.602902390526,74.9999993784,75.0000023162
0.750035640255,-0.550334493465,0.736088587249,-0.543922082185,0.673337691015,0.602902390526,74.9999993784,75.0000023162
0.749912665827,-0.550106744649,0.735915787392,-0.543677536742,0.673337691015,0.602902390526,74.9999993784,75.0000023162
0.749789662986,-0.549878530699,0.735742885773,-0.543432530174,0.673337691015,0.602902390526,74.9999993784,75.0000023162
0.749666632421,-0.549649851652,0.735569883233,-0.543187062624,0.673337691015,0.602902390526,74.9999993784,75.0000023162
0.749543574817,-0.549420707546,0.735396780614,-0.542941134239,0.673337691015,0.602902390526,74.9999993784,75.0000023162
0.749420490857,-0.549191098421,0.735223578747,-0.542694745178,0.673337691015,0.602902390526,74.9999993784,75.0000023162
0.749297381228,-0.548961024316,0.735050278474,-0.542447895588,0.673337691015,0.602902390526,74.9999993784,75.0000023162
0.749174246612,-0.548730485274,0.734876880628,-0.542200585628,0.673337691015,0.602902390526,74.9999993784,75.0000023162
0.749051087693,-0.548499481336,0.734703386047,-0.541952815451,0.673337691015,0.602902390526,74.9999993784,75.0000023162
0.748927905151,-0.548268012548,0.734529795571,-0.541704585208,0.673337691015,0.602902390526,74.9999993784,75.0000023162
0.74880469967,-0.548036078953,0.734356110029,-0.541455895064,0.673337691015,0.602902390526,74.9999993784,75.0000023162
0.748681471927,-0.5478036806,0.734182330261,-0.541206745173,0.673337691015,0.602902390526,74.9999993784,75.0000023162
0.748558222605,-0.547570817533,0.734008457105,-0.540957135692,0.673337691015,0.602902390526,74.9999993784,75.0000023162
0.74843495238,-0.547337489804,0.73383449139,-0.540707066787,0.673337691015,0.602902390526,74.9999993784,75.0000023162
0.748311661933,-0.547103697461,0.733660433956,-0.540456538613,0.673337691015,0.602902390526,74.9999993784,75.0000023162
0.748188351939,-0.546869440556,0.733486285632,-0.540205551339,0.673337691015,0.602902390526,74.9999993784,75.0000023162
0.748065023076,-0.54663471914,0.733312047255,-0.539954105127,0.673337691015,0.602902390526,74.9999993784,75.0000023162
0.747941676018,-0.546399533269,0.733137719662,-0.539702200134,0.673337691015,0.602902390526,74.9999993784,75.0000023162
0.747818311442,-0.546163882994,0.73296330368,-0.539449836538,0.673337691015,0.602902390526,74.9999993784,75.0000023162
0.74769493002,-0.545927768373,0.732788800145,-0.539197014499,0.673337691015,0.602902390526,74.9999993784,75.0000023162
0.747571532427,-0.545691189463,0.732614209892,-0.538943734182,0.673337691015,0.602902390526,74.9999993784,75.0000023162
0.747448119335,-0.545454146321,0.732439533748,-0.538689995764,0.673337691015,0.602902390526,74.9999993784,75.0000023162
0.747324691417,-0.545216639006,0.73226477255,-0.538435799407,0.673337691015,0.602902390526,74.9999993784,75.0000023162
0.747201249343,-0.544978667577,0.732089927125,-0.53818114529,0.673337691015,0.602902390526,74.9999993784,75.0000023162
0.747077793783,-0.544740232097,0.731914998305,-0.537926033582,0.673337691015,0.602902390526,74.9999993784,75.0000023162
0.746954325408,-0.544501332628,0.731739986925,-0.537670464452,0.673337691015,0.602902390526,74.9999993784,75.0000023162
0.746830844884,-0.544261969234,0.731564893807,-0.537414438083,0.673337691015,0.602902390526,74.9999993784,75.0000023162
0.74670735288,-0.54402214198,0.731389719787,-0.537157954647,0.673337691015,0.602902390526,74.9999993784,75.0000023162
0.746583850062,-0.543781850934,0.731214465697,-0.536901014314,0.673337691015,0.602902390526,74.9999993784,75.0000023162
0.746460337097,-0.54354109616,0.731039132359,-0.536643617272,0.673337691015,0.602902390526,74.9999993784,75.0000023162
0.746336814647,-0.543299877731,0.730863720606,-0.536385763693,0.673337691015,0.602902390526,74.9999993784,75.0000023162
0.74621328338,-0.543058195713,0.730688231265,-0.536127453759,0.673337691015,0.602902390526,74.9999993784,75.0000023162
0.746089743955,-0.54281605018,0.730512665162,-0.535868687654,0.673337691015,0.602902390526,74.9999993784,75.0000023162
0.745966197038,-0.542573441202,0.730337023129,-0.535609465553,0.673337691015,0.602902390526,74.9999993784,75.0000023162
0.745842643288,-0.542330368855,0.730161305987,-0.535349787648,0.673337691015,0.602902390526,74.9999993784,75.0000023162
0.745719083367,-0.54208683321,0.729985514564,-0.535089654119,0.673337691015,0.602902390526,74.9999993784,75.0000023162
0.745595517932,-0.541842834346,0.729809649691,-0.534829065146,0.673337691015,0.602902390526,74.9999993784,75.0000023162
0.745471947646,-0.541598372337,0.729633712186,-0.534568020926,0.673337691015,0.602902390526,74.9999993784,75.0000023162
0.745348373163,-0.541353447264,0.729457702878,-0.534306521641,0.673337691015,0.602902390526,74.9999993784,75.0000023162
0.745224795142,-0.541108059204,0.729281622594,-0.534044567475,0.673337691015,0.602902390526,74.9999993784,75.0000023162
0.745101214238,-0.540862208239,0.729105472153,-0.533782158626,0.673337691015,0.602902390526,74.9999993784,75.0000023162
0.744977631108,-0.540615894449,0.728929252382,-0.533519295279,0.673337691015,0.602902390526,74.9999993784,75.0000023162
0.744854046403,-0.540369117919,0.728752964104,-0.533255977626,0.673337691015,0.602902390526,74.9999993784,75.0000023162
0.74473046078,-0.540121878729,0.728576608138,-0.532992205865,0.673337691015,0.602902390526,74.9999993784,75.0000023162
0.744606874892,-0.539874176963,0.728400185311,-0.532727980183,0.673337691015,0.602902390526,74.9999993784,75.0000023162
0.74448328939,-0.539626012709,0.728223696441,-0.532463300779,0.673337691015,0.602902390526,74.9999993784,75.0000023162
0.744359704925,-0.539377386052,0.728047142349,-0.532198167852,0.673337691015,0.602902390526,74.9999993784,75.0000023162
0.744236122144,-0.539128297084,0.72787052386,-0.531932581591,0.673337691015,0.602902390526,74.9999993784,75.0000023162
0.7441125417,-0.538878745891,0.727693841789,-0.531666542202,0.673337691015,0.602902390526,74.9999993784,75.0000023162
0.743988964236,-0.538628732567,0.727517096956,-0.531400049883,0.673337691015,0.602902390526,74.9999993784,75.0000023162
0.743865390403,-0.538378257201,0.727340290185,-0.531133104828,0.673337691015,0.602902390526,74.9999993784,75.0000023162
0.743741820844,-0.538127319889,0.727163422287,-0.530865707248,0.673337691015,0.602902390526,74.9999993784,75.0000023162
0.743618256206,-0.537875920723,0.726986494084,-0.530597857341,0.673337691015,0.602902390526,74.9999993784,75.0000023162
0.743494697129,-0.537624059801,0.726809506397,-0.530329555304,0.673337691015,0.602902390526,74.9999993784,75.0000023162
0.743371144261,-0.537371737217,0.726632460036,-0.530060801354,0.673337691015,0.602902390526,74.9999993784,75.0000023162
0.743247598239,-0.537118953072,0.72645535582,-0.529791595689,0.673337691015,0.602902390526,74.9999993784,75.0000023162
0.743124059708,-0.536865707461,0.726278194568,-0.529521938514,0.673337691015,0.602902390526,74.9999993784,75.0000023162
0.743000529306,-0.536612000487,0.726100977089,-0.529251830044,0.673337691015,0.602902390526,74.9999993784,75.0000023162
0.742877007673,-0.536357832249,0.725923704202,-0.528981270482,0.673337691015,0.602902390526,74.9999993784,75.0000023162
0.74275349545,-0.536103202846,0.725746376721,-0.528710260038,0.673337691015,0.602902390526,74.9999993784,75.0000023162
0.742629993271,-0.535848112385,0.725568995456,-0.528438798929,0.673337691015,0.602902390526,74.9999993784,75.0000023162
0.742506501776,-0.535592560967,0.725391561222,-0.528166887362,0.673337691015,0.602902390526,74.9999993784,75.0000023162
0.742383021595,-0.535336548702,0.725214074833,-0.527894525549,0.673337691015,0.602902390526,74.9999993784,75.0000023162
0.742259553367,-0.535080075693,0.725036537096,-0.52762171371,0.673337691015,0.602902390526,74.9999993784,75.0000023162
0.74213609772,-0.534823142052,0.724858948826,-0.527348452055,0.673337691015,0.602902390526,74.9999993784,75.0000023162
0.74201265529,-0.534565747885,0.724681310833,-0.527074740801,0.673337691015,0.602902390526,74.9999993784,75.0000023162
0.741889226706,-0.534307893306,0.724503623923,-0.526800580171,0.673337691015,0.602902390526,74.9999993784,75.0000023162
0.741765812598,-0.534049578423,0.72432588891,-0.526525970375,0.673337691015,0.602902390526,74.9999993784,75.0000023162
0.741642413595,-0.533790803353,0.7241481066,-0.526250911638,0.673337691015,0.602902390526,74.9999993784,75.0000023162
0.741519030326,-0.533531568205,0.723970277799,-0.525975404181,0.673337691015,0.602902390526,74.9999993784,75.0000023162
0.741395663418,-0.533271873094,0.723792403319,-0.525699448221,0.673337691015,0.602902390526,74.9999993784,75.0000023162
0.741272313497,-0.533011718137,0.723614483963,-0.525423043985,0.673337691015,0.602902390526,74.9999993784,75.0000023162
0.741148981191,-0.532751103448,0.723436520537,-0.525146191698,0.673337691015,0.602902390526,74.9999993784,75.0000023162
0.74102566712,-0.532490029148,0.723258513849,-0.524868891579,0.673337691015,0.602902390526,74.9999993784,75.0000023162
0.74090237191,-0.532228495354,0.7230804647,-0.524591143857,0.673337691015,0.602902390526,74.9999993784,75.0000023162
0.740779096179,-0.531966502191,0.722902373895,-0.524312948763,0.673337691015,0.602902390526,74.9999993784,75.0000023162
0.740655840551,-0.531704049775,0.722724242241,-0.524034306516,0.673337691015,0.602902390526,74.9999993784,75.0000023162
0.740532605642,-0.531441138236,0.722546070536,-0.523755217352,0.673337691015,0.602902390526,74.9999993784,75.0000023162
0.740409392074,-0.531177767692,0.722367859582,-0.523475681502,0.673337691015,0.602902390526,74.9999993784,75.0000023162
0.74028620046,-0.530913938273,0.722189610184,-0.52319569919,0.673337691015,0.602902390526,74.9999993784,75.0000023162
0.740163031421,-0.530649650102,0.722011323139,-0.522915270654,0.673337691015,0.602902390526,74.9999993784,75.0000023162
0.740039885572,-0.530384903303,0.721832999247,-0.522634396128,0.673337691015,0.602902390526,74.9999993784,75.0000023162
0.739916763526,-0.530119698009,0.721654639311,-0.52235307584,0.673337691015,0.602902390526,74.9999993784,75.0000023162
0.7397936659,-0.529854034345,0.721476244125,-0.52207131003,0.673337691015,0.602902390526,74.9999993784,75.0000023162
0.739670593301,-0.529587912445,0.721297814487,-0.521789098937,0.673337691015,0.602902390526,74.9999993784,75.0000023162
0.739547546344,-0.529321332438,0.721119351198,-0.521506442791,0.673337691015,0.602902390526,74.9999993784,75.0000023162
0.739424525636,-0.529054294461,0.720940855051,-0.521223341836,0.673337691015,0.602902390526,74.9999993784,75.0000023162
0.739301531788,-0.528786798645,0.720762326839,-0.520939796312,0.673337691015,0.602902390526,74.9999993784,75.0000023162
0.739178565403,-0.528518845129,0.720583767364,-0.520655806454,0.673337691015,0.602902390526,74.9999993784,75.0000023162
0.739055627093,-0.528250434046,0.720405177414,-0.520371372508,0.673337691015,0.602902390526,74.9999993784,75.0000023162
0.73893271746,-0.527981565534,0.720226557783,-0.520086494718,0.673337691015,0.602902390526,74.9999993784,75.0000023162
0.738809837111,-0.527712239732,0.720047909267,-0.519801173323,0.673337691015,0.602902390526,74.9999993784,75.0000023162
0.73868698665,-0.527442456775,0.719869232656,-0.51951540857,0.673337691015,0.602902390526,74.9999993784,75.0000023162
0.738564166678,-0.527172216809,0.719690528737,-0.519229200707,0.673337691015,0.602902390526,74.9999993784,75.0000023162
0.738441377797,-0.526901519971,0.719511798307,-0.518942549977,0.673337691015,0.602902390526,74.9999993784,75.0000023162
0.738318620604,-0.526630366409,0.719333042153,-0.518655456628,0.673337691015,0.602902390526,74.9999993784,75.0000023162
0.7381958957,-0.526358756264,0.71915426106,-0.518367920914,0.673337691015,0.602902390526,74.9999993784,75.0000023162
0.73807320368,-0.526086689686,0.71897545582,-0.518079943079,0.673337691015,0.602902390526,74.9999993784,75.0000023162
0.737950545143,-0.525814166817,0.718796627222,-0.517791523374,0.673337691015,0.602902390526,74.9999993784,75.0000023162
0.737827920682,-0.525541187806,0.718617776045,-0.517502662057,0.673337691015,0.602902390526,74.9999993784,75.0000023162
0.737705330894,-0.5252677528,0.718438903081,-0.517213359376,0.673337691015,0.602902390526,74.9999993784,75.0000023162
0.737582776373,-0.524993861946,0.718260009115,-0.516923615583,0.673337691015,0.602902390526,74.9999993784,75.0000023162
0.737460257707,-0.524719515399,0.718081094925,-0.516633430941,0.673337691015,0.602902390526,74.9999993784,75.0000023162
0.737337775491,-0.524444713307,0.717902161298,-0.5163428057,0.673337691015,0.602902390526,74.9999993784,75.0000023162
0.73721533031,-0.524169455828,0.71772320902,-0.516051740113,0.673337691015,0.602902390526,74.9999993784,75.0000023162
0.737092922756,-0.523893743113,0.717544238865,-0.51576023445,0.673337691015,0.602902390526,74.9999993784,75.0000023162
0.73697055341,-0.523617575321,0.717365251616,-0.515468288963,0.673337691015,0.602902390526,74.9999993784,75.0000023162
0.736848222864,-0.523340952605,0.717186248059,-0.515175903908,0.673337691015,0.602902390526,74.9999993784,75.0000023162
0.736725931702,-0.52306387512,0.717007228965,-0.514883079554,0.673337691015,0.602902390526,74.9999993784,75.0000023162
0.736603680506,-0.522786343027,0.716828195115,-0.514589816161,0.673337691015,0.602902390526,74.9999993784,75.0000023162
0.736481469862,-0.522508356482,0.71664914729,-0.514296113987,0.673337691015,0.602902390526,74.9999993784,75.0000023162
0.736359300346,-0.522229915652,0.716470086261,-0.514001973302,0.673337691015,0.602902390526,74.9999993784,75.0000023162
0.736237172543,-0.521951020692,0.716291012804,-0.513707394373,0.673337691015,0.602902390526,74.9999993784,75.0000023162
0.736115087026,-0.521671671773,0.716111927698,-0.513412377459,0.673337691015,0.602902390526,74.9999993784,75.0000023162
0.735993044377,-0.521391869054,0.715932831713,-0.513116922832,0.673337691015,0.602902390526,74.9999993784,75.0000023162
0.73587104517,-0.521111612701,0.715753725622,-0.512821030763,0.673337691015,0.602902390526,74.9999993784,75.0000023162
0.73574908998,-0.520830902881,0.715574610199,-0.512524701516,0.673337691015,0.602902390526,74.9999993784,75.0000023162
0.735627179387,-0.520549739755,0.715395486214,-0.512227935363,0.673337691015,0.602902390526,74.9999993784,75.0000023162
0.735505313957,-0.520268123498,0.715216354434,-0.511930732582,0.673337691015,0.602902390526,74.9999993784,75.0000023162
0.735383494265,-0.519986054275,0.715037215632,-0.51163309344,0.673337691015,0.602902390526,74.9999993784,75.0000023162
0.735261720878,-0.519703532262,0.714858070577,-0.511335018209,0.673337691015,0.602902390526,74.9999993784,75.0000023162
0.735139994368,-0.519420557626,0.714678920029,-0.511036507173,0.673337691015,0.602902390526,74.9999993784,75.0000023162
0.735018315298,-0.519137130546,0.71449976476,-0.510737560601,0.673337691015,0.602902390526,74.9999993784,75.0000023162
0.734896684239,-0.518853251191,0.714320605538,-0.510438178768,0.673337691015,0.602902390526,74.9999993784,75.0000023162
0.734775101759,-0.518568919731,0.714141443121,-0.510138361958,0.673337691015,0.602902390526,74.9999993784,75.0000023162
0.734653568417,-0.518284136348,0.713962278274,-0.50983811045,0.673337691015,0.602902390526,74.9999993784,75.0000023162
0.734532084781,-0.517998901215,0.713783111764,-0.509537424517,0.673337691015,0.602902390526,74.9999993784,75.0000023162
0.734410651405,-0.517713214516,0.713603944348,-0.509236304446,0.673337691015,0.602902390526,74.9999993784,75.0000023162
0.734289268856,-0.517427076426,0.713424776787,-0.508934750521,0.673337691015,0.602902390526,74.9999993784,75.0000023162
0.734167937686,-0.517140487131,0.713245609843,-0.508632763019,0.673337691015,0.602902390526,74.9999993784,75.0000023162
0.734046658458,-0.516853446807,0.713066444274,-0.508330342228,0.673337691015,0.602902390526,74.9999993784,75.0000023162
0.733925431731,-0.516565955632,0.712887280834,-0.508027488435,0.673337691015,0.602902390526,74.9999993784,75.0000023162
0.733804258055,-0.516278013797,0.712708120284,-0.507724201924,0.673337691015,0.602902390526,74.9999993784,75.0000023162
0.733683137989,-0.51598962148,0.712528963381,-0.507420482978,0.673337691015,0.602902390526,74.9999993784,75.0000023162
0.73356207208,-0.515700778874,0.712349810873,-0.507116331896,0.673337691015,0.602902390526,74.9999993784,75.0000023162
0.733441060884,-0.515411486161,0.712170663519,-0.50681174896,0.673337691015,0.602902390526,74.9999993784,75.0000023162
0.733320104945,-0.515121743535,0.711991522074,-0.506506734456,0.673337691015,0.602902390526,74.9999993784,75.0000023162
0.733199204816,-0.51483155118,0.711812387286,-0.506201288683,0.673337691015,0.602902390526,74.9999993784,75.0000023162
0.733078361049,-0.514540909281,0.711633259905,-0.505895411932,0.673337691015,0.602902390526,74.9999993784,75.0000023162
0.732957574183,-0.514249818036,0.711454140684,-0.505589104492,0.673337691015,0.602902390526,74.9999993784,75.0000023162
0.732836844769,-0.513958277631,0.711275030372,-0.50528236666,0.673337691015,0.602902390526,74.9999993784,75.0000023162
0.732716173345,-0.513666288267,0.711095929711,-0.504975198736,0.673337691015,0.602902390526,74.9999993784,75.0000023162
0.732595560456,-0.513373850133,0.710916839454,-0.504667601009,0.673337691015,0.602902390526,74.9999993784,75.0000023162
0.732475006641,-0.513080963428,0.710737760347,-0.504359573777,0.673337691015,0.602902390526,74.9999993784,75.0000023162
0.732354512441,-0.512787628347,0.710558693128,-0.504051117346,0.673337691015,0.602902390526,74.9999993784,75.0000023162
0.732234078398,-0.512493845081,0.710379638546,-0.503742232009,0.673337691015,0.602902390526,74.9999993784,75.0000023162
0.732113705044,-0.512199613836,0.710200597345,-0.503432918063,0.673337691015,0.602902390526,74.9999993784,75.0000023162
0.731993392919,-0.511904934806,0.710021570264,-0.503123175816,0.673337691015,0.602902390526,74.9999993784,75.0000023162
0.731873142552,-0.511609808199,0.709842558042,-0.50281300557,0.673337691015,0.602902390526,74.9999993784,75.0000023162
0.73175295448,-0.511314234211,0.709663561422,-0.502502407622,0.673337691015,0.602902390526,74.9999993784,75.0000023162
0.731632829234,-0.511018213047,0.709484581142,-0.502191382281,0.673337691015,0.602902390526,74.9999993784,75.0000023162
0.731512767343,-0.510721744909,0.709305617936,-0.501879929855,0.673337691015,0.602902390526,74.9999993784,75.0000023162
0.731392769341,-0.510424829999,0.709126672542,-0.501568050646,0.673337691015,0.602902390526,74.9999993784,75.0000023162
0.73127283575,-0.510127468529,0.708947745699,-0.50125574496,0.673337691015,0.602902390526,74.9999993784,75.0000023162
0.7311529671,-0.509829660701,0.708768838135,-0.500943013111,0.673337691015,0.602902390526,74.9999993784,75.0000023162
0.73103316391,-0.50953140673,0.708589950586,-0.500629855406,0.673337691015,0.602902390526,74.9999993784,75.0000023162
0.73091342671,-0.509232706819,0.708411083786,-0.500316272151,0.673337691015,0.602902390526,74.9999993784,75.0000023162
0.730793756023,-0.508933561176,0.708232238464,-0.50000226366,0.673337691015,0.602902390526,74.9999993784,75.0000023162
0.730674152366,-0.508633970016,0.708053415347,-0.49968783025,0.673337691015,0.602902390526,74.9999993784,75.0000023162
0.730554616262,-0.508333933546,0.707874615168,-0.499372972227,0.673337691015,0.602902390526,74.9999993784,75.0000023162
0.730435148226,-0.508033451988,0.707695838655,-0.499057689907,0.673337691015,0.602902390526,74.9999993784,75.0000023162
0.730315748777,-0.50773252555,0.707517086528,-0.498741983611,0.673337691015,0.602902390526,74.9999993784,75.0000023162
0.730196418428,-0.50743115445,0.707338359518,-0.498425853651,0.673337691015,0.602902390526,74.9999993784,75.0000023162
0.730077157695,-0.507129338903,0.70715965835,-0.498109300339,0.673337691015,0.602902390526,74.9999993784,75.0000023162
0.729957967094,-0.506827079122,0.706980983745,-0.497792324,0.673337691015,0.602902390526,74.9999993784,75.0000023162
0.729838847132,-0.506524375333,0.706802336423,-0.497474924953,0.673337691015,0.602902390526,74.9999993784,75.0000023162
0.72971979832,-0.506221227748,0.706623717109,-0.497157103514,0.673337691015,0.602902390526,74.9999993784,75.0000023162
0.729600821165,-0.505917636597,0.706445126521,-0.496838860005,0.673337691015,0.602902390526,74.9999993784,75.0000023162
0.729481916175,-0.505613602096,0.706266565375,-0.496520194754,0.673337691015,0.602902390526,74.9999993784,75.0000023162
0.72936308386,-0.505309124462,0.70608803439,-0.496201108078,0.673337691015,0.602902390526,74.9999993784,75.0000023162
0.729244324721,-0.505004203926,0.705909534287,-0.495881600299,0.673337691015,0.602902390526,74.9999993784,75.0000023162
0.729125639262,-0.504698840706,0.705731065775,-0.495561671748,0.673337691015,0.602902390526,74.9999993784,75.0000023162
0.729007027982,-0.504393035036,0.705552629568,-0.49524132275,0.673337691015,0.602902390526,74.9999993784,75.0000023162
0.728888491384,-0.504086787138,0.705374226383,-0.494920553627,0.673337691015,0.602902390526,74.9999993784,75.0000023162
0.728770029966,-0.503780097238,0.70519585693,-0.49459936471,0.673337691015,0.602902390526,74.9999993784,75.0000023162
0.728651644225,-0.503472965569,0.705017521917,-0.494277756331,0.673337691015,0.602902390526,74.9999993784,75.0000023162
0.728533334661,-0.503165392353,0.704839222054,-0.493955728817,0.673337691015,0.602902390526,74.9999993784,75.0000023162
0.728415101762,-0.502857377829,0.704660958054,-0.493633282495,0.673337691015,0.602902390526,74.9999993784,75.0000023162
0.728296946025,-0.502548922223,0.704482730617,-0.493310417702,0.673337691015,0.602902390526,74.9999993784,75.0000023162
0.72817886794,-0.502240025774,0.704304540452,-0.492987134771,0.673337691015,0.602902390526,74.9999993784,75.0000023162
0.728060867998,-0.501930688712,0.704126388264,-0.492663434031,0.673337691015,0.602902390526,74.9999993784,75.0000023162
0.727942946691,-0.501620911266,0.703948274756,-0.492339315818,0.673337691015,0.602902390526,74.9999993784,75.0000023162
0.727825104503,-0.501310693681,0.703770200627,-0.492014780473,0.673337691015,0.602902390526,74.9999993784,75.0000023162
0.727707341922,-0.501000036186,0.703592166581,-0.491689828329,0.673337691015,0.602902390526,74.9999993784,75.0000023162
0.727589659428,-0.500688939028,0.70341417332,-0.491364459718,0.673337691015,0.602902390526,74.9999993784,75.0000023162
0.727472057508,-0.500377402441,0.703236221537,-0.491038674986,0.673337691015,0.602902390526,74.9999993784,75.0000023162
0.727354536646,-0.500065426658,0.703058311931,-0.490712474471,0.673337691015,0.602902390526,74.9999993784,75.0000023162
0.727237097319,-0.499753011929,0.702880445201,-0.49038585851,0.673337691015,0.602902390526,74.9999993784,75.0000023162
0.727119740009,-0.499440158489,0.702702622039,-0.490058827445,0.673337691015,0.602902390526,74.9999993784,75.0000023162
0.727002465188,-0.49912686659,0.702524843137,-0.489731381623,0.673337691015,0.602902390526,74.9999993784,75.0000023162
0.726885273335,-0.498813136468,0.702347109189,-0.489403521385,0.673337691015,0.602902390526,74.9999993784,75.0000023162
0.726768164927,-0.498498968369,0.702169420889,-0.48907524707,0.673337691015,0.602902390526,74.9999993784,75.0000023162
0.726651140433,-0.49818436254,0.701991778923,-0.488746559027,0.673337691015,0.602902390526,74.9999993784,75.0000023162
0.726534200329,-0.497869319225,0.70181418398,-0.488417457605,0.673337691015,0.602902390526,74.9999993784,75.0000023162
0.726417345079,-0.497553838678,0.701636636748,-0.488087943147,0.673337691015,0.602902390526,74.9999993784,75.0000023162
0.726300575156,-0.497237921143,0.701459137914,-0.487758015999,0.673337691015,0.602902390526,74.9999993784,75.0000023162
0.726183891025,-0.496921566872,0.70128168816,-0.487427676516,0.673337691015,0.602902390526,74.9999993784,75.0000023162
0.726067293152,-0.496604776117,0.701104288171,-0.487096925045,0.673337691015,0.602902390526,74.9999993784,75.0000023162
0.725950782003,-0.496287549126,0.70092693863,-0.486765761933,0.673337691015,0.602902390526,74.9999993784,75.0000023162
0.725834358036,-0.495969886159,0.700749640219,-0.486434187536,0.673337691015,0.602902390526,74.9999993784,75.0000023162
0.725718021716,-0.495651787466,0.700572393612,-0.486102202207,0.673337691015,0.602902390526,74.9999993784,75.0000023162
0.725601773499,-0.495333253304,0.700395199492,-0.485769806298,0.673337691015,0.602902390526,74.9999993784,75.0000023162
0.725485613844,-0.495014283929,0.700218058538,-0.485437000161,0.673337691015,0.602902390526,74.9999993784,75.0000023162
0.725369543211,-0.494694879595,0.700040971421,-0.485103784154,0.673337691015,0.602902390526,74.9999993784,75.0000023162
0.725253562049,-0.494375040566,0.699863938817,-0.484770158636,0.673337691015,0.602902390526,74.9999993784,75.0000023162
0.725137670816,-0.494054767097,0.699686961401,-0.484436123958,0.673337691015,0.602902390526,74.9999993784,75.0000023162
0.725021869962,-0.493734059452,0.699510039844,-0.484101680481,0.673337691015,0.602902390526,74.9999993784,75.0000023162
0.724906159936,-0.493412917891,0.699333174814,-0.483766828568,0.673337691015,0.602902390526,74.9999993784,75.0000023162
0.724790541193,-0.493091342671,0.699156366982,-0.483431568575,0.673337691015,0.602902390526,74.9999993784,75.0000023162
0.724675014174,-0.492769334063,0.698979617018,-0.48309590086,0.673337691015,0.602902390526,74.9999993784,75.0000023162
0.724559579328,-0.492446892326,0.698802925587,-0.482759825788,0.673337691015,0.602902390526,74.9999993784,75.0000023162
0.724444237098,-0.49212401773,0.698626293352,-0.482423343725,0.673337691015,0.602902390526,74.9999993784,75.0000023162
0.724328987927,-0.491800710538,0.69844972098,-0.482086455031,0.673337691015,0.602902390526,74.9999993784,75.0000023162
0.72421383226,-0.491476971014,0.698273209134,-0.481749160068,0.673337691015,0.602902390526,74.9999993784,75.0000023162
0.724098770532,-0.491152799432,0.698096758472,-0.481411459206,0.673337691015,0.602902390526,74.9999993784,75.0000023162
0.723983803185,-0.490828196057,0.697920369656,-0.481073352812,0.673337691015,0.602902390526,74.9999993784,75.0000023162
0.723868930653,-0.490503161164,0.697744043345,-0.480734841249,0.673337691015,0.602902390526,74.9999993784,75.0000023162
0.723754153372,-0.490177695021,0.697567780196,-0.480395924886,0.673337691015,0.602902390526,74.9999993784,75.0000023162
0.72363947178,-0.489851797896,0.697391580863,-0.480056604096,0.673337691015,0.602902390526,74.9999993784,75.0000023162
0.723524886304,-0.489525470069,0.697215446002,-0.479716879247,0.673337691015,0.602902390526,74.9999993784,75.0000023162
0.723410397379,-0.489198711808,0.697039376268,-0.479376750707,0.673337691015,0.602902390526,74.9999993784,75.0000023162
0.723296005429,-0.488871523395,0.696863372311,-0.47903621885,0.673337691015,0.602902390526,74.9999993784,75.0000023162
0.723181710885,-0.488543905102,0.696687434779,-0.478695284051,0.673337691015,0.602902390526,74.9999993784,75.0000023162
0.723067514176,-0.488215857201,0.696511564324,-0.478353946681,0.673337691015,0.602902390526,74.9999993784,75.0000023162
0.722953415722,-0.487887379978,0.696335761596,-0.478012207112,0.673337691015,0.602902390526,74.9999993784,75.0000023162
0.722839415949,-0.487558473707,0.696160027236,-0.477670065724,0.673337691015,0.602902390526,74.9999993784,75.0000023162
0.722725515276,-0.487229138671,0.695984361891,-0.477327522893,0.673337691015,0.602902390526,74.9999993784,75.0000023162
0.722611714124,-0.486899375149,0.695808766206,-0.476984578993,0.673337691015,0.602902390526,74.9999993784,75.0000023162
0.722498012915,-0.486569183419,0.695633240823,-0.476641234402,0.673337691015,0.602902390526,74.9999993784,75.0000023162
0.722384412061,-0.48623856377,0.69545778638,-0.476297489503,0.673337691015,0.602902390526,74.9999993784,75.0000023162
0.72227091198,-0.485907516482,0.695282403518,-0.475953344674,0.673337691015,0.602902390526,74.9999993784,75.0000023162
0.722157513085,-0.485576041841,0.695107092877,-0.475608800294,0.673337691015,0.602902390526,74.9999993784,75.0000023162
0.722044215789,-0.485244140133,0.694931855091,-0.475263856744,0.673337691015,0.602902390526,74.9999993784,75.0000023162
0.721931020504,-0.48491181164,0.694756690795,-0.474918514411,0.673337691015,0.602902390526,74.9999993784,75.0000023162
0.721817927636,-0.484579056655,0.694581600623,-0.474572773676,0.673337691015,0.602902390526,74.9999993784,75.0000023162
0.721704937595,-0.484245875463,0.69440658521,-0.47422663492,0.673337691015,0.602902390526,74.9999993784,75.0000023162
0.721592050787,-0.483912268355,0.694231645184,-0.473880098531,0.673337691015,0.602902390526,74.9999993784,75.0000023162
0.721479267615,-0.483578235622,0.694056781174,-0.473533164897,0.673337691015,0.602902390526,74.9999993784,75.0000023162
0.721366588485,-0.48324377755,0.69388199381,-0.473185834402,0.673337691015,0.602902390526,74.9999993784,75.0000023162
0.721254013795,-0.482908894438,0.69370728372,-0.472838107432,0.673337691015,0.602902390526,74.9999993784,75.0000023162
0.721141543947,-0.482573586575,0.693532651526,-0.472489984379,0.673337691015,0.602902390526,74.9999993784,75.0000023162
0.721029179339,-0.482237854255,0.693358097851,-0.472141465633,0.673337691015,0.602902390526,74.9999993784,75.0000023162
0.720916920367,-0.481901697775,0.693183623321,-0.471792551581,0.673337691015,0.602902390526,74.9999993784,75.0000023162
0.720804767428,-0.481565117426,0.693009228556,-0.471443242614,0.673337691015,0.602902390526,74.9999993784,75.0000023162
0.720692720912,-0.481228113513,0.692834914174,-0.471093539127,0.673337691015,0.602902390526,74.9999993784,75.0000023162
0.720580781215,-0.480890686328,0.692660680793,-0.470743441513,0.673337691015,0.602902390526,74.9999993784,75.0000023162
0.720468948726,-0.480552836169,0.692486529031,-0.470392950163,0.673337691015,0.602902390526,74.9999993784,75.0000023162
0.720357223832,-0.480214563339,0.692312459503,-0.470042065471,0.673337691015,0.602902390526,74.9999993784,75.0000023162
0.720245606925,-0.479875868134,0.69213847282,-0.469690787837,0.673337691015,0.602902390526,74.9999993784,75.0000023162
0.720134098384,-0.479536750862,0.691964569596,-0.469339117655,0.673337691015,0.602902390526,74.9999993784,75.0000023162
0.720022698598,-0.479197211821,0.691790750444,-0.468987055319,0.673337691015,0.602902390526,74.9999993784,75.0000023162
0.71991140795,-0.478857251311,0.691617015971,-0.46863460123,0.673337691015,0.602902390526,74.9999993784,75.0000023162
0.719800226818,-0.478516869643,0.691443366783,-0.468281755789,0.673337691015,0.602902390526,74.9999993784,75.0000023162
0.719689155585,-0.478176067116,0.691269803488,-0.467928519393,0.673337691015,0.602902390526,74.9999993784,75.0000023162
0.719578194624,-0.477834844044,0.691096326693,-0.467574892439,0.673337691015,0.602902390526,74.9999993784,75.0000023162
0.719467344313,-0.477493200728,0.690922936999,-0.467220875333,0.673337691015,0.602902390526,74.9999993784,75.0000023162
0.719356605031,-0.477151137472,0.690749635007,-0.466866468479,0.673337691015,0.602902390526,74.9999993784,75.0000023162
0.719245977146,-0.476808654593,0.690576421319,-0.466511672275,0.673337691015,0.602902390526,74.9999993784,75.0000023162
0.719135461033,-0.476465752394,0.690403296534,-0.466156487126,0.673337691015,0.602902390526,74.9999993784,75.0000023162
0.719025057058,-0.476122431192,0.69023026125,-0.465800913438,0.673337691015,0.602902390526,74.9999993784,75.0000023162
0.71891476559,-0.475778691295,0.69005731606,-0.465444951617,0.673337691015,0.602902390526,74.9999993784,75.0000023162
0.718804587001,-0.475434533011,0.689884461561,-0.465088602068,0.673337691015,0.602902390526,74.9999993784,75.0000023162
0.718694521649,-0.475089956661,0.689711698346,-0.464731865198,0.673337691015,0.602902390526,74.9999993784,75.0000023162
0.718584569903,-0.474744962554,0.689539027005,-0.464374741415,0.673337691015,0.602902390526,74.9999993784,75.0000023162
0.718474732121,-0.474399551008,0.689366448128,-0.46401723113,0.673337691015,0.602902390526,74.9999993784,75.0000023162
0.718365008664,-0.474053722339,0.689193962305,-0.46365933475,0.673337691015,0.602902390526,74.9999993784,75.0000023162
0.718255399894,-0.473707476858,0.689021570122,-0.463301052685,0.673337691015,0.602902390526,74.9999993784,75.0000023162
0.718145906164,-0.473360814892,0.688849272164,-0.462942385349,0.673337691015,0.602902390526,74.9999993784,75.0000023162
0.718036527831,-0.473013736753,0.688677069015,-0.462583333153,0.673337691015,0.602902390526,74.9999993784,75.0000023162
0.71792726525,-0.472666242761,0.688504961257,-0.462223896509,0.673337691015,0.602902390526,74.9999993784,75.0000023162
0.717818118772,-0.47231833324,0.688332949473,-0.46186407583,0.673337691015,0.602902390526,74.9999993784,75.0000023162
0.717709088749,-0.471970008506,0.688161034239,-0.461503871533,0.673337691015,0.602902390526,74.9999993784,75.0000023162
0.717600175527,-0.471621268888,0.687989216135,-0.461143284032,0.673337691015,0.602902390526,74.9999993784,75.0000023162
0.717491379456,-0.471272114705,0.687817495737,-0.460782313742,0.673337691015,0.602902390526,74.9999993784,75.0000023162
0.717382700884,-0.470922546278,0.687645873619,-0.46042096108,0.673337691015,0.602902390526,74.9999993784,75.0000023162
0.717274140151,-0.470572563936,0.687474350355,-0.460059226466,0.673337691015,0.602902390526,74.9999993784,75.0000023162
0.717165697603,-0.470222168003,0.687302926515,-0.459697110317,0.673337691015,0.602902390526,74.9999993784,75.0000023162
0.717057373577,-0.469871358808,0.687131602672,-0.459334613051,0.673337691015,0.602902390526,74.9999993784,75.0000023162
0.716949168415,-0.469520136678,0.686960379393,-0.458971735089,0.673337691015,0.602902390526,74.9999993784,75.0000023162
0.716841082458,-0.469168501935,0.686789257243,-0.458608476854,0.673337691015,0.602902390526,74.9999993784,75.0000023162
0.716733116036,-0.468816454916,0.68661823679,-0.458244838766,0.673337691015,0.602902390526,74.9999993784,75.0000023162
0.716625269488,-0.468463995946,0.686447318599,-0.457880821245,0.673337691015,0.602902390526,74.9999993784,75.0000023162
0.716517543146,-0.468111125359,0.68627650323,-0.457516424717,0.673337691015,0.602902390526,74.9999993784,75.0000023162
0.716409937339,-0.467757843487,0.686105791244,-0.457151649606,0.673337691015,0.602902390526,74.9999993784,75.0000023162
0.716302452402,-0.467404150657,0.6859351832,-0.456786496337,0.673337691015,0.602902390526,74.9999993784,75.0000023162
0.716195088657,-0.467050047211,0.685764679658,-0.456420965332,0.673337691015,0.602902390526,74.9999993784,75.0000023162
0.716087846434,-0.466695533477,0.685594281173,-0.456055057021,0.673337691015,0.602902390526,74.9999993784,75.0000023162
0.715980726058,-0.466340609792,0.685423988298,-0.45568877183,0.673337691015,0.602902390526,74.9999993784,75.0000023162
0.71587372785,-0.465985276493,0.685253801587,-0.455322110188,0.673337691015,0.602902390526,74.9999993784,75.0000023162
0.715766852136,-0.465629533913,0.685083721593,-0.45495507252,0.673337691015,0.602902390526,74.9999993784,75.0000023162
0.71566009923,-0.465273382398,0.684913748865,-0.454587659259,0.673337691015,0.602902390526,74.9999993784,75.0000023162
0.715553469454,-0.46491682228,0.684743883949,-0.454219870835,0.673337691015,0.602902390526,74.9999993784,75.0000023162
0.715446963127,-0.464559853897,0.684574127395,-0.453851707677,0.673337691015,0.602902390526,74.9999993784,75.0000023162
0.71534058056,-0.464202477594,0.684404479747,-0.453483170216,0.673337691015,0.602902390526,74.9999993784,75.0000023162
0.715234322069,-0.463844693708,0.684234941548,-0.453114258887,0.673337691015,0.602902390526,74.9999993784,75.0000023162
0.715128187965,-0.463486502585,0.684065513339,-0.452744974123,0.673337691015,0.602902390526,74.9999993784,75.0000023162
0.715022178557,-0.463127904567,0.683896195663,-0.452375316356,0.673337691015,0.602902390526,74.9999993784,75.0000023162
0.714916294158,-0.462768899993,0.683726989058,-0.452005286021,0.673337691015,0.602902390526,74.9999993784,75.0000023162
0.71481053507,-0.462409489213,0.68355789406,-0.451634883554,0.673337691015,0.602902390526,74.9999993784,75.0000023162
0.714704901601,-0.46204967257,0.683388911205,-0.451264109392,0.673337691015,0.602902390526,74.9999993784,75.0000023162
0.714599394055,-0.46168945041,0.683220041028,-0.450892963971,0.673337691015,0.602902390526,74.9999993784,75.0000023162
0.714494012733,-0.461328823081,0.683051284062,-0.450521447728,0.673337691015,0.602902390526,74.9999993784,75.0000023162
0.714388757938,-0.460967790928,0.682882640836,-0.450149561102,0.673337691015,0.602902390526,74.9999993784,75.0000023162
0.714283629964,-0.460606354305,0.682714111879,-0.449777304533,0.673337691015,0.602902390526,74.9999993784,75.0000023162
0.714178629112,-0.460244513558,0.682545697721,-0.449404678459,0.673337691015,0.602902390526,74.9999993784,75.0000023162
0.71407375568,-0.459882269034,0.682377398887,-0.449031683322,0.673337691015,0.602902390526,74.9999993784,75.0000023162
0.713969009957,-0.45951962109,0.682209215901,-0.448658319562,0.673337691015,0.602902390526,74.9999993784,75.0000023162
0.713864392239,-0.459156570073,0.682041149285,-0.448284587623,0.673337691015,0.602902390526,74.9999993784,75.0000023162
0.713759902813,-0.45879311634,0.681873199562,-0.447910487946,0.673337691015,0.602902390526,74.9999993784,75.0000023162
0.713655541971,-0.458429260244,0.681705367252,-0.447536020975,0.673337691015,0.602902390526,74.9999993784,75.0000023162
0.713551310003,-0.458065002133,0.681537652871,-0.447161187153,0.673337691015,0.602902390526,74.9999993784,75.0000023162
0.713447207189,-0.45770034237,0.681370056937,-0.446785986928,0.673337691015,0.602902390526,74.9999993784,75.0000023162
0.713343233818,-0.457335281307,0.681202579964,-0.446410420743,0.673337691015,0.602902390526,74.9999993784,75.0000023162
0.713239390171,-0.456969819302,0.681035222465,-0.446034489044,0.673337691015,0.602902390526,74.9999993784,75.0000023162
0.713135676528,-0.456603956712,0.680867984953,-0.445658192279,0.673337691015,0.602902390526,74.9999993784,75.0000023162
0.713032093171,-0.456237693894,0.680700867936,-0.445281530897,0.673337691015,0.602902390526,74.9999993784,75.0000023162
0.712928640374,-0.455871031211,0.680533871923,-0.444904505344,0.673337691015,0.602902390526,74.9999993784,75.0000023162
0.712825318416,-0.455503969021,0.680366997422,-0.44452711607,0.673337691015,0.602902390526,74.9999993784,75.0000023162
0.712722127572,-0.455136507681,0.680200244937,-0.444149363525,0.673337691015,0.602902390526,74.9999993784,75.0000023162
0.712619068113,-0.454768647558,0.68003361497,-0.44377124816,0.673337691015,0.602902390526,74.9999993784,75.0000023162
0.712516140312,-0.45440038901,0.679867108026,-0.443392770426,0.673337691015,0.602902390526,74.9999993784,75.0000023162
0.712413344436,-0.454031732404,0.679700724603,-0.443013930773,0.673337691015,0.602902390526,74.9999993784,75.0000023162
0.712310680755,-0.453662678103,0.6795344652,-0.442634729656,0.673337691015,0.602902390526,74.9999993784,75.0000023162
0.712208149536,-0.453293226468,0.679368330314,-0.442255167528,0.673337691015,0.602902390526,74.9999993784,75.0000023162
0.712105751042,-0.452923377869,0.679202320441,-0.441875244842,0.673337691015,0.602902390526,74.9999993784,75.0000023162
0.712003485537,-0.452553132669,0.679036436074,-0.441494962053,0.673337691015,0.602902390526,74.9999993784,75.0000023162
0.711901353283,-0.452182491237,0.678870677704,-0.441114319616,0.673337691015,0.602902390526,74.9999993784,75.0000023162
0.711799354538,-0.451811453941,0.678705045823,-0.440733317988,0.673337691015,0.602902390526,74.9999993784,75.0000023162
0.711697489564,-0.451440021147,0.678539540919,-0.440351957624,0.673337691015,0.602902390526,74.9999993784,75.0000023162
0.711595758612,-0.451068193228,0.67837416348,-0.439970238982,0.673337691015,0.602902390526,74.9999993784,75.0000023162
0.711494161941,-0.450695970553,0.678208913991,-0.439588162521,0.673337691015,0.602902390526,74.9999993784,75.0000023162
0.711392699804,-0.450323353489,0.678043792935,-0.439205728698,0.673337691015,0.602902390526,74.9999993784,75.0000023162
0.711291372452,-0.449950342413,0.677878800795,-0.438822937974,0.673337691015,0.602902390526,74.9999993784,75.0000023162
0.711190180136,-0.449576937693,0.677713938051,-0.438439790807,0.673337691015,0.602902390526,74.9999993784,75.0000023162
0.711089123102,-0.449203139706,0.677549205183,-0.43805628766,0.673337691015,0.602902390526,74.9999993784,75.0000023162
0.710988201599,-0.448828948825,0.677384602667,-0.437672428992,0.673337691015,0.602902390526,74.9999993784,75.0000023162
0.710887415873,-0.44845436542,0.677220130979,-0.437288215266,0.673337691015,0.602902390526,74.9999993784,75.0000023162
0.710786766166,-0.448079389874,0.677055790594,-0.436903646944,0.673337691015,0.602902390526,74.9999993784,75.0000023162
0.71068625272,-0.447704022558,0.676891581983,-0.43651872449,0.673337691015,0.602902390526,74.9999993784,75.0000023162
0.710585875776,-0.44732826385,0.676727505617,-0.436133448368,0.673337691015,0.602902390526,74.9999993784,75.0000023162
0.710485635572,-0.446952114129,0.676563561965,-0.435747819042,0.673337691015,0.602902390526,74.9999993784,75.0000023162
0.710385532347,-0.446575573771,0.676399751494,-0.435361836976,0.673337691015,0.602902390526,74.9999993784,75.0000023162
0.710285566333,-0.446198643159,0.676236074671,-0.434975502638,0.673337691015,0.602902390526,74.9999993784,75.0000023162
0.710185737766,-0.445821322671,0.676072531958,-0.434588816492,0.673337691015,0.602902390526,74.9999993784,75.0000023162
0.71008604688,-0.445443612684,0.675909123819,-0.434201779007,0.673337691015,0.602902390526,74.9999993784,75.0000023162
0.709986493902,-0.445065513585,0.675745850715,-0.43381439065,0.673337691015,0.602902390526,74.9999993784,75.0000023162
0.709887079065,-0.444687025752,0.675582713104,-0.433426651889,0.673337691015,0.602902390526,74.9999993784,75.0000023162
0.709787802592,-0.444308149571,0.675419711443,-0.433038563193,0.673337691015,0.602902390526,74.9999993784,75.0000023162
0.709688664711,-0.443928885425,0.675256846189,-0.432650125032,0.673337691015,0.602902390526,74.9999993784,75.0000023162
0.709589665648,-0.443549233695,0.675094117795,-0.432261337876,0.673337691015,0.602902390526,74.9999993784,75.0000023162
0.709490805622,-0.443169194771,0.674931526715,-0.431872202194,0.673337691015,0.602902390526,74.9999993784,75.0000023162
0.709392084856,-0.442788769036,0.674769073398,-0.43148271846,0.673337691015,0.602902390526,74.9999993784,75.0000023162
0.709293503569,-0.442407956876,0.674606758294,-0.431092887144,0.673337691015,0.602902390526,74.9999993784,75.0000023162
0.709195061978,-0.44202675868,0.67444458185,-0.43070270872,0.673337691015,0.602902390526,74.9999993784,75.0000023162
0.709096760301,-0.441645174833,0.674282544512,-0.430312183659,0.673337691015,0.602902390526,74.9999993784,75.0000023162
0.708998598749,-0.441263205729,0.674120646724,-0.429921312437,0.673337691015,0.602902390526,74.9999993784,75.0000023162
0.708900577537,-0.440880851754,0.673958888929,-0.429530095527,0.673337691015,0.602902390526,74.9999993784,75.0000023162
0.708802696878,-0.440498113295,0.673797271567,-0.429138533405,0.673337691015,0.602902390526,74.9999993784,75.0000023162
0.708704956979,-0.440114990748,0.673635795077,-0.428746626546,0.673337691015,0.602902390526,74.9999993784,75.0000023162
0.708607358048,-0.439731484501,0.673474459898,-0.428354375425,0.673337691015,0.602902390526,74.9999993784,75.0000023162
0.708509900293,-0.439347594949,0.673313266463,-0.427961780521,0.673337691015,0.602902390526,74.9999993784,75.0000023162
0.708412583917,-0.438963322483,0.673152215209,-0.427568842309,0.673337691015,0.602902390526,74.9999993784,75.0000023162
0.708315409125,-0.438578667496,0.672991306566,-0.427175561268,0.673337691015,0.602902390526,74.9999993784,75.0000023162
0.708218376117,-0.438193630386,0.672830540967,-0.426781937876,0.673337691015,0.602902390526,74.9999993784,75.0000023162
0.708121485094,-0.437808211544,0.672669918839,-0.426387972613,0.673337691015,0.602902390526,74.9999993784,75.0000023162
0.708024736254,-0.437422411366,0.672509440611,-0.425993665958,0.673337691015,0.602902390526,74.9999993784,75.0000023162
0.707928129793,-0.437036230251,0.672349106707,-0.42559901839,0.673337691015,0.602902390526,74.9999993784,75.0000023162
0.707831665909,-0.436649668593,0.672188917554,-0.42520403039,0.673337691015,0.602902390526,74.9999993784,75.0000023162
0.707735344791,-0.436262726794,0.672028873571,-0.424808702441,0.673337691015,0.602902390526,74.9999993784,75.0000023162
0.707639166634,-0.43587540525,0.67186897518,-0.424413035023,0.673337691015,0.602902390526,74.9999993784,75.0000023162
0.707543131629,-0.435487704357,0.671709222801,-0.424017028619,0.673337691015,0.602902390526,74.9999993784,75.0000023162
0.707447239962,-0.435099624519,0.671549616851,-0.423620683712,0.673337691015,0.602902390526,74.9999993784,75.0000023162
0.707351491823,-0.434711166135,0.671390157745,-0.423224000785,0.673337691015,0.602902390526,74.9999993784,75.0000023162
0.707255887396,-0.434322329606,0.671230845897,-0.422826980323,0.673337691015,0.602902390526,74.9999993784,75.0000023162
0.707160426865,-0.433933115336,0.671071681721,-0.422429622809,0.673337691015,0.602902390526,74.9999993784,75.0000023162
0.707065110413,-0.433543523723,0.670912665626,-0.422031928729,0.673337691015,0.602902390526,74.9999993784,75.0000023162
0.70696993822,-0.433153555175,0.670753798021,-0.42163389857,0.673337691015,0.602902390526,74.9999993784,75.0000023162
0.706874910466,-0.432763210093,0.670595079313,-0.421235532816,0.673337691015,0.602902390526,74.9999993784,75.0000023162
0.706780027328,-0.432372488881,0.67043650991,-0.420836831953,0.673337691015,0.602902390526,74.9999993784,75.0000023162
0.706685288983,-0.431981391947,0.670278090214,-0.42043779647,0.673337691015,0.602902390526,74.9999993784,75.0000023162
0.706590695604,-0.431589919694,0.670119820627,-0.420038426855,0.673337691015,0.602902390526,74.9999993784,75.0000023162
0.706496247364,-0.431198072531,0.66996170155,-0.419638723596,0.673337691015,0.602902390526,74.9999993784,75.0000023162
0.706401944435,-0.430805850864,0.669803733384,-0.419238687181,0.673337691015,0.602902390526,74.9999993784,75.0000023162
0.706307786987,-0.430413255099,0.669645916524,-0.418838318098,0.673337691015,0.602902390526,74.9999993784,75.0000023162
0.706213775188,-0.430020285647,0.669488251366,-0.41843761684,0.673337691015,0.602902390526,74.9999993784,75.0000023162
0.706119909203,-0.429626942915,0.669330738303,-0.418036583896,0.673337691015,0.602902390526,74.9999993784,75.0000023162
0.706026189199,-0.429233227314,0.66917337773,-0.417635219755,0.673337691015,0.602902390526,74.9999993784,75.0000023162
0.705932615337,-0.428839139256,0.669016170036,-0.41723352491,0.673337691015,0.602902390526,74.9999993784,75.0000023162
0.705839187782,-0.428444679148,0.668859115609,-0.416831499853,0.673337691015,0.602902390526,74.9999993784,75.0000023162
0.705745906691,-0.428049847405,0.668702214836,-0.416429145076,0.673337691015,0.602902390526,74.9999993784,75.0000023162
0.705652772225,-0.427654644438,0.668545468106,-0.416026461071,0.673337691015,0.602902390526,74.9999993784,75.0000023162
0.705559784539,-0.42725907066,0.6683888758,-0.415623448331,0.673337691015,0.602902390526,74.9999993784,75.0000023162
0.70546694379,-0.426863126485,0.6682324383,-0.415220107353,0.673337691015,0.602902390526,74.9999993784,75.0000023162
0.705374250133,-0.426466812325,0.668076155987,-0.414816438628,0.673337691015,0.602902390526,74.9999993784,75.0000023162
0.705281703717,-0.426070128599,0.667920029241,-0.414412442651,0.673337691015,0.602902390526,74.9999993784,75.0000023162
0.705189304694,-0.42567307572,0.667764058439,-0.414008119917,0.673337691015,0.602902390526,74.9999993784,75.0000023162
0.705097053216,-0.425275654103,0.667608243955,-0.413603470924,0.673337691015,0.602902390526,74.9999993784,75.0000023162
0.705004949427,-0.424877864166,0.667452586163,-0.413198496167,0.673337691015,0.602902390526,74.9999993784,75.0000023162
0.704912993476,-0.424479706325,0.667297085437,-0.412793196141,0.673337691015,0.602902390526,74.9999993784,75.0000023162
0.704821185506,-0.424081181,0.667141742147,-0.412387571343,0.673337691015,0.602902390526,74.9999993784,75.0000023162
0.704729525659,-0.423682288609,0.66698655666,-0.411981622274,0.673337691015,0.602902390526,74.9999993784,75.0000023162
0.70463801408,-0.423283029569,0.666831529344,-0.411575349431,0.673337691015,0.602902390526,74.9999993784,75.0000023162
0.704546650905,-0.422883404303,0.666676660567,-0.411168753308,0.673337691015,0.602902390526,74.9999993784,75.0000023162
0.704455436274,-0.422483413229,0.66652195069,-0.410761834408,0.673337691015,0.602902390526,74.9999993784,75.0000023162
0.704364370324,-0.422083056769,0.666367400074,-0.410354593231,0.673337691015,0.602902390526,74.9999993784,75.0000023162
0.704273453189,-0.421682335344,0.666213009083,-0.409947030275,0.673337691015,0.602902390526,74.9999993784,75.0000023162
0.704182685005,-0.421281249375,0.666058778074,-0.409539146039,0.673337691015,0.602902390526,74.9999993784,75.0000023162
0.704092065902,-0.420879799288,0.665904707405,-0.409130941025,0.673337691015,0.602902390526,74.9999993784,75.0000023162
0.704001596011,-0.420477985504,0.665750797429,-0.408722415737,0.673337691015,0.602902390526,74.9999993784,75.0000023162
0.703911275463,-0.420075808447,0.665597048502,-0.408313570673,0.673337691015,0.602902390526,74.9999993784,75.0000023162
0.703821104383,-0.419673268541,0.665443460977,-0.407904406334,0.673337691015,0.602902390526,74.9999993784,75.0000023162
0.703731082899,-0.419270366212,0.665290035203,-0.407494923225,0.673337691015,0.602902390526,74.9999993784,75.0000023162
0.703641211133,-0.418867101887,0.665136771528,-0.407085121849,0.673337691015,0.602902390526,74.9999993784,75.0000023162
0.70355148921,-0.41846347599,0.6649836703,-0.406675002709,0.673337691015,0.602902390526,74.9999993784,75.0000023162
0.703461917252,-0.418059488948,0.664830731867,-0.406264566305,0.673337691015,0.602902390526,74.9999993784,75.0000023162
0.703372495376,-0.417655141189,0.664677956569,-0.405853813145,0.673337691015,0.602902390526,74.9999993784,75.0000023162
0.703283223703,-0.417250433142,0.664525344749,-0.405442743734,0.673337691015,0.602902390526,74.9999993784,75.0000023162
0.703194102349,-0.416845365234,0.664372896748,-0.405031358575,0.673337691015,0.602902390526,74.9999993784,75.0000023162
0.703105131429,-0.416439937895,0.664220612907,-0.404619658171,0.673337691015,0.602902390526,74.9999993784,75.0000023162
0.703016311057,-0.416034151553,0.664068493561,-0.404207643031,0.673337691015,0.602902390526,74.9999993784,75.0000023162
0.702927641344,-0.415628006641,0.663916539044,-0.403795313663,0.673337691015,0.602902390526,74.9999993784,75.0000023162
0.702839122403,-0.415221503589,0.663764749692,-0.403382670569,0.673337691015,0.602902390526,74.9999993784,75.0000023162
0.702750754342,-0.414814642827,0.663613125838,-0.402969714256,0.673337691015,0.602902390526,74.9999993784,75.0000023162
0.702662537269,-0.414407424788,0.663461667811,-0.402556445234,0.673337691015,0.602902390526,74.9999993784,75.0000023162
0.702574471291,-0.413999849903,0.663310375939,-0.402142864011,0.673337691015,0.602902390526,74.9999993784,75.0000023162
0.70248655651,-0.413591918608,0.663159250552,-0.401728971092,0.673337691015,0.602902390526,74.9999993784,75.0000023162
0.702398793032,-0.413183631335,0.663008291975,-0.401314766985,0.673337691015,0.602902390526,74.9999993784,75.0000023162
0.702311180958,-0.412774988517,0.66285750053,-0.400900252202,0.673337691015,0.602902390526,74.9999993784,75.0000023162
0.702223720387,-0.41236599059,0.662706876539,-0.400485427252,0.673337691015,0.602902390526,74.9999993784,75.0000023162
0.702136411419,-0.411956637988,0.662556420326,-0.400070292642,0.673337691015,0.602902390526,74.9999993784,75.0000023162
0.702049254151,-0.411546931149,0.662406132208,-0.399654848881,0.673337691015,0.602902390526,74.9999993784,75.0000023162
0.701962248678,-0.411136870507,0.662256012502,-0.399239096483,0.673337691015,0.602902390526,74.9999993784,75.0000023162
0.701875395096,-0.410726456499,0.662106061523,-0.398823035958,0.673337691015,0.602902390526,74.9999993784,75.0000023162
0.701788693495,-0.410315689565,0.661956279588,-0.398406667813,0.673337691015,0.602902390526,74.9999993784,75.0000023162
0.701702143968,-0.40990457014,0.661806667008,-0.397989992561,0.673337691015,0.602902390526,74.9999993784,75.0000023162
0.701615746605,-0.409493098663,0.661657224092,-0.397573010717,0.673337691015,0.602902390526,74.9999993784,75.0000023162
0.701529501494,-0.409081275574,0.66150795115,-0.39715572279,0.673337691015,0.602902390526,74.9999993784,75.0000023162
0.701443408721,-0.40866910131,0.661358848492,-0.39673812929,0.673337691015,0.602902390526,74.9999993784,75.0000023162
0.701357468371,-0.408256576315,0.661209916422,-0.396320230732,0.673337691015,0.602902390526,74.9999993784,75.0000023162
0.70127168053,-0.407843701026,0.661061155242,-0.395902027632,0.673337691015,0.602902390526,74.9999993784,75.0000023162
0.701186045278,-0.407430475885,0.660912565257,-0.395483520501,0.673337691015,0.602902390526,74.9999993784,75.0000023162
0.701100562698,-0.407016901335,0.66076414677,-0.395064709847,0.673337691015,0.602902390526,74.9999993784,75.0000023162
0.701015232868,-0.406602977815,0.660615900077,-0.39464559619,0.673337691015,0.602902390526,74.9999993784,75.0000023162
0.700930055866,-0.406188705771,0.660467825475,-0.394226180046,0.673337691015,0.602902390526,74.9999993784,75.0000023162
0.700845031769,-0.405774085644,0.660319923262,-0.393806461926,0.673337691015,0.602902390526,74.9999993784,75.0000023162
0.700760160652,-0.405359117877,0.660172193734,-0.393386442343,0.673337691015,0.602902390526,74.9999993784,75.0000023162
0.700675442588,-0.404943802915,0.660024637182,-0.392966121814,0.673337691015,0.602902390526,74.9999993784,75.0000023162
0.700590877651,-0.404528141202,0.659877253895,-0.392545500859,0.673337691015,0.602902390526,74.9999993784,75.0000023162
0.700506465909,-0.404112133184,0.659730044165,-0.392124579988,0.673337691015,0.602902390526,74.9999993784,75.0000023162
0.700422207433,-0.403695779306,0.659583008282,-0.391703359717,0.673337691015,0.602902390526,74.9999993784,75.0000023162
0.700338102291,-0.403279080014,0.659436146528,-0.391281840565,0.673337691015,0.602902390526,74.9999993784,75.0000023162
0.700254150548,-0.402862035754,0.659289459189,-0.39086002305,0.673337691015,0.602902390526,74.9999993784,75.0000023162
0.70017035227,-0.402444646973,0.659142946549,-0.390437907685,0.673337691015,0.602902390526,74.9999993784,75.0000023162
0.700086707519,-0.40202691412,0.658996608891,-0.390015494987,0.673337691015,0.602902390526,74.9999993784,75.0000023162
0.700003216359,-0.401608837641,0.658850446491,-0.389592785477,0.673337691015,0.602902390526,74.9999993784,75.0000023162
0.69991987885,-0.401190417985,0.658704459629,-0.389169779673,0.673337691015,0.602902390526,74.9999993784,75.0000023162
0.699836695051,-0.400771655601,0.658558648583,-0.388746478088,0.673337691015,0.602902390526,74.9999993784,75.0000023162
0.699753665019,-0.400352550939,0.658413013627,-0.388322881243,0.673337691015,0.602902390526,74.9999993784,75.0000023162
0.699670788811,-0.399933104447,0.658267555033,-0.387898989659,0.673337691015,0.602902390526,74.9999993784,75.0000023162
0.699588066482,-0.399513316578,0.658122273073,-0.387474803853,0.673337691015,0.602902390526,74.9999993784,75.0000023162
0.699505498085,-0.39909318778,0.657977168021,-0.387050324341,0.673337691015,0.602902390526,74.9999993784,75.0000023162
0.699423083673,-0.398672718505,0.657832240142,-0.386625551645,0.673337691015,0.602902390526,74.9999993784,75.0000023162
0.699340823295,-0.398251909206,0.657687489702,-0.386200486288,0.673337691015,0.602902390526,74.9999993784,75.0000023162
0.699258717002,-0.397830760334,0.657542916968,-0.385775128786,0.673337691015,0.602902390526,74.9999993784,75.0000023162
0.699176764841,-0.397409272341,0.657398522206,-0.385349479656,0.673337691015,0.602902390526,74.9999993784,75.0000023162
0.699094966859,-0.396987445682,0.657254305676,-0.384923539423,0.673337691015,0.602902390526,74.9999993784,75.0000023162
0.6990133231,-0.396565280808,0.657110267636,-0.38449730861,0.673337691015,0.602902390526,74.9999993784,75.0000023162
0.698931833608,-0.396142778175,0.656966408349,-0.384070787732,0.673337691015,0.602902390526,74.9999993784,75.0000023162
0.698850498425,-0.395719938236,0.656822728072,-0.383643977311,0.673337691015,0.602902390526,74.9999993784,75.0000023162
0.698769317593,-0.395296761446,0.656679227059,-0.38321687787,0.673337691015,0.602902390526,74.9999993784,75.0000023162
0.69868829115,-0.394873248261,0.656535905563,-0.382789489932,0.673337691015,0.602902390526,74.9999993784,75.0000023162
0.698607419135,-0.394449399136,0.656392763841,-0.382361814014,0.673337691015,0.602902390526,74.9999993784,75.0000023162
0.698526701584,-0.394025214527,0.656249802143,-0.38193385064,0.673337691015,0.602902390526,74.9999993784,75.0000023162
0.698446138533,-0.393600694891,0.656107020715,-0.381505600334,0.673337691015,0.602902390526,74.9999993784,75.0000023162
0.698365730016,-0.393175840684,0.655964419806,-0.381077063618,0.673337691015,0.602902390526,74.9999993784,75.0000023162
0.698285476065,-0.392750652365,0.655821999667,-0.38064824101,0.673337691015,0.602902390526,74.9999993784,75.0000023162
0.698205376711,-0.39232513039,0.655679760539,-0.380219133035,0.673337691015,0.602902390526,74.9999993784,75.0000023162
0.698125431984,-0.391899275219,0.655537702663,-0.379789740221,0.673337691015,0.602902390526,74.9999993784,75.0000023162
0.698045641912,-0.391473087309,0.655395826283,-0.379360063087,0.673337691015,0.602902390526,74.9999993784,75.0000023162
0.697966006523,-0.39104656712,0.655254131641,-0.378930102152,0.673337691015,0.602902390526,74.9999993784,75.0000023162
0.697886525843,-0.390619715111,0.655112618974,-0.378499857945,0.673337691015,0.602902390526,74.9999993784,75.0000023162
0.697807199895,-0.390192531742,0.654971288516,-0.378069330992,0.673337691015,0.602902390526,74.9999993784,75.0000023162
0.697728028702,-0.389765017473,0.654830140505,-0.377638521811,0.673337691015,0.602902390526,74.9999993784,75.0000023162
0.697649012287,-0.389337172766,0.654689175177,-0.377207430926,0.673337691015,0.602902390526,74.9999993784,75.0000023162
0.697570150669,-0.38890899808,0.654548392761,-0.376776058865,0.673337691015,0.602902390526,74.9999993784,75.0000023162
0.697491443868,-0.388480493878,0.654407793486,-0.376344406154,0.673337691015,0.602902390526,74.9999993784,75.0000023162
0.697412891901,-0.388051660621,0.654267377587,-0.375912473309,0.673337691015,0.602902390526,74.9999993784,75.0000023162
0.697334494785,-0.387622498772,0.654127145288,-0.37548026086,0.673337691015,0.602902390526,74.9999993784,75.0000023162
0.697256252534,-0.387193008793,0.653987096814,-0.375047769335,0.673337691015,0.602902390526,74.9999993784,75.0000023162
0.697178165161,-0.386763191148,0.65384723239,-0.374614999256,0.673337691015,0.602902390526,74.9999993784,75.0000023162
0.69710023268,-0.386333046299,0.653707552242,-0.374181951143,0.673337691015,0.602902390526,74.9999993784,75.0000023162
0.697022455102,-0.385902574711,0.653568056589,-0.373748625527,0.673337691015,0.602902390526,74.9999993784,75.0000023162
0.696944832435,-0.385471776847,0.653428745649,-0.373315022937,0.673337691015,0.602902390526,74.9999993784,75.0000023162
0.696867364688,-0.385040653173,0.653289619643,-0.372881143892,0.673337691015,0.602902390526,74.9999993784,75.0000023162
0.696790051868,-0.384609204153,0.653150678789,-0.372446988917,0.673337691015,0.602902390526,74.9999993784,75.0000023162
0.696712893982,-0.384177430252,0.653011923299,-0.372012558543,0.673337691015,0.602902390526,74.9999993784,75.0000023162
0.696635891032,-0.383745331936,0.652873353386,-0.371577853295,0.673337691015,0.602902390526,74.9999993784,75.0000023162
0.696559043023,-0.383312909672,0.652734969268,-0.371142873694,0.673337691015,0.602902390526,74.9999993784,75.0000023162
0.696482349956,-0.382880163925,0.652596771152,-0.370707620269,0.673337691015,0.602902390526,74.9999993784,75.0000023162
0.696405811832,-0.382447095163,0.652458759244,-0.370272093551,0.673337691015,0.602902390526,74.9999993784,75.0000023162
0.696329428649,-0.382013703852,0.652320933756,-0.369836294062,0.673337691015,0.602902390526,74.9999993784,75.0000023162
0.696253200406,-0.38157999046,0.652183294895,-0.369400222325,0.673337691015,0.602902390526,74.9999993784,75.0000023162
0.696177127099,-0.381145955455,0.652045842863,-0.368963878871,0.673337691015,0.602902390526,74.9999993784,75.0000023162
0.696101208724,-0.380711599305,0.651908577861,-0.368527264231,0.673337691015,0.602902390526,74.9999993784,75.0000023162
0.696025445275,-0.380276922478,0.651771500095,-0.368090378924,0.673337691015,0.602902390526,74.9999993784,75.0000023162
0.695949836744,-0.379841925444,0.651634609765,-0.367653223478,0.673337691015,0.602902390526,74.9999993784,75.0000023162
0.695874383123,-0.379406608671,0.651497907066,-0.367215798426,0.673337691015,0.602902390526,74.9999993784,75.0000023162
0.695799084402,-0.378970972629,0.651361392196,-0.366778104292,0.673337691015,0.602902390526,74.9999993784,75.0000023162
0.695723940571,-0.378535017788,0.651225065355,-0.366340141596,0.673337691015,0.602902390526,74.9999993784,75.0000023162
0.695648951616,-0.378098744619,0.651088926734,-0.365901910873,0.673337691015,0.602902390526,74.9999993784,75.0000023162
0.695574117524,-0.377662153591,0.650952976521,-0.365463412654,0.673337691015,0.602902390526,74.9999993784,75.0000023162
0.695499438281,-0.377225245176,0.650817214914,-0.36502464746,0.673337691015,0.602902390526,74.9999993784,75.0000023162
0.69542491387,-0.376788019845,0.650681642101,-0.364585615816,0.673337691015,0.602902390526,74.9999993784,75.0000023162
0.695350544274,-0.37635047807,0.650546258267,-0.364146318256,0.673337691015,0.602902390526,74.9999993784,75.0000023162
0.695276329475,-0.375912620321,0.650411063601,-0.363706755308,0.673337691015,0.602902390526,74.9999993784,75.0000023162
0.695202269452,-0.375474447073,0.65027605829,-0.363266927492,0.673337691015,0.602902390526,74.9999993784,75.0000023162
0.695128364185,-0.375035958796,0.650141242515,-0.362826835341,0.673337691015,0.602902390526,74.9999993784,75.0000023162
0.695054613651,-0.374597155965,0.650006616453,-0.362386479392,0.673337691015,0.602902390526,74.9999993784,75.0000023162
0.694981017828,-0.37415803905,0.649872180288,-0.36194586017,0.673337691015,0.602902390526,74.9999993784,75.0000023162
0.694907576689,-0.373718608527,0.649737934198,-0.361504978202,0.673337691015,0.602902390526,74.9999993784,75.0000023162
0.694834290209,-0.37327886487,0.649603878356,-0.361063834026,0.673337691015,0.602902390526,74.9999993784,75.0000023162
0.694761158361,-0.372838808552,0.649470012935,-0.360622428175,0.673337691015,0.602902390526,74.9999993784,75.0000023162
0.694688181116,-0.372398440047,0.649336338114,-0.360180761171,0.673337691015,0.602902390526,74.9999993784,75.0000023162
0.694615358446,-0.37195775983,0.649202854062,-0.35973883355,0.673337691015,0.602902390526,74.9999993784,75.0000023162
0.694542690319,-0.371516768376,0.649069560945,-0.359296645851,0.673337691015,0.602902390526,74.9999993784,75.0000023162
0.694470176702,-0.371075466161,0.648936458934,-0.358854198597,0.673337691015,0.602902390526,74.9999993784,75.0000023162
0.694397817564,-0.37063385366,0.648803548201,-0.358411492318,0.673337691015,0.602902390526,74.9999993784,75.0000023162
0.694325612868,-0.370191931348,0.648670828906,-0.357968527551,0.673337691015,0.602902390526,74.9999993784,75.0000023162
0.69425356258,-0.369749699702,0.648538301213,-0.357525304831,0.673337691015,0.602902390526,74.9999993784,75.0000023162
0.694181666664,-0.369307159198,0.64840596529,-0.357081824679,0.673337691015,0.602902390526,74.9999993784,75.0000023162
0.69410992508,-0.368864310313,0.648273821295,-0.356638087632,0.673337691015,0.602902390526,74.9999993784,75.0000023162
0.69403833779,-0.368421153522,0.648141869386,-0.356194094228,0.673337691015,0.602902390526,74.9999993784,75.0000023162
0.693966904753,-0.367977689306,0.648010109723,-0.355749844993,0.673337691015,0.602902390526,74.9999993784,75.0000023162
0.693895625929,-0.36753391814,0.647878542467,-0.355305340454,0.673337691015,0.602902390526,74.9999993784,75.0000023162
0.693824501273,-0.367089840502,0.647747167768,-0.354860581151,0.673337691015,0.602902390526,74.9999993784,75.0000023162
0.693753530742,-0.366645456869,0.647615985781,-0.354415567618,0.673337691015,0.602902390526,74.9999993784,75.0000023162
0.693682714292,-0.36620076772,0.647484996663,-0.353970300375,0.673337691015,0.602902390526,74.9999993784,75.0000023162
0.693612051876,-0.365755773536,0.647354200564,-0.353524779961,0.673337691015,0.602902390526,74.9999993784,75.0000023162
0.693541543446,-0.365310474792,0.647223597627,-0.353079006915,0.673337691015,0.602902390526,74.9999993784,75.0000023162
0.693471188954,-0.36486487197,0.647093188008,-0.352632981761,0.673337691015,0.602902390526,74.9999993784,75.0000023162
0.693400988351,-0.364418965547,0.646962971854,-0.352186705028,0.673337691015,0.602902390526,74.9999993784,75.0000023162
0.693330941586,-0.363972756005,0.646832949306,-0.351740177255,0.673337691015,0.602902390526,74.9999993784,75.0000023162
0.693261048606,-0.363526243821,0.64670312051,-0.351293398976,0.673337691015,0.602902390526,74.9999993784,75.0000023162
0.693191309359,-0.363079429476,0.646573485613,-0.350846370709,0.673337691015,0.602902390526,74.9999993784,75.0000023162
0.693121723789,-0.362632313452,0.646444044753,-0.350399092997,0.673337691015,0.602902390526,74.9999993784,75.0000023162
0.693052291844,-0.362184896228,0.646314798065,-0.349951566378,0.673337691015,0.602902390526,74.9999993784,75.0000023162
0.692983013464,-0.361737178285,0.646185745696,-0.349503791373,0.673337691015,0.602902390526,74.9999993784,75.0000023162
0.692913888594,-0.361289160104,0.64605688778,-0.349055768514,0.673337691015,0.602902390526,74.9999993784,75.0000023162
0.692844917174,-0.360840842165,0.645928224451,-0.348607498341,0.673337691015,0.602902390526,74.9999993784,75.0000023162
0.692776099144,-0.360392224952,0.645799755844,-0.348158981383,0.673337691015,0.602902390526,74.9999993784,75.0000023162
0.692707434444,-0.359943308945,0.645671482097,-0.347710218164,0.673337691015,0.602902390526,74.9999993784,75.0000023162
0.69263892301,-0.359494094627,0.645543403337,-0.347261209224,0.673337691015,0.602902390526,74.9999993784,75.0000023162
0.692570564782,-0.359044582479,0.645415519691,-0.346811955098,0.673337691015,0.602902390526,74.9999993784,75.0000023162
0.692502359693,-0.358594772984,0.645287831297,-0.346362456306,0.673337691015,0.602902390526,74.9999993784,75.0000023162
0.692434307679,-0.358144666623,0.645160338277,-0.345912713386,0.673337691015,0.602902390526,74.9999993784,75.0000023162
0.692366408674,-0.357694263881,0.645033040755,-0.345462726877,0.673337691015,0.602902390526,74.9999993784,75.0000023162
0.692298662609,-0.357243565241,0.644905938859,-0.345012497301,0.673337691015,0.602902390526,74.9999993784,75.0000023162
0.692231069416,-0.356792571184,0.644779032715,-0.344562025189,0.673337691015,0.602902390526,74.9999993784,75.0000023162
0.692163629026,-0.356341282197,0.64465232244,-0.344111311079,0.673337691015,0.602902390526,74.9999993784,75.0000023162
0.692096341367,-0.355889698759,0.644525808155,-0.343660355502,0.673337691015,0.602902390526,74.9999993784,75.0000023162
0.692029206368,-0.355437821357,0.644399489986,-0.34320915898,0.673337691015,0.602902390526,74.9999993784,75.0000023162
0.691962223957,-0.354985650474,0.644273368046,-0.342757722051,0.673337691015,0.602902390526,74.9999993784,75.0000023162
0.691895394059,-0.354533186593,0.644147442448,-0.342306045254,0.673337691015,0.602902390526,74.9999993784,75.0000023162
0.691828716598,-0.354080430202,0.644021713316,-0.341854129105,0.673337691015,0.602902390526,74.9999993784,75.0000023162
0.6917621915,-0.353627381783,0.64389618076,-0.341401974142,0.673337691015,0.602902390526,74.9999993784,75.0000023162
0.691695818686,-0.353174041822,0.643770844888,-0.340949580903,0.673337691015,0.602902390526,74.9999993784,75.0000023162
0.691629598079,-0.352720410801,0.643645705818,-0.34049694991,0.673337691015,0.602902390526,74.9999993784,75.0000023162
0.6915635296,-0.352266489208,0.643520763659,-0.340044081692,0.673337691015,0.602902390526,74.9999993784,75.0000023162
0.691497613168,-0.351812277528,0.643396018517,-0.339590976789,0.673337691015,0.602902390526,74.9999993784,75.0000023162
0.691431848703,-0.351357776245,0.6432714705,-0.339137635728,0.673337691015,0.602902390526,74.9999993784,75.0000023162
0.69136623612,-0.350902985848,0.643147119719,-0.338684059031,0.673337691015,0.602902390526,74.9999993784,75.0000023162
0.691300775338,-0.350447906819,0.643022966274,-0.338230247239,0.673337691015,0.602902390526,74.9999993784,75.0000023162
0.691235466273,-0.349992539647,0.642899010266,-0.337776200883,0.673337691015,0.602902390526,74.9999993784,75.0000023162
0.691170308838,-0.349536884815,0.642775251806,-0.33732192048,0.673337691015,0.602902390526,74.9999993784,75.0000023162
0.691105302948,-0.349080942811,0.642651690989,-0.336867406569,0.673337691015,0.602902390526,74.9999993784,75.0000023162
0.691040448515,-0.348624714122,0.642528327911,-0.33641265969,0.673337691015,0.602902390526,74.9999993784,75.0000023162
0.69097574545,-0.348168199234,0.642405162677,-0.335957680357,0.673337691015,0.602902390526,74.9999993784,75.0000023162
0.690911193664,-0.347711398636,0.642282195384,-0.335502469103,0.673337691015,0.602902390526,74.9999993784,75.0000023162
0.690846793068,-0.347254312812,0.64215942612,-0.335047026467,0.673337691015,0.602902390526,74.9999993784,75.0000023162
0.690782543568,-0.346796942252,0.642036854987,-0.33459135297,0.673337691015,0.602902390526,74.9999993784,75.0000023162
0.690718445074,-0.346339287439,0.641914482078,-0.334135449138,0.673337691015,0.602902390526,74.9999993784,75.0000023162
0.690654497492,-0.345881348864,0.641792307481,-0.33367931551,0.673337691015,0.602902390526,74.9999993784,75.0000023162
0.690590700728,-0.345423127013,0.641670331287,-0.333222952611,0.673337691015,0.602902390526,74.9999993784,75.0000023162
0.690527054686,-0.344964622373,0.641548553591,-0.332766360963,0.673337691015,0.602902390526,74.9999993784,75.0000023162
0.690463559268,-0.344505835436,0.641426974476,-0.332309541104,0.673337691015,0.602902390526,74.9999993784,75.0000023162
0.69040021438,-0.344046766686,0.641305594026,-0.331852493563,0.673337691015,0.602902390526,74.9999993784,75.0000023162
0.690337019922,-0.343587416613,0.641184412336,-0.331395218857,0.673337691015,0.602902390526,74.9999993784,75.0000023162
0.690273975796,-0.343127785703,0.641063429485,-0.330937717522,0.673337691015,0.602902390526,74.9999993784,75.0000023162
0.6902110819,-0.342667874447,0.640942645551,-0.330479990094,0.673337691015,0.602902390526,74.9999993784,75.0000023162
0.690148338136,-0.342207683331,0.640822060626,-0.330022037085,0.673337691015,0.602902390526,74.9999993784,75.0000023162
0.6900857444,-0.341747212844,0.640701674786,-0.32956385903,0.673337691015,0.602902390526,74.9999993784,75.0000023162
0.690023300588,-0.341286463478,0.640581488105,-0.329105456465,0.673337691015,0.602902390526,74.9999993784,75.0000023162
0.689961006598,-0.340825435718,0.640461500669,-0.328646829905,0.673337691015,0.602902390526,74.9999993784,75.0000023162
0.689898862323,-0.340364130057,0.640341712554,-0.328187979879,0.673337691015,0.602902390526,74.9999993784,75.0000023162
0.68983686766,-0.33990254698,0.640222123829,-0.327728906924,0.673337691015,0.602902390526,74.9999993784,75.0000023162
0.6897750225,-0.339440686979,0.640102734576,-0.327269611557,0.673337691015,0.602902390526,74.9999993784,75.0000023162
0.689713326737,-0.338978550541,0.639983544867,-0.326810094303,0.673337691015,0.602902390526,74.9999993784,75.0000023162
0.689651780262,-0.338516138156,0.63986455477,-0.326350355699,0.673337691015,0.602902390526,74.9999993784,75.0000023162
0.689590382966,-0.338053450314,0.639745764359,-0.325890396264,0.673337691015,0.602902390526,74.9999993784,75.0000023162
0.689529134738,-0.337590487505,0.639627173705,-0.325430216519,0.673337691015,0.602902390526,74.9999993784,75.0000023162
0.689468035467,-0.337127250219,0.639508782873,-0.324969817002,0.673337691015,0.602902390526,74.9999993784,75.0000023162
0.68940708504,-0.336663738946,0.639390591932,-0.324509198232,0.673337691015,0.602902390526,74.9999993784,75.0000023162
0.689346283345,-0.336199954175,0.639272600951,-0.324048360729,0.673337691015,0.602902390526,74.9999993784,75.0000023162
0.689285630267,-0.335735896396,0.63915480999,-0.323587305028,0.673337691015,0.602902390526,74.9999993784,75.0000023162
0.689225125693,-0.335271566099,0.639037219112,-0.323126031653,0.673337691015,0.602902390526,74.9999993784,75.0000023162
0.689164769507,-0.334806963774,0.638919828387,-0.322664541118,0.673337691015,0.602902390526,74.9999993784,75.0000023162
0.689104561591,-0.334342089911,0.638802637871,-0.322202833958,0.673337691015,0.602902390526,74.9999993784,75.0000023162
0.689044501829,-0.333876945001,0.638685647621,-0.3217409107,0.673337691015,0.602902390526,74.9999993784,75.0000023162
0.688984590102,-0.333411529534,0.638568857704,-0.321278771853,0.673337691015,0.602902390526,74.9999993784,75.0000023162
0.68892482629,-0.332945844003,0.638452268173,-0.320816417953,0.673337691015,0.602902390526,74.9999993784,75.0000023162
0.688865210274,-0.332479888896,0.638335879083,-0.320353849527,0.673337691015,0.602902390526,74.9999993784,75.0000023162
0.688805741933,-0.332013664704,0.638219690495,-0.319891067083,0.673337691015,0.602902390526,74.9999993784,75.0000023162
0.688746421145,-0.331547171918,0.638103702461,-0.319428071154,0.673337691015,0.602902390526,74.9999993784,75.0000023162
0.688687247788,-0.331080411029,0.637987915028,-0.31896486227,0.673337691015,0.602902390526,74.9999993784,75.0000023162
0.688628221738,-0.330613382525,0.63787232826,-0.318501440936,0.673337691015,0.602902390526,74.9999993784,75.0000023162
0.688569342872,-0.3301460869,0.6377569422,-0.318037807684,0.673337691015,0.602902390526,74.9999993784,75.0000023162
0.688510611063,-0.329678524643,0.637641756896,-0.317573963046,0.673337691015,0.602902390526,74.9999993784,75.0000023162
0.688452026186,-0.329210696246,0.637526772404,-0.317109907522,0.673337691015,0.602902390526,74.9999993784,75.0000023162
0.688393588114,-0.328742602203,0.637411988769,-0.316645641646,0.673337691015,0.602902390526,74.9999993784,75.0000023162
0.688335296719,-0.328274243001,0.63729740603,-0.316181165949,0.673337691015,0.602902390526,74.9999993784,75.0000023162
0.688277151873,-0.327805619133,0.637183024244,-0.31571648093,0.673337691015,0.602902390526,74.9999993784,75.0000023162
0.688219153448,-0.32733673109,0.63706884345,-0.315251587121,0.673337691015,0.602902390526,74.9999993784,75.0000023162
0.688161301311,-0.326867579363,0.636954863685,-0.314786485053,0.673337691015,0.602902390526,74.9999993784,75.0000023162
0.688103595335,-0.326398164442,0.636841085002,-0.314321175224,0.673337691015,0.602902390526,74.9999993784,75.0000023162
0.688046035385,-0.32592848682,0.636727507437,-0.313855658166,0.673337691015,0.602902390526,74.9999993784,75.0000023162
0.687988621332,-0.325458546986,0.636614131024,-0.313389934409,0.673337691015,0.602902390526,74.9999993784,75.0000023162
0.68793135304,-0.324988345433,0.636500955813,-0.312924004449,0.673337691015,0.602902390526,74.9999993784,75.0000023162
0.687874230375,-0.324517882654,0.636387981835,-0.312457868818,0.673337691015,0.602902390526,74.9999993784,75.0000023162
0.687817253204,-0.324047159138,0.636275209122,-0.311991528044,0.673337691015,0.602902390526,74.9999993784,75.0000023162
0.687760421389,-0.323576175379,0.63616263772,-0.311524982624,0.673337691015,0.602902390526,74.9999993784,75.0000023162
0.687703734796,-0.323104931867,0.636050267657,-0.311058233088,0.673337691015,0.602902390526,74.9999993784,75.0000023162
0.687647193287,-0.322633429095,0.635938098964,-0.310591279962,0.673337691015,0.602902390526,74.9999993784,75.0000023162
0.687590796723,-0.322161667551,0.63582613168,-0.310124123744,0.673337691015,0.602902390526,74.9999993784,75.0000023162
0.687534544967,-0.32168964773,0.635714365833,-0.309656764962,0.673337691015,0.602902390526,74.9999993784,75.0000023162
0.68747843788,-0.321217370121,0.635602801449,-0.309189204141,0.673337691015,0.602902390526,74.9999993784,75.0000023162
0.68742247532,-0.320744835217,0.635491438564,-0.308721441778,0.673337691015,0.602902390526,74.9999993784,75.0000023162
0.687366657149,-0.320272043508,0.635380277203,-0.308253478402,0.673337691015,0.602902390526,74.9999993784,75.0000023162
0.687310983222,-0.319798995486,0.635269317389,-0.307785314533,0.673337691015,0.602902390526,74.9999993784,75.0000023162
0.687255453399,-0.319325691644,0.635158559155,-0.307316950671,0.673337691015,0.602902390526,74.9999993784,75.0000023162
0.687200067536,-0.318852132472,0.635048002522,-0.306848387342,0.673337691015,0.602902390526,74.9999993784,75.0000023162
0.687144825489,-0.318378318465,0.634937647512,-0.306379625064,0.673337691015,0.602902390526,74.9999993784,75.0000023162
0.687089727113,-0.317904250112,0.634827494153,-0.305910664338,0.673337691015,0.602902390526,74.9999993784,75.0000023162
0.687034772263,-0.317429927906,0.634717542462,-0.30544150569,0.673337691015,0.602902390526,74.9999993784,75.0000023162
0.686979960793,-0.316955352337,0.63460779246,-0.304972149632,0.673337691015,0.602902390526,74.9999993784,75.0000023162
0.686925292557,-0.316480523897,0.634498244172,-0.304502596668,0.673337691015,0.602902390526,74.9999993784,75.0000023162
0.686870767407,-0.316005443077,0.63438889761,-0.304032847324,0.673337691015,0.602902390526,74.9999993784,75.0000023162
0.686816385195,-0.31553011037,0.634279752795,-0.303562902105,0.673337691015,0.602902390526,74.9999993784,75.0000023162
0.686762145773,-0.315054526265,0.634170809746,-0.303092761521,0.673337691015,0.602902390526,74.9999993784,75.0000023162
0.686708048991,-0.314578691255,0.634062068471,-0.302622426094,0.673337691015,0.602902390526,74.9999993784,75.0000023162
0.686654094698,-0.314102605831,0.633953528994,-0.302151896325,0.673337691015,0.602902390526,74.9999993784,75.0000023162
0.686600282745,-0.313626270484,0.633845191324,-0.301681172726,0.673337691015,0.602902390526,74.9999993784,75.0000023162
0.686546612979,-0.313149685706,0.633737055471,-0.30121025582,0.673337691015,0.602902390526,74.9999993784,75.0000023162
0.686493085247,-0.312672851989,0.633629121453,-0.300739146099,0.673337691015,0.602902390526,74.9999993784,75.0000023162
0.686439699397,-0.312195769825,0.633521389278,-0.300267844082,0.673337691015,0.602902390526,74.9999993784,75.0000023162
0.686386455276,-0.311718439704,0.633413858951,-0.29979635029,0.673337691015,0.602902390526,74.9999993784,75.0000023162
0.686333352728,-0.31124086212,0.633306530489,-0.299324665211,0.673337691015,0.602902390526,74.9999993784,75.0000023162
0.686280391599,-0.310763037561,0.633199403896,-0.298852789366,0.673337691015,0.602902390526,74.9999993784,75.0000023162
0.686227571733,-0.310284966521,0.633092479173,-0.298380723271,0.673337691015,0.602902390526,74.9999993784,75.0000023162
0.686174892975,-0.309806649488,0.632985756337,-0.297908467415,0.673337691015,0.602902390526,74.9999993784,75.0000023162
0.686122355166,-0.309328086956,0.632879235385,-0.29743602232,0.673337691015,0.602902390526,74.9999993784,75.0000023162
0.686069958152,-0.308849279414,0.632772916321,-0.296963388493,0.673337691015,0.602902390526,74.9999993784,75.0000023162
0.686017701771,-0.308370227354,0.632666799154,-0.29649056643,0.673337691015,0.602902390526,74.9999993784,75.0000023162
0.685965585867,-0.307890931266,0.632560883879,-0.29601755665,0.673337691015,0.602902390526,74.9999993784,75.0000023162
0.68591361028,-0.307411391641,0.632455170502,-0.295544359651,0.673337691015,0.602902390526,74.9999993784,75.0000023162
0.685861774849,-0.306931608971,0.632349659024,-0.295070975937,0.673337691015,0.602902390526,74.9999993784,75.0000023162
0.685810079415,-0.306451583745,0.632244349438,-0.294597406026,0.673337691015,0.602902390526,74.9999993784,75.0000023162
0.685758523815,-0.305971316455,0.63213924175,-0.294123650403,0.673337691015,0.602902390526,74.9999993784,75.0000023162
0.685707107888,-0.305490807591,0.632034335955,-0.293649709583,0.673337691015,0.602902390526,74.9999993784,75.0000023162
0.685655831472,-0.305010057643,0.631929632043,-0.293175584082,0.673337691015,0.602902390526,74.9999993784,75.0000023162
0.685604694403,-0.304529067103,0.631825130019,-0.292701274381,0.673337691015,0.602902390526,74.9999993784,75.0000023162
0.685553696517,-0.304047836462,0.631720829873,-0.292226780996,0.673337691015,0.602902390526,74.9999993784,75.0000023162
0.685502837651,-0.30356636621,0.631616731596,-0.291752104434,0.673337691015,0.602902390526,74.9999993784,75.0000023162
0.685452117638,-0.303084656838,0.631512835188,-0.291277245184,0.673337691015,0.602902390526,74.9999993784,75.0000023162
0.685401536314,-0.302602708835,0.631409140634,-0.290802203759,0.673337691015,0.602902390526,74.9999993784,75.0000023162
0.685351093512,-0.302120522693,0.63130564793,-0.290326980654,0.673337691015,0.602902390526,74.9999993784,75.0000023162
0.685300789066,-0.3016380989,0.631202357066,-0.289851576368,0.673337691015,0.602902390526,74.9999993784,75.0000023162
0.685250622809,-0.301155437947,0.631099268025,-0.289375991413,0.673337691015,0.602902390526,74.9999993784,75.0000023162
0.685200594574,-0.300672540324,0.630996380807,-0.28890022627,0.673337691015,0.602902390526,74.9999993784,75.0000023162
0.68515070419,-0.300189406521,0.630893695392,-0.288424281448,0.673337691015,0.602902390526,74.9999993784,75.0000023162
0.685100951491,-0.299706037027,0.630791211762,-0.28794815746,0.673337691015,0.602902390526,74.9999993784,75.0000023162
0.685051336306,-0.299222432332,0.630688929913,-0.287471854784,0.673337691015,0.602902390526,74.9999993784,75.0000023162
0.685001858466,-0.298738592925,0.630586849822,-0.28699537393,0.673337691015,0.602902390526,74.9999993784,75.0000023162
0.684952517799,-0.298254519296,0.630484971477,-0.286518715393,0.673337691015,0.602902390526,74.9999993784,75.0000023162
0.684903314136,-0.297770211934,0.630383294862,-0.286041879664,0.673337691015,0.602902390526,74.9999993784,75.0000023162
0.684854247303,-0.297285671329,0.630281819955,-0.285564867253,0.673337691015,0.602902390526,74.9999993784,75.0000023162
0.68480531713,-0.296800897969,0.630180546745,-0.285087678636,0.673337691015,0.602902390526,74.9999993784,75.0000023162
0.684756523443,-0.296315892344,0.630079475209,-0.284610314321,0.673337691015,0.602902390526,74.9999993784,75.0000023162
0.684707866069,-0.295830654942,0.629978605321,-0.284132774815,0.673337691015,0.602902390526,74.9999993784,75.0000023162
0.684659344835,-0.295345186253,0.629877937068,-0.283655060592,0.673337691015,0.602902390526,74.9999993784,75.0000023162
0.684610959566,-0.294859486765,0.629777470425,-0.283177172158,0.673337691015,0.602902390526,74.9999993784,75.0000023162
0.684562710087,-0.294373556966,0.629677205369,-0.282699110005,0.673337691015,0.602902390526,74.9999993784,75.0000023162
0.684514596224,-0.293887397346,0.629577141879,-0.282220874621,0.673337691015,0.602902390526,74.9999993784,75.0000023162
0.684466617799,-0.293401008393,0.629477279926,-0.281742466511,0.673337691015,0.602902390526,74.9999993784,75.0000023162
0.684418774637,-0.292914390598,0.629377619493,-0.281263886147,0.673337691015,0.602902390526,74.9999993784,75.0000023162
0.684371066558,-0.292427544451,0.62927816055,-0.280785134033,0.673337691015,0.602902390526,74.9999993784,75.0000023162
0.684323493386,-0.291940470441,0.629178903063,-0.280306210672,0.673337691015,0.602902390526,74.9999993784,75.0000023162
0.684276054942,-0.291453169061,0.629079847016,-0.279827116536,0.673337691015,0.602902390526,74.9999993784,75.0000023162
0.684228751045,-0.290965640798,0.628980992373,-0.279347852127,0.673337691015,0.602902390526,74.9999993784,75.0000023162
0.684181581517,-0.290477886144,0.628882339109,-0.278868417926,0.673337691015,0.602902390526,74.9999993784,75.0000023162
0.684134546178,-0.289989905588,0.628783887195,-0.278388814424,0.673337691015,0.602902390526,74.9999993784,75.0000023162
0.684087644846,-0.28950169962,0.628685636594,-0.277909042122,0.673337691015,0.602902390526,74.9999993784,75.0000023162
0.68404087734,-0.28901326873,0.628587587283,-0.277429101489,0.673337691015,0.602902390526,74.9999993784,75.0000023162
0.68399424348,-0.288524613408,0.628489739225,-0.276948993025,0.673337691015,0.602902390526,74.9999993784,75.0000023162
0.683947743083,-0.288035734142,0.628392092387,-0.276468717217,0.673337691015,0.602902390526,74.9999993784,75.0000023162
0.683901375966,-0.287546631422,0.628294646737,-0.275988274545,0.673337691015,0.602902390526,74.9999993784,75.0000023162
0.683855141947,-0.287057305736,0.628197402237,-0.275507665507,0.673337691015,0.602902390526,74.9999993784,75.0000023162
0.683809040843,-0.286567757576,0.62810035886,-0.275026890569,0.673337691015,0.602902390526,74.9999993784,75.0000023162
0.683763072468,-0.286077987428,0.628003516564,-0.274545950228,0.673337691015,0.602902390526,74.9999993784,75.0000023162
0.683717236641,-0.285587995782,0.627906875309,-0.274064844978,0.673337691015,0.602902390526,74.9999993784,75.0000023162
0.683671533174,-0.285097783126,0.627810435064,-0.273583575287,0.673337691015,0.602902390526,74.9999993784,75.0000023162
0.683625961885,-0.284607349949,0.627714195785,-0.273102141651,0.673337691015,0.602902390526,74.9999993784,75.0000023162
0.683580522586,-0.284116696739,0.627618157442,-0.272620544534,0.673337691015,0.602902390526,74.9999993784,75.0000023162
0.683535215093,-0.283625823985,0.62752231999,-0.272138784432,0.673337691015,0.602902390526,74.9999993784,75.0000023162
0.683490039218,-0.283134732174,0.627426683383,-0.271656861837,0.673337691015,0.602902390526,74.9999993784,75.0000023162
0.683444994775,-0.282643421794,0.627331247588,-0.271174777212,0.673337691015,0.602902390526,74.9999993784,75.0000023162
0.683400081578,-0.282151893334,0.627236012559,-0.270692531051,0.673337691015,0.602902390526,74.9999993784,75.0000023162
0.683355299437,-0.28166014728,0.627140978258,-0.270210123817,0.673337691015,0.602902390526,74.9999993784,75.0000023162
0.683310648166,-0.28116818412,0.62704614464,-0.269727555999,0.673337691015,0.602902390526,74.9999993784,75.0000023162
0.683266127577,-0.280676004341,0.626951511654,-0.26924482809,0.673337691015,0.602902390526,74.9999993784,75.0000023162
0.683221737479,-0.280183608431,0.626857079264,-0.268761940548,0.673337691015,0.602902390526,74.9999993784,75.0000023162
0.683177477685,-0.279690996876,0.62676284742,-0.268278893864,0.673337691015,0.602902390526,74.9999993784,75.0000023162
0.683133348005,-0.279198170164,0.626668816082,-0.2677956885,0.673337691015,0.602902390526,74.9999993784,75.0000023162
0.683089348248,-0.27870512878,0.6265749852,-0.267312324941,0.673337691015,0.602902390526,74.9999993784,75.0000023162
0.683045478226,-0.278211873212,0.62648135472,-0.266828803677,0.673337691015,0.602902390526,74.9999993784,75.0000023162
0.683001737747,-0.277718403945,0.626387924602,-0.266345125165,0.673337691015,0.602902390526,74.9999993784,75.0000023162
0.682958126619,-0.277224721466,0.626294694793,-0.265861289891,0.673337691015,0.602902390526,74.9999993784,75.0000023162
0.682914644653,-0.27673082626,0.62620166525,-0.265377298313,0.673337691015,0.602902390526,74.9999993784,75.0000023162
0.682871291656,-0.276236718814,0.626108835919,-0.264893150917,0.673337691015,0.602902390526,74.9999993784,75.0000023162
0.682828067437,-0.275742399612,0.626016206743,-0.264408848186,0.673337691015,0.602902390526,74.9999993784,75.0000023162
0.682784971802,-0.275247869142,0.625923777679,-0.263924390577,0.673337691015,0.602902390526,74.9999993784,75.0000023162
0.68274200456,-0.274753127886,0.62583154867,-0.263439778574,0.673337691015,0.602902390526,74.9999993784,75.0000023162
0.682699165517,-0.274258176332,0.625739519669,-0.262955012631,0.673337691015,0.602902390526,74.9999993784,75.0000023162
0.68265645448,-0.273763014962,0.625647690619,-0.262470093231,0.673337691015,0.602902390526,74.9999993784,75.0000023162
0.682613871255,-0.273267644263,0.625556061464,-0.261985020848,0.673337691015,0.602902390526,74.9999993784,75.0000023162
0.682571415649,-0.272772064718,0.625464632153,-0.261499795942,0.673337691015,0.602902390526,74.9999993784,75.0000023162
0.682529087467,-0.272276276812,0.625373402625,-0.261014418995,0.673337691015,0.602902390526,74.9999993784,75.0000023162
0.682486886514,-0.271780281029,0.625282372833,-0.260528890459,0.673337691015,0.602902390526,74.9999993784,75.0000023162
0.682444812596,-0.271284077853,0.625191542714,-0.260043210812,0.673337691015,0.602902390526,74.9999993784,75.0000023162
0.682402865517,-0.270787667766,0.625100912215,-0.259557380515,0.673337691015,0.602902390526,74.9999993784,75.0000023162
0.682361045082,-0.270291051254,0.625010481276,-0.259071400036,0.673337691015,0.602902390526,74.9999993784,75.0000023162
0.682319351095,-0.269794228798,0.624920249834,-0.258585269855,0.673337691015,0.602902390526,74.9999993784,75.0000023162
0.68227778336,-0.269297200883,0.624830217838,-0.258098990419,0.673337691015,0.602902390526,74.9999993784,75.0000023162
0.68223634168,-0.26879996799,0.624740385222,-0.257612562206,0.673337691015,0.602902390526,74.9999993784,75.0000023162
0.682195025859,-0.268302530604,0.624650751934,-0.257125985663,0.673337691015,0.602902390526,74.9999993784,75.0000023162
0.682153835701,-0.267804889204,0.624561317907,-0.256639261265,0.673337691015,0.602902390526,74.9999993784,75.0000023162
0.682112771006,-0.267307044275,0.624472083079,-0.25615238948,0.673337691015,0.602902390526,74.9999993784,75.0000023162
0.682071831578,-0.2668089963,0.62438304739,-0.255665370761,0.673337691015,0.602902390526,74.9999993784,75.0000023162
0.68203101722,-0.26631074576,0.624294210775,-0.255178205582,0.673337691015,0.602902390526,74.9999993784,75.0000023162
0.681990327731,-0.265812293139,0.624205573176,-0.254690894388,0.673337691015,0.602902390526,74.9999993784,75.0000023162
0.681949762914,-0.265313638916,0.624117134524,-0.25420343765,0.673337691015,0.602902390526,74.9999993784,75.0000023162
0.681909322571,-0.264814783575,0.624028894763,-0.253715835813,0.673337691015,0.602902390526,74.9999993784,75.0000023162
0.681869006503,-0.264315727594,0.623940853821,-0.253228089348,0.673337691015,0.602902390526,74.9999993784,75.0000023162
0.68182881451,-0.263816471456,0.623853011631,-0.252740198723,0.673337691015,0.602902390526,74.9999993784,75.0000023162
0.681788746394,-0.263317015639,0.623765368131,-0.252252164381,0.673337691015,0.602902390526,74.9999993784,75.0000023162
0.681748801955,-0.262817360627,0.62367792325,-0.251763986792,0.673337691015,0.602902390526,74.9999993784,75.0000023162
0.681708980993,-0.262317506896,0.623590676928,-0.251275666397,0.673337691015,0.602902390526,74.9999993784,75.0000023162
0.681669283308,-0.261817454928,0.623503629092,-0.250787203664,0.673337691015,0.602902390526,74.9999993784,75.0000023162
0.6816297087,-0.261317205201,0.623416779681,-0.250298599031,0.673337691015,0.602902390526,74.9999993784,75.0000023162
0.681590256968,-0.260816758197,0.62333012862,-0.249809852967,0.673337691015,0.602902390526,74.9999993784,75.0000023162
0.681550927913,-0.260316114391,0.623243675838,-0.249320965931,0.673337691015,0.602902390526,74.9999993784,75.0000023162
0.681511721333,-0.259815274266,0.62315742127,-0.248831938368,0.673337691015,0.602902390526,74.9999993784,75.0000023162
0.681472637027,-0.259314238296,0.62307136484,-0.248342770738,0.673337691015,0.602902390526,74.9999993784,75.0000023162
0.681433674794,-0.258813006963,0.622985506484,-0.247853463482,0.673337691015,0.602902390526,74.9999993784,75.0000023162
0.68139483443,-0.258311580748,0.622899846126,-0.247364017059,0.673337691015,0.602902390526,74.9999993784,75.0000023162
0.681356115735,-0.257809960127,0.622814383699,-0.246874431909,0.673337691015,0.602902390526,74.9999993784,75.0000023162
0.681317518506,-0.257308145581,0.622729119128,-0.246384708491,0.673337691015,0.602902390526,74.9999993784,75.0000023162
0.681279042542,-0.256806137582,0.62264405234,-0.245894847252,0.673337691015,0.602902390526,74.9999993784,75.0000023162
0.681240687639,-0.256303936614,0.622559183262,-0.245404848641,0.673337691015,0.602902390526,74.9999993784,75.0000023162
0.681202453597,-0.255801543146,0.622474511816,-0.244914713116,0.673337691015,0.602902390526,74.9999993784,75.0000023162
0.681164340211,-0.255298957662,0.622390037933,-0.24442444111,0.673337691015,0.602902390526,74.9999993784,75.0000023162
0.68112634728,-0.254796180632,0.622305761535,-0.24393403308,0.673337691015,0.602902390526,74.9999993784,75.0000023162
0.6810884746,-0.254293212537,0.62222168255,-0.243443489461,0.673337691015,0.602902390526,74.9999993784,75.0000023162
0.68105072197,-0.253790053847,0.6221378009,-0.242952810706,0.673337691015,0.602902390526,74.9999993784,75.0000023162
0.681013089183,-0.253286705044,0.622054116513,-0.24246199725,0.673337691015,0.602902390526,74.9999993784,75.0000023162
0.68097557604,-0.252783166598,0.621970629307,-0.241971049544,0.673337691015,0.602902390526,74.9999993784,75.0000023162
0.680938182333,-0.252279438989,0.621887339207,-0.241479968033,0.673337691015,0.602902390526,74.9999993784,75.0000023162
0.680900907859,-0.251775522695,0.621804246135,-0.240988753158,0.673337691015,0.602902390526,74.9999993784,75.0000023162
0.680863752414,-0.251271418187,0.62172135001,-0.240497405368,0.673337691015,0.602902390526,74.9999993784,75.0000023162
0.680826715793,-0.250767125943,0.621638650757,-0.240005925093,0.673337691015,0.602902390526,74.9999993784,75.0000023162
0.680789797795,-0.250262646432,0.621556148294,-0.239514312785,0.673337691015,0.602902390526,74.9999993784,75.0000023162
0.680752998211,-0.249757980133,0.621473842545,-0.23902256887,0.673337691015,0.602902390526,74.9999993784,75.0000023162
0.680716316842,-0.249253127513,0.621391733428,-0.238530693797,0.673337691015,0.602902390526,74.9999993784,75.0000023162
0.680679753479,-0.248748089052,0.621309820866,-0.238038687994,0.673337691015,0.602902390526,74.9999993784,75.0000023162
0.68064330792,-0.248242865215,0.621228104774,-0.237546551908,0.673337691015,0.602902390526,74.9999993784,75.0000023162
0.680606979959,-0.247737456481,0.621146585076,-0.237054285964,0.673337691015,0.602902390526,74.9999993784,75.0000023162
0.680570769391,-0.247231863323,0.621065261687,-0.236561890609,0.673337691015,0.602902390526,74.9999993784,75.0000023162
0.68053467601,-0.246726086211,0.620984134522,-0.236069366284,0.673337691015,0.602902390526,74.9999993784,75.0000023162
0.68049869961,-0.246220125625,0.620903203501,-0.235576713416,0.673337691015,0.602902390526,74.9999993784,75.0000023162
0.680462839987,-0.245713982028,0.620822468539,-0.235083932447,0.673337691015,0.602902390526,74.9999993784,75.0000023162
0.680427096935,-0.245207655898,0.620741929556,-0.234591023802,0.673337691015,0.602902390526,74.9999993784,75.0000023162
0.680391470249,-0.244701147699,0.620661586465,-0.234097987921,0.673337691015,0.602902390526,74.9999993784,75.0000023162
0.680355959723,-0.244194457908,0.620581439185,-0.233604825227,0.673337691015,0.602902390526,74.9999993784,75.0000023162
0.680320565154,-0.243687586987,0.62050148763,-0.233111536158,0.673337691015,0.602902390526,74.9999993784,75.0000023162
0.680285286332,-0.243180535414,0.620421731717,-0.232618121138,0.673337691015,0.602902390526,74.9999993784,75.0000023162
0.680250123053,-0.242673303658,0.620342171357,-0.232124580603,0.673337691015,0.602902390526,74.9999993784,75.0000023162
0.680215075111,-0.242165892188,0.62026280647,-0.231630914975,0.673337691015,0.602902390526,74.9999993784,75.0000023162
0.680180142297,-0.241658301481,0.620183636965,-0.231137124688,0.673337691015,0.602902390526,74.9999993784,75.0000023162
0.680145324409,-0.241150531996,0.620104662759,-0.230643210163,0.673337691015,0.602902390526,74.9999993784,75.0000023162
0.680110621238,-0.24064258421,0.620025883763,-0.230149171835,0.673337691015,0.602902390526,74.9999993784,75.0000023162
0.68007603258,-0.240134458583,0.619947299889,-0.229655010132,0.673337691015,0.602902390526,74.9999993784,75.0000023162
0.680041558227,-0.239626155589,0.619868911049,-0.229160725476,0.673337691015,0.602902390526,74.9999993784,75.0000023162
0.680007197975,-0.239117675689,0.619790717154,-0.228666318298,0.673337691015,0.602902390526,74.9999993784,75.0000023162
0.679972951616,-0.238609019356,0.619712718119,-0.228171789016,0.673337691015,0.602902390526,74.9999993784,75.0000023162
0.679938818941,-0.238100187067,0.619634913851,-0.227677138059,0.673337691015,0.602902390526,74.9999993784,75.0000023162
0.679904799746,-0.237591179278,0.619557304265,-0.227182365843,0.673337691015,0.602902390526,74.9999993784,75.0000023162
0.679870893822,-0.237081996465,0.619479889269,-0.226687472797,0.673337691015,0.602902390526,74.9999993784,75.0000023162
0.679837100966,-0.236572639083,0.619402668775,-0.226192459334,0.673337691015,0.602902390526,74.9999993784,75.0000023162
0.679803420969,-0.236063107606,0.619325642691,-0.225697325881,0.673337691015,0.602902390526,74.9999993784,75.0000023162
0.679769853627,-0.235553402491,0.61924881093,-0.225202072853,0.673337691015,0.602902390526,74.9999993784,75.0000023162
0.679736398732,-0.23504352421,0.619172173398,-0.224706700673,0.673337691015,0.602902390526,74.9999993784,75.0000023162
0.679703056074,-0.234533473236,0.619095730006,-0.224211209754,0.673337691015,0.602902390526,74.9999993784,75.0000023162
0.679669825449,-0.234023250024,0.61901948066,-0.223715600519,0.673337691015,0.602902390526,74.9999993784,75.0000023162
0.679636706648,-0.233512855049,0.618943425272,-0.22321987338,0.673337691015,0.602902390526,74.9999993784,75.0000023162
0.679603699469,-0.233002288763,0.618867563747,-0.222724028758,0.673337691015,0.602902390526,74.9999993784,75.0000023162
0.6795708037,-0.232491551639,0.618791895994,-0.222228067062,0.673337691015,0.602902390526,74.9999993784,75.0000023162
0.67953801914,-0.231980644128,0.61871642192,-0.221731988714,0.673337691015,0.602902390526,74.9999993784,75.0000023162
0.679505345579,-0.231469566704,0.618641141432,-0.221235794121,0.673337691015,0.602902390526,74.9999993784,75.0000023162
0.679472782806,-0.230958319839,0.618566054435,-0.220739483702,0.673337691015,0.602902390526,74.9999993784,75.0000023162
0.67944033062,-0.230446903983,0.618491160838,-0.220243057864,0.673337691015,0.602902390526,74.9999993784,75.0000023162
0.679407988809,-0.229935319608,0.618416460546,-0.219746517024,0.673337691015,0.602902390526,74.9999993784,75.0000023162
0.679375757173,-0.229423567164,0.618341953464,-0.219249861588,0.673337691015,0.602902390526,74.9999993784,75.0000023162
0.6793436355,-0.228911647122,0.618267639498,-0.218753091971,0.673337691015,0.602902390526,74.9999993784,75.0000023162
0.679311623587,-0.228399559937,0.618193518554,-0.218256208579,0.673337691015,0.602902390526,74.9999993784,75.0000023162
0.679279721225,-0.227887306073,0.618119590535,-0.217759211823,0.673337691015,0.602902390526,74.9999993784,75.0000023162
0.679247928204,-0.227374886003,0.618045855346,-0.217262102112,0.673337691015,0.602902390526,74.9999993784,75.0000023162
0.679216244323,-0.226862300172,0.617972312892,-0.216764879853,0.673337691015,0.602902390526,74.9999993784,75.0000023162
0.679184669371,-0.226349549051,0.617898963075,-0.216267545452,0.673337691015,0.602902390526,74.9999993784,75.0000023162
0.679153203147,-0.225836633085,0.617825805801,-0.215770099316,0.673337691015,0.602902390526,74.9999993784,75.0000023162
0.679121845441,-0.225323552744,0.617752840972,-0.215272541849,0.673337691015,0.602902390526,74.9999993784,75.0000023162
0.679090596044,-0.224810308495,0.617680068493,-0.214774873456,0.673337691015,0.602902390526,74.9999993784,75.0000023162
0.679059454753,-0.224296900785,0.617607488265,-0.214277094539,0.673337691015,0.602902390526,74.9999993784,75.0000023162
0.679028421358,-0.223783330085,0.617535100192,-0.213779205501,0.673337691015,0.602902390526,74.9999993784,75.0000023162
0.678997495658,-0.223269596837,0.617462904176,-0.213281206745,0.673337691015,0.602902390526,74.9999993784,75.0000023162
0.678966677442,-0.222755701509,0.617390900119,-0.212783098671,0.673337691015,0.602902390526,74.9999993784,75.0000023162
0.678935966507,-0.222241644558,0.617319087924,-0.21228488168,0.673337691015,0.602902390526,74.9999993784,75.0000023162
0.678905362645,-0.221727426439,0.617247467492,-0.211786556171,0.673337691015,0.602902390526,74.9999993784,75.0000023162
0.678874865648,-0.22121304762,0.617176038725,-0.211288122543,0.673337691015,0.602902390526,74.9999993784,75.0000023162
0.678844475314,-0.22069850854,0.617104801524,-0.210789581195,0.673337691015,0.602902390526,74.9999993784,75.0000023162
0.678814191434,-0.220183809669,0.61703375579,-0.210290932522,0.673337691015,0.602902390526,74.9999993784,75.0000023162
0.678784013805,-0.219668951453,0.616962901424,-0.209792176924,0.673337691015,0.602902390526,74.9999993784,75.0000023162
0.67875394222,-0.219153934352,0.616892238326,-0.209293314795,0.673337691015,0.602902390526,74.9999993784,75.0000023162
0.678723976469,-0.218638758833,0.616821766396,-0.208794346532,0.673337691015,0.602902390526,74.9999993784,75.0000023162
0.678694116352,-0.218123425333,0.616751485534,-0.208295272531,0.673337691015,0.602902390526,74.9999993784,75.0000023162
0.678664361661,-0.21760793432,0.616681395641,-0.207796093183,0.673337691015,0.602902390526,74.9999993784,75.0000023162
0.678634712192,-0.217092286235,0.616611496615,-0.207296808883,0.673337691015,0.602902390526,74.9999993784,75.0000023162
0.67860516774,-0.216576481539,0.616541788356,-0.206797420022,0.673337691015,0.602902390526,74.9999993784,75.0000023162
0.678575728094,-0.216060520698,0.616472270764,-0.206297926993,0.673337691015,0.602902390526,74.9999993784,75.0000023162
0.678546393056,-0.215544404147,0.616402943738,-0.205798330183,0.673337691015,0.602902390526,74.9999993784,75.0000023162
0.678517162416,-0.215028132351,0.616333807176,-0.205298629987,0.673337691015,0.602902390526,74.9999993784,75.0000023162
0.678488035973,-0.214511705751,0.616264860978,-0.204798826788,0.673337691015,0.602902390526,74.9999993784,75.0000023162
0.678459013522,-0.213995124804,0.616196105042,-0.204298920981,0.673337691015,0.602902390526,74.9999993784,75.0000023162
0.678430094852,-0.213478389977,0.616127539266,-0.203798912946,0.673337691015,0.602902390526,74.9999993784,75.0000023162
0.678401279765,-0.2129615017,0.616059163548,-0.203298803076,0.673337691015,0.602902390526,74.9999993784,75.0000023162
0.678372568054,-0.212444460438,0.615990977787,-0.202798591751,0.673337691015,0.602902390526,74.9999993784,75.0000023162
0.678343959516,-0.211927266633,0.61592298188,-0.202298279362,0.673337691015,0.602902390526,74.9999993784,75.0000023162
0.678315453947,-0.211409920736,0.615855175726,-0.201797866286,0.673337691015,0.602902390526,74.9999993784,75.0000023162
0.678287051138,-0.210892423215,0.61578755922,-0.201297352915,0.673337691015,0.602902390526,74.9999993784,75.0000023162
0.678258750892,-0.210374774494,0.615720132263,-0.200796739622,0.673337691015,0.602902390526,74.9999993784,75.0000023162
0.678230553001,-0.209856975038,0.615652894748,-0.200296026797,0.673337691015,0.602902390526,74.9999993784,75.0000023162
0.678202457261,-0.209339025295,0.615585846577,-0.199795214814,0.673337691015,0.602902390526,74.9999993784,75.0000023162
0.678174463472,-0.208820925706,0.615518987642,-0.19929430406,0.673337691015,0.602902390526,74.9999993784,75.0000023162
0.678146571426,-0.208302676737,0.615452317844,-0.198793294906,0.673337691015,0.602902390526,74.9999993784,75.0000023162
0.678118780925,-0.207784278809,0.615385837077,-0.198292187739,0.673337691015,0.602902390526,74.9999993784,75.0000023162
0.678091091764,-0.207265732386,0.61531954524,-0.197790982927,0.673337691015,0.602902390526,74.9999993784,75.0000023162
0.678063503735,-0.206747037927,0.615253442226,-0.197289680857,0.673337691015,0.602902390526,74.9999993784,75.0000023162
0.678036016643,-0.206228195857,0.61518752793,-0.19678828191,0.673337691015,0.602902390526,74.9999993784,75.0000023162
0.678008630278,-0.205709206642,0.61512180225,-0.196286786456,0.673337691015,0.602902390526,74.9999993784,75.0000023162
0.677981344446,-0.205190070707,0.615056265078,-0.195785194881,0.673337691015,0.602902390526,74.9999993784,75.0000023162
0.67795415894,-0.204670788507,0.614990916315,-0.195283507547,0.673337691015,0.602902390526,74.9999993784,75.0000023162
0.677927073553,-0.204151360507,0.614925755851,-0.194781724838,0.673337691015,0.602902390526,74.9999993784,75.0000023162
0.677900088093,-0.203631787121,0.614860783587,-0.194279847113,0.673337691015,0.602902390526,74.9999993784,75.0000023162
0.677873202352,-0.203112068814,0.614795999413,-0.193777874758,0.673337691015,0.602902390526,74.9999993784,75.0000023162
0.677846416129,-0.202592206028,0.614731403231,-0.193275808128,0.673337691015,0.602902390526,74.9999993784,75.0000023162
0.677819729226,-0.202072199197,0.61466699493,-0.192773647607,0.673337691015,0.602902390526,74.9999993784,75.0000023162
0.677793141435,-0.201552048784,0.614602774412,-0.192271393549,0.673337691015,0.602902390526,74.9999993784,75.0000023162
0.677766652565,-0.201031755204,0.614538741566,-0.191769046336,0.673337691015,0.602902390526,74.9999993784,75.0000023162
0.67774026241,-0.200511318916,0.614474896292,-0.19126660632,0.673337691015,0.602902390526,74.9999993784,75.0000023162
0.677713970764,-0.199990740381,0.614411238481,-0.190764073881,0.673337691015,0.602902390526,74.9999993784,75.0000023162
0.677687777436,-0.199470020009,0.614347768023,-0.190261449398,0.673337691015,0.602902390526,74.9999993784,75.0000023162
0.677661682219,-0.198949158262,0.614284484819,-0.189758733221,0.673337691015,0.602902390526,74.9999993784,75.0000023162
0.677635684915,-0.19842815558,0.614221388756,-0.189255925732,0.673337691015,0.602902390526,74.9999993784,75.0000023162
0.677609785328,-0.197907012393,0.614158479736,-0.188753027276,0.673337691015,0.602902390526,74.9999993784,75.0000023162
0.677583983251,-0.19738572916,0.614095757648,-0.188250038232,0.673337691015,0.602902390526,74.9999993784,75.0000023162
0.677558278493,-0.196864306299,0.614033222392,-0.187746958942,0.673337691015,0.602902390526,74.9999993784,75.0000023162
0.677532670852,-0.196342744259,0.613970873857,-0.187243789786,0.673337691015,0.602902390526,74.9999993784,75.0000023162
0.677507160122,-0.1958210435,0.613908711943,-0.186740531103,0.673337691015,0.602902390526,74.9999993784,75.0000023162
0.677481746116,-0.195299204426,0.613846736539,-0.18623718327,0.673337691015,0.602902390526,74.9999993784,75.0000023162
0.67745642863,-0.194777227498,0.61378494754,-0.185733746645,0.673337691015,0.602902390526,74.9999993784,75.0000023162
0.67743120746,-0.194255113164,0.61372334484,-0.185230221585,0.673337691015,0.602902390526,74.9999993784,75.0000023162
0.677406082419,-0.193732861836,0.613661928327,-0.184726608465,0.673337691015,0.602902390526,74.9999993784,75.0000023162
0.677381053301,-0.193210473973,0.613600697902,-0.18422290762,0.673337691015,0.602902390526,74.9999993784,75.0000023162
0.677356119911,-0.192687950005,0.613539653452,-0.183719119424,0.673337691015,0.602902390526,74.9999993784,75.0000023162
0.677331282055,-0.19216529036,0.613478794879,-0.18321524421,0.673337691015,0.602902390526,74.9999993784,75.0000023162
0.67730653953,-0.191642495497,0.613418122071,-0.182711282351,0.673337691015,0.602902390526,74.9999993784,75.0000023162
0.677281892145,-0.191119565826,0.613357634927,-0.182207234174,0.673337691015,0.602902390526,74.9999993784,75.0000023162
0.677257339703,-0.190596501793,0.613297333337,-0.181703100055,0.673337691015,0.602902390526,74.9999993784,75.0000023162
0.677232881999,-0.190073303856,0.613237217188,-0.181198880359,0.673337691015,0.602902390526,74.9999993784,75.0000023162
0.677208518851,-0.189549972408,0.613177286381,-0.180694575419,0.673337691015,0.602902390526,74.9999993784,75.0000023162
0.677184250055,-0.189026507908,0.613117540802,-0.180190185606,0.673337691015,0.602902390526,74.9999993784,75.0000023162
0.67716007541,-0.188502910811,0.613057980353,-0.179685711241,0.673337691015,0.602902390526,74.9999993784,75.0000023162
0.677135994733,-0.187979181511,0.61299860492,-0.179181152697,0.673337691015,0.602902390526,74.9999993784,75.0000023162
0.677112007822,-0.187455320465,0.612939414406,-0.178676510291,0.673337691015,0.602902390526,74.9999993784,75.0000023162
0.67708811448,-0.186931328115,0.612880408698,-0.178171784394,0.673337691015,0.602902390526,74.9999993784,75.0000023162
0.67706431452,-0.186407204865,0.612821587684,-0.177666975363,0.673337691015,0.602902390526,74.9999993784,75.0000023162
0.677040607741,-0.185882951173,0.612762951265,-0.177162083526,0.673337691015,0.602902390526,74.9999993784,75.0000023162
0.677016993951,-0.185358567466,0.612704499325,-0.176657109254,0.673337691015,0.602902390526,74.9999993784,75.0000023162
0.676993472962,-0.184834054158,0.612646231768,-0.176152052858,0.673337691015,0.602902390526,74.9999993784,75.0000023162
0.676970044572,-0.184309411709,0.612588148479,-0.175646914706,0.673337691015,0.602902390526,74.9999993784,75.0000023162
0.676946708593,-0.183784640531,0.612530249362,-0.175141695106,0.673337691015,0.602902390526,74.9999993784,75.0000023162
0.676923464834,-0.183259741049,0.612472534302,-0.174636394427,0.673337691015,0.602902390526,74.9999993784,75.0000023162
0.676900313095,-0.18273471372,0.612415003185,-0.174131013035,0.673337691015,0.602902390526,74.9999993784,75.0000023162
0.676877253192,-0.182209558949,0.612357655915,-0.173625551235,0.673337691015,0.602902390526,74.9999993784,75.0000023162
0.676854284932,-0.181684277165,0.612300492376,-0.173120009396,0.673337691015,0.602902390526,74.9999993784,75.0000023162
0.676831408117,-0.181158868828,0.612243512473,-0.172614387817,0.673337691015,0.602902390526,74.9999993784,75.0000023162
0.676808622563,-0.180633334329,0.612186716091,-0.172108686865,0.673337691015,0.602902390526,74.9999993784,75.0000023162
0.676785928078,-0.180107674108,0.612130103126,-0.171602906868,0.673337691015,0.602902390526,74.9999993784,75.0000023162
0.676763324463,-0.17958188862,0.612073673472,-0.17109704816,0.673337691015,0.602902390526,74.9999993784,75.0000023162
0.67674081154,-0.179055978252,0.612017427012,-0.17059111111,0.673337691015,0.602902390526,74.9999993784,75.0000023162
0.676718389114,-0.178529943445,0.611961363653,-0.170085096006,0.673337691015,0.602902390526,74.9999993784,75.0000023162
0.676696056988,-0.178003784656,0.61190548328,-0.169579003218,0.673337691015,0.602902390526,74.9999993784,75.0000023162
0.676673814984,-0.177477502266,0.611849785794,-0.16907283304,0.673337691015,0.602902390526,74.9999993784,75.0000023162
0.676651662909,-0.176951096718,0.611794271084,-0.168566585829,0.673337691015,0.602902390526,74.9999993784,75.0000023162
0.676629600567,-0.176424568467,0.611738939034,-0.16806026195,0.673337691015,0.602902390526,74.9999993784,75.0000023162
0.676607627782,-0.175897917891,0.61168378955,-0.167553861686,0.673337691015,0.602902390526,74.9999993784,75.0000023162
0.67658574436,-0.175371145434,0.611628822517,-0.167047385402,0.673337691015,0.602902390526,74.9999993784,75.0000023162
0.676563950106,-0.174844251551,0.611574037841,-0.166540833375,0.673337691015,0.602902390526,74.9999993784,75.0000023162
0.676542244844,-0.174317236617,0.611519435407,-0.166034205971,0.673337691015,0.602902390526,74.9999993784,75.0000023162
0.676520628385,-0.173790101074,0.611465015099,-0.165527503555,0.673337691015,0.602902390526,74.9999993784,75.0000023162
0.676499100532,-0.173262845375,0.611410776824,-0.165020726398,0.673337691015,0.602902390526,74.9999993784,75.0000023162
0.676477661111,-0.1727354699,0.611356720467,-0.164513874866,0.673337691015,0.602902390526,74.9999993784,75.0000023162
0.676456309933,-0.172207975083,0.611302845935,-0.164006949229,0.673337691015,0.602902390526,74.9999993784,75.0000023162
0.676435046803,-0.171680361378,0.611249153114,-0.163499949849,0.673337691015,0.602902390526,74.9999993784,75.0000023162
0.676413871547,-0.171152629167,0.611195641885,-0.162992877089,0.673337691015,0.602902390526,74.9999993784,75.0000023162
0.676392783978,-0.170624778878,0.61114231216,-0.162485731213,0.673337691015,0.602902390526,74.9999993784,75.0000023162
0.676371783904,-0.170096810965,0.611089163821,-0.161978512584,0.673337691015,0.602902390526,74.9999993784,75.0000023162
0.676350871147,-0.169568725814,0.611036196774,-0.161471221479,0.673337691015,0.602902390526,74.9999993784,75.0000023162
0.676330045526,-0.169040523843,0.610983410908,-0.160963858244,0.673337691015,0.602902390526,74.9999993784,75.0000023162
0.676309306847,-0.168512205508,0.610930806105,-0.160456423239,0.673337691015,0.602902390526,74.9999993784,75.0000023162
0.676288654934,-0.167983771202,0.610878382277,-0.159948916719,0.673337691015,0.602902390526,74.9999993784,75.0000023162
0.676268089606,-0.167455221331,0.610826139307,-0.159441339047,0.673337691015,0.602902390526,74.9999993784,75.0000023162
0.676247610674,-0.166926556348,0.610774077095,-0.15893369052,0.673337691015,0.602902390526,74.9999993784,75.0000023162
0.676227217958,-0.166397776661,0.610722195536,-0.158425971451,0.673337691015,0.602902390526,74.9999993784,75.0000023162
0.676206911283,-0.165868882659,0.610670494514,-0.157918182202,0.673337691015,0.602902390526,74.9999993784,75.0000023162
0.676186690459,-0.165339874795,0.610618973942,-0.157410323015,0.673337691015,0.602902390526,74.9999993784,75.0000023162
0.676166555304,-0.16481075349,0.610567633703,-0.156902394251,0.673337691015,0.602902390526,74.9999993784,75.0000023162
0.676146505648,-0.164281519114,0.610516473686,-0.156394396248,0.673337691015,0.602902390526,74.9999993784,75.0000023162
0.676126541303,-0.163752172121,0.610465493799,-0.155886329268,0.673337691015,0.602902390526,74.9999993784,75.0000023162
0.676106662083,-0.16322271295,0.610414693925,-0.155378193672,0.673337691015,0.602902390526,74.9999993784,75.0000023162
0.676086867823,-0.162693141955,0.610364073972,-0.154869989721,0.673337691015,0.602902390526,74.9999993784,75.0000023162
0.676067158336,-0.162163459583,0.61031363383,-0.154361717748,0.673337691015,0.602902390526,74.9999993784,75.0000023162
0.676047533436,-0.161633666286,0.610263373382,-0.153853378112,0.673337691015,0.602902390526,74.9999993784,75.0000023162
0.676027992956,-0.161103762425,0.610213292545,-0.153344971039,0.673337691015,0.602902390526,74.9999993784,75.0000023162
0.676008536717,-0.16057374842,0.610163391201,-0.15283649689,0.673337691015,0.602902390526,74.9999993784,75.0000023162
0.675989164532,-0.160043624726,0.610113669242,-0.15232795599,0.673337691015,0.602902390526,74.9999993784,75.0000023162
0.675969876231,-0.159513391726,0.610064126577,-0.151819348594,0.673337691015,0.602902390526,74.9999993784,75.0000023162
0.675950671641,-0.158983049812,0.610014763088,-0.151310675063,0.673337691015,0.602902390526,74.9999993784,75.0000023162
0.675931550578,-0.158452599437,0.609965578683,-0.150801935657,0.673337691015,0.602902390526,74.9999993784,75.0000023162
0.675912512866,-0.157922041013,0.609916573256,-0.15029313069,0.673337691015,0.602902390526,74.9999993784,75.0000023162
0.67589355834,-0.1573913749,0.60986774669,-0.149784260521,0.673337691015,0.602902390526,74.9999993784,75.0000023162
0.675874686817,-0.156860601549,0.609819098905,-0.149275325358,0.673337691015,0.602902390526,74.9999993784,75.0000023162
0.675855898113,-0.156329721405,0.609770629784,-0.14876632556,0.673337691015,0.602902390526,74.9999993784,75.0000023162
0.67583719207,-0.155798734817,0.609722339211,-0.148257261482,0.673337691015,0.602902390526,74.9999993784,75.0000023162
0.675818568509,-0.155267642211,0.609674227105,-0.147748133329,0.673337691015,0.602902390526,74.9999993784,75.0000023162
0.675800027248,-0.154736444037,0.60962629335,-0.147238941462,0.673337691015,0.602902390526,74.9999993784,75.0000023162
0.67578156812,-0.154205140674,0.609578537843,-0.146729686184,0.673337691015,0.602902390526,74.9999993784,75.0000023162
0.67576319096,-0.153673732503,0.609530960491,-0.146220367745,0.673337691015,0.602902390526,74.9999993784,75.0000023162
0.675744895585,-0.153142219979,0.609483561179,-0.145710986504,0.673337691015,0.602902390526,74.9999993784,75.0000023162
0.675726681822,-0.152610603516,0.609436339813,-0.145201542719,0.673337691015,0.602902390526,74.9999993784,75.0000023162
0.675708549512,-0.152078883462,0.609389296293,-0.144692036679,0.673337691015,0.602902390526,74.9999993784,75.0000023162
0.675690498478,-0.15154706026,0.609342430502,-0.144182468743,0.673337691015,0.602902390526,74.9999993784,75.0000023162
0.675672528538,-0.151015134363,0.609295742358,-0.143672839127,0.673337691015,0.602902390526,74.9999993784,75.0000023162
0.675654639534,-0.150483106124,0.609249231751,-0.143163148153,0.673337691015,0.602902390526,74.9999993784,75.0000023162
0.675636831299,-0.149950975938,0.609202898564,-0.142653396183,0.673337691015,0.602902390526,74.9999993784,75.0000023162
0.675619103655,-0.149418744256,0.609156742724,-0.142143583393,0.673337691015,0.602902390526,74.9999993784,75.0000023162
0.675601456432,-0.148886411482,0.609110764115,-0.141633710136,0.673337691015,0.602902390526,74.9999993784,75.0000023162
0.675583889477,-0.14835397796,0.609064962619,-0.141123776773,0.673337691015,0.602902390526,74.9999993784,75.0000023162
0.675566402611,-0.147821444136,0.609019338167,-0.140613783466,0.673337691015,0.602902390526,74.9999993784,75.0000023162
0.675548995657,-0.147288810464,0.608973890641,-0.140103730575,0.673337691015,0.602902390526,74.9999993784,75.0000023162
0.675531668461,-0.14675607729,0.608928619927,-0.139593618445,0.673337691015,0.602902390526,74.9999993784,75.0000023162
0.67551442086,-0.146223245002,0.608883525953,-0.139083447244,0.673337691015,0.602902390526,74.9999993784,75.0000023162
0.675497252676,-0.145690314053,0.608838608603,-0.138573217335,0.673337691015,0.602902390526,74.9999993784,75.0000023162
0.675480163744,-0.145157284849,0.608793867766,-0.138062929043,0.673337691015,0.602902390526,74.9999993784,75.0000023162
0.675463153911,-0.144624157731,0.608749303369,-0.137552582547,0.673337691015,0.602902390526,74.9999993784,75.0000023162
0.675446223007,-0.144090933132,0.608704915293,-0.137042178209,0.673337691015,0.602902390526,74.9999993784,75.0000023162
0.675429370856,-0.143557611504,0.608660703434,-0.136531716343,0.673337691015,0.602902390526,74.9999993784,75.0000023162
0.675412597304,-0.143024193208,0.608616667714,-0.136021197131,0.673337691015,0.602902390526,74.9999993784,75.0000023162
0.675395902196,-0.142490678604,0.608572808018,-0.135510620935,0.673337691015,0.602902390526,74.9999993784,75.0000023162
0.675379285357,-0.141957068144,0.60852912424,-0.134999988065,0.673337691015,0.602902390526,74.9999993784,75.0000023162
0.675362746619,-0.14142336226,0.608485616305,-0.134489298697,0.673337691015,0.602902390526,74.9999993784,75.0000023162
0.675346285834,-0.14088956129,0.608442284098,-0.133978553194,0.673337691015,0.602902390526,74.9999993784,75.0000023162
0.67532990284,-0.140355665631,0.608399127512,-0.133467751869,0.673337691015,0.602902390526,74.9999993784,75.0000023162
0.675313597466,-0.139821675734,0.608356146474,-0.132956894886,0.673337691015,0.602902390526,74.9999993784,75.0000023162
0.675297369551,-0.139287591995,0.60831334087,-0.132445982608,0.673337691015,0.602902390526,74.9999993784,75.0000023162
0.675281218949,-0.13875341475,0.608270710591,-0.13193501536,0.673337691015,0.602902390526,74.9999993784,75.0000023162
0.675265145495,-0.138219144426,0.608228255569,-0.131423993283,0.673337691015,0.602902390526,74.9999993784,75.0000023162
0.675249149016,-0.137684781476,0.608185975688,-0.130912916742,0.673337691015,0.602902390526,74.9999993784,75.0000023162
0.675233229364,-0.137150326263,0.608143870837,-0.13040178608,0.673337691015,0.602902390526,74.9999993784,75.0000023162
0.675217386391,-0.13661577912,0.608101940953,-0.129890601418,0.673337691015,0.602902390526,74.9999993784,75.0000023162
0.67520161993,-0.136081140502,0.608060185921,-0.129379363113,0.673337691015,0.602902390526,74.9999993784,75.0000023162
0.675185929811,-0.135546410861,0.608018605625,-0.128868071529,0.673337691015,0.602902390526,74.9999993784,75.0000023162
0.67517031589,-0.135011590533,0.607977200002,-0.128356726792,0.673337691015,0.602902390526,74.9999993784,75.0000023162
0.675154778019,-0.134476679869,0.607935968945,-0.127845329222,0.673337691015,0.602902390526,74.9999993784,75.0000023162
0.675139316031,-0.133941679324,0.607894912338,-0.127333879185,0.673337691015,0.602902390526,74.9999993784,75.0000023162
0.675123929764,-0.133406589333,0.607854030111,-0.126822376842,0.673337691015,0.602902390526,74.9999993784,75.0000023162
0.675108619075,-0.132871410228,0.607813322166,-0.126310822466,0.673337691015,0.602902390526,74.9999993784,75.0000023162
0.675093383814,-0.132336142374,0.607772788389,-0.125799216423,0.673337691015,0.602902390526,74.9999993784,75.0000023162
0.675078223818,-0.131800786225,0.607732428698,-0.125287558922,0.673337691015,0.602902390526,74.9999993784,75.0000023162
0.675063138927,-0.131265342202,0.60769224301,-0.124775850176,0.673337691015,0.602902390526,74.9999993784,75.0000023162
0.675048129,-0.130729810638,0.60765223121,-0.124264090554,0.673337691015,0.602902390526,74.9999993784,75.0000023162
0.675033193891,-0.130194191901,0.607612393205,-0.12375228032,0.673337691015,0.602902390526,74.9999993784,75.0000023162
0.675018333434,-0.129658486446,0.607572728925,-0.123240419619,0.673337691015,0.602902390526,74.9999993784,75.0000023162
0.675003547475,-0.12912269469,0.607533238256,-0.122728508819,0.673337691015,0.602902390526,74.9999993784,75.0000023162
0.674988835875,-0.12858681696,0.607493921091,-0.122216548256,0.673337691015,0.602902390526,74.9999993784,75.0000023162
0.674974198488,-0.128050853626,0.607454777368,-0.121704538038,0.673337691015,0.602902390526,74.9999993784,75.0000023162
0.674959635153,-0.127514805143,0.607415806983,-0.121192478487,0.673337691015,0.602902390526,74.9999993784,75.0000023162
0.674945145714,-0.126978671927,0.607377009822,-0.120680369973,0.673337691015,0.602902390526,74.9999993784,75.0000023162
0.674930730036,-0.126442454306,0.607338385814,-0.120168212652,0.673337691015,0.602902390526,74.9999993784,75.0000023162
0.674916387977,-0.125906152637,0.607299934874,-0.11965600675,0.673337691015,0.602902390526,74.9999993784,75.0000023162
0.674902119376,-0.125369767378,0.607261656888,-0.119143752639,0.673337691015,0.602902390526,74.9999993784,75.0000023162
0.674887924079,-0.124833298953,0.607223551768,-0.11863145057,0.673337691015,0.602902390526,74.9999993784,75.0000023162
0.674873801952,-0.124296747691,0.607185619449,-0.118119100658,0.673337691015,0.602902390526,74.9999993784,75.0000023162
0.674859752859,-0.123760113928,0.607147859817,-0.117606703278,0.673337691015,0.602902390526,74.9999993784,75.0000023162
0.674845776639,-0.123223398121,0.607110272765,-0.117094258789,0.673337691015,0.602902390526,74.9999993784,75.0000023162
0.674831873139,-0.122686600716,0.60707285823,-0.116581767291,0.673337691015,0.602902390526,74.9999993784,75.0000023162
0.674818042226,-0.122149722039,0.607035616121,-0.11606922905,0.673337691015,0.602902390526,74.9999993784,75.0000023162
0.674804283766,-0.121612762414,0.606998546326,-0.115556644444,0.673337691015,0.602902390526,74.9999993784,75.0000023162
0.674790597606,-0.121075722281,0.606961648764,-0.115044013678,0.673337691015,0.602902390526,74.9999993784,75.0000023162
0.674776983592,-0.120538602099,0.60692492337,-0.114531336881,0.673337691015,0.602902390526,74.9999993784,75.0000023162
0.674763441588,-0.120001402209,0.606888370031,-0.114018614429,0.673337691015,0.602902390526,74.9999993784,75.0000023162
0.674749971464,-0.119464122935,0.606851988641,-0.113505846672,0.673337691015,0.602902390526,74.9999993784,75.0000023162
0.674736573076,-0.118926764677,0.606815779141,-0.112993033704,0.673337691015,0.602902390526,74.9999993784,75.0000023162
0.674723246271,-0.118389327894,0.606779741443,-0.112480175777,0.673337691015,0.602902390526,74.9999993784,75.0000023162
0.674709990908,-0.117851812969,0.606743875435,-0.111967273272,0.673337691015,0.602902390526,74.9999993784,75.0000023162
0.67469680686,-0.117314220222,0.606708181035,-0.111454326411,0.673337691015,0.602902390526,74.9999993784,75.0000023162
0.674683693992,-0.116776550001,0.606672658184,-0.110941335286,0.673337691015,0.602902390526,74.9999993784,75.0000023162
0.674670652154,-0.116238802768,0.606637306775,-0.110428300262,0.673337691015,0.602902390526,74.9999993784,75.0000023162
0.674657681199,-0.115700978956,0.606602126696,-0.109915221722,0.673337691015,0.602902390526,74.9999993784,75.0000023162
0.674644781,-0.115163078886,0.606567117886,-0.109402099775,0.673337691015,0.602902390526,74.9999993784,75.0000023162
0.674631951432,-0.114625102878,0.606532280273,-0.108888934589,0.673337691015,0.602902390526,74.9999993784,75.0000023162
0.67461919235,-0.114087051354,0.606497613747,-0.10837572655,0.673337691015,0.602902390526,74.9999993784,75.0000023162
0.674606503605,-0.113548924777,0.60646311821,-0.107862475965,0.673337691015,0.602902390526,74.9999993784,75.0000023162
0.674593885066,-0.113010723506,0.606428793607,-0.10734918292,0.673337691015,0.602902390526,74.9999993784,75.0000023162
0.67458133661,-0.112472447858,0.606394639851,-0.106835847664,0.673337691015,0.602902390526,74.9999993784,75.0000023162
0.674568858108,-0.111934098177,0.606360656832,-0.106322470586,0.673337691015,0.602902390526,74.9999993784,75.0000023162
0.674556449412,-0.111395674927,0.60632684447,-0.105809051913,0.673337691015,0.602902390526,74.9999993784,75.0000023162
0.674544110381,-0.110857178546,0.606293202707,-0.105295591728,0.673337691015,0.602902390526,74.9999993784,75.0000023162
0.674531840893,-0.110318609352,0.606259731448,-0.104782090343,0.673337691015,0.602902390526,74.9999993784,75.0000023162
0.674519640825,-0.109779967662,0.606226430584,-0.104268548151,0.673337691015,0.602902390526,74.9999993784,75.0000023162
0.674507510044,-0.109241253868,0.606193300044,-0.103754965317,0.673337691015,0.602902390526,74.9999993784,75.0000023162
0.674495448405,-0.108702468437,0.606160339774,-0.103241341919,0.673337691015,0.602902390526,74.9999993784,75.0000023162
0.674483455777,-0.108163611757,0.60612754967,-0.102727678315,0.673337691015,0.602902390526,74.9999993784,75.0000023162
0.67447153204,-0.107624684144,0.606094929624,-0.102213974902,0.673337691015,0.602902390526,74.9999993784,75.0000023162
0.674459677074,-0.107085685913,0.606062479574,-0.1017002318,0.673337691015,0.602902390526,74.9999993784,75.0000023162
0.674447890745,-0.106546617493,0.606030199466,-0.101186449086,0.673337691015,0.602902390526,74.9999993784,75.0000023162
0.674436172908,-0.106007479354,0.605998089195,-0.100672627139,0.673337691015,0.602902390526,74.9999993784,75.0000023162
0.674424523441,-0.105468271846,0.605966148651,-0.100158766362,0.673337691015,0.602902390526,74.9999993784,75.0000023162
0.674412942227,-0.104928995284,0.605934377779,-0.0996448668515,0.673337691015,0.602902390526,74.9999993784,75.0000023162
0.674401429149,-0.104389649981,0.605902776523,-0.0991309286835,0.673337691015,0.602902390526,74.9999993784,75.0000023162
0.674389984071,-0.103850236387,0.605871344781,-0.0986169522356,0.673337691015,0.602902390526,74.9999993784,75.0000023162
0.674378606852,-0.103310754975,0.605840082444,-0.0981029379136,0.673337691015,0.602902390526,74.9999993784,75.0000023162
0.674367297375,-0.102771206074,0.605808989455,-0.0975888858193,0.673337691015,0.602902390526,74.9999993784,75.0000023162
0.674356055526,-0.102231589998,0.605778065762,-0.0970747960252,0.673337691015,0.602902390526,74.9999993784,75.0000023162
0.674344881191,-0.101691907057,0.605747311266,-0.0965606688799,0.673337691015,0.602902390526,74.9999993784,75.0000023162
0.674333774235,-0.101152157706,0.605716725862,-0.0960465047939,0.673337691015,0.602902390526,74.9999993784,75.0000023162
0.674322734522,-0.100612342418,0.605686309486,-0.0955323039009,0.673337691015,0.602902390526,74.9999993784,75.0000023162
0.674311761936,-0.100072461523,0.605656062086,-0.095018066271,0.673337691015,0.602902390526,74.9999993784,75.0000023162
0.674300856367,-0.0995325153309,0.605625983576,-0.0945037921919,0.673337691015,0.602902390526,74.9999993784,75.0000023162
0.674290017702,-0.0989925041517,0.605596073851,-0.0939894820794,0.673337691015,0.602902390526,74.9999993784,75.0000023162
0.674279245813,-0.0984524284208,0.605566332838,-0.0934751361309,0.673337691015,0.602902390526,74.9999993784,75.0000023162
0.674268540566,-0.0979122886142,0.605536760485,-0.0929607544148,0.673337691015,0.602902390526,74.9999993784,75.0000023162
0.674257901846,-0.0973720850821,0.605507356724,-0.0924463371216,0.673337691015,0.602902390526,74.9999993784,75.0000023162
0.674247329543,-0.0968318181337,0.605478121447,-0.0919318846726,0.673337691015,0.602902390526,74.9999993784,75.0000023162
0.674236823549,-0.096291488077,0.605449054571,-0.0914173973658,0.673337691015,0.602902390526,74.9999993784,75.0000023162
0.674226383745,-0.0957510953031,0.605420156043,-0.090902875268,0.673337691015,0.602902390526,74.9999993784,75.0000023162
0.674216009999,-0.0952106402911,0.605391425813,-0.0903883184423,0.673337691015,0.602902390526,74.9999993784,75.0000023162
0.674205702192,-0.0946701234373,0.605362863779,-0.0898737273051,0.673337691015,0.602902390526,74.9999993784,75.0000023162
0.674195460218,-0.0941295450498,0.605334469836,-0.0893591022856,0.673337691015,0.602902390526,74.9999993784,75.0000023162
0.674185283971,-0.0935889054353,0.605306243933,-0.0888444434601,0.673337691015,0.602902390526,74.9999993784,75.0000023162
0.674175173344,-0.0930482049105,0.605278186021,-0.0883297508906,0.673337691015,0.602902390526,74.9999993784,75.0000023162
0.67416512821,-0.0925074439576,0.605250296024,-0.0878150248158,0.673337691015,0.602902390526,74.9999993784,75.0000023162
0.67415514844,-0.0919666230497,0.605222573839,-0.0873002656711,0.673337691015,0.602902390526,74.9999993784,75.0000023162
0.674145233932,-0.0914257424937,0.605195019388,-0.0867854737151,0.673337691015,0.602902390526,74.9999993784,75.0000023162
0.674135384583,-0.0908848025955,0.605167632623,-0.0862706490091,0.673337691015,0.602902390526,74.9999993784,75.0000023162
0.674125600291,-0.0903438036596,0.605140413496,-0.0857557916109,0.673337691015,0.602902390526,74.9999993784,75.0000023162
0.674115880942,-0.0898027460738,0.60511336191,-0.085240901912,0.673337691015,0.602902390526,74.9999993784,75.0000023162
0.674106226411,-0.0892616303255,0.605086477765,-0.0847259803573,0.673337691015,0.602902390526,74.9999993784,75.0000023162
0.674096636585,-0.0887204568191,0.605059761004,-0.084211027058,0.673337691015,0.602902390526,74.9999993784,75.0000023162
0.674087111363,-0.0881792258595,0.605033211581,-0.0836960420713,0.673337691015,0.602902390526,74.9999993784,75.0000023162
0.674077650646,-0.0876379377505,0.605006829441,-0.0831810255037,0.673337691015,0.602902390526,74.9999993784,75.0000023162
0.674068254335,-0.0870965927946,0.604980614483,-0.0826659778065,0.673337691015,0.602902390526,74.9999993784,75.0000023162
0.674058922315,-0.0865551914203,0.604954566612,-0.0821508993826,0.673337691015,0.602902390526,74.9999993784,75.0000023162
0.674049654464,-0.0860137341206,0.604928685782,-0.0816357902894,0.673337691015,0.602902390526,74.9999993784,75.0000023162
0.674040450677,-0.0854722212622,0.604902971947,-0.0811206505809,0.673337691015,0.602902390526,74.9999993784,75.0000023162
0.674031310858,-0.0849306531484,0.604877425047,-0.0806054804121,0.673337691015,0.602902390526,74.9999993784,75.0000023162
0.674022234909,-0.0843890300812,0.604852044981,-0.080090280245,0.673337691015,0.602902390526,74.9999993784,75.0000023162
0.674013222736,-0.0838473523611,0.604826831663,-0.0795750504411,0.673337691015,0.602902390526,74.9999993784,75.0000023162
0.674004274227,-0.0833056204192,0.604801785048,-0.079059791055,0.673337691015,0.602902390526,74.9999993784,75.0000023162
0.673995389263,-0.0827638347541,0.60477690509,-0.0785445021377,0.673337691015,0.602902390526,74.9999993784,75.0000023162
0.673986567743,-0.0822219957344,0.604752191734,-0.0780291838318,0.673337691015,0.602902390526,74.9999993784,75.0000023162
0.673977809574,-0.0816801036618,0.604727644879,-0.0775138366107,0.673337691015,0.602902390526,74.9999993784,75.0000023162
0.673969114662,-0.0811381588368,0.604703264438,-0.0769984608567,0.673337691015,0.602902390526,74.9999993784,75.0000023162
0.673960482916,-0.0805961615583,0.604679050368,-0.076483056622,0.673337691015,0.602902390526,74.9999993784,75.0000023162
0.673951914233,-0.0800541122115,0.604655002625,-0.0759676239556,0.673337691015,0.602902390526,74.9999993784,75.0000023162
0.673943408499,-0.079512011301,0.604631121164,-0.0754521629131,0.673337691015,0.602902390526,74.9999993784,75.0000023162
0.673934965608,-0.0789698592463,0.604607405887,-0.0749366739797,0.673337691015,0.602902390526,74.9999993784,75.0000023162
0.673926585471,-0.0784276563481,0.604583856697,-0.0744211576342,0.673337691015,0.602902390526,74.9999993784,75.0000023162
0.673918268,-0.0778854029056,0.604560473551,-0.0739056139276,0.673337691015,0.602902390526,74.9999993784,75.0000023162
0.673910013104,-0.0773430992166,0.604537256407,-0.0733900429067,0.673337691015,0.602902390526,74.9999993784,75.0000023162
0.673901820696,-0.0768007455774,0.604514205223,-0.0728744446148,0.673337691015,0.602902390526,74.9999993784,75.0000023162
0.673893690667,-0.0762583424807,0.604491319921,-0.0723588193844,0.673337691015,0.602902390526,74.9999993784,75.0000023162
0.673885622905,-0.0757158904403,0.604468600405,-0.0718431677183,0.673337691015,0.602902390526,74.9999993784,75.0000023162
0.673877617321,-0.0751733897747,0.604446046613,-0.0713274898313,0.673337691015,0.602902390526,74.9999993784,75.0000023162
0.673869673829,-0.0746308407825,0.604423658505,-0.0708117857697,0.673337691015,0.602902390526,74.9999993784,75.0000023162
0.673861792346,-0.0740882437607,0.604401436038,-0.0702960555756,0.673337691015,0.602902390526,74.9999993784,75.0000023162
0.673853972785,-0.0735455990048,0.604379379171,-0.0697802993067,0.673337691015,0.602902390526,74.9999993784,75.0000023162
0.673846215061,-0.0730029068298,0.604357487808,-0.0692645174788,0.673337691015,0.602902390526,74.9999993784,75.0000023162
0.673838519066,-0.0724601677565,0.604335761855,-0.0687487105948,0.673337691015,0.602902390526,74.9999993784,75.0000023162
0.673830884695,-0.0719173822875,0.604314201272,-0.0682328787011,0.673337691015,0.602902390526,74.9999993784,75.0000023162
0.673823311865,-0.0713745507213,0.604292806021,-0.0677170218399,0.673337691015,0.602902390526,74.9999993784,75.0000023162
0.673815800495,-0.0708316733548,0.604271576061,-0.0672011400495,0.673337691015,0.602902390526,74.9999993784,75.0000023162
0.673808350504,-0.0702887504834,0.604250511343,-0.0666852334666,0.673337691015,0.602902390526,74.9999993784,75.0000023162
0.673800961812,-0.0697457824006,0.604229611771,-0.0661693026275,0.673337691015,0.602902390526,74.9999993784,75.0000023162
0.673793634338,-0.0692027693986,0.604208877264,-0.0656533479722,0.673337691015,0.602902390526,74.9999993784,75.0000023162
0.673786367981,-0.0686597119878,0.604188307783,-0.0651373695447,0.673337691015,0.602902390526,74.9999993784,75.0000023162
0.673779162638,-0.0681166107027,0.604167903291,-0.0646213673842,0.673337691015,0.602902390526,74.9999993784,75.0000023162
0.673772018228,-0.0675734658614,0.604147663749,-0.0641053415261,0.673337691015,0.602902390526,74.9999993784,75.0000023162
0.673764934675,-0.0670302777596,0.604127589114,-0.0635892920531,0.673337691015,0.602902390526,74.9999993784,75.0000023162
0.6737579119,-0.0664870466918,0.604107679294,-0.0630732195229,0.673337691015,0.602902390526,74.9999993784,75.0000023162
0.673750949828,-0.0659437729503,0.604087934201,-0.062557124449,0.673337691015,0.602902390526,74.9999993784,75.0000023162
0.673744048383,-0.065400456826,0.604068353801,-0.0620410068734,0.673337691015,0.602902390526,74.9999993784,75.0000023162
0.673737207483,-0.0648570986871,0.604048938055,-0.0615248668343,0.673337691015,0.602902390526,74.9999993784,75.0000023162
0.673730427028,-0.0643136990791,0.604029686927,-0.0610087043649,0.673337691015,0.602902390526,74.9999993784,75.0000023162
0.673723706927,-0.0637702584731,0.604010600383,-0.0604925194939,0.673337691015,0.602902390526,74.9999993784,75.0000023162
0.673717047107,-0.0632267771647,0.603991678348,-0.0599763126248,0.673337691015,0.602902390526,74.9999993784,75.0000023162
0.673710447495,-0.0626832554479,0.603972920731,-0.0594600843467,0.673337691015,0.602902390526,74.9999993784,75.0000023162
0.67370390802,-0.0621396936151,0.603954327481,-0.0589438348788,0.673337691015,0.602902390526,74.9999993784,75.0000023162
0.67369742861,-0.0615960919566,0.603935898562,-0.0584275642592,0.673337691015,0.602902390526,74.9999993784,75.0000023162
0.673691009193,-0.0610524507611,0.603917633939,-0.0579112725213,0.673337691015,0.602902390526,74.9999993784,75.0000023162
0.673684649695,-0.0605087703689,0.603899533579,-0.0573949596936,0.673337691015,0.602902390526,74.9999993784,75.0000023162
0.67367835002,-0.0599650513418,0.603881597448,-0.0568786257996,0.673337691015,0.602902390526,74.9999993784,75.0000023162
0.673672110082,-0.059421294193,0.603863825461,-0.056362271388,0.673337691015,0.602902390526,74.9999993784,75.0000023162
0.67366592981,-0.0588774992174,0.603846217531,-0.0558458970829,0.673337691015,0.602902390526,74.9999993784,75.0000023162
0.673659809138,-0.0583336667082,0.603828773619,-0.0553295029889,0.673337691015,0.602902390526,74.9999993784,75.0000023162
0.673653747997,-0.0577897969568,0.60381149369,-0.0548130891417,0.673337691015,0.602902390526,74.9999993784,75.0000023162
0.673647746321,-0.0572458902525,0.603794377714,-0.0542966555718,0.673337691015,0.602902390526,74.9999993784,75.0000023162
0.673641804044,-0.0567019468828,0.603777425658,-0.0537802023049,0.673337691015,0.602902390526,74.9999993784,75.0000023162
0.6736359211,-0.0561579671331,0.603760637489,-0.0532637293611,0.673337691015,0.602902390526,74.9999993784,75.0000023162
0.673630097414,-0.0556139514205,0.603744013139,-0.0527472371748,0.673337691015,0.602902390526,74.9999993784,75.0000023162
0.673624332896,-0.0550699003298,0.603727552521,-0.0522307264072,0.673337691015,0.602902390526,74.9999993784,75.0000023162
0.673618627469,-0.0545258143175,0.603711255586,-0.051714197313,0.673337691015,0.602902390526,74.9999993784,75.0000023162
0.673612981071,-0.0539816936775,0.603695122303,-0.0511976499279,0.673337691015,0.602902390526,74.9999993784,75.0000023162
0.673607393639,-0.0534375387017,0.60367915264,-0.0506810842825,0.673337691015,0.602902390526,74.9999993784,75.0000023162
0.67360186511,-0.05289334968,0.603663346568,-0.0501645004018,0.673337691015,0.602902390526,74.9999993784,75.0000023162
0.673596395425,-0.0523491269003,0.603647704056,-0.0496478983056,0.673337691015,0.602902390526,74.9999993784,75.0000023162
0.673590984522,-0.0518048706483,0.603632225075,-0.0491312780076,0.673337691015,0.602902390526,74.9999993784,75.0000023162
0.67358563234,-0.0512605812074,0.603616909546,-0.0486146401282,0.673337691015,0.602902390526,74.9999993784,75.0000023162
0.673580338821,-0.0507162588587,0.603601757385,-0.0480979853825,0.673337691015,0.602902390526,74.9999993784,75.0000023162
0.673575103885,-0.0501719041766,0.603586768556,-0.0475813138887,0.673337691015,0.602902390526,74.9999993784,75.0000023162
0.673569927447,-0.0496275177776,0.60357194303,-0.0470646256809,0.673337691015,0.602902390526,74.9999993784,75.0000023162
0.673564809448,-0.0490830999907,0.60355728078,-0.046547920788,0.673337691015,0.602902390526,74.9999993784,75.0000023162
0.673559749831,-0.0485386511085,0.603542781778,-0.0460311992327,0.673337691015,0.602902390526,74.9999993784,75.0000023162
0.67355474854,-0.0479941714218,0.603528445995,-0.045514461032,0.673337691015,0.602902390526,74.9999993784,75.0000023162
0.673549805519,-0.0474496612188,0.603514273405,-0.0449977061963,0.673337691015,0.602902390526,74.9999993784,75.0000023162
0.673544920713,-0.0469051207859,0.603500263957,-0.0444809350476,0.673337691015,0.602902390526,74.9999993784,75.0000023162
0.673540094067,-0.0463605504068,0.603486417568,-0.0439641483582,0.673337691015,0.602902390526,74.9999993784,75.0000023162
0.673535325528,-0.0458159503628,0.603472734179,-0.0434473466024,0.673337691015,0.602902390526,74.9999993784,75.0000023162
0.673530615041,-0.0452713209324,0.603459213766,-0.0429305298177,0.673337691015,0.602902390526,74.9999993784,75.0000023162
0.67352596255,-0.0447266624824,0.6034458563,-0.0424136980362,0.673337691015,0.602902390526,74.9999993784,75.0000023162
0.673521367976,-0.044181975664,0.603432661758,-0.0418968512835,0.673337691015,0.602902390526,74.9999993784,75.0000023162
0.673516831249,-0.0436372610478,0.603419630113,-0.0413799895793,0.673337691015,0.602902390526,74.9999993784,75.0000023162
0.673512352321,-0.0430925189282,0.603406761341,-0.0408631129362,0.673337691015,0.602902390526,74.9999993784,75.0000023162
0.673507931139,-0.0425477495979,0.603394055417,-0.0403462213598,0.673337691015,0.602902390526,74.9999993784,75.0000023162
0.673503567654,-0.042002953347,0.603381512314,-0.0398293148814,0.673337691015,0.602902390526,74.9999993784,75.0000023162
0.673499261818,-0.0414581304634,0.603369131952,-0.0393123943528,0.673337691015,0.602902390526,74.9999993784,75.0000023162
0.673495013582,-0.0409132812323,0.603356914254,-0.0387954606185,0.673337691015,0.602902390526,74.9999993784,75.0000023162
0.673490822899,-0.0403684059365,0.603344859197,-0.0382785137215,0.673337691015,0.602902390526,74.9999993784,75.0000023162
0.673486689721,-0.0398235048557,0.603332966757,-0.0377615536985,0.673337691015,0.602902390526,74.9999993784,75.0000023162
0.673482614003,-0.0392785782665,0.603321236911,-0.0372445805802,0.673337691015,0.602902390526,74.9999993784,75.0000023162
0.673478595697,-0.0387336264425,0.603309669637,-0.0367275943904,0.673337691015,0.602902390526,74.9999993784,75.0000023162
0.673474634759,-0.0381886496572,0.603298264912,-0.036210595146,0.673337691015,0.602902390526,74.9999993784,75.0000023162
0.673470731119,-0.0376436486192,0.603287022715,-0.0356935828558,0.673337691015,0.602902390526,74.9999993784,75.0000023162
0.673466884709,-0.0370986240483,0.603275943023,-0.0351765575208,0.673337691015,0.602902390526,74.9999993784,75.0000023162
0.673463095486,-0.0365535762422,0.603265025815,-0.0346595191329,0.673337691015,0.602902390526,74.9999993784,75.0000023162
0.673459363408,-0.036008505496,0.603254271051,-0.0341424680248,0.673337691015,0.602902390526,74.9999993784,75.0000023162
0.673455688432,-0.0354634121029,0.603243678654,-0.0336254051888,0.673337691015,0.602902390526,74.9999993784,75.0000023162
0.673452070516,-0.0349182963532,0.603233248566,-0.0331083313045,0.673337691015,0.602902390526,74.9999993784,75.0000023162
0.67344850962,-0.0343731585346,0.603222980768,-0.0325912464203,0.673337691015,0.602902390526,74.9999993784,75.0000023162
0.673445005703,-0.033827998932,0.603212875241,-0.0320741505784,0.673337691015,0.602902390526,74.9999993784,75.0000023162
0.673441558727,-0.0332828178271,0.603202931963,-0.031557043814,0.673337691015,0.602902390526,74.9999993784,75.0000023162
0.673438168652,-0.0327376154979,0.603193150917,-0.031039926155,0.673337691015,0.602902390526,74.9999993784,75.0000023162
0.673434835439,-0.0321923922192,0.603183532083,-0.0305227976213,0.673337691015,0.602902390526,74.9999993784,75.0000023162
0.673431559051,-0.0316471482613,0.603174075443,-0.0300056582243,0.673337691015,0.602902390526,74.9999993784,75.0000023162
0.673428339452,-0.0311018838905,0.603164780978,-0.0294885079656,0.673337691015,0.602902390526,74.9999993784,75.0000023162
0.673425176603,-0.0305565993683,0.60315564867,-0.0289713468369,0.673337691015,0.602902390526,74.9999993784,75.0000023162
0.673422070467,-0.0300112950247,0.603146678501,-0.0284541748187,0.673337691015,0.602902390526,74.9999993784,75.0000023162
0.673419020983,-0.0294659716793,0.603137870454,-0.0279369918792,0.673337691015,0.602902390526,74.9999993784,75.0000023162
0.673416028096,-0.0289206301037,0.603129224479,-0.0274197987024,0.673337691015,0.602902390526,74.9999993784,75.0000023162
0.673413091772,-0.0283752706025,0.603120740502,-0.0269025965229,0.673337691015,0.602902390526,74.9999993784,75.0000023162
0.673410211977,-0.0278298934779,0.603112418486,-0.0263853859066,0.673337691015,0.602902390526,74.9999993784,75.0000023162
0.673407388679,-0.0272844990299,0.603104258412,-0.0258681669201,0.673337691015,0.602902390526,74.9999993784,75.0000023162
0.673404621846,-0.0267390875561,0.603096260266,-0.0253509396233,0.673337691015,0.602902390526,74.9999993784,75.0000023162
0.673401911446,-0.0261936593509,0.603088424032,-0.0248337040694,0.673337691015,0.602902390526,74.9999993784,75.0000023162
0.673399257448,-0.0256482147059,0.603080749694,-0.0243164603039,0.673337691015,0.602902390526,74.9999993784,75.0000023162
0.673396659823,-0.0251027539092,0.603073237239,-0.0237992083641,0.673337691015,0.602902390526,74.9999993784,75.0000023162
0.673394118541,-0.0245572772451,0.60306588665,-0.0232819482777,0.673337691015,0.602902390526,74.9999993784,75.0000023162
0.673391633573,-0.0240117849937,0.603058697913,-0.0227646800621,0.673337691015,0.602902390526,74.9999993784,75.0000023162
0.67338920489,-0.0234662774302,0.603051671016,-0.0222474037233,0.673337691015,0.602902390526,74.9999993784,75.0000023162
0.673386832465,-0.0229207548247,0.603044805943,-0.0217301192541,0.673337691015,0.602902390526,74.9999993784,75.0000023162
0.673384516272,-0.0223752174414,0.603038102682,-0.021212826633,0.673337691015,0.602902390526,74.9999993784,75.0000023162
0.673382256283,-0.0218296655378,0.603031561219,-0.0206955258223,0.673337691015,0.602902390526,74.9999993784,75.0000023162
0.673380052473,-0.021284099364,0.603025181542,-0.0201782167657,0.673337691015,0.602902390526,74.9999993784,75.0000023162
0.673377904817,-0.0207385191617,0.603018963637,-0.0196608993865,0.673337691015,0.602902390526,74.9999993784,75.0000023162
0.67337581329,-0.0201929251629,0.603012907494,-0.0191435735842,0.673337691015,0.602902390526,74.9999993784,75.0000023162
0.673373777869,-0.0196473175886,0.603007013064,-0.0186262403897,0.673337691015,0.602902390526,74.9999993784,75.0000023162
0.67337179853,-0.0191016966477,0.60300128028,-0.0181089016043,0.673337691015,0.602902390526,74.9999993784,75.0000023162
0.673369875242,-0.0185560628497,0.602995709111,-0.0175915580112,0.673337691015,0.602902390526,74.9999993784,75.0000023162
0.673368007958,-0.0180104173238,0.602990299544,-0.0170742097489,0.673337691015,0.602902390526,74.9999993784,75.0000023162
0.673366196641,-0.0174647609556,0.602985051571,-0.016556856956,0.673337691015,0.602902390526,74.9999993784,75.0000023162
0.673364441271,-0.0169190940739,0.60297996518,-0.0160394997707,0.673337691015,0.602902390526,74.9999993784,75.0000023162
0.673362741828,-0.0163734170078,0.602975040361,-0.0155221383314,0.673337691015,0.602902390526,74.9999993784,75.0000023162
0.673361098292,-0.0158277300864,0.602970277106,-0.0150047727763,0.673337691015,0.602902390526,74.9999993784,75.0000023162
0.673359510644,-0.0152820336384,0.602965675404,-0.0144874032435,0.673337691015,0.602902390526,74.9999993784,75.0000023162
0.673357978867,-0.0147363279929,0.602961235246,-0.0139700298709,0.673337691015,0.602902390526,74.9999993784,75.0000023162
0.673356502943,-0.0141906134786,0.602956956625,-0.0134526527964,0.673337691015,0.602902390526,74.9999993784,75.0000023162
0.673355082854,-0.0136448904243,0.602952839531,-0.012935272158,0.673337691015,0.602902390526,74.9999993784,75.0000023162
0.673353718585,-0.0130991591589,0.602948883956,-0.0124178880933,0.673337691015,0.602902390526,74.9999993784,75.0000023162
0.673352410121,-0.0125534200109,0.602945089893,-0.01190050074,0.673337691015,0.602902390526,74.9999993784,75.0000023162
0.673351157445,-0.0120076733092,0.602941457334,-0.0113831102356,0.673337691015,0.602902390526,74.9999993784,75.0000023162
0.673349960544,-0.0114619193824,0.602937986272,-0.0108657167178,0.673337691015,0.602902390526,74.9999993784,75.0000023162
0.673348819405,-0.0109161585592,0.6029346767,-0.0103483203239,0.673337691015,0.602902390526,74.9999993784,75.0000023162
0.673347734013,-0.010370391168,0.602931528613,-0.00983092119142,0.673337691015,0.602902390526,74.9999993784,75.0000023162
0.673346704358,-0.00982461753752,0.602928542002,-0.00931351945755,0.673337691015,0.602902390526,74.9999993784,75.0000023162
0.673345730426,-0.00927883799629,0.602925716864,-0.0087961152596,0.673337691015,0.602902390526,74.9999993784,75.0000023162
0.673344812207,-0.00873305287281,0.602923053191,-0.00827870873478,0.673337691015,0.602902390526,74.9999993784,75.0000023162
0.67334394969,-0.00818726249558,0.602920550979,-0.00776130002024,0.673337691015,0.602902390526,74.9999993784,75.0000023162
0.673343142866,-0.00764146719307,0.602918210224,-0.00724388925308,0.673337691015,0.602902390526,74.9999993784,75.0000023162
0.673342391725,-0.00709566729373,0.60291603092,-0.00672647657034,0.673337691015,0.602902390526,74.9999993784,75.0000023162
0.673341696258,-0.00654986312599,0.602914013062,-0.00620906210905,0.673337691015,0.602902390526,74.9999993784,75.0000023162
0.673341056458,-0.00600405501826,0.602912156648,-0.00569164600617,0.673337691015,0.602902390526,74.9999993784,75.0000023162
0.673340472318,-0.00545824329893,0.602910461674,-0.00517422839863,0.673337691015,0.602902390526,74.9999993784,75.0000023162
0.67333994383,-0.00491242829638,0.602908928136,-0.00465680942333,0.673337691015,0.602902390526,74.9999993784,75.0000023162
0.673339470988,-0.00436661033897,0.602907556031,-0.00413938921714,0.673337691015,0.602902390526,74.9999993784,75.0000023162
0.673339053788,-0.00382078975505,0.602906345356,-0.00362196791689,0.673337691015,0.602902390526,74.9999993784,75.0000023162
0.673338692224,-0.00327496687296,0.602905296109,-0.00310454565939,0.673337691015,0.602902390526,74.9999993784,75.0000023162
0.673338386292,-0.00272914202104,0.602904408289,-0.00258712258143,0.673337691015,0.602902390526,74.9999993784,75.0000023162
0.673338135989,-0.00218331552759,0.602903681892,-0.0020696988198,0.673337691015,0.602902390526,74.9999993784,75.0000023162
0.673337941311,-0.00163748772093,0.602903116919,-0.00155227451124,0.673337691015,0.602902390526,74.9999993784,75.0000023162
0.673337802258,-0.00109165892938,0.602902713367,-0.00103484979248,0.673337691015,0.602902390526,74.9999993784,75.0000023162
0.673337718826,-0.000545829481229,0.602902471236,-0.000517424800284,0.673337691015,0.602902390526,74.9999993784,75.0000023162
0.673337691015,-0,0.602902390526,-0,0.673337691015,0.602902390526,74.9999993784,75.0000023162
0.673337718826,0.000545829481229,0.602902471236,0.000517424800284,0.673337691015,0.602902390526,74.9999993784,75.0000023162
0.673337802258,0.00109165892938,0.602902713367,0.00103484979248,0.673337691015,0.602902390526,74.9999993784,75.0000023162
0.673337941311,0.00163748772093,0.602903116919,0.00155227451124,0.673337691015,0.602902390526,74.9999993784,75.0000023162
0.673338135989,0.00218331552759,0.602903681892,0.0020696988198,0.673337691015,0.602902390526,74.9999993784,75.0000023162
0.673338386292,0.00272914202104,0.602904408289,0.00258712258143,0.673337691015,0.602902390526,74.9999993784,75.0000023162
0.673338692224,0.00327496687296,0.602905296109,0.00310454565939,0.673337691015,0.602902390526,74.9999993784,75.0000023162
0.673339053788,0.00382078975505,0.602906345356,0.00362196791689,0.673337691015,0.602902390526,74.9999993784,75.0000023162
0.673339470988,0.00436661033897,0.602907556031,0.00413938921714,0.673337691015,0.602902390526,74.9999993784,75.0000023162
0.67333994383,0.00491242829638,0.602908928136,0.00465680942333,0.673337691015,0.602902390526,74.9999993784,75.0000023162
0.673340472318,0.00545824329893,0.602910461674,0.00517422839863,0.673337691015,0.602902390526,74.9999993784,75.0000023162
0.673341056458,0.00600405501826,0.602912156648,0.00569164600617,0.673337691015,0.602902390526,74.9999993784,75.0000023162
0.673341696258,0.00654986312599,0.602914013062,0.00620906210905,0.673337691015,0.602902390526,74.9999993784,75.0000023162
0.673342391725,0.00709566729373,0.60291603092,0.00672647657034,0.673337691015,0.602902390526,74.9999993784,75.0000023162
0.673343142866,0.00764146719307,0.602918210224,0.00724388925308,0.673337691015,0.602902390526,74.9999993784,75.0000023162
0.67334394969,0.00818726249558,0.602920550979,0.00776130002024,0.673337691015,0.602902390526,74.9999993784,75.0000023162
0.673344812207,0.00873305287281,0.602923053191,0.00827870873478,0.673337691015,0.602902390526,74.9999993784,75.0000023162
0.673345730426,0.00927883799629,0.602925716864,0.0087961152596,0.673337691015,0.602902390526,74.9999993784,75.0000023162
0.673346704358,0.00982461753752,0.602928542002,0.00931351945755,0.673337691015,0.602902390526,74.9999993784,75.0000023162
0.673347734013,0.010370391168,0.602931528613,0.00983092119142,0.673337691015,0.602902390526,74.9999993784,75.0000023162
0.673348819405,0.0109161585592,0.6029346767,0.0103483203239,0.673337691015,0.602902390526,74.9999993784,75.0000023162
0.673349960544,0.0114619193824,0.602937986272,0.0108657167178,0.673337691015,0.602902390526,74.9999993784,75.0000023162
0.673351157445,0.0120076733092,0.602941457334,0.0113831102356,0.673337691015,0.602902390526,74.9999993784,75.0000023162
0.673352410121,0.0125534200109,0.602945089893,0.01190050074,0.673337691015,0.602902390526,74.9999993784,75.0000023162
0.673353718585,0.0130991591589,0.602948883956,0.0124178880933,0.673337691015,0.602902390526,74.9999993784,75.0000023162
0.673355082854,0.0136448904243,0.602952839531,0.012935272158,0.673337691015,0.602902390526,74.9999993784,75.0000023162
0.673356502943,0.0141906134786,0.602956956625,0.0134526527964,0.673337691015,0.602902390526,74.9999993784,75.0000023162
0.673357978867,0.0147363279929,0.602961235246,0.0139700298709,0.673337691015,0.602902390526,74.9999993784,75.0000023162
0.673359510644,0.0152820336384,0.602965675404,0.0144874032435,0.673337691015,0.602902390526,74.9999993784,75.0000023162
0.673361098292,0.0158277300864,0.602970277106,0.0150047727763,0.673337691015,0.602902390526,74.9999993784,75.0000023162
0.673362741828,0.0163734170078,0.602975040361,0.0155221383314,0.673337691015,0.602902390526,74.9999993784,75.0000023162
0.673364441271,0.0169190940739,0.60297996518,0.0160394997707,0.673337691015,0.602902390526,74.9999993784,75.0000023162
0.673366196641,0.0174647609556,0.602985051571,0.016556856956,0.673337691015,0.602902390526,74.9999993784,75.0000023162
0.673368007958,0.0180104173238,0.602990299544,0.0170742097489,0.673337691015,0.602902390526,74.9999993784,75.0000023162
0.673369875242,0.0185560628497,0.602995709111,0.0175915580112,0.673337691015,0.602902390526,74.9999993784,75.0000023162
0.67337179853,0.0191016966477,0.60300128028,0.0181089016043,0.673337691015,0.602902390526,74.9999993784,75.0000023162
0.673373777869,0.0196473175886,0.603007013064,0.0186262403897,0.673337691015,0.602902390526,74.9999993784,75.0000023162
0.67337581329,0.0201929251629,0.603012907494,0.0191435735842,0.673337691015,0.602902390526,74.9999993784,75.0000023162
0.673377904817,0.0207385191617,0.603018963637,0.0196608993865,0.673337691015,0.602902390526,74.9999993784,75.0000023162
0.673380052473,0.021284099364,0.603025181542,0.0201782167657,0.673337691015,0.602902390526,74.9999993784,75.0000023162
0.673382256283,0.0218296655378,0.603031561219,0.0206955258223,0.673337691015,0.602902390526,74.9999993784,75.0000023162
0.673384516272,0.0223752174414,0.603038102682,0.021212826633,0.673337691015,0.602902390526,74.9999993784,75.0000023162
0.673386832465,0.0229207548247,0.603044805943,0.0217301192541,0.673337691015,0.602902390526,74.9999993784,75.0000023162
0.67338920489,0.0234662774302,0.603051671016,0.0222474037233,0.673337691015,0.602902390526,74.9999993784,75.0000023162
0.673391633573,0.0240117849937,0.603058697913,0.0227646800621,0.673337691015,0.602902390526,74.9999993784,75.0000023162
0.673394118541,0.0245572772451,0.60306588665,0.0232819482777,0.673337691015,0.602902390526,74.9999993784,75.0000023162
0.673396659823,0.0251027539092,0.603073237239,0.0237992083641,0.673337691015,0.602902390526,74.9999993784,75.0000023162
0.673399257448,0.0256482147059,0.603080749694,0.0243164603039,0.673337691015,0.602902390526,74.9999993784,75.0000023162
0.673401911446,0.0261936593509,0.603088424032,0.0248337040694,0.673337691015,0.602902390526,74.9999993784,75.0000023162
0.673404621846,0.0267390875561,0.603096260266,0.0253509396233,0.673337691015,0.602902390526,74.9999993784,75.0000023162
0.673407388679,0.0272844990299,0.603104258412,0.0258681669201,0.673337691015,0.602902390526,74.9999993784,75.0000023162
0.673410211977,0.0278298934779,0.603112418486,0.0263853859066,0.673337691015,0.602902390526,74.9999993784,75.0000023162
0.673413091772,0.0283752706025,0.603120740502,0.0269025965229,0.673337691015,0.602902390526,74.9999993784,75.0000023162
0.673416028096,0.0289206301037,0.603129224479,0.0274197987024,0.673337691015,0.602902390526,74.9999993784,75.0000023162
0.673419020983,0.0294659716793,0.603137870454,0.0279369918792,0.673337691015,0.602902390526,74.9999993784,75.0000023162
0.673422070467,0.0300112950247,0.603146678501,0.0284541748187,0.673337691015,0.602902390526,74.9999993784,75.0000023162
0.673425176603,0.0305565993683,0.60315564867,0.0289713468369,0.673337691015,0.602902390526,74.9999993784,75.0000023162
0.673428339452,0.0311018838905,0.603164780978,0.0294885079656,0.673337691015,0.602902390526,74.9999993784,75.0000023162
0.673431559051,0.0316471482613,0.603174075443,0.0300056582243,0.673337691015,0.602902390526,74.9999993784,75.0000023162
0.673434835439,0.0321923922192,0.603183532083,0.0305227976213,0.673337691015,0.602902390526,74.9999993784,75.0000023162
0.673438168652,0.0327376154979,0.603193150917,0.031039926155,0.673337691015,0.602902390526,74.9999993784,75.0000023162
0.673441558727,0.0332828178271,0.603202931963,0.031557043814,0.673337691015,0.602902390526,74.9999993784,75.0000023162
0.673445005703,0.033827998932,0.603212875241,0.0320741505784,0.673337691015,0.602902390526,74.9999993784,75.0000023162
0.67344850962,0.0343731585346,0.603222980768,0.0325912464203,0.673337691015,0.602902390526,74.9999993784,75.0000023162
0.673452070516,0.0349182963532,0.603233248566,0.0331083313045,0.673337691015,0.602902390526,74.9999993784,75.0000023162
0.673455688432,0.0354634121029,0.603243678654,0.0336254051888,0.673337691015,0.602902390526,74.9999993784,75.0000023162
0.673459363408,0.036008505496,0.603254271051,0.0341424680248,0.673337691015,0.602902390526,74.9999993784,75.0000023162
0.673463095486,0.0365535762422,0.603265025815,0.0346595191329,0.673337691015,0.602902390526,74.9999993784,75.0000023162
0.673466884709,0.0370986240483,0.603275943023,0.0351765575208,0.673337691015,0.602902390526,74.9999993784,75.0000023162
0.673470731119,0.0376436486192,0.603287022715,0.0356935828558,0.673337691015,0.602902390526,74.9999993784,75.0000023162
0.673474634759,0.0381886496572,0.603298264912,0.036210595146,0.673337691015,0.602902390526,74.9999993784,75.0000023162
0.673478595697,0.0387336264425,0.603309669637,0.0367275943904,0.673337691015,0.602902390526,74.9999993784,75.0000023162
0.673482614003,0.0392785782665,0.603321236911,0.0372445805802,0.673337691015,0.602902390526,74.9999993784,75.0000023162
0.673486689721,0.0398235048557,0.603332966757,0.0377615536985,0.673337691015,0.602902390526,74.9999993784,75.0000023162
0.673490822899,0.0403684059365,0.603344859197,0.0382785137215,0.673337691015,0.602902390526,74.9999993784,75.0000023162
0.673495013582,0.0409132812323,0.603356914254,0.0387954606185,0.673337691015,0.602902390526,74.9999993784,75.0000023162
0.673499261818,0.0414581304634,0.603369131952,0.0393123943528,0.673337691015,0.602902390526,74.9999993784,75.0000023162
0.673503567654,0.042002953347,0.603381512314,0.0398293148814,0.673337691015,0.602902390526,74.9999993784,75.0000023162
0.673507931139,0.0425477495979,0.603394055417,0.0403462213598,0.673337691015,0.602902390526,74.9999993784,75.0000023162
0.673512352321,0.0430925189282,0.603406761341,0.0408631129362,0.673337691015,0.602902390526,74.9999993784,75.0000023162
0.673516831249,0.0436372610478,0.603419630113,0.0413799895793,0.673337691015,0.602902390526,74.9999993784,75.0000023162
0.673521367976,0.044181975664,0.603432661758,0.0418968512835,0.673337691015,0.602902390526,74.9999993784,75.0000023162
0.67352596255,0.0447266624824,0.6034458563,0.0424136980362,0.673337691015,0.602902390526,74.9999993784,75.0000023162
0.673530615041,0.0452713209324,0.603459213766,0.0429305298177,0.673337691015,0.602902390526,74.9999993784,75.0000023162
0.673535325528,0.0458159503628,0.603472734179,0.0434473466024,0.673337691015,0.602902390526,74.9999993784,75.0000023162
0.673540094067,0.0463605504068,0.603486417568,0.0439641483582,0.673337691015,0.602902390526,74.9999993784,75.0000023162
0.673544920713,0.0469051207859,0.603500263957,0.0444809350476,0.673337691015,0.602902390526,74.9999993784,75.0000023162
0.673549805519,0.0474496612188,0.603514273405,0.0449977061963,0.673337691015,0.602902390526,74.9999993784,75.0000023162
0.67355474854,0.0479941714218,0.603528445995,0.045514461032,0.673337691015,0.602902390526,74.9999993784,75.0000023162
0.673559749831,0.0485386511085,0.603542781778,0.0460311992327,0.673337691015,0.602902390526,74.9999993784,75.0000023162
0.673564809448,0.0490830999907,0.60355728078,0.046547920788,0.673337691015,0.602902390526,74.9999993784,75.0000023162
0.673569927447,0.0496275177776,0.60357194303,0.0470646256809,0.673337691015,0.602902390526,74.9999993784,75.0000023162
0.673575103885,0.0501719041766,0.603586768556,0.0475813138887,0.673337691015,0.602902390526,74.9999993784,75.0000023162
0.673580338821,0.0507162588587,0.603601757385,0.0480979853825,0.673337691015,0.602902390526,74.9999993784,75.0000023162
0.67358563234,0.0512605812074,0.603616909546,0.0486146401282,0.673337691015,0.602902390526,74.9999993784,75.0000023162
0.673590984522,0.0518048706483,0.603632225075,0.0491312780076,0.673337691015,0.602902390526,74.9999993784,75.0000023162
0.673596395425,0.0523491269003,0.603647704056,0.0496478983056,0.673337691015,0.602902390526,74.9999993784,75.0000023162
0.67360186511,0.05289334968,0.603663346568,0.0501645004018,0.673337691015,0.602902390526,74.9999993784,75.0000023162
0.673607393639,0.0534375387017,0.60367915264,0.0506810842825,0.673337691015,0.602902390526,74.9999993784,75.0000023162
0.673612981071,0.0539816936775,0.603695122303,0.0511976499279,0.673337691015,0.602902390526,74.9999993784,75.0000023162
0.673618627469,0.0545258143175,0.603711255586,0.051714197313,0.673337691015,0.602902390526,74.9999993784,75.0000023162
0.673624332896,0.0550699003298,0.603727552521,0.0522307264072,0.673337691015,0.602902390526,74.9999993784,75.0000023162
0.673630097414,0.0556139514205,0.603744013139,0.0527472371748,0.673337691015,0.602902390526,74.9999993784,75.0000023162
0.6736359211,0.0561579671331,0.603760637489,0.0532637293611,0.673337691015,0.602902390526,74.9999993784,75.0000023162
0.673641804044,0.0567019468828,0.603777425658,0.0537802023049,0.673337691015,0.602902390526,74.9999993784,75.0000023162
0.673647746321,0.0572458902525,0.603794377714,0.0542966555718,0.673337691015,0.602902390526,74.9999993784,75.0000023162
0.673653747997,0.0577897969568,0.60381149369,0.0548130891417,0.673337691015,0.602902390526,74.9999993784,75.0000023162
0.673659809138,0.0583336667082,0.603828773619,0.0553295029889,0.673337691015,0.602902390526,74.9999993784,75.0000023162
0.67366592981,0.0588774992174,0.603846217531,0.0558458970829,0.673337691015,0.602902390526,74.9999993784,75.0000023162
0.673672110082,0.059421294193,0.603863825461,0.056362271388,0.673337691015,0.602902390526,74.9999993784,75.0000023162
0.67367835002,0.0599650513418,0.603881597448,0.0568786257996,0.673337691015,0.602902390526,74.9999993784,75.0000023162
0.673684649695,0.0605087703689,0.603899533579,0.0573949596936,0.673337691015,0.602902390526,74.9999993784,75.0000023162
0.673691009193,0.0610524507611,0.603917633939,0.0579112725213,0.673337691015,0.602902390526,74.9999993784,75.0000023162
0.67369742861,0.0615960919566,0.603935898562,0.0584275642592,0.673337691015,0.602902390526,74.9999993784,75.0000023162
0.67370390802,0.0621396936151,0.603954327481,0.0589438348788,0.673337691015,0.602902390526,74.9999993784,75.0000023162
0.673710447495,0.0626832554479,0.603972920731,0.0594600843467,0.673337691015,0.602902390526,74.9999993784,75.0000023162
0.673717047107,0.0632267771647,0.603991678348,0.0599763126248,0.673337691015,0.602902390526,74.9999993784,75.0000023162
0.673723706927,0.0637702584731,0.604010600383,0.0604925194939,0.673337691015,0.602902390526,74.9999993784,75.0000023162
0.673730427028,0.0643136990791,0.604029686927,0.0610087043649,0.673337691015,0.602902390526,74.9999993784,75.0000023162
0.673737207483,0.0648570986871,0.604048938055,0.0615248668343,0.673337691015,0.602902390526,74.9999993784,75.0000023162
0.673744048383,0.065400456826,0.604068353801,0.0620410068734,0.673337691015,0.602902390526,74.9999993784,75.0000023162
0.673750949828,0.0659437729503,0.604087934201,0.062557124449,0.673337691015,0.602902390526,74.9999993784,75.0000023162
0.6737579119,0.0664870466918,0.604107679294,0.0630732195229,0.673337691015,0.602902390526,74.9999993784,75.0000023162
0.673764934675,0.0670302777596,0.604127589114,0.0635892920531,0.673337691015,0.602902390526,74.9999993784,75.0000023162
0.673772018228,0.0675734658614,0.604147663749,0.0641053415261,0.673337691015,0.602902390526,74.9999993784,75.0000023162
0.673779162638,0.0681166107027,0.604167903291,0.0646213673842,0.673337691015,0.602902390526,74.9999993784,75.0000023162
0.673786367981,0.0686597119878,0.604188307783,0.0651373695447,0.673337691015,0.602902390526,74.9999993784,75.0000023162
0.673793634338,0.0692027693986,0.604208877264,0.0656533479722,0.673337691015,0.602902390526,74.9999993784,75.0000023162
0.673800961812,0.0697457824006,0.604229611771,0.0661693026275,0.673337691015,0.602902390526,74.9999993784,75.0000023162
0.673808350504,0.0702887504834,0.604250511343,0.0666852334666,0.673337691015,0.602902390526,74.9999993784,75.0000023162
0.673815800495,0.0708316733548,0.604271576061,0.0672011400495,0.673337691015,0.602902390526,74.9999993784,75.0000023162
0.673823311865,0.0713745507213,0.604292806021,0.0677170218399,0.673337691015,0.602902390526,74.9999993784,75.0000023162
0.673830884695,0.0719173822875,0.604314201272,0.0682328787011,0.673337691015,0.602902390526,74.9999993784,75.0000023162
0.673838519066,0.0724601677565,0.604335761855,0.0687487105948,0.673337691015,0.602902390526,74.9999993784,75.0000023162
0.673846215061,0.0730029068298,0.604357487808,0.0692645174788,0.673337691015,0.602902390526,74.9999993784,75.0000023162
0.673853972785,0.0735455990048,0.604379379171,0.0697802993067,0.673337691015,0.602902390526,74.9999993784,75.0000023162
0.673861792346,0.0740882437607,0.604401436038,0.0702960555756,0.673337691015,0.602902390526,74.9999993784,75.0000023162
0.673869673829,0.0746308407825,0.604423658505,0.0708117857697,0.673337691015,0.602902390526,74.9999993784,75.0000023162
0.673877617321,0.0751733897747,0.604446046613,0.0713274898313,0.673337691015,0.602902390526,74.9999993784,75.0000023162
0.673885622905,0.0757158904403,0.604468600405,0.0718431677183,0.673337691015,0.602902390526,74.9999993784,75.0000023162
0.673893690667,0.0762583424807,0.604491319921,0.0723588193844,0.673337691015,0.602902390526,74.9999993784,75.0000023162
0.673901820696,0.0768007455774,0.604514205223,0.0728744446148,0.673337691015,0.602902390526,74.9999993784,75.0000023162
0.673910013104,0.0773430992166,0.604537256407,0.0733900429067,0.673337691015,0.602902390526,74.9999993784,75.0000023162
0.673918268,0.0778854029056,0.604560473551,0.0739056139276,0.673337691015,0.602902390526,74.9999993784,75.0000023162
0.673926585471,0.0784276563481,0.604583856697,0.0744211576342,0.673337691015,0.602902390526,74.9999993784,75.0000023162
0.673934965608,0.0789698592463,0.604607405887,0.0749366739797,0.673337691015,0.602902390526,74.9999993784,75.0000023162
0.673943408499,0.079512011301,0.604631121164,0.0754521629131,0.673337691015,0.602902390526,74.9999993784,75.0000023162
0.673951914233,0.0800541122115,0.604655002625,0.0759676239556,0.673337691015,0.602902390526,74.9999993784,75.0000023162
0.673960482916,0.0805961615583,0.604679050368,0.076483056622,0.673337691015,0.602902390526,74.9999993784,75.0000023162
0.673969114662,0.0811381588368,0.604703264438,0.0769984608567,0.673337691015,0.602902390526,74.9999993784,75.0000023162
0.673977809574,0.0816801036618,0.604727644879,0.0775138366107,0.673337691015,0.602902390526,74.9999993784,75.0000023162
0.673986567743,0.0822219957344,0.604752191734,0.0780291838318,0.673337691015,0.602902390526,74.9999993784,75.0000023162
0.673995389263,0.0827638347541,0.60477690509,0.0785445021377,0.673337691015,0.602902390526,74.9999993784,75.0000023162
0.674004274227,0.0833056204192,0.604801785048,0.079059791055,0.673337691015,0.602902390526,74.9999993784,75.0000023162
0.674013222736,0.0838473523611,0.604826831663,0.0795750504411,0.673337691015,0.602902390526,74.9999993784,75.0000023162
0.674022234909,0.0843890300812,0.604852044981,0.080090280245,0.673337691015,0.602902390526,74.9999993784,75.0000023162
0.674031310858,0.0849306531484,0.604877425047,0.0806054804121,0.673337691015,0.602902390526,74.9999993784,75.0000023162
0.674040450677,0.0854722212622,0.604902971947,0.0811206505809,0.673337691015,0.602902390526,74.9999993784,75.0000023162
0.674049654464,0.0860137341206,0.604928685782,0.0816357902894,0.673337691015,0.602902390526,74.9999993784,75.0000023162
0.674058922315,0.0865551914203,0.604954566612,0.0821508993826,0.673337691015,0.602902390526,74.9999993784,75.0000023162
0.674068254335,0.0870965927946,0.604980614483,0.0826659778065,0.673337691015,0.602902390526,74.9999993784,75.0000023162
0.674077650646,0.0876379377505,0.605006829441,0.0831810255037,0.673337691015,0.602902390526,74.9999993784,75.0000023162
0.674087111363,0.0881792258595,0.605033211581,0.0836960420713,0.673337691015,0.602902390526,74.9999993784,75.0000023162
0.674096636585,0.0887204568191,0.605059761004,0.084211027058,0.673337691015,0.602902390526,74.9999993784,75.0000023162
0.674106226411,0.0892616303255,0.605086477765,0.0847259803573,0.673337691015,0.602902390526,74.9999993784,75.0000023162
0.674115880942,0.0898027460738,0.60511336191,0.085240901912,0.673337691015,0.602902390526,74.9999993784,75.0000023162
0.674125600291,0.0903438036596,0.605140413496,0.0857557916109,0.673337691015,0.602902390526,74.9999993784,75.0000023162
0.674135384583,0.0908848025955,0.605167632623,0.0862706490091,0.673337691015,0.602902390526,74.9999993784,75.0000023162
0.674145233932,0.0914257424937,0.605195019388,0.0867854737151,0.673337691015,0.602902390526,74.9999993784,75.0000023162
0.67415514844,0.0919666230497,0.605222573839,0.0873002656711,0.673337691015,0.602902390526,74.9999993784,75.0000023162
0.67416512821,0.0925074439576,0.605250296024,0.0878150248158,0.673337691015,0.602902390526,74.9999993784,75.0000023162
0.674175173344,0.0930482049105,0.605278186021,0.0883297508906,0.673337691015,0.602902390526,74.9999993784,75.0000023162
0.674185283971,0.0935889054353,0.605306243933,0.0888444434601,0.673337691015,0.602902390526,74.9999993784,75.0000023162
0.674195460218,0.0941295450498,0.605334469836,0.0893591022856,0.673337691015,0.602902390526,74.9999993784,75.0000023162
0.674205702192,0.0946701234373,0.605362863779,0.0898737273051,0.673337691015,0.602902390526,74.9999993784,75.0000023162
0.674216009999,0.0952106402911,0.605391425813,0.0903883184423,0.673337691015,0.602902390526,74.9999993784,75.0000023162
0.674226383745,0.0957510953031,0.605420156043,0.090902875268,0.673337691015,0.602902390526,74.9999993784,75.0000023162
0.674236823549,0.096291488077,0.605449054571,0.0914173973658,0.673337691015,0.602902390526,74.9999993784,75.0000023162
0.674247329543,0.0968318181337,0.605478121447,0.0919318846726,0.673337691015,0.602902390526,74.9999993784,75.0000023162
0.674257901846,0.0973720850821,0.605507356724,0.0924463371216,0.673337691015,0.602902390526,74.9999993784,75.0000023162
0.674268540566,0.0979122886142,0.605536760485,0.0929607544148,0.673337691015,0.602902390526,74.9999993784,75.0000023162
0.674279245813,0.0984524284208,0.605566332838,0.0934751361309,0.673337691015,0.602902390526,74.9999993784,75.0000023162
0.674290017702,0.0989925041517,0.605596073851,0.0939894820794,0.673337691015,0.602902390526,74.9999993784,75.0000023162
0.674300856367,0.0995325153309,0.605625983576,0.0945037921919,0.673337691015,0.602902390526,74.9999993784,75.0000023162
0.674311761936,0.100072461523,0.605656062086,0.095018066271,0.673337691015,0.602902390526,74.9999993784,75.0000023162
0.674322734522,0.100612342418,0.605686309486,0.0955323039009,0.673337691015,0.602902390526,74.9999993784,75.0000023162
0.674333774235,0.101152157706,0.605716725862,0.0960465047939,0.673337691015,0.602902390526,74.9999993784,75.0000023162
0.674344881191,0.101691907057,0.605747311266,0.0965606688799,0.673337691015,0.602902390526,74.9999993784,75.0000023162
0.674356055526,0.102231589998,0.605778065762,0.0970747960252,0.673337691015,0.602902390526,74.9999993784,75.0000023162
0.674367297375,0.102771206074,0.605808989455,0.0975888858193,0.673337691015,0.602902390526,74.9999993784,75.0000023162
0.674378606852,0.103310754975,0.605840082444,0.0981029379136,0.673337691015,0.602902390526,74.9999993784,75.0000023162
0.674389984071,0.103850236387,0.605871344781,0.0986169522356,0.673337691015,0.602902390526,74.9999993784,75.0000023162
0.674401429149,0.104389649981,0.605902776523,0.0991309286835,0.673337691015,0.602902390526,74.9999993784,75.0000023162
0.674412942227,0.104928995284,0.605934377779,0.0996448668515,0.673337691015,0.602902390526,74.9999993784,75.0000023162
0.674424523441,0.105468271846,0.605966148651,0.100158766362,0.673337691015,0.602902390526,74.9999993784,75.0000023162
0.674436172908,0.106007479354,0.605998089195,0.100672627139,0.673337691015,0.602902390526,74.9999993784,75.0000023162
0.674447890745,0.106546617493,0.606030199466,0.101186449086,0.673337691015,0.602902390526,74.9999993784,75.0000023162
0.674459677074,0.107085685913,0.606062479574,0.1017002318,0.673337691015,0.602902390526,74.9999993784,75.0000023162
0.67447153204,0.107624684144,0.606094929624,0.102213974902,0.673337691015,0.602902390526,74.9999993784,75.0000023162
0.674483455777,0.108163611757,0.60612754967,0.102727678315,0.673337691015,0.602902390526,74.9999993784,75.0000023162
0.674495448405,0.108702468437,0.606160339774,0.103241341919,0.673337691015,0.602902390526,74.9999993784,75.0000023162
0.674507510044,0.109241253868,0.606193300044,0.103754965317,0.673337691015,0.602902390526,74.9999993784,75.0000023162
0.674519640825,0.109779967662,0.606226430584,0.104268548151,0.673337691015,0.602902390526,74.9999993784,75.0000023162
0.674531840893,0.110318609352,0.606259731448,0.104782090343,0.673337691015,0.602902390526,74.9999993784,75.0000023162
0.674544110381,0.110857178546,0.606293202707,0.105295591728,0.673337691015,0.602902390526,74.9999993784,75.0000023162
0.674556449412,0.111395674927,0.60632684447,0.105809051913,0.673337691015,0.602902390526,74.9999993784,75.0000023162
0.674568858108,0.111934098177,0.606360656832,0.106322470586,0.673337691015,0.602902390526,74.9999993784,75.0000023162
0.67458133661,0.112472447858,0.606394639851,0.106835847664,0.673337691015,0.602902390526,74.9999993784,75.0000023162
0.674593885066,0.113010723506,0.606428793607,0.10734918292,0.673337691015,0.602902390526,74.9999993784,75.0000023162
0.674606503605,0.113548924777,0.60646311821,0.107862475965,0.673337691015,0.602902390526,74.9999993784,75.0000023162
0.67461919235,0.114087051354,0.606497613747,0.10837572655,0.673337691015,0.602902390526,74.9999993784,75.0000023162
0.674631951432,0.114625102878,0.606532280273,0.108888934589,0.673337691015,0.602902390526,74.9999993784,75.0000023162
0.674644781,0.115163078886,0.606567117886,0.109402099775,0.673337691015,0.602902390526,74.9999993784,75.0000023162
0.674657681199,0.115700978956,0.606602126696,0.109915221722,0.673337691015,0.602902390526,74.9999993784,75.0000023162
0.674670652154,0.116238802768,0.606637306775,0.110428300262,0.673337691015,0.602902390526,74.9999993784,75.0000023162
0.674683693992,0.116776550001,0.606672658184,0.110941335286,0.673337691015,0.602902390526,74.9999993784,75.0000023162
0.67469680686,0.117314220222,0.606708181035,0.111454326411,0.673337691015,0.602902390526,74.9999993784,75.0000023162
0.674709990908,0.117851812969,0.606743875435,0.111967273272,0.673337691015,0.602902390526,74.9999993784,75.0000023162
0.674723246271,0.118389327894,0.606779741443,0.112480175777,0.673337691015,0.602902390526,74.9999993784,75.0000023162
0.674736573076,0.118926764677,0.606815779141,0.112993033704,0.673337691015,0.602902390526,74.9999993784,75.0000023162
0.674749971464,0.119464122935,0.606851988641,0.113505846672,0.673337691015,0.602902390526,74.9999993784,75.0000023162
0.674763441588,0.120001402209,0.606888370031,0.114018614429,0.673337691015,0.602902390526,74.9999993784,75.0000023162
0.674776983592,0.120538602099,0.60692492337,0.114531336881,0.673337691015,0.602902390526,74.9999993784,75.0000023162
0.674790597606,0.121075722281,0.606961648764,0.115044013678,0.673337691015,0.602902390526,74.9999993784,75.0000023162
0.674804283766,0.121612762414,0.606998546326,0.115556644444,0.673337691015,0.602902390526,74.9999993784,75.0000023162
0.674818042226,0.122149722039,0.607035616121,0.11606922905,0.673337691015,0.602902390526,74.9999993784,75.0000023162
0.674831873139,0.122686600716,0.60707285823,0.116581767291,0.673337691015,0.602902390526,74.9999993784,75.0000023162
0.674845776639,0.123223398121,0.607110272765,0.117094258789,0.673337691015,0.602902390526,74.9999993784,75.0000023162
0.674859752859,0.123760113928,0.607147859817,0.117606703278,0.673337691015,0.602902390526,74.9999993784,75.0000023162
0.674873801952,0.124296747691,0.607185619449,0.118119100658,0.673337691015,0.602902390526,74.9999993784,75.0000023162
0.674887924079,0.124833298953,0.607223551768,0.11863145057,0.673337691015,0.602902390526,74.9999993784,75.0000023162
0.674902119376,0.125369767378,0.607261656888,0.119143752639,0.673337691015,0.602902390526,74.9999993784,75.0000023162
0.674916387977,0.125906152637,0.607299934874,0.11965600675,0.673337691015,0.602902390526,74.9999993784,75.0000023162
0.674930730036,0.126442454306,0.607338385814,0.120168212652,0.673337691015,0.602902390526,74.9999993784,75.0000023162
0.674945145714,0.126978671927,0.607377009822,0.120680369973,0.673337691015,0.602902390526,74.9999993784,75.0000023162
0.674959635153,0.127514805143,0.607415806983,0.121192478487,0.673337691015,0.602902390526,74.9999993784,75.0000023162
0.674974198488,0.128050853626,0.607454777368,0.121704538038,0.673337691015,0.602902390526,74.9999993784,75.0000023162
0.674988835875,0.12858681696,0.607493921091,0.122216548256,0.673337691015,0.602902390526,74.9999993784,75.0000023162
0.675003547475,0.12912269469,0.607533238256,0.122728508819,0.673337691015,0.602902390526,74.9999993784,75.0000023162
0.675018333434,0.129658486446,0.607572728925,0.123240419619,0.673337691015,0.602902390526,74.9999993784,75.0000023162
0.675033193891,0.130194191901,0.607612393205,0.12375228032,0.673337691015,0.602902390526,74.9999993784,75.0000023162
0.675048129,0.130729810638,0.60765223121,0.124264090554,0.673337691015,0.602902390526,74.9999993784,75.0000023162
0.675063138927,0.131265342202,0.60769224301,0.124775850176,0.673337691015,0.602902390526,74.9999993784,75.0000023162
0.675078223818,0.131800786225,0.607732428698,0.125287558922,0.673337691015,0.602902390526,74.9999993784,75.0000023162
0.675093383814,0.132336142374,0.607772788389,0.125799216423,0.673337691015,0.602902390526,74.9999993784,75.0000023162
0.675108619075,0.132871410228,0.607813322166,0.126310822466,0.673337691015,0.602902390526,74.9999993784,75.0000023162
0.675123929764,0.133406589333,0.607854030111,0.126822376842,0.673337691015,0.602902390526,74.9999993784,75.0000023162
0.675139316031,0.133941679324,0.607894912338,0.127333879185,0.673337691015,0.602902390526,74.9999993784,75.0000023162
0.675154778019,0.134476679869,0.607935968945,0.127845329222,0.673337691015,0.602902390526,74.9999993784,75.0000023162
0.67517031589,0.135011590533,0.607977200002,0.128356726792,0.673337691015,0.602902390526,74.9999993784,75.0000023162
0.675185929811,0.135546410861,0.608018605625,0.128868071529,0.673337691015,0.602902390526,74.9999993784,75.0000023162
0.67520161993,0.136081140502,0.608060185921,0.129379363113,0.673337691015,0.602902390526,74.9999993784,75.0000023162
0.675217386391,0.13661577912,0.608101940953,0.129890601418,0.673337691015,0.602902390526,74.9999993784,75.0000023162
0.675233229364,0.137150326263,0.608143870837,0.13040178608,0.673337691015,0.602902390526,74.9999993784,75.0000023162
0.675249149016,0.137684781476,0.608185975688,0.130912916742,0.673337691015,0.602902390526,74.9999993784,75.0000023162
0.675265145495,0.138219144426,0.608228255569,0.131423993283,0.673337691015,0.602902390526,74.9999993784,75.0000023162
0.675281218949,0.13875341475,0.608270710591,0.13193501536,0.673337691015,0.602902390526,74.9999993784,75.0000023162
0.675297369551,0.139287591995,0.60831334087,0.132445982608,0.673337691015,0.602902390526,74.9999993784,75.0000023162
0.675313597466,0.139821675734,0.608356146474,0.132956894886,0.673337691015,0.602902390526,74.9999993784,75.0000023162
0.67532990284,0.140355665631,0.608399127512,0.133467751869,0.673337691015,0.602902390526,74.9999993784,75.0000023162
0.675346285834,0.14088956129,0.608442284098,0.133978553194,0.673337691015,0.602902390526,74.9999993784,75.0000023162
0.675362746619,0.14142336226,0.608485616305,0.134489298697,0.673337691015,0.602902390526,74.9999993784,75.0000023162
0.675379285357,0.141957068144,0.60852912424,0.134999988065,0.673337691015,0.602902390526,74.9999993784,75.0000023162
0.675395902196,0.142490678604,0.608572808018,0.135510620935,0.673337691015,0.602902390526,74.9999993784,75.0000023162
0.675412597304,0.143024193208,0.608616667714,0.136021197131,0.673337691015,0.602902390526,74.9999993784,75.0000023162
0.675429370856,0.143557611504,0.608660703434,0.136531716343,0.673337691015,0.602902390526,74.9999993784,75.0000023162
0.675446223007,0.144090933132,0.608704915293,0.137042178209,0.673337691015,0.602902390526,74.9999993784,75.0000023162
0.675463153911,0.144624157731,0.608749303369,0.137552582547,0.673337691015,0.602902390526,74.9999993784,75.0000023162
0.675480163744,0.145157284849,0.608793867766,0.138062929043,0.673337691015,0.602902390526,74.9999993784,75.0000023162
0.675497252676,0.145690314053,0.608838608603,0.138573217335,0.673337691015,0.602902390526,74.9999993784,75.0000023162
0.67551442086,0.146223245002,0.608883525953,0.139083447244,0.673337691015,0.602902390526,74.9999993784,75.0000023162
0.675531668461,0.14675607729,0.608928619927,0.139593618445,0.673337691015,0.602902390526,74.9999993784,75.0000023162
0.675548995657,0.147288810464,0.608973890641,0.140103730575,0.673337691015,0.602902390526,74.9999993784,75.0000023162
0.675566402611,0.147821444136,0.609019338167,0.140613783466,0.673337691015,0.602902390526,74.9999993784,75.0000023162
0.675583889477,0.14835397796,0.609064962619,0.141123776773,0.673337691015,0.602902390526,74.9999993784,75.0000023162
0.675601456432,0.148886411482,0.609110764115,0.141633710136,0.673337691015,0.602902390526,74.9999993784,75.0000023162
0.675619103655,0.149418744256,0.609156742724,0.142143583393,0.673337691015,0.602902390526,74.9999993784,75.0000023162
0.675636831299,0.149950975938,0.609202898564,0.142653396183,0.673337691015,0.602902390526,74.9999993784,75.0000023162
0.675654639534,0.150483106124,0.609249231751,0.143163148153,0.673337691015,0.602902390526,74.9999993784,75.0000023162
0.675672528538,0.151015134363,0.609295742358,0.143672839127,0.673337691015,0.602902390526,74.9999993784,75.0000023162
0.675690498478,0.15154706026,0.609342430502,0.144182468743,0.673337691015,0.602902390526,74.9999993784,75.0000023162
0.675708549512,0.152078883462,0.609389296293,0.144692036679,0.673337691015,0.602902390526,74.9999993784,75.0000023162
0.675726681822,0.152610603516,0.609436339813,0.145201542719,0.673337691015,0.602902390526,74.9999993784,75.0000023162
0.675744895585,0.153142219979,0.609483561179,0.145710986504,0.673337691015,0.602902390526,74.9999993784,75.0000023162
0.67576319096,0.153673732503,0.609530960491,0.146220367745,0.673337691015,0.602902390526,74.9999993784,75.0000023162
0.67578156812,0.154205140674,0.609578537843,0.146729686184,0.673337691015,0.602902390526,74.9999993784,75.0000023162
0.675800027248,0.154736444037,0.60962629335,0.147238941462,0.673337691015,0.602902390526,74.9999993784,75.0000023162
0.675818568509,0.155267642211,0.609674227105,0.147748133329,0.673337691015,0.602902390526,74.9999993784,75.0000023162
0.67583719207,0.155798734817,0.609722339211,0.148257261482,0.673337691015,0.602902390526,74.9999993784,75.0000023162
0.675855898113,0.156329721405,0.609770629784,0.14876632556,0.673337691015,0.602902390526,74.9999993784,75.0000023162
0.675874686817,0.156860601549,0.609819098905,0.149275325358,0.673337691015,0.602902390526,74.9999993784,75.0000023162
0.67589355834,0.1573913749,0.60986774669,0.149784260521,0.673337691015,0.602902390526,74.9999993784,75.0000023162
0.675912512866,0.157922041013,0.609916573256,0.15029313069,0.673337691015,0.602902390526,74.9999993784,75.0000023162
0.675931550578,0.158452599437,0.609965578683,0.150801935657,0.673337691015,0.602902390526,74.9999993784,75.0000023162
0.675950671641,0.158983049812,0.610014763088,0.151310675063,0.673337691015,0.602902390526,74.9999993784,75.0000023162
0.675969876231,0.159513391726,0.610064126577,0.151819348594,0.673337691015,0.602902390526,74.9999993784,75.0000023162
0.675989164532,0.160043624726,0.610113669242,0.15232795599,0.673337691015,0.602902390526,74.9999993784,75.0000023162
0.676008536717,0.16057374842,0.610163391201,0.15283649689,0.673337691015,0.602902390526,74.9999993784,75.0000023162
0.676027992956,0.161103762425,0.610213292545,0.153344971039,0.673337691015,0.602902390526,74.9999993784,75.0000023162
0.676047533436,0.161633666286,0.610263373382,0.153853378112,0.673337691015,0.602902390526,74.9999993784,75.0000023162
0.676067158336,0.162163459583,0.61031363383,0.154361717748,0.673337691015,0.602902390526,74.9999993784,75.0000023162
0.676086867823,0.162693141955,0.610364073972,0.154869989721,0.673337691015,0.602902390526,74.9999993784,75.0000023162
0.676106662083,0.16322271295,0.610414693925,0.155378193672,0.673337691015,0.602902390526,74.9999993784,75.0000023162
0.676126541303,0.163752172121,0.610465493799,0.155886329268,0.673337691015,0.602902390526,74.9999993784,75.0000023162
0.676146505648,0.164281519114,0.610516473686,0.156394396248,0.673337691015,0.602902390526,74.9999993784,75.0000023162
0.676166555304,0.16481075349,0.610567633703,0.156902394251,0.673337691015,0.602902390526,74.9999993784,75.0000023162
0.676186690459,0.165339874795,0.610618973942,0.157410323015,0.673337691015,0.602902390526,74.9999993784,75.0000023162
0.676206911283,0.165868882659,0.610670494514,0.157918182202,0.673337691015,0.602902390526,74.9999993784,75.0000023162
0.676227217958,0.166397776661,0.610722195536,0.158425971451,0.673337691015,0.602902390526,74.9999993784,75.0000023162
0.676247610674,0.166926556348,0.610774077095,0.15893369052,0.673337691015,0.602902390526,74.9999993784,75.0000023162
0.676268089606,0.167455221331,0.610826139307,0.159441339047,0.673337691015,0.602902390526,74.9999993784,75.0000023162
0.676288654934,0.167983771202,0.610878382277,0.159948916719,0.673337691015,0.602902390526,74.9999993784,75.0000023162
0.676309306847,0.168512205508,0.610930806105,0.160456423239,0.673337691015,0.602902390526,74.9999993784,75.0000023162
0.676330045526,0.169040523843,0.610983410908,0.160963858244,0.673337691015,0.602902390526,74.9999993784,75.0000023162
0.676350871147,0.169568725814,0.611036196774,0.161471221479,0.673337691015,0.602902390526,74.9999993784,75.0000023162
0.676371783904,0.170096810965,0.611089163821,0.161978512584,0.673337691015,0.602902390526,74.9999993784,75.0000023162
0.676392783978,0.170624778878,0.61114231216,0.162485731213,0.673337691015,0.602902390526,74.9999993784,75.0000023162
0.676413871547,0.171152629167,0.611195641885,0.162992877089,0.673337691015,0.602902390526,74.9999993784,75.0000023162
0.676435046803,0.171680361378,0.611249153114,0.163499949849,0.673337691015,0.602902390526,74.9999993784,75.0000023162
0.676456309933,0.172207975083,0.611302845935,0.164006949229,0.673337691015,0.602902390526,74.9999993784,75.0000023162
0.676477661111,0.1727354699,0.611356720467,0.164513874866,0.673337691015,0.602902390526,74.9999993784,75.0000023162
0.676499100532,0.173262845375,0.611410776824,0.165020726398,0.673337691015,0.602902390526,74.9999993784,75.0000023162
0.676520628385,0.173790101074,0.611465015099,0.165527503555,0.673337691015,0.602902390526,74.9999993784,75.0000023162
0.676542244844,0.174317236617,0.611519435407,0.166034205971,0.673337691015,0.602902390526,74.9999993784,75.0000023162
0.676563950106,0.174844251551,0.611574037841,0.166540833375,0.673337691015,0.602902390526,74.9999993784,75.0000023162
0.67658574436,0.175371145434,0.611628822517,0.167047385402,0.673337691015,0.602902390526,74.9999993784,75.0000023162
0.676607627782,0.175897917891,0.61168378955,0.167553861686,0.673337691015,0.602902390526,74.9999993784,75.0000023162
0.676629600567,0.176424568467,0.611738939034,0.16806026195,0.673337691015,0.602902390526,74.9999993784,75.0000023162
0.676651662909,0.176951096718,0.611794271084,0.168566585829,0.673337691015,0.602902390526,74.9999993784,75.0000023162
0.676673814984,0.177477502266,0.611849785794,0.16907283304,0.673337691015,0.602902390526,74.9999993784,75.0000023162
0.676696056988,0.178003784656,0.61190548328,0.169579003218,0.673337691015,0.602902390526,74.9999993784,75.0000023162
0.676718389114,0.178529943445,0.611961363653,0.170085096006,0.673337691015,0.602902390526,74.9999993784,75.0000023162
0.67674081154,0.179055978252,0.612017427012,0.17059111111,0.673337691015,0.602902390526,74.9999993784,75.0000023162
0.676763324463,0.17958188862,0.612073673472,0.17109704816,0.673337691015,0.602902390526,74.9999993784,75.0000023162
0.676785928078,0.180107674108,0.612130103126,0.171602906868,0.673337691015,0.602902390526,74.9999993784,75.0000023162
0.676808622563,0.180633334329,0.612186716091,0.172108686865,0.673337691015,0.602902390526,74.9999993784,75.0000023162
0.676831408117,0.181158868828,0.612243512473,0.172614387817,0.673337691015,0.602902390526,74.9999993784,75.0000023162
0.676854284932,0.181684277165,0.612300492376,0.173120009396,0.673337691015,0.602902390526,74.9999993784,75.0000023162
0.676877253192,0.182209558949,0.612357655915,0.173625551235,0.673337691015,0.602902390526,74.9999993784,75.0000023162
0.676900313095,0.18273471372,0.612415003185,0.174131013035,0.673337691015,0.602902390526,74.9999993784,75.0000023162
0.676923464834,0.183259741049,0.612472534302,0.174636394427,0.673337691015,0.602902390526,74.9999993784,75.0000023162
0.676946708593,0.183784640531,0.612530249362,0.175141695106,0.673337691015,0.602902390526,74.9999993784,75.0000023162
0.676970044572,0.184309411709,0.612588148479,0.175646914706,0.673337691015,0.602902390526,74.9999993784,75.0000023162
0.676993472962,0.184834054158,0.612646231768,0.176152052858,0.673337691015,0.602902390526,74.9999993784,75.0000023162
0.677016993951,0.185358567466,0.612704499325,0.176657109254,0.673337691015,0.602902390526,74.9999993784,75.0000023162
0.677040607741,0.185882951173,0.612762951265,0.177162083526,0.673337691015,0.602902390526,74.9999993784,75.0000023162
0.67706431452,0.186407204865,0.612821587684,0.177666975363,0.673337691015,0.602902390526,74.9999993784,75.0000023162
0.67708811448,0.186931328115,0.612880408698,0.178171784394,0.673337691015,0.602902390526,74.9999993784,75.0000023162
0.677112007822,0.187455320465,0.612939414406,0.178676510291,0.673337691015,0.602902390526,74.9999993784,75.0000023162
0.677135994733,0.187979181511,0.61299860492,0.179181152697,0.673337691015,0.602902390526,74.9999993784,75.0000023162
0.67716007541,0.188502910811,0.613057980353,0.179685711241,0.673337691015,0.602902390526,74.9999993784,75.0000023162
0.677184250055,0.189026507908,0.613117540802,0.180190185606,0.673337691015,0.602902390526,74.9999993784,75.0000023162
0.677208518851,0.189549972408,0.613177286381,0.180694575419,0.673337691015,0.602902390526,74.9999993784,75.0000023162
0.677232881999,0.190073303856,0.613237217188,0.181198880359,0.673337691015,0.602902390526,74.9999993784,75.0000023162
0.677257339703,0.190596501793,0.613297333337,0.181703100055,0.673337691015,0.602902390526,74.9999993784,75.0000023162
0.677281892145,0.191119565826,0.613357634927,0.182207234174,0.673337691015,0.602902390526,74.9999993784,75.0000023162
0.67730653953,0.191642495497,0.613418122071,0.182711282351,0.673337691015,0.602902390526,74.9999993784,75.0000023162
0.677331282055,0.19216529036,0.613478794879,0.18321524421,0.673337691015,0.602902390526,74.9999993784,75.0000023162
0.677356119911,0.192687950005,0.613539653452,0.183719119424,0.673337691015,0.602902390526,74.9999993784,75.0000023162
0.677381053301,0.193210473973,0.613600697902,0.18422290762,0.673337691015,0.602902390526,74.9999993784,75.0000023162
0.677406082419,0.193732861836,0.613661928327,0.184726608465,0.673337691015,0.602902390526,74.9999993784,75.0000023162
0.67743120746,0.194255113164,0.61372334484,0.185230221585,0.673337691015,0.602902390526,74.9999993784,75.0000023162
0.67745642863,0.194777227498,0.61378494754,0.185733746645,0.673337691015,0.602902390526,74.9999993784,75.0000023162
0.677481746116,0.195299204426,0.613846736539,0.18623718327,0.673337691015,0.602902390526,74.9999993784,75.0000023162
0.677507160122,0.1958210435,0.613908711943,0.186740531103,0.673337691015,0.602902390526,74.9999993784,75.0000023162
0.677532670852,0.196342744259,0.613970873857,0.187243789786,0.673337691015,0.602902390526,74.9999993784,75.0000023162
0.677558278493,0.196864306299,0.614033222392,0.187746958942,0.673337691015,0.602902390526,74.9999993784,75.0000023162
0.677583983251,0.19738572916,0.614095757648,0.188250038232,0.673337691015,0.602902390526,74.9999993784,75.0000023162
0.677609785328,0.197907012393,0.614158479736,0.188753027276,0.673337691015,0.602902390526,74.9999993784,75.0000023162
0.677635684915,0.19842815558,0.614221388756,0.189255925732,0.673337691015,0.602902390526,74.9999993784,75.0000023162
0.677661682219,0.198949158262,0.614284484819,0.189758733221,0.673337691015,0.602902390526,74.9999993784,75.0000023162
0.677687777436,0.199470020009,0.614347768023,0.190261449398,0.673337691015,0.602902390526,74.9999993784,75.0000023162
0.677713970764,0.199990740381,0.614411238481,0.190764073881,0.673337691015,0.602902390526,74.9999993784,75.0000023162
0.67774026241,0.200511318916,0.614474896292,0.19126660632,0.673337691015,0.602902390526,74.9999993784,75.0000023162
0.677766652565,0.201031755204,0.614538741566,0.191769046336,0.673337691015,0.602902390526,74.9999993784,75.0000023162
0.677793141435,0.201552048784,0.614602774412,0.192271393549,0.673337691015,0.602902390526,74.9999993784,75.0000023162
0.677819729226,0.202072199197,0.61466699493,0.192773647607,0.673337691015,0.602902390526,74.9999993784,75.0000023162
0.677846416129,0.202592206028,0.614731403231,0.193275808128,0.673337691015,0.602902390526,74.9999993784,75.0000023162
0.677873202352,0.203112068814,0.614795999413,0.193777874758,0.673337691015,0.602902390526,74.9999993784,75.0000023162
0.677900088093,0.203631787121,0.614860783587,0.194279847113,0.673337691015,0.602902390526,74.9999993784,75.0000023162
0.677927073553,0.204151360507,0.614925755851,0.194781724838,0.673337691015,0.602902390526,74.9999993784,75.0000023162
0.67795415894,0.204670788507,0.614990916315,0.195283507547,0.673337691015,0.602902390526,74.9999993784,75.0000023162
0.677981344446,0.205190070707,0.615056265078,0.195785194881,0.673337691015,0.602902390526,74.9999993784,75.0000023162
0.678008630278,0.205709206642,0.61512180225,0.196286786456,0.673337691015,0.602902390526,74.9999993784,75.0000023162
0.678036016643,0.206228195857,0.61518752793,0.19678828191,0.673337691015,0.602902390526,74.9999993784,75.0000023162
0.678063503735,0.206747037927,0.615253442226,0.197289680857,0.673337691015,0.602902390526,74.9999993784,75.0000023162
0.678091091764,0.207265732386,0.61531954524,0.197790982927,0.673337691015,0.602902390526,74.9999993784,75.0000023162
0.678118780925,0.207784278809,0.615385837077,0.198292187739,0.673337691015,0.602902390526,74.9999993784,75.0000023162
0.678146571426,0.208302676737,0.615452317844,0.198793294906,0.673337691015,0.602902390526,74.9999993784,75.0000023162
0.678174463472,0.208820925706,0.615518987642,0.19929430406,0.673337691015,0.602902390526,74.9999993784,75.0000023162
0.678202457261,0.209339025295,0.615585846577,0.199795214814,0.673337691015,0.602902390526,74.9999993784,75.0000023162
0.678230553001,0.209856975038,0.615652894748,0.200296026797,0.673337691015,0.602902390526,74.9999993784,75.0000023162
0.678258750892,0.210374774494,0.615720132263,0.200796739622,0.673337691015,0.602902390526,74.9999993784,75.0000023162
0.678287051138,0.210892423215,0.61578755922,0.201297352915,0.673337691015,0.602902390526,74.9999993784,75.0000023162
0.678315453947,0.211409920736,0.615855175726,0.201797866286,0.673337691015,0.602902390526,74.9999993784,75.0000023162
0.678343959516,0.211927266633,0.61592298188,0.202298279362,0.673337691015,0.602902390526,74.9999993784,75.0000023162
0.678372568054,0.212444460438,0.615990977787,0.202798591751,0.673337691015,0.602902390526,74.9999993784,75.0000023162
0.678401279765,0.2129615017,0.616059163548,0.203298803076,0.673337691015,0.602902390526,74.9999993784,75.0000023162
0.678430094852,0.213478389977,0.616127539266,0.203798912946,0.673337691015,0.602902390526,74.9999993784,75.0000023162
0.678459013522,0.213995124804,0.616196105042,0.204298920981,0.673337691015,0.602902390526,74.9999993784,75.0000023162
0.678488035973,0.214511705751,0.616264860978,0.204798826788,0.673337691015,0.602902390526,74.9999993784,75.0000023162
0.678517162416,0.215028132351,0.616333807176,0.205298629987,0.673337691015,0.602902390526,74.9999993784,75.0000023162
0.678546393056,0.215544404147,0.616402943738,0.205798330183,0.673337691015,0.602902390526,74.9999993784,75.0000023162
0.678575728094,0.216060520698,0.616472270764,0.206297926993,0.673337691015,0.602902390526,74.9999993784,75.0000023162
0.67860516774,0.216576481539,0.616541788356,0.206797420022,0.673337691015,0.602902390526,74.9999993784,75.0000023162
0.678634712192,0.217092286235,0.616611496615,0.207296808883,0.673337691015,0.602902390526,74.9999993784,75.0000023162
0.678664361661,0.21760793432,0.616681395641,0.207796093183,0.673337691015,0.602902390526,74.9999993784,75.0000023162
0.678694116352,0.218123425333,0.616751485534,0.208295272531,0.673337691015,0.602902390526,74.9999993784,75.0000023162
0.678723976469,0.218638758833,0.616821766396,0.208794346532,0.673337691015,0.602902390526,74.9999993784,75.0000023162
0.67875394222,0.219153934352,0.616892238326,0.209293314795,0.673337691015,0.602902390526,74.9999993784,75.0000023162
0.678784013805,0.219668951453,0.616962901424,0.209792176924,0.673337691015,0.602902390526,74.9999993784,75.0000023162
0.678814191434,0.220183809669,0.61703375579,0.210290932522,0.673337691015,0.602902390526,74.9999993784,75.0000023162
0.678844475314,0.22069850854,0.617104801524,0.210789581195,0.673337691015,0.602902390526,74.9999993784,75.0000023162
0.678874865648,0.22121304762,0.617176038725,0.211288122543,0.673337691015,0.602902390526,74.9999993784,75.0000023162
0.678905362645,0.221727426439,0.617247467492,0.211786556171,0.673337691015,0.602902390526,74.9999993784,75.0000023162
0.678935966507,0.222241644558,0.617319087924,0.21228488168,0.673337691015,0.602902390526,74.9999993784,75.0000023162
0.678966677442,0.222755701509,0.617390900119,0.212783098671,0.673337691015,0.602902390526,74.9999993784,75.0000023162
0.678997495658,0.223269596837,0.617462904176,0.213281206745,0.673337691015,0.602902390526,74.9999993784,75.0000023162
0.679028421358,0.223783330085,0.617535100192,0.213779205501,0.673337691015,0.602902390526,74.9999993784,75.0000023162
0.679059454753,0.224296900785,0.617607488265,0.214277094539,0.673337691015,0.602902390526,74.9999993784,75.0000023162
0.679090596044,0.224810308495,0.617680068493,0.214774873456,0.673337691015,0.602902390526,74.9999993784,75.0000023162
0.679121845441,0.225323552744,0.617752840972,0.215272541849,0.673337691015,0.602902390526,74.9999993784,75.0000023162
0.679153203147,0.225836633085,0.617825805801,0.215770099316,0.673337691015,0.602902390526,74.9999993784,75.0000023162
0.679184669371,0.226349549051,0.617898963075,0.216267545452,0.673337691015,0.602902390526,74.9999993784,75.0000023162
0.679216244323,0.226862300172,0.617972312892,0.216764879853,0.673337691015,0.602902390526,74.9999993784,75.0000023162
0.679247928204,0.227374886003,0.618045855346,0.217262102112,0.673337691015,0.602902390526,74.9999993784,75.0000023162
0.679279721225,0.227887306073,0.618119590535,0.217759211823,0.673337691015,0.602902390526,74.9999993784,75.0000023162
0.679311623587,0.228399559937,0.618193518554,0.218256208579,0.673337691015,0.602902390526,74.9999993784,75.0000023162
0.6793436355,0.228911647122,0.618267639498,0.218753091971,0.673337691015,0.602902390526,74.9999993784,75.0000023162
0.679375757173,0.229423567164,0.618341953464,0.219249861588,0.673337691015,0.602902390526,74.9999993784,75.0000023162
0.679407988809,0.229935319608,0.618416460546,0.219746517024,0.673337691015,0.602902390526,74.9999993784,75.0000023162
0.67944033062,0.230446903983,0.618491160838,0.220243057864,0.673337691015,0.602902390526,74.9999993784,75.0000023162
0.679472782806,0.230958319839,0.618566054435,0.220739483702,0.673337691015,0.602902390526,74.9999993784,75.0000023162
0.679505345579,0.231469566704,0.618641141432,0.221235794121,0.673337691015,0.602902390526,74.9999993784,75.0000023162
0.67953801914,0.231980644128,0.61871642192,0.221731988714,0.673337691015,0.602902390526,74.9999993784,75.0000023162
0.6795708037,0.232491551639,0.618791895994,0.222228067062,0.673337691015,0.602902390526,74.9999993784,75.0000023162
0.679603699469,0.233002288763,0.618867563747,0.222724028758,0.673337691015,0.602902390526,74.9999993784,75.0000023162
0.679636706648,0.233512855049,0.618943425272,0.22321987338,0.673337691015,0.602902390526,74.9999993784,75.0000023162
0.679669825449,0.234023250024,0.61901948066,0.223715600519,0.673337691015,0.602902390526,74.9999993784,75.0000023162
0.679703056074,0.234533473236,0.619095730006,0.224211209754,0.673337691015,0.602902390526,74.9999993784,75.0000023162
0.679736398732,0.23504352421,0.619172173398,0.224706700673,0.673337691015,0.602902390526,74.9999993784,75.0000023162
0.679769853627,0.235553402491,0.61924881093,0.225202072853,0.673337691015,0.602902390526,74.9999993784,75.0000023162
0.679803420969,0.236063107606,0.619325642691,0.225697325881,0.673337691015,0.602902390526,74.9999993784,75.0000023162
0.679837100966,0.236572639083,0.619402668775,0.226192459334,0.673337691015,0.602902390526,74.9999993784,75.0000023162
0.679870893822,0.237081996465,0.619479889269,0.226687472797,0.673337691015,0.602902390526,74.9999993784,75.0000023162
0.679904799746,0.237591179278,0.619557304265,0.227182365843,0.673337691015,0.602902390526,74.9999993784,75.0000023162
0.679938818941,0.238100187067,0.619634913851,0.227677138059,0.673337691015,0.602902390526,74.9999993784,75.0000023162
0.679972951616,0.238609019356,0.619712718119,0.228171789016,0.673337691015,0.602902390526,74.9999993784,75.0000023162
0.680007197975,0.239117675689,0.619790717154,0.228666318298,0.673337691015,0.602902390526,74.9999993784,75.0000023162
0.680041558227,0.239626155589,0.619868911049,0.229160725476,0.673337691015,0.602902390526,74.9999993784,75.0000023162
0.68007603258,0.240134458583,0.619947299889,0.229655010132,0.673337691015,0.602902390526,74.9999993784,75.0000023162
0.680110621238,0.24064258421,0.620025883763,0.230149171835,0.673337691015,0.602902390526,74.9999993784,75.0000023162
0.680145324409,0.241150531996,0.620104662759,0.230643210163,0.673337691015,0.602902390526,74.9999993784,75.0000023162
0.680180142297,0.241658301481,0.620183636965,0.231137124688,0.673337691015,0.602902390526,74.9999993784,75.0000023162
0.680215075111,0.242165892188,0.62026280647,0.231630914975,0.673337691015,0.602902390526,74.9999993784,75.0000023162
0.680250123053,0.242673303658,0.620342171357,0.232124580603,0.673337691015,0.602902390526,74.9999993784,75.0000023162
0.680285286332,0.243180535414,0.620421731717,0.232618121138,0.673337691015,0.602902390526,74.9999993784,75.0000023162
0.680320565154,0.243687586987,0.62050148763,0.233111536158,0.673337691015,0.602902390526,74.9999993784,75.0000023162
0.680355959723,0.244194457908,0.620581439185,0.233604825227,0.673337691015,0.602902390526,74.9999993784,75.0000023162
0.680391470249,0.244701147699,0.620661586465,0.234097987921,0.673337691015,0.602902390526,74.9999993784,75.0000023162
0.680427096935,0.245207655898,0.620741929556,0.234591023802,0.673337691015,0.602902390526,74.9999993784,75.0000023162
0.680462839987,0.245713982028,0.620822468539,0.235083932447,0.673337691015,0.602902390526,74.9999993784,75.0000023162
0.68049869961,0.246220125625,0.620903203501,0.235576713416,0.673337691015,0.602902390526,74.9999993784,75.0000023162
0.68053467601,0.246726086211,0.620984134522,0.236069366284,0.673337691015,0.602902390526,74.9999993784,75.0000023162
0.680570769391,0.247231863323,0.621065261687,0.236561890609,0.673337691015,0.602902390526,74.9999993784,75.0000023162
0.680606979959,0.247737456481,0.621146585076,0.237054285964,0.673337691015,0.602902390526,74.9999993784,75.0000023162
0.68064330792,0.248242865215,0.621228104774,0.237546551908,0.673337691015,0.602902390526,74.9999993784,75.0000023162
0.680679753479,0.248748089052,0.621309820866,0.238038687994,0.673337691015,0.602902390526,74.9999993784,75.0000023162
0.680716316842,0.249253127513,0.621391733428,0.238530693797,0.673337691015,0.602902390526,74.9999993784,75.0000023162
0.680752998211,0.249757980133,0.621473842545,0.23902256887,0.673337691015,0.602902390526,74.9999993784,75.0000023162
0.680789797795,0.250262646432,0.621556148294,0.239514312785,0.673337691015,0.602902390526,74.9999993784,75.0000023162
0.680826715793,0.250767125943,0.621638650757,0.240005925093,0.673337691015,0.602902390526,74.9999993784,75.0000023162
0.680863752414,0.251271418187,0.62172135001,0.240497405368,0.673337691015,0.602902390526,74.9999993784,75.0000023162
0.680900907859,0.251775522695,0.621804246135,0.240988753158,0.673337691015,0.602902390526,74.9999993784,75.0000023162
0.680938182333,0.252279438989,0.621887339207,0.241479968033,0.673337691015,0.602902390526,74.9999993784,75.0000023162
0.68097557604,0.252783166598,0.621970629307,0.241971049544,0.673337691015,0.602902390526,74.9999993784,75.0000023162
0.681013089183,0.253286705044,0.622054116513,0.24246199725,0.673337691015,0.602902390526,74.9999993784,75.0000023162
0.68105072197,0.253790053847,0.6221378009,0.242952810706,0.673337691015,0.602902390526,74.9999993784,75.0000023162
0.6810884746,0.254293212537,0.62222168255,0.243443489461,0.673337691015,0.602902390526,74.9999993784,75.0000023162
0.68112634728,0.254796180632,0.622305761535,0.24393403308,0.673337691015,0.602902390526,74.9999993784,75.0000023162
0.681164340211,0.255298957662,0.622390037933,0.24442444111,0.673337691015,0.602902390526,74.9999993784,75.0000023162
0.681202453597,0.255801543146,0.622474511816,0.244914713116,0.673337691015,0.602902390526,74.9999993784,75.0000023162
0.681240687639,0.256303936614,0.622559183262,0.245404848641,0.673337691015,0.602902390526,74.9999993784,75.0000023162
0.681279042542,0.256806137582,0.62264405234,0.245894847252,0.673337691015,0.602902390526,74.9999993784,75.0000023162
0.681317518506,0.257308145581,0.622729119128,0.246384708491,0.673337691015,0.602902390526,74.9999993784,75.0000023162
0.681356115735,0.257809960127,0.622814383699,0.246874431909,0.673337691015,0.602902390526,74.9999993784,75.0000023162
0.68139483443,0.258311580748,0.622899846126,0.247364017059,0.673337691015,0.602902390526,74.9999993784,75.0000023162
0.681433674794,0.258813006963,0.622985506484,0.247853463482,0.673337691015,0.602902390526,74.9999993784,75.0000023162
0.681472637027,0.259314238296,0.62307136484,0.248342770738,0.673337691015,0.602902390526,74.9999993784,75.0000023162
0.681511721333,0.259815274266,0.62315742127,0.248831938368,0.673337691015,0.602902390526,74.9999993784,75.0000023162
0.681550927913,0.260316114391,0.623243675838,0.249320965931,0.673337691015,0.602902390526,74.9999993784,75.0000023162
0.681590256968,0.260816758197,0.62333012862,0.249809852967,0.673337691015,0.602902390526,74.9999993784,75.0000023162
0.6816297087,0.261317205201,0.623416779681,0.250298599031,0.673337691015,0.602902390526,74.9999993784,75.0000023162
0.681669283308,0.261817454928,0.623503629092,0.250787203664,0.673337691015,0.602902390526,74.9999993784,75.0000023162
0.681708980993,0.262317506896,0.623590676928,0.251275666397,0.673337691015,0.602902390526,74.9999993784,75.0000023162
0.681748801955,0.262817360627,0.62367792325,0.251763986792,0.673337691015,0.602902390526,74.9999993784,75.0000023162
0.681788746394,0.263317015639,0.623765368131,0.252252164381,0.673337691015,0.602902390526,74.9999993784,75.0000023162
0.68182881451,0.263816471456,0.623853011631,0.252740198723,0.673337691015,0.602902390526,74.9999993784,75.0000023162
0.681869006503,0.264315727594,0.623940853821,0.253228089348,0.673337691015,0.602902390526,74.9999993784,75.0000023162
0.681909322571,0.264814783575,0.624028894763,0.253715835813,0.673337691015,0.602902390526,74.9999993784,75.0000023162
0.681949762914,0.265313638916,0.624117134524,0.25420343765,0.673337691015,0.602902390526,74.9999993784,75.0000023162
0.681990327731,0.265812293139,0.624205573176,0.254690894388,0.673337691015,0.602902390526,74.9999993784,75.0000023162
0.68203101722,0.26631074576,0.624294210775,0.255178205582,0.673337691015,0.602902390526,74.9999993784,75.0000023162
0.682071831578,0.2668089963,0.62438304739,0.255665370761,0.673337691015,0.602902390526,74.9999993784,75.0000023162
0.682112771006,0.267307044275,0.624472083079,0.25615238948,0.673337691015,0.602902390526,74.9999993784,75.0000023162
0.682153835701,0.267804889204,0.624561317907,0.256639261265,0.673337691015,0.602902390526,74.9999993784,75.0000023162
0.682195025859,0.268302530604,0.624650751934,0.257125985663,0.673337691015,0.602902390526,74.9999993784,75.0000023162
0.68223634168,0.26879996799,0.624740385222,0.257612562206,0.673337691015,0.602902390526,74.9999993784,75.0000023162
0.68227778336,0.269297200883,0.624830217838,0.258098990419,0.673337691015,0.602902390526,74.9999993784,75.0000023162
0.682319351095,0.269794228798,0.624920249834,0.258585269855,0.673337691015,0.602902390526,74.9999993784,75.0000023162
0.682361045082,0.270291051254,0.625010481276,0.259071400036,0.673337691015,0.602902390526,74.9999993784,75.0000023162
0.682402865517,0.270787667766,0.625100912215,0.259557380515,0.673337691015,0.602902390526,74.9999993784,75.0000023162
0.682444812596,0.271284077853,0.625191542714,0.260043210812,0.673337691015,0.602902390526,74.9999993784,75.0000023162
0.682486886514,0.271780281029,0.625282372833,0.260528890459,0.673337691015,0.602902390526,74.9999993784,75.0000023162
0.682529087467,0.272276276812,0.625373402625,0.261014418995,0.673337691015,0.602902390526,74.9999993784,75.0000023162
0.682571415649,0.272772064718,0.625464632153,0.261499795942,0.673337691015,0.602902390526,74.9999993784,75.0000023162
0.682613871255,0.273267644263,0.625556061464,0.261985020848,0.673337691015,0.602902390526,74.9999993784,75.0000023162
0.68265645448,0.273763014962,0.625647690619,0.262470093231,0.673337691015,0.602902390526,74.9999993784,75.0000023162
0.682699165517,0.274258176332,0.625739519669,0.262955012631,0.673337691015,0.602902390526,74.9999993784,75.0000023162
0.68274200456,0.274753127886,0.62583154867,0.263439778574,0.673337691015,0.602902390526,74.9999993784,75.0000023162
0.682784971802,0.275247869142,0.625923777679,0.263924390577,0.673337691015,0.602902390526,74.9999993784,75.0000023162
0.682828067437,0.275742399612,0.626016206743,0.264408848186,0.673337691015,0.602902390526,74.9999993784,75.0000023162
0.682871291656,0.276236718814,0.626108835919,0.264893150917,0.673337691015,0.602902390526,74.9999993784,75.0000023162
0.682914644653,0.27673082626,0.62620166525,0.265377298313,0.673337691015,0.602902390526,74.9999993784,75.0000023162
0.682958126619,0.277224721466,0.626294694793,0.265861289891,0.673337691015,0.602902390526,74.9999993784,75.0000023162
0.683001737747,0.277718403945,0.626387924602,0.266345125165,0.673337691015,0.602902390526,74.9999993784,75.0000023162
0.683045478226,0.278211873212,0.62648135472,0.266828803677,0.673337691015,0.602902390526,74.9999993784,75.0000023162
0.683089348248,0.27870512878,0.6265749852,0.267312324941,0.673337691015,0.602902390526,74.9999993784,75.0000023162
0.683133348005,0.279198170164,0.626668816082,0.2677956885,0.673337691015,0.602902390526,74.9999993784,75.0000023162
0.683177477685,0.279690996876,0.62676284742,0.268278893864,0.673337691015,0.602902390526,74.9999993784,75.0000023162
0.683221737479,0.280183608431,0.626857079264,0.268761940548,0.673337691015,0.602902390526,74.9999993784,75.0000023162
0.683266127577,0.280676004341,0.626951511654,0.26924482809,0.673337691015,0.602902390526,74.9999993784,75.0000023162
0.683310648166,0.28116818412,0.62704614464,0.269727555999,0.673337691015,0.602902390526,74.9999993784,75.0000023162
0.683355299437,0.28166014728,0.627140978258,0.270210123817,0.673337691015,0.602902390526,74.9999993784,75.0000023162
0.683400081578,0.282151893334,0.627236012559,0.270692531051,0.673337691015,0.602902390526,74.9999993784,75.0000023162
0.683444994775,0.282643421794,0.627331247588,0.271174777212,0.673337691015,0.602902390526,74.9999993784,75.0000023162
0.683490039218,0.283134732174,0.627426683383,0.271656861837,0.673337691015,0.602902390526,74.9999993784,75.0000023162
0.683535215093,0.283625823985,0.62752231999,0.272138784432,0.673337691015,0.602902390526,74.9999993784,75.0000023162
0.683580522586,0.284116696739,0.627618157442,0.272620544534,0.673337691015,0.602902390526,74.9999993784,75.0000023162
0.683625961885,0.284607349949,0.627714195785,0.273102141651,0.673337691015,0.602902390526,74.9999993784,75.0000023162
0.683671533174,0.285097783126,0.627810435064,0.273583575287,0.673337691015,0.602902390526,74.9999993784,75.0000023162
0.683717236641,0.285587995782,0.627906875309,0.274064844978,0.673337691015,0.602902390526,74.9999993784,75.0000023162
0.683763072468,0.286077987428,0.628003516564,0.274545950228,0.673337691015,0.602902390526,74.9999993784,75.0000023162
0.683809040843,0.286567757576,0.62810035886,0.275026890569,0.673337691015,0.602902390526,74.9999993784,75.0000023162
0.683855141947,0.287057305736,0.628197402237,0.275507665507,0.673337691015,0.602902390526,74.9999993784,75.0000023162
0.683901375966,0.287546631422,0.628294646737,0.275988274545,0.673337691015,0.602902390526,74.9999993784,75.0000023162
0.683947743083,0.288035734142,0.628392092387,0.276468717217,0.673337691015,0.602902390526,74.9999993784,75.0000023162
0.68399424348,0.288524613408,0.628489739225,0.276948993025,0.673337691015,0.602902390526,74.9999993784,75.0000023162
0.68404087734,0.28901326873,0.628587587283,0.277429101489,0.673337691015,0.602902390526,74.9999993784,75.0000023162
0.684087644846,0.28950169962,0.628685636594,0.277909042122,0.673337691015,0.602902390526,74.9999993784,75.0000023162
0.684134546178,0.289989905588,0.628783887195,0.278388814424,0.673337691015,0.602902390526,74.9999993784,75.0000023162
0.684181581517,0.290477886144,0.628882339109,0.278868417926,0.673337691015,0.602902390526,74.9999993784,75.0000023162
0.684228751045,0.290965640798,0.628980992373,0.279347852127,0.673337691015,0.602902390526,74.9999993784,75.0000023162
0.684276054942,0.291453169061,0.629079847016,0.279827116536,0.673337691015,0.602902390526,74.9999993784,75.0000023162
0.684323493386,0.291940470441,0.629178903063,0.280306210672,0.673337691015,0.602902390526,74.9999993784,75.0000023162
0.684371066558,0.292427544451,0.62927816055,0.280785134033,0.673337691015,0.602902390526,74.9999993784,75.0000023162
0.684418774637,0.292914390598,0.629377619493,0.281263886147,0.673337691015,0.602902390526,74.9999993784,75.0000023162
0.684466617799,0.293401008393,0.629477279926,0.281742466511,0.673337691015,0.602902390526,74.9999993784,75.0000023162
0.684514596224,0.293887397346,0.629577141879,0.282220874621,0.673337691015,0.602902390526,74.9999993784,75.0000023162
0.684562710087,0.294373556966,0.629677205369,0.282699110005,0.673337691015,0.602902390526,74.9999993784,75.0000023162
0.684610959566,0.294859486765,0.629777470425,0.283177172158,0.673337691015,0.602902390526,74.9999993784,75.0000023162
0.684659344835,0.295345186253,0.629877937068,0.283655060592,0.673337691015,0.602902390526,74.9999993784,75.0000023162
0.684707866069,0.295830654942,0.629978605321,0.284132774815,0.673337691015,0.602902390526,74.9999993784,75.0000023162
0.684756523443,0.296315892344,0.630079475209,0.284610314321,0.673337691015,0.602902390526,74.9999993784,75.0000023162
0.68480531713,0.296800897969,0.630180546745,0.285087678636,0.673337691015,0.602902390526,74.9999993784,75.0000023162
0.684854247303,0.297285671329,0.630281819955,0.285564867253,0.673337691015,0.602902390526,74.9999993784,75.0000023162
0.684903314136,0.297770211934,0.630383294862,0.286041879664,0.673337691015,0.602902390526,74.9999993784,75.0000023162
0.684952517799,0.298254519296,0.630484971477,0.286518715393,0.673337691015,0.602902390526,74.9999993784,75.0000023162
0.685001858466,0.298738592925,0.630586849822,0.28699537393,0.673337691015,0.602902390526,74.9999993784,75.0000023162
0.685051336306,0.299222432332,0.630688929913,0.287471854784,0.673337691015,0.602902390526,74.9999993784,75.0000023162
0.685100951491,0.299706037027,0.630791211762,0.28794815746,0.673337691015,0.602902390526,74.9999993784,75.0000023162
0.68515070419,0.300189406521,0.630893695392,0.288424281448,0.673337691015,0.602902390526,74.9999993784,75.0000023162
0.685200594574,0.300672540324,0.630996380807,0.28890022627,0.673337691015,0.602902390526,74.9999993784,75.0000023162
0.685250622809,0.301155437947,0.631099268025,0.289375991413,0.673337691015,0.602902390526,74.9999993784,75.0000023162
0.685300789066,0.3016380989,0.631202357066,0.289851576368,0.673337691015,0.602902390526,74.9999993784,75.0000023162
0.685351093512,0.302120522693,0.63130564793,0.290326980654,0.673337691015,0.602902390526,74.9999993784,75.0000023162
0.685401536314,0.302602708835,0.631409140634,0.290802203759,0.673337691015,0.602902390526,74.9999993784,75.0000023162
0.685452117638,0.303084656838,0.631512835188,0.291277245184,0.673337691015,0.602902390526,74.9999993784,75.0000023162
0.685502837651,0.30356636621,0.631616731596,0.291752104434,0.673337691015,0.602902390526,74.9999993784,75.0000023162
0.685553696517,0.304047836462,0.631720829873,0.292226780996,0.673337691015,0.602902390526,74.9999993784,75.0000023162
0.685604694403,0.304529067103,0.631825130019,0.292701274381,0.673337691015,0.602902390526,74.9999993784,75.0000023162
0.685655831472,0.305010057643,0.631929632043,0.293175584082,0.673337691015,0.602902390526,74.9999993784,75.0000023162
0.685707107888,0.305490807591,0.632034335955,0.293649709583,0.673337691015,0.602902390526,74.9999993784,75.0000023162
0.685758523815,0.305971316455,0.63213924175,0.294123650403,0.673337691015,0.602902390526,74.9999993784,75.0000023162
0.685810079415,0.306451583745,0.632244349438,0.294597406026,0.673337691015,0.602902390526,74.9999993784,75.0000023162
0.685861774849,0.306931608971,0.632349659024,0.295070975937,0.673337691015,0.602902390526,74.9999993784,75.0000023162
0.68591361028,0.307411391641,0.632455170502,0.295544359651,0.673337691015,0.602902390526,74.9999993784,75.0000023162
0.685965585867,0.307890931266,0.632560883879,0.29601755665,0.673337691015,0.602902390526,74.9999993784,75.0000023162
0.686017701771,0.308370227354,0.632666799154,0.29649056643,0.673337691015,0.602902390526,74.9999993784,75.0000023162
0.686069958152,0.308849279414,0.632772916321,0.296963388493,0.673337691015,0.602902390526,74.9999993784,75.0000023162
0.686122355166,0.309328086956,0.632879235385,0.29743602232,0.673337691015,0.602902390526,74.9999993784,75.0000023162
0.686174892975,0.309806649488,0.632985756337,0.297908467415,0.673337691015,0.602902390526,74.9999993784,75.0000023162
0.686227571733,0.310284966521,0.633092479173,0.298380723271,0.673337691015,0.602902390526,74.9999993784,75.0000023162
0.686280391599,0.310763037561,0.633199403896,0.298852789366,0.673337691015,0.602902390526,74.9999993784,75.0000023162
0.686333352728,0.31124086212,0.633306530489,0.299324665211,0.673337691015,0.602902390526,74.9999993784,75.0000023162
0.686386455276,0.311718439704,0.633413858951,0.29979635029,0.673337691015,0.602902390526,74.9999993784,75.0000023162
0.686439699397,0.312195769825,0.633521389278,0.300267844082,0.673337691015,0.602902390526,74.9999993784,75.0000023162
0.686493085247,0.312672851989,0.633629121453,0.300739146099,0.673337691015,0.602902390526,74.9999993784,75.0000023162
0.686546612979,0.313149685706,0.633737055471,0.30121025582,0.673337691015,0.602902390526,74.9999993784,75.0000023162
0.686600282745,0.313626270484,0.633845191324,0.301681172726,0.673337691015,0.602902390526,74.9999993784,75.0000023162
0.686654094698,0.314102605831,0.633953528994,0.302151896325,0.673337691015,0.602902390526,74.9999993784,75.0000023162
0.686708048991,0.314578691255,0.634062068471,0.302622426094,0.673337691015,0.602902390526,74.9999993784,75.0000023162
0.686762145773,0.315054526265,0.634170809746,0.303092761521,0.673337691015,0.602902390526,74.9999993784,75.0000023162
0.686816385195,0.31553011037,0.634279752795,0.303562902105,0.673337691015,0.602902390526,74.9999993784,75.0000023162
0.686870767407,0.316005443077,0.63438889761,0.304032847324,0.673337691015,0.602902390526,74.9999993784,75.0000023162
0.686925292557,0.316480523897,0.634498244172,0.304502596668,0.673337691015,0.602902390526,74.9999993784,75.0000023162
0.686979960793,0.316955352337,0.63460779246,0.304972149632,0.673337691015,0.602902390526,74.9999993784,75.0000023162
0.687034772263,0.317429927906,0.634717542462,0.30544150569,0.673337691015,0.602902390526,74.9999993784,75.0000023162
0.687089727113,0.317904250112,0.634827494153,0.305910664338,0.673337691015,0.602902390526,74.9999993784,75.0000023162
0.687144825489,0.318378318465,0.634937647512,0.306379625064,0.673337691015,0.602902390526,74.9999993784,75.0000023162
0.687200067536,0.318852132472,0.635048002522,0.306848387342,0.673337691015,0.602902390526,74.9999993784,75.0000023162
0.687255453399,0.319325691644,0.635158559155,0.307316950671,0.673337691015,0.602902390526,74.9999993784,75.0000023162
0.687310983222,0.319798995486,0.635269317389,0.307785314533,0.673337691015,0.602902390526,74.9999993784,75.0000023162
0.687366657149,0.320272043508,0.635380277203,0.308253478402,0.673337691015,0.602902390526,74.9999993784,75.0000023162
0.68742247532,0.320744835217,0.635491438564,0.308721441778,0.673337691015,0.602902390526,74.9999993784,75.0000023162
0.68747843788,0.321217370121,0.635602801449,0.309189204141,0.673337691015,0.602902390526,74.9999993784,75.0000023162
0.687534544967,0.32168964773,0.635714365833,0.309656764962,0.673337691015,0.602902390526,74.9999993784,75.0000023162
0.687590796723,0.322161667551,0.63582613168,0.310124123744,0.673337691015,0.602902390526,74.9999993784,75.0000023162
0.687647193287,0.322633429095,0.635938098964,0.310591279962,0.673337691015,0.602902390526,74.9999993784,75.0000023162
0.687703734796,0.323104931867,0.636050267657,0.311058233088,0.673337691015,0.602902390526,74.9999993784,75.0000023162
0.687760421389,0.323576175379,0.63616263772,0.311524982624,0.673337691015,0.602902390526,74.9999993784,75.0000023162
0.687817253204,0.324047159138,0.636275209122,0.311991528044,0.673337691015,0.602902390526,74.9999993784,75.0000023162
0.687874230375,0.324517882654,0.636387981835,0.312457868818,0.673337691015,0.602902390526,74.9999993784,75.0000023162
0.68793135304,0.324988345433,0.636500955813,0.312924004449,0.673337691015,0.602902390526,74.9999993784,75.0000023162
0.687988621332,0.325458546986,0.636614131024,0.313389934409,0.673337691015,0.602902390526,74.9999993784,75.0000023162
0.688046035385,0.32592848682,0.636727507437,0.313855658166,0.673337691015,0.602902390526,74.9999993784,75.0000023162
0.688103595335,0.326398164442,0.636841085002,0.314321175224,0.673337691015,0.602902390526,74.9999993784,75.0000023162
0.688161301311,0.326867579363,0.636954863685,0.314786485053,0.673337691015,0.602902390526,74.9999993784,75.0000023162
0.688219153448,0.32733673109,0.63706884345,0.315251587121,0.673337691015,0.602902390526,74.9999993784,75.0000023162
0.688277151873,0.327805619133,0.637183024244,0.31571648093,0.673337691015,0.602902390526,74.9999993784,75.0000023162
0.688335296719,0.328274243001,0.63729740603,0.316181165949,0.673337691015,0.602902390526,74.9999993784,75.0000023162
0.688393588114,0.328742602203,0.637411988769,0.316645641646,0.673337691015,0.602902390526,74.9999993784,75.0000023162
0.688452026186,0.329210696246,0.637526772404,0.317109907522,0.673337691015,0.602902390526,74.9999993784,75.0000023162
0.688510611063,0.329678524643,0.637641756896,0.317573963046,0.673337691015,0.602902390526,74.9999993784,75.0000023162
0.688569342872,0.3301460869,0.6377569422,0.318037807684,0.673337691015,0.602902390526,74.9999993784,75.0000023162
0.688628221738,0.330613382525,0.63787232826,0.318501440936,0.673337691015,0.602902390526,74.9999993784,75.0000023162
0.688687247788,0.331080411029,0.637987915028,0.31896486227,0.673337691015,0.602902390526,74.9999993784,75.0000023162
0.688746421145,0.331547171918,0.638103702461,0.319428071154,0.673337691015,0.602902390526,74.9999993784,75.0000023162
0.688805741933,0.332013664704,0.638219690495,0.319891067083,0.673337691015,0.602902390526,74.9999993784,75.0000023162
0.688865210274,0.332479888896,0.638335879083,0.320353849527,0.673337691015,0.602902390526,74.9999993784,75.0000023162
0.68892482629,0.332945844003,0.638452268173,0.320816417953,0.673337691015,0.602902390526,74.9999993784,75.0000023162
0.688984590102,0.333411529534,0.638568857704,0.321278771853,0.673337691015,0.602902390526,74.9999993784,75.0000023162
0.689044501829,0.333876945001,0.638685647621,0.3217409107,0.673337691015,0.602902390526,74.9999993784,75.0000023162
0.689104561591,0.334342089911,0.638802637871,0.322202833958,0.673337691015,0.602902390526,74.9999993784,75.0000023162
0.689164769507,0.334806963774,0.638919828387,0.322664541118,0.673337691015,0.602902390526,74.9999993784,75.0000023162
0.689225125693,0.335271566099,0.639037219112,0.323126031653,0.673337691015,0.602902390526,74.9999993784,75.0000023162
0.689285630267,0.335735896396,0.63915480999,0.323587305028,0.673337691015,0.602902390526,74.9999993784,75.0000023162
0.689346283345,0.336199954175,0.639272600951,0.324048360729,0.673337691015,0.602902390526,74.9999993784,75.0000023162
0.68940708504,0.336663738946,0.639390591932,0.324509198232,0.673337691015,0.602902390526,74.9999993784,75.0000023162
0.689468035467,0.337127250219,0.639508782873,0.324969817002,0.673337691015,0.602902390526,74.9999993784,75.0000023162
0.689529134738,0.337590487505,0.639627173705,0.325430216519,0.673337691015,0.602902390526,74.9999993784,75.0000023162
0.689590382966,0.338053450314,0.639745764359,0.325890396264,0.673337691015,0.602902390526,74.9999993784,75.0000023162
0.689651780262,0.338516138156,0.63986455477,0.326350355699,0.673337691015,0.602902390526,74.9999993784,75.0000023162
0.689713326737,0.338978550541,0.639983544867,0.326810094303,0.673337691015,0.602902390526,74.9999993784,75.0000023162
0.6897750225,0.339440686979,0.640102734576,0.327269611557,0.673337691015,0.602902390526,74.9999993784,75.0000023162
0.68983686766,0.33990254698,0.640222123829,0.327728906924,0.673337691015,0.602902390526,74.9999993784,75.0000023162
0.689898862323,0.340364130057,0.640341712554,0.328187979879,0.673337691015,0.602902390526,74.9999993784,75.0000023162
0.689961006598,0.340825435718,0.640461500669,0.328646829905,0.673337691015,0.602902390526,74.9999993784,75.0000023162
0.690023300588,0.341286463478,0.640581488105,0.329105456465,0.673337691015,0.602902390526,74.9999993784,75.0000023162
0.6900857444,0.341747212844,0.640701674786,0.32956385903,0.673337691015,0.602902390526,74.9999993784,75.0000023162
0.690148338136,0.342207683331,0.640822060626,0.330022037085,0.673337691015,0.602902390526,74.9999993784,75.0000023162
0.6902110819,0.342667874447,0.640942645551,0.330479990094,0.673337691015,0.602902390526,74.9999993784,75.0000023162
0.690273975796,0.343127785703,0.641063429485,0.330937717522,0.673337691015,0.602902390526,74.9999993784,75.0000023162
0.690337019922,0.343587416613,0.641184412336,0.331395218857,0.673337691015,0.602902390526,74.9999993784,75.0000023162
0.69040021438,0.344046766686,0.641305594026,0.331852493563,0.673337691015,0.602902390526,74.9999993784,75.0000023162
0.690463559268,0.344505835436,0.641426974476,0.332309541104,0.673337691015,0.602902390526,74.9999993784,75.0000023162
0.690527054686,0.344964622373,0.641548553591,0.332766360963,0.673337691015,0.602902390526,74.9999993784,75.0000023162
0.690590700728,0.345423127013,0.641670331287,0.333222952611,0.673337691015,0.602902390526,74.9999993784,75.0000023162
0.690654497492,0.345881348864,0.641792307481,0.33367931551,0.673337691015,0.602902390526,74.9999993784,75.0000023162
0.690718445074,0.346339287439,0.641914482078,0.334135449138,0.673337691015,0.602902390526,74.9999993784,75.0000023162
0.690782543568,0.346796942252,0.642036854987,0.33459135297,0.673337691015,0.602902390526,74.9999993784,75.0000023162
0.690846793068,0.347254312812,0.64215942612,0.335047026467,0.673337691015,0.602902390526,74.9999993784,75.0000023162
0.690911193664,0.347711398636,0.642282195384,0.335502469103,0.673337691015,0.602902390526,74.9999993784,75.0000023162
0.69097574545,0.348168199234,0.642405162677,0.335957680357,0.673337691015,0.602902390526,74.9999993784,75.0000023162
0.691040448515,0.348624714122,0.642528327911,0.33641265969,0.673337691015,0.602902390526,74.9999993784,75.0000023162
0.691105302948,0.349080942811,0.642651690989,0.336867406569,0.673337691015,0.602902390526,74.9999993784,75.0000023162
0.691170308838,0.349536884815,0.642775251806,0.33732192048,0.673337691015,0.602902390526,74.9999993784,75.0000023162
0.691235466273,0.349992539647,0.642899010266,0.337776200883,0.673337691015,0.602902390526,74.9999993784,75.0000023162
0.691300775338,0.350447906819,0.643022966274,0.338230247239,0.673337691015,0.602902390526,74.9999993784,75.0000023162
0.69136623612,0.350902985848,0.643147119719,0.338684059031,0.673337691015,0.602902390526,74.9999993784,75.0000023162
0.691431848703,0.351357776245,0.6432714705,0.339137635728,0.673337691015,0.602902390526,74.9999993784,75.0000023162
0.691497613168,0.351812277528,0.643396018517,0.339590976789,0.673337691015,0.602902390526,74.9999993784,75.0000023162
0.6915635296,0.352266489208,0.643520763659,0.340044081692,0.673337691015,0.602902390526,74.9999993784,75.0000023162
0.691629598079,0.352720410801,0.643645705818,0.34049694991,0.673337691015,0.602902390526,74.9999993784,75.0000023162
0.691695818686,0.353174041822,0.643770844888,0.340949580903,0.673337691015,0.602902390526,74.9999993784,75.0000023162
0.6917621915,0.353627381783,0.64389618076,0.341401974142,0.673337691015,0.602902390526,74.9999993784,75.0000023162
0.691828716598,0.354080430202,0.644021713316,0.341854129105,0.673337691015,0.602902390526,74.9999993784,75.0000023162
0.691895394059,0.354533186593,0.644147442448,0.342306045254,0.673337691015,0.602902390526,74.9999993784,75.0000023162
0.691962223957,0.354985650474,0.644273368046,0.342757722051,0.673337691015,0.602902390526,74.9999993784,75.0000023162
0.692029206368,0.355437821357,0.644399489986,0.34320915898,0.673337691015,0.602902390526,74.9999993784,75.0000023162
0.692096341367,0.355889698759,0.644525808155,0.343660355502,0.673337691015,0.602902390526,74.9999993784,75.0000023162
0.692163629026,0.356341282197,0.64465232244,0.344111311079,0.673337691015,0.602902390526,74.9999993784,75.0000023162
0.692231069416,0.356792571184,0.644779032715,0.344562025189,0.673337691015,0.602902390526,74.9999993784,75.0000023162
0.692298662609,0.357243565241,0.644905938859,0.345012497301,0.673337691015,0.602902390526,74.9999993784,75.0000023162
0.692366408674,0.357694263881,0.645033040755,0.345462726877,0.673337691015,0.602902390526,74.9999993784,75.0000023162
0.692434307679,0.358144666623,0.645160338277,0.345912713386,0.673337691015,0.602902390526,74.9999993784,75.0000023162
0.692502359693,0.358594772984,0.645287831297,0.346362456306,0.673337691015,0.602902390526,74.9999993784,75.0000023162
0.692570564782,0.359044582479,0.645415519691,0.346811955098,0.673337691015,0.602902390526,74.9999993784,75.0000023162
0.69263892301,0.359494094627,0.645543403337,0.347261209224,0.673337691015,0.602902390526,74.9999993784,75.0000023162
0.692707434444,0.359943308945,0.645671482097,0.347710218164,0.673337691015,0.602902390526,74.9999993784,75.0000023162
0.692776099144,0.360392224952,0.645799755844,0.348158981383,0.673337691015,0.602902390526,74.9999993784,75.0000023162
0.692844917174,0.360840842165,0.645928224451,0.348607498341,0.673337691015,0.602902390526,74.9999993784,75.0000023162
0.692913888594,0.361289160104,0.64605688778,0.349055768514,0.673337691015,0.602902390526,74.9999993784,75.0000023162
0.692983013464,0.361737178285,0.646185745696,0.349503791373,0.673337691015,0.602902390526,74.9999993784,75.0000023162
0.693052291844,0.362184896228,0.646314798065,0.349951566378,0.673337691015,0.602902390526,74.9999993784,75.0000023162
0.693121723789,0.362632313452,0.646444044753,0.350399092997,0.673337691015,0.602902390526,74.9999993784,75.0000023162
0.693191309359,0.363079429476,0.646573485613,0.350846370709,0.673337691015,0.602902390526,74.9999993784,75.0000023162
0.693261048606,0.363526243821,0.64670312051,0.351293398976,0.673337691015,0.602902390526,74.9999993784,75.0000023162
0.693330941586,0.363972756005,0.646832949306,0.351740177255,0.673337691015,0.602902390526,74.9999993784,75.0000023162
0.693400988351,0.364418965547,0.646962971854,0.352186705028,0.673337691015,0.602902390526,74.9999993784,75.0000023162
0.693471188954,0.36486487197,0.647093188008,0.352632981761,0.673337691015,0.602902390526,74.9999993784,75.0000023162
0.693541543446,0.365310474792,0.647223597627,0.353079006915,0.673337691015,0.602902390526,74.9999993784,75.0000023162
0.693612051876,0.365755773536,0.647354200564,0.353524779961,0.673337691015,0.602902390526,74.9999993784,75.0000023162
0.693682714292,0.36620076772,0.647484996663,0.353970300375,0.673337691015,0.602902390526,74.9999993784,75.0000023162
0.693753530742,0.366645456869,0.647615985781,0.354415567618,0.673337691015,0.602902390526,74.9999993784,75.0000023162
0.693824501273,0.367089840502,0.647747167768,0.354860581151,0.673337691015,0.602902390526,74.9999993784,75.0000023162
0.693895625929,0.36753391814,0.647878542467,0.355305340454,0.673337691015,0.602902390526,74.9999993784,75.0000023162
0.693966904753,0.367977689306,0.648010109723,0.355749844993,0.673337691015,0.602902390526,74.9999993784,75.0000023162
0.69403833779,0.368421153522,0.648141869386,0.356194094228,0.673337691015,0.602902390526,74.9999993784,75.0000023162
0.69410992508,0.368864310313,0.648273821295,0.356638087632,0.673337691015,0.602902390526,74.9999993784,75.0000023162
0.694181666664,0.369307159198,0.64840596529,0.357081824679,0.673337691015,0.602902390526,74.9999993784,75.0000023162
0.69425356258,0.369749699702,0.648538301213,0.357525304831,0.673337691015,0.602902390526,74.9999993784,75.0000023162
0.694325612868,0.370191931348,0.648670828906,0.357968527551,0.673337691015,0.602902390526,74.9999993784,75.0000023162
0.694397817564,0.37063385366,0.648803548201,0.358411492318,0.673337691015,0.602902390526,74.9999993784,75.0000023162
0.694470176702,0.371075466161,0.648936458934,0.358854198597,0.673337691015,0.602902390526,74.9999993784,75.0000023162
0.694542690319,0.371516768376,0.649069560945,0.359296645851,0.673337691015,0.602902390526,74.9999993784,75.0000023162
0.694615358446,0.37195775983,0.649202854062,0.35973883355,0.673337691015,0.602902390526,74.9999993784,75.0000023162
0.694688181116,0.372398440047,0.649336338114,0.360180761171,0.673337691015,0.602902390526,74.9999993784,75.0000023162
0.694761158361,0.372838808552,0.649470012935,0.360622428175,0.673337691015,0.602902390526,74.9999993784,75.0000023162
0.694834290209,0.37327886487,0.649603878356,0.361063834026,0.673337691015,0.602902390526,74.9999993784,75.0000023162
0.694907576689,0.373718608527,0.649737934198,0.361504978202,0.673337691015,0.602902390526,74.9999993784,75.0000023162
0.694981017828,0.37415803905,0.649872180288,0.36194586017,0.673337691015,0.602902390526,74.9999993784,75.0000023162
0.695054613651,0.374597155965,0.650006616453,0.362386479392,0.673337691015,0.602902390526,74.9999993784,75.0000023162
0.695128364185,0.375035958796,0.650141242515,0.362826835341,0.673337691015,0.602902390526,74.9999993784,75.0000023162
0.695202269452,0.375474447073,0.65027605829,0.363266927492,0.673337691015,0.602902390526,74.9999993784,75.0000023162
0.695276329475,0.375912620321,0.650411063601,0.363706755308,0.673337691015,0.602902390526,74.9999993784,75.0000023162
0.695350544274,0.37635047807,0.650546258267,0.364146318256,0.673337691015,0.602902390526,74.9999993784,75.0000023162
0.69542491387,0.376788019845,0.650681642101,0.364585615816,0.673337691015,0.602902390526,74.9999993784,75.0000023162
0.695499438281,0.377225245176,0.650817214914,0.36502464746,0.673337691015,0.602902390526,74.9999993784,75.0000023162
0.695574117524,0.377662153591,0.650952976521,0.365463412654,0.673337691015,0.602902390526,74.9999993784,75.0000023162
0.695648951616,0.378098744619,0.651088926734,0.365901910873,0.673337691015,0.602902390526,74.9999993784,75.0000023162
0.695723940571,0.378535017788,0.651225065355,0.366340141596,0.673337691015,0.602902390526,74.9999993784,75.0000023162
0.695799084402,0.378970972629,0.651361392196,0.366778104292,0.673337691015,0.602902390526,74.9999993784,75.0000023162
0.695874383123,0.379406608671,0.651497907066,0.367215798426,0.673337691015,0.602902390526,74.9999993784,75.0000023162
0.695949836744,0.379841925444,0.651634609765,0.367653223478,0.673337691015,0.602902390526,74.9999993784,75.0000023162
0.696025445275,0.380276922478,0.651771500095,0.368090378924,0.673337691015,0.602902390526,74.9999993784,75.0000023162
0.696101208724,0.380711599305,0.651908577861,0.368527264231,0.673337691015,0.602902390526,74.9999993784,75.0000023162
0.696177127099,0.381145955455,0.652045842863,0.368963878871,0.673337691015,0.602902390526,74.9999993784,75.0000023162
0.696253200406,0.38157999046,0.652183294895,0.369400222325,0.673337691015,0.602902390526,74.9999993784,75.0000023162
0.696329428649,0.382013703852,0.652320933756,0.369836294062,0.673337691015,0.602902390526,74.9999993784,75.0000023162
0.696405811832,0.382447095163,0.652458759244,0.370272093551,0.673337691015,0.602902390526,74.9999993784,75.0000023162
0.696482349956,0.382880163925,0.652596771152,0.370707620269,0.673337691015,0.602902390526,74.9999993784,75.0000023162
0.696559043023,0.383312909672,0.652734969268,0.371142873694,0.673337691015,0.602902390526,74.9999993784,75.0000023162
0.696635891032,0.383745331936,0.652873353386,0.371577853295,0.673337691015,0.602902390526,74.9999993784,75.0000023162
0.696712893982,0.384177430252,0.653011923299,0.372012558543,0.673337691015,0.602902390526,74.9999993784,75.0000023162
0.696790051868,0.384609204153,0.653150678789,0.372446988917,0.673337691015,0.602902390526,74.9999993784,75.0000023162
0.696867364688,0.385040653173,0.653289619643,0.372881143892,0.673337691015,0.602902390526,74.9999993784,75.0000023162
0.696944832435,0.385471776847,0.653428745649,0.373315022937,0.673337691015,0.602902390526,74.9999993784,75.0000023162
0.697022455102,0.385902574711,0.653568056589,0.373748625527,0.673337691015,0.602902390526,74.9999993784,75.0000023162
0.69710023268,0.386333046299,0.653707552242,0.374181951143,0.673337691015,0.602902390526,74.9999993784,75.0000023162
0.697178165161,0.386763191148,0.65384723239,0.374614999256,0.673337691015,0.602902390526,74.9999993784,75.0000023162
0.697256252534,0.387193008793,0.653987096814,0.375047769335,0.673337691015,0.602902390526,74.9999993784,75.0000023162
0.697334494785,0.387622498772,0.654127145288,0.37548026086,0.673337691015,0.602902390526,74.9999993784,75.0000023162
0.697412891901,0.388051660621,0.654267377587,0.375912473309,0.673337691015,0.602902390526,74.9999993784,75.0000023162
0.697491443868,0.388480493878,0.654407793486,0.376344406154,0.673337691015,0.602902390526,74.9999993784,75.0000023162
0.697570150669,0.38890899808,0.654548392761,0.376776058865,0.673337691015,0.602902390526,74.9999993784,75.0000023162
0.697649012287,0.389337172766,0.654689175177,0.377207430926,0.673337691015,0.602902390526,74.9999993784,75.0000023162
0.697728028702,0.389765017473,0.654830140505,0.377638521811,0.673337691015,0.602902390526,74.9999993784,75.0000023162
0.697807199895,0.390192531742,0.654971288516,0.378069330992,0.673337691015,0.602902390526,74.9999993784,75.0000023162
0.697886525843,0.390619715111,0.655112618974,0.378499857945,0.673337691015,0.602902390526,74.9999993784,75.0000023162
0.697966006523,0.39104656712,0.655254131641,0.378930102152,0.673337691015,0.602902390526,74.9999993784,75.0000023162
0.698045641912,0.391473087309,0.655395826283,0.379360063087,0.673337691015,0.602902390526,74.9999993784,75.0000023162
0.698125431984,0.391899275219,0.655537702663,0.379789740221,0.673337691015,0.602902390526,74.9999993784,75.0000023162
0.698205376711,0.39232513039,0.655679760539,0.380219133035,0.673337691015,0.602902390526,74.9999993784,75.0000023162
0.698285476065,0.392750652365,0.655821999667,0.38064824101,0.673337691015,0.602902390526,74.9999993784,75.0000023162
0.698365730016,0.393175840684,0.655964419806,0.381077063618,0.673337691015,0.602902390526,74.9999993784,75.0000023162
0.698446138533,0.393600694891,0.656107020715,0.381505600334,0.673337691015,0.602902390526,74.9999993784,75.0000023162
0.698526701584,0.394025214527,0.656249802143,0.38193385064,0.673337691015,0.602902390526,74.9999993784,75.0000023162
0.698607419135,0.394449399136,0.656392763841,0.382361814014,0.673337691015,0.602902390526,74.9999993784,75.0000023162
0.69868829115,0.394873248261,0.656535905563,0.382789489932,0.673337691015,0.602902390526,74.9999993784,75.0000023162
0.698769317593,0.395296761446,0.656679227059,0.38321687787,0.673337691015,0.602902390526,74.9999993784,75.0000023162
0.698850498425,0.395719938236,0.656822728072,0.383643977311,0.673337691015,0.602902390526,74.9999993784,75.0000023162
0.698931833608,0.396142778175,0.656966408349,0.384070787732,0.673337691015,0.602902390526,74.9999993784,75.0000023162
0.6990133231,0.396565280808,0.657110267636,0.38449730861,0.673337691015,0.602902390526,74.9999993784,75.0000023162
0.699094966859,0.396987445682,0.657254305676,0.384923539423,0.673337691015,0.602902390526,74.9999993784,75.0000023162
0.699176764841,0.397409272341,0.657398522206,0.385349479656,0.673337691015,0.602902390526,74.9999993784,75.0000023162
0.699258717002,0.397830760334,0.657542916968,0.385775128786,0.673337691015,0.602902390526,74.9999993784,75.0000023162
0.699340823295,0.398251909206,0.657687489702,0.386200486288,0.673337691015,0.602902390526,74.9999993784,75.0000023162
0.699423083673,0.398672718505,0.657832240142,0.386625551645,0.673337691015,0.602902390526,74.9999993784,75.0000023162
0.699505498085,0.39909318778,0.657977168021,0.387050324341,0.673337691015,0.602902390526,74.9999993784,75.0000023162
0.699588066482,0.399513316578,0.658122273073,0.387474803853,0.673337691015,0.602902390526,74.9999993784,75.0000023162
0.699670788811,0.399933104447,0.658267555033,0.387898989659,0.673337691015,0.602902390526,74.9999993784,75.0000023162
0.699753665019,0.400352550939,0.658413013627,0.388322881243,0.673337691015,0.602902390526,74.9999993784,75.0000023162
0.699836695051,0.400771655601,0.658558648583,0.388746478088,0.673337691015,0.602902390526,74.9999993784,75.0000023162
0.69991987885,0.401190417985,0.658704459629,0.389169779673,0.673337691015,0.602902390526,74.9999993784,75.0000023162
0.700003216359,0.401608837641,0.658850446491,0.389592785477,0.673337691015,0.602902390526,74.9999993784,75.0000023162
0.700086707519,0.40202691412,0.658996608891,0.390015494987,0.673337691015,0.602902390526,74.9999993784,75.0000023162
0.70017035227,0.402444646973,0.659142946549,0.390437907685,0.673337691015,0.602902390526,74.9999993784,75.0000023162
0.700254150548,0.402862035754,0.659289459189,0.39086002305,0.673337691015,0.602902390526,74.9999993784,75.0000023162
0.700338102291,0.403279080014,0.659436146528,0.391281840565,0.673337691015,0.602902390526,74.9999993784,75.0000023162
0.700422207433,0.403695779306,0.659583008282,0.391703359717,0.673337691015,0.602902390526,74.9999993784,75.0000023162
0.700506465909,0.404112133184,0.659730044165,0.392124579988,0.673337691015,0.602902390526,74.9999993784,75.0000023162
0.700590877651,0.404528141202,0.659877253895,0.392545500859,0.673337691015,0.602902390526,74.9999993784,75.0000023162
0.700675442588,0.404943802915,0.660024637182,0.392966121814,0.673337691015,0.602902390526,74.9999993784,75.0000023162
0.700760160652,0.405359117877,0.660172193734,0.393386442343,0.673337691015,0.602902390526,74.9999993784,75.0000023162
0.700845031769,0.405774085644,0.660319923262,0.393806461926,0.673337691015,0.602902390526,74.9999993784,75.0000023162
0.700930055866,0.406188705771,0.660467825475,0.394226180046,0.673337691015,0.602902390526,74.9999993784,75.0000023162
0.701015232868,0.406602977815,0.660615900077,0.39464559619,0.673337691015,0.602902390526,74.9999993784,75.0000023162
0.701100562698,0.407016901335,0.66076414677,0.395064709847,0.673337691015,0.602902390526,74.9999993784,75.0000023162
0.701186045278,0.407430475885,0.660912565257,0.395483520501,0.673337691015,0.602902390526,74.9999993784,75.0000023162
0.70127168053,0.407843701026,0.661061155242,0.395902027632,0.673337691015,0.602902390526,74.9999993784,75.0000023162
0.701357468371,0.408256576315,0.661209916422,0.396320230732,0.673337691015,0.602902390526,74.9999993784,75.0000023162
0.701443408721,0.40866910131,0.661358848492,0.39673812929,0.673337691015,0.602902390526,74.9999993784,75.0000023162
0.701529501494,0.409081275574,0.66150795115,0.39715572279,0.673337691015,0.602902390526,74.9999993784,75.0000023162
0.701615746605,0.409493098663,0.661657224092,0.397573010717,0.673337691015,0.602902390526,74.9999993784,75.0000023162
0.701702143968,0.40990457014,0.661806667008,0.397989992561,0.673337691015,0.602902390526,74.9999993784,75.0000023162
0.701788693495,0.410315689565,0.661956279588,0.398406667813,0.673337691015,0.602902390526,74.9999993784,75.0000023162
0.701875395096,0.410726456499,0.662106061523,0.398823035958,0.673337691015,0.602902390526,74.9999993784,75.0000023162
0.701962248678,0.411136870507,0.662256012502,0.399239096483,0.673337691015,0.602902390526,74.9999993784,75.0000023162
0.702049254151,0.411546931149,0.662406132208,0.399654848881,0.673337691015,0.602902390526,74.9999993784,75.0000023162
0.702136411419,0.411956637988,0.662556420326,0.400070292642,0.673337691015,0.602902390526,74.9999993784,75.0000023162
0.702223720387,0.41236599059,0.662706876539,0.400485427252,0.673337691015,0.602902390526,74.9999993784,75.0000023162
0.702311180958,0.412774988517,0.66285750053,0.400900252202,0.673337691015,0.602902390526,74.9999993784,75.0000023162
0.702398793032,0.413183631335,0.663008291975,0.401314766985,0.673337691015,0.602902390526,74.9999993784,75.0000023162
0.70248655651,0.413591918608,0.663159250552,0.401728971092,0.673337691015,0.602902390526,74.9999993784,75.0000023162
0.702574471291,0.413999849903,0.663310375939,0.402142864011,0.673337691015,0.602902390526,74.9999993784,75.0000023162
0.702662537269,0.414407424788,0.663461667811,0.402556445234,0.673337691015,0.602902390526,74.9999993784,75.0000023162
0.702750754342,0.414814642827,0.663613125838,0.402969714256,0.673337691015,0.602902390526,74.9999993784,75.0000023162
0.702839122403,0.415221503589,0.663764749692,0.403382670569,0.673337691015,0.602902390526,74.9999993784,75.0000023162
0.702927641344,0.415628006641,0.663916539044,0.403795313663,0.673337691015,0.602902390526,74.9999993784,75.0000023162
0.703016311057,0.416034151553,0.664068493561,0.404207643031,0.673337691015,0.602902390526,74.9999993784,75.0000023162
0.703105131429,0.416439937895,0.664220612907,0.404619658171,0.673337691015,0.602902390526,74.9999993784,75.0000023162
0.703194102349,0.416845365234,0.664372896748,0.405031358575,0.673337691015,0.602902390526,74.9999993784,75.0000023162
0.703283223703,0.417250433142,0.664525344749,0.405442743734,0.673337691015,0.602902390526,74.9999993784,75.0000023162
0.703372495376,0.417655141189,0.664677956569,0.405853813145,0.673337691015,0.602902390526,74.9999993784,75.0000023162
0.703461917252,0.418059488948,0.664830731867,0.406264566305,0.673337691015,0.602902390526,74.9999993784,75.0000023162
0.70355148921,0.41846347599,0.6649836703,0.406675002709,0.673337691015,0.602902390526,74.9999993784,75.0000023162
0.703641211133,0.418867101887,0.665136771528,0.407085121849,0.673337691015,0.602902390526,74.9999993784,75.0000023162
0.703731082899,0.419270366212,0.665290035203,0.407494923225,0.673337691015,0.602902390526,74.9999993784,75.0000023162
0.703821104383,0.419673268541,0.665443460977,0.407904406334,0.673337691015,0.602902390526,74.9999993784,75.0000023162
0.703911275463,0.420075808447,0.665597048502,0.408313570673,0.673337691015,0.602902390526,74.9999993784,75.0000023162
0.704001596011,0.420477985504,0.665750797429,0.408722415737,0.673337691015,0.602902390526,74.9999993784,75.0000023162
0.704092065902,0.420879799288,0.665904707405,0.409130941025,0.673337691015,0.602902390526,74.9999993784,75.0000023162
0.704182685005,0.421281249375,0.666058778074,0.409539146039,0.673337691015,0.602902390526,74.9999993784,75.0000023162
0.704273453189,0.421682335344,0.666213009083,0.409947030275,0.673337691015,0.602902390526,74.9999993784,75.0000023162
0.704364370324,0.422083056769,0.666367400074,0.410354593231,0.673337691015,0.602902390526,74.9999993784,75.0000023162
0.704455436274,0.422483413229,0.66652195069,0.410761834408,0.673337691015,0.602902390526,74.9999993784,75.0000023162
0.704546650905,0.422883404303,0.666676660567,0.411168753308,0.673337691015,0.602902390526,74.9999993784,75.0000023162
0.70463801408,0.423283029569,0.666831529344,0.411575349431,0.673337691015,0.602902390526,74.9999993784,75.0000023162
0.704729525659,0.423682288609,0.66698655666,0.411981622274,0.673337691015,0.602902390526,74.9999993784,75.0000023162
0.704821185506,0.424081181,0.667141742147,0.412387571343,0.673337691015,0.602902390526,74.9999993784,75.0000023162
0.704912993476,0.424479706325,0.667297085437,0.412793196141,0.673337691015,0.602902390526,74.9999993784,75.0000023162
0.705004949427,0.424877864166,0.667452586163,0.413198496167,0.673337691015,0.602902390526,74.9999993784,75.0000023162
0.705097053216,0.425275654103,0.667608243955,0.413603470924,0.673337691015,0.602902390526,74.9999993784,75.0000023162
0.705189304694,0.42567307572,0.667764058439,0.414008119917,0.673337691015,0.602902390526,74.9999993784,75.0000023162
0.705281703717,0.426070128599,0.667920029241,0.414412442651,0.673337691015,0.602902390526,74.9999993784,75.0000023162
0.705374250133,0.426466812325,0.668076155987,0.414816438628,0.673337691015,0.602902390526,74.9999993784,75.0000023162
0.70546694379,0.426863126485,0.6682324383,0.415220107353,0.673337691015,0.602902390526,74.9999993784,75.0000023162
0.705559784539,0.42725907066,0.6683888758,0.415623448331,0.673337691015,0.602902390526,74.9999993784,75.0000023162
0.705652772225,0.427654644438,0.668545468106,0.416026461071,0.673337691015,0.602902390526,74.9999993784,75.0000023162
0.705745906691,0.428049847405,0.668702214836,0.416429145076,0.673337691015,0.602902390526,74.9999993784,75.0000023162
0.705839187782,0.428444679148,0.668859115609,0.416831499853,0.673337691015,0.602902390526,74.9999993784,75.0000023162
0.705932615337,0.428839139256,0.669016170036,0.41723352491,0.673337691015,0.602902390526,74.9999993784,75.0000023162
0.706026189199,0.429233227314,0.66917337773,0.417635219755,0.673337691015,0.602902390526,74.9999993784,75.0000023162
0.706119909203,0.429626942915,0.669330738303,0.418036583896,0.673337691015,0.602902390526,74.9999993784,75.0000023162
0.706213775188,0.430020285647,0.669488251366,0.41843761684,0.673337691015,0.602902390526,74.9999993784,75.0000023162
0.706307786987,0.430413255099,0.669645916524,0.418838318098,0.673337691015,0.602902390526,74.9999993784,75.0000023162
0.706401944435,0.430805850864,0.669803733384,0.419238687181,0.673337691015,0.602902390526,74.9999993784,75.0000023162
0.706496247364,0.431198072531,0.66996170155,0.419638723596,0.673337691015,0.602902390526,74.9999993784,75.0000023162
0.706590695604,0.431589919694,0.670119820627,0.420038426855,0.673337691015,0.602902390526,74.9999993784,75.0000023162
0.706685288983,0.431981391947,0.670278090214,0.42043779647,0.673337691015,0.602902390526,74.9999993784,75.0000023162
0.706780027328,0.432372488881,0.67043650991,0.420836831953,0.673337691015,0.602902390526,74.9999993784,75.0000023162
0.706874910466,0.432763210093,0.670595079313,0.421235532816,0.673337691015,0.602902390526,74.9999993784,75.0000023162
0.70696993822,0.433153555175,0.670753798021,0.42163389857,0.673337691015,0.602902390526,74.9999993784,75.0000023162
0.707065110413,0.433543523723,0.670912665626,0.422031928729,0.673337691015,0.602902390526,74.9999993784,75.0000023162
0.707160426865,0.433933115336,0.671071681721,0.422429622809,0.673337691015,0.602902390526,74.9999993784,75.0000023162
0.707255887396,0.434322329606,0.671230845897,0.422826980323,0.673337691015,0.602902390526,74.9999993784,75.0000023162
0.707351491823,0.434711166135,0.671390157745,0.423224000785,0.673337691015,0.602902390526,74.9999993784,75.0000023162
0.707447239962,0.435099624519,0.671549616851,0.423620683712,0.673337691015,0.602902390526,74.9999993784,75.0000023162
0.707543131629,0.435487704357,0.671709222801,0.424017028619,0.673337691015,0.602902390526,74.9999993784,75.0000023162
0.707639166634,0.43587540525,0.67186897518,0.424413035023,0.673337691015,0.602902390526,74.9999993784,75.0000023162
0.707735344791,0.436262726794,0.672028873571,0.424808702441,0.673337691015,0.602902390526,74.9999993784,75.0000023162
0.707831665909,0.436649668593,0.672188917554,0.42520403039,0.673337691015,0.602902390526,74.9999993784,75.0000023162
0.707928129793,0.437036230251,0.672349106707,0.42559901839,0.673337691015,0.602902390526,74.9999993784,75.0000023162
0.708024736254,0.437422411366,0.672509440611,0.425993665958,0.673337691015,0.602902390526,74.9999993784,75.0000023162
0.708121485094,0.437808211544,0.672669918839,0.426387972613,0.673337691015,0.602902390526,74.9999993784,75.0000023162
0.708218376117,0.438193630386,0.672830540967,0.426781937876,0.673337691015,0.602902390526,74.9999993784,75.0000023162
0.708315409125,0.438578667496,0.672991306566,0.427175561268,0.673337691015,0.602902390526,74.9999993784,75.0000023162
0.708412583917,0.438963322483,0.673152215209,0.427568842309,0.673337691015,0.602902390526,74.9999993784,75.0000023162
0.708509900293,0.439347594949,0.673313266463,0.427961780521,0.673337691015,0.602902390526,74.9999993784,75.0000023162
0.708607358048,0.439731484501,0.673474459898,0.428354375425,0.673337691015,0.602902390526,74.9999993784,75.0000023162
0.708704956979,0.440114990748,0.673635795077,0.428746626546,0.673337691015,0.602902390526,74.9999993784,75.0000023162
0.708802696878,0.440498113295,0.673797271567,0.429138533405,0.673337691015,0.602902390526,74.9999993784,75.0000023162
0.708900577537,0.440880851754,0.673958888929,0.429530095527,0.673337691015,0.602902390526,74.9999993784,75.0000023162
0.708998598749,0.441263205729,0.674120646724,0.429921312437,0.673337691015,0.602902390526,74.9999993784,75.0000023162
0.709096760301,0.441645174833,0.674282544512,0.430312183659,0.673337691015,0.602902390526,74.9999993784,75.0000023162
0.709195061978,0.44202675868,0.67444458185,0.43070270872,0.673337691015,0.602902390526,74.9999993784,75.0000023162
0.709293503569,0.442407956876,0.674606758294,0.431092887144,0.673337691015,0.602902390526,74.9999993784,75.0000023162
0.709392084856,0.442788769036,0.674769073398,0.43148271846,0.673337691015,0.602902390526,74.9999993784,75.0000023162
0.709490805622,0.443169194771,0.674931526715,0.431872202194,0.673337691015,0.602902390526,74.9999993784,75.0000023162
0.709589665648,0.443549233695,0.675094117795,0.432261337876,0.673337691015,0.602902390526,74.9999993784,75.0000023162
0.709688664711,0.443928885425,0.675256846189,0.432650125032,0.673337691015,0.602902390526,74.9999993784,75.0000023162
0.709787802592,0.444308149571,0.675419711443,0.433038563193,0.673337691015,0.602902390526,74.9999993784,75.0000023162
0.709887079065,0.444687025752,0.675582713104,0.433426651889,0.673337691015,0.602902390526,74.9999993784,75.0000023162
0.709986493902,0.445065513585,0.675745850715,0.43381439065,0.673337691015,0.602902390526,74.9999993784,75.0000023162
0.71008604688,0.445443612684,0.675909123819,0.434201779007,0.673337691015,0.602902390526,74.9999993784,75.0000023162
0.710185737766,0.445821322671,0.676072531958,0.434588816492,0.673337691015,0.602902390526,74.9999993784,75.0000023162
0.710285566333,0.446198643159,0.676236074671,0.434975502638,0.673337691015,0.602902390526,74.9999993784,75.0000023162
0.710385532347,0.446575573771,0.676399751494,0.435361836976,0.673337691015,0.602902390526,74.9999993784,75.0000023162
0.710485635572,0.446952114129,0.676563561965,0.435747819042,0.673337691015,0.602902390526,74.9999993784,75.0000023162
0.710585875776,0.44732826385,0.676727505617,0.436133448368,0.673337691015,0.602902390526,74.9999993784,75.0000023162
0.71068625272,0.447704022558,0.676891581983,0.43651872449,0.673337691015,0.602902390526,74.9999993784,75.0000023162
0.710786766166,0.448079389874,0.677055790594,0.436903646944,0.673337691015,0.602902390526,74.9999993784,75.0000023162
0.710887415873,0.44845436542,0.677220130979,0.437288215266,0.673337691015,0.602902390526,74.9999993784,75.0000023162
0.710988201599,0.448828948825,0.677384602667,0.437672428992,0.673337691015,0.602902390526,74.9999993784,75.0000023162
0.711089123102,0.449203139706,0.677549205183,0.43805628766,0.673337691015,0.602902390526,74.9999993784,75.0000023162
0.711190180136,0.449576937693,0.677713938051,0.438439790807,0.673337691015,0.602902390526,74.9999993784,75.0000023162
0.711291372452,0.449950342413,0.677878800795,0.438822937974,0.673337691015,0.602902390526,74.9999993784,75.0000023162
0.711392699804,0.450323353489,0.678043792935,0.439205728698,0.673337691015,0.602902390526,74.9999993784,75.0000023162
0.711494161941,0.450695970553,0.678208913991,0.439588162521,0.673337691015,0.602902390526,74.9999993784,75.0000023162
0.711595758612,0.451068193228,0.67837416348,0.439970238982,0.673337691015,0.602902390526,74.9999993784,75.0000023162
0.711697489564,0.451440021147,0.678539540919,0.440351957624,0.673337691015,0.602902390526,74.9999993784,75.0000023162
0.711799354538,0.451811453941,0.678705045823,0.440733317988,0.673337691015,0.602902390526,74.9999993784,75.0000023162
0.711901353283,0.452182491237,0.678870677704,0.441114319616,0.673337691015,0.602902390526,74.9999993784,75.0000023162
0.712003485537,0.452553132669,0.679036436074,0.441494962053,0.673337691015,0.602902390526,74.9999993784,75.0000023162
0.712105751042,0.452923377869,0.679202320441,0.441875244842,0.673337691015,0.602902390526,74.9999993784,75.0000023162
0.712208149536,0.453293226468,0.679368330314,0.442255167528,0.673337691015,0.602902390526,74.9999993784,75.0000023162
0.712310680755,0.453662678103,0.6795344652,0.442634729656,0.673337691015,0.602902390526,74.9999993784,75.0000023162
0.712413344436,0.454031732404,0.679700724603,0.443013930773,0.673337691015,0.602902390526,74.9999993784,75.0000023162
0.712516140312,0.45440038901,0.679867108026,0.443392770426,0.673337691015,0.602902390526,74.9999993784,75.0000023162
0.712619068113,0.454768647558,0.68003361497,0.44377124816,0.673337691015,0.602902390526,74.9999993784,75.0000023162
0.712722127572,0.455136507681,0.680200244937,0.444149363525,0.673337691015,0.602902390526,74.9999993784,75.0000023162
0.712825318416,0.455503969021,0.680366997422,0.44452711607,0.673337691015,0.602902390526,74.9999993784,75.0000023162
0.712928640374,0.455871031211,0.680533871923,0.444904505344,0.673337691015,0.602902390526,74.9999993784,75.0000023162
0.713032093171,0.456237693894,0.680700867936,0.445281530897,0.673337691015,0.602902390526,74.9999993784,75.0000023162
0.713135676528,0.456603956712,0.680867984953,0.445658192279,0.673337691015,0.602902390526,74.9999993784,75.0000023162
0.713239390171,0.456969819302,0.681035222465,0.446034489044,0.673337691015,0.602902390526,74.9999993784,75.0000023162
0.713343233818,0.457335281307,0.681202579964,0.446410420743,0.673337691015,0.602902390526,74.9999993784,75.0000023162
0.713447207189,0.45770034237,0.681370056937,0.446785986928,0.673337691015,0.602902390526,74.9999993784,75.0000023162
0.713551310003,0.458065002133,0.681537652871,0.447161187153,0.673337691015,0.602902390526,74.9999993784,75.0000023162
0.713655541971,0.458429260244,0.681705367252,0.447536020975,0.673337691015,0.602902390526,74.9999993784,75.0000023162
0.713759902813,0.45879311634,0.681873199562,0.447910487946,0.673337691015,0.602902390526,74.9999993784,75.0000023162
0.713864392239,0.459156570073,0.682041149285,0.448284587623,0.673337691015,0.602902390526,74.9999993784,75.0000023162
0.713969009957,0.45951962109,0.682209215901,0.448658319562,0.673337691015,0.602902390526,74.9999993784,75.0000023162
0.71407375568,0.459882269034,0.682377398887,0.449031683322,0.673337691015,0.602902390526,74.9999993784,75.0000023162
0.714178629112,0.460244513558,0.682545697721,0.449404678459,0.673337691015,0.602902390526,74.9999993784,75.0000023162
0.714283629964,0.460606354305,0.682714111879,0.449777304533,0.673337691015,0.602902390526,74.9999993784,75.0000023162
0.714388757938,0.460967790928,0.682882640836,0.450149561102,0.673337691015,0.602902390526,74.9999993784,75.0000023162
0.714494012733,0.461328823081,0.683051284062,0.450521447728,0.673337691015,0.602902390526,74.9999993784,75.0000023162
0.714599394055,0.46168945041,0.683220041028,0.450892963971,0.673337691015,0.602902390526,74.9999993784,75.0000023162
0.714704901601,0.46204967257,0.683388911205,0.451264109392,0.673337691015,0.602902390526,74.9999993784,75.0000023162
0.71481053507,0.462409489213,0.68355789406,0.451634883554,0.673337691015,0.602902390526,74.9999993784,75.0000023162
0.714916294158,0.462768899993,0.683726989058,0.452005286021,0.673337691015,0.602902390526,74.9999993784,75.0000023162
0.715022178557,0.463127904567,0.683896195663,0.452375316356,0.673337691015,0.602902390526,74.9999993784,75.0000023162
0.715128187965,0.463486502585,0.684065513339,0.452744974123,0.673337691015,0.602902390526,74.9999993784,75.0000023162
0.715234322069,0.463844693708,0.684234941548,0.453114258887,0.673337691015,0.602902390526,74.9999993784,75.0000023162
0.71534058056,0.464202477594,0.684404479747,0.453483170216,0.673337691015,0.602902390526,74.9999993784,75.0000023162
0.715446963127,0.464559853897,0.684574127395,0.453851707677,0.673337691015,0.602902390526,74.9999993784,75.0000023162
0.715553469454,0.46491682228,0.684743883949,0.454219870835,0.673337691015,0.602902390526,74.9999993784,75.0000023162
0.71566009923,0.465273382398,0.684913748865,0.454587659259,0.673337691015,0.602902390526,74.9999993784,75.0000023162
0.715766852136,0.465629533913,0.685083721593,0.45495507252,0.673337691015,0.602902390526,74.9999993784,75.0000023162
0.71587372785,0.465985276493,0.685253801587,0.455322110188,0.673337691015,0.602902390526,74.9999993784,75.0000023162
0.715980726058,0.466340609792,0.685423988298,0.45568877183,0.673337691015,0.602902390526,74.9999993784,75.0000023162
0.716087846434,0.466695533477,0.685594281173,0.456055057021,0.673337691015,0.602902390526,74.9999993784,75.0000023162
0.716195088657,0.467050047211,0.685764679658,0.456420965332,0.673337691015,0.602902390526,74.9999993784,75.0000023162
0.716302452402,0.467404150657,0.6859351832,0.456786496337,0.673337691015,0.602902390526,74.9999993784,75.0000023162
0.716409937339,0.467757843487,0.686105791244,0.457151649606,0.673337691015,0.602902390526,74.9999993784,75.0000023162
0.716517543146,0.468111125359,0.68627650323,0.457516424717,0.673337691015,0.602902390526,74.9999993784,75.0000023162
0.716625269488,0.468463995946,0.686447318599,0.457880821245,0.673337691015,0.602902390526,74.9999993784,75.0000023162
0.716733116036,0.468816454916,0.68661823679,0.458244838766,0.673337691015,0.602902390526,74.9999993784,75.0000023162
0.716841082458,0.469168501935,0.686789257243,0.458608476854,0.673337691015,0.602902390526,74.9999993784,75.0000023162
0.716949168415,0.469520136678,0.686960379393,0.458971735089,0.673337691015,0.602902390526,74.9999993784,75.0000023162
0.717057373577,0.469871358808,0.687131602672,0.459334613051,0.673337691015,0.602902390526,74.9999993784,75.0000023162
0.717165697603,0.470222168003,0.687302926515,0.459697110317,0.673337691015,0.602902390526,74.9999993784,75.0000023162
0.717274140151,0.470572563936,0.687474350355,0.460059226466,0.673337691015,0.602902390526,74.9999993784,75.0000023162
0.717382700884,0.470922546278,0.687645873619,0.46042096108,0.673337691015,0.602902390526,74.9999993784,75.0000023162
0.717491379456,0.471272114705,0.687817495737,0.460782313742,0.673337691015,0.602902390526,74.9999993784,75.0000023162
0.717600175527,0.471621268888,0.687989216135,0.461143284032,0.673337691015,0.602902390526,74.9999993784,75.0000023162
0.717709088749,0.471970008506,0.688161034239,0.461503871533,0.673337691015,0.602902390526,74.9999993784,75.0000023162
0.717818118772,0.47231833324,0.688332949473,0.46186407583,0.673337691015,0.602902390526,74.9999993784,75.0000023162
0.71792726525,0.472666242761,0.688504961257,0.462223896509,0.673337691015,0.602902390526,74.9999993784,75.0000023162
0.718036527831,0.473013736753,0.688677069015,0.462583333153,0.673337691015,0.602902390526,74.9999993784,75.0000023162
0.718145906164,0.473360814892,0.688849272164,0.462942385349,0.673337691015,0.602902390526,74.9999993784,75.0000023162
0.718255399894,0.473707476858,0.689021570122,0.463301052685,0.673337691015,0.602902390526,74.9999993784,75.0000023162
0.718365008664,0.474053722339,0.689193962305,0.46365933475,0.673337691015,0.602902390526,74.9999993784,75.0000023162
0.718474732121,0.474399551008,0.689366448128,0.46401723113,0.673337691015,0.602902390526,74.9999993784,75.0000023162
0.718584569903,0.474744962554,0.689539027005,0.464374741415,0.673337691015,0.602902390526,74.9999993784,75.0000023162
0.718694521649,0.475089956661,0.689711698346,0.464731865198,0.673337691015,0.602902390526,74.9999993784,75.0000023162
0.718804587001,0.475434533011,0.689884461561,0.465088602068,0.673337691015,0.602902390526,74.9999993784,75.0000023162
0.71891476559,0.475778691295,0.69005731606,0.465444951617,0.673337691015,0.602902390526,74.9999993784,75.0000023162
0.719025057058,0.476122431192,0.69023026125,0.465800913438,0.673337691015,0.602902390526,74.9999993784,75.0000023162
0.719135461033,0.476465752394,0.690403296534,0.466156487126,0.673337691015,0.602902390526,74.9999993784,75.0000023162
0.719245977146,0.476808654593,0.690576421319,0.466511672275,0.673337691015,0.602902390526,74.9999993784,75.0000023162
0.719356605031,0.477151137472,0.690749635007,0.466866468479,0.673337691015,0.602902390526,74.9999993784,75.0000023162
0.719467344313,0.477493200728,0.690922936999,0.467220875333,0.673337691015,0.602902390526,74.9999993784,75.0000023162
0.719578194624,0.477834844044,0.691096326693,0.467574892439,0.673337691015,0.602902390526,74.9999993784,75.0000023162
0.719689155585,0.478176067116,0.691269803488,0.467928519393,0.673337691015,0.602902390526,74.9999993784,75.0000023162
0.719800226818,0.478516869643,0.691443366783,0.468281755789,0.673337691015,0.602902390526,74.9999993784,75.0000023162
0.71991140795,0.478857251311,0.691617015971,0.46863460123,0.673337691015,0.602902390526,74.9999993784,75.0000023162
0.720022698598,0.479197211821,0.691790750444,0.468987055319,0.673337691015,0.602902390526,74.9999993784,75.0000023162
0.720134098384,0.479536750862,0.691964569596,0.469339117655,0.673337691015,0.602902390526,74.9999993784,75.0000023162
0.720245606925,0.479875868134,0.69213847282,0.469690787837,0.673337691015,0.602902390526,74.9999993784,75.0000023162
0.720357223832,0.480214563339,0.692312459503,0.470042065471,0.673337691015,0.602902390526,74.9999993784,75.0000023162
0.720468948726,0.480552836169,0.692486529031,0.470392950163,0.673337691015,0.602902390526,74.9999993784,75.0000023162
0.720580781215,0.480890686328,0.692660680793,0.470743441513,0.673337691015,0.602902390526,74.9999993784,75.0000023162
0.720692720912,0.481228113513,0.692834914174,0.471093539127,0.673337691015,0.602902390526,74.9999993784,75.0000023162
0.720804767428,0.481565117426,0.693009228556,0.471443242614,0.673337691015,0.602902390526,74.9999993784,75.0000023162
0.720916920367,0.481901697775,0.693183623321,0.471792551581,0.673337691015,0.602902390526,74.9999993784,75.0000023162
0.721029179339,0.482237854255,0.693358097851,0.472141465633,0.673337691015,0.602902390526,74.9999993784,75.0000023162
0.721141543947,0.482573586575,0.693532651526,0.472489984379,0.673337691015,0.602902390526,74.9999993784,75.0000023162
0.721254013795,0.482908894438,0.69370728372,0.472838107432,0.673337691015,0.602902390526,74.9999993784,75.0000023162
0.721366588485,0.48324377755,0.69388199381,0.473185834402,0.673337691015,0.602902390526,74.9999993784,75.0000023162
0.721479267615,0.483578235622,0.694056781174,0.473533164897,0.673337691015,0.602902390526,74.9999993784,75.0000023162
0.721592050787,0.483912268355,0.694231645184,0.473880098531,0.673337691015,0.602902390526,74.9999993784,75.0000023162
0.721704937595,0.484245875463,0.69440658521,0.47422663492,0.673337691015,0.602902390526,74.9999993784,75.0000023162
0.721817927636,0.484579056655,0.694581600623,0.474572773676,0.673337691015,0.602902390526,74.9999993784,75.0000023162
0.721931020504,0.48491181164,0.694756690795,0.474918514411,0.673337691015,0.602902390526,74.9999993784,75.0000023162
0.722044215789,0.485244140133,0.694931855091,0.475263856744,0.673337691015,0.602902390526,74.9999993784,75.0000023162
0.722157513085,0.485576041841,0.695107092877,0.475608800294,0.673337691015,0.602902390526,74.9999993784,75.0000023162
0.72227091198,0.485907516482,0.695282403518,0.475953344674,0.673337691015,0.602902390526,74.9999993784,75.0000023162
0.722384412061,0.48623856377,0.69545778638,0.476297489503,0.673337691015,0.602902390526,74.9999993784,75.0000023162
0.722498012915,0.486569183419,0.695633240823,0.476641234402,0.673337691015,0.602902390526,74.9999993784,75.0000023162
0.722611714124,0.486899375149,0.695808766206,0.476984578993,0.673337691015,0.602902390526,74.9999993784,75.0000023162
0.722725515276,0.487229138671,0.695984361891,0.477327522893,0.673337691015,0.602902390526,74.9999993784,75.0000023162
0.722839415949,0.487558473707,0.696160027236,0.477670065724,0.673337691015,0.602902390526,74.9999993784,75.0000023162
0.722953415722,0.487887379978,0.696335761596,0.478012207112,0.673337691015,0.602902390526,74.9999993784,75.0000023162
0.723067514176,0.488215857201,0.696511564324,0.478353946681,0.673337691015,0.602902390526,74.9999993784,75.0000023162
0.723181710885,0.488543905102,0.696687434779,0.478695284051,0.673337691015,0.602902390526,74.9999993784,75.0000023162
0.723296005429,0.488871523395,0.696863372311,0.47903621885,0.673337691015,0.602902390526,74.9999993784,75.0000023162
0.723410397379,0.489198711808,0.697039376268,0.479376750707,0.673337691015,0.602902390526,74.9999993784,75.0000023162
0.723524886304,0.489525470069,0.697215446002,0.479716879247,0.673337691015,0.602902390526,74.9999993784,75.0000023162
0.72363947178,0.489851797896,0.697391580863,0.480056604096,0.673337691015,0.602902390526,74.9999993784,75.0000023162
0.723754153372,0.490177695021,0.697567780196,0.480395924886,0.673337691015,0.602902390526,74.9999993784,75.0000023162
0.723868930653,0.490503161164,0.697744043345,0.480734841249,0.673337691015,0.602902390526,74.9999993784,75.0000023162
0.723983803185,0.490828196057,0.697920369656,0.481073352812,0.673337691015,0.602902390526,74.9999993784,75.0000023162
0.724098770532,0.491152799432,0.698096758472,0.481411459206,0.673337691015,0.602902390526,74.9999993784,75.0000023162
0.72421383226,0.491476971014,0.698273209134,0.481749160068,0.673337691015,0.602902390526,74.9999993784,75.0000023162
0.724328987927,0.491800710538,0.69844972098,0.482086455031,0.673337691015,0.602902390526,74.9999993784,75.0000023162
0.724444237098,0.49212401773,0.698626293352,0.482423343725,0.673337691015,0.602902390526,74.9999993784,75.0000023162
0.724559579328,0.492446892326,0.698802925587,0.482759825788,0.673337691015,0.602902390526,74.9999993784,75.0000023162
0.724675014174,0.492769334063,0.698979617018,0.48309590086,0.673337691015,0.602902390526,74.9999993784,75.0000023162
0.724790541193,0.493091342671,0.699156366982,0.483431568575,0.673337691015,0.602902390526,74.9999993784,75.0000023162
0.724906159936,0.493412917891,0.699333174814,0.483766828568,0.673337691015,0.602902390526,74.9999993784,75.0000023162
0.725021869962,0.493734059452,0.699510039844,0.484101680481,0.673337691015,0.602902390526,74.9999993784,75.0000023162
0.725137670816,0.494054767097,0.699686961401,0.484436123958,0.673337691015,0.602902390526,74.9999993784,75.0000023162
0.725253562049,0.494375040566,0.699863938817,0.484770158636,0.673337691015,0.602902390526,74.9999993784,75.0000023162
0.725369543211,0.494694879595,0.700040971421,0.485103784154,0.673337691015,0.602902390526,74.9999993784,75.0000023162
0.725485613844,0.495014283929,0.700218058538,0.485437000161,0.673337691015,0.602902390526,74.9999993784,75.0000023162
0.725601773499,0.495333253304,0.700395199492,0.485769806298,0.673337691015,0.602902390526,74.9999993784,75.0000023162
0.725718021716,0.495651787466,0.700572393612,0.486102202207,0.673337691015,0.602902390526,74.9999993784,75.0000023162
0.725834358036,0.495969886159,0.700749640219,0.486434187536,0.673337691015,0.602902390526,74.9999993784,75.0000023162
0.725950782003,0.496287549126,0.70092693863,0.486765761933,0.673337691015,0.602902390526,74.9999993784,75.0000023162
0.726067293152,0.496604776117,0.701104288171,0.487096925045,0.673337691015,0.602902390526,74.9999993784,75.0000023162
0.726183891025,0.496921566872,0.70128168816,0.487427676516,0.673337691015,0.602902390526,74.9999993784,75.0000023162
0.726300575156,0.497237921143,0.701459137914,0.487758015999,0.673337691015,0.602902390526,74.9999993784,75.0000023162
0.726417345079,0.497553838678,0.701636636748,0.488087943147,0.673337691015,0.602902390526,74.9999993784,75.0000023162
0.726534200329,0.497869319225,0.70181418398,0.488417457605,0.673337691015,0.602902390526,74.9999993784,75.0000023162
0.726651140433,0.49818436254,0.701991778923,0.488746559027,0.673337691015,0.602902390526,74.9999993784,75.0000023162
0.726768164927,0.498498968369,0.702169420889,0.48907524707,0.673337691015,0.602902390526,74.9999993784,75.0000023162
0.726885273335,0.498813136468,0.702347109189,0.489403521385,0.673337691015,0.602902390526,74.9999993784,75.0000023162
0.727002465188,0.49912686659,0.702524843137,0.489731381623,0.673337691015,0.602902390526,74.9999993784,75.0000023162
0.727119740009,0.499440158489,0.702702622039,0.490058827445,0.673337691015,0.602902390526,74.9999993784,75.0000023162
0.727237097319,0.499753011929,0.702880445201,0.49038585851,0.673337691015,0.602902390526,74.9999993784,75.0000023162
0.727354536646,0.500065426658,0.703058311931,0.490712474471,0.673337691015,0.602902390526,74.9999993784,75.0000023162
0.727472057508,0.500377402441,0.703236221537,0.491038674986,0.673337691015,0.602902390526,74.9999993784,75.0000023162
0.727589659428,0.500688939028,0.70341417332,0.491364459718,0.673337691015,0.602902390526,74.9999993784,75.0000023162
0.727707341922,0.501000036186,0.703592166581,0.491689828329,0.673337691015,0.602902390526,74.9999993784,75.0000023162
0.727825104503,0.501310693681,0.703770200627,0.492014780473,0.673337691015,0.602902390526,74.9999993784,75.0000023162
0.727942946691,0.501620911266,0.703948274756,0.492339315818,0.673337691015,0.602902390526,74.9999993784,75.0000023162
0.728060867998,0.501930688712,0.704126388264,0.492663434031,0.673337691015,0.602902390526,74.9999993784,75.0000023162
0.72817886794,0.502240025774,0.704304540452,0.492987134771,0.673337691015,0.602902390526,74.9999993784,75.0000023162
0.728296946025,0.502548922223,0.704482730617,0.493310417702,0.673337691015,0.602902390526,74.9999993784,75.0000023162
0.728415101762,0.502857377829,0.704660958054,0.493633282495,0.673337691015,0.602902390526,74.9999993784,75.0000023162
0.728533334661,0.503165392353,0.704839222054,0.493955728817,0.673337691015,0.602902390526,74.9999993784,75.0000023162
0.728651644225,0.503472965569,0.705017521917,0.494277756331,0.673337691015,0.602902390526,74.9999993784,75.0000023162
0.728770029966,0.503780097238,0.70519585693,0.49459936471,0.673337691015,0.602902390526,74.9999993784,75.0000023162
0.728888491384,0.504086787138,0.705374226383,0.494920553627,0.673337691015,0.602902390526,74.9999993784,75.0000023162
0.729007027982,0.504393035036,0.705552629568,0.49524132275,0.673337691015,0.602902390526,74.9999993784,75.0000023162
0.729125639262,0.504698840706,0.705731065775,0.495561671748,0.673337691015,0.602902390526,74.9999993784,75.0000023162
0.729244324721,0.505004203926,0.705909534287,0.495881600299,0.673337691015,0.602902390526,74.9999993784,75.0000023162
0.72936308386,0.505309124462,0.70608803439,0.496201108078,0.673337691015,0.602902390526,74.9999993784,75.0000023162
0.729481916175,0.505613602096,0.706266565375,0.496520194754,0.673337691015,0.602902390526,74.9999993784,75.0000023162
0.729600821165,0.505917636597,0.706445126521,0.496838860005,0.673337691015,0.602902390526,74.9999993784,75.0000023162
0.72971979832,0.506221227748,0.706623717109,0.497157103514,0.673337691015,0.602902390526,74.9999993784,75.0000023162
0.729838847132,0.506524375333,0.706802336423,0.497474924953,0.673337691015,0.602902390526,74.9999993784,75.0000023162
0.729957967094,0.506827079122,0.706980983745,0.497792324,0.673337691015,0.602902390526,74.9999993784,75.0000023162
0.730077157695,0.507129338903,0.70715965835,0.498109300339,0.673337691015,0.602902390526,74.9999993784,75.0000023162
0.730196418428,0.50743115445,0.707338359518,0.498425853651,0.673337691015,0.602902390526,74.9999993784,75.0000023162
0.730315748777,0.50773252555,0.707517086528,0.498741983611,0.673337691015,0.602902390526,74.9999993784,75.0000023162
0.730435148226,0.508033451988,0.707695838655,0.499057689907,0.673337691015,0.602902390526,74.9999993784,75.0000023162
0.730554616262,0.508333933546,0.707874615168,0.499372972227,0.673337691015,0.602902390526,74.9999993784,75.0000023162
0.730674152366,0.508633970016,0.708053415347,0.49968783025,0.673337691015,0.602902390526,74.9999993784,75.0000023162
0.730793756023,0.508933561176,0.708232238464,0.50000226366,0.673337691015,0.602902390526,74.9999993784,75.0000023162
0.73091342671,0.509232706819,0.708411083786,0.500316272151,0.673337691015,0.602902390526,74.9999993784,75.0000023162
0.73103316391,0.50953140673,0.708589950586,0.500629855406,0.673337691015,0.602902390526,74.9999993784,75.0000023162
0.7311529671,0.509829660701,0.708768838135,0.500943013111,0.673337691015,0.602902390526,74.9999993784,75.0000023162
0.73127283575,0.510127468529,0.708947745699,0.50125574496,0.673337691015,0.602902390526,74.9999993784,75.0000023162
0.731392769341,0.510424829999,0.709126672542,0.501568050646,0.673337691015,0.602902390526,74.9999993784,75.0000023162
0.731512767343,0.510721744909,0.709305617936,0.501879929855,0.673337691015,0.602902390526,74.9999993784,75.0000023162
0.731632829234,0.511018213047,0.709484581142,0.502191382281,0.673337691015,0.602902390526,74.9999993784,75.0000023162
0.73175295448,0.511314234211,0.709663561422,0.502502407622,0.673337691015,0.602902390526,74.9999993784,75.0000023162
0.731873142552,0.511609808199,0.709842558042,0.50281300557,0.673337691015,0.602902390526,74.9999993784,75.0000023162
0.731993392919,0.511904934806,0.710021570264,0.503123175816,0.673337691015,0.602902390526,74.9999993784,75.0000023162
0.732113705044,0.512199613836,0.710200597345,0.503432918063,0.673337691015,0.602902390526,74.9999993784,75.0000023162
0.732234078398,0.512493845081,0.710379638546,0.503742232009,0.673337691015,0.602902390526,74.9999993784,75.0000023162
0.732354512441,0.512787628347,0.710558693128,0.504051117346,0.673337691015,0.602902390526,74.9999993784,75.0000023162
0.732475006641,0.513080963428,0.710737760347,0.504359573777,0.673337691015,0.602902390526,74.9999993784,75.0000023162
0.732595560456,0.513373850133,0.710916839454,0.504667601009,0.673337691015,0.602902390526,74.9999993784,75.0000023162
0.732716173345,0.513666288267,0.711095929711,0.504975198736,0.673337691015,0.602902390526,74.9999993784,75.0000023162
0.732836844769,0.513958277631,0.711275030372,0.50528236666,0.673337691015,0.602902390526,74.9999993784,75.0000023162
0.732957574183,0.514249818036,0.711454140684,0.505589104492,0.673337691015,0.602902390526,74.9999993784,75.0000023162
0.733078361049,0.514540909281,0.711633259905,0.505895411932,0.673337691015,0.602902390526,74.9999993784,75.0000023162
0.733199204816,0.51483155118,0.711812387286,0.506201288683,0.673337691015,0.602902390526,74.9999993784,75.0000023162
0.733320104945,0.515121743535,0.711991522074,0.506506734456,0.673337691015,0.602902390526,74.9999993784,75.0000023162
0.733441060884,0.515411486161,0.712170663519,0.50681174896,0.673337691015,0.602902390526,74.9999993784,75.0000023162
0.73356207208,0.515700778874,0.712349810873,0.507116331896,0.673337691015,0.602902390526,74.9999993784,75.0000023162
0.733683137989,0.51598962148,0.712528963381,0.507420482978,0.673337691015,0.602902390526,74.9999993784,75.0000023162
0.733804258055,0.516278013797,0.712708120284,0.507724201924,0.673337691015,0.602902390526,74.9999993784,75.0000023162
0.733925431731,0.516565955632,0.712887280834,0.508027488435,0.673337691015,0.602902390526,74.9999993784,75.0000023162
0.734046658458,0.516853446807,0.713066444274,0.508330342228,0.673337691015,0.602902390526,74.9999993784,75.0000023162
0.734167937686,0.517140487131,0.713245609843,0.508632763019,0.673337691015,0.602902390526,74.9999993784,75.0000023162
0.734289268856,0.517427076426,0.713424776787,0.508934750521,0.673337691015,0.602902390526,74.9999993784,75.0000023162
0.734410651405,0.517713214516,0.713603944348,0.509236304446,0.673337691015,0.602902390526,74.9999993784,75.0000023162
0.734532084781,0.517998901215,0.713783111764,0.509537424517,0.673337691015,0.602902390526,74.9999993784,75.0000023162
0.734653568417,0.518284136348,0.713962278274,0.50983811045,0.673337691015,0.602902390526,74.9999993784,75.0000023162
0.734775101759,0.518568919731,0.714141443121,0.510138361958,0.673337691015,0.602902390526,74.9999993784,75.0000023162
0.734896684239,0.518853251191,0.714320605538,0.510438178768,0.673337691015,0.602902390526,74.9999993784,75.0000023162
0.735018315298,0.519137130546,0.71449976476,0.510737560601,0.673337691015,0.602902390526,74.9999993784,75.0000023162
0.735139994368,0.519420557626,0.714678920029,0.511036507173,0.673337691015,0.602902390526,74.9999993784,75.0000023162
0.735261720878,0.519703532262,0.714858070577,0.511335018209,0.673337691015,0.602902390526,74.9999993784,75.0000023162
0.735383494265,0.519986054275,0.715037215632,0.51163309344,0.673337691015,0.602902390526,74.9999993784,75.0000023162
0.735505313957,0.520268123498,0.715216354434,0.511930732582,0.673337691015,0.602902390526,74.9999993784,75.0000023162
0.735627179387,0.520549739755,0.715395486214,0.512227935363,0.673337691015,0.602902390526,74.9999993784,75.0000023162
0.73574908998,0.520830902881,0.715574610199,0.512524701516,0.673337691015,0.602902390526,74.9999993784,75.0000023162
0.73587104517,0.521111612701,0.715753725622,0.512821030763,0.673337691015,0.602902390526,74.9999993784,75.0000023162
0.735993044377,0.521391869054,0.715932831713,0.513116922832,0.673337691015,0.602902390526,74.9999993784,75.0000023162
0.736115087026,0.521671671773,0.716111927698,0.513412377459,0.673337691015,0.602902390526,74.9999993784,75.0000023162
0.736237172543,0.521951020692,0.716291012804,0.513707394373,0.673337691015,0.602902390526,74.9999993784,75.0000023162
0.736359300346,0.522229915652,0.716470086261,0.514001973302,0.673337691015,0.602902390526,74.9999993784,75.0000023162
0.736481469862,0.522508356482,0.71664914729,0.514296113987,0.673337691015,0.602902390526,74.9999993784,75.0000023162
0.736603680506,0.522786343027,0.716828195115,0.514589816161,0.673337691015,0.602902390526,74.9999993784,75.0000023162
0.736725931702,0.52306387512,0.717007228965,0.514883079554,0.673337691015,0.602902390526,74.9999993784,75.0000023162
0.736848222864,0.523340952605,0.717186248059,0.515175903908,0.673337691015,0.602902390526,74.9999993784,75.0000023162
0.73697055341,0.523617575321,0.717365251616,0.515468288963,0.673337691015,0.602902390526,74.9999993784,75.0000023162
0.737092922756,0.523893743113,0.717544238865,0.51576023445,0.673337691015,0.602902390526,74.9999993784,75.0000023162
0.73721533031,0.524169455828,0.71772320902,0.516051740113,0.673337691015,0.602902390526,74.9999993784,75.0000023162
0.737337775491,0.524444713307,0.717902161298,0.5163428057,0.673337691015,0.602902390526,74.9999993784,75.0000023162
0.737460257707,0.524719515399,0.718081094925,0.516633430941,0.673337691015,0.602902390526,74.9999993784,75.0000023162
0.737582776373,0.524993861946,0.718260009115,0.516923615583,0.673337691015,0.602902390526,74.9999993784,75.0000023162
0.737705330894,0.5252677528,0.718438903081,0.517213359376,0.673337691015,0.602902390526,74.9999993784,75.0000023162
0.737827920682,0.525541187806,0.718617776045,0.517502662057,0.673337691015,0.602902390526,74.9999993784,75.0000023162
0.737950545143,0.525814166817,0.718796627222,0.517791523374,0.673337691015,0.602902390526,74.9999993784,75.0000023162
0.73807320368,0.526086689686,0.71897545582,0.518079943079,0.673337691015,0.602902390526,74.9999993784,75.0000023162
0.7381958957,0.526358756264,0.71915426106,0.518367920914,0.673337691015,0.602902390526,74.9999993784,75.0000023162
0.738318620604,0.526630366409,0.719333042153,0.518655456628,0.673337691015,0.602902390526,74.9999993784,75.0000023162
0.738441377797,0.526901519971,0.719511798307,0.518942549977,0.673337691015,0.602902390526,74.9999993784,75.0000023162
0.738564166678,0.527172216809,0.719690528737,0.519229200707,0.673337691015,0.602902390526,74.9999993784,75.0000023162
0.73868698665,0.527442456775,0.719869232656,0.51951540857,0.673337691015,0.602902390526,74.9999993784,75.0000023162
0.738809837111,0.527712239732,0.720047909267,0.519801173323,0.673337691015,0.602902390526,74.9999993784,75.0000023162
0.73893271746,0.527981565534,0.720226557783,0.520086494718,0.673337691015,0.602902390526,74.9999993784,75.0000023162
0.739055627093,0.528250434046,0.720405177414,0.520371372508,0.673337691015,0.602902390526,74.9999993784,75.0000023162
0.739178565403,0.528518845129,0.720583767364,0.520655806454,0.673337691015,0.602902390526,74.9999993784,75.0000023162
0.739301531788,0.528786798645,0.720762326839,0.520939796312,0.673337691015,0.602902390526,74.9999993784,75.0000023162
0.739424525636,0.529054294461,0.720940855051,0.521223341836,0.673337691015,0.602902390526,74.9999993784,75.0000023162
0.739547546344,0.529321332438,0.721119351198,0.521506442791,0.673337691015,0.602902390526,74.9999993784,75.0000023162
0.739670593301,0.529587912445,0.721297814487,0.521789098937,0.673337691015,0.602902390526,74.9999993784,75.0000023162
0.7397936659,0.529854034345,0.721476244125,0.52207131003,0.673337691015,0.602902390526,74.9999993784,75.0000023162
0.739916763526,0.530119698009,0.721654639311,0.52235307584,0.673337691015,0.602902390526,74.9999993784,75.0000023162
0.740039885572,0.530384903303,0.721832999247,0.522634396128,0.673337691015,0.602902390526,74.9999993784,75.0000023162
0.740163031421,0.530649650102,0.722011323139,0.522915270654,0.673337691015,0.602902390526,74.9999993784,75.0000023162
0.74028620046,0.530913938273,0.722189610184,0.52319569919,0.673337691015,0.602902390526,74.9999993784,75.0000023162
0.740409392074,0.531177767692,0.722367859582,0.523475681502,0.673337691015,0.602902390526,74.9999993784,75.0000023162
0.740532605642,0.531441138236,0.722546070536,0.523755217352,0.673337691015,0.602902390526,74.9999993784,75.0000023162
0.740655840551,0.531704049775,0.722724242241,0.524034306516,0.673337691015,0.602902390526,74.9999993784,75.0000023162
0.740779096179,0.531966502191,0.722902373895,0.524312948763,0.673337691015,0.602902390526,74.9999993784,75.0000023162
0.74090237191,0.532228495354,0.7230804647,0.524591143857,0.673337691015,0.602902390526,74.9999993784,75.0000023162
0.74102566712,0.532490029148,0.723258513849,0.524868891579,0.673337691015,0.602902390526,74.9999993784,75.0000023162
0.741148981191,0.532751103448,0.723436520537,0.525146191698,0.673337691015,0.602902390526,74.9999993784,75.0000023162
0.741272313497,0.533011718137,0.723614483963,0.525423043985,0.673337691015,0.602902390526,74.9999993784,75.0000023162
0.741395663418,0.533271873094,0.723792403319,0.525699448221,0.673337691015,0.602902390526,74.9999993784,75.0000023162
0.741519030326,0.533531568205,0.723970277799,0.525975404181,0.673337691015,0.602902390526,74.9999993784,75.0000023162
0.741642413595,0.533790803353,0.7241481066,0.526250911638,0.673337691015,0.602902390526,74.9999993784,75.0000023162
0.741765812598,0.534049578423,0.72432588891,0.526525970375,0.673337691015,0.602902390526,74.9999993784,75.0000023162
0.741889226706,0.534307893306,0.724503623923,0.526800580171,0.673337691015,0.602902390526,74.9999993784,75.0000023162
0.74201265529,0.534565747885,0.724681310833,0.527074740801,0.673337691015,0.602902390526,74.9999993784,75.0000023162
0.74213609772,0.534823142052,0.724858948826,0.527348452055,0.673337691015,0.602902390526,74.9999993784,75.0000023162
0.742259553367,0.535080075693,0.725036537096,0.52762171371,0.673337691015,0.602902390526,74.9999993784,75.0000023162
0.742383021595,0.535336548702,0.725214074833,0.527894525549,0.673337691015,0.602902390526,74.9999993784,75.0000023162
0.742506501776,0.535592560967,0.725391561222,0.528166887362,0.673337691015,0.602902390526,74.9999993784,75.0000023162
0.742629993271,0.535848112385,0.725568995456,0.528438798929,0.673337691015,0.602902390526,74.9999993784,75.0000023162
0.74275349545,0.536103202846,0.725746376721,0.528710260038,0.673337691015,0.602902390526,74.9999993784,75.0000023162
0.742877007673,0.536357832249,0.725923704202,0.528981270482,0.673337691015,0.602902390526,74.9999993784,75.0000023162
0.743000529306,0.536612000487,0.726100977089,0.529251830044,0.673337691015,0.602902390526,74.9999993784,75.0000023162
0.743124059708,0.536865707461,0.726278194568,0.529521938514,0.673337691015,0.602902390526,74.9999993784,75.0000023162
0.743247598239,0.537118953072,0.72645535582,0.529791595689,0.673337691015,0.602902390526,74.9999993784,75.0000023162
0.743371144261,0.537371737217,0.726632460036,0.530060801354,0.673337691015,0.602902390526,74.9999993784,75.0000023162
0.743494697129,0.537624059801,0.726809506397,0.530329555304,0.673337691015,0.602902390526,74.9999993784,75.0000023162
0.743618256206,0.537875920723,0.726986494084,0.530597857341,0.673337691015,0.602902390526,74.9999993784,75.0000023162
0.743741820844,0.538127319889,0.727163422287,0.530865707248,0.673337691015,0.602902390526,74.9999993784,75.0000023162
0.743865390403,0.538378257201,0.727340290185,0.531133104828,0.673337691015,0.602902390526,74.9999993784,75.0000023162
0.743988964236,0.538628732567,0.727517096956,0.531400049883,0.673337691015,0.602902390526,74.9999993784,75.0000023162
0.7441125417,0.538878745891,0.727693841789,0.531666542202,0.673337691015,0.602902390526,74.9999993784,75.0000023162
0.744236122144,0.539128297084,0.72787052386,0.531932581591,0.673337691015,0.602902390526,74.9999993784,75.0000023162
0.744359704925,0.539377386052,0.728047142349,0.532198167852,0.673337691015,0.602902390526,74.9999993784,75.0000023162
0.74448328939,0.539626012709,0.728223696441,0.532463300779,0.673337691015,0.602902390526,74.9999993784,75.0000023162
0.744606874892,0.539874176963,0.728400185311,0.532727980183,0.673337691015,0.602902390526,74.9999993784,75.0000023162
0.74473046078,0.540121878729,0.728576608138,0.532992205865,0.673337691015,0.602902390526,74.9999993784,75.0000023162
0.744854046403,0.540369117919,0.728752964104,0.533255977626,0.673337691015,0.602902390526,74.9999993784,75.0000023162
0.744977631108,0.540615894449,0.728929252382,0.533519295279,0.673337691015,0.602902390526,74.9999993784,75.0000023162
0.745101214238,0.540862208239,0.729105472153,0.533782158626,0.673337691015,0.602902390526,74.9999993784,75.0000023162
0.745224795142,0.541108059204,0.729281622594,0.534044567475,0.673337691015,0.602902390526,74.9999993784,75.0000023162
0.745348373163,0.541353447264,0.729457702878,0.534306521641,0.673337691015,0.602902390526,74.9999993784,75.0000023162
0.745471947646,0.541598372337,0.729633712186,0.534568020926,0.673337691015,0.602902390526,74.9999993784,75.0000023162
0.745595517932,0.541842834346,0.729809649691,0.534829065146,0.673337691015,0.602902390526,74.9999993784,75.0000023162
0.745719083367,0.54208683321,0.729985514564,0.535089654119,0.673337691015,0.602902390526,74.9999993784,75.0000023162
0.745842643288,0.542330368855,0.730161305987,0.535349787648,0.673337691015,0.602902390526,74.9999993784,75.0000023162
0.745966197038,0.542573441202,0.730337023129,0.535609465553,0.673337691015,0.602902390526,74.9999993784,75.0000023162
0.746089743955,0.54281605018,0.730512665162,0.535868687654,0.673337691015,0.602902390526,74.9999993784,75.0000023162
0.74621328338,0.543058195713,0.730688231265,0.536127453759,0.673337691015,0.602902390526,74.9999993784,75.0000023162
0.746336814647,0.543299877731,0.730863720606,0.536385763693,0.673337691015,0.602902390526,74.9999993784,75.0000023162
0.746460337097,0.54354109616,0.731039132359,0.536643617272,0.673337691015,0.602902390526,74.9999993784,75.0000023162
0.746583850062,0.543781850934,0.731214465697,0.536901014314,0.673337691015,0.602902390526,74.9999993784,75.0000023162
0.74670735288,0.54402214198,0.731389719787,0.537157954647,0.673337691015,0.602902390526,74.9999993784,75.0000023162
0.746830844884,0.544261969234,0.731564893807,0.537414438083,0.673337691015,0.602902390526,74.9999993784,75.0000023162
0.746954325408,0.544501332628,0.731739986925,0.537670464452,0.673337691015,0.602902390526,74.9999993784,75.0000023162
0.747077793783,0.544740232097,0.731914998305,0.537926033582,0.673337691015,0.602902390526,74.9999993784,75.0000023162
0.747201249343,0.544978667577,0.732089927125,0.53818114529,0.673337691015,0.602902390526,74.9999993784,75.0000023162
0.747324691417,0.545216639006,0.73226477255,0.538435799407,0.673337691015,0.602902390526,74.9999993784,75.0000023162
0.747448119335,0.545454146321,0.732439533748,0.538689995764,0.673337691015,0.602902390526,74.9999993784,75.0000023162
0.747571532427,0.545691189463,0.732614209892,0.538943734182,0.673337691015,0.602902390526,74.9999993784,75.0000023162
0.74769493002,0.545927768373,0.732788800145,0.539197014499,0.673337691015,0.602902390526,74.9999993784,75.0000023162
0.747818311442,0.546163882994,0.73296330368,0.539449836538,0.673337691015,0.602902390526,74.9999993784,75.0000023162
0.747941676018,0.546399533269,0.733137719662,0.539702200134,0.673337691015,0.602902390526,74.9999993784,75.0000023162
0.748065023076,0.54663471914,0.733312047255,0.539954105127,0.673337691015,0.602902390526,74.9999993784,75.0000023162
0.748188351939,0.546869440556,0.733486285632,0.540205551339,0.673337691015,0.602902390526,74.9999993784,75.0000023162
0.748311661933,0.547103697461,0.733660433956,0.540456538613,0.673337691015,0.602902390526,74.9999993784,75.0000023162
0.74843495238,0.547337489804,0.73383449139,0.540707066787,0.673337691015,0.602902390526,74.9999993784,75.0000023162
0.748558222605,0.547570817533,0.734008457105,0.540957135692,0.673337691015,0.602902390526,74.9999993784,75.0000023162
0.748681471927,0.5478036806,0.734182330261,0.541206745173,0.673337691015,0.602902390526,74.9999993784,75.0000023162
0.74880469967,0.548036078953,0.734356110029,0.541455895064,0.673337691015,0.602902390526,74.9999993784,75.0000023162
0.748927905151,0.548268012548,0.734529795571,0.541704585208,0.673337691015,0.602902390526,74.9999993784,75.0000023162
0.749051087693,0.548499481336,0.734703386047,0.541952815451,0.673337691015,0.602902390526,74.9999993784,75.0000023162
0.749174246612,0.548730485274,0.734876880628,0.542200585628,0.673337691015,0.602902390526,74.9999993784,75.0000023162
0.749297381228,0.548961024316,0.735050278474,0.542447895588,0.673337691015,0.602902390526,74.9999993784,75.0000023162
0.749420490857,0.549191098421,0.735223578747,0.542694745178,0.673337691015,0.602902390526,74.9999993784,75.0000023162
0.749543574817,0.549420707546,0.735396780614,0.542941134239,0.673337691015,0.602902390526,74.9999993784,75.0000023162
0.749666632421,0.549649851652,0.735569883233,0.543187062624,0.673337691015,0.602902390526,74.9999993784,75.0000023162
0.749789662986,0.549878530699,0.735742885773,0.543432530174,0.673337691015,0.602902390526,74.9999993784,75.0000023162
0.749912665827,0.550106744649,0.735915787392,0.543677536742,0.673337691015,0.602902390526,74.9999993784,75.0000023162
0.750035640255,0.550334493465,0.736088587249,0.543922082185,0.673337691015,0.602902390526,74.9999993784,75.0000023162
0.750158585585,0.550561777112,0.736261284511,0.544166166345,0.673337691015,0.602902390526,74.9999993784,75.0000023162
0.750281501127,0.550788595555,0.736433878336,0.544409789082,0.673337691015,0.602902390526,74.9999993784,75.0000023162
0.750404386194,0.551014948762,0.736606367887,0.544652950245,0.673337691015,0.602902390526,74.9999993784,75.0000023162
0.750527240097,0.551240836698,0.736778752326,0.54489564969,0.673337691015,0.602902390526,74.9999993784,75.0000023162
0.750650062143,0.551466259335,0.736951030808,0.545137887278,0.673337691015,0.602902390526,74.9999993784,75.0000023162
0.750772851645,0.551691216642,0.7371232025,0.545379662858,0.673337691015,0.602902390526,74.9999993784,75.0000023162
0.750895607908,0.551915708591,0.737295266559,0.545620976294,0.673337691015,0.602902390526,74.9999993784,75.0000023162
0.751018330242,0.552139735155,0.737467222144,0.545861827445,0.673337691015,0.602902390526,74.9999993784,75.0000023162
0.751141017953,0.552363296306,0.737639068417,0.546102216169,0.673337691015,0.602902390526,74.9999993784,75.0000023162
0.751263670348,0.552586392021,0.737810804534,0.546342142333,0.673337691015,0.602902390526,74.9999993784,75.0000023162
0.751386286732,0.552809022276,0.737982429659,0.54658160579,0.673337691015,0.602902390526,74.9999993784,75.0000023162
0.75150886641,0.553031187048,0.738153942949,0.546820606411,0.673337691015,0.602902390526,74.9999993784,75.0000023162
0.751631408687,0.553252886315,0.738325343559,0.547059144063,0.673337691015,0.602902390526,74.9999993784,75.0000023162
0.751753912866,0.553474120058,0.738496630652,0.547297218605,0.673337691015,0.602902390526,74.9999993784,75.0000023162
0.751876378251,0.553694888258,0.738667803383,0.547534829912,0.673337691015,0.602902390526,74.9999993784,75.0000023162
0.751998804143,0.553915190896,0.738838860916,0.547771977843,0.673337691015,0.602902390526,74.9999993784,75.0000023162
0.752121189845,0.554135027957,0.739009802405,0.548008662273,0.673337691015,0.602902390526,74.9999993784,75.0000023162
0.752243534656,0.554354399424,0.739180627005,0.548244883075,0.673337691015,0.602902390526,74.9999993784,75.0000023162
0.752365837879,0.554573305284,0.739351333878,0.548480640115,0.673337691015,0.602902390526,74.9999993784,75.0000023162
0.752488098812,0.554791745524,0.739521922177,0.548715933271,0.673337691015,0.602902390526,74.9999993784,75.0000023162
0.752610316754,0.555009720131,0.739692391067,0.54895076241,0.673337691015,0.602902390526,74.9999993784,75.0000023162
0.752732491004,0.555227229096,0.7398627397,0.54918512741,0.673337691015,0.602902390526,74.9999993784,75.0000023162
0.75285462086,0.555444272408,0.74003296723,0.549419028152,0.673337691015,0.602902390526,74.9999993784,75.0000023162
0.752976705618,0.55566085006,0.740203072819,0.549652464506,0.673337691015,0.602902390526,74.9999993784,75.0000023162
0.753098744577,0.555876962044,0.740373055619,0.549885436357,0.673337691015,0.602902390526,74.9999993784,75.0000023162
0.75322073703,0.556092608355,0.740542914793,0.550117943575,0.673337691015,0.602902390526,74.9999993784,75.0000023162
0.753342682275,0.556307788988,0.740712649494,0.550349986047,0.673337691015,0.602902390526,74.9999993784,75.0000023162
0.753464579604,0.55652250394,0.740882258875,0.550581563655,0.673337691015,0.602902390526,74.9999993784,75.0000023162
0.753586428314,0.556736753208,0.741051742097,0.550812676279,0.673337691015,0.602902390526,74.9999993784,75.0000023162
0.753708227696,0.556950536792,0.741221098312,0.551043323806,0.673337691015,0.602902390526,74.9999993784,75.0000023162
0.753829977044,0.557163854691,0.74139032668,0.551273506116,0.673337691015,0.602902390526,74.9999993784,75.0000023162
0.753951675651,0.557376706908,0.741559426354,0.551503223098,0.673337691015,0.602902390526,74.9999993784,75.0000023162
0.754073322808,0.557589093443,0.741728396491,0.551732474638,0.673337691015,0.602902390526,74.9999993784,75.0000023162
0.754194917806,0.557801014303,0.741897236247,0.551961260625,0.673337691015,0.602902390526,74.9999993784,75.0000023162
0.754316459937,0.55801246949,0.742065944774,0.552189580952,0.673337691015,0.602902390526,74.9999993784,75.0000023162
0.754437948489,0.558223459013,0.742234521231,0.552417435502,0.673337691015,0.602902390526,74.9999993784,75.0000023162
0.754559382753,0.558433982877,0.742402964772,0.552644824172,0.673337691015,0.602902390526,74.9999993784,75.0000023162
0.754680762017,0.558644041093,0.742571274556,0.552871746849,0.673337691015,0.602902390526,74.9999993784,75.0000023162
0.754802085567,0.558853633672,0.742739449734,0.553098203431,0.673337691015,0.602902390526,74.9999993784,75.0000023162
0.754923352694,0.559062760623,0.742907489459,0.553324193817,0.673337691015,0.602902390526,74.9999993784,75.0000023162
0.755044562683,0.559271421961,0.74307539289,0.553549717897,0.673337691015,0.602902390526,74.9999993784,75.0000023162
0.755165714821,0.559479617696,0.74324315918,0.553774775571,0.673337691015,0.602902390526,74.9999993784,75.0000023162
0.755286808395,0.559687347846,0.743410787488,0.553999366733,0.673337691015,0.602902390526,74.9999993784,75.0000023162
0.755407842691,0.559894612424,0.743578276965,0.554223491286,0.673337691015,0.602902390526,74.9999993784,75.0000023162
0.755528816992,0.560101411449,0.743745626766,0.55444714913,0.673337691015,0.602902390526,74.9999993784,75.0000023162
0.755649730586,0.560307744937,0.743912836048,0.554670340166,0.673337691015,0.602902390526,74.9999993784,75.0000023162
0.755770582754,0.560513612911,0.744079903961,0.554893064301,0.673337691015,0.602902390526,74.9999993784,75.0000023162
0.755891372782,0.560719015387,0.744246829666,0.555115321431,0.673337691015,0.602902390526,74.9999993784,75.0000023162
0.756012099952,0.560923952391,0.744413612314,0.555337111468,0.673337691015,0.602902390526,74.9999993784,75.0000023162
0.756132763547,0.561128423942,0.744580251063,0.55555843431,0.673337691015,0.602902390526,74.9999993784,75.0000023162
0.756253362849,0.561332430067,0.744746745066,0.55577928987,0.673337691015,0.602902390526,74.9999993784,75.0000023162
0.756373897141,0.56153597079,0.744913093475,0.555999678059,0.673337691015,0.602902390526,74.9999993784,75.0000023162
0.756494365702,0.56173904614,0.745079295449,0.55621959878,0.673337691015,0.602902390526,74.9999993784,75.0000023162
0.756614767815,0.56194165614,0.745245350138,0.556439051951,0.673337691015,0.602902390526,74.9999993784,75.0000023162
0.756735102758,0.562143800824,0.745411256702,0.556658037476,0.673337691015,0.602902390526,74.9999993784,75.0000023162
0.756855369813,0.562345480218,0.745577014292,0.556876555273,0.673337691015,0.602902390526,74.9999993784,75.0000023162
0.756975568258,0.562546694357,0.745742622067,0.557094605249,0.673337691015,0.602902390526,74.9999993784,75.0000023162
0.757095697369,0.562747443276,0.74590807918,0.557312187325,0.673337691015,0.602902390526,74.9999993784,75.0000023162
0.757215756428,0.562947727005,0.746073384783,0.557529301419,0.673337691015,0.602902390526,74.9999993784,75.0000023162
0.757335744708,0.563147545584,0.746238538034,0.557745947443,0.673337691015,0.602902390526,74.9999993784,75.0000023162
0.75745566149,0.563346899046,0.746403538085,0.557962125322,0.673337691015,0.602902390526,74.9999993784,75.0000023162
0.757575506049,0.563545787431,0.746568384095,0.558177834969,0.673337691015,0.602902390526,74.9999993784,75.0000023162
0.757695277665,0.563744210774,0.746733075216,0.558393076308,0.673337691015,0.602902390526,74.9999993784,75.0000023162
0.757814975609,0.563942169119,0.746897610606,0.558607849257,0.673337691015,0.602902390526,74.9999993784,75.0000023162
0.757934599163,0.564139662503,0.747061989419,0.558822153743,0.673337691015,0.602902390526,74.9999993784,75.0000023162
0.758054147597,0.564336690972,0.74722621081,0.559035989687,0.673337691015,0.602902390526,74.9999993784,75.0000023162
0.75817362019,0.564533254566,0.747390273935,0.559249357016,0.673337691015,0.602902390526,74.9999993784,75.0000023162
0.758293016214,0.564729353332,0.747554177947,0.55946225566,0.673337691015,0.602902390526,74.9999993784,75.0000023162
0.758412334946,0.564924987313,0.747717922004,0.55967468554,0.673337691015,0.602902390526,74.9999993784,75.0000023162
0.758531575656,0.56512015656,0.747881505259,0.55988664659,0.673337691015,0.602902390526,74.9999993784,75.0000023162
0.758650737618,0.565314861121,0.748044926872,0.560098138735,0.673337691015,0.602902390526,74.9999993784,75.0000023162
0.758769820106,0.565509101045,0.748208185995,0.560309161908,0.673337691015,0.602902390526,74.9999993784,75.0000023162
0.758888822388,0.565702876388,0.748371281789,0.560519716037,0.673337691015,0.602902390526,74.9999993784,75.0000023162
0.75900774374,0.565896187197,0.748534213406,0.56072980106,0.673337691015,0.602902390526,74.9999993784,75.0000023162
0.75912658343,0.566089033529,0.748696980002,0.56093941691,0.673337691015,0.602902390526,74.9999993784,75.0000023162
0.759245340735,0.566281415434,0.748859580735,0.561148563521,0.673337691015,0.602902390526,74.9999993784,75.0000023162
0.75936401492,0.566473332972,0.749022014758,0.561357240834,0.673337691015,0.602902390526,74.9999993784,75.0000023162
0.759482605262,0.566664786196,0.749184281232,0.561565448781,0.673337691015,0.602902390526,74.9999993784,75.0000023162
0.759601111026,0.566855775167,0.749346379309,0.561773187305,0.673337691015,0.602902390526,74.9999993784,75.0000023162
0.759719531487,0.567046299939,0.749508308151,0.561980456342,0.673337691015,0.602902390526,74.9999993784,75.0000023162
0.75983786591,0.567236360578,0.749670066911,0.562187255837,0.673337691015,0.602902390526,74.9999993784,75.0000023162
0.759956113566,0.567425957146,0.74983165475,0.562393585726,0.673337691015,0.602902390526,74.9999993784,75.0000023162
0.760074273723,0.567615089705,0.749993070822,0.562599445957,0.673337691015,0.602902390526,74.9999993784,75.0000023162
0.760192345645,0.567803758324,0.750154314288,0.562804836471,0.673337691015,0.602902390526,74.9999993784,75.0000023162
0.760310328607,0.567991963063,0.750315384303,0.563009757216,0.673337691015,0.602902390526,74.9999993784,75.0000023162
0.760428221871,0.568179703994,0.750476280023,0.563214208141,0.673337691015,0.602902390526,74.9999993784,75.0000023162
0.76054602471,0.568366981178,0.750637000608,0.563418189191,0.673337691015,0.602902390526,74.9999993784,75.0000023162
0.760663736386,0.568553794689,0.750797545214,0.563621700318,0.673337691015,0.602902390526,74.9999993784,75.0000023162
0.760781356173,0.568740144592,0.750957913003,0.563824741468,0.673337691015,0.602902390526,74.9999993784,75.0000023162
0.760898883332,0.568926030964,0.75111810313,0.564027312596,0.673337691015,0.602902390526,74.9999993784,75.0000023162
0.761016317132,0.569111453875,0.751278114756,0.564229413649,0.673337691015,0.602902390526,74.9999993784,75.0000023162
0.761133656837,0.569296413399,0.75143794704,0.564431044586,0.673337691015,0.602902390526,74.9999993784,75.0000023162
0.761250901709,0.569480909619,0.751597599141,0.564632205356,0.673337691015,0.602902390526,74.9999993784,75.0000023162
0.761368051018,0.569664942604,0.751757070218,0.564832895919,0.673337691015,0.602902390526,74.9999993784,75.0000023162
0.761485104026,0.569848512437,0.751916359433,0.565033116228,0.673337691015,0.602902390526,74.9999993784,75.0000023162
0.761602060002,0.57003161919,0.752075465943,0.565232866244,0.673337691015,0.602902390526,74.9999993784,75.0000023162
0.761718918206,0.570214262949,0.75223438891,0.565432145923,0.673337691015,0.602902390526,74.9999993784,75.0000023162
0.761835677909,0.570396443788,0.752393127492,0.565630955229,0.673337691015,0.602902390526,74.9999993784,75.0000023162
0.76195233837,0.570578161796,0.75255168085,0.565829294123,0.673337691015,0.602902390526,74.9999993784,75.0000023162
0.762068898852,0.570759417056,0.752710048145,0.566027162567,0.673337691015,0.602902390526,74.9999993784,75.0000023162
0.76218535862,0.570940209653,0.752868228538,0.566224560526,0.673337691015,0.602902390526,74.9999993784,75.0000023162
0.762301716933,0.571120539678,0.75302622119,0.566421487962,0.673337691015,0.602902390526,74.9999993784,75.0000023162
0.76241797306,0.571300407211,0.753184025262,0.566617944844,0.673337691015,0.602902390526,74.9999993784,75.0000023162
0.762534126258,0.571479812346,0.753341639918,0.566813931136,0.673337691015,0.602902390526,74.9999993784,75.0000023162
0.762650175797,0.571658755167,0.753499064318,0.567009446808,0.673337691015,0.602902390526,74.9999993784,75.0000023162
0.762766120933,0.571837235769,0.753656297626,0.567204491828,0.673337691015,0.602902390526,74.9999993784,75.0000023162
0.762881960933,0.572015254243,0.753813339004,0.567399066167,0.673337691015,0.602902390526,74.9999993784,75.0000023162
0.762997695055,0.572192810683,0.753970187615,0.567593169796,0.673337691015,0.602902390526,74.9999993784,75.0000023162
0.763113322557,0.572369905191,0.754126842622,0.56778680269,0.673337691015,0.602902390526,74.9999993784,75.0000023162
0.763228842706,0.572546537854,0.75428330319,0.567979964819,0.673337691015,0.602902390526,74.9999993784,75.0000023162
0.763344254759,0.572722708777,0.754439568481,0.568172656161,0.673337691015,0.602902390526,74.9999993784,75.0000023162
0.763459557983,0.572898418048,0.75459563766,0.56836487669,0.673337691015,0.602902390526,74.9999993784,75.0000023162
0.763574751635,0.573073665775,0.754751509891,0.568556626385,0.673337691015,0.602902390526,74.9999993784,75.0000023162
0.763689834976,0.573248452054,0.75490718434,0.568747905222,0.673337691015,0.602902390526,74.9999993784,75.0000023162
0.763804807267,0.57342277699,0.755062660171,0.568938713184,0.673337691015,0.602902390526,74.9999993784,75.0000023162
0.763919667763,0.573596640693,0.75521793655,0.569129050249,0.673337691015,0.602902390526,74.9999993784,75.0000023162
0.76403441573,0.573770043258,0.755373012641,0.5693189164,0.673337691015,0.602902390526,74.9999993784,75.0000023162
0.764149050423,0.573942984799,0.755527887613,0.569508311619,0.673337691015,0.602902390526,74.9999993784,75.0000023162
0.764263571109,0.574115465411,0.75568256063,0.569697235892,0.673337691015,0.602902390526,74.9999993784,75.0000023162
0.764377977042,0.574287485212,0.755837030859,0.569885689203,0.673337691015,0.602902390526,74.9999993784,75.0000023162
0.764492267481,0.574459044311,0.755991297467,0.570073671539,0.673337691015,0.602902390526,74.9999993784,75.0000023162
0.764606441687,0.574630142815,0.756145359621,0.570261182889,0.673337691015,0.602902390526,74.9999993784,75.0000023162
0.764720498915,0.574800780845,0.75629921649,0.57044822324,0.673337691015,0.602902390526,74.9999993784,75.0000023162
0.764834438429,0.574970958503,0.756452867241,0.570634792582,0.673337691015,0.602902390526,74.9999993784,75.0000023162
0.764948259484,0.575140675911,0.756606311043,0.570820890906,0.673337691015,0.602902390526,74.9999993784,75.0000023162
0.765061961346,0.575309933175,0.756759547065,0.571006518205,0.673337691015,0.602902390526,74.9999993784,75.0000023162
0.765175543268,0.575478730419,0.756912574476,0.571191674471,0.673337691015,0.602902390526,74.9999993784,75.0000023162
0.765289004501,0.575647067769,0.757065392446,0.571376359699,0.673337691015,0.602902390526,74.9999993784,75.0000023162
0.765402344313,0.575814945333,0.757218000145,0.571560573885,0.673337691015,0.602902390526,74.9999993784,75.0000023162
0.765515561955,0.575982363241,0.757370396744,0.571744317024,0.673337691015,0.602902390526,74.9999993784,75.0000023162
0.765628656694,0.576149321603,0.757522581412,0.571927589116,0.673337691015,0.602902390526,74.9999993784,75.0000023162
0.765741627782,0.576315820549,0.757674553322,0.572110390158,0.673337691015,0.602902390526,74.9999993784,75.0000023162
0.765854474476,0.576481860205,0.757826311645,0.572292720151,0.673337691015,0.602902390526,74.9999993784,75.0000023162
0.765967196036,0.576647440692,0.757977855553,0.572474579097,0.673337691015,0.602902390526,74.9999993784,75.0000023162
0.766079791714,0.576812562145,0.758129184218,0.572655966997,0.673337691015,0.602902390526,74.9999993784,75.0000023162
0.766192260776,0.576977224681,0.758280296814,0.572836883855,0.673337691015,0.602902390526,74.9999993784,75.0000023162
0.766304602474,0.577141428436,0.758431192514,0.573017329677,0.673337691015,0.602902390526,74.9999993784,75.0000023162
0.766416816068,0.577305173538,0.758581870491,0.573197304466,0.673337691015,0.602902390526,74.9999993784,75.0000023162
0.766528900814,0.577468460117,0.75873232992,0.573376808232,0.673337691015,0.602902390526,74.9999993784,75.0000023162
0.766640855963,0.577631288317,0.758882569975,0.573555840981,0.673337691015,0.602902390526,74.9999993784,75.0000023162
0.766752680782,0.577793658258,0.759032589831,0.573734402723,0.673337691015,0.602902390526,74.9999993784,75.0000023162
0.766864374522,0.577955570084,0.759182388664,0.573912493469,0.673337691015,0.602902390526,74.9999993784,75.0000023162
0.766975936444,0.578117023925,0.75933196565,0.57409011323,0.673337691015,0.602902390526,74.9999993784,75.0000023162
0.767087365803,0.578278019921,0.759481319966,0.574267262018,0.673337691015,0.602902390526,74.9999993784,75.0000023162
0.767198661848,0.578438558221,0.759630450787,0.574443939848,0.673337691015,0.602902390526,74.9999993784,75.0000023162
0.767309823848,0.578598638952,0.75977935729,0.574620146735,0.673337691015,0.602902390526,74.9999993784,75.0000023162
0.767420851051,0.578758262264,0.759928038655,0.574795882695,0.673337691015,0.602902390526,74.9999993784,75.0000023162
0.767531742722,0.578917428292,0.760076494058,0.574971147747,0.673337691015,0.602902390526,74.9999993784,75.0000023162
0.767642498112,0.579076137183,0.760224722679,0.575145941907,0.673337691015,0.602902390526,74.9999993784,75.0000023162
0.767753116473,0.579234389092,0.760372723696,0.575320265198,0.673337691015,0.602902390526,74.9999993784,75.0000023162
0.767863597071,0.579392184151,0.76052049629,0.575494117637,0.673337691015,0.602902390526,74.9999993784,75.0000023162
0.767973939155,0.579549522518,0.760668039639,0.575667499249,0.673337691015,0.602902390526,74.9999993784,75.0000023162
0.768084141988,0.579706404334,0.760815352926,0.575840410055,0.673337691015,0.602902390526,74.9999993784,75.0000023162
0.768194204825,0.579862829752,0.760962435332,0.576012850081,0.673337691015,0.602902390526,74.9999993784,75.0000023162
0.768304126914,0.580018798932,0.761109286037,0.576184819351,0.673337691015,0.602902390526,74.9999993784,75.0000023162
0.768413907524,0.580174312012,0.761255904225,0.576356317892,0.673337691015,0.602902390526,74.9999993784,75.0000023162
0.768523545903,0.580329369156,0.761402289078,0.576527345731,0.673337691015,0.602902390526,74.9999993784,75.0000023162
0.768633041311,0.580483970515,0.761548439779,0.576697902897,0.673337691015,0.602902390526,74.9999993784,75.0000023162
0.768742393007,0.580638116244,0.761694355513,0.57686798942,0.673337691015,0.602902390526,74.9999993784,75.0000023162
0.768851600238,0.58079180651,0.761840035463,0.577037605333,0.673337691015,0.602902390526,74.9999993784,75.0000023162
0.768960662273,0.580945041456,0.761985478815,0.577206750664,0.673337691015,0.602902390526,74.9999993784,75.0000023162
0.769069578363,0.581097821252,0.762130684753,0.57737542545,0.673337691015,0.602902390526,74.9999993784,75.0000023162
0.769178347759,0.581250146063,0.762275652465,0.577543629723,0.673337691015,0.602902390526,74.9999993784,75.0000023162
0.769286969727,0.581402016041,0.762420381135,0.577711363521,0.673337691015,0.602902390526,74.9999993784,75.0000023162
0.769395443516,0.581553431361,0.762564869953,0.577878626878,0.673337691015,0.602902390526,74.9999993784,75.0000023162
0.769503768393,0.581704392173,0.762709118105,0.578045419835,0.673337691015,0.602902390526,74.9999993784,75.0000023162
0.769611943608,0.581854898651,0.762853124777,0.57821174243,0.673337691015,0.602902390526,74.9999993784,75.0000023162
0.76971996841,0.582004950974,0.76299688916,0.578377594704,0.673337691015,0.602902390526,74.9999993784,75.0000023162
0.76982784207,0.582154549293,0.763140410441,0.578542976701,0.673337691015,0.602902390526,74.9999993784,75.0000023162
0.769935563836,0.582303693788,0.763283687811,0.57870788846,0.673337691015,0.602902390526,74.9999993784,75.0000023162
0.770043132969,0.582452384626,0.763426720459,0.578872330029,0.673337691015,0.602902390526,74.9999993784,75.0000023162
0.770150548728,0.582600621977,0.763569507578,0.579036301449,0.673337691015,0.602902390526,74.9999993784,75.0000023162
0.770257810361,0.582748406025,0.763712048358,0.579199802768,0.673337691015,0.602902390526,74.9999993784,75.0000023162
0.770364917139,0.582895736927,0.763854341993,0.579362834032,0.673337691015,0.602902390526,74.9999993784,75.0000023162
0.770471868312,0.58304261487,0.763996387673,0.57952539529,0.673337691015,0.602902390526,74.9999993784,75.0000023162
0.77057866313,0.58318904004,0.764138184596,0.57968748659,0.673337691015,0.602902390526,74.9999993784,75.0000023162
0.770685300863,0.583335012598,0.764279731952,0.579849107985,0.673337691015,0.602902390526,74.9999993784,75.0000023162
0.770791780761,0.583480532737,0.764421028938,0.580010259524,0.673337691015,0.602902390526,74.9999993784,75.0000023162
0.770898102085,0.58362560063,0.764562074748,0.580170941262,0.673337691015,0.602902390526,74.9999993784,75.0000023162
0.771004264095,0.583770216459,0.764702868576,0.580331153255,0.673337691015,0.602902390526,74.9999993784,75.0000023162
0.77111026604,0.583914380417,0.76484340962,0.580490895558,0.673337691015,0.602902390526,74.9999993784,75.0000023162
0.771216107193,0.584058092671,0.764983697074,0.580650168228,0.673337691015,0.602902390526,74.9999993784,75.0000023162
0.771321786803,0.584201353418,0.765123730139,0.580808971321,0.673337691015,0.602902390526,74.9999993784,75.0000023162
0.77142730412,0.584344162855,0.76526350801,0.580967304898,0.673337691015,0.602902390526,74.9999993784,75.0000023162
0.771532658418,0.584486521151,0.765403029891,0.581125169015,0.673337691015,0.602902390526,74.9999993784,75.0000023162
0.771637848946,0.584628428508,0.765542294978,0.581282563738,0.673337691015,0.602902390526,74.9999993784,75.0000023162
0.771742874964,0.584769885114,0.765681302473,0.581439489122,0.673337691015,0.602902390526,74.9999993784,75.0000023162
0.771847735735,0.584910891156,0.765820051576,0.581595945237,0.673337691015,0.602902390526,74.9999993784,75.0000023162
0.771952430512,0.585051446837,0.765958541488,0.581751932146,0.673337691015,0.602902390526,74.9999993784,75.0000023162
0.772056958561,0.585191552339,0.766096771411,0.581907449914,0.673337691015,0.602902390526,74.9999993784,75.0000023162
0.77216131914,0.585331207862,0.766234740545,0.582062498613,0.673337691015,0.602902390526,74.9999993784,75.0000023162
0.772265511498,0.585470413615,0.766372448098,0.582217078305,0.673337691015,0.602902390526,74.9999993784,75.0000023162
0.772369534913,0.585609169774,0.76650989327,0.582371189064,0.673337691015,0.602902390526,74.9999993784,75.0000023162
0.772473388633,0.585747476551,0.766647075271,0.582524830955,0.673337691015,0.602902390526,74.9999993784,75.0000023162
0.772577071912,0.585885334156,0.766783993301,0.582678004054,0.673337691015,0.602902390526,74.9999993784,75.0000023162
0.772680584025,0.586022742772,0.766920646573,0.582830708428,0.673337691015,0.602902390526,74.9999993784,75.0000023162
0.772783924223,0.586159702614,0.767057034289,0.582982944155,0.673337691015,0.602902390526,74.9999993784,75.0000023162
0.772887091765,0.586296213886,0.767193155654,0.583134711315,0.673337691015,0.602902390526,74.9999993784,75.0000023162
0.772990085921,0.586432276785,0.767329009879,0.583286009979,0.673337691015,0.602902390526,74.9999993784,75.0000023162
0.773092905942,0.586567891527,0.767464596171,0.583436840228,0.673337691015,0.602902390526,74.9999993784,75.0000023162
0.773195551095,0.586703058315,0.767599913743,0.583587202135,0.673337691015,0.602902390526,74.9999993784,75.0000023162
0.773298020642,0.586837777354,0.767734961803,0.583737095784,0.673337691015,0.602902390526,74.9999993784,75.0000023162
0.773400313838,0.586972048868,0.767869739566,0.58388652125,0.673337691015,0.602902390526,74.9999993784,75.0000023162
0.773502429953,0.587105873052,0.768004246239,0.584035478621,0.673337691015,0.602902390526,74.9999993784,75.0000023162
0.773604368247,0.587239250125,0.768138481034,0.584183967981,0.673337691015,0.602902390526,74.9999993784,75.0000023162
0.773706127973,0.587372180313,0.768272443166,0.584331989412,0.673337691015,0.602902390526,74.9999993784,75.0000023162
0.773807708408,0.587504663809,0.768406131847,0.584479543004,0.673337691015,0.602902390526,74.9999993784,75.0000023162
0.773909108809,0.587636700842,0.768539546295,0.584626628835,0.673337691015,0.602902390526,74.9999993784,75.0000023162
0.774010328427,0.58776829164,0.768672685722,0.584773247,0.673337691015,0.602902390526,74.9999993784,75.0000023162
0.774111366545,0.587899436398,0.768805549349,0.584919397582,0.673337691015,0.602902390526,74.9999993784,75.0000023162
0.774212222417,0.58803013535,0.768938136389,0.585065080675,0.673337691015,0.602902390526,74.9999993784,75.0000023162
0.774312895296,0.588160388729,0.769070446056,0.585210296375,0.673337691015,0.602902390526,74.9999993784,75.0000023162
0.774413384466,0.588290196733,0.769202477573,0.585355044768,0.673337691015,0.602902390526,74.9999993784,75.0000023162
0.774513689179,0.5884195596,0.769334230157,0.585499325953,0.673337691015,0.602902390526,74.9999993784,75.0000023162
0.774613808694,0.588548477562,0.769465703031,0.585643140017,0.673337691015,0.602902390526,74.9999993784,75.0000023162
0.774713742291,0.588676950826,0.769596895413,0.585786487061,0.673337691015,0.602902390526,74.9999993784,75.0000023162
0.774813489225,0.588804979633,0.769727806524,0.585929367185,0.673337691015,0.602902390526,74.9999993784,75.0000023162
0.774913048758,0.588932564215,0.769858435587,0.586071780482,0.673337691015,0.602902390526,74.9999993784,75.0000023162
0.775012420167,0.589059704786,0.769988781821,0.586213727059,0.673337691015,0.602902390526,74.9999993784,75.0000023162
0.77511160271,0.58918640159,0.770118844456,0.586355207007,0.673337691015,0.602902390526,74.9999993784,75.0000023162
0.775210595648,0.589312654862,0.770248622712,0.586496220435,0.673337691015,0.602902390526,74.9999993784,75.0000023162
0.775309398262,0.589438464821,0.770378115817,0.586636767442,0.673337691015,0.602902390526,74.9999993784,75.0000023162
0.775408009807,0.589563831713,0.770507322997,0.586776848134,0.673337691015,0.602902390526,74.9999993784,75.0000023162
0.775506429547,0.589688755778,0.770636243472,0.586916462621,0.673337691015,0.602902390526,74.9999993784,75.0000023162
0.775604656764,0.589813237236,0.770764876478,0.587055611001,0.673337691015,0.602902390526,74.9999993784,75.0000023162
0.775702690714,0.589937276341,0.770893221237,0.587194293389,0.673337691015,0.602902390526,74.9999993784,75.0000023162
0.775800530661,0.590060873334,0.771021276985,0.587332509887,0.673337691015,0.602902390526,74.9999993784,75.0000023162
0.775898175889,0.590184028439,0.771149042948,0.587470260609,0.673337691015,0.602902390526,74.9999993784,75.0000023162
0.775995625653,0.590306741913,0.771276518352,0.587607545671,0.673337691015,0.602902390526,74.9999993784,75.0000023162
0.776092879221,0.590429014003,0.771403702436,0.587744365177,0.673337691015,0.602902390526,74.9999993784,75.0000023162
0.776189935874,0.590550844935,0.771530594428,0.587880719247,0.673337691015,0.602902390526,74.9999993784,75.0000023162
0.776286794873,0.590672234967,0.771657193564,0.58801660799,0.673337691015,0.602902390526,74.9999993784,75.0000023162
0.776383455482,0.590793184356,0.771783499078,0.588152031525,0.673337691015,0.602902390526,74.9999993784,75.0000023162
0.776479916987,0.590913693326,0.771909510199,0.588286989974,0.673337691015,0.602902390526,74.9999993784,75.0000023162
0.776576178648,0.59103376214,0.772035226171,0.588421483445,0.673337691015,0.602902390526,74.9999993784,75.0000023162
0.776672239728,0.591153391061,0.772160646224,0.588555512066,0.673337691015,0.602902390526,74.9999993784,75.0000023162
0.776768099518,0.591272580315,0.772285769599,0.588689075954,0.673337691015,0.602902390526,74.9999993784,75.0000023162
0.776863757278,0.591391330168,0.772410595534,0.588822175229,0.673337691015,0.602902390526,74.9999993784,75.0000023162
0.77695921227,0.591509640888,0.772535123263,0.588954810021,0.673337691015,0.602902390526,74.9999993784,75.0000023162
0.777054463785,0.591627512708,0.772659352034,0.589086980444,0.673337691015,0.602902390526,74.9999993784,75.0000023162
0.777149511088,0.591744945891,0.772783281083,0.589218686631,0.673337691015,0.602902390526,74.9999993784,75.0000023162
0.777244353442,0.591861940711,0.77290690965,0.589349928708,0.673337691015,0.602902390526,74.9999993784,75.0000023162
0.777338990134,0.591978497408,0.773030236981,0.589480706798,0.673337691015,0.602902390526,74.9999993784,75.0000023162
0.777433420436,0.592094616244,0.773153262315,0.589611021037,0.673337691015,0.602902390526,74.9999993784,75.0000023162
0.777527643612,0.592210297496,0.773275984903,0.589740871544,0.673337691015,0.602902390526,74.9999993784,75.0000023162
0.777621658945,0.592325541414,0.773398403986,0.589870258456,0.673337691015,0.602902390526,74.9999993784,75.0000023162
0.777715465713,0.592440348257,0.773520518805,0.589999181914,0.673337691015,0.602902390526,74.9999993784,75.0000023162
0.777809063181,0.592554718305,0.773642328614,0.590127642039,0.673337691015,0.602902390526,74.9999993784,75.0000023162
0.777902450628,0.592668651821,0.773763832657,0.590255638972,0.673337691015,0.602902390526,74.9999993784,75.0000023162
0.77799562734,0.592782149058,0.773885030184,0.590383172847,0.673337691015,0.602902390526,74.9999993784,75.0000023162
0.778088592583,0.5928952103,0.774005920445,0.590510243799,0.673337691015,0.602902390526,74.9999993784,75.0000023162
0.778181345629,0.593007835821,0.774126502685,0.590636851974,0.673337691015,0.602902390526,74.9999993784,75.0000023162
0.778273885774,0.593120025871,0.774246776165,0.590762997498,0.673337691015,0.602902390526,74.9999993784,75.0000023162
0.778366212284,0.593231780737,0.774366740132,0.590888680519,0.673337691015,0.602902390526,74.9999993784,75.0000023162
0.778458324425,0.593343100706,0.774486393833,0.591013901187,0.673337691015,0.602902390526,74.9999993784,75.0000023162
0.778550221495,0.593453986031,0.774605736531,0.591138659632,0.673337691015,0.602902390526,74.9999993784,75.0000023162
0.778641902769,0.593564436992,0.774724767475,0.591262956004,0.673337691015,0.602902390526,74.9999993784,75.0000023162
0.778733367514,0.593674453881,0.774843485922,0.591386790449,0.673337691015,0.602902390526,74.9999993784,75.0000023162
0.77882461502,0.593784036966,0.774961891131,0.591510163109,0.673337691015,0.602902390526,74.9999993784,75.0000023162
0.778915644573,0.593893186518,0.775079982355,0.591633074138,0.673337691015,0.602902390526,74.9999993784,75.0000023162
0.779006455442,0.594001902834,0.775197758859,0.591755523678,0.673337691015,0.602902390526,74.9999993784,75.0000023162
0.779097046908,0.594110186196,0.775315219899,0.591877511879,0.673337691015,0.602902390526,74.9999993784,75.0000023162
0.779187418268,0.594218036867,0.77543236473,0.591999038903,0.673337691015,0.602902390526,74.9999993784,75.0000023162
0.779277568793,0.594325455147,0.775549192624,0.592120104885,0.673337691015,0.602902390526,74.9999993784,75.0000023162
0.779367497755,0.594432441334,0.775665702838,0.592240709989,0.673337691015,0.602902390526,74.9999993784,75.0000023162
0.779457204454,0.594538995696,0.775781894628,0.592360854376,0.673337691015,0.602902390526,74.9999993784,75.0000023162
0.779546688171,0.594645118522,0.775897767269,0.592480538188,0.673337691015,0.602902390526,74.9999993784,75.0000023162
0.779635948179,0.594750810116,0.77601332002,0.59259976159,0.673337691015,0.602902390526,74.9999993784,75.0000023162
0.779724983769,0.594856070762,0.776128552146,0.592718524742,0.673337691015,0.602902390526,74.9999993784,75.0000023162
0.779813794234,0.594960900738,0.77624346292,0.592836827794,0.673337691015,0.602902390526,74.9999993784,75.0000023162
0.779902378851,0.595065300353,0.776358051602,0.592954670917,0.673337691015,0.602902390526,74.9999993784,75.0000023162
0.779990736897,0.595169269907,0.776472317466,0.593072054268,0.673337691015,0.602902390526,74.9999993784,75.0000023162
0.780078867676,0.595272809677,0.776586259783,0.593188978006,0.673337691015,0.602902390526,74.9999993784,75.0000023162
0.78016677047,0.595375919965,0.776699877817,0.593305442303,0.673337691015,0.602902390526,74.9999993784,75.0000023162
0.780254444555,0.595478601084,0.776813170846,0.593421447319,0.673337691015,0.602902390526,74.9999993784,75.0000023162
0.780341889226,0.595580853323,0.776926138143,0.593536993218,0.673337691015,0.602902390526,74.9999993784,75.0000023162
0.780429103781,0.595682676969,0.777038778974,0.593652080177,0.673337691015,0.602902390526,74.9999993784,75.0000023162
0.780516087497,0.59578407234,0.777151092622,0.593766708355,0.673337691015,0.602902390526,74.9999993784,75.0000023162
0.780602839659,0.595885039747,0.777263078361,0.593880877923,0.673337691015,0.602902390526,74.9999993784,75.0000023162
0.78068935957,0.595985579472,0.77737473546,0.593994589063,0.673337691015,0.602902390526,74.9999993784,75.0000023162
0.78077564652,0.596085691826,0.777486063208,0.594107841932,0.673337691015,0.602902390526,74.9999993784,75.0000023162
0.780861699785,0.59618537713,0.777597060878,0.59422063671,0.673337691015,0.602902390526,74.9999993784,75.0000023162
0.780947518665,0.596284635684,0.777707727744,0.59433297358,0.673337691015,0.602902390526,74.9999993784,75.0000023162
0.781033102464,0.59638346778,0.777818063096,0.594444852703,0.673337691015,0.602902390526,74.9999993784,75.0000023162
0.781118450462,0.596481873744,0.777928066213,0.594556274263,0.673337691015,0.602902390526,74.9999993784,75.0000023162
0.781203561942,0.5965798539,0.778037736369,0.594667238445,0.673337691015,0.602902390526,74.9999993784,75.0000023162
0.781288436214,0.59667740854,0.778147072861,0.594777745416,0.673337691015,0.602902390526,74.9999993784,75.0000023162
0.781373072574,0.596774537977,0.778256074966,0.59488779536,0.673337691015,0.602902390526,74.9999993784,75.0000023162
0.781457470304,0.596871242538,0.778364741965,0.59499738847,0.673337691015,0.602902390526,74.9999993784,75.0000023162
0.781541628699,0.596967522542,0.778473073155,0.595106524913,0.673337691015,0.602902390526,74.9999993784,75.0000023162
0.78162554707,0.597063378288,0.778581067819,0.595215204879,0.673337691015,0.602902390526,74.9999993784,75.0000023162
0.781709224707,0.597158810099,0.778688725239,0.595323428562,0.673337691015,0.602902390526,74.9999993784,75.0000023162
0.781792660895,0.597253818313,0.778796044715,0.595431196134,0.673337691015,0.602902390526,74.9999993784,75.0000023162
0.781875854939,0.59734840324,0.778903025535,0.595538507788,0.673337691015,0.602902390526,74.9999993784,75.0000023162
0.781958806151,0.597442565185,0.779009666983,0.595645363722,0.673337691015,0.602902390526,74.9999993784,75.0000023162
0.782041513817,0.597536304487,0.77911596836,0.595751764114,0.673337691015,0.602902390526,74.9999993784,75.0000023162
0.782123977224,0.597629621485,0.77922192896,0.595857709155,0.673337691015,0.602902390526,74.9999993784,75.0000023162
0.782206195687,0.597722516487,0.77932754807,0.595963199049,0.673337691015,0.602902390526,74.9999993784,75.0000023162
0.782288168512,0.59781498981,0.779432824992,0.59606823398,0.673337691015,0.602902390526,74.9999993784,75.0000023162
0.78236989499,0.597907041799,0.779537759025,0.596172814141,0.673337691015,0.602902390526,74.9999993784,75.0000023162
0.782451374415,0.59799867279,0.779642349459,0.596276939736,0.673337691015,0.602902390526,74.9999993784,75.0000023162
0.782532606101,0.598089883097,0.779746595597,0.596380610959,0.673337691015,0.602902390526,74.9999993784,75.0000023162
0.782613589357,0.598180673048,0.779850496743,0.596483828,0.673337691015,0.602902390526,74.9999993784,75.0000023162
0.782694323473,0.598271042989,0.779954052192,0.59658659107,0.673337691015,0.602902390526,74.9999993784,75.0000023162
0.78277480775,0.59836099326,0.780057261246,0.596688900368,0.673337691015,0.602902390526,74.9999993784,75.0000023162
0.782855041505,0.598450524179,0.780160123216,0.596790756085,0.673337691015,0.602902390526,74.9999993784,75.0000023162
0.782935024045,0.59853963608,0.7802626374,0.596892158434,0.673337691015,0.602902390526,74.9999993784,75.0000023162
0.783014754663,0.598628329318,0.780364803098,0.596993107623,0.673337691015,0.602902390526,74.9999993784,75.0000023162
0.783094232666,0.598716604232,0.78046661963,0.597093603843,0.673337691015,0.602902390526,74.9999993784,75.0000023162
0.783173457372,0.598804461145,0.780568086295,0.597193647308,0.673337691015,0.602902390526,74.9999993784,75.0000023162
0.78325242809,0.598891900399,0.780669202396,0.597293238235,0.673337691015,0.602902390526,74.9999993784,75.0000023162
0.783331144115,0.598978922353,0.780769967251,0.59739237682,0.673337691015,0.602902390526,74.9999993784,75.0000023162
0.783409604756,0.599065527348,0.780870380172,0.597491063274,0.673337691015,0.602902390526,74.9999993784,75.0000023162
0.783487809336,0.599151715716,0.780970440462,0.597589297819,0.673337691015,0.602902390526,74.9999993784,75.0000023162
0.783565757164,0.5992374878,0.781070147438,0.597687080659,0.673337691015,0.602902390526,74.9999993784,75.0000023162
0.78364344754,0.599322843965,0.78116950042,0.597784412002,0.673337691015,0.602902390526,74.9999993784,75.0000023162
0.783720879774,0.599407784558,0.781268498716,0.597881292073,0.673337691015,0.602902390526,74.9999993784,75.0000023162
0.783798053191,0.599492309915,0.781367141639,0.597977721089,0.673337691015,0.602902390526,74.9999993784,75.0000023162
0.783874967104,0.599576420383,0.781465428518,0.598073699254,0.673337691015,0.602902390526,74.9999993784,75.0000023162
0.783951620816,0.59966011633,0.781563358665,0.598169226794,0.673337691015,0.602902390526,74.9999993784,75.0000023162
0.784028013638,0.599743398113,0.781660931392,0.598264303939,0.673337691015,0.602902390526,74.9999993784,75.0000023162
0.784104144896,0.599826266071,0.781758146027,0.598358930896,0.673337691015,0.602902390526,74.9999993784,75.0000023162
0.784180013911,0.599908720552,0.781855001896,0.598453107887,0.673337691015,0.602902390526,74.9999993784,75.0000023162
0.784255619987,0.599990761929,0.781951498311,0.598546835144,0.673337691015,0.602902390526,74.9999993784,75.0000023162
0.784330962435,0.600072390567,0.782047634599,0.598640112889,0.673337691015,0.602902390526,74.9999993784,75.0000023162
0.784406040582,0.600153606812,0.782143410095,0.598732941335,0.673337691015,0.602902390526,74.9999993784,75.0000023162
0.784480853758,0.600234411011,0.782238824117,0.598825320719,0.673337691015,0.602902390526,74.9999993784,75.0000023162
0.784555401269,0.600314803539,0.782333875984,0.598917251277,0.673337691015,0.602902390526,74.9999993784,75.0000023162
0.784629682424,0.600394784775,0.782428565036,0.599008733226,0.673337691015,0.602902390526,74.9999993784,75.0000023162
0.784703696552,0.60047435507,0.782522890603,0.599099766794,0.673337691015,0.602902390526,74.9999993784,75.0000023162
0.784777442985,0.600553514773,0.782616852007,0.599190352222,0.673337691015,0.602902390526,74.9999993784,75.0000023162
0.78485092104,0.600632264259,0.782710448581,0.599280489743,0.673337691015,0.602902390526,74.9999993784,75.0000023162
0.784924130028,0.600710603909,0.782803679669,0.599370179575,0.673337691015,0.602902390526,74.9999993784,75.0000023162
0.784997069274,0.600788534089,0.782896544597,0.599459421964,0.673337691015,0.602902390526,74.9999993784,75.0000023162
0.785069738112,0.600866055154,0.782989042692,0.599548217155,0.673337691015,0.602902390526,74.9999993784,75.0000023162
0.78514213587,0.60094316747,0.7830811733,0.599636565374,0.673337691015,0.602902390526,74.9999993784,75.0000023162
0.785214261862,0.601019871426,0.783172935761,0.599724466855,0.673337691015,0.602902390526,74.9999993784,75.0000023162
0.785286115408,0.601096167401,0.783264329407,0.599811921847,0.673337691015,0.602902390526,74.9999993784,75.0000023162
0.785357695844,0.601172055757,0.783355353575,0.599898930595,0.673337691015,0.602902390526,74.9999993784,75.0000023162
0.785429002507,0.601247536857,0.783446007615,0.599985493327,0.673337691015,0.602902390526,74.9999993784,75.0000023162
0.785500034718,0.601322611088,0.783536290867,0.60007161029,0.673337691015,0.602902390526,74.9999993784,75.0000023162
0.785570791793,0.601397278843,0.783626202667,0.600157281737,0.673337691015,0.602902390526,74.9999993784,75.0000023162
0.785641273067,0.601471540494,0.783715742361,0.600242507912,0.673337691015,0.602902390526,74.9999993784,75.0000023162
0.78571147788,0.601545396409,0.783804909303,0.600327289049,0.673337691015,0.602902390526,74.9999993784,75.0000023162
0.785781405567,0.601618846964,0.783893702836,0.600411625402,0.673337691015,0.602902390526,74.9999993784,75.0000023162
0.785851055448,0.601691892556,0.783982122299,0.600495517233,0.673337691015,0.602902390526,74.9999993784,75.0000023162
0.785920426849,0.60176453358,0.784070167046,0.600578964782,0.673337691015,0.602902390526,74.9999993784,75.0000023162
0.785989519111,0.601836770406,0.784157836437,0.60066196829,0.673337691015,0.602902390526,74.9999993784,75.0000023162
0.786058331579,0.601908603411,0.784245129815,0.60074452802,0.673337691015,0.602902390526,74.9999993784,75.0000023162
0.786126863583,0.601980032984,0.784332046524,0.600826644237,0.673337691015,0.602902390526,74.9999993784,75.0000023162
0.786195114448,0.602051059529,0.784418585927,0.600908317184,0.673337691015,0.602902390526,74.9999993784,75.0000023162
0.786263083509,0.602121683437,0.784504747384,0.600989547108,0.673337691015,0.602902390526,74.9999993784,75.0000023162
0.786330770112,0.602191905086,0.784590530244,0.601070334279,0.673337691015,0.602902390526,74.9999993784,75.0000023162
0.786398173604,0.602261724858,0.784675933858,0.601150678962,0.673337691015,0.602902390526,74.9999993784,75.0000023162
0.786465293315,0.602331143154,0.784760957592,0.601230581406,0.673337691015,0.602902390526,74.9999993784,75.0000023162
0.786532128574,0.602400160385,0.784845600812,0.601310041865,0.673337691015,0.602902390526,74.9999993784,75.0000023162
0.786598678724,0.60246877694,0.784929862871,0.601389060612,0.673337691015,0.602902390526,74.9999993784,75.0000023162
0.786664943115,0.602536993205,0.785013743124,0.601467637917,0.673337691015,0.602902390526,74.9999993784,75.0000023162
0.786730921097,0.602604809568,0.785097240942,0.601545774034,0.673337691015,0.602902390526,74.9999993784,75.0000023162
0.786796612001,0.602672226439,0.785180355697,0.601623469221,0.673337691015,0.602902390526,74.9999993784,75.0000023162
0.786862015162,0.602739244233,0.785263086746,0.601700723755,0.673337691015,0.602902390526,74.9999993784,75.0000023162
0.786927129926,0.602805863344,0.785345433448,0.601777537913,0.673337691015,0.602902390526,74.9999993784,75.0000023162
0.786991955649,0.602872084164,0.78542739518,0.601853911955,0.673337691015,0.602902390526,74.9999993784,75.0000023162
0.787056491682,0.602937907087,0.785508971318,0.60192984614,0.673337691015,0.602902390526,74.9999993784,75.0000023162
0.787120737365,0.603003332528,0.785590161225,0.60200534075,0.673337691015,0.602902390526,74.9999993784,75.0000023162
0.787184692031,0.603068360909,0.785670964265,0.602080396068,0.673337691015,0.602902390526,74.9999993784,75.0000023162
0.787248355035,0.60313299263,0.785751379817,0.60215501236,0.673337691015,0.602902390526,74.9999993784,75.0000023162
0.787311725732,0.603197228088,0.785831407262,0.602229189892,0.673337691015,0.602902390526,74.9999993784,75.0000023162
0.78737480348,0.603261067685,0.785911045971,0.602302928944,0.673337691015,0.602902390526,74.9999993784,75.0000023162
0.787437587624,0.603324511837,0.785990295313,0.602376229805,0.673337691015,0.602902390526,74.9999993784,75.0000023162
0.787500077502,0.603387560971,0.786069154669,0.602449092751,0.673337691015,0.602902390526,74.9999993784,75.0000023162
0.78756227247,0.603450215498,0.786147623425,0.60252151805,0.673337691015,0.602902390526,74.9999993784,75.0000023162
0.787624171887,0.603512475822,0.78622570096,0.602593505984,0.673337691015,0.602902390526,74.9999993784,75.0000023162
0.787685775114,0.603574342349,0.786303386649,0.602665056846,0.673337691015,0.602902390526,74.9999993784,75.0000023162
0.787747081505,0.603635815495,0.786380679872,0.602736170921,0.673337691015,0.602902390526,74.9999993784,75.0000023162
0.787808090405,0.603696895693,0.78645758002,0.602806848485,0.673337691015,0.602902390526,74.9999993784,75.0000023162
0.787868801166,0.603757583365,0.786534086485,0.602877089816,0.673337691015,0.602902390526,74.9999993784,75.0000023162
0.787929213151,0.603817878924,0.786610198644,0.60294689521,0.673337691015,0.602902390526,74.9999993784,75.0000023162
0.787989325725,0.60387778278,0.786685915877,0.603016264967,0.673337691015,0.602902390526,74.9999993784,75.0000023162
0.788049138255,0.603937295347,0.78676123758,0.603085199368,0.673337691015,0.602902390526,74.9999993784,75.0000023162
0.788108650088,0.603996417062,0.786836163148,0.603153698694,0.673337691015,0.602902390526,74.9999993784,75.0000023162
0.788167860576,0.604055148362,0.786910691973,0.603221763238,0.673337691015,0.602902390526,74.9999993784,75.0000023162
0.788226769084,0.604113489665,0.78698482344,0.603289393304,0.673337691015,0.602902390526,74.9999993784,75.0000023162
0.788285374981,0.604171441391,0.78705855694,0.603356589186,0.673337691015,0.602902390526,74.9999993784,75.0000023162
0.788343677636,0.604229003959,0.787131891874,0.603423351174,0.673337691015,0.602902390526,74.9999993784,75.0000023162
0.788401676416,0.604286177794,0.787204827645,0.603489679556,0.673337691015,0.602902390526,74.9999993784,75.0000023162
0.788459370672,0.604342963343,0.787277363646,0.603555574634,0.673337691015,0.602902390526,74.9999993784,75.0000023162
0.788516759766,0.604399361043,0.787349499267,0.60362103672,0.673337691015,0.602902390526,74.9999993784,75.0000023162
0.78857384307,0.604455371319,0.787421233911,0.603686066108,0.673337691015,0.602902390526,74.9999993784,75.0000023162
0.788630619956,0.604510994596,0.787492566984,0.603750663094,0.673337691015,0.602902390526,74.9999993784,75.0000023162
0.788687089801,0.6045662313,0.787563497897,0.603814827972,0.673337691015,0.602902390526,74.9999993784,75.0000023162
0.78874325197,0.60462108187,0.787634026043,0.603878561055,0.673337691015,0.602902390526,74.9999993784,75.0000023162
0.788799105823,0.604675546757,0.787704150822,0.603941862658,0.673337691015,0.602902390526,74.9999993784,75.0000023162
0.788854650727,0.604729626401,0.787773871644,0.604004733081,0.673337691015,0.602902390526,74.9999993784,75.0000023162
0.788909886061,0.604783321236,0.787843187922,0.604067172624,0.673337691015,0.602902390526,74.9999993784,75.0000023162
0.788964811203,0.604836631692,0.78791209907,0.604129181588,0.673337691015,0.602902390526,74.9999993784,75.0000023162
0.789019425532,0.604889558206,0.787980604492,0.604190760294,0.673337691015,0.602902390526,74.9999993784,75.0000023162
0.789073728421,0.604942101219,0.788048703589,0.604251909061,0.673337691015,0.602902390526,74.9999993784,75.0000023162
0.789127719235,0.604994261189,0.788116395782,0.604312628196,0.673337691015,0.602902390526,74.9999993784,75.0000023162
0.789181397346,0.605046038567,0.788183680488,0.604372918003,0.673337691015,0.602902390526,74.9999993784,75.0000023162
0.789234762137,0.60509743379,0.788250557129,0.604432778791,0.673337691015,0.602902390526,74.9999993784,75.0000023162
0.789287812992,0.6051484473,0.788317025113,0.604492210884,0.673337691015,0.602902390526,74.9999993784,75.0000023162
0.789340549294,0.605199079536,0.788383083852,0.604551214609,0.673337691015,0.602902390526,74.9999993784,75.0000023162
0.789392970427,0.605249330943,0.788448732768,0.604609790278,0.673337691015,0.602902390526,74.9999993784,75.0000023162
0.789445075761,0.605299201986,0.788513971287,0.604667938205,0.673337691015,0.602902390526,74.9999993784,75.0000023162
0.789496864669,0.605348693127,0.788578798834,0.604725658702,0.673337691015,0.602902390526,74.9999993784,75.0000023162
0.78954833654,0.605397804811,0.788643214831,0.604782952096,0.673337691015,0.602902390526,74.9999993784,75.0000023162
0.789599490762,0.605446537485,0.788707218694,0.604839818719,0.673337691015,0.602902390526,74.9999993784,75.0000023162
0.789650326723,0.605494891599,0.788770809848,0.604896258894,0.673337691015,0.602902390526,74.9999993784,75.0000023162
0.789700843815,0.605542867601,0.788833987725,0.604952272941,0.673337691015,0.602902390526,74.9999993784,75.0000023162
0.789751041421,0.605590465952,0.788896751758,0.605007861179,0.673337691015,0.602902390526,74.9999993784,75.0000023162
0.789800918917,0.605637687124,0.788959101379,0.605063023933,0.673337691015,0.602902390526,74.9999993784,75.0000023162
0.78985047569,0.605684531579,0.789021036011,0.605117761541,0.673337691015,0.602902390526,74.9999993784,75.0000023162
0.789899711134,0.60573099977,0.789082555082,0.605172074339,0.673337691015,0.602902390526,74.9999993784,75.0000023162
0.789948624644,0.605777092154,0.789143658027,0.605225962654,0.673337691015,0.602902390526,74.9999993784,75.0000023162
0.789997215614,0.605822809185,0.789204344288,0.60527942681,0.673337691015,0.602902390526,74.9999993784,75.0000023162
0.790045483442,0.605868151323,0.789264613303,0.605332467137,0.673337691015,0.602902390526,74.9999993784,75.0000023162
0.790093427516,0.605913119038,0.78932446451,0.60538508397,0.673337691015,0.602902390526,74.9999993784,75.0000023162
0.79014104722,0.605957712809,0.789383897339,0.605437277654,0.673337691015,0.602902390526,74.9999993784,75.0000023162
0.790188341947,0.606001933104,0.789442911229,0.605489048528,0.673337691015,0.602902390526,74.9999993784,75.0000023162
0.790235311099,0.606045780384,0.789501505625,0.605540396926,0.673337691015,0.602902390526,74.9999993784,75.0000023162
0.790281954077,0.606089255113,0.789559679973,0.605591323181,0.673337691015,0.602902390526,74.9999993784,75.0000023162
0.790328270281,0.606132357756,0.789617433722,0.605641827628,0.673337691015,0.602902390526,74.9999993784,75.0000023162
0.790374259116,0.606175088779,0.789674766314,0.605691910612,0.673337691015,0.602902390526,74.9999993784,75.0000023162
0.790419919979,0.606217448655,0.78973167719,0.605741572483,0.673337691015,0.602902390526,74.9999993784,75.0000023162
0.790465252262,0.606259437872,0.789788165796,0.605790813589,0.673337691015,0.602902390526,74.9999993784,75.0000023162
0.790510255363,0.606301056907,0.789844231585,0.605839634269,0.673337691015,0.602902390526,74.9999993784,75.0000023162
0.790554928687,0.606342306233,0.789899874011,0.605888034864,0.673337691015,0.602902390526,74.9999993784,75.0000023162
0.790599271643,0.606383186319,0.789955092529,0.605936015717,0.673337691015,0.602902390526,74.9999993784,75.0000023162
0.790643283638,0.60642369764,0.790009886595,0.605983577177,0.673337691015,0.602902390526,74.9999993784,75.0000023162
0.790686964083,0.60646384067,0.790064255655,0.606030719601,0.673337691015,0.602902390526,74.9999993784,75.0000023162
0.790730312388,0.606503615882,0.790118199161,0.606077443345,0.673337691015,0.602902390526,74.9999993784,75.0000023162
0.790773327954,0.606543023765,0.790171716574,0.606123748758,0.673337691015,0.602902390526,74.9999993784,75.0000023162
0.790816010182,0.606582064814,0.790224807356,0.606169636189,0.673337691015,0.602902390526,74.9999993784,75.0000023162
0.790858358481,0.606620739511,0.790277470971,0.606215105986,0.673337691015,0.602902390526,74.9999993784,75.0000023162
0.790900372265,0.606659048336,0.790329706884,0.606260158502,0.673337691015,0.602902390526,74.9999993784,75.0000023162
0.790942050949,0.606696991769,0.790381514552,0.606304794098,0.673337691015,0.602902390526,74.9999993784,75.0000023162
0.79098339395,0.606734570293,0.790432893434,0.606349013141,0.673337691015,0.602902390526,74.9999993784,75.0000023162
0.791024400684,0.60677178439,0.790483842995,0.60639281599,0.673337691015,0.602902390526,74.9999993784,75.0000023162
0.791065070569,0.606808634544,0.790534362705,0.606436203,0.673337691015,0.602902390526,74.9999993784,75.0000023162
0.791105403019,0.606845121249,0.790584452035,0.606479174529,0.673337691015,0.602902390526,74.9999993784,75.0000023162
0.791145397441,0.606881245006,0.790634110458,0.606521730936,0.673337691015,0.602902390526,74.9999993784,75.0000023162
0.791185053252,0.60691700631,0.790683337448,0.606563872581,0.673337691015,0.602902390526,74.9999993784,75.0000023162
0.791224369871,0.606952405651,0.790732132473,0.606605599833,0.673337691015,0.602902390526,74.9999993784,75.0000023162
0.791263346724,0.606987443517,0.790780495001,0.606646913068,0.673337691015,0.602902390526,74.9999993784,75.0000023162
0.791301983232,0.607022120399,0.790828424505,0.606687812651,0.673337691015,0.602902390526,74.9999993784,75.0000023162
0.791340278823,0.60705643679,0.790875920467,0.606728298948,0.673337691015,0.602902390526,74.9999993784,75.0000023162
0.79137823292,0.607090393181,0.790922982365,0.606768372324,0.673337691015,0.602902390526,74.9999993784,75.0000023162
0.791415844952,0.607123990068,0.790969609683,0.606808033147,0.673337691015,0.602902390526,74.9999993784,75.0000023162
0.79145311434,0.607157227954,0.791015801903,0.606847281785,0.673337691015,0.602902390526,74.9999993784,75.0000023162
0.791490040501,0.607190107348,0.791061558507,0.60688611861,0.673337691015,0.602902390526,74.9999993784,75.0000023162
0.791526622862,0.607222628756,0.791106878972,0.606924544005,0.673337691015,0.602902390526,74.9999993784,75.0000023162
0.791562860854,0.607254792673,0.79115176278,0.60696255835,0.673337691015,0.602902390526,74.9999993784,75.0000023162
0.791598753908,0.607286599601,0.791196209419,0.607000162019,0.673337691015,0.602902390526,74.9999993784,75.0000023162
0.791634301458,0.607318050039,0.791240218379,0.607037355384,0.673337691015,0.602902390526,74.9999993784,75.0000023162
0.791669502938,0.60734914449,0.79128378915,0.607074138823,0.673337691015,0.602902390526,74.9999993784,75.0000023162
0.791704357783,0.607379883454,0.791326921227,0.607110512711,0.673337691015,0.602902390526,74.9999993784,75.0000023162
0.791738865429,0.607410267437,0.791369614102,0.607146477427,0.673337691015,0.602902390526,74.9999993784,75.0000023162
0.791773025315,0.607440296943,0.79141186727,0.607182033352,0.673337691015,0.602902390526,74.9999993784,75.0000023162
0.791806836869,0.607469972488,0.791453680219,0.607217180876,0.673337691015,0.602902390526,74.9999993784,75.0000023162
0.791840299521,0.607499294592,0.79149505244,0.60725192039,0.673337691015,0.602902390526,74.9999993784,75.0000023162
0.791873412711,0.607528263765,0.791535983434,0.607286252275,0.673337691015,0.602902390526,74.9999993784,75.0000023162
0.79190617588,0.607556880515,0.791576472701,0.607320176917,0.673337691015,0.602902390526,74.9999993784,75.0000023162
0.791938588471,0.607585145353,0.791616519744,0.607353694699,0.673337691015,0.602902390526,74.9999993784,75.0000023162
0.791970649927,0.607613058789,0.791656124066,0.607386806008,0.673337691015,0.602902390526,74.9999993784,75.0000023162
0.792002359694,0.607640621334,0.791695285172,0.607419511232,0.673337691015,0.602902390526,74.9999993784,75.0000023162
0.792033717218,0.607667833502,0.791734002569,0.607451810757,0.673337691015,0.602902390526,74.9999993784,75.0000023162
0.792064721947,0.607694695805,0.791772275762,0.607483704978,0.673337691015,0.602902390526,74.9999993784,75.0000023162
0.792095373328,0.607721208759,0.791810104253,0.607515194295,0.673337691015,0.602902390526,74.9999993784,75.0000023162
0.79212567081,0.607747372879,0.791847487547,0.607546279106,0.673337691015,0.602902390526,74.9999993784,75.0000023162
0.792155613838,0.607773188691,0.791884425158,0.607576959804,0.673337691015,0.602902390526,74.9999993784,75.0000023162
0.792185201853,0.607798656726,0.791920916598,0.607607236782,0.673337691015,0.602902390526,74.9999993784,75.0000023162
0.792214434308,0.607823777502,0.791956961383,0.607637110436,0.673337691015,0.602902390526,74.9999993784,75.0000023162
0.792243310657,0.607848551537,0.791992559029,0.607666581162,0.673337691015,0.602902390526,74.9999993784,75.0000023162
0.792271830356,0.607872979353,0.792027709055,0.607695649357,0.673337691015,0.602902390526,74.9999993784,75.0000023162
0.792299992862,0.60789706147,0.792062410978,0.607724315421,0.673337691015,0.602902390526,74.9999993784,75.0000023162
0.792327797632,0.607920798408,0.792096664322,0.607752579751,0.673337691015,0.602902390526,74.9999993784,75.0000023162
0.792355244126,0.607944190692,0.792130468603,0.607780442754,0.673337691015,0.602902390526,74.9999993784,75.0000023162
0.792382331805,0.607967238843,0.792163823341,0.607807904839,0.673337691015,0.602902390526,74.9999993784,75.0000023162
0.79240906013,0.607989943386,0.792196728056,0.607834966413,0.673337691015,0.602902390526,74.9999993784,75.0000023162
0.792435428564,0.608012304845,0.792229182276,0.60786162788,0.673337691015,0.602902390526,74.9999993784,75.0000023162
0.792461436573,0.608034323745,0.792261185528,0.607887889645,0.673337691015,0.602902390526,74.9999993784,75.0000023162
0.79248708362,0.608056000616,0.792292737344,0.607913752112,0.673337691015,0.602902390526,74.9999993784,75.0000023162
0.792512369165,0.608077335993,0.792323837254,0.60793921569,0.673337691015,0.602902390526,74.9999993784,75.0000023162
0.79253729267,0.608098330411,0.792354484792,0.607964280785,0.673337691015,0.602902390526,74.9999993784,75.0000023162
0.792561853607,0.608118984398,0.792384679491,0.607988947805,0.673337691015,0.602902390526,74.9999993784,75.0000023162
0.792586051448,0.608139298482,0.79241442089,0.608013217161,0.673337691015,0.602902390526,74.9999993784,75.0000023162
0.792609885665,0.60815927319,0.792443708525,0.608037089262,0.673337691015,0.602902390526,74.9999993784,75.0000023162
0.792633355734,0.608178909052,0.792472541936,0.608060564519,0.673337691015,0.602902390526,74.9999993784,75.0000023162
0.792656461133,0.608198206595,0.792500920658,0.608083643351,0.673337691015,0.602902390526,74.9999993784,75.0000023162
0.792679201339,0.608217166351,0.79252884423,0.608106326179,0.673337691015,0.602902390526,74.9999993784,75.0000023162
0.792701575833,0.608235788846,0.792556312196,0.608128613416,0.673337691015,0.602902390526,74.9999993784,75.0000023162
0.792723584099,0.608254074611,0.792583324102,0.608150505475,0.673337691015,0.602902390526,74.9999993784,75.0000023162
0.79274522562,0.608272024174,0.792609879498,0.608172002771,0.673337691015,0.602902390526,74.9999993784,75.0000023162
0.792766499883,0.608289638063,0.792635977933,0.608193105719,0.673337691015,0.602902390526,74.9999993784,75.0000023162
0.792787406377,0.608306916806,0.792661618961,0.608213814733,0.673337691015,0.602902390526,74.9999993784,75.0000023162
0.792807944594,0.608323860931,0.792686802135,0.608234130231,0.673337691015,0.602902390526,74.9999993784,75.0000023162
0.792828114028,0.608340470964,0.792711527012,0.608254052627,0.673337691015,0.602902390526,74.9999993784,75.0000023162
0.7928479135,0.60835674831,0.792735793152,0.608273582338,0.673337691015,0.602902390526,74.9999993784,75.0000023162
0.792867341358,0.608372694993,0.792759600115,0.608292719779,0.673337691015,0.602902390526,74.9999993784,75.0000023162
0.792886396639,0.608388312144,0.792782947464,0.608311465367,0.673337691015,0.602902390526,74.9999993784,75.0000023162
0.792905078867,0.60840360026,0.792805834768,0.608329819517,0.673337691015,0.602902390526,74.9999993784,75.0000023162
0.792923387569,0.608418559837,0.792828261593,0.608347782644,0.673337691015,0.602902390526,74.9999993784,75.0000023162
0.792941322272,0.608433191371,0.792850226844,0.608365356032,0.673337691015,0.602902390526,74.9999993784,75.0000023162
0.792958882506,0.608447495361,0.792871729249,0.6083825412,0.673337691015,0.602902390526,74.9999993784,75.0000023162
0.792976067802,0.608461472304,0.792892768213,0.608399338783,0.673337691015,0.602902390526,74.9999993784,75.0000023162
0.792992877692,0.608475122698,0.792913343333,0.608415749173,0.673337691015,0.602902390526,74.9999993784,75.0000023162
0.793009311711,0.608488447043,0.792933454207,0.608431772761,0.673337691015,0.602902390526,74.9999993784,75.0000023162
0.793025369395,0.608501445837,0.792953100435,0.608447409942,0.673337691015,0.602902390526,74.9999993784,75.0000023162
0.793041050282,0.608514119578,0.792972281618,0.608462661107,0.673337691015,0.602902390526,74.9999993784,75.0000023162
0.793056353913,0.608526468764,0.792990997361,0.608477526651,0.673337691015,0.602902390526,74.9999993784,75.0000023162
0.793071279829,0.608538493894,0.793009247267,0.608492006969,0.673337691015,0.602902390526,74.9999993784,75.0000023162
0.793085827576,0.608550195465,0.793027030946,0.608506102455,0.673337691015,0.602902390526,74.9999993784,75.0000023162
0.793099996701,0.608561573972,0.793044348006,0.608519813505,0.673337691015,0.602902390526,74.9999993784,75.0000023162
0.793113786755,0.608572629911,0.793061198059,0.608533140514,0.673337691015,0.602902390526,74.9999993784,75.0000023162
0.793127197292,0.608583363774,0.793077580721,0.608546083876,0.673337691015,0.602902390526,74.9999993784,75.0000023162
0.793140227869,0.608593776053,0.793093495608,0.608558643986,0.673337691015,0.602902390526,74.9999993784,75.0000023162
0.793152878048,0.608603867233,0.79310894234,0.608570821237,0.673337691015,0.602902390526,74.9999993784,75.0000023162
0.793165147398,0.608613637799,0.79312392054,0.608582616022,0.673337691015,0.602902390526,74.9999993784,75.0000023162
0.79317703549,0.608623088227,0.793138429836,0.608594028731,0.673337691015,0.602902390526,74.9999993784,75.0000023162
0.793188541907,0.608632218987,0.793152469859,0.608605059753,0.673337691015,0.602902390526,74.9999993784,75.0000023162
0.793199665765,0.608641031157,0.793166040246,0.608615709472,0.673337691015,0.602902390526,74.9999993784,75.0000023162
0.793210405135,0.60864952718,0.793179140638,0.608625978267,0.673337691015,0.602902390526,74.9999993784,75.0000023162
0.793220758587,0.608657708851,0.793191770685,0.608635866513,0.673337691015,0.602902390526,74.9999993784,75.0000023162
0.793230725762,0.60866557657,0.793203929282,0.608645375568,0.673337691015,0.602902390526,74.9999993784,75.0000023162
0.793240306306,0.608673130738,0.793215614975,0.608654507252,0.673337691015,0.602902390526,74.9999993784,75.0000023162
0.793249499863,0.608680371757,0.79322682709,0.608663262367,0.673337691015,0.602902390526,74.9999993784,75.0000023162
0.793258306077,0.608687300029,0.793237565329,0.608671641231,0.673337691015,0.602902390526,74.9999993784,75.0000023162
0.793266724598,0.608693915959,0.793247829393,0.608679644164,0.673337691015,0.602902390526,74.9999993784,75.0000023162
0.793274755072,0.608700219951,0.793257618986,0.608687271488,0.673337691015,0.602902390526,74.9999993784,75.0000023162
0.79328239715,0.608706212411,0.793266933813,0.608694523525,0.673337691015,0.602902390526,74.9999993784,75.0000023162
0.793289650481,0.608711893745,0.793275773581,0.6087014006,0.673337691015,0.602902390526,74.9999993784,75.0000023162
0.793296514718,0.608717264362,0.793284137996,0.608707903035,0.673337691015,0.602902390526,74.9999993784,75.0000023162
0.793302989514,0.608722324669,0.793292026768,0.608714031159,0.673337691015,0.602902390526,74.9999993784,75.0000023162
0.793309074522,0.608727075078,0.793299439608,0.608719785297,0.673337691015,0.602902390526,74.9999993784,75.0000023162
0.793314769399,0.608731515997,0.793306376227,0.608725165778,0.673337691015,0.602902390526,74.9999993784,75.0000023162
0.793320073799,0.608735647838,0.79331283634,0.608730172931,0.673337691015,0.602902390526,74.9999993784,75.0000023162
0.793324987382,0.608739471015,0.793318819661,0.608734807087,0.673337691015,0.602902390526,74.9999993784,75.0000023162
0.793329509806,0.608742985941,0.793324325907,0.608739068578,0.673337691015,0.602902390526,74.9999993784,75.0000023162
0.793333640731,0.608746193029,0.793329354795,0.608742957736,0.673337691015,0.602902390526,74.9999993784,75.0000023162
0.793337379819,0.608749092695,0.793333906046,0.608746474895,0.673337691015,0.602902390526,74.9999993784,75.0000023162
0.793340726731,0.608751685356,0.793337979378,0.60874962039,0.673337691015,0.602902390526,74.9999993784,75.0000023162
0.793343681131,0.608753971429,0.793341574516,0.608752394558,0.673337691015,0.602902390526,74.9999993784,75.0000023162
0.793346242684,0.608755951331,0.793344691182,0.608754797736,0.673337691015,0.602902390526,74.9999993784,75.0000023162
0.793348411056,0.608757625482,0.793347329102,0.608756830262,0.673337691015,0.602902390526,74.9999993784,75.0000023162
0.793350185914,0.608758994302,0.793349488001,0.608758492476,0.673337691015,0.602902390526,74.9999993784,75.0000023162
0.793351566927,0.608760058212,0.79335116761,0.608759784719,0.673337691015,0.602902390526,74.9999993784,75.0000023162
0.793352553763,0.608760817634,0.793352367656,0.608760707332,0.673337691015,0.602902390526,74.9999993784,75.0000023162
0.793353146095,0.60876127299,0.793353087871,0.608761260659,0.673337691015,0.602902390526,74.9999993784,75.0000023162
0.793353343594,0.608761424705,0.793353327987,0.608761445044,0.673337691015,0.602902390526,74.9999993784,75.0000023162
