x_coordinate_over_R,y_coordinate_over_R,x_proper_over_R,y_proper_over_R,q_coordinate,q_proper,delta_coordinate_deg,delta_proper_deg
0.382683431883,-0.923879532711,0.382683478579,-0.923879513369,0.392593227911,0.250403312848,135.00000006,134.999994268
0.382683254825,-0.923879104815,0.382683259955,-0.923878985355,0.392593227911,0.250403312848,135.00000006,134.999994268
0.382682723967,-0.923877821,0.38268260423,-0.923877401254,0.392593227911,0.250403312848,135.00000006,134.999994268
0.382681839935,-0.92387568101,0.3826815117,-0.923874760948,0.392593227911,0.250403312848,135.00000006,134.999994268
0.382680603355,-0.923872684592,0.382679982663,-0.923871064325,0.392593227911,0.250403312848,135.00000006,134.999994268
0.382679014859,-0.923868831498,0.382678017417,-0.923866311273,0.392593227911,0.250403312848,135.00000006,134.999994268
0.382677075074,-0.923864121479,0.382675616264,-0.923860501685,0.392593227911,0.250403312848,135.00000006,134.999994268
0.382674784633,-0.923858554292,0.382672779504,-0.923853635456,0.392593227911,0.250403312848,135.00000006,134.999994268
0.382672144168,-0.923852129694,0.38266950744,-0.923845712487,0.392593227911,0.250403312848,135.00000006,134.999994268
0.382669154311,-0.923844847446,0.382665800378,-0.923836732679,0.392593227911,0.250403312848,135.00000006,134.999994268
0.382665815697,-0.923836707311,0.382661658621,-0.923826695937,0.392593227911,0.250403312848,135.00000006,134.999994268
0.382662128962,-0.923827709055,0.382657082478,-0.923815602171,0.392593227911,0.250403312848,135.00000006,134.999994268
0.382658094741,-0.923817852447,0.382652072256,-0.923803451292,0.392593227911,0.250403312848,135.00000006,134.999994268
0.382653713672,-0.923807137257,0.382646628265,-0.923790243215,0.392593227911,0.250403312848,135.00000006,134.999994268
0.382648986393,-0.92379556326,0.382640750815,-0.923775977859,0.392593227911,0.250403312848,135.00000006,134.999994268
0.382643913545,-0.923783130232,0.38263444022,-0.923760655146,0.392593227911,0.250403312848,135.00000006,134.999994268
0.382638495767,-0.923769837952,0.382627696792,-0.923744275,0.392593227911,0.250403312848,135.00000006,134.999994268
0.3826327337,-0.923755686202,0.382620520846,-0.92372683735,0.392593227911,0.250403312848,135.00000006,134.999994268
0.382626627989,-0.923740674765,0.382612912699,-0.923708342126,0.392593227911,0.250403312848,135.00000006,134.999994268
0.382620179276,-0.923724803429,0.382604872957,-0.923688789143,0.392593227911,0.250403312848,135.00000006,134.999994268
0.382613388205,-0.923708071983,0.382596402873,-0.923668177953,0.392593227911,0.250403312848,135.00000006,134.999994268
0.382606255948,-0.923690480002,0.382587503439,-0.923646508217,0.392593227911,0.250403312848,135.00000006,134.999994268
0.382598785348,-0.923672026371,0.38257817503,-0.923623779858,0.392593227911,0.250403312848,135.00000006,134.999994268
0.382590978779,-0.923652710172,0.382568418031,-0.923599992798,0.392593227911,0.250403312848,135.00000006,134.999994268
0.382582836999,-0.92363253116,0.382558232832,-0.923575146959,0.392593227911,0.250403312848,135.00000006,134.999994268
0.382574360785,-0.923611489084,0.38254761983,-0.923549242267,0.392593227911,0.250403312848,135.00000006,134.999994268
0.382565550925,-0.923589583694,0.382536579426,-0.923522278647,0.392593227911,0.250403312848,135.00000006,134.999994268
0.382556408218,-0.923566814736,0.382525112023,-0.923494256028,0.392593227911,0.250403312848,135.00000006,134.999994268
0.382546933467,-0.923543181959,0.382513218028,-0.923465174342,0.392593227911,0.250403312848,135.00000006,134.999994268
0.382537127486,-0.923518685109,0.382500897851,-0.923435033523,0.392593227911,0.250403312848,135.00000006,134.999994268
0.382526991089,-0.923493323937,0.382488151903,-0.923403833508,0.392593227911,0.250403312848,135.00000006,134.999994268
0.382516525098,-0.923467098191,0.3824749806,-0.923371574235,0.392593227911,0.250403312848,135.00000006,134.999994268
0.382505730336,-0.923440007625,0.382461384356,-0.923338255649,0.392593227911,0.250403312848,135.00000006,134.999994268
0.382494607631,-0.923412051991,0.382447363591,-0.923303877695,0.392593227911,0.250403312848,135.00000006,134.999994268
0.382483157811,-0.923383231046,0.382432918723,-0.92326844032,0.392593227911,0.250403312848,135.00000006,134.999994268
0.38247138171,-0.923353544547,0.382418050843,-0.923231943202,0.392593227911,0.250403312848,135.00000006,134.999994268
0.382459280162,-0.923322992253,0.382402761082,-0.923194385999,0.392593227911,0.250403312848,135.00000006,134.999994268
0.382446854001,-0.923291573928,0.382387049921,-0.923155768648,0.392593227911,0.250403312848,135.00000006,134.999994268
0.38243410436,-0.923259289213,0.38237091781,-0.923116091099,0.392593227911,0.250403312848,135.00000006,134.999994268
0.382421033728,-0.923226137192,0.382354365204,-0.923075353305,0.392593227911,0.250403312848,135.00000006,134.999994268
0.382407644328,-0.923192117062,0.38233739256,-0.923033555223,0.392593227911,0.250403312848,135.00000006,134.999994268
0.382393937054,-0.923157228573,0.382320000339,-0.922990696809,0.392593227911,0.250403312848,135.00000006,134.999994268
0.382379912802,-0.923121471478,0.382302189002,-0.922946778027,0.392593227911,0.250403312848,135.00000006,134.999994268
0.382365572473,-0.92308484553,0.382283959013,-0.922901798839,0.392593227911,0.250403312848,135.00000006,134.999994268
0.382350916972,-0.923047350484,0.38226531084,-0.922855759212,0.392593227911,0.250403312848,135.00000006,134.999994268
0.382335947207,-0.923008986096,0.382246244952,-0.922808659117,0.392593227911,0.250403312848,135.00000006,134.999994268
0.38232066409,-0.922969752124,0.382226761826,-0.922760498522,0.392593227911,0.250403312848,135.00000006,134.999994268
0.382305068533,-0.92292964833,0.382206861934,-0.922711277405,0.392593227911,0.250403312848,135.00000006,134.999994268
0.382289161455,-0.922888674475,0.382186545751,-0.922660995743,0.392593227911,0.250403312848,135.00000006,134.999994268
0.382272943771,-0.922846830324,0.382165813752,-0.922609653518,0.392593227911,0.250403312848,135.00000006,134.999994268
0.382256416412,-0.922804115641,0.382144666415,-0.922557250716,0.392593227911,0.250403312848,135.00000006,134.999994268
0.38223958031,-0.922760530189,0.382123104217,-0.922503787325,0.392593227911,0.250403312848,135.00000006,134.999994268
0.382222436394,-0.922716073738,0.382101127641,-0.922449263336,0.392593227911,0.250403312848,135.00000006,134.999994268
0.382204985589,-0.922670746062,0.382078737168,-0.922393678743,0.392593227911,0.250403312848,135.00000006,134.999994268
0.382187228824,-0.922624546936,0.382055933288,-0.92233703354,0.392593227911,0.250403312848,135.00000006,134.999994268
0.382169167028,-0.922577476138,0.38203271649,-0.922279327728,0.392593227911,0.250403312848,135.00000006,134.999994268
0.382150801132,-0.922529533449,0.38200908726,-0.92222056131,0.392593227911,0.250403312848,135.00000006,134.999994268
0.382132132068,-0.922480718652,0.381985046086,-0.922160734292,0.392593227911,0.250403312848,135.00000006,134.999994268
0.382113160769,-0.922431031533,0.381960593458,-0.922099846684,0.392593227911,0.250403312848,135.00000006,134.999994268
0.382093888177,-0.922380471877,0.381935729867,-0.922037898501,0.392593227911,0.250403312848,135.00000006,134.999994268
0.38207431524,-0.922329039468,0.381910455805,-0.921974889757,0.392593227911,0.250403312848,135.00000006,134.999994268
0.382054442902,-0.922276734098,0.381884771773,-0.92191082047,0.392593227911,0.250403312848,135.00000006,134.999994268
0.382034272103,-0.922223555562,0.38185867827,-0.921845690661,0.392593227911,0.250403312848,135.00000006,134.999994268
0.382013803782,-0.922169503657,0.381832175794,-0.921779500354,0.392593227911,0.250403312848,135.00000006,134.999994268
0.381993038881,-0.922114578184,0.381805264843,-0.92171224958,0.392593227911,0.250403312848,135.00000006,134.999994268
0.381971978341,-0.922058778946,0.381777945915,-0.921643938369,0.392593227911,0.250403312848,135.00000006,134.999994268
0.381950623106,-0.922002105748,0.381750219513,-0.921574566758,0.392593227911,0.250403312848,135.00000006,134.999994268
0.381928974126,-0.921944558398,0.381722086141,-0.921504134783,0.392593227911,0.250403312848,135.00000006,134.999994268
0.38190703236,-0.921886136699,0.381693546311,-0.921432642483,0.392593227911,0.250403312848,135.00000006,134.999994268
0.381884798762,-0.921826840462,0.381664600529,-0.921360089902,0.392593227911,0.250403312848,135.00000006,134.999994268
0.38186227428,-0.921766669502,0.381635249302,-0.921286477088,0.392593227911,0.250403312848,135.00000006,134.999994268
0.381839459863,-0.921705623639,0.381605493138,-0.921211804092,0.392593227911,0.250403312848,135.00000006,134.999994268
0.381816356459,-0.921643702693,0.381575332545,-0.921136070969,0.392593227911,0.250403312848,135.00000006,134.999994268
0.381792965019,-0.921580906488,0.381544768039,-0.921059277772,0.392593227911,0.250403312848,135.00000006,134.999994268
0.381769286498,-0.921517234849,0.38151380014,-0.920981424562,0.392593227911,0.250403312848,135.00000006,134.999994268
0.381745321864,-0.9214526876,0.381482429361,-0.9209025114,0.392593227911,0.250403312848,135.00000006,134.999994268
0.38172107208,-0.921387264566,0.381450656218,-0.920822538353,0.392593227911,0.250403312848,135.00000006,134.999994268
0.381696538101,-0.921320965582,0.381418481225,-0.920741505493,0.392593227911,0.250403312848,135.00000006,134.999994268
0.381671720881,-0.921253790485,0.381385904903,-0.920659412891,0.392593227911,0.250403312848,135.00000006,134.999994268
0.381646621377,-0.921185739115,0.381352927778,-0.92057626062,0.392593227911,0.250403312848,135.00000006,134.999994268
0.381621240543,-0.921116811315,0.381319550375,-0.920492048759,0.392593227911,0.250403312848,135.00000006,134.999994268
0.381595579352,-0.921047006923,0.381285773214,-0.92040677739,0.392593227911,0.250403312848,135.00000006,134.999994268
0.381569638777,-0.92097632578,0.381251596818,-0.920320446599,0.392593227911,0.250403312848,135.00000006,134.999994268
0.381543419781,-0.920904767735,0.381217021713,-0.920233056476,0.392593227911,0.250403312848,135.00000006,134.999994268
0.381516923325,-0.92083233264,0.381182048432,-0.920144607108,0.392593227911,0.250403312848,135.00000006,134.999994268
0.381490150369,-0.920759020352,0.381146677507,-0.920055098589,0.392593227911,0.250403312848,135.00000006,134.999994268
0.381463101875,-0.920684830728,0.381110909467,-0.919964531019,0.392593227911,0.250403312848,135.00000006,134.999994268
0.381435778818,-0.920609763624,0.381074744839,-0.919872904498,0.392593227911,0.250403312848,135.00000006,134.999994268
0.38140818218,-0.920533818895,0.38103818416,-0.919780219131,0.392593227911,0.250403312848,135.00000006,134.999994268
0.381380312929,-0.920456996406,0.381001227968,-0.919686475022,0.392593227911,0.250403312848,135.00000006,134.999994268
0.381352172029,-0.920379296026,0.380963876802,-0.919591672281,0.392593227911,0.250403312848,135.00000006,134.999994268
0.381323760446,-0.920300717625,0.380926131195,-0.919495811023,0.392593227911,0.250403312848,135.00000006,134.999994268
0.38129507915,-0.920221261078,0.380887991683,-0.919398891365,0.392593227911,0.250403312848,135.00000006,134.999994268
0.381266129124,-0.920140926253,0.380849458812,-0.919300913426,0.392593227911,0.250403312848,135.00000006,134.999994268
0.381236911356,-0.920059713022,0.38081053313,-0.919201877325,0.392593227911,0.250403312848,135.00000006,134.999994268
0.381207426812,-0.919977621267,0.380771215175,-0.919101783189,0.392593227911,0.250403312848,135.00000006,134.999994268
0.381177676462,-0.919894650874,0.380731505489,-0.919000631151,0.392593227911,0.250403312848,135.00000006,134.999994268
0.381147661277,-0.919810801729,0.38069140462,-0.918898421339,0.392593227911,0.250403312848,135.00000006,134.999994268
0.381117382244,-0.919726073715,0.380650913121,-0.918795153889,0.392593227911,0.250403312848,135.00000006,134.999994268
0.381086840353,-0.919640466718,0.380610031541,-0.918690828937,0.392593227911,0.250403312848,135.00000006,134.999994268
0.381056036581,-0.919553980632,0.380568760424,-0.918585446629,0.392593227911,0.250403312848,135.00000006,134.999994268
0.381024971902,-0.919466615353,0.380527100324,-0.918479007107,0.392593227911,0.250403312848,135.00000006,134.999994268
0.380993647288,-0.919378370782,0.380485051799,-0.918371510517,0.392593227911,0.250403312848,135.00000006,134.999994268
0.380962063731,-0.919289246817,0.380442615403,-0.918262957011,0.392593227911,0.250403312848,135.00000006,134.999994268
0.380930222227,-0.919199243354,0.380399791689,-0.918153346743,0.392593227911,0.250403312848,135.00000006,134.999994268
0.380898123756,-0.919108360301,0.380356581214,-0.918042679872,0.392593227911,0.250403312848,135.00000006,134.999994268
0.380865769295,-0.919016597569,0.380312984543,-0.917930956554,0.392593227911,0.250403312848,135.00000006,134.999994268
0.380833159821,-0.91892395507,0.380269002234,-0.917818176953,0.392593227911,0.250403312848,135.00000006,134.999994268
0.380800296334,-0.918830432715,0.380224634845,-0.917704341238,0.392593227911,0.250403312848,135.00000006,134.999994268
0.380767179833,-0.918736030412,0.380179882941,-0.917589449577,0.392593227911,0.250403312848,135.00000006,134.999994268
0.3807338113,-0.918640748083,0.380134747092,-0.917473502142,0.392593227911,0.250403312848,135.00000006,134.999994268
0.380700191713,-0.918544585654,0.38008922786,-0.917356499108,0.392593227911,0.250403312848,135.00000006,134.999994268
0.380666322062,-0.918447543047,0.380043325809,-0.917238440656,0.392593227911,0.250403312848,135.00000006,134.999994268
0.380632203351,-0.918349620184,0.379997041511,-0.917119326967,0.392593227911,0.250403312848,135.00000006,134.999994268
0.380597836577,-0.91825081699,0.379950375541,-0.916999158223,0.392593227911,0.250403312848,135.00000006,134.999994268
0.380563222721,-0.918151133403,0.379903328466,-0.916877934616,0.392593227911,0.250403312848,135.00000006,134.999994268
0.380528362767,-0.918050569358,0.379855900856,-0.916755656336,0.392593227911,0.250403312848,135.00000006,134.999994268
0.380493257723,-0.917949124788,0.379808093292,-0.916632323577,0.392593227911,0.250403312848,135.00000006,134.999994268
0.380457908594,-0.917846799627,0.379759906348,-0.916507936535,0.392593227911,0.250403312848,135.00000006,134.999994268
0.380422316369,-0.917743593819,0.379711340596,-0.916382495414,0.392593227911,0.250403312848,135.00000006,134.999994268
0.380386482032,-0.917639507314,0.379662396618,-0.916256000415,0.392593227911,0.250403312848,135.00000006,134.999994268
0.380350406588,-0.917534540055,0.379613075,-0.916128451744,0.392593227911,0.250403312848,135.00000006,134.999994268
0.380314091047,-0.917428691987,0.379563376316,-0.915999849612,0.392593227911,0.250403312848,135.00000006,134.999994268
0.380277536404,-0.917321963062,0.379513301149,-0.915870194233,0.392593227911,0.250403312848,135.00000006,134.999994268
0.380240743649,-0.917214353241,0.379462850088,-0.91573948582,0.392593227911,0.250403312848,135.00000006,134.999994268
0.380203713784,-0.917105862479,0.379412023717,-0.915607724594,0.392593227911,0.250403312848,135.00000006,134.999994268
0.380166447824,-0.916996490731,0.379360822618,-0.915474910779,0.392593227911,0.250403312848,135.00000006,134.999994268
0.380128946769,-0.916886237958,0.379309247385,-0.915341044596,0.392593227911,0.250403312848,135.00000006,134.999994268
0.38009121161,-0.916775104132,0.379257298608,-0.915206126276,0.392593227911,0.250403312848,135.00000006,134.999994268
0.380053243354,-0.916663089218,0.379204976872,-0.915070156051,0.392593227911,0.250403312848,135.00000006,134.999994268
0.380015043019,-0.916550193181,0.379152282774,-0.914933134155,0.392593227911,0.250403312848,135.00000006,134.999994268
0.379976611607,-0.916436415994,0.379099216912,-0.914795060823,0.392593227911,0.250403312848,135.00000006,134.999994268
0.379937950111,-0.916321757638,0.379045779873,-0.914655936299,0.392593227911,0.250403312848,135.00000006,134.999994268
0.379899059544,-0.916206218088,0.378991972257,-0.914515760826,0.392593227911,0.250403312848,135.00000006,134.999994268
0.379859940927,-0.91608979732,0.378937794667,-0.914374534648,0.392593227911,0.250403312848,135.00000006,134.999994268
0.379820595262,-0.915972495317,0.378883247695,-0.914232258019,0.392593227911,0.250403312848,135.00000006,134.999994268
0.379781023543,-0.915854312073,0.378828331946,-0.91408893119,0.392593227911,0.250403312848,135.00000006,134.999994268
0.379741226793,-0.915735247569,0.378773048025,-0.913944554415,0.392593227911,0.250403312848,135.00000006,134.999994268
0.379701206035,-0.915615301791,0.378717396528,-0.913799127957,0.392593227911,0.250403312848,135.00000006,134.999994268
0.379660962267,-0.915494474737,0.378661378065,-0.913652652077,0.392593227911,0.250403312848,135.00000006,134.999994268
0.379620496495,-0.915372766406,0.378604993245,-0.913505127038,0.392593227911,0.250403312848,135.00000006,134.999994268
0.379579809745,-0.915250176791,0.378548242669,-0.913356553111,0.392593227911,0.250403312848,135.00000006,134.999994268
0.379538903034,-0.915126705891,0.37849112695,-0.913206930566,0.392593227911,0.250403312848,135.00000006,134.999994268
0.37949777736,-0.915002353716,0.378433646703,-0.913056259677,0.392593227911,0.250403312848,135.00000006,134.999994268
0.379456433746,-0.914877120268,0.378375802532,-0.912904540723,0.392593227911,0.250403312848,135.00000006,134.999994268
0.379414873218,-0.914751005552,0.378317595054,-0.912751773983,0.392593227911,0.250403312848,135.00000006,134.999994268
0.379373096785,-0.914624009582,0.378259024886,-0.912597959741,0.392593227911,0.250403312848,135.00000006,134.999994268
0.379331105456,-0.914496132376,0.37820009264,-0.912443098285,0.392593227911,0.250403312848,135.00000006,134.999994268
0.37928890026,-0.914367373943,0.378140798937,-0.912287189903,0.392593227911,0.250403312848,135.00000006,134.999994268
0.37924648222,-0.914237734302,0.378081144395,-0.912130234888,0.392593227911,0.250403312848,135.00000006,134.999994268
0.37920385234,-0.91410721348,0.378021129632,-0.911972233537,0.392593227911,0.250403312848,135.00000006,134.999994268
0.379161011648,-0.913975811498,0.377960755273,-0.911813186148,0.392593227911,0.250403312848,135.00000006,134.999994268
0.379117961176,-0.913843528376,0.377900021938,-0.911653093023,0.392593227911,0.250403312848,135.00000006,134.999994268
0.379074701933,-0.913710364151,0.377838930252,-0.911491954467,0.392593227911,0.250403312848,135.00000006,134.999994268
0.379031234939,-0.913576318852,0.377777480845,-0.911329770787,0.392593227911,0.250403312848,135.00000006,134.999994268
0.378987561228,-0.91344139251,0.377715674339,-0.911166542296,0.392593227911,0.250403312848,135.00000006,134.999994268
0.37894368182,-0.913305585164,0.377653511364,-0.911002269306,0.392593227911,0.250403312848,135.00000006,134.999994268
0.378899597729,-0.913168896855,0.377590992553,-0.910836952135,0.392593227911,0.250403312848,135.00000006,134.999994268
0.378855309992,-0.913031327621,0.377528118534,-0.910670591104,0.392593227911,0.250403312848,135.00000006,134.999994268
0.378810819637,-0.912892877505,0.377464889942,-0.910503186535,0.392593227911,0.250403312848,135.00000006,134.999994268
0.378766127674,-0.91275354656,0.377401307407,-0.910334738755,0.392593227911,0.250403312848,135.00000006,134.999994268
0.378721235141,-0.912613334831,0.377337371567,-0.910165248092,0.392593227911,0.250403312848,135.00000006,134.999994268
0.378676143075,-0.912472242366,0.377273083063,-0.909994714879,0.392593227911,0.250403312848,135.00000006,134.999994268
0.378630852485,-0.912330269227,0.377208442528,-0.909823139451,0.392593227911,0.250403312848,135.00000006,134.999994268
0.378585364408,-0.912187415467,0.377143450604,-0.909650522147,0.392593227911,0.250403312848,135.00000006,134.999994268
0.378539679885,-0.912043681141,0.377078107929,-0.909476863308,0.392593227911,0.250403312848,135.00000006,134.999994268
0.378493799928,-0.911899066318,0.377012415148,-0.909302163278,0.392593227911,0.250403312848,135.00000006,134.999994268
0.378447725574,-0.91175357106,0.376946372906,-0.909126422403,0.392593227911,0.250403312848,135.00000006,134.999994268
0.378401457866,-0.91160719543,0.376879981846,-0.908949641036,0.392593227911,0.250403312848,135.00000006,134.999994268
0.378354997819,-0.911459939504,0.376813242616,-0.908771819528,0.392593227911,0.250403312848,135.00000006,134.999994268
0.378308346471,-0.911311803351,0.37674615586,-0.908592958239,0.392593227911,0.250403312848,135.00000006,134.999994268
0.378261504866,-0.911162787041,0.37667872223,-0.908413057524,0.392593227911,0.250403312848,135.00000006,134.999994268
0.378214474021,-0.91101289066,0.37661094238,-0.908232117748,0.392593227911,0.250403312848,135.00000006,134.999994268
0.378167254977,-0.910862114282,0.376542816957,-0.908050139275,0.392593227911,0.250403312848,135.00000006,134.999994268
0.37811984878,-0.910710457987,0.376474346618,-0.907867122473,0.392593227911,0.250403312848,135.00000006,134.999994268
0.378072256446,-0.910557921867,0.376405532013,-0.907683067716,0.392593227911,0.250403312848,135.00000006,134.999994268
0.378024479022,-0.910404506004,0.376336373803,-0.907497975376,0.392593227911,0.250403312848,135.00000006,134.999994268
0.377976517553,-0.910250210485,0.376266872641,-0.907311845832,0.392593227911,0.250403312848,135.00000006,134.999994268
0.377928373058,-0.910095035409,0.376197029188,-0.907124679463,0.392593227911,0.250403312848,135.00000006,134.999994268
0.377880046585,-0.909938980867,0.376126844107,-0.906936476653,0.392593227911,0.250403312848,135.00000006,134.999994268
0.37783153918,-0.909782046953,0.376056318056,-0.906747237788,0.392593227911,0.250403312848,135.00000006,134.999994268
0.377782851866,-0.909624233774,0.375985451699,-0.906556963257,0.392593227911,0.250403312848,135.00000006,134.999994268
0.377733985693,-0.909465541427,0.3759142457,-0.906365653453,0.392593227911,0.250403312848,135.00000006,134.999994268
0.377684941703,-0.909305970016,0.375842700724,-0.906173308772,0.392593227911,0.250403312848,135.00000006,134.999994268
0.377635720926,-0.909145519654,0.375770817438,-0.905979929611,0.392593227911,0.250403312848,135.00000006,134.999994268
0.377586324415,-0.908984190444,0.37569859651,-0.905785516373,0.392593227911,0.250403312848,135.00000006,134.999994268
0.377536753204,-0.908821982503,0.375626038612,-0.905590069459,0.392593227911,0.250403312848,135.00000006,134.999994268
0.377487008334,-0.908658895945,0.375553144414,-0.90539358928,0.392593227911,0.250403312848,135.00000006,134.999994268
0.377437090859,-0.908494930884,0.375479914589,-0.905196076242,0.392593227911,0.250403312848,135.00000006,134.999994268
0.377387001805,-0.908330087446,0.375406349809,-0.904997530762,0.392593227911,0.250403312848,135.00000006,134.999994268
0.377336742226,-0.908164365749,0.375332450751,-0.904797953254,0.392593227911,0.250403312848,135.00000006,134.999994268
0.377286313175,-0.907997765915,0.37525821809,-0.904597344138,0.392593227911,0.250403312848,135.00000006,134.999994268
0.377235715682,-0.907830288077,0.375183652505,-0.904395703835,0.392593227911,0.250403312848,135.00000006,134.999994268
0.377184950802,-0.907661932361,0.375108754674,-0.904193032771,0.392593227911,0.250403312848,135.00000006,134.999994268
0.377134019576,-0.9074926989,0.375033525278,-0.903989331374,0.392593227911,0.250403312848,135.00000006,134.999994268
0.37708292305,-0.90732258783,0.374957964998,-0.903784600075,0.392593227911,0.250403312848,135.00000006,134.999994268
0.377031662278,-0.907151599286,0.374882074518,-0.903578839307,0.392593227911,0.250403312848,135.00000006,134.999994268
0.376980238293,-0.906979733412,0.374805854522,-0.903372049508,0.392593227911,0.250403312848,135.00000006,134.999994268
0.376928652154,-0.906806990346,0.374729305696,-0.903164231117,0.392593227911,0.250403312848,135.00000006,134.999994268
0.376876904912,-0.906633370233,0.374652428728,-0.902955384577,0.392593227911,0.250403312848,135.00000006,134.999994268
0.376824997607,-0.906458873221,0.374575224306,-0.902745510333,0.392593227911,0.250403312848,135.00000006,134.999994268
0.376772931297,-0.906283499459,0.374497693121,-0.902534608834,0.392593227911,0.250403312848,135.00000006,134.999994268
0.376720707019,-0.906107249103,0.374419835864,-0.902322680532,0.392593227911,0.250403312848,135.00000006,134.999994268
0.37666832583,-0.905930122304,0.374341653227,-0.902109725881,0.392593227911,0.250403312848,135.00000006,134.999994268
0.37661578879,-0.905752119216,0.374263145904,-0.901895745338,0.392593227911,0.250403312848,135.00000006,134.999994268
0.376563096937,-0.905573240004,0.374184314591,-0.901680739364,0.392593227911,0.250403312848,135.00000006,134.999994268
0.37651025133,-0.905393484827,0.374105159983,-0.901464708422,0.392593227911,0.250403312848,135.00000006,134.999994268
0.376457253012,-0.905212853852,0.37402568278,-0.901247652979,0.392593227911,0.250403312848,135.00000006,134.999994268
0.37640410304,-0.905031347245,0.373945883679,-0.901029573503,0.392593227911,0.250403312848,135.00000006,134.999994268
0.376350802476,-0.904848965172,0.373865763383,-0.900810470466,0.392593227911,0.250403312848,135.00000006,134.999994268
0.376297352361,-0.904665707809,0.373785322592,-0.900590344344,0.392593227911,0.250403312848,135.00000006,134.999994268
0.376243753757,-0.904481575327,0.37370456201,-0.900369195615,0.392593227911,0.250403312848,135.00000006,134.999994268
0.376190007707,-0.904296567907,0.373623482341,-0.900147024759,0.392593227911,0.250403312848,135.00000006,134.999994268
0.376136115272,-0.904110685725,0.373542084291,-0.89992383226,0.392593227911,0.250403312848,135.00000006,134.999994268
0.376082077511,-0.903923928963,0.373460368568,-0.899699618605,0.392593227911,0.250403312848,135.00000006,134.999994268
0.376027895472,-0.903736297806,0.37337833588,-0.899474384283,0.392593227911,0.250403312848,135.00000006,134.999994268
0.375973570219,-0.903547792439,0.373295986936,-0.899248129787,0.392593227911,0.250403312848,135.00000006,134.999994268
0.375919102797,-0.903358413054,0.37321332245,-0.899020855612,0.392593227911,0.250403312848,135.00000006,134.999994268
0.37586449427,-0.903168159839,0.373130343132,-0.898792562256,0.392593227911,0.250403312848,135.00000006,134.999994268
0.375809745687,-0.902977032992,0.373047049697,-0.89856325022,0.392593227911,0.250403312848,135.00000006,134.999994268
0.37575485811,-0.902785032708,0.37296344286,-0.898332920009,0.392593227911,0.250403312848,135.00000006,134.999994268
0.375699832602,-0.902592159181,0.372879523338,-0.898101572129,0.392593227911,0.250403312848,135.00000006,134.999994268
0.375644670214,-0.902398412618,0.372795291847,-0.897869207091,0.392593227911,0.250403312848,135.00000006,134.999994268
0.375589372008,-0.902203793219,0.372710749108,-0.897635825406,0.392593227911,0.250403312848,135.00000006,134.999994268
0.375533939036,-0.902008301193,0.372625895839,-0.897401427592,0.392593227911,0.250403312848,135.00000006,134.999994268
0.375478372363,-0.901811936747,0.372540732764,-0.897166014166,0.392593227911,0.250403312848,135.00000006,134.999994268
0.37542267304,-0.901614700094,0.372455260604,-0.896929585649,0.392593227911,0.250403312848,135.00000006,134.999994268
0.375366842132,-0.901416591446,0.372369480084,-0.896692142567,0.392593227911,0.250403312848,135.00000006,134.999994268
0.375310880701,-0.901217611017,0.372283391929,-0.896453685446,0.392593227911,0.250403312848,135.00000006,134.999994268
0.375254789803,-0.901017759028,0.372196996866,-0.896214214816,0.392593227911,0.250403312848,135.00000006,134.999994268
0.375198570503,-0.900817035696,0.372110295624,-0.895973731211,0.392593227911,0.250403312848,135.00000006,134.999994268
0.375142223857,-0.900615441249,0.372023288931,-0.895732235165,0.392593227911,0.250403312848,135.00000006,134.999994268
0.375085750929,-0.900412975908,0.371935977521,-0.895489727218,0.392593227911,0.250403312848,135.00000006,134.999994268
0.375029152775,-0.900209639904,0.371848362123,-0.895246207911,0.392593227911,0.250403312848,135.00000006,134.999994268
0.374972430461,-0.900005433467,0.371760443473,-0.895001677788,0.392593227911,0.250403312848,135.00000006,134.999994268
0.374915585044,-0.89980035683,0.371672222302,-0.894756137397,0.392593227911,0.250403312848,135.00000006,134.999994268
0.37485861759,-0.899594410226,0.371583699348,-0.894509587287,0.392593227911,0.250403312848,135.00000006,134.999994268
0.374801529158,-0.899387593897,0.371494875347,-0.894262028013,0.392593227911,0.250403312848,135.00000006,134.999994268
0.374744320812,-0.899179908079,0.371405751037,-0.89401346013,0.392593227911,0.250403312848,135.00000006,134.999994268
0.374686993618,-0.898971353014,0.371316327161,-0.893763884195,0.392593227911,0.250403312848,135.00000006,134.999994268
0.374629548636,-0.898761928948,0.371226604458,-0.893513300772,0.392593227911,0.250403312848,135.00000006,134.999994268
0.374571986932,-0.898551636128,0.371136583671,-0.893261710423,0.392593227911,0.250403312848,135.00000006,134.999994268
0.374514309567,-0.898340474804,0.371046265541,-0.893009113717,0.392593227911,0.250403312848,135.00000006,134.999994268
0.374456517605,-0.898128445227,0.370955650817,-0.892755511222,0.392593227911,0.250403312848,135.00000006,134.999994268
0.374398612108,-0.897915547653,0.370864740239,-0.892500903514,0.392593227911,0.250403312848,135.00000006,134.999994268
0.374340594144,-0.897701782337,0.370773534559,-0.892245291167,0.392593227911,0.250403312848,135.00000006,134.999994268
0.374282464772,-0.89748714954,0.370682034526,-0.891988674759,0.392593227911,0.250403312848,135.00000006,134.999994268
0.374224225061,-0.897271649522,0.370590240888,-0.891731054871,0.392593227911,0.250403312848,135.00000006,134.999994268
0.374165876072,-0.897055282548,0.370498154398,-0.891472432088,0.392593227911,0.250403312848,135.00000006,134.999994268
0.374107418872,-0.896838048884,0.370405775805,-0.891212806999,0.392593227911,0.250403312848,135.00000006,134.999994268
0.374048854524,-0.896619948799,0.370313105865,-0.890952180191,0.392593227911,0.250403312848,135.00000006,134.999994268
0.373990184095,-0.896400982563,0.370220145334,-0.890690552257,0.392593227911,0.250403312848,135.00000006,134.999994268
0.373931408649,-0.896181150451,0.370126894965,-0.890427923794,0.392593227911,0.250403312848,135.00000006,134.999994268
0.373872529252,-0.895960452737,0.370033355519,-0.890164295398,0.392593227911,0.250403312848,135.00000006,134.999994268
0.37381354697,-0.895738889701,0.369939527751,-0.889899667673,0.392593227911,0.250403312848,135.00000006,134.999994268
0.373754462868,-0.895516461623,0.369845412422,-0.889634041221,0.392593227911,0.250403312848,135.00000006,134.999994268
0.373695278013,-0.895293168785,0.369751010295,-0.889367416649,0.392593227911,0.250403312848,135.00000006,134.999994268
0.37363599347,-0.895069011472,0.369656322131,-0.889099794567,0.392593227911,0.250403312848,135.00000006,134.999994268
0.373576610306,-0.894843989974,0.369561348694,-0.888831175587,0.392593227911,0.250403312848,135.00000006,134.999994268
0.373517129586,-0.894618104578,0.369466090747,-0.888561560324,0.392593227911,0.250403312848,135.00000006,134.999994268
0.373457552378,-0.894391355578,0.369370549057,-0.888290949397,0.392593227911,0.250403312848,135.00000006,134.999994268
0.373397879747,-0.894163743269,0.369274724394,-0.888019343425,0.392593227911,0.250403312848,135.00000006,134.999994268
0.373338112761,-0.893935267947,0.369178617523,-0.887746743033,0.392593227911,0.250403312848,135.00000006,134.999994268
0.373278252486,-0.893705929912,0.369082229215,-0.887473148846,0.392593227911,0.250403312848,135.00000006,134.999994268
0.373218299989,-0.893475729465,0.368985560242,-0.887198561494,0.392593227911,0.250403312848,135.00000006,134.999994268
0.373158256337,-0.893244666911,0.368888611373,-0.886922981609,0.392593227911,0.250403312848,135.00000006,134.999994268
0.373098122596,-0.893012742555,0.368791383386,-0.886646409824,0.392593227911,0.250403312848,135.00000006,134.999994268
0.373037899834,-0.892779956708,0.368693877051,-0.886368846779,0.392593227911,0.250403312848,135.00000006,134.999994268
0.372977589117,-0.892546309679,0.368596093145,-0.886090293113,0.392593227911,0.250403312848,135.00000006,134.999994268
0.372917191512,-0.892311801783,0.368498032449,-0.885810749468,0.392593227911,0.250403312848,135.00000006,134.999994268
0.372856708088,-0.892076433335,0.368399695735,-0.885530216492,0.392593227911,0.250403312848,135.00000006,134.999994268
0.372796139909,-0.891840204653,0.368301083786,-0.885248694832,0.392593227911,0.250403312848,135.00000006,134.999994268
0.372735488045,-0.891603116057,0.368202197384,-0.884966185138,0.392593227911,0.250403312848,135.00000006,134.999994268
0.372674753561,-0.891365167872,0.368103037307,-0.884682688066,0.392593227911,0.250403312848,135.00000006,134.999994268
0.372613937525,-0.89112636042,0.36800360434,-0.884398204273,0.392593227911,0.250403312848,135.00000006,134.999994268
0.372553041003,-0.890886694032,0.367903899269,-0.884112734416,0.392593227911,0.250403312848,135.00000006,134.999994268
0.372492065063,-0.890646169034,0.367803922876,-0.883826279161,0.392593227911,0.250403312848,135.00000006,134.999994268
0.372431010771,-0.890404785761,0.367703675949,-0.88353883917,0.392593227911,0.250403312848,135.00000006,134.999994268
0.372369879195,-0.890162544546,0.367603159277,-0.883250415112,0.392593227911,0.250403312848,135.00000006,134.999994268
0.3723086714,-0.889919445727,0.367502373646,-0.882961007659,0.392593227911,0.250403312848,135.00000006,134.999994268
0.372247388456,-0.889675489641,0.367401319849,-0.882670617481,0.392593227911,0.250403312848,135.00000006,134.999994268
0.372186031428,-0.889430676631,0.367299998676,-0.882379245256,0.392593227911,0.250403312848,135.00000006,134.999994268
0.372124601384,-0.889185007039,0.367198410917,-0.882086891663,0.392593227911,0.250403312848,135.00000006,134.999994268
0.372063099394,-0.888938481211,0.367096557371,-0.881793557383,0.392593227911,0.250403312848,135.00000006,134.999994268
0.372001526521,-0.888691099495,0.36699443883,-0.8814992431,0.392593227911,0.250403312848,135.00000006,134.999994268
0.371939883835,-0.888442862242,0.366892056087,-0.881203949501,0.392593227911,0.250403312848,135.00000006,134.999994268
0.371878172398,-0.888193769805,0.366789409944,-0.880907677276,0.392593227911,0.250403312848,135.00000006,134.999994268
0.371816393282,-0.887943822539,0.366686501198,-0.880610427117,0.392593227911,0.250403312848,135.00000006,134.999994268
0.371754547546,-0.887693020802,0.366583330645,-0.88031219972,0.392593227911,0.250403312848,135.00000006,134.999994268
0.371692636263,-0.887441364952,0.366479899089,-0.880012995782,0.392593227911,0.250403312848,135.00000006,134.999994268
0.371630660492,-0.887188855354,0.366376207333,-0.879712816003,0.392593227911,0.250403312848,135.00000006,134.999994268
0.371568621305,-0.88693549237,0.366272256173,-0.879411661088,0.392593227911,0.250403312848,135.00000006,134.999994268
0.371506519768,-0.886681276366,0.36616804642,-0.879109531742,0.392593227911,0.250403312848,135.00000006,134.999994268
0.371444356945,-0.886426207711,0.366063578878,-0.878806428672,0.392593227911,0.250403312848,135.00000006,134.999994268
0.371382133906,-0.886170286775,0.365958854349,-0.878502352593,0.392593227911,0.250403312848,135.00000006,134.999994268
0.371319851712,-0.885913513934,0.365853873643,-0.878197304216,0.392593227911,0.250403312848,135.00000006,134.999994268
0.371257511431,-0.885655889561,0.365748637572,-0.877891284258,0.392593227911,0.250403312848,135.00000006,134.999994268
0.371195114122,-0.885397414037,0.365643146941,-0.87758429344,0.392593227911,0.250403312848,135.00000006,134.999994268
0.371132660857,-0.885138087739,0.365537402561,-0.877276332483,0.392593227911,0.250403312848,135.00000006,134.999994268
0.371070152696,-0.884877911052,0.365431405247,-0.876967402112,0.392593227911,0.250403312848,135.00000006,134.999994268
0.371007590706,-0.884616884359,0.365325155811,-0.876657503054,0.392593227911,0.250403312848,135.00000006,134.999994268
0.370944975956,-0.884355008045,0.365218655062,-0.876346636042,0.392593227911,0.250403312848,135.00000006,134.999994268
0.370882309504,-0.884092282502,0.36511190382,-0.876034801805,0.392593227911,0.250403312848,135.00000006,134.999994268
0.370819592419,-0.883828708119,0.365004902904,-0.87572200108,0.392593227911,0.250403312848,135.00000006,134.999994268
0.370756825757,-0.883564285293,0.364897653125,-0.875408234607,0.392593227911,0.250403312848,135.00000006,134.999994268
0.370694010588,-0.883299014418,0.364790155303,-0.875093503125,0.392593227911,0.250403312848,135.00000006,134.999994268
0.370631147974,-0.883032895892,0.364682410262,-0.874777807377,0.392593227911,0.250403312848,135.00000006,134.999994268
0.370568238976,-0.882765930115,0.364574418819,-0.874461148109,0.392593227911,0.250403312848,135.00000006,134.999994268
0.370505284665,-0.882498117489,0.364466181793,-0.874143526074,0.392593227911,0.250403312848,135.00000006,134.999994268
0.370442286092,-0.882229458421,0.364357700011,-0.873824942019,0.392593227911,0.250403312848,135.00000006,134.999994268
0.370379244328,-0.881959953315,0.3642489743,-0.873505396699,0.392593227911,0.250403312848,135.00000006,134.999994268
0.370316160428,-0.881689602585,0.364140005478,-0.873184890872,0.392593227911,0.250403312848,135.00000006,134.999994268
0.370253035456,-0.881418406639,0.364030794372,-0.872863425298,0.392593227911,0.250403312848,135.00000006,134.999994268
0.370189870481,-0.881146365889,0.363921341813,-0.872541000738,0.392593227911,0.250403312848,135.00000006,134.999994268
0.370126666555,-0.880873480754,0.363811648629,-0.872217617955,0.392593227911,0.250403312848,135.00000006,134.999994268
0.370063424745,-0.880599751651,0.363701715645,-0.87189327772,0.392593227911,0.250403312848,135.00000006,134.999994268
0.370000146102,-0.880325179003,0.363591543692,-0.871567980802,0.392593227911,0.250403312848,135.00000006,134.999994268
0.369936831692,-0.88004976323,0.363481133605,-0.871241727972,0.392593227911,0.250403312848,135.00000006,134.999994268
0.369873482583,-0.879773504755,0.363370486216,-0.870914520006,0.392593227911,0.250403312848,135.00000006,134.999994268
0.369810099822,-0.879496404008,0.363259602353,-0.870586357684,0.392593227911,0.250403312848,135.00000006,134.999994268
0.369746684477,-0.879218461415,0.363148482854,-0.870257241785,0.392593227911,0.250403312848,135.00000006,134.999994268
0.369683237598,-0.878939677413,0.363037128557,-0.869927173091,0.392593227911,0.250403312848,135.00000006,134.999994268
0.369619760247,-0.878660052432,0.362925540297,-0.869596152389,0.392593227911,0.250403312848,135.00000006,134.999994268
0.369556253489,-0.878379586905,0.362813718907,-0.869264180468,0.392593227911,0.250403312848,135.00000006,134.999994268
0.369492718372,-0.878098281276,0.362701665229,-0.868931258119,0.392593227911,0.250403312848,135.00000006,134.999994268
0.369429155958,-0.87781613598,0.362589380105,-0.868597386134,0.392593227911,0.250403312848,135.00000006,134.999994268
0.369365567302,-0.877533151462,0.362476864375,-0.86826256531,0.392593227911,0.250403312848,135.00000006,134.999994268
0.369301953459,-0.877249328167,0.362364118875,-0.867926796447,0.392593227911,0.250403312848,135.00000006,134.999994268
0.369238315493,-0.876964666539,0.362251144451,-0.867590080347,0.392593227911,0.250403312848,135.00000006,134.999994268
0.369174654445,-0.876679167031,0.362137941948,-0.867252417811,0.392593227911,0.250403312848,135.00000006,134.999994268
0.36911097138,-0.876392830092,0.362024512212,-0.866913809647,0.392593227911,0.250403312848,135.00000006,134.999994268
0.369047267356,-0.876105656172,0.361910856085,-0.866574256665,0.392593227911,0.250403312848,135.00000006,134.999994268
0.368983543417,-0.875817645731,0.361796974411,-0.866233759678,0.392593227911,0.250403312848,135.00000006,134.999994268
0.368919800626,-0.875528799224,0.361682868042,-0.865892319499,0.392593227911,0.250403312848,135.00000006,134.999994268
0.368856040029,-0.875239117113,0.361568537829,-0.865549936943,0.392593227911,0.250403312848,135.00000006,134.999994268
0.368792262679,-0.874948599859,0.361453984618,-0.865206612832,0.392593227911,0.250403312848,135.00000006,134.999994268
0.368728469637,-0.874657247923,0.361339209257,-0.864862347988,0.392593227911,0.250403312848,135.00000006,134.999994268
0.36866466194,-0.874365061778,0.361224212599,-0.864517143237,0.392593227911,0.250403312848,135.00000006,134.999994268
0.368600840647,-0.874072041888,0.361108995499,-0.864170999403,0.392593227911,0.250403312848,135.00000006,134.999994268
0.368537006817,-0.87377818872,0.360993558812,-0.863823917317,0.392593227911,0.250403312848,135.00000006,134.999994268
0.368473161485,-0.873483502754,0.360877903387,-0.863475897813,0.392593227911,0.250403312848,135.00000006,134.999994268
0.36840930571,-0.873187984459,0.360762030078,-0.863126941726,0.392593227911,0.250403312848,135.00000006,134.999994268
0.368345440541,-0.872891634314,0.360645939744,-0.862777049892,0.392593227911,0.250403312848,135.00000006,134.999994268
0.36828156702,-0.8725944528,0.360529633246,-0.862426223151,0.392593227911,0.250403312848,135.00000006,134.999994268
0.368217686201,-0.872296440395,0.36041311144,-0.862074462346,0.392593227911,0.250403312848,135.00000006,134.999994268
0.368153799128,-0.871997597585,0.360296375181,-0.861721768323,0.392593227911,0.250403312848,135.00000006,134.999994268
0.368089906846,-0.871697924855,0.360179425329,-0.861368141931,0.392593227911,0.250403312848,135.00000006,134.999994268
0.368026010407,-0.87139742269,0.360062262746,-0.861013584019,0.392593227911,0.250403312848,135.00000006,134.999994268
0.36796211085,-0.871096091583,0.359944888298,-0.860658095438,0.392593227911,0.250403312848,135.00000006,134.999994268
0.367898209221,-0.870793932026,0.359827302846,-0.860301677045,0.392593227911,0.250403312848,135.00000006,134.999994268
0.36783430657,-0.870490944508,0.359709507251,-0.859944329698,0.392593227911,0.250403312848,135.00000006,134.999994268
0.367770403932,-0.870187129532,0.359591502374,-0.859586054258,0.392593227911,0.250403312848,135.00000006,134.999994268
0.367706502352,-0.869882487593,0.359473289084,-0.859226851589,0.392593227911,0.250403312848,135.00000006,134.999994268
0.36764260288,-0.869577019189,0.359354868249,-0.858866722553,0.392593227911,0.250403312848,135.00000006,134.999994268
0.367578706546,-0.869270724826,0.359236240737,-0.85850566802,0.392593227911,0.250403312848,135.00000006,134.999994268
0.367514814396,-0.868963605009,0.359117407413,-0.85814368886,0.392593227911,0.250403312848,135.00000006,134.999994268
0.367450927476,-0.868655660239,0.358998369144,-0.857780785948,0.392593227911,0.250403312848,135.00000006,134.999994268
0.367387046815,-0.868346891031,0.358879126799,-0.857416960159,0.392593227911,0.250403312848,135.00000006,134.999994268
0.367323173454,-0.868037297894,0.358759681252,-0.85705221237,0.392593227911,0.250403312848,135.00000006,134.999994268
0.367259308441,-0.867726881337,0.358640033376,-0.856686543461,0.392593227911,0.250403312848,135.00000006,134.999994268
0.367195452801,-0.867415641881,0.358520184042,-0.856319954315,0.392593227911,0.250403312848,135.00000006,134.999994268
0.367131607573,-0.867103580041,0.358400134122,-0.85595244582,0.392593227911,0.250403312848,135.00000006,134.999994268
0.367067773802,-0.866790696332,0.358279884486,-0.855584018863,0.392593227911,0.250403312848,135.00000006,134.999994268
0.367003952512,-0.866476991281,0.358159436011,-0.855214674335,0.392593227911,0.250403312848,135.00000006,134.999994268
0.366940144738,-0.86616246541,0.358038789574,-0.854844413128,0.392593227911,0.250403312848,135.00000006,134.999994268
0.366876351523,-0.86584711924,0.357917946054,-0.854473236138,0.392593227911,0.250403312848,135.00000006,134.999994268
0.366812573891,-0.865530953304,0.357796906327,-0.854101144262,0.392593227911,0.250403312848,135.00000006,134.999994268
0.366748812872,-0.86521396813,0.357675671269,-0.853728138401,0.392593227911,0.250403312848,135.00000006,134.999994268
0.366685069506,-0.864896164247,0.357554241757,-0.85335421946,0.392593227911,0.250403312848,135.00000006,134.999994268
0.36662134482,-0.864577542191,0.357432618671,-0.852979388345,0.392593227911,0.250403312848,135.00000006,134.999994268
0.366557639835,-0.864258102499,0.357310802892,-0.852603645961,0.392593227911,0.250403312848,135.00000006,134.999994268
0.366493955589,-0.863937845707,0.357188795305,-0.85222699322,0.392593227911,0.250403312848,135.00000006,134.999994268
0.366430293111,-0.863616772352,0.357066596791,-0.851849431032,0.392593227911,0.250403312848,135.00000006,134.999994268
0.366366653416,-0.863294882983,0.356944208232,-0.851470960316,0.392593227911,0.250403312848,135.00000006,134.999994268
0.366303037538,-0.862972178138,0.356821630509,-0.851091581988,0.392593227911,0.250403312848,135.00000006,134.999994268
0.36623944651,-0.862648658363,0.356698864508,-0.850711296969,0.392593227911,0.250403312848,135.00000006,134.999994268
0.366175881341,-0.862324324209,0.35657591111,-0.850330106184,0.392593227911,0.250403312848,135.00000006,134.999994268
0.36611234306,-0.861999176226,0.356452771205,-0.849948010555,0.392593227911,0.250403312848,135.00000006,134.999994268
0.366048832698,-0.861673214961,0.356329445681,-0.849565011009,0.392593227911,0.250403312848,135.00000006,134.999994268
0.365985351267,-0.861346440973,0.356205935426,-0.849181108478,0.392593227911,0.250403312848,135.00000006,134.999994268
0.365921899784,-0.861018854818,0.356082241327,-0.848796303893,0.392593227911,0.250403312848,135.00000006,134.999994268
0.365858479278,-0.860690457053,0.355958364271,-0.848410598189,0.392593227911,0.250403312848,135.00000006,134.999994268
0.365795090767,-0.860361248235,0.355834305147,-0.848023992306,0.392593227911,0.250403312848,135.00000006,134.999994268
0.365731735256,-0.860031228934,0.355710064844,-0.847636487182,0.392593227911,0.250403312848,135.00000006,134.999994268
0.36566841377,-0.85970039971,0.355585644253,-0.84724808376,0.392593227911,0.250403312848,135.00000006,134.999994268
0.365605127335,-0.859368761125,0.355461044268,-0.846858782984,0.392593227911,0.250403312848,135.00000006,134.999994268
0.365541876951,-0.859036313753,0.355336265784,-0.8464685858,0.392593227911,0.250403312848,135.00000006,134.999994268
0.365478663633,-0.858703058163,0.355211309693,-0.846077493157,0.392593227911,0.250403312848,135.00000006,134.999994268
0.3654154884,-0.858368994926,0.355086176887,-0.845685506009,0.392593227911,0.250403312848,135.00000006,134.999994268
0.365352352263,-0.858034124616,0.354960868261,-0.845292625309,0.392593227911,0.250403312848,135.00000006,134.999994268
0.365289256221,-0.857698447813,0.354835384709,-0.844898852014,0.392593227911,0.250403312848,135.00000006,134.999994268
0.365226201292,-0.857361965093,0.354709727127,-0.844504187085,0.392593227911,0.250403312848,135.00000006,134.999994268
0.365163188491,-0.857024677032,0.354583896409,-0.844108631482,0.392593227911,0.250403312848,135.00000006,134.999994268
0.365100218818,-0.856686584217,0.354457893453,-0.843712186169,0.392593227911,0.250403312848,135.00000006,134.999994268
0.365037293273,-0.856347687234,0.35433171916,-0.843314852113,0.392593227911,0.250403312848,135.00000006,134.999994268
0.364974412869,-0.856007986666,0.354205374429,-0.84291663028,0.392593227911,0.250403312848,135.00000006,134.999994268
0.364911578615,-0.855667483098,0.354078860158,-0.842517521642,0.392593227911,0.250403312848,135.00000006,134.999994268
0.364848791502,-0.855326177127,0.353952177247,-0.842117527173,0.392593227911,0.250403312848,135.00000006,134.999994268
0.364786052533,-0.854984069343,0.353825326596,-0.84171664785,0.392593227911,0.250403312848,135.00000006,134.999994268
0.364723362717,-0.854641160338,0.353698309105,-0.841314884649,0.392593227911,0.250403312848,135.00000006,134.999994268
0.364660723051,-0.854297450707,0.353571125675,-0.840912238553,0.392593227911,0.250403312848,135.00000006,134.999994268
0.364598134525,-0.853952941054,0.353443777208,-0.840508710544,0.392593227911,0.250403312848,135.00000006,134.999994268
0.364535598139,-0.853607631975,0.353316264607,-0.840104301607,0.392593227911,0.250403312848,135.00000006,134.999994268
0.364473114899,-0.85326152407,0.353188588774,-0.839699012732,0.392593227911,0.250403312848,135.00000006,134.999994268
0.364410685793,-0.852914617945,0.353060750614,-0.839292844906,0.392593227911,0.250403312848,135.00000006,134.999994268
0.364348311806,-0.852566914209,0.352932751034,-0.838885799122,0.392593227911,0.250403312848,135.00000006,134.999994268
0.364285993937,-0.852218413468,0.352804590939,-0.838477876375,0.392593227911,0.250403312848,135.00000006,134.999994268
0.364223733185,-0.851869116327,0.352676271234,-0.838069077661,0.392593227911,0.250403312848,135.00000006,134.999994268
0.364161530534,-0.8515190234,0.352547792827,-0.83765940398,0.392593227911,0.250403312848,135.00000006,134.999994268
0.364099386962,-0.851168135307,0.352419156622,-0.837248856335,0.392593227911,0.250403312848,135.00000006,134.999994268
0.364037303464,-0.850816452658,0.352290363527,-0.836837435729,0.392593227911,0.250403312848,135.00000006,134.999994268
0.363975281036,-0.850463976068,0.352161414451,-0.836425143169,0.392593227911,0.250403312848,135.00000006,134.999994268
0.363913320654,-0.850110706159,0.3520323103,-0.836011979664,0.392593227911,0.250403312848,135.00000006,134.999994268
0.363851423294,-0.849756643556,0.351903051984,-0.835597946224,0.392593227911,0.250403312848,135.00000006,134.999994268
0.363789589943,-0.84940178888,0.351773640412,-0.835183043865,0.392593227911,0.250403312848,135.00000006,134.999994268
0.363727821592,-0.849046142752,0.351644076494,-0.834767273601,0.392593227911,0.250403312848,135.00000006,134.999994268
0.363666119213,-0.848689705802,0.35151436114,-0.83435063645,0.392593227911,0.250403312848,135.00000006,134.999994268
0.363604483777,-0.848332478662,0.351384495262,-0.833933133434,0.392593227911,0.250403312848,135.00000006,134.999994268
0.363542916265,-0.847974461961,0.35125447977,-0.833514765574,0.392593227911,0.250403312848,135.00000006,134.999994268
0.36348141766,-0.84761565633,0.351124315579,-0.833095533896,0.392593227911,0.250403312848,135.00000006,134.999994268
0.363419988932,-0.847256062403,0.350994003602,-0.832675439426,0.392593227911,0.250403312848,135.00000006,134.999994268
0.363358631048,-0.84689568082,0.350863544751,-0.832254483193,0.392593227911,0.250403312848,135.00000006,134.999994268
0.363297344978,-0.846534512221,0.350732939939,-0.831832666231,0.392593227911,0.250403312848,135.00000006,134.999994268
0.3632361317,-0.846172557242,0.350602190081,-0.831409989573,0.392593227911,0.250403312848,135.00000006,134.999994268
0.363174992183,-0.845809816525,0.350471296091,-0.830986454256,0.392593227911,0.250403312848,135.00000006,134.999994268
0.363113927389,-0.845446290717,0.350340258882,-0.830562061318,0.392593227911,0.250403312848,135.00000006,134.999994268
0.363052938275,-0.845081980466,0.350209079372,-0.830136811801,0.392593227911,0.250403312848,135.00000006,134.999994268
0.362992025815,-0.844716886418,0.350077758474,-0.829710706749,0.392593227911,0.250403312848,135.00000006,134.999994268
0.362931190978,-0.844351009218,0.349946297105,-0.829283747207,0.392593227911,0.250403312848,135.00000006,134.999994268
0.362870434719,-0.843984349522,0.349814696182,-0.828855934222,0.392593227911,0.250403312848,135.00000006,134.999994268
0.36280975799,-0.843616907985,0.349682956621,-0.828427268846,0.392593227911,0.250403312848,135.00000006,134.999994268
0.362749161752,-0.843248685263,0.349551079339,-0.82799775213,0.392593227911,0.250403312848,135.00000006,134.999994268
0.362688646968,-0.842879682009,0.349419065255,-0.82756738513,0.392593227911,0.250403312848,135.00000006,134.999994268
0.362628214594,-0.842509898883,0.349286915286,-0.827136168903,0.392593227911,0.250403312848,135.00000006,134.999994268
0.362567865578,-0.842139336547,0.349154630351,-0.826704104507,0.392593227911,0.250403312848,135.00000006,134.999994268
0.362507600866,-0.841767995668,0.349022211369,-0.826271193004,0.392593227911,0.250403312848,135.00000006,134.999994268
0.362447421414,-0.841395876908,0.348889659258,-0.825837435459,0.392593227911,0.250403312848,135.00000006,134.999994268
0.362387328177,-0.841022980929,0.348756974939,-0.825402832936,0.392593227911,0.250403312848,135.00000006,134.999994268
0.3623273221,-0.840649308403,0.348624159331,-0.824967386505,0.392593227911,0.250403312848,135.00000006,134.999994268
0.362267404124,-0.840274860001,0.348491213355,-0.824531097236,0.392593227911,0.250403312848,135.00000006,134.999994268
0.362207575186,-0.839899636397,0.34835813793,-0.824093966201,0.392593227911,0.250403312848,135.00000006,134.999994268
0.362147836237,-0.839523638263,0.348224933979,-0.823655994476,0.392593227911,0.250403312848,135.00000006,134.999994268
0.362088188224,-0.839146866272,0.348091602423,-0.823217183138,0.392593227911,0.250403312848,135.00000006,134.999994268
0.362028632083,-0.838769321102,0.347958144182,-0.822777533266,0.392593227911,0.250403312848,135.00000006,134.999994268
0.361969168744,-0.838391003435,0.34782456018,-0.822337045941,0.392593227911,0.250403312848,135.00000006,134.999994268
0.36190979914,-0.838011913955,0.347690851337,-0.821895722248,0.392593227911,0.250403312848,135.00000006,134.999994268
0.361850524212,-0.837632053342,0.347557018578,-0.821453563273,0.392593227911,0.250403312848,135.00000006,134.999994268
0.361791344898,-0.837251422277,0.347423062823,-0.821010570104,0.392593227911,0.250403312848,135.00000006,134.999994268
0.361732262125,-0.836870021449,0.347288984997,-0.820566743831,0.392593227911,0.250403312848,135.00000006,134.999994268
0.361673276818,-0.836487851549,0.347154786023,-0.820122085548,0.392593227911,0.250403312848,135.00000006,134.999994268
0.3616143899,-0.836104913268,0.347020466823,-0.819676596348,0.392593227911,0.250403312848,135.00000006,134.999994268
0.3615556023,-0.835721207297,0.346886028323,-0.81923027733,0.392593227911,0.250403312848,135.00000006,134.999994268
0.361496914949,-0.835336734327,0.346751471446,-0.818783129593,0.392593227911,0.250403312848,135.00000006,134.999994268
0.361438328768,-0.834951495054,0.346616797117,-0.818335154237,0.392593227911,0.250403312848,135.00000006,134.999994268
0.361379844672,-0.834565490177,0.346482006259,-0.817886352367,0.392593227911,0.250403312848,135.00000006,134.999994268
0.361321463576,-0.834178720398,0.346347099798,-0.817436725088,0.392593227911,0.250403312848,135.00000006,134.999994268
0.361263186397,-0.833791186417,0.346212078658,-0.816986273509,0.392593227911,0.250403312848,135.00000006,134.999994268
0.361205014056,-0.833402888934,0.346076943765,-0.81653499874,0.392593227911,0.250403312848,135.00000006,134.999994268
0.361146947469,-0.833013828653,0.345941696044,-0.816082901893,0.392593227911,0.250403312848,135.00000006,134.999994268
0.361088987543,-0.832624006281,0.345806336421,-0.815629984082,0.392593227911,0.250403312848,135.00000006,134.999994268
0.361031135184,-0.83223342253,0.34567086582,-0.815176246425,0.392593227911,0.250403312848,135.00000006,134.999994268
0.360973391295,-0.831842078108,0.345535285169,-0.81472169004,0.392593227911,0.250403312848,135.00000006,134.999994268
0.360915756787,-0.831449973728,0.345399595392,-0.814266316049,0.392593227911,0.250403312848,135.00000006,134.999994268
0.36085823257,-0.831057110099,0.345263797417,-0.813810125575,0.392593227911,0.250403312848,135.00000006,134.999994268
0.360800819543,-0.830663487938,0.345127892169,-0.813353119742,0.392593227911,0.250403312848,135.00000006,134.999994268
0.360743518605,-0.830269107962,0.344991880574,-0.812895299679,0.392593227911,0.250403312848,135.00000006,134.999994268
0.360686330649,-0.829873970891,0.34485576356,-0.812436666515,0.392593227911,0.250403312848,135.00000006,134.999994268
0.360629256569,-0.829478077448,0.344719542053,-0.811977221382,0.392593227911,0.250403312848,135.00000006,134.999994268
0.360572297263,-0.829081428352,0.344583216979,-0.811516965414,0.392593227911,0.250403312848,135.00000006,134.999994268
0.360515453629,-0.828684024326,0.344446789266,-0.811055899746,0.392593227911,0.250403312848,135.00000006,134.999994268
0.360458726557,-0.828285866094,0.34431025984,-0.810594025519,0.392593227911,0.250403312848,135.00000006,134.999994268
0.360402116931,-0.827886954386,0.344173629629,-0.81013134387,0.392593227911,0.250403312848,135.00000006,134.999994268
0.360345625635,-0.827487289933,0.344036899558,-0.809667855944,0.392593227911,0.250403312848,135.00000006,134.999994268
0.360289253551,-0.827086873466,0.343900070555,-0.809203562886,0.392593227911,0.250403312848,135.00000006,134.999994268
0.360233001562,-0.826685705716,0.343763143546,-0.808738465841,0.392593227911,0.250403312848,135.00000006,134.999994268
0.360176870556,-0.826283787416,0.343626119457,-0.808272565959,0.392593227911,0.250403312848,135.00000006,134.999994268
0.36012086141,-0.825881119301,0.343488999216,-0.807805864392,0.392593227911,0.250403312848,135.00000006,134.999994268
0.360064974999,-0.82547770211,0.343351783749,-0.807338362293,0.392593227911,0.250403312848,135.00000006,134.999994268
0.360009212193,-0.825073536584,0.343214473982,-0.806870060816,0.392593227911,0.250403312848,135.00000006,134.999994268
0.359953573863,-0.824668623465,0.343077070842,-0.806400961121,0.392593227911,0.250403312848,135.00000006,134.999994268
0.359898060876,-0.824262963496,0.342939575256,-0.805931064365,0.392593227911,0.250403312848,135.00000006,134.999994268
0.359842674105,-0.82385655742,0.342801988151,-0.805460371712,0.392593227911,0.250403312848,135.00000006,134.999994268
0.359787414422,-0.82344940598,0.342664310452,-0.804988884325,0.392593227911,0.250403312848,135.00000006,134.999994268
0.359732282687,-0.823041509926,0.342526543087,-0.804516603369,0.392593227911,0.250403312848,135.00000006,134.999994268
0.359677279759,-0.822632870009,0.342388686985,-0.804043530013,0.392593227911,0.250403312848,135.00000006,134.999994268
0.359622406497,-0.82222348698,0.34225074307,-0.803569665425,0.392593227911,0.250403312848,135.00000006,134.999994268
0.359567663754,-0.821813361593,0.342112712269,-0.80309501078,0.392593227911,0.250403312848,135.00000006,134.999994268
0.359513052385,-0.821402494604,0.341974595509,-0.80261956725,0.392593227911,0.250403312848,135.00000006,134.999994268
0.359458573246,-0.820990886767,0.341836393716,-0.802143336012,0.392593227911,0.250403312848,135.00000006,134.999994268
0.359404227194,-0.820578538837,0.341698107815,-0.801666318244,0.392593227911,0.250403312848,135.00000006,134.999994268
0.359350015075,-0.820165451576,0.341559738733,-0.801188515128,0.392593227911,0.250403312848,135.00000006,134.999994268
0.359295937732,-0.819751625746,0.341421287396,-0.800709927845,0.392593227911,0.250403312848,135.00000006,134.999994268
0.359241996008,-0.819337062109,0.341282754728,-0.800230557581,0.392593227911,0.250403312848,135.00000006,134.999994268
0.359188190744,-0.818921761433,0.341144141655,-0.799750405522,0.392593227911,0.250403312848,135.00000006,134.999994268
0.359134522776,-0.818505724483,0.341005449104,-0.799269472856,0.392593227911,0.250403312848,135.00000006,134.999994268
0.359080992944,-0.818088952027,0.340866677998,-0.798787760775,0.392593227911,0.250403312848,135.00000006,134.999994268
0.359027602087,-0.817671444832,0.340727829264,-0.798305270472,0.392593227911,0.250403312848,135.00000006,134.999994268
0.358974351039,-0.81725320367,0.340588903825,-0.797822003141,0.392593227911,0.250403312848,135.00000006,134.999994268
0.358921240629,-0.816834229313,0.340449902608,-0.797337959978,0.392593227911,0.250403312848,135.00000006,134.999994268
0.358868271683,-0.816414522538,0.340310826538,-0.796853142183,0.392593227911,0.250403312848,135.00000006,134.999994268
0.358815445025,-0.81599408412,0.34017167654,-0.796367550957,0.392593227911,0.250403312848,135.00000006,134.999994268
0.358762761478,-0.815572914839,0.340032453537,-0.795881187501,0.392593227911,0.250403312848,135.00000006,134.999994268
0.35871022186,-0.815151015474,0.339893158454,-0.795394053022,0.392593227911,0.250403312848,135.00000006,134.999994268
0.358657826992,-0.814728386805,0.339753792214,-0.794906148727,0.392593227911,0.250403312848,135.00000006,134.999994268
0.358605577695,-0.814305029614,0.339614355739,-0.794417475824,0.392593227911,0.250403312848,135.00000006,134.999994268
0.358553474783,-0.813880944684,0.339474849955,-0.793928035525,0.392593227911,0.250403312848,135.00000006,134.999994268
0.358501519066,-0.813456132802,0.339335275782,-0.793437829043,0.392593227911,0.250403312848,135.00000006,134.999994268
0.358449711353,-0.813030594756,0.339195634144,-0.792946857593,0.392593227911,0.250403312848,135.00000006,134.999994268
0.358398052449,-0.812604331335,0.339055925962,-0.792455122393,0.392593227911,0.250403312848,135.00000006,134.999994268
0.358346543157,-0.81217734333,0.338916152161,-0.791962624661,0.392593227911,0.250403312848,135.00000006,134.999994268
0.358295184278,-0.811749631535,0.338776313662,-0.791469365617,0.392593227911,0.250403312848,135.00000006,134.999994268
0.35824397661,-0.811321196744,0.338636411388,-0.790975346485,0.392593227911,0.250403312848,135.00000006,134.999994268
0.358192920952,-0.81089203975,0.338496446259,-0.790480568489,0.392593227911,0.250403312848,135.00000006,134.999994268
0.358142018101,-0.810462161351,0.338356419196,-0.789985032858,0.392593227911,0.250403312848,135.00000006,134.999994268
0.358091268851,-0.810031562343,0.338216331119,-0.78948874082,0.392593227911,0.250403312848,135.00000006,134.999994268
0.358040673989,-0.809600243529,0.338076182949,-0.788991693606,0.392593227911,0.250403312848,135.00000006,134.999994268
0.357990234301,-0.809168205709,0.337935975605,-0.788493892449,0.392593227911,0.250403312848,135.00000006,134.999994268
0.357939950572,-0.808735449688,0.337795710006,-0.787995338585,0.392593227911,0.250403312848,135.00000006,134.999994268
0.357889823582,-0.808301976272,0.337655387071,-0.78749603325,0.392593227911,0.250403312848,135.00000006,134.999994268
0.357839854109,-0.807867786267,0.33751500772,-0.786995977683,0.392593227911,0.250403312848,135.00000006,134.999994268
0.357790042929,-0.807432880481,0.337374572873,-0.786495173123,0.392593227911,0.250403312848,135.00000006,134.999994268
0.357740390816,-0.806997259724,0.337234083447,-0.785993620815,0.392593227911,0.250403312848,135.00000006,134.999994268
0.357690898543,-0.806560924808,0.337093540359,-0.785491322003,0.392593227911,0.250403312848,135.00000006,134.999994268
0.357641566882,-0.806123876542,0.336952944526,-0.784988277933,0.392593227911,0.250403312848,135.00000006,134.999994268
0.3575923966,-0.805686115742,0.336812296865,-0.784484489854,0.392593227911,0.250403312848,135.00000006,134.999994268
0.357543388459,-0.805247643224,0.336671598291,-0.783979959018,0.392593227911,0.250403312848,135.00000006,134.999994268
0.357494543221,-0.804808459805,0.33653084972,-0.783474686677,0.392593227911,0.250403312848,135.00000006,134.999994268
0.357445861642,-0.804368566305,0.336390052067,-0.782968674084,0.392593227911,0.250403312848,135.00000006,134.999994268
0.357397344477,-0.803927963544,0.336249206249,-0.782461922496,0.392593227911,0.250403312848,135.00000006,134.999994268
0.357348992477,-0.803486652346,0.336108313181,-0.781954433172,0.392593227911,0.250403312848,135.00000006,134.999994268
0.357300806391,-0.803044633535,0.335967373775,-0.78144620737,0.392593227911,0.250403312848,135.00000006,134.999994268
0.357252786965,-0.802601907936,0.335826388944,-0.780937246354,0.392593227911,0.250403312848,135.00000006,134.999994268
0.357204934943,-0.802158476378,0.335685359602,-0.780427551388,0.392593227911,0.250403312848,135.00000006,134.999994268
0.357157251066,-0.801714339687,0.33554428666,-0.779917123738,0.392593227911,0.250403312848,135.00000006,134.999994268
0.357109736075,-0.801269498695,0.335403171029,-0.779405964672,0.392593227911,0.250403312848,135.00000006,134.999994268
0.357062390707,-0.80082395423,0.335262013622,-0.778894075459,0.392593227911,0.250403312848,135.00000006,134.999994268
0.357015215694,-0.800377707128,0.335120815351,-0.77838145737,0.392593227911,0.250403312848,135.00000006,134.999994268
0.356968211766,-0.799930758222,0.334979577125,-0.777868111679,0.392593227911,0.250403312848,135.00000006,134.999994268
0.35692137965,-0.799483108349,0.334838299853,-0.777354039662,0.392593227911,0.250403312848,135.00000006,134.999994268
0.35687472007,-0.799034758348,0.334696984444,-0.776839242597,0.392593227911,0.250403312848,135.00000006,134.999994268
0.356828233747,-0.798585709057,0.334555631806,-0.776323721761,0.392593227911,0.250403312848,135.00000006,134.999994268
0.356781921398,-0.798135961318,0.334414242846,-0.775807478437,0.392593227911,0.250403312848,135.00000006,134.999994268
0.356735783741,-0.797685515973,0.334272818472,-0.775290513908,0.392593227911,0.250403312848,135.00000006,134.999994268
0.356689821487,-0.797234373866,0.334131359592,-0.774772829457,0.392593227911,0.250403312848,135.00000006,134.999994268
0.356644035347,-0.796782535843,0.333989867112,-0.774254426372,0.392593227911,0.250403312848,135.00000006,134.999994268
0.356598426027,-0.796330002749,0.333848341935,-0.773735305941,0.392593227911,0.250403312848,135.00000006,134.999994268
0.356552994231,-0.795876775434,0.333706784967,-0.773215469454,0.392593227911,0.250403312848,135.00000006,134.999994268
0.356507740663,-0.795422854747,0.33356519711,-0.772694918205,0.392593227911,0.250403312848,135.00000006,134.999994268
0.356462666022,-0.794968241539,0.333423579269,-0.772173653487,0.392593227911,0.250403312848,135.00000006,134.999994268
0.356417771004,-0.794512936661,0.333281932346,-0.771651676596,0.392593227911,0.250403312848,135.00000006,134.999994268
0.356373056302,-0.794056940968,0.333140257244,-0.771128988829,0.392593227911,0.250403312848,135.00000006,134.999994268
0.356328522606,-0.793600255316,0.332998554863,-0.770605591487,0.392593227911,0.250403312848,135.00000006,134.999994268
0.356284170601,-0.793142880562,0.332856826103,-0.770081485871,0.392593227911,0.250403312848,135.00000006,134.999994268
0.356240000972,-0.792684817565,0.332715071864,-0.769556673283,0.392593227911,0.250403312848,135.00000006,134.999994268
0.356196014399,-0.792226067185,0.332573293045,-0.769031155031,0.392593227911,0.250403312848,135.00000006,134.999994268
0.356152211559,-0.791766630284,0.332431490544,-0.768504932419,0.392593227911,0.250403312848,135.00000006,134.999994268
0.356108593128,-0.791306507724,0.332289665259,-0.767978006757,0.392593227911,0.250403312848,135.00000006,134.999994268
0.356065159776,-0.79084570037,0.332147818087,-0.767450379356,0.392593227911,0.250403312848,135.00000006,134.999994268
0.356021912172,-0.790384209088,0.332005949923,-0.766922051528,0.392593227911,0.250403312848,135.00000006,134.999994268
0.355978850983,-0.789922034746,0.331864061662,-0.766393024586,0.392593227911,0.250403312848,135.00000006,134.999994268
0.355935976869,-0.789459178212,0.331722154198,-0.765863299849,0.392593227911,0.250403312848,135.00000006,134.999994268
0.355893290492,-0.788995640356,0.331580228425,-0.765332878632,0.392593227911,0.250403312848,135.00000006,134.999994268
0.355850792507,-0.788531422051,0.331438285236,-0.764801762255,0.392593227911,0.250403312848,135.00000006,134.999994268
0.355808483567,-0.788066524168,0.331296325523,-0.764269952041,0.392593227911,0.250403312848,135.00000006,134.999994268
0.355766364323,-0.787600947583,0.331154350177,-0.763737449311,0.392593227911,0.250403312848,135.00000006,134.999994268
0.355724435422,-0.787134693172,0.331012360086,-0.763204255392,0.392593227911,0.250403312848,135.00000006,134.999994268
0.35568269751,-0.786667761812,0.330870356141,-0.76267037161,0.392593227911,0.250403312848,135.00000006,134.999994268
0.355641151227,-0.78620015438,0.33072833923,-0.762135799292,0.392593227911,0.250403312848,135.00000006,134.999994268
0.355599797212,-0.785731871757,0.330586310241,-0.76160053977,0.392593227911,0.250403312848,135.00000006,134.999994268
0.355558636099,-0.785262914825,0.330444270061,-0.761064594376,0.392593227911,0.250403312848,135.00000006,134.999994268
0.35551766852,-0.784793284467,0.330302219574,-0.760527964444,0.392593227911,0.250403312848,135.00000006,134.999994268
0.355476895103,-0.784322981567,0.330160159665,-0.759990651308,0.392593227911,0.250403312848,135.00000006,134.999994268
0.355436316472,-0.783852007011,0.330018091219,-0.759452656307,0.392593227911,0.250403312848,135.00000006,134.999994268
0.35539593325,-0.783380361686,0.329876015119,-0.758913980779,0.392593227911,0.250403312848,135.00000006,134.999994268
0.355355746055,-0.78290804648,0.329733932246,-0.758374626065,0.392593227911,0.250403312848,135.00000006,134.999994268
0.355315755503,-0.782435062285,0.329591843481,-0.757834593507,0.392593227911,0.250403312848,135.00000006,134.999994268
0.355275962206,-0.781961409991,0.329449749705,-0.757293884451,0.392593227911,0.250403312848,135.00000006,134.999994268
0.355236366773,-0.781487090491,0.329307651796,-0.756752500242,0.392593227911,0.250403312848,135.00000006,134.999994268
0.355196969809,-0.781012104679,0.329165550632,-0.756210442228,0.392593227911,0.250403312848,135.00000006,134.999994268
0.355157771918,-0.780536453451,0.329023447092,-0.755667711758,0.392593227911,0.250403312848,135.00000006,134.999994268
0.355118773697,-0.780060137703,0.32888134205,-0.755124310183,0.392593227911,0.250403312848,135.00000006,134.999994268
0.355079975745,-0.779583158335,0.328739236381,-0.754580238857,0.392593227911,0.250403312848,135.00000006,134.999994268
0.355041378652,-0.779105516244,0.32859713096,-0.754035499133,0.392593227911,0.250403312848,135.00000006,134.999994268
0.355002983008,-0.778627212334,0.32845502666,-0.753490092369,0.392593227911,0.250403312848,135.00000006,134.999994268
0.3549647894,-0.778148247505,0.328312924352,-0.752944019923,0.392593227911,0.250403312848,135.00000006,134.999994268
0.35492679841,-0.777668622661,0.328170824908,-0.752397283153,0.392593227911,0.250403312848,135.00000006,134.999994268
0.354889010618,-0.777188338709,0.328028729197,-0.751849883422,0.392593227911,0.250403312848,135.00000006,134.999994268
0.3548514266,-0.776707396553,0.327886638088,-0.751301822092,0.392593227911,0.250403312848,135.00000006,134.999994268
0.354814046927,-0.776225797102,0.327744552449,-0.750753100528,0.392593227911,0.250403312848,135.00000006,134.999994268
0.354776872171,-0.775743541265,0.327602473145,-0.750203720098,0.392593227911,0.250403312848,135.00000006,134.999994268
0.354739902896,-0.775260629952,0.327460401043,-0.749653682168,0.392593227911,0.250403312848,135.00000006,134.999994268
0.354703139666,-0.774777064075,0.327318337007,-0.74910298811,0.392593227911,0.250403312848,135.00000006,134.999994268
0.35466658304,-0.774292844548,0.3271762819,-0.748551639293,0.392593227911,0.250403312848,135.00000006,134.999994268
0.354630233573,-0.773807972284,0.327034236584,-0.747999637092,0.392593227911,0.250403312848,135.00000006,134.999994268
0.354594091819,-0.773322448199,0.326892201919,-0.747446982881,0.392593227911,0.250403312848,135.00000006,134.999994268
0.354558158325,-0.772836273211,0.326750178766,-0.746893678037,0.392593227911,0.250403312848,135.00000006,134.999994268
0.354522433638,-0.772349448238,0.326608167983,-0.746339723938,0.392593227911,0.250403312848,135.00000006,134.999994268
0.3544869183,-0.771861974199,0.326466170427,-0.745785121963,0.392593227911,0.250403312848,135.00000006,134.999994268
0.35445161285,-0.771373852016,0.326324186954,-0.745229873495,0.392593227911,0.250403312848,135.00000006,134.999994268
0.354416517822,-0.77088508261,0.32618221842,-0.744673979915,0.392593227911,0.250403312848,135.00000006,134.999994268
0.354381633749,-0.770395666907,0.326040265679,-0.744117442609,0.392593227911,0.250403312848,135.00000006,134.999994268
0.354346961159,-0.769905605829,0.325898329581,-0.743560262964,0.392593227911,0.250403312848,135.00000006,134.999994268
0.354312500577,-0.769414900305,0.32575641098,-0.743002442366,0.392593227911,0.250403312848,135.00000006,134.999994268
0.354278252524,-0.768923551261,0.325614510724,-0.742443982205,0.392593227911,0.250403312848,135.00000006,134.999994268
0.354244217518,-0.768431559626,0.325472629664,-0.741884883873,0.392593227911,0.250403312848,135.00000006,134.999994268
0.354210396074,-0.76793892633,0.325330768645,-0.741325148763,0.392593227911,0.250403312848,135.00000006,134.999994268
0.354176788701,-0.767445652305,0.325188928515,-0.740764778268,0.392593227911,0.250403312848,135.00000006,134.999994268
0.354143395909,-0.766951738483,0.325047110118,-0.740203773785,0.392593227911,0.250403312848,135.00000006,134.999994268
0.354110218199,-0.766457185798,0.324905314298,-0.739642136712,0.392593227911,0.250403312848,135.00000006,134.999994268
0.354077256073,-0.765961995186,0.324763541897,-0.739079868447,0.392593227911,0.250403312848,135.00000006,134.999994268
0.354044510027,-0.765466167583,0.324621793757,-0.738516970391,0.392593227911,0.250403312848,135.00000006,134.999994268
0.354011980554,-0.764969703927,0.324480070716,-0.737953443946,0.392593227911,0.250403312848,135.00000006,134.999994268
0.353979668143,-0.764472605157,0.324338373615,-0.737389290517,0.392593227911,0.250403312848,135.00000006,134.999994268
0.353947573282,-0.763974872213,0.324196703288,-0.736824511509,0.392593227911,0.250403312848,135.00000006,134.999994268
0.353915696451,-0.763476506036,0.324055060573,-0.736259108328,0.392593227911,0.250403312848,135.00000006,134.999994268
0.35388403813,-0.762977507571,0.323913446303,-0.735693082385,0.392593227911,0.250403312848,135.00000006,134.999994268
0.353852598794,-0.762477877759,0.323771861312,-0.735126435087,0.392593227911,0.250403312848,135.00000006,134.999994268
0.353821378914,-0.761977617548,0.32363030643,-0.734559167849,0.392593227911,0.250403312848,135.00000006,134.999994268
0.353790378958,-0.761476727883,0.323488782489,-0.733991282081,0.392593227911,0.250403312848,135.00000006,134.999994268
0.35375959939,-0.760975209713,0.323347290316,-0.733422779201,0.392593227911,0.250403312848,135.00000006,134.999994268
0.353729040672,-0.760473063986,0.323205830739,-0.732853660623,0.392593227911,0.250403312848,135.00000006,134.999994268
0.35369870326,-0.759970291653,0.323064404585,-0.732283927765,0.392593227911,0.250403312848,135.00000006,134.999994268
0.353668587606,-0.759466893664,0.322923012677,-0.731713582048,0.392593227911,0.250403312848,135.00000006,134.999994268
0.353638694162,-0.758962870974,0.322781655838,-0.731142624892,0.392593227911,0.250403312848,135.00000006,134.999994268
0.353609023373,-0.758458224535,0.32264033489,-0.73057105772,0.392593227911,0.250403312848,135.00000006,134.999994268
0.353579575681,-0.757952955304,0.322499050654,-0.729998881954,0.392593227911,0.250403312848,135.00000006,134.999994268
0.353550351525,-0.757447064236,0.322357803948,-0.729426099022,0.392593227911,0.250403312848,135.00000006,134.999994268
0.353521351339,-0.756940552288,0.322216595588,-0.728852710349,0.392593227911,0.250403312848,135.00000006,134.999994268
0.353492575556,-0.756433420421,0.322075426391,-0.728278717365,0.392593227911,0.250403312848,135.00000006,134.999994268
0.353464024601,-0.755925669593,0.321934297171,-0.727704121499,0.392593227911,0.250403312848,135.00000006,134.999994268
0.3534356989,-0.755417300766,0.321793208741,-0.727128924183,0.392593227911,0.250403312848,135.00000006,134.999994268
0.353407598873,-0.754908314903,0.321652161911,-0.72655312685,0.392593227911,0.250403312848,135.00000006,134.999994268
0.353379724934,-0.754398712967,0.321511157491,-0.725976730934,0.392593227911,0.250403312848,135.00000006,134.999994268
0.353352077498,-0.753888495923,0.32137019629,-0.725399737871,0.392593227911,0.250403312848,135.00000006,134.999994268
0.353324656973,-0.753377664736,0.321229279113,-0.724822149098,0.392593227911,0.250403312848,135.00000006,134.999994268
0.353297463763,-0.752866220375,0.321088406766,-0.724243966055,0.392593227911,0.250403312848,135.00000006,134.999994268
0.353270498271,-0.752354163806,0.320947580052,-0.723665190181,0.392593227911,0.250403312848,135.00000006,134.999994268
0.353243760894,-0.751841496001,0.320806799774,-0.723085822919,0.392593227911,0.250403312848,135.00000006,134.999994268
0.353217252026,-0.751328217929,0.32066606673,-0.722505865711,0.392593227911,0.250403312848,135.00000006,134.999994268
0.353190972056,-0.750814330563,0.320525381719,-0.721925320003,0.392593227911,0.250403312848,135.00000006,134.999994268
0.353164921371,-0.750299834875,0.320384745541,-0.72134418724,0.392593227911,0.250403312848,135.00000006,134.999994268
0.353139100353,-0.74978473184,0.320244158988,-0.720762468869,0.392593227911,0.250403312848,135.00000006,134.999994268
0.353113509381,-0.749269022433,0.320103622855,-0.720180166341,0.392593227911,0.250403312848,135.00000006,134.999994268
0.35308814883,-0.748752707631,0.319963137933,-0.719597281105,0.392593227911,0.250403312848,135.00000006,134.999994268
0.35306301907,-0.748235788411,0.319822705015,-0.719013814613,0.392593227911,0.250403312848,135.00000006,134.999994268
0.353038120469,-0.747718265751,0.319682324888,-0.718429768318,0.392593227911,0.250403312848,135.00000006,134.999994268
0.353013453391,-0.747200140633,0.319541998339,-0.717845143675,0.392593227911,0.250403312848,135.00000006,134.999994268
0.352989018194,-0.746681414037,0.319401726155,-0.717259942139,0.392593227911,0.250403312848,135.00000006,134.999994268
0.352964815234,-0.746162086945,0.319261509119,-0.716674165169,0.392593227911,0.250403312848,135.00000006,134.999994268
0.352940844864,-0.745642160341,0.319121348013,-0.716087814223,0.392593227911,0.250403312848,135.00000006,134.999994268
0.35291710743,-0.745121635209,0.318981243616,-0.715500890762,0.392593227911,0.250403312848,135.00000006,134.999994268
0.352893603279,-0.744600512535,0.31884119671,-0.714913396246,0.392593227911,0.250403312848,135.00000006,134.999994268
0.352870332748,-0.744078793305,0.31870120807,-0.714325332139,0.392593227911,0.250403312848,135.00000006,134.999994268
0.352847296176,-0.743556478508,0.318561278471,-0.713736699906,0.392593227911,0.250403312848,135.00000006,134.999994268
0.352824493894,-0.743033569133,0.318421408687,-0.713147501012,0.392593227911,0.250403312848,135.00000006,134.999994268
0.352801926231,-0.742510066168,0.318281599491,-0.712557736923,0.392593227911,0.250403312848,135.00000006,134.999994268
0.352779593511,-0.741985970607,0.318141851651,-0.711967409109,0.392593227911,0.250403312848,135.00000006,134.999994268
0.352757496056,-0.741461283441,0.318002165936,-0.711376519039,0.392593227911,0.250403312848,135.00000006,134.999994268
0.352735634182,-0.740936005663,0.317862543114,-0.710785068184,0.392593227911,0.250403312848,135.00000006,134.999994268
0.352714008203,-0.740410138269,0.317722983949,-0.710193058017,0.392593227911,0.250403312848,135.00000006,134.999994268
0.352692618427,-0.739883682253,0.317583489202,-0.709600490012,0.392593227911,0.250403312848,135.00000006,134.999994268
0.352671465161,-0.739356638613,0.317444059637,-0.709007365644,0.392593227911,0.250403312848,135.00000006,134.999994268
0.352650548704,-0.738829008345,0.317304696012,-0.708413686388,0.392593227911,0.250403312848,135.00000006,134.999994268
0.352629869355,-0.73830079245,0.317165399083,-0.707819453724,0.392593227911,0.250403312848,135.00000006,134.999994268
0.352609427407,-0.737771991927,0.317026169609,-0.707224669129,0.392593227911,0.250403312848,135.00000006,134.999994268
0.35258922315,-0.737242607776,0.316887008343,-0.706629334085,0.392593227911,0.250403312848,135.00000006,134.999994268
0.352569256869,-0.736712641001,0.316747916035,-0.706033450073,0.392593227911,0.250403312848,135.00000006,134.999994268
0.352549528845,-0.736182092604,0.316608893436,-0.705437018576,0.392593227911,0.250403312848,135.00000006,134.999994268
0.352530039358,-0.73565096359,0.316469941297,-0.704840041078,0.392593227911,0.250403312848,135.00000006,134.999994268
0.35251078868,-0.735119254963,0.316331060363,-0.704242519064,0.392593227911,0.250403312848,135.00000006,134.999994268
0.352491777081,-0.73458696773,0.316192251376,-0.703644454023,0.392593227911,0.250403312848,135.00000006,134.999994268
0.352473004828,-0.734054102898,0.316053515082,-0.703045847441,0.392593227911,0.250403312848,135.00000006,134.999994268
0.352454472182,-0.733520661477,0.315914852221,-0.702446700809,0.392593227911,0.250403312848,135.00000006,134.999994268
0.3524361794,-0.732986644475,0.315776263531,-0.701847015616,0.392593227911,0.250403312848,135.00000006,134.999994268
0.352418126737,-0.732452052904,0.31563774975,-0.701246793355,0.392593227911,0.250403312848,135.00000006,134.999994268
0.352400314441,-0.731916887774,0.315499311613,-0.700646035518,0.392593227911,0.250403312848,135.00000006,134.999994268
0.35238274276,-0.731381150099,0.315360949854,-0.700044743601,0.392593227911,0.250403312848,135.00000006,134.999994268
0.352365411936,-0.730844840892,0.315222665202,-0.699442919099,0.392593227911,0.250403312848,135.00000006,134.999994268
0.352348322205,-0.730307961168,0.315084458389,-0.698840563508,0.392593227911,0.250403312848,135.00000006,134.999994268
0.352331473803,-0.729770511943,0.314946330142,-0.698237678327,0.392593227911,0.250403312848,135.00000006,134.999994268
0.352314866959,-0.729232494232,0.314808281184,-0.697634265055,0.392593227911,0.250403312848,135.00000006,134.999994268
0.3522985019,-0.728693909055,0.314670312242,-0.697030325192,0.392593227911,0.250403312848,135.00000006,134.999994268
0.352282378848,-0.728154757429,0.314532424037,-0.69642586024,0.392593227911,0.250403312848,135.00000006,134.999994268
0.352266498021,-0.727615040375,0.314394617284,-0.695820871703,0.392593227911,0.250403312848,135.00000006,134.999994268
0.352250859633,-0.727074758913,0.314256892707,-0.695215361083,0.392593227911,0.250403312848,135.00000006,134.999994268
0.352235463894,-0.726533914065,0.314119251018,-0.694609329887,0.392593227911,0.250403312848,135.00000006,134.999994268
0.35222031101,-0.725992506853,0.31398169293,-0.694002779622,0.392593227911,0.250403312848,135.00000006,134.999994268
0.352205401184,-0.725450538301,0.313844219157,-0.693395711794,0.392593227911,0.250403312848,135.00000006,134.999994268
0.352190734613,-0.724908009435,0.313706830407,-0.692788127912,0.392593227911,0.250403312848,135.00000006,134.999994268
0.352176311491,-0.72436492128,0.313569527388,-0.692180029487,0.392593227911,0.250403312848,135.00000006,134.999994268
0.352162132006,-0.723821274864,0.313432310805,-0.69157141803,0.392593227911,0.250403312848,135.00000006,134.999994268
0.352148196345,-0.723277071213,0.313295181363,-0.690962295053,0.392593227911,0.250403312848,135.00000006,134.999994268
0.35213450469,-0.722732311357,0.313158139762,-0.69035266207,0.392593227911,0.250403312848,135.00000006,134.999994268
0.352121057218,-0.722186996326,0.313021186702,-0.689742520595,0.392593227911,0.250403312848,135.00000006,134.999994268
0.352107854105,-0.721641127149,0.312884322881,-0.689131872143,0.392593227911,0.250403312848,135.00000006,134.999994268
0.352094895519,-0.721094704858,0.312747548992,-0.688520718232,0.392593227911,0.250403312848,135.00000006,134.999994268
0.352082181627,-0.720547730486,0.31261086573,-0.687909060381,0.392593227911,0.250403312848,135.00000006,134.999994268
0.35206971259,-0.720000205067,0.312474273787,-0.687296900106,0.392593227911,0.250403312848,135.00000006,134.999994268
0.352057488567,-0.719452129634,0.312337773851,-0.68668423893,0.392593227911,0.250403312848,135.00000006,134.999994268
0.352045509711,-0.718903505223,0.312201366607,-0.686071078374,0.392593227911,0.250403312848,135.00000006,134.999994268
0.352033776173,-0.71835433287,0.312065052744,-0.685457419959,0.392593227911,0.250403312848,135.00000006,134.999994268
0.352022288097,-0.717804613613,0.311928832942,-0.68484326521,0.392593227911,0.250403312848,135.00000006,134.999994268
0.352011045624,-0.717254348489,0.311792707881,-0.684228615652,0.392593227911,0.250403312848,135.00000006,134.999994268
0.352000048891,-0.71670353854,0.311656678242,-0.683613472808,0.392593227911,0.250403312848,135.00000006,134.999994268
0.351989298031,-0.716152184805,0.3115207447,-0.682997838207,0.392593227911,0.250403312848,135.00000006,134.999994268
0.351978793174,-0.715600288324,0.311384907928,-0.682381713377,0.392593227911,0.250403312848,135.00000006,134.999994268
0.351968534445,-0.715047850141,0.311249168602,-0.681765099846,0.392593227911,0.250403312848,135.00000006,134.999994268
0.351958521965,-0.714494871297,0.311113527388,-0.681147999144,0.392593227911,0.250403312848,135.00000006,134.999994268
0.351948755852,-0.713941352836,0.310977984954,-0.680530412802,0.392593227911,0.250403312848,135.00000006,134.999994268
0.35193923622,-0.713387295804,0.310842541969,-0.679912342352,0.392593227911,0.250403312848,135.00000006,134.999994268
0.351929963178,-0.712832701244,0.310707199094,-0.679293789328,0.392593227911,0.250403312848,135.00000006,134.999994268
0.351920936831,-0.712277570204,0.310571956989,-0.678674755263,0.392593227911,0.250403312848,135.00000006,134.999994268
0.351912157281,-0.711721903731,0.310436816317,-0.678055241692,0.392593227911,0.250403312848,135.00000006,134.999994268
0.351903624624,-0.711165702873,0.310301777732,-0.677435250153,0.392593227911,0.250403312848,135.00000006,134.999994268
0.351895338953,-0.71060896868,0.310166841889,-0.676814782181,0.392593227911,0.250403312848,135.00000006,134.999994268
0.351887300355,-0.710051702202,0.310032009438,-0.676193839317,0.392593227911,0.250403312848,135.00000006,134.999994268
0.351879508914,-0.709493904491,0.309897281023,-0.675572423102,0.392593227911,0.250403312848,135.00000006,134.999994268
0.351871964712,-0.708935576599,0.309762657288,-0.674950535079,0.392593227911,0.250403312848,135.00000006,134.999994268
0.351864667825,-0.708376719577,0.309628138874,-0.674328176791,0.392593227911,0.250403312848,135.00000006,134.999994268
0.351857618327,-0.70781733448,0.309493726418,-0.673705349783,0.392593227911,0.250403312848,135.00000006,134.999994268
0.351850816286,-0.707257422362,0.309359420557,-0.6730820556,0.392593227911,0.250403312848,135.00000006,134.999994268
0.351844261767,-0.706696984277,0.309225221926,-0.672458295788,0.392593227911,0.250403312848,135.00000006,134.999994268
0.351837954831,-0.706136021282,0.309091131153,-0.671834071897,0.392593227911,0.250403312848,135.00000006,134.999994268
0.351831895535,-0.705574534434,0.308957148869,-0.671209385473,0.392593227911,0.250403312848,135.00000006,134.999994268
0.351826083932,-0.70501252479,0.308823275702,-0.670584238067,0.392593227911,0.250403312848,135.00000006,134.999994268
0.351820520069,-0.704449993409,0.308689512272,-0.669958631231,0.392593227911,0.250403312848,135.00000006,134.999994268
0.351815203989,-0.703886941352,0.308555859205,-0.669332566513,0.392593227911,0.250403312848,135.00000006,134.999994268
0.35181013573,-0.70332336968,0.30842231712,-0.668706045468,0.392593227911,0.250403312848,135.00000006,134.999994268
0.35180531533,-0.702759279453,0.30828888663,-0.66807906965,0.392593227911,0.250403312848,135.00000006,134.999994268
0.351800742821,-0.702194671734,0.308155568355,-0.667451640612,0.392593227911,0.250403312848,135.00000006,134.999994268
0.351796418232,-0.701629547586,0.308022362905,-0.66682375991,0.392593227911,0.250403312848,135.00000006,134.999994268
0.351792341586,-0.701063908071,0.307889270887,-0.666195429102,0.392593227911,0.250403312848,135.00000006,134.999994268
0.351788512906,-0.700497754254,0.307756292913,-0.665566649743,0.392593227911,0.250403312848,135.00000006,134.999994268
0.351784932206,-0.6999310872,0.307623429586,-0.664937423392,0.392593227911,0.250403312848,135.00000006,134.999994268
0.3517815995,-0.699363907975,0.307490681508,-0.66430775161,0.392593227911,0.250403312848,135.00000006,134.999994268
0.351778514796,-0.698796217646,0.307358049281,-0.663677635955,0.392593227911,0.250403312848,135.00000006,134.999994268
0.351775678095,-0.698228017282,0.3072255335,-0.663047077989,0.392593227911,0.250403312848,135.00000006,134.999994268
0.351773089394,-0.697659307952,0.307093134763,-0.662416079275,0.392593227911,0.250403312848,135.00000006,134.999994268
0.351770748691,-0.697090090726,0.306960853663,-0.661784641373,0.392593227911,0.250403312848,135.00000006,134.999994268
0.351768655977,-0.696520366672,0.306828690788,-0.66115276585,0.392593227911,0.250403312848,135.00000006,134.999994268
0.351766811242,-0.695950136863,0.306696646729,-0.660520454269,0.392593227911,0.250403312848,135.00000006,134.999994268
0.351765214468,-0.695379402369,0.30656472207,-0.659887708195,0.392593227911,0.250403312848,135.00000006,134.999994268
0.351763865638,-0.694808164263,0.306432917392,-0.659254529198,0.392593227911,0.250403312848,135.00000006,134.999994268
0.351762764726,-0.694236423616,0.30630123328,-0.65862091884,0.392593227911,0.250403312848,135.00000006,134.999994268
0.351761911705,-0.693664181504,0.306169670309,-0.657986878693,0.392593227911,0.250403312848,135.00000006,134.999994268
0.351761306542,-0.693091439002,0.306038229053,-0.657352410327,0.392593227911,0.250403312848,135.00000006,134.999994268
0.351760949199,-0.692518197185,0.30590691009,-0.656717515308,0.392593227911,0.250403312848,135.00000006,134.999994268
0.351760839633,-0.691944457131,0.305775713987,-0.65608219521,0.392593227911,0.250403312848,135.00000006,134.999994268
0.351760977801,-0.691370219918,0.305644641312,-0.655446451604,0.392593227911,0.250403312848,135.00000006,134.999994268
0.351761363654,-0.690795486621,0.305513692634,-0.654810286061,0.392593227911,0.250403312848,135.00000006,134.999994268
0.351761997143,-0.69022025832,0.305382868512,-0.654173700156,0.392593227911,0.250403312848,135.00000006,134.999994268
0.351762878209,-0.689644536093,0.30525216951,-0.653536695462,0.392593227911,0.250403312848,135.00000006,134.999994268
0.351764006796,-0.68906832102,0.305121596186,-0.652899273554,0.392593227911,0.250403312848,135.00000006,134.999994268
0.351765382837,-0.688491614182,0.304991149092,-0.652261436009,0.392593227911,0.250403312848,135.00000006,134.999994268
0.351767006267,-0.687914416659,0.304860828786,-0.651623184401,0.392593227911,0.250403312848,135.00000006,134.999994268
0.351768877009,-0.687336729535,0.304730635816,-0.65098452031,0.392593227911,0.250403312848,135.00000006,134.999994268
0.351770994985,-0.686758553895,0.304600570728,-0.650345445313,0.392593227911,0.250403312848,135.00000006,134.999994268
0.351773360115,-0.686179890822,0.304470634071,-0.649705960988,0.392593227911,0.250403312848,135.00000006,134.999994268
0.351775972316,-0.685600741399,0.304340826386,-0.649066068916,0.392593227911,0.250403312848,135.00000006,134.999994268
0.3517788315,-0.685021106711,0.304211148214,-0.648425770677,0.392593227911,0.250403312848,135.00000006,134.999994268
0.351781937577,-0.684440987844,0.304081600095,-0.647785067851,0.392593227911,0.250403312848,135.00000006,134.999994268
0.35178529045,-0.683860385883,0.303952182559,-0.647143962022,0.392593227911,0.250403312848,135.00000006,134.999994268
0.351788890021,-0.683279301916,0.303822896146,-0.646502454769,0.392593227911,0.250403312848,135.00000006,134.999994268
0.351792736187,-0.682697737029,0.303693741382,-0.645860547679,0.392593227911,0.250403312848,135.00000006,134.999994268
0.351796828837,-0.682115692313,0.303564718793,-0.645218242336,0.392593227911,0.250403312848,135.00000006,134.999994268
0.351801167854,-0.681533168859,0.303435828907,-0.644575540323,0.392593227911,0.250403312848,135.00000006,134.999994268
0.351805753126,-0.680950167755,0.303307072245,-0.643932443226,0.392593227911,0.250403312848,135.00000006,134.999994268
0.351810584533,-0.680366690092,0.303178449329,-0.643288952632,0.392593227911,0.250403312848,135.00000006,134.999994268
0.351815661952,-0.679782736961,0.303049960675,-0.642645070126,0.392593227911,0.250403312848,135.00000006,134.999994268
0.351820985257,-0.679198309452,0.302921606796,-0.642000797298,0.392593227911,0.250403312848,135.00000006,134.999994268
0.351826554317,-0.678613408659,0.302793388209,-0.641356135734,0.392593227911,0.250403312848,135.00000006,134.999994268
0.351832368999,-0.678028035672,0.302665305421,-0.640711087025,0.392593227911,0.250403312848,135.00000006,134.999994268
0.351838429162,-0.677442191587,0.302537358936,-0.64006565276,0.392593227911,0.250403312848,135.00000006,134.999994268
0.35184473466,-0.6768558775,0.302409549264,-0.639419834528,0.392593227911,0.250403312848,135.00000006,134.999994268
0.351851285343,-0.676269094506,0.302281876902,-0.638773633922,0.392593227911,0.250403312848,135.00000006,134.999994268
0.351858081062,-0.675681843702,0.302154342354,-0.638127052531,0.392593227911,0.250403312848,135.00000006,134.999994268
0.351865121664,-0.675094126182,0.302026946115,-0.637480091949,0.392593227911,0.250403312848,135.00000006,134.999994268
0.351872406991,-0.674505943042,0.301899688675,-0.63683275377,0.392593227911,0.250403312848,135.00000006,134.999994268
0.351879936882,-0.673917295381,0.301772570532,-0.636185039584,0.392593227911,0.250403312848,135.00000006,134.999994268
0.351887711171,-0.673328184295,0.301645592172,-0.635536950988,0.392593227911,0.250403312848,135.00000006,134.999994268
0.35189572969,-0.672738610882,0.301518754079,-0.634888489575,0.392593227911,0.250403312848,135.00000006,134.999994268
0.351903992259,-0.672148576245,0.301392056741,-0.634239656941,0.392593227911,0.250403312848,135.00000006,134.999994268
0.351912498699,-0.671558081485,0.301265500635,-0.633590454682,0.392593227911,0.250403312848,135.00000006,134.999994268
0.351921248829,-0.670967127701,0.301139086244,-0.632940884393,0.392593227911,0.250403312848,135.00000006,134.999994268
0.351930242464,-0.670375715995,0.301012814042,-0.632290947672,0.392593227911,0.250403312848,135.00000006,134.999994268
0.351939479416,-0.669783847467,0.300886684498,-0.631640646119,0.392593227911,0.250403312848,135.00000006,134.999994268
0.351948959494,-0.669191523219,0.300760698089,-0.630989981328,0.392593227911,0.250403312848,135.00000006,134.999994268
0.351958682503,-0.668598744353,0.300634855278,-0.6303389549,0.392593227911,0.250403312848,135.00000006,134.999994268
0.351968648242,-0.668005511972,0.300509156534,-0.629687568433,0.392593227911,0.250403312848,135.00000006,134.999994268
0.351978856503,-0.667411827182,0.300383602319,-0.629035823527,0.392593227911,0.250403312848,135.00000006,134.999994268
0.351989307074,-0.66681769109,0.300258193089,-0.628383721784,0.392593227911,0.250403312848,135.00000006,134.999994268
0.351999999744,-0.6662231048,0.300132929308,-0.627731264802,0.392593227911,0.250403312848,135.00000006,134.999994268
0.352010934298,-0.665628069418,0.300007811427,-0.627078454184,0.392593227911,0.250403312848,135.00000006,134.999994268
0.352022110519,-0.665032586048,0.299882839899,-0.626425291532,0.392593227911,0.250403312848,135.00000006,134.999994268
0.352033528185,-0.664436655798,0.299758015174,-0.625771778447,0.392593227911,0.250403312848,135.00000006,134.999994268
0.35204518707,-0.663840279773,0.299633337696,-0.625117916534,0.392593227911,0.250403312848,135.00000006,134.999994268
0.352057086944,-0.66324345908,0.299508807916,-0.624463707393,0.392593227911,0.250403312848,135.00000006,134.999994268
0.352069227569,-0.662646194831,0.29938442627,-0.62380915263,0.392593227911,0.250403312848,135.00000006,134.999994268
0.352081608702,-0.662048488136,0.299260193197,-0.623154253849,0.392593227911,0.250403312848,135.00000006,134.999994268
0.352094230103,-0.661450340105,0.299136109137,-0.622499012654,0.392593227911,0.250403312848,135.00000006,134.999994268
0.352107091529,-0.660851751845,0.299012174519,-0.621843430651,0.392593227911,0.250403312848,135.00000006,134.999994268
0.35212019273,-0.660252724468,0.298888389781,-0.621187509443,0.392593227911,0.250403312848,135.00000006,134.999994268
0.352133533456,-0.659653259082,0.298764755346,-0.620531250638,0.392593227911,0.250403312848,135.00000006,134.999994268
0.352147113452,-0.659053356799,0.29864127164,-0.619874655843,0.392593227911,0.250403312848,135.00000006,134.999994268
0.352160932457,-0.658453018731,0.298517939088,-0.619217726664,0.392593227911,0.250403312848,135.00000006,134.999994268
0.352174990203,-0.657852245992,0.298394758109,-0.618560464708,0.392593227911,0.250403312848,135.00000006,134.999994268
0.352189286418,-0.657251039698,0.298271729125,-0.617902871581,0.392593227911,0.250403312848,135.00000006,134.999994268
0.352203820835,-0.656649400959,0.298148852548,-0.617244948893,0.392593227911,0.250403312848,135.00000006,134.999994268
0.352218593177,-0.656047330891,0.298026128788,-0.616586698253,0.392593227911,0.250403312848,135.00000006,134.999994268
0.352233603165,-0.655444830609,0.297903558259,-0.615928121267,0.392593227911,0.250403312848,135.00000006,134.999994268
0.352248850511,-0.65484190123,0.297781141366,-0.615269219547,0.392593227911,0.250403312848,135.00000006,134.999994268
0.352264334923,-0.654238543873,0.297658878518,-0.614609994699,0.392593227911,0.250403312848,135.00000006,134.999994268
0.352280056101,-0.65363475966,0.297536770113,-0.613950448335,0.392593227911,0.250403312848,135.00000006,134.999994268
0.352296013739,-0.653030549713,0.297414816549,-0.613290582067,0.392593227911,0.250403312848,135.00000006,134.999994268
0.352312207532,-0.652425915154,0.297293018227,-0.612630397501,0.392593227911,0.250403312848,135.00000006,134.999994268
0.352328637175,-0.651820857104,0.297171375537,-0.611969896251,0.392593227911,0.250403312848,135.00000006,134.999994268
0.352345302356,-0.651215376683,0.297049888876,-0.611309079925,0.392593227911,0.250403312848,135.00000006,134.999994268
0.352362202764,-0.650609475013,0.296928558629,-0.610647950137,0.392593227911,0.250403312848,135.00000006,134.999994268
0.35237933808,-0.650003153216,0.29680738518,-0.609986508499,0.392593227911,0.250403312848,135.00000006,134.999994268
0.352396707983,-0.649396412415,0.296686368917,-0.60932475662,0.392593227911,0.250403312848,135.00000006,134.999994268
0.352414312139,-0.648789253737,0.296565510217,-0.608662696115,0.392593227911,0.250403312848,135.00000006,134.999994268
0.352432150216,-0.648181678309,0.296444809464,-0.608000328594,0.392593227911,0.250403312848,135.00000006,134.999994268
0.352450221883,-0.647573687255,0.296324267029,-0.607337655671,0.392593227911,0.250403312848,135.00000006,134.999994268
0.352468526803,-0.646965281699,0.296203883283,-0.606674678961,0.392593227911,0.250403312848,135.00000006,134.999994268
0.352487064639,-0.646356462765,0.296083658602,-0.606011400073,0.392593227911,0.250403312848,135.00000006,134.999994268
0.352505835048,-0.645747231579,0.295963593348,-0.605347820624,0.392593227911,0.250403312848,135.00000006,134.999994268
0.352524837684,-0.645137589267,0.295843687893,-0.604683942224,0.392593227911,0.250403312848,135.00000006,134.999994268
0.352544072191,-0.644527536959,0.295723942595,-0.604019766489,0.392593227911,0.250403312848,135.00000006,134.999994268
0.352563538209,-0.643917075785,0.295604357811,-0.603355295035,0.392593227911,0.250403312848,135.00000006,134.999994268
0.35258323538,-0.643306206874,0.295484933902,-0.602690529473,0.392593227911,0.250403312848,135.00000006,134.999994268
0.352603163345,-0.642694931352,0.295365671221,-0.602025471419,0.392593227911,0.250403312848,135.00000006,134.999994268
0.35262332174,-0.642083250347,0.295246570124,-0.601360122486,0.392593227911,0.250403312848,135.00000006,134.999994268
0.352643710199,-0.641471164988,0.295127630956,-0.60069448429,0.392593227911,0.250403312848,135.00000006,134.999994268
0.352664328351,-0.640858676404,0.295008854062,-0.600028558447,0.392593227911,0.250403312848,135.00000006,134.999994268
0.352685175817,-0.640245785726,0.294890239789,-0.599362346571,0.392593227911,0.250403312848,135.00000006,134.999994268
0.352706252212,-0.639632494088,0.294771788477,-0.598695850278,0.392593227911,0.250403312848,135.00000006,134.999994268
0.352727557153,-0.639018802623,0.294653500468,-0.59802907118,0.392593227911,0.250403312848,135.00000006,134.999994268
0.352749090256,-0.63840471246,0.294535376095,-0.597362010895,0.392593227911,0.250403312848,135.00000006,134.999994268
0.352770851132,-0.63779022473,0.294417415689,-0.596694671041,0.392593227911,0.250403312848,135.00000006,134.999994268
0.352792839393,-0.637175340565,0.294299619586,-0.596027053229,0.392593227911,0.250403312848,135.00000006,134.999994268
0.352815054642,-0.636560061096,0.29418198811,-0.595359159079,0.392593227911,0.250403312848,135.00000006,134.999994268
0.352837496479,-0.635944387456,0.294064521591,-0.594690990203,0.392593227911,0.250403312848,135.00000006,134.999994268
0.352860164495,-0.635328320783,0.293947220349,-0.594022548219,0.392593227911,0.250403312848,135.00000006,134.999994268
0.352883058281,-0.634711862212,0.293830084704,-0.593353834743,0.392593227911,0.250403312848,135.00000006,134.999994268
0.352906177429,-0.634095012877,0.293713114976,-0.592684851391,0.392593227911,0.250403312848,135.00000006,134.999994268
0.352929521528,-0.633477773909,0.293596311476,-0.59201559978,0.392593227911,0.250403312848,135.00000006,134.999994268
0.352953090164,-0.632860146444,0.293479674522,-0.591346081523,0.392593227911,0.250403312848,135.00000006,134.999994268
0.35297688292,-0.632242131614,0.293363204421,-0.590676298239,0.392593227911,0.250403312848,135.00000006,134.999994268
0.353000899371,-0.631623730557,0.293246901481,-0.590006251542,0.392593227911,0.250403312848,135.00000006,134.999994268
0.353025139086,-0.631004944412,0.293130766007,-0.589335943051,0.392593227911,0.250403312848,135.00000006,134.999994268
0.35304960163,-0.630385774317,0.293014798297,-0.588665374381,0.392593227911,0.250403312848,135.00000006,134.999994268
0.353074286574,-0.629766221407,0.292898998657,-0.587994547147,0.392593227911,0.250403312848,135.00000006,134.999994268
0.353099193483,-0.629146286818,0.29278336738,-0.587323462966,0.392593227911,0.250403312848,135.00000006,134.999994268
0.353124321921,-0.628525971687,0.292667904763,-0.586652123454,0.392593227911,0.250403312848,135.00000006,134.999994268
0.353149671448,-0.627905277148,0.292552611097,-0.585980530227,0.392593227911,0.250403312848,135.00000006,134.999994268
0.353175241617,-0.627284204342,0.292437486667,-0.585308684903,0.392593227911,0.250403312848,135.00000006,134.999994268
0.353201031972,-0.626662754409,0.292322531765,-0.584636589095,0.392593227911,0.250403312848,135.00000006,134.999994268
0.353227042058,-0.62604092849,0.292207746671,-0.583964244421,0.392593227911,0.250403312848,135.00000006,134.999994268
0.353253271421,-0.625418727723,0.292093131672,-0.583291652495,0.392593227911,0.250403312848,135.00000006,134.999994268
0.353279719607,-0.624796153246,0.291978687043,-0.582618814934,0.392593227911,0.250403312848,135.00000006,134.999994268
0.353306386155,-0.624173206196,0.291864413058,-0.581945733354,0.392593227911,0.250403312848,135.00000006,134.999994268
0.353333270603,-0.623549887713,0.291750309994,-0.58127240937,0.392593227911,0.250403312848,135.00000006,134.999994268
0.353360372483,-0.622926198936,0.29163637812,-0.580598844599,0.392593227911,0.250403312848,135.00000006,134.999994268
0.353387691317,-0.622302141009,0.29152261771,-0.579925040653,0.392593227911,0.250403312848,135.00000006,134.999994268
0.353415226628,-0.621677715075,0.291409029024,-0.579250999149,0.392593227911,0.250403312848,135.00000006,134.999994268
0.35344297794,-0.621052922274,0.291295612329,-0.578576721702,0.392593227911,0.250403312848,135.00000006,134.999994268
0.353470944776,-0.620427763745,0.291182367885,-0.577902209928,0.392593227911,0.250403312848,135.00000006,134.999994268
0.353499126656,-0.619802240628,0.291069295947,-0.577227465441,0.392593227911,0.250403312848,135.00000006,134.999994268
0.353527523096,-0.619176354063,0.290956396777,-0.576552489854,0.392593227911,0.250403312848,135.00000006,134.999994268
0.353556133605,-0.618550105192,0.290843670624,-0.575877284784,0.392593227911,0.250403312848,135.00000006,134.999994268
0.353584957684,-0.617923495161,0.290731117742,-0.575201851842,0.392593227911,0.250403312848,135.00000006,134.999994268
0.353613994834,-0.617296525116,0.290618738378,-0.574526192643,0.392593227911,0.250403312848,135.00000006,134.999994268
0.353643244561,-0.616669196195,0.290506532774,-0.573850308804,0.392593227911,0.250403312848,135.00000006,134.999994268
0.353672706365,-0.616041509541,0.290394501179,-0.573174201935,0.392593227911,0.250403312848,135.00000006,134.999994268
0.353702379746,-0.615413466295,0.290282643829,-0.572497873652,0.392593227911,0.250403312848,135.00000006,134.999994268
0.353732264199,-0.614785067598,0.290170960967,-0.571821325564,0.392593227911,0.250403312848,135.00000006,134.999994268
0.353762359211,-0.614156314595,0.290059452827,-0.571144559286,0.392593227911,0.250403312848,135.00000006,134.999994268
0.353792664262,-0.613527208434,0.289948119638,-0.570467576432,0.392593227911,0.250403312848,135.00000006,134.999994268
0.353823178835,-0.612897750259,0.289836961636,-0.569790378613,0.392593227911,0.250403312848,135.00000006,134.999994268
0.353853902414,-0.612267941213,0.289725979044,-0.569112967442,0.392593227911,0.250403312848,135.00000006,134.999994268
0.353884834481,-0.611637782438,0.289615172094,-0.568435344528,0.392593227911,0.250403312848,135.00000006,134.999994268
0.353915974513,-0.611007275077,0.289504541004,-0.567757511484,0.392593227911,0.250403312848,135.00000006,134.999994268
0.353947321986,-0.610376420272,0.289394085999,-0.567079469922,0.392593227911,0.250403312848,135.00000006,134.999994268
0.353978876367,-0.60974521917,0.289283807294,-0.566401221451,0.392593227911,0.250403312848,135.00000006,134.999994268
0.354010637115,-0.60911367292,0.289173705103,-0.565722767684,0.392593227911,0.250403312848,135.00000006,134.999994268
0.354042603695,-0.608481782667,0.289063779645,-0.565044110228,0.392593227911,0.250403312848,135.00000006,134.999994268
0.354074775571,-0.607849549554,0.288954031125,-0.564365250695,0.392593227911,0.250403312848,135.00000006,134.999994268
0.354107152204,-0.607216974725,0.288844459759,-0.563686190691,0.392593227911,0.250403312848,135.00000006,134.999994268
0.354139733055,-0.606584059324,0.288735065747,-0.563006931828,0.392593227911,0.250403312848,135.00000006,134.999994268
0.354172517579,-0.605950804493,0.28862584929,-0.562327475716,0.392593227911,0.250403312848,135.00000006,134.999994268
0.354205505222,-0.605317211382,0.288516810594,-0.56164782396,0.392593227911,0.250403312848,135.00000006,134.999994268
0.354238695424,-0.60468328114,0.288407949854,-0.56096797817,0.392593227911,0.250403312848,135.00000006,134.999994268
0.354272087632,-0.604049014912,0.288299267271,-0.560287939951,0.392593227911,0.250403312848,135.00000006,134.999994268
0.354305681292,-0.603414413843,0.288190763035,-0.559607710911,0.392593227911,0.250403312848,135.00000006,134.999994268
0.354339475847,-0.602779479076,0.288082437337,-0.558927292658,0.392593227911,0.250403312848,135.00000006,134.999994268
0.354373470737,-0.602144211756,0.287974290369,-0.558246686796,0.392593227911,0.250403312848,135.00000006,134.999994268
0.354407665401,-0.601508613027,0.287866322311,-0.557565894933,0.392593227911,0.250403312848,135.00000006,134.999994268
0.354442059263,-0.600872684039,0.287758533354,-0.556884918671,0.392593227911,0.250403312848,135.00000006,134.999994268
0.354476651745,-0.600236425943,0.287650923675,-0.556203759617,0.392593227911,0.250403312848,135.00000006,134.999994268
0.354511442279,-0.599599839883,0.287543493459,-0.555522419373,0.392593227911,0.250403312848,135.00000006,134.999994268
0.354546430291,-0.598962927004,0.287436242878,-0.554840899544,0.392593227911,0.250403312848,135.00000006,134.999994268
0.354581615206,-0.59832568845,0.287329172103,-0.554159201735,0.392593227911,0.250403312848,135.00000006,134.999994268
0.354616996448,-0.597688125366,0.287222281313,-0.553477327546,0.392593227911,0.250403312848,135.00000006,134.999994268
0.354652573435,-0.597050238897,0.287115570672,-0.55279527858,0.392593227911,0.250403312848,135.00000006,134.999994268
0.354688345574,-0.596412030195,0.287009040354,-0.552113056438,0.392593227911,0.250403312848,135.00000006,134.999994268
0.354724312271,-0.595773500408,0.286902690519,-0.551430662721,0.392593227911,0.250403312848,135.00000006,134.999994268
0.35476047294,-0.595134650683,0.286796521329,-0.550748099031,0.392593227911,0.250403312848,135.00000006,134.999994268
0.35479682699,-0.594495482162,0.286690532946,-0.550065366966,0.392593227911,0.250403312848,135.00000006,134.999994268
0.35483337383,-0.593855995992,0.286584725525,-0.549382468128,0.392593227911,0.250403312848,135.00000006,134.999994268
0.354870112865,-0.593216193316,0.286479099226,-0.548699404112,0.392593227911,0.250403312848,135.00000006,134.999994268
0.354907043495,-0.592576075281,0.2863736542,-0.548016176518,0.392593227911,0.250403312848,135.00000006,134.999994268
0.354944165111,-0.591935643038,0.286268390598,-0.547332786943,0.392593227911,0.250403312848,135.00000006,134.999994268
0.354981477104,-0.591294897737,0.286163308569,-0.546649236984,0.392593227911,0.250403312848,135.00000006,134.999994268
0.355018978869,-0.590653840521,0.286058408255,-0.545965528239,0.392593227911,0.250403312848,135.00000006,134.999994268
0.355056669802,-0.590012472534,0.285953689805,-0.545281662301,0.392593227911,0.250403312848,135.00000006,134.999994268
0.355094549293,-0.589370794923,0.285849153357,-0.544597640766,0.392593227911,0.250403312848,135.00000006,134.999994268
0.355132616732,-0.588728808829,0.285744799055,-0.543913465227,0.392593227911,0.250403312848,135.00000006,134.999994268
0.355170871501,-0.588086515402,0.285640627033,-0.543229137278,0.392593227911,0.250403312848,135.00000006,134.999994268
0.355209312975,-0.587443915792,0.285536637421,-0.542544658515,0.392593227911,0.250403312848,135.00000006,134.999994268
0.355247940529,-0.586801011146,0.285432830357,-0.541860030526,0.392593227911,0.250403312848,135.00000006,134.999994268
0.355286753546,-0.586157802608,0.285329205968,-0.541175254905,0.392593227911,0.250403312848,135.00000006,134.999994268
0.355325751402,-0.585514291323,0.285225764385,-0.540490333241,0.392593227911,0.250403312848,135.00000006,134.999994268
0.355364933475,-0.584870478435,0.285122505732,-0.539805267124,0.392593227911,0.250403312848,135.00000006,134.999994268
0.355404299137,-0.584226365086,0.285019430131,-0.539120058145,0.392593227911,0.250403312848,135.00000006,134.999994268
0.355443847755,-0.583581952425,0.284916537706,-0.53843470789,0.392593227911,0.250403312848,135.00000006,134.999994268
0.355483578688,-0.582937241602,0.284813828569,-0.537749217951,0.392593227911,0.250403312848,135.00000006,134.999994268
0.355523491298,-0.582292233763,0.284711302844,-0.53706358991,0.392593227911,0.250403312848,135.00000006,134.999994268
0.355563584951,-0.581646930051,0.28460896064,-0.536377825356,0.392593227911,0.250403312848,135.00000006,134.999994268
0.355603859011,-0.58100133161,0.284506802075,-0.535691925872,0.392593227911,0.250403312848,135.00000006,134.999994268
0.355644312839,-0.580355439582,0.284404827255,-0.535005893044,0.392593227911,0.250403312848,135.00000006,134.999994268
0.355684945794,-0.579709255111,0.284303036283,-0.534319728457,0.392593227911,0.250403312848,135.00000006,134.999994268
0.355725757227,-0.579062779344,0.284201429271,-0.533633433693,0.392593227911,0.250403312848,135.00000006,134.999994268
0.355766746481,-0.57841601343,0.284100006318,-0.532947010334,0.392593227911,0.250403312848,135.00000006,134.999994268
0.355807912907,-0.577768958514,0.28399876753,-0.532260459959,0.392593227911,0.250403312848,135.00000006,134.999994268
0.355849255857,-0.577121615737,0.283897713003,-0.53157378415,0.392593227911,0.250403312848,135.00000006,134.999994268
0.355890774679,-0.576473986242,0.28379684283,-0.530886984488,0.392593227911,0.250403312848,135.00000006,134.999994268
0.355932468721,-0.575826071172,0.28369615711,-0.53020006255,0.392593227911,0.250403312848,135.00000006,134.999994268
0.35597433733,-0.575177871666,0.283595655931,-0.529513019915,0.392593227911,0.250403312848,135.00000006,134.999994268
0.35601637984,-0.574529388873,0.283495339389,-0.528825858156,0.392593227911,0.250403312848,135.00000006,134.999994268
0.356058595582,-0.57388062394,0.283395207567,-0.528138578853,0.392593227911,0.250403312848,135.00000006,134.999994268
0.356100983894,-0.57323157801,0.283295260553,-0.527451183578,0.392593227911,0.250403312848,135.00000006,134.999994268
0.356143544114,-0.572582252224,0.28319549843,-0.526763673906,0.392593227911,0.250403312848,135.00000006,134.999994268
0.356186275579,-0.571932647722,0.283095921277,-0.526076051412,0.392593227911,0.250403312848,135.00000006,134.999994268
0.356229177622,-0.571282765645,0.282996529177,-0.525388317665,0.392593227911,0.250403312848,135.00000006,134.999994268
0.356272249577,-0.570632607132,0.282897322204,-0.524700474238,0.392593227911,0.250403312848,135.00000006,134.999994268
0.356315490766,-0.56998217333,0.282798300439,-0.524012522698,0.392593227911,0.250403312848,135.00000006,134.999994268
0.356358900507,-0.569331465384,0.282699463951,-0.523324464616,0.392593227911,0.250403312848,135.00000006,134.999994268
0.356402478126,-0.568680484436,0.282600812805,-0.522636301563,0.392593227911,0.250403312848,135.00000006,134.999994268
0.356446222948,-0.568029231624,0.282502347079,-0.521948035102,0.392593227911,0.250403312848,135.00000006,134.999994268
0.356490134297,-0.567377708087,0.282404066832,-0.521259666801,0.392593227911,0.250403312848,135.00000006,134.999994268
0.356534211497,-0.566725914965,0.282305972138,-0.520571198223,0.392593227911,0.250403312848,135.00000006,134.999994268
0.356578453866,-0.566073853394,0.282208063053,-0.519882630932,0.392593227911,0.250403312848,135.00000006,134.999994268
0.356622860717,-0.565421524519,0.282110339636,-0.519193966495,0.392593227911,0.250403312848,135.00000006,134.999994268
0.356667431356,-0.564768929483,0.282012801949,-0.518505206469,0.392593227911,0.250403312848,135.00000006,134.999994268
0.356712165096,-0.564116069427,0.281915450044,-0.517816352418,0.392593227911,0.250403312848,135.00000006,134.999994268
0.35675706125,-0.563462945486,0.281818283983,-0.517127405897,0.392593227911,0.250403312848,135.00000006,134.999994268
0.356802119133,-0.562809558798,0.281721303812,-0.516438368469,0.392593227911,0.250403312848,135.00000006,134.999994268
0.356847338055,-0.562155910499,0.281624509582,-0.515749241689,0.392593227911,0.250403312848,135.00000006,134.999994268
0.356892717325,-0.561502001724,0.281527901344,-0.515060027113,0.392593227911,0.250403312848,135.00000006,134.999994268
0.356938256245,-0.560847833615,0.281431479138,-0.5143707263,0.392593227911,0.250403312848,135.00000006,134.999994268
0.356983954109,-0.560193407313,0.281335243016,-0.513681340798,0.392593227911,0.250403312848,135.00000006,134.999994268
0.35702981022,-0.559538723956,0.281239193015,-0.512991872163,0.392593227911,0.250403312848,135.00000006,134.999994268
0.35707582388,-0.558883784678,0.281143329178,-0.512302321945,0.392593227911,0.250403312848,135.00000006,134.999994268
0.357121994392,-0.558228590613,0.281047651542,-0.511612691695,0.392593227911,0.250403312848,135.00000006,134.999994268
0.357168321058,-0.557573142896,0.280952160139,-0.510922982965,0.392593227911,0.250403312848,135.00000006,134.999994268
0.357214803175,-0.55691744266,0.28085685501,-0.510233197298,0.392593227911,0.250403312848,135.00000006,134.999994268
0.357261440036,-0.55626149104,0.280761736184,-0.509543336244,0.392593227911,0.250403312848,135.00000006,134.999994268
0.357308230927,-0.555605289178,0.280666803693,-0.508853401346,0.392593227911,0.250403312848,135.00000006,134.999994268
0.357355175138,-0.554948838207,0.280572057565,-0.508163394149,0.392593227911,0.250403312848,135.00000006,134.999994268
0.357402271962,-0.554292139262,0.28047749782,-0.507473316199,0.392593227911,0.250403312848,135.00000006,134.999994268
0.357449520692,-0.553635193471,0.280383124492,-0.506783169034,0.392593227911,0.250403312848,135.00000006,134.999994268
0.357496920618,-0.552978001967,0.280288937597,-0.506092954196,0.392593227911,0.250403312848,135.00000006,134.999994268
0.357544471032,-0.55232056588,0.280194937161,-0.505402673223,0.392593227911,0.250403312848,135.00000006,134.999994268
0.357592171218,-0.551662886342,0.280101123201,-0.504712327652,0.392593227911,0.250403312848,135.00000006,134.999994268
0.357640020452,-0.551004964489,0.280007495727,-0.504021919024,0.392593227911,0.250403312848,135.00000006,134.999994268
0.357688018014,-0.550346801456,0.279914054762,-0.50333144887,0.392593227911,0.250403312848,135.00000006,134.999994268
0.357736163187,-0.549688398371,0.279820800315,-0.502640918725,0.392593227911,0.250403312848,135.00000006,134.999994268
0.357784455256,-0.549029756363,0.279727732401,-0.50195033012,0.392593227911,0.250403312848,135.00000006,134.999994268
0.357832893502,-0.548370876558,0.279634851028,-0.501259684586,0.392593227911,0.250403312848,135.00000006,134.999994268
0.357881477207,-0.547711760085,0.279542156197,-0.500568983658,0.392593227911,0.250403312848,135.00000006,134.999994268
0.357930205652,-0.54705240807,0.279449647922,-0.499878228859,0.392593227911,0.250403312848,135.00000006,134.999994268
0.357979078105,-0.546392821644,0.2793573262,-0.499187421718,0.392593227911,0.250403312848,135.00000006,134.999994268
0.358028093833,-0.545733001942,0.27926519104,-0.498496563757,0.392593227911,0.250403312848,135.00000006,134.999994268
0.358077252112,-0.545072950089,0.279173242439,-0.497805656504,0.392593227911,0.250403312848,135.00000006,134.999994268
0.358126552218,-0.544412667209,0.279081480389,-0.497114701482,0.392593227911,0.250403312848,135.00000006,134.999994268
0.358175993426,-0.543752154426,0.278989904894,-0.49642370021,0.392593227911,0.250403312848,135.00000006,134.999994268
0.358225575008,-0.543091412865,0.278898515943,-0.49573265421,0.392593227911,0.250403312848,135.00000006,134.999994268
0.358275296238,-0.542430443647,0.278807313537,-0.495041564997,0.392593227911,0.250403312848,135.00000006,134.999994268
0.358325156382,-0.541769247898,0.278716297662,-0.494350434089,0.392593227911,0.250403312848,135.00000006,134.999994268
0.3583751547,-0.541107826747,0.278625468301,-0.493659263004,0.392593227911,0.250403312848,135.00000006,134.999994268
0.358425290455,-0.540446181319,0.27853482545,-0.492968053253,0.392593227911,0.250403312848,135.00000006,134.999994268
0.358475562917,-0.539784312735,0.278444369089,-0.492276806351,0.392593227911,0.250403312848,135.00000006,134.999994268
0.358525971353,-0.539122222114,0.278354099209,-0.491585523804,0.392593227911,0.250403312848,135.00000006,134.999994268
0.358576515029,-0.538459910577,0.278264015787,-0.490894207124,0.392593227911,0.250403312848,135.00000006,134.999994268
0.358627193212,-0.537797379242,0.278174118799,-0.490202857822,0.392593227911,0.250403312848,135.00000006,134.999994268
0.358678005166,-0.537134629227,0.278084408231,-0.489511477398,0.392593227911,0.250403312848,135.00000006,134.999994268
0.358728950146,-0.536471661656,0.277994884056,-0.488820067362,0.392593227911,0.250403312848,135.00000006,134.999994268
0.358780027405,-0.535808477652,0.277905546252,-0.488128629212,0.392593227911,0.250403312848,135.00000006,134.999994268
0.358831236204,-0.535145078333,0.277816394792,-0.487437164452,0.392593227911,0.250403312848,135.00000006,134.999994268
0.358882575804,-0.534481464814,0.27772742964,-0.486745674585,0.392593227911,0.250403312848,135.00000006,134.999994268
0.358934045466,-0.533817638212,0.277638650777,-0.486054161103,0.392593227911,0.250403312848,135.00000006,134.999994268
0.358985644449,-0.533153599639,0.277550058164,-0.485362625506,0.392593227911,0.250403312848,135.00000006,134.999994268
0.359037372014,-0.53248935021,0.277461651769,-0.484671069289,0.392593227911,0.250403312848,135.00000006,134.999994268
0.359089227417,-0.531824891038,0.277373431553,-0.483979493947,0.392593227911,0.250403312848,135.00000006,134.999994268
0.359141209906,-0.531160223242,0.277285397463,-0.483287900981,0.392593227911,0.250403312848,135.00000006,134.999994268
0.359193318728,-0.530495347941,0.27719754946,-0.482596291881,0.392593227911,0.250403312848,135.00000006,134.999994268
0.359245553139,-0.529830266245,0.277109887489,-0.481904668144,0.392593227911,0.250403312848,135.00000006,134.999994268
0.359297912396,-0.529164979264,0.277022411498,-0.481213031263,0.392593227911,0.250403312848,135.00000006,134.999994268
0.359350395752,-0.528499488108,0.276935121437,-0.480521382726,0.392593227911,0.250403312848,135.00000006,134.999994268
0.359403002463,-0.527833793885,0.276848017245,-0.479829724025,0.392593227911,0.250403312848,135.00000006,134.999994268
0.359455731781,-0.527167897704,0.276761098874,-0.479138056643,0.392593227911,0.250403312848,135.00000006,134.999994268
0.359508582958,-0.526501800673,0.276674366261,-0.478446382068,0.392593227911,0.250403312848,135.00000006,134.999994268
0.359561555237,-0.525835503906,0.27658781934,-0.477754701787,0.392593227911,0.250403312848,135.00000006,134.999994268
0.35961464786,-0.525169008513,0.276501458059,-0.477063017277,0.392593227911,0.250403312848,135.00000006,134.999994268
0.359667860079,-0.5245023156,0.276415282347,-0.476371330022,0.392593227911,0.250403312848,135.00000006,134.999994268
0.359721191145,-0.523835426271,0.276329292146,-0.475679641497,0.392593227911,0.250403312848,135.00000006,134.999994268
0.359774640308,-0.523168341629,0.276243487386,-0.474987953182,0.392593227911,0.250403312848,135.00000006,134.999994268
0.359828206817,-0.522501062777,0.276157867993,-0.474296266554,0.392593227911,0.250403312848,135.00000006,134.999994268
0.359881889921,-0.521833590817,0.276072433905,-0.473604583083,0.392593227911,0.250403312848,135.00000006,134.999994268
0.35993568887,-0.52116592685,0.275987185045,-0.472912904242,0.392593227911,0.250403312848,135.00000006,134.999994268
0.3599896029,-0.520498071984,0.275902121343,-0.472221231502,0.392593227911,0.250403312848,135.00000006,134.999994268
0.360043631251,-0.519830027323,0.275817242724,-0.471529566328,0.392593227911,0.250403312848,135.00000006,134.999994268
0.360097773169,-0.519161793967,0.275732549105,-0.470837910192,0.392593227911,0.250403312848,135.00000006,134.999994268
0.360152027902,-0.518493373013,0.27564804042,-0.470146264552,0.392593227911,0.250403312848,135.00000006,134.999994268
0.360206394697,-0.517824765558,0.275563716581,-0.469454630874,0.392593227911,0.250403312848,135.00000006,134.999994268
0.360260872799,-0.517155972698,0.275479577503,-0.468763010622,0.392593227911,0.250403312848,135.00000006,134.999994268
0.360315461454,-0.516486995529,0.275395623112,-0.468071405249,0.392593227911,0.250403312848,135.00000006,134.999994268
0.360370159907,-0.515817835144,0.275311853317,-0.467379816218,0.392593227911,0.250403312848,135.00000006,134.999994268
0.360424967398,-0.515148492641,0.275228268038,-0.466688244979,0.392593227911,0.250403312848,135.00000006,134.999994268
0.36047988316,-0.514478969121,0.275144867185,-0.465996692988,0.392593227911,0.250403312848,135.00000006,134.999994268
0.360534906437,-0.513809265676,0.275061650662,-0.4653051617,0.392593227911,0.250403312848,135.00000006,134.999994268
0.360590036471,-0.513139383396,0.274978618389,-0.464613652557,0.392593227911,0.250403312848,135.00000006,134.999994268
0.360645272507,-0.512469323373,0.274895770269,-0.463922167013,0.392593227911,0.250403312848,135.00000006,134.999994268
0.360700613789,-0.511799086694,0.274813106205,-0.463230706513,0.392593227911,0.250403312848,135.00000006,134.999994268
0.36075605956,-0.511128674448,0.274730626109,-0.462539272497,0.392593227911,0.250403312848,135.00000006,134.999994268
0.360811609063,-0.510458087722,0.274648329877,-0.461847866412,0.392593227911,0.250403312848,135.00000006,134.999994268
0.36086726154,-0.509787327602,0.274566217419,-0.461156489694,0.392593227911,0.250403312848,135.00000006,134.999994268
0.360923016226,-0.50911639518,0.274484288631,-0.460465143781,0.392593227911,0.250403312848,135.00000006,134.999994268
0.360978872354,-0.508445291546,0.274402543406,-0.459773830114,0.392593227911,0.250403312848,135.00000006,134.999994268
0.361034829167,-0.507774017783,0.274320981653,-0.459082550121,0.392593227911,0.250403312848,135.00000006,134.999994268
0.361090885907,-0.507102574974,0.27423960326,-0.458391305237,0.392593227911,0.250403312848,135.00000006,134.999994268
0.361147041817,-0.506430964199,0.274158408122,-0.457700096893,0.392593227911,0.250403312848,135.00000006,134.999994268
0.361203296138,-0.505759186539,0.274077396137,-0.457008926513,0.392593227911,0.250403312848,135.00000006,134.999994268
0.361259648114,-0.505087243073,0.27399656719,-0.456317795528,0.392593227911,0.250403312848,135.00000006,134.999994268
0.361316096985,-0.504415134879,0.273915921178,-0.455626705356,0.392593227911,0.250403312848,135.00000006,134.999994268
0.361372641992,-0.503742863036,0.273835457987,-0.454935657422,0.392593227911,0.250403312848,135.00000006,134.999994268
0.361429282369,-0.503070428625,0.273755177499,-0.454244653148,0.392593227911,0.250403312848,135.00000006,134.999994268
0.36148601735,-0.502397832728,0.273675079611,-0.453553693946,0.392593227911,0.250403312848,135.00000006,134.999994268
0.361542846177,-0.501725076419,0.273595164201,-0.452862781235,0.392593227911,0.250403312848,135.00000006,134.999994268
0.361599768091,-0.50105216077,0.273515431149,-0.452171916431,0.392593227911,0.250403312848,135.00000006,134.999994268
0.361656782335,-0.500379086853,0.273435880344,-0.451481100939,0.392593227911,0.250403312848,135.00000006,134.999994268
0.36171388815,-0.49970585574,0.273356511661,-0.450790336173,0.392593227911,0.250403312848,135.00000006,134.999994268
0.361771084779,-0.4990324685,0.273277324982,-0.450099623538,0.392593227911,0.250403312848,135.00000006,134.999994268
0.361828371463,-0.498358926202,0.273198320186,-0.449408964438,0.392593227911,0.250403312848,135.00000006,134.999994268
0.361885747444,-0.497685229913,0.273119497144,-0.448718360278,0.392593227911,0.250403312848,135.00000006,134.999994268
0.361943211959,-0.497011380706,0.27304085574,-0.448027812455,0.392593227911,0.250403312848,135.00000006,134.999994268
0.36200076424,-0.496337379651,0.272962395844,-0.447337322368,0.392593227911,0.250403312848,135.00000006,134.999994268
0.36205840353,-0.495663227814,0.272884117321,-0.446646891419,0.392593227911,0.250403312848,135.00000006,134.999994268
0.362116129069,-0.494988926259,0.272806020054,-0.445956520993,0.392593227911,0.250403312848,135.00000006,134.999994268
0.362173940103,-0.494314476047,0.272728103906,-0.445266212486,0.392593227911,0.250403312848,135.00000006,134.999994268
0.362231835872,-0.493639878239,0.272650368744,-0.44457596729,0.392593227911,0.250403312848,135.00000006,134.999994268
0.36228981562,-0.492965133895,0.272572814442,-0.443885786786,0.392593227911,0.250403312848,135.00000006,134.999994268
0.362347878592,-0.492290244074,0.27249544086,-0.443195672364,0.392593227911,0.250403312848,135.00000006,134.999994268
0.362406024029,-0.491615209833,0.272418247865,-0.442505625405,0.392593227911,0.250403312848,135.00000006,134.999994268
0.362464251176,-0.490940032228,0.272341235324,-0.441815647286,0.392593227911,0.250403312848,135.00000006,134.999994268
0.36252255927,-0.49026471232,0.272264403092,-0.44112573939,0.392593227911,0.250403312848,135.00000006,134.999994268
0.362580947546,-0.48958925117,0.272187751037,-0.440435903089,0.392593227911,0.250403312848,135.00000006,134.999994268
0.362639415248,-0.488913649829,0.272111279018,-0.439746139756,0.392593227911,0.250403312848,135.00000006,134.999994268
0.362697961623,-0.488237909348,0.272034986886,-0.439056450767,0.392593227911,0.250403312848,135.00000006,134.999994268
0.362756585916,-0.487562030779,0.271958874511,-0.438366837484,0.392593227911,0.250403312848,135.00000006,134.999994268
0.362815287371,-0.486886015171,0.271882941742,-0.437677301275,0.392593227911,0.250403312848,135.00000006,134.999994268
0.362874065234,-0.48620986357,0.271807188427,-0.436987843511,0.392593227911,0.250403312848,135.00000006,134.999994268
0.362932918752,-0.485533577024,0.271731614434,-0.436298465543,0.392593227911,0.250403312848,135.00000006,134.999994268
0.362991847172,-0.484857156577,0.271656219608,-0.435609168736,0.392593227911,0.250403312848,135.00000006,134.999994268
0.36305084974,-0.484180603275,0.271581003795,-0.434919954449,0.392593227911,0.250403312848,135.00000006,134.999994268
0.363109925698,-0.483503918162,0.271505966857,-0.434230824029,0.392593227911,0.250403312848,135.00000006,134.999994268
0.363169074288,-0.482827102287,0.271431108636,-0.433541778834,0.392593227911,0.250403312848,135.00000006,134.999994268
0.363228294754,-0.48215015669,0.271356428977,-0.432852820213,0.392593227911,0.250403312848,135.00000006,134.999994268
0.363287586346,-0.481473082412,0.271281927737,-0.432163949508,0.392593227911,0.250403312848,135.00000006,134.999994268
0.363346948312,-0.48079588049,0.271207604752,-0.431475168069,0.392593227911,0.250403312848,135.00000006,134.999994268
0.363406379901,-0.480118551959,0.27113345987,-0.430786477237,0.392593227911,0.250403312848,135.00000006,134.999994268
0.363465880365,-0.479441097856,0.271059492938,-0.430097878348,0.392593227911,0.250403312848,135.00000006,134.999994268
0.363525448953,-0.478763519213,0.270985703792,-0.429409372744,0.392593227911,0.250403312848,135.00000006,134.999994268
0.363585084916,-0.478085817063,0.270912092276,-0.428720961756,0.392593227911,0.250403312848,135.00000006,134.999994268
0.363644787507,-0.477407992436,0.270838658234,-0.428032646716,0.392593227911,0.250403312848,135.00000006,134.999994268
0.363704555975,-0.476730046363,0.270765401497,-0.427344428958,0.392593227911,0.250403312848,135.00000006,134.999994268
0.363764389572,-0.476051979874,0.270692321909,-0.426656309804,0.392593227911,0.250403312848,135.00000006,134.999994268
0.363824287543,-0.475373794001,0.270619419308,-0.425968290579,0.392593227911,0.250403312848,135.00000006,134.999994268
0.363884249138,-0.474695489772,0.270546693522,-0.425280372609,0.392593227911,0.250403312848,135.00000006,134.999994268
0.363944273613,-0.474017068212,0.270474144393,-0.424592557208,0.392593227911,0.250403312848,135.00000006,134.999994268
0.364004360221,-0.473338530342,0.270401771755,-0.423904845694,0.392593227911,0.250403312848,135.00000006,134.999994268
0.364064508218,-0.472659877185,0.270329575432,-0.423217239386,0.392593227911,0.250403312848,135.00000006,134.999994268
0.364124716862,-0.471981109759,0.270257555266,-0.422529739589,0.392593227911,0.250403312848,135.00000006,134.999994268
0.364184985407,-0.471302229084,0.270185711085,-0.421842347613,0.392593227911,0.250403312848,135.00000006,134.999994268
0.364245313112,-0.470623236176,0.27011404271,-0.42115506477,0.392593227911,0.250403312848,135.00000006,134.999994268
0.364305699235,-0.469944132051,0.270042549981,-0.420467892356,0.392593227911,0.250403312848,135.00000006,134.999994268
0.364366143035,-0.469264917724,0.269971232723,-0.419780831674,0.392593227911,0.250403312848,135.00000006,134.999994268
0.36442664377,-0.468585594206,0.269900090754,-0.419093884028,0.392593227911,0.250403312848,135.00000006,134.999994268
0.364487200699,-0.467906162511,0.26982912391,-0.418407050707,0.392593227911,0.250403312848,135.00000006,134.999994268
0.364547813076,-0.467226623653,0.269758332013,-0.417720333004,0.392593227911,0.250403312848,135.00000006,134.999994268
0.36460848016,-0.466546978644,0.26968771488,-0.417033732215,0.392593227911,0.250403312848,135.00000006,134.999994268
0.364669201212,-0.46586722849,0.269617272341,-0.416347249621,0.392593227911,0.250403312848,135.00000006,134.999994268
0.364729975496,-0.465187374196,0.269547004219,-0.415660886508,0.392593227911,0.250403312848,135.00000006,134.999994268
0.364790802276,-0.464507416766,0.269476910325,-0.414974644164,0.392593227911,0.250403312848,135.00000006,134.999994268
0.364851680816,-0.463827357203,0.269406990487,-0.414288523861,0.392593227911,0.250403312848,135.00000006,134.999994268
0.364912610382,-0.463147196506,0.269337244525,-0.413602526877,0.392593227911,0.250403312848,135.00000006,134.999994268
0.36497359024,-0.462466935676,0.269267672249,-0.41291665449,0.392593227911,0.250403312848,135.00000006,134.999994268
0.365034619658,-0.46178657571,0.269198273481,-0.412230907967,0.392593227911,0.250403312848,135.00000006,134.999994268
0.365095697902,-0.461106117603,0.269129048041,-0.411545288574,0.392593227911,0.250403312848,135.00000006,134.999994268
0.365156824241,-0.460425562351,0.269059995736,-0.410859797583,0.392593227911,0.250403312848,135.00000006,134.999994268
0.365217997946,-0.459744910947,0.268991116383,-0.410174436253,0.392593227911,0.250403312848,135.00000006,134.999994268
0.365279218286,-0.459064164381,0.268922409802,-0.409489205841,0.392593227911,0.250403312848,135.00000006,134.999994268
0.365340484528,-0.458383323647,0.268853875797,-0.408804107608,0.392593227911,0.250403312848,135.00000006,134.999994268
0.36540179594,-0.457702389738,0.268785514179,-0.408119142808,0.392593227911,0.250403312848,135.00000006,134.999994268
0.365463151793,-0.457021363641,0.26871732477,-0.407434312687,0.392593227911,0.250403312848,135.00000006,134.999994268
0.365524551362,-0.456340246341,0.268649307369,-0.406749618499,0.392593227911,0.250403312848,135.00000006,134.999994268
0.365585993921,-0.45565903882,0.268581461784,-0.40606506149,0.392593227911,0.250403312848,135.00000006,134.999994268
0.365647478746,-0.454977742062,0.268513787836,-0.405380642895,0.392593227911,0.250403312848,135.00000006,134.999994268
0.365709005115,-0.454296357046,0.268446285323,-0.404696363959,0.392593227911,0.250403312848,135.00000006,134.999994268
0.365770572305,-0.45361488475,0.268378954044,-0.404012225923,0.392593227911,0.250403312848,135.00000006,134.999994268
0.365832179594,-0.452933326151,0.268311793821,-0.403328230011,0.392593227911,0.250403312848,135.00000006,134.999994268
0.365893826262,-0.452251682226,0.268244804452,-0.402644377459,0.392593227911,0.250403312848,135.00000006,134.999994268
0.365955511591,-0.451569953946,0.268177985732,-0.401960669499,0.392593227911,0.250403312848,135.00000006,134.999994268
0.366017234861,-0.450888142284,0.268111337476,-0.40127710735,0.392593227911,0.250403312848,135.00000006,134.999994268
0.366078995355,-0.45020624821,0.268044859486,-0.400593692233,0.392593227911,0.250403312848,135.00000006,134.999994268
0.366140792357,-0.449524272693,0.267978551555,-0.399910425373,0.392593227911,0.250403312848,135.00000006,134.999994268
0.366202625152,-0.448842216699,0.267912413489,-0.399227307983,0.392593227911,0.250403312848,135.00000006,134.999994268
0.366264493025,-0.448160081194,0.267846445094,-0.398544341272,0.392593227911,0.250403312848,135.00000006,134.999994268
0.366326395259,-0.447477867144,0.267780646159,-0.397861526455,0.392593227911,0.250403312848,135.00000006,134.999994268
0.366388331138,-0.446795575513,0.267715016485,-0.39717886474,0.392593227911,0.250403312848,135.00000006,134.999994268
0.36645029995,-0.446113207264,0.26764955588,-0.396496357323,0.392593227911,0.250403312848,135.00000006,134.999994268
0.366512300986,-0.445430763352,0.267584264131,-0.39581400541,0.392593227911,0.250403312848,135.00000006,134.999994268
0.366574333537,-0.444748244735,0.26751914103,-0.395131810204,0.392593227911,0.250403312848,135.00000006,134.999994268
0.366636396895,-0.444065652368,0.267454186385,-0.394449772891,0.392593227911,0.250403312848,135.00000006,134.999994268
0.366698490354,-0.443382987202,0.267389399986,-0.393767894664,0.392593227911,0.250403312848,135.00000006,134.999994268
0.366760613208,-0.44270025019,0.267324781619,-0.393086176718,0.392593227911,0.250403312848,135.00000006,134.999994268
0.366822764752,-0.442017442281,0.267260331086,-0.392404620233,0.392593227911,0.250403312848,135.00000006,134.999994268
0.366884944284,-0.441334564421,0.267196048184,-0.391723226389,0.392593227911,0.250403312848,135.00000006,134.999994268
0.366947151102,-0.440651617557,0.267131932694,-0.391041996371,0.392593227911,0.250403312848,135.00000006,134.999994268
0.367009384504,-0.439968602632,0.267067984409,-0.390360931354,0.392593227911,0.250403312848,135.00000006,134.999994268
0.367071643791,-0.43928552059,0.267004203133,-0.389680032504,0.392593227911,0.250403312848,135.00000006,134.999994268
0.367133928265,-0.438602372369,0.266940588645,-0.388999300995,0.392593227911,0.250403312848,135.00000006,134.999994268
0.367196237228,-0.437919158908,0.266877140727,-0.388318738001,0.392593227911,0.250403312848,135.00000006,134.999994268
0.367258569983,-0.437235881145,0.266813859178,-0.387638344677,0.392593227911,0.250403312848,135.00000006,134.999994268
0.367320925837,-0.436552540014,0.266750743789,-0.386958122181,0.392593227911,0.250403312848,135.00000006,134.999994268
0.367383304095,-0.435869136447,0.266687794336,-0.386278071678,0.392593227911,0.250403312848,135.00000006,134.999994268
0.367445704064,-0.435185671376,0.26662501061,-0.385598194318,0.392593227911,0.250403312848,135.00000006,134.999994268
0.367508125054,-0.434502145729,0.266562392407,-0.384918491246,0.392593227911,0.250403312848,135.00000006,134.999994268
0.367570566373,-0.433818560437,0.266499939503,-0.384238963614,0.392593227911,0.250403312848,135.00000006,134.999994268
0.36763302733,-0.433134916425,0.266437651676,-0.383559612573,0.392593227911,0.250403312848,135.00000006,134.999994268
0.367695507235,-0.43245121462,0.266375528721,-0.382880439254,0.392593227911,0.250403312848,135.00000006,134.999994268
0.367758005403,-0.431767455942,0.266313570423,-0.382201444795,0.392593227911,0.250403312848,135.00000006,134.999994268
0.367820521148,-0.431083641311,0.266251776554,-0.381522630336,0.392593227911,0.250403312848,135.00000006,134.999994268
0.367883053788,-0.430399771645,0.266190146901,-0.380843997006,0.392593227911,0.250403312848,135.00000006,134.999994268
0.36794560264,-0.429715847859,0.266128681255,-0.380165545926,0.392593227911,0.250403312848,135.00000006,134.999994268
0.368008167023,-0.429031870868,0.266067379389,-0.379487278224,0.392593227911,0.250403312848,135.00000006,134.999994268
0.368070746257,-0.428347841583,0.266006241076,-0.37880919503,0.392593227911,0.250403312848,135.00000006,134.999994268
0.368133339665,-0.427663760915,0.265945266105,-0.378131297452,0.392593227911,0.250403312848,135.00000006,134.999994268
0.36819594657,-0.42697962977,0.26588445426,-0.377453586602,0.392593227911,0.250403312848,135.00000006,134.999994268
0.368258566295,-0.426295449056,0.265823805311,-0.376776063597,0.392593227911,0.250403312848,135.00000006,134.999994268
0.368321198167,-0.425611219676,0.265763319033,-0.376098729548,0.392593227911,0.250403312848,135.00000006,134.999994268
0.368383841514,-0.424926942532,0.265702995215,-0.375421585549,0.392593227911,0.250403312848,135.00000006,134.999994268
0.368446495663,-0.424242618524,0.265642833632,-0.374744632704,0.392593227911,0.250403312848,135.00000006,134.999994268
0.368509159944,-0.42355824855,0.265582834052,-0.374067872116,0.392593227911,0.250403312848,135.00000006,134.999994268
0.368571833689,-0.422873833507,0.265522996253,-0.373391304878,0.392593227911,0.250403312848,135.00000006,134.999994268
0.368634516231,-0.422189374289,0.265463320023,-0.37271493207,0.392593227911,0.250403312848,135.00000006,134.999994268
0.368697206903,-0.421504871786,0.265403805129,-0.372038754787,0.392593227911,0.250403312848,135.00000006,134.999994268
0.368759905041,-0.42082032689,0.265344451336,-0.371362774119,0.392593227911,0.250403312848,135.00000006,134.999994268
0.368822609983,-0.420135740488,0.265285258426,-0.370686991139,0.392593227911,0.250403312848,135.00000006,134.999994268
0.368885321064,-0.419451113468,0.265226226181,-0.370011406918,0.392593227911,0.250403312848,135.00000006,134.999994268
0.36894803762,-0.418766446717,0.265167354366,-0.369336022536,0.392593227911,0.250403312848,135.00000006,134.999994268
0.369010758985,-0.418081741124,0.265108642745,-0.368660839069,0.392593227911,0.250403312848,135.00000006,134.999994268
0.369073484494,-0.417396997575,0.265050091099,-0.367985857576,0.392593227911,0.250403312848,135.00000006,134.999994268
0.369136213481,-0.416712216957,0.264991699206,-0.367311079115,0.392593227911,0.250403312848,135.00000006,134.999994268
0.369198945284,-0.416027400152,0.264933466829,-0.366636504752,0.392593227911,0.250403312848,135.00000006,134.999994268
0.369261679243,-0.415342548041,0.264875393731,-0.365962135548,0.392593227911,0.250403312848,135.00000006,134.999994268
0.369324414697,-0.414657661502,0.264817479694,-0.365287972546,0.392593227911,0.250403312848,135.00000006,134.999994268
0.369387150988,-0.413972741413,0.26475972449,-0.364614016793,0.392593227911,0.250403312848,135.00000006,134.999994268
0.369449887461,-0.413287788649,0.264702127881,-0.36394026934,0.392593227911,0.250403312848,135.00000006,134.999994268
0.369512623458,-0.412602804081,0.264644689629,-0.363266731233,0.392593227911,0.250403312848,135.00000006,134.999994268
0.369575358328,-0.411917788581,0.264587409514,-0.362593403501,0.392593227911,0.250403312848,135.00000006,134.999994268
0.369638091418,-0.411232743017,0.264530287307,-0.361920287177,0.392593227911,0.250403312848,135.00000006,134.999994268
0.369700822077,-0.410547668255,0.264473322766,-0.361247383298,0.392593227911,0.250403312848,135.00000006,134.999994268
0.369763549656,-0.40986256516,0.264416515654,-0.360574692895,0.392593227911,0.250403312848,135.00000006,134.999994268
0.369826273509,-0.409177434594,0.264359865746,-0.359902216984,0.392593227911,0.250403312848,135.00000006,134.999994268
0.369888992988,-0.408492277416,0.264303372815,-0.359229956581,0.392593227911,0.250403312848,135.00000006,134.999994268
0.36995170745,-0.407807094485,0.264247036617,-0.358557912709,0.392593227911,0.250403312848,135.00000006,134.999994268
0.370014416252,-0.407121886656,0.26419085691,-0.357886086386,0.392593227911,0.250403312848,135.00000006,134.999994268
0.370077118752,-0.406436654782,0.264134833469,-0.357214478614,0.392593227911,0.250403312848,135.00000006,134.999994268
0.370139814312,-0.405751399716,0.264078966067,-0.356543090391,0.392593227911,0.250403312848,135.00000006,134.999994268
0.370202502293,-0.405066122306,0.264023254458,-0.355871922728,0.392593227911,0.250403312848,135.00000006,134.999994268
0.370265182058,-0.4043808234,0.263967698398,-0.355200976628,0.392593227911,0.250403312848,135.00000006,134.999994268
0.370327852974,-0.403695503842,0.263912297657,-0.354530253078,0.392593227911,0.250403312848,135.00000006,134.999994268
0.370390514407,-0.403010164474,0.263857052009,-0.353859753064,0.392593227911,0.250403312848,135.00000006,134.999994268
0.370453165724,-0.402324806138,0.263801961209,-0.353189477577,0.392593227911,0.250403312848,135.00000006,134.999994268
0.370515806297,-0.401639429672,0.263747025011,-0.352519427605,0.392593227911,0.250403312848,135.00000006,134.999994268
0.370578435498,-0.400954035911,0.263692243181,-0.351849604127,0.392593227911,0.250403312848,135.00000006,134.999994268
0.370641052698,-0.400268625689,0.263637615489,-0.35118000811,0.392593227911,0.250403312848,135.00000006,134.999994268
0.370703657274,-0.399583199839,0.263583141697,-0.350510640526,0.392593227911,0.250403312848,135.00000006,134.999994268
0.370766248602,-0.398897759188,0.263528821556,-0.349841502351,0.392593227911,0.250403312848,135.00000006,134.999994268
0.370828826061,-0.398212304565,0.263474654824,-0.34917259455,0.392593227911,0.250403312848,135.00000006,134.999994268
0.37089138903,-0.397526836794,0.26342064127,-0.348503918078,0.392593227911,0.250403312848,135.00000006,134.999994268
0.370953936891,-0.396841356698,0.263366780663,-0.347835473885,0.392593227911,0.250403312848,135.00000006,134.999994268
0.371016469028,-0.396155865096,0.263313072752,-0.347167262931,0.392593227911,0.250403312848,135.00000006,134.999994268
0.371078984825,-0.395470362807,0.263259517286,-0.346499286173,0.392593227911,0.250403312848,135.00000006,134.999994268
0.371141483669,-0.394784850648,0.263206114033,-0.34583154455,0.392593227911,0.250403312848,135.00000006,134.999994268
0.371203964949,-0.39409932943,0.263152862759,-0.345164038998,0.392593227911,0.250403312848,135.00000006,134.999994268
0.371266428054,-0.393413799965,0.263099763222,-0.344496770454,0.392593227911,0.250403312848,135.00000006,134.999994268
0.371328872377,-0.392728263062,0.263046815171,-0.343829739858,0.392593227911,0.250403312848,135.00000006,134.999994268
0.371391297312,-0.392042719527,0.262994018362,-0.343162948143,0.392593227911,0.250403312848,135.00000006,134.999994268
0.371453702252,-0.391357170165,0.262941372558,-0.342496396229,0.392593227911,0.250403312848,135.00000006,134.999994268
0.371516086596,-0.390671615777,0.262888877526,-0.341830085032,0.392593227911,0.250403312848,135.00000006,134.999994268
0.371578449742,-0.389986057163,0.262836533017,-0.341164015475,0.392593227911,0.250403312848,135.00000006,134.999994268
0.37164079109,-0.38930049512,0.262784338778,-0.340498188478,0.392593227911,0.250403312848,135.00000006,134.999994268
0.371703110043,-0.388614930443,0.262732294567,-0.33983260495,0.392593227911,0.250403312848,135.00000006,134.999994268
0.371765406005,-0.387929363923,0.262680400149,-0.339167265792,0.392593227911,0.250403312848,135.00000006,134.999994268
0.371827678381,-0.387243796352,0.262628655286,-0.338502171901,0.392593227911,0.250403312848,135.00000006,134.999994268
0.371889926579,-0.386558228516,0.262577059726,-0.337837324182,0.392593227911,0.250403312848,135.00000006,134.999994268
0.371952150008,-0.385872661201,0.262525613214,-0.337172723536,0.392593227911,0.250403312848,135.00000006,134.999994268
0.372014348078,-0.38518709519,0.262474315512,-0.336508370851,0.392593227911,0.250403312848,135.00000006,134.999994268
0.372076520204,-0.384501531264,0.26242316638,-0.335844267007,0.392593227911,0.250403312848,135.00000006,134.999994268
0.372138665798,-0.383815970199,0.262372165581,-0.335180412882,0.392593227911,0.250403312848,135.00000006,134.999994268
0.372200784278,-0.383130412773,0.26232131286,-0.334516809361,0.392593227911,0.250403312848,135.00000006,134.999994268
0.372262875062,-0.382444859757,0.262270607962,-0.333853457325,0.392593227911,0.250403312848,135.00000006,134.999994268
0.372324937569,-0.381759311924,0.262220050647,-0.333190357643,0.392593227911,0.250403312848,135.00000006,134.999994268
0.372386971221,-0.38107377004,0.262169640674,-0.332527511175,0.392593227911,0.250403312848,135.00000006,134.999994268
0.372448975441,-0.380388234873,0.262119377804,-0.331864918778,0.392593227911,0.250403312848,135.00000006,134.999994268
0.372510949656,-0.379702707185,0.262069261784,-0.331202581315,0.392593227911,0.250403312848,135.00000006,134.999994268
0.372572893291,-0.379017187738,0.262019292358,-0.33054049965,0.392593227911,0.250403312848,135.00000006,134.999994268
0.372634805776,-0.378331677289,0.261969469281,-0.329878674629,0.392593227911,0.250403312848,135.00000006,134.999994268
0.372696686541,-0.377646176596,0.261919792313,-0.329217107095,0.392593227911,0.250403312848,135.00000006,134.999994268
0.37275853502,-0.376960686411,0.261870261211,-0.328555797885,0.392593227911,0.250403312848,135.00000006,134.999994268
0.372820350645,-0.376275207486,0.261820875729,-0.327894747837,0.392593227911,0.250403312848,135.00000006,134.999994268
0.372882132854,-0.375589740568,0.261771635609,-0.327233957794,0.392593227911,0.250403312848,135.00000006,134.999994268
0.372943881085,-0.374904286405,0.2617225406,-0.326573428586,0.392593227911,0.250403312848,135.00000006,134.999994268
0.373005594775,-0.374218845741,0.261673590459,-0.325913161037,0.392593227911,0.250403312848,135.00000006,134.999994268
0.373067273364,-0.37353341932,0.261624784944,-0.325253155962,0.392593227911,0.250403312848,135.00000006,134.999994268
0.373128916293,-0.372848007882,0.261576123813,-0.324593414175,0.392593227911,0.250403312848,135.00000006,134.999994268
0.373190523007,-0.372162612164,0.26152760681,-0.323933936495,0.392593227911,0.250403312848,135.00000006,134.999994268
0.373252092954,-0.371477232899,0.261479233676,-0.323274723738,0.392593227911,0.250403312848,135.00000006,134.999994268
0.373313625582,-0.370791870818,0.261431004167,-0.322615776708,0.392593227911,0.250403312848,135.00000006,134.999994268
0.373375120342,-0.37010652665,0.261382918039,-0.321957096201,0.392593227911,0.250403312848,135.00000006,134.999994268
0.373436576687,-0.36942120112,0.261334975047,-0.321298683008,0.392593227911,0.250403312848,135.00000006,134.999994268
0.373497994071,-0.368735894951,0.261287174947,-0.32064053792,0.392593227911,0.250403312848,135.00000006,134.999994268
0.373559371951,-0.368050608866,0.261239517482,-0.319982661731,0.392593227911,0.250403312848,135.00000006,134.999994268
0.373620709785,-0.367365343581,0.261192002392,-0.319325055233,0.392593227911,0.250403312848,135.00000006,134.999994268
0.373682007032,-0.366680099812,0.261144629433,-0.318667719202,0.392593227911,0.250403312848,135.00000006,134.999994268
0.373743263156,-0.365994878272,0.26109739836,-0.318010654409,0.392593227911,0.250403312848,135.00000006,134.999994268
0.373804477619,-0.365309679673,0.261050308929,-0.317353861622,0.392593227911,0.250403312848,135.00000006,134.999994268
0.373865649888,-0.36462450472,0.261003360894,-0.316697341605,0.392593227911,0.250403312848,135.00000006,134.999994268
0.37392677943,-0.36393935412,0.260956553998,-0.316041095125,0.392593227911,0.250403312848,135.00000006,134.999994268
0.373987865715,-0.363254228575,0.26090988798,-0.315385122951,0.392593227911,0.250403312848,135.00000006,134.999994268
0.374048908214,-0.362569128785,0.260863362596,-0.314729425832,0.392593227911,0.250403312848,135.00000006,134.999994268
0.374109906399,-0.361884055448,0.260816977598,-0.314074004516,0.392593227911,0.250403312848,135.00000006,134.999994268
0.374170859742,-0.361199009263,0.260770732741,-0.313418859745,0.392593227911,0.250403312848,135.00000006,134.999994268
0.374231767715,-0.360513990926,0.260724627779,-0.312763992256,0.392593227911,0.250403312848,135.00000006,134.999994268
0.374292629798,-0.359829001126,0.26067866246,-0.312109402788,0.392593227911,0.250403312848,135.00000006,134.999994268
0.374353445472,-0.35914404055,0.260632836524,-0.311455092082,0.392593227911,0.250403312848,135.00000006,134.999994268
0.374414214218,-0.358459109883,0.260587149718,-0.310801060868,0.392593227911,0.250403312848,135.00000006,134.999994268
0.374474935521,-0.357774209806,0.260541601795,-0.310147309867,0.392593227911,0.250403312848,135.00000006,134.999994268
0.374535608869,-0.357089340997,0.260496192509,-0.309493839796,0.392593227911,0.250403312848,135.00000006,134.999994268
0.374596233749,-0.356404504134,0.260450921612,-0.308840651366,0.392593227911,0.250403312848,135.00000006,134.999994268
0.374656809651,-0.355719699888,0.260405788858,-0.308187745287,0.392593227911,0.250403312848,135.00000006,134.999994268
0.374717336068,-0.355034928931,0.260360793993,-0.307535122267,0.392593227911,0.250403312848,135.00000006,134.999994268
0.374777812494,-0.35435019193,0.260315936756,-0.306882783015,0.392593227911,0.250403312848,135.00000006,134.999994268
0.374838238425,-0.353665489552,0.260271216897,-0.306230728231,0.392593227911,0.250403312848,135.00000006,134.999994268
0.374898613359,-0.352980822458,0.260226634166,-0.305578958607,0.392593227911,0.250403312848,135.00000006,134.999994268
0.374958936793,-0.352296191311,0.260182188317,-0.304927474827,0.392593227911,0.250403312848,135.00000006,134.999994268
0.375019208223,-0.351611596774,0.260137879102,-0.304276277575,0.392593227911,0.250403312848,135.00000006,134.999994268
0.375079427151,-0.350927039504,0.260093706273,-0.303625367527,0.392593227911,0.250403312848,135.00000006,134.999994268
0.375139593082,-0.350242520153,0.260049669581,-0.302974745357,0.392593227911,0.250403312848,135.00000006,134.999994268
0.375199705523,-0.349558039371,0.260005768768,-0.302324411745,0.392593227911,0.250403312848,135.00000006,134.999994268
0.375259763983,-0.348873597802,0.259962003574,-0.301674367363,0.392593227911,0.250403312848,135.00000006,134.999994268
0.375319767974,-0.348189196091,0.259918373752,-0.30102461287,0.392593227911,0.250403312848,135.00000006,134.999994268
0.37537971701,-0.347504834879,0.259874879053,-0.300375148924,0.392593227911,0.250403312848,135.00000006,134.999994268
0.375439610605,-0.346820514803,0.259831519231,-0.299725976174,0.392593227911,0.250403312848,135.00000006,134.999994268
0.375499448276,-0.346136236499,0.259788294036,-0.299077095268,0.392593227911,0.250403312848,135.00000006,134.999994268
0.375559229542,-0.345452000598,0.259745203219,-0.298428506847,0.392593227911,0.250403312848,135.00000006,134.999994268
0.375618953924,-0.344767807732,0.259702246534,-0.29778021155,0.392593227911,0.250403312848,135.00000006,134.999994268
0.375678620939,-0.344083658532,0.259659423721,-0.297132210019,0.392593227911,0.250403312848,135.00000006,134.999994268
0.375738230105,-0.343399553631,0.259616734522,-0.296484502891,0.392593227911,0.250403312848,135.00000006,134.999994268
0.37579778095,-0.342715493648,0.259574178687,-0.295837090791,0.392593227911,0.250403312848,135.00000006,134.999994268
0.375857273001,-0.342031479203,0.259531755968,-0.295189974339,0.392593227911,0.250403312848,135.00000006,134.999994268
0.37591670579,-0.34134751091,0.259489466118,-0.294543154151,0.392593227911,0.250403312848,135.00000006,134.999994268
0.375976078848,-0.340663589384,0.259447308886,-0.293896630838,0.392593227911,0.250403312848,135.00000006,134.999994268
0.376035391711,-0.339979715233,0.259405284026,-0.293250405005,0.392593227911,0.250403312848,135.00000006,134.999994268
0.376094643914,-0.339295889065,0.259363391287,-0.292604477256,0.392593227911,0.250403312848,135.00000006,134.999994268
0.376153834996,-0.338612111484,0.259321630421,-0.291958848187,0.392593227911,0.250403312848,135.00000006,134.999994268
0.376212964496,-0.337928383093,0.259280001173,-0.291313518398,0.392593227911,0.250403312848,135.00000006,134.999994268
0.376272031949,-0.337244704499,0.259238503283,-0.290668488486,0.392593227911,0.250403312848,135.00000006,134.999994268
0.376331036893,-0.336561076302,0.259197136502,-0.290023759036,0.392593227911,0.250403312848,135.00000006,134.999994268
0.376389978874,-0.335877499097,0.259155900581,-0.289379330628,0.392593227911,0.250403312848,135.00000006,134.999994268
0.376448857441,-0.335193973473,0.259114795273,-0.288735203835,0.392593227911,0.250403312848,135.00000006,134.999994268
0.376507672143,-0.334510500018,0.259073820327,-0.288091379229,0.392593227911,0.250403312848,135.00000006,134.999994268
0.376566422532,-0.333827079315,0.259032975496,-0.287447857374,0.392593227911,0.250403312848,135.00000006,134.999994268
0.376625108162,-0.333143711947,0.25899226053,-0.286804638832,0.392593227911,0.250403312848,135.00000006,134.999994268
0.376683728588,-0.332460398491,0.258951675182,-0.286161724159,0.392593227911,0.250403312848,135.00000006,134.999994268
0.376742283365,-0.331777139527,0.258911219202,-0.285519113907,0.392593227911,0.250403312848,135.00000006,134.999994268
0.376800772046,-0.331093935635,0.258870892341,-0.284876808625,0.392593227911,0.250403312848,135.00000006,134.999994268
0.376859194186,-0.330410787391,0.258830694341,-0.284234808863,0.392593227911,0.250403312848,135.00000006,134.999994268
0.37691754935,-0.329727695363,0.258790624948,-0.283593115164,0.392593227911,0.250403312848,135.00000006,134.999994268
0.376975837102,-0.329044660113,0.258750683913,-0.282951728061,0.392593227911,0.250403312848,135.00000006,134.999994268
0.377034057009,-0.328361682205,0.25871087099,-0.282310648084,0.392593227911,0.250403312848,135.00000006,134.999994268
0.377092208641,-0.327678762194,0.258671185928,-0.281669875755,0.392593227911,0.250403312848,135.00000006,134.999994268
0.37715029157,-0.326995900638,0.258631628481,-0.281029411595,0.392593227911,0.250403312848,135.00000006,134.999994268
0.377208305364,-0.32631309809,0.258592198399,-0.280389256119,0.392593227911,0.250403312848,135.00000006,134.999994268
0.377266249593,-0.325630355109,0.258552895435,-0.279749409836,0.392593227911,0.250403312848,135.00000006,134.999994268
0.377324123826,-0.32494767225,0.25851371934,-0.279109873252,0.392593227911,0.250403312848,135.00000006,134.999994268
0.377381927642,-0.324265050055,0.258474669866,-0.278470646867,0.392593227911,0.250403312848,135.00000006,134.999994268
0.377439660622,-0.323582489065,0.258435746765,-0.277831731178,0.392593227911,0.250403312848,135.00000006,134.999994268
0.377497322349,-0.322899989818,0.25839694979,-0.277193126677,0.392593227911,0.250403312848,135.00000006,134.999994268
0.377554912406,-0.322217552848,0.258358278692,-0.276554833849,0.392593227911,0.250403312848,135.00000006,134.999994268
0.377612430381,-0.321535178688,0.258319733216,-0.275916853183,0.392593227911,0.250403312848,135.00000006,134.999994268
0.377669875856,-0.320852867874,0.258281313111,-0.275279185162,0.392593227911,0.250403312848,135.00000006,134.999994268
0.377727248411,-0.320170620941,0.258243018127,-0.274641830257,0.392593227911,0.250403312848,135.00000006,134.999994268
0.377784547638,-0.319488438416,0.258204848018,-0.274004788937,0.392593227911,0.250403312848,135.00000006,134.999994268
0.37784177313,-0.318806320817,0.258166802536,-0.273368061665,0.392593227911,0.250403312848,135.00000006,134.999994268
0.377898924484,-0.318124268663,0.258128881434,-0.272731648899,0.392593227911,0.250403312848,135.00000006,134.999994268
0.377956001297,-0.317442282465,0.258091084465,-0.272095551092,0.392593227911,0.250403312848,135.00000006,134.999994268
0.378013003169,-0.316760362736,0.258053411382,-0.271459768693,0.392593227911,0.250403312848,135.00000006,134.999994268
0.378069929695,-0.316078509992,0.258015861938,-0.270824302146,0.392593227911,0.250403312848,135.00000006,134.999994268
0.37812678047,-0.315396724749,0.257978435885,-0.27018915189,0.392593227911,0.250403312848,135.00000006,134.999994268
0.378183555097,-0.314715007511,0.257941132978,-0.269554318361,0.392593227911,0.250403312848,135.00000006,134.999994268
0.378240253184,-0.314033358777,0.257903952969,-0.268919801987,0.392593227911,0.250403312848,135.00000006,134.999994268
0.37829687434,-0.313351779042,0.257866895611,-0.268285603194,0.392593227911,0.250403312848,135.00000006,134.999994268
0.378353418177,-0.312670268799,0.257829960657,-0.267651722403,0.392593227911,0.250403312848,135.00000006,134.999994268
0.378409884306,-0.311988828541,0.257793147856,-0.267018160034,0.392593227911,0.250403312848,135.00000006,134.999994268
0.378466272332,-0.311307458767,0.257756456959,-0.266384916499,0.392593227911,0.250403312848,135.00000006,134.999994268
0.378522581865,-0.310626159968,0.257719887718,-0.265751992208,0.392593227911,0.250403312848,135.00000006,134.999994268
0.378578812524,-0.309944932626,0.257683439883,-0.265119387564,0.392593227911,0.250403312848,135.00000006,134.999994268
0.378634963929,-0.309263777219,0.257647113204,-0.264487102966,0.392593227911,0.250403312848,135.00000006,134.999994268
0.378691035705,-0.30858269422,0.257610907435,-0.26385513881,0.392593227911,0.250403312848,135.00000006,134.999994268
0.378747027474,-0.307901684101,0.257574822325,-0.263223495483,0.392593227911,0.250403312848,135.00000006,134.999994268
0.378802938854,-0.307220747344,0.257538857623,-0.262592173375,0.392593227911,0.250403312848,135.00000006,134.999994268
0.378858769464,-0.306539884426,0.257503013078,-0.261961172867,0.392593227911,0.250403312848,135.00000006,134.999994268
0.378914518932,-0.305859095809,0.257467288444,-0.261330494334,0.392593227911,0.250403312848,135.00000006,134.999994268
0.378970186893,-0.305178381953,0.25743168347,-0.260700138147,0.392593227911,0.250403312848,135.00000006,134.999994268
0.379025772979,-0.304497743313,0.257396197912,-0.260070104669,0.392593227911,0.250403312848,135.00000006,134.999994268
0.379081276827,-0.303817180345,0.25736083152,-0.259440394262,0.392593227911,0.250403312848,135.00000006,134.999994268
0.379136698062,-0.303136693511,0.257325584048,-0.258811007281,0.392593227911,0.250403312848,135.00000006,134.999994268
0.379192036316,-0.30245628327,0.25729045525,-0.258181944075,0.392593227911,0.250403312848,135.00000006,134.999994268
0.37924729123,-0.301775950066,0.257255444877,-0.257553204991,0.392593227911,0.250403312848,135.00000006,134.999994268
0.379302462447,-0.30109569434,0.257220552684,-0.256924790369,0.392593227911,0.250403312848,135.00000006,134.999994268
0.379357549614,-0.300415516529,0.257185778425,-0.256296700545,0.392593227911,0.250403312848,135.00000006,134.999994268
0.379412552373,-0.299735417074,0.257151121853,-0.255668935849,0.392593227911,0.250403312848,135.00000006,134.999994268
0.37946747036,-0.299055396422,0.257116582722,-0.255041496608,0.392593227911,0.250403312848,135.00000006,134.999994268
0.379522303222,-0.298375455007,0.257082160787,-0.254414383143,0.392593227911,0.250403312848,135.00000006,134.999994268
0.379577050612,-0.297695593254,0.257047855802,-0.253787595769,0.392593227911,0.250403312848,135.00000006,134.999994268
0.379631712185,-0.297015811586,0.257013667522,-0.253161134797,0.392593227911,0.250403312848,135.00000006,134.999994268
0.379686287595,-0.296336110422,0.256979595701,-0.252535000534,0.392593227911,0.250403312848,135.00000006,134.999994268
0.379740776491,-0.295656490194,0.256945640096,-0.251909193282,0.392593227911,0.250403312848,135.00000006,134.999994268
0.379795178521,-0.294976951327,0.25691180046,-0.251283713335,0.392593227911,0.250403312848,135.00000006,134.999994268
0.379849493349,-0.294297494231,0.256878076551,-0.250658560986,0.392593227911,0.250403312848,135.00000006,134.999994268
0.379903720638,-0.293618119313,0.256844468124,-0.250033736521,0.392593227911,0.250403312848,135.00000006,134.999994268
0.379957860054,-0.292938826975,0.256810974935,-0.249409240221,0.392593227911,0.250403312848,135.00000006,134.999994268
0.380011911255,-0.292259617631,0.25677759674,-0.248785072362,0.392593227911,0.250403312848,135.00000006,134.999994268
0.380065873897,-0.291580491695,0.256744333297,-0.248161233216,0.392593227911,0.250403312848,135.00000006,134.999994268
0.380119747652,-0.29090144956,0.256711184362,-0.24753772305,0.392593227911,0.250403312848,135.00000006,134.999994268
0.380173532192,-0.290222491619,0.256678149691,-0.246914542124,0.392593227911,0.250403312848,135.00000006,134.999994268
0.380227227194,-0.289543618258,0.256645229044,-0.246291690695,0.392593227911,0.250403312848,135.00000006,134.999994268
0.380280832321,-0.288864829877,0.256612422177,-0.245669169014,0.392593227911,0.250403312848,135.00000006,134.999994268
0.380334347242,-0.288186126872,0.256579728848,-0.245046977328,0.392593227911,0.250403312848,135.00000006,134.999994268
0.380387771636,-0.287507509624,0.256547148816,-0.244425115878,0.392593227911,0.250403312848,135.00000006,134.999994268
0.380441105184,-0.286828978506,0.25651468184,-0.243803584899,0.392593227911,0.250403312848,135.00000006,134.999994268
0.380494347571,-0.286150533893,0.256482327678,-0.243182384624,0.392593227911,0.250403312848,135.00000006,134.999994268
0.380547498469,-0.285472176168,0.256450086089,-0.242561515278,0.392593227911,0.250403312848,135.00000006,134.999994268
0.380600557555,-0.284793905714,0.256417956833,-0.241940977083,0.392593227911,0.250403312848,135.00000006,134.999994268
0.380653524519,-0.284115722893,0.256385939668,-0.241320770255,0.392593227911,0.250403312848,135.00000006,134.999994268
0.380706399052,-0.283437628063,0.256354034353,-0.240700895009,0.392593227911,0.250403312848,135.00000006,134.999994268
0.380759180842,-0.282759621586,0.256322240643,-0.240081351553,0.392593227911,0.250403312848,135.00000006,134.999994268
0.380811869571,-0.282081703834,0.256290558299,-0.23946214009,0.392593227911,0.250403312848,135.00000006,134.999994268
0.380864464929,-0.281403875166,0.256258987083,-0.238843260814,0.392593227911,0.250403312848,135.00000006,134.999994268
0.380916966614,-0.280726135928,0.256227526755,-0.238224713918,0.392593227911,0.250403312848,135.00000006,134.999994268
0.380969374326,-0.280048486464,0.256196177076,-0.237606499586,0.392593227911,0.250403312848,135.00000006,134.999994268
0.381021687757,-0.279370927127,0.256164937808,-0.236988618001,0.392593227911,0.250403312848,135.00000006,134.999994268
0.381073906597,-0.278693458275,0.256133808714,-0.236371069337,0.392593227911,0.250403312848,135.00000006,134.999994268
0.381126030549,-0.278016080242,0.256102789555,-0.235753853765,0.392593227911,0.250403312848,135.00000006,134.999994268
0.381178059323,-0.277338793358,0.256071880094,-0.235136971451,0.392593227911,0.250403312848,135.00000006,134.999994268
0.38122999262,-0.276661597959,0.256041080094,-0.234520422555,0.392593227911,0.250403312848,135.00000006,134.999994268
0.381281830139,-0.275984494388,0.256010389318,-0.233904207232,0.392593227911,0.250403312848,135.00000006,134.999994268
0.381333571584,-0.275307482975,0.255979807531,-0.233288325632,0.392593227911,0.250403312848,135.00000006,134.999994268
0.381385216671,-0.274630564038,0.255949334497,-0.2326727779,0.392593227911,0.250403312848,135.00000006,134.999994268
0.381436765113,-0.273953737893,0.25591896998,-0.232057564175,0.392593227911,0.250403312848,135.00000006,134.999994268
0.381488216615,-0.273277004873,0.255888713745,-0.231442684593,0.392593227911,0.250403312848,135.00000006,134.999994268
0.381539570885,-0.272600365299,0.255858565557,-0.230828139282,0.392593227911,0.250403312848,135.00000006,134.999994268
0.381590827645,-0.271923819478,0.255828525182,-0.230213928366,0.392593227911,0.250403312848,135.00000006,134.999994268
0.381641986618,-0.271247367708,0.255798592387,-0.229600051965,0.392593227911,0.250403312848,135.00000006,134.999994268
0.381693047516,-0.27057101031,0.255768766937,-0.228986510192,0.392593227911,0.250403312848,135.00000006,134.999994268
0.38174401005,-0.269894747597,0.255739048592,-0.228373303164,0.392593227911,0.250403312848,135.00000006,134.999994268
0.381794873949,-0.269218579862,0.255709437112,-0.227760430992,0.392593227911,0.250403312848,135.00000006,134.999994268
0.381845638945,-0.268542507392,0.255679932264,-0.227147893777,0.392593227911,0.250403312848,135.00000006,134.999994268
0.381896304755,-0.267866530491,0.255650533815,-0.226535691611,0.392593227911,0.250403312848,135.00000006,134.999994268
0.381946871098,-0.267190649463,0.255621241533,-0.225923824583,0.392593227911,0.250403312848,135.00000006,134.999994268
0.38199733771,-0.266514864587,0.255592055187,-0.225312292776,0.392593227911,0.250403312848,135.00000006,134.999994268
0.382047704327,-0.265839176137,0.255562974546,-0.224701096268,0.392593227911,0.250403312848,135.00000006,134.999994268
0.382097970674,-0.265163584408,0.25553399938,-0.22409023513,0.392593227911,0.250403312848,135.00000006,134.999994268
0.382148136477,-0.26448808969,0.255505129457,-0.223479709431,0.392593227911,0.250403312848,135.00000006,134.999994268
0.382198201478,-0.263812692247,0.25547636455,-0.222869519232,0.392593227911,0.250403312848,135.00000006,134.999994268
0.382248165419,-0.263137392345,0.255447704428,-0.222259664589,0.392593227911,0.250403312848,135.00000006,134.999994268
0.382298028031,-0.262462190265,0.255419148862,-0.221650145554,0.392593227911,0.250403312848,135.00000006,134.999994268
0.382347789048,-0.261787086282,0.255390697621,-0.221040962178,0.392593227911,0.250403312848,135.00000006,134.999994268
0.382397448219,-0.261112080649,0.255362350466,-0.220432114513,0.392593227911,0.250403312848,135.00000006,134.999994268
0.382447005291,-0.260437173621,0.255334107163,-0.219823602604,0.392593227911,0.250403312848,135.00000006,134.999994268
0.382496459999,-0.259762365467,0.255305967483,-0.219215426482,0.392593227911,0.250403312848,135.00000006,134.999994268
0.382545812088,-0.259087656447,0.255277931201,-0.218607586171,0.392593227911,0.250403312848,135.00000006,134.999994268
0.382595061314,-0.258413046798,0.25524999809,-0.218000081692,0.392593227911,0.250403312848,135.00000006,134.999994268
0.382644207425,-0.257738536771,0.255222167924,-0.21739291306,0.392593227911,0.250403312848,135.00000006,134.999994268
0.382693250163,-0.257064126622,0.255194440478,-0.216786080285,0.392593227911,0.250403312848,135.00000006,134.999994268
0.382742189285,-0.256389816591,0.255166815527,-0.216179583369,0.392593227911,0.250403312848,135.00000006,134.999994268
0.382791024552,-0.255715606902,0.255139292846,-0.215573422313,0.392593227911,0.250403312848,135.00000006,134.999994268
0.382839755713,-0.255041497803,0.255111872207,-0.214967597116,0.392593227911,0.250403312848,135.00000006,134.999994268
0.382888382518,-0.254367489537,0.255084553372,-0.214362107783,0.392593227911,0.250403312848,135.00000006,134.999994268
0.382936904734,-0.253693582322,0.255057336112,-0.213756954305,0.392593227911,0.250403312848,135.00000006,134.999994268
0.382985322123,-0.25301977638,0.255030220202,-0.21315213666,0.392593227911,0.250403312848,135.00000006,134.999994268
0.383033634439,-0.252346071946,0.255003205422,-0.212547654821,0.392593227911,0.250403312848,135.00000006,134.999994268
0.383081841446,-0.251672469241,0.254976291549,-0.211943508755,0.392593227911,0.250403312848,135.00000006,134.999994268
0.383129942918,-0.250998968467,0.254949478363,-0.211339698424,0.392593227911,0.250403312848,135.00000006,134.999994268
0.383177938616,-0.250325569848,0.254922765644,-0.210736223784,0.392593227911,0.250403312848,135.00000006,134.999994268
0.383225828298,-0.249652273608,0.25489615317,-0.210133084787,0.392593227911,0.250403312848,135.00000006,134.999994268
0.383273611743,-0.24897907994,0.254869640708,-0.209530281395,0.392593227911,0.250403312848,135.00000006,134.999994268
0.383321288724,-0.248305989047,0.254843228022,-0.20892781357,0.392593227911,0.250403312848,135.00000006,134.999994268
0.383368859006,-0.247633001143,0.254816914895,-0.208325681246,0.392593227911,0.250403312848,135.00000006,134.999994268
0.383416322363,-0.246960116423,0.254790701107,-0.207723884353,0.392593227911,0.250403312848,135.00000006,134.999994268
0.383463678579,-0.246287335071,0.254764586442,-0.207122422816,0.392593227911,0.250403312848,135.00000006,134.999994268
0.383510927424,-0.245614657292,0.254738570683,-0.206521296553,0.392593227911,0.250403312848,135.00000006,134.999994268
0.383558068671,-0.244942083281,0.254712653613,-0.205920505479,0.392593227911,0.250403312848,135.00000006,134.999994268
0.38360510211,-0.244269613207,0.254686835007,-0.205320049512,0.392593227911,0.250403312848,135.00000006,134.999994268
0.38365202752,-0.243597247262,0.254661114632,-0.204719928578,0.392593227911,0.250403312848,135.00000006,134.999994268
0.383698844674,-0.242924985636,0.254635492265,-0.204120142585,0.392593227911,0.250403312848,135.00000006,134.999994268
0.383745553366,-0.242252828494,0.254609967692,-0.203520691425,0.392593227911,0.250403312848,135.00000006,134.999994268
0.383792153381,-0.241580776009,0.2545845407,-0.202921574984,0.392593227911,0.250403312848,135.00000006,134.999994268
0.383838644499,-0.240908828363,0.254559211074,-0.202322793145,0.392593227911,0.250403312848,135.00000006,134.999994268
0.383885026514,-0.240236985717,0.254533978603,-0.201724345782,0.392593227911,0.250403312848,135.00000006,134.999994268
0.383931299218,-0.239565248229,0.25450884306,-0.201126232786,0.392593227911,0.250403312848,135.00000006,134.999994268
0.383977462397,-0.238893616073,0.254483804213,-0.200528454046,0.392593227911,0.250403312848,135.00000006,134.999994268
0.384023515843,-0.238222089407,0.254458861848,-0.199931009428,0.392593227911,0.250403312848,135.00000006,134.999994268
0.384069459359,-0.237550668372,0.254434015753,-0.199333898787,0.392593227911,0.250403312848,135.00000006,134.999994268
0.384115292733,-0.236879353134,0.254409265719,-0.198737121972,0.392593227911,0.250403312848,135.00000006,134.999994268
0.384161015759,-0.236208143845,0.254384611539,-0.198140678824,0.392593227911,0.250403312848,135.00000006,134.999994268
0.384206628247,-0.235537040636,0.25436005299,-0.197544569199,0.392593227911,0.250403312848,135.00000006,134.999994268
0.384252129988,-0.234866043661,0.254335589844,-0.196948792955,0.392593227911,0.250403312848,135.00000006,134.999994268
0.384297520781,-0.234195153066,0.254311221883,-0.196353349934,0.392593227911,0.250403312848,135.00000006,134.999994268
0.384342800439,-0.233524368971,0.254286948902,-0.195758239956,0.392593227911,0.250403312848,135.00000006,134.999994268
0.384387968758,-0.23285369152,0.254262770693,-0.195163462838,0.392593227911,0.250403312848,135.00000006,134.999994268
0.384433025541,-0.232183120853,0.254238687053,-0.19456901839,0.392593227911,0.250403312848,135.00000006,134.999994268
0.384477970605,-0.231512657078,0.254214697758,-0.19397490644,0.392593227911,0.250403312848,135.00000006,134.999994268
0.384522803751,-0.23084230033,0.254190802581,-0.19338112682,0.392593227911,0.250403312848,135.00000006,134.999994268
0.384567524785,-0.230172050741,0.254167001312,-0.192787679332,0.392593227911,0.250403312848,135.00000006,134.999994268
0.384612133529,-0.229501908408,0.254143293749,-0.192194563763,0.392593227911,0.250403312848,135.00000006,134.999994268
0.384656629788,-0.228831873459,0.25411967969,-0.191601779897,0.392593227911,0.250403312848,135.00000006,134.999994268
0.384701013371,-0.228161946014,0.254096158925,-0.191009327523,0.392593227911,0.250403312848,135.00000006,134.999994268
0.384745284105,-0.227492126164,0.254072731228,-0.190417206446,0.392593227911,0.250403312848,135.00000006,134.999994268
0.384789441799,-0.226822414027,0.254049396382,-0.189825416457,0.392593227911,0.250403312848,135.00000006,134.999994268
0.384833486267,-0.22615280971,0.254026154187,-0.189233957316,0.392593227911,0.250403312848,135.00000006,134.999994268
0.384877417338,-0.225483313299,0.254003004444,-0.188642828779,0.392593227911,0.250403312848,135.00000006,134.999994268
0.384921234825,-0.224813924903,0.253979946951,-0.188052030603,0.392593227911,0.250403312848,135.00000006,134.999994268
0.384964938551,-0.224144644615,0.253956981482,-0.187461562569,0.392593227911,0.250403312848,135.00000006,134.999994268
0.385008528342,-0.223475472517,0.253934107819,-0.186871424447,0.392593227911,0.250403312848,135.00000006,134.999994268
0.385052004018,-0.22280640871,0.253911325766,-0.186281615969,0.392593227911,0.250403312848,135.00000006,134.999994268
0.385095365407,-0.222137453268,0.253888635128,-0.185692136864,0.392593227911,0.250403312848,135.00000006,134.999994268
0.385138612339,-0.221468606274,0.253866035701,-0.185102986866,0.392593227911,0.250403312848,135.00000006,134.999994268
0.385181744634,-0.220799867818,0.253843527262,-0.184514165732,0.392593227911,0.250403312848,135.00000006,134.999994268
0.385224762132,-0.220131237958,0.253821109599,-0.1839256732,0.392593227911,0.250403312848,135.00000006,134.999994268
0.385267664658,-0.219462716775,0.253798782518,-0.183337508976,0.392593227911,0.250403312848,135.00000006,134.999994268
0.385310452038,-0.218794304352,0.253776545829,-0.18274967276,0.392593227911,0.250403312848,135.00000006,134.999994268
0.385353124118,-0.218126000734,0.253754399319,-0.182162164274,0.392593227911,0.250403312848,135.00000006,134.999994268
0.385395680724,-0.217457805997,0.253732342769,-0.18157498325,0.392593227911,0.250403312848,135.00000006,134.999994268
0.385438121692,-0.216789720203,0.253710375978,-0.180988129386,0.392593227911,0.250403312848,135.00000006,134.999994268
0.385480446864,-0.2161217434,0.253688498758,-0.18040160236,0.392593227911,0.250403312848,135.00000006,134.999994268
0.385522656073,-0.215453875654,0.253666710914,-0.179815401851,0.392593227911,0.250403312848,135.00000006,134.999994268
0.385564749164,-0.214786117005,0.253645012227,-0.179229527573,0.392593227911,0.250403312848,135.00000006,134.999994268
0.385606725977,-0.214118467505,0.253623402484,-0.178643979223,0.392593227911,0.250403312848,135.00000006,134.999994268
0.385648586347,-0.213450927211,0.253601881499,-0.178058756456,0.392593227911,0.250403312848,135.00000006,134.999994268
0.385690330128,-0.212783496148,0.25358044909,-0.177473858921,0.392593227911,0.250403312848,135.00000006,134.999994268
0.385731957157,-0.212116174365,0.253559105039,-0.176889286306,0.392593227911,0.250403312848,135.00000006,134.999994268
0.385773467281,-0.211448961902,0.253537849129,-0.176305038299,0.392593227911,0.250403312848,135.00000006,134.999994268
0.385814860351,-0.210781858782,0.253516681176,-0.175721114536,0.392593227911,0.250403312848,135.00000006,134.999994268
0.385856136208,-0.210114865048,0.253495600997,-0.175137514644,0.392593227911,0.250403312848,135.00000006,134.999994268
0.385897294712,-0.20944798071,0.253474608385,-0.174554238284,0.392593227911,0.250403312848,135.00000006,134.999994268
0.385938335707,-0.208781205804,0.253453703123,-0.173971285123,0.392593227911,0.250403312848,135.00000006,134.999994268
0.38597925904,-0.208114540359,0.253432885024,-0.173388654784,0.392593227911,0.250403312848,135.00000006,134.999994268
0.386020064573,-0.207447984381,0.25341215391,-0.172806346868,0.392593227911,0.250403312848,135.00000006,134.999994268
0.386060752153,-0.206781537894,0.253391509574,-0.172224361019,0.392593227911,0.250403312848,135.00000006,134.999994268
0.386101321645,-0.206115200897,0.253370951802,-0.171642696883,0.392593227911,0.250403312848,135.00000006,134.999994268
0.386141772899,-0.205448973408,0.25335048041,-0.17106135406,0.392593227911,0.250403312848,135.00000006,134.999994268
0.386182105767,-0.204782855445,0.253330095224,-0.170480332129,0.392593227911,0.250403312848,135.00000006,134.999994268
0.386222320118,-0.204116846995,0.253309796034,-0.16989963072,0.392593227911,0.250403312848,135.00000006,134.999994268
0.386262415805,-0.20345094807,0.253289582626,-0.169319249461,0.392593227911,0.250403312848,135.00000006,134.999994268
0.386302392698,-0.202785158653,0.253269454826,-0.16873918792,0.392593227911,0.250403312848,135.00000006,134.999994268
0.386342250653,-0.202119478747,0.253249412456,-0.168159445665,0.392593227911,0.250403312848,135.00000006,134.999994268
0.386381989529,-0.201453908356,0.253229455304,-0.16758002231,0.392593227911,0.250403312848,135.00000006,134.999994268
0.386421609198,-0.200788447453,0.253209583167,-0.167000917453,0.392593227911,0.250403312848,135.00000006,134.999994268
0.38646110952,-0.200123096034,0.253189795876,-0.166422130633,0.392593227911,0.250403312848,135.00000006,134.999994268
0.38650049037,-0.199457854068,0.253170093242,-0.16584366142,0.392593227911,0.250403312848,135.00000006,134.999994268
0.38653975161,-0.198792721546,0.253150475055,-0.165265509407,0.392593227911,0.250403312848,135.00000006,134.999994268
0.386578893108,-0.198127698445,0.253130941128,-0.164687674149,0.392593227911,0.250403312848,135.00000006,134.999994268
0.386617914738,-0.197462784735,0.253111491298,-0.164110155162,0.392593227911,0.250403312848,135.00000006,134.999994268
0.386656816367,-0.196797980396,0.253092125357,-0.163532952023,0.392593227911,0.250403312848,135.00000006,134.999994268
0.386695597871,-0.196133285384,0.253072843097,-0.162956064309,0.392593227911,0.250403312848,135.00000006,134.999994268
0.386734259122,-0.195468699674,0.253053644356,-0.162379491519,0.392593227911,0.250403312848,135.00000006,134.999994268
0.386772799998,-0.194804223216,0.253034528949,-0.161803233183,0.392593227911,0.250403312848,135.00000006,134.999994268
0.386811220372,-0.194139855978,0.253015496669,-0.161227288863,0.392593227911,0.250403312848,135.00000006,134.999994268
0.386849520116,-0.193475597923,0.252996547336,-0.160651658073,0.392593227911,0.250403312848,135.00000006,134.999994268
0.386887699113,-0.192811448997,0.252977680786,-0.160076340302,0.392593227911,0.250403312848,135.00000006,134.999994268
0.386925757238,-0.192147409158,0.252958896811,-0.159501335093,0.392593227911,0.250403312848,135.00000006,134.999994268
0.386963694375,-0.191483478344,0.252940195218,-0.158926641976,0.392593227911,0.250403312848,135.00000006,134.999994268
0.387001510402,-0.190819656508,0.252921575851,-0.158352260407,0.392593227911,0.250403312848,135.00000006,134.999994268
0.387039205206,-0.190155943581,0.252903038513,-0.157778189906,0.392593227911,0.250403312848,135.00000006,134.999994268
0.387076778665,-0.189492339512,0.252884583001,-0.157204430001,0.392593227911,0.250403312848,135.00000006,134.999994268
0.387114230664,-0.188828844235,0.252866209158,-0.156630980139,0.392593227911,0.250403312848,135.00000006,134.999994268
0.387151561089,-0.188165457684,0.2528479168,-0.156057839809,0.392593227911,0.250403312848,135.00000006,134.999994268
0.387188769822,-0.187502179796,0.252829705725,-0.155485008522,0.392593227911,0.250403312848,135.00000006,134.999994268
0.387225856755,-0.18683901049,0.252811575768,-0.154912485729,0.392593227911,0.250403312848,135.00000006,134.999994268
0.387262821771,-0.186175949698,0.252793526754,-0.154340270887,0.392593227911,0.250403312848,135.00000006,134.999994268
0.387299664765,-0.185512997335,0.252775558483,-0.153768363494,0.392593227911,0.250403312848,135.00000006,134.999994268
0.387336385623,-0.184850153326,0.252757670786,-0.153196762996,0.392593227911,0.250403312848,135.00000006,134.999994268
0.38737298424,-0.184187417579,0.252739863493,-0.152625468828,0.392593227911,0.250403312848,135.00000006,134.999994268
0.387409460504,-0.183524790016,0.252722136409,-0.152054480473,0.392593227911,0.250403312848,135.00000006,134.999994268
0.387445814313,-0.182862270539,0.252704489358,-0.151483797366,0.392593227911,0.250403312848,135.00000006,134.999994268
0.387482045558,-0.182199859062,0.252686922179,-0.150913418926,0.392593227911,0.250403312848,135.00000006,134.999994268
0.387518154131,-0.181537555495,0.252669434674,-0.150343344619,0.392593227911,0.250403312848,135.00000006,134.999994268
0.38755413993,-0.180875359736,0.252652026672,-0.149773573867,0.392593227911,0.250403312848,135.00000006,134.999994268
0.387590002851,-0.180213271689,0.25263469801,-0.149204106075,0.392593227911,0.250403312848,135.00000006,134.999994268
0.387625742793,-0.179551291245,0.252617448494,-0.148634940695,0.392593227911,0.250403312848,135.00000006,134.999994268
0.387661359654,-0.178889418303,0.252600277957,-0.14806607713,0.392593227911,0.250403312848,135.00000006,134.999994268
0.387696853335,-0.178227652748,0.252583186232,-0.147497514775,0.392593227911,0.250403312848,135.00000006,134.999994268
0.387732223735,-0.177565994474,0.252566173127,-0.146929253069,0.392593227911,0.250403312848,135.00000006,134.999994268
0.387767470759,-0.176904443362,0.252549238485,-0.146361291388,0.392593227911,0.250403312848,135.00000006,134.999994268
0.387802594305,-0.176242999298,0.252532382132,-0.145793629127,0.392593227911,0.250403312848,135.00000006,134.999994268
0.387837594281,-0.175581662158,0.252515603877,-0.14522626571,0.392593227911,0.250403312848,135.00000006,134.999994268
0.387872470588,-0.174920431823,0.252498903575,-0.144659200478,0.392593227911,0.250403312848,135.00000006,134.999994268
0.387907223134,-0.174259308164,0.252482281043,-0.144092432833,0.392593227911,0.250403312848,135.00000006,134.999994268
0.387941851823,-0.173598291056,0.252465736092,-0.143525962186,0.392593227911,0.250403312848,135.00000006,134.999994268
0.387976356564,-0.172937380366,0.252449268584,-0.142959787853,0.392593227911,0.250403312848,135.00000006,134.999994268
0.388010737263,-0.172276575962,0.25243287833,-0.142393909233,0.392593227911,0.250403312848,135.00000006,134.999994268
0.38804499383,-0.171615877705,0.252416565153,-0.141828325704,0.392593227911,0.250403312848,135.00000006,134.999994268
0.388079126175,-0.170955285458,0.252400328906,-0.141263036587,0.392593227911,0.250403312848,135.00000006,134.999994268
0.388113134207,-0.170294799078,0.252384169401,-0.140698041268,0.392593227911,0.250403312848,135.00000006,134.999994268
0.38814701784,-0.169634418422,0.252368086486,-0.140133339072,0.392593227911,0.250403312848,135.00000006,134.999994268
0.388180776984,-0.168974143342,0.25235207999,-0.139568929345,0.392593227911,0.250403312848,135.00000006,134.999994268
0.388214411553,-0.168313973687,0.252336149732,-0.139004811458,0.392593227911,0.250403312848,135.00000006,134.999994268
0.388247921461,-0.167653909306,0.252320295572,-0.138440984693,0.392593227911,0.250403312848,135.00000006,134.999994268
0.388281306622,-0.166993950044,0.252304517328,-0.137877448413,0.392593227911,0.250403312848,135.00000006,134.999994268
0.388314566953,-0.166334095741,0.252288814829,-0.137314201953,0.392593227911,0.250403312848,135.00000006,134.999994268
0.388347702371,-0.165674346238,0.252273187927,-0.136751244605,0.392593227911,0.250403312848,135.00000006,134.999994268
0.388380712791,-0.165014701371,0.252257636441,-0.136188575715,0.392593227911,0.250403312848,135.00000006,134.999994268
0.388413598134,-0.164355160975,0.252242160233,-0.135626194546,0.392593227911,0.250403312848,135.00000006,134.999994268
0.388446358317,-0.16369572488,0.252226759125,-0.135064100434,0.392593227911,0.250403312848,135.00000006,134.999994268
0.38847899326,-0.163036392915,0.252211432939,-0.134502292712,0.392593227911,0.250403312848,135.00000006,134.999994268
0.388511502885,-0.162377164907,0.252196181537,-0.13394077063,0.392593227911,0.250403312848,135.00000006,134.999994268
0.388543887112,-0.161718040677,0.252181004742,-0.133379533512,0.392593227911,0.250403312848,135.00000006,134.999994268
0.388576145864,-0.16105902005,0.252165902417,-0.1328185806,0.392593227911,0.250403312848,135.00000006,134.999994268
0.388608279065,-0.160400102838,0.252150874386,-0.132257911207,0.392593227911,0.250403312848,135.00000006,134.999994268
0.388640286637,-0.159741288862,0.252135920476,-0.131697524639,0.392593227911,0.250403312848,135.00000006,134.999994268
0.388672168507,-0.159082577929,0.252121040549,-0.131137420129,0.392593227911,0.250403312848,135.00000006,134.999994268
0.388703924599,-0.158423969856,0.252106234432,-0.130577596975,0.392593227911,0.250403312848,135.00000006,134.999994268
0.38873555484,-0.157765464442,0.252091501988,-0.130018054402,0.392593227911,0.250403312848,135.00000006,134.999994268
0.388767059155,-0.1571070615,0.252076843045,-0.129458791697,0.392593227911,0.250403312848,135.00000006,134.999994268
0.388798437476,-0.156448760824,0.252062257446,-0.128899808118,0.392593227911,0.250403312848,135.00000006,134.999994268
0.388829689728,-0.155790562222,0.252047745041,-0.128341102902,0.392593227911,0.250403312848,135.00000006,134.999994268
0.388860815844,-0.155132465481,0.252033305662,-0.127782675323,0.392593227911,0.250403312848,135.00000006,134.999994268
0.38889181575,-0.154474470404,0.252018939171,-0.127224524587,0.392593227911,0.250403312848,135.00000006,134.999994268
0.388922689381,-0.153816576774,0.252004645401,-0.126666649957,0.392593227911,0.250403312848,135.00000006,134.999994268
0.388953436666,-0.153158784389,0.251990424215,-0.126109050631,0.392593227911,0.250403312848,135.00000006,134.999994268
0.388984057536,-0.152501093037,0.251976275448,-0.125551725863,0.392593227911,0.250403312848,135.00000006,134.999994268
0.389014551925,-0.151843502499,0.251962198943,-0.124994674883,0.392593227911,0.250403312848,135.00000006,134.999994268
0.389044919763,-0.151186012566,0.251948194556,-0.124437896896,0.392593227911,0.250403312848,135.00000006,134.999994268
0.389075160989,-0.150528623007,0.251934262124,-0.123881391139,0.392593227911,0.250403312848,135.00000006,134.999994268
0.389105275535,-0.149871333609,0.25192040151,-0.123325156795,0.392593227911,0.250403312848,135.00000006,134.999994268
0.389135263341,-0.149214144133,0.251906612552,-0.122769193091,0.392593227911,0.250403312848,135.00000006,134.999994268
0.38916512434,-0.148557054361,0.251892895115,-0.122213499201,0.392593227911,0.250403312848,135.00000006,134.999994268
0.389194858474,-0.14790006405,0.251879249039,-0.121658074342,0.392593227911,0.250403312848,135.00000006,134.999994268
0.389224465676,-0.147243172977,0.251865674187,-0.121102917683,0.392593227911,0.250403312848,135.00000006,134.999994268
0.389253945891,-0.146586380894,0.251852170402,-0.120548028431,0.392593227911,0.250403312848,135.00000006,134.999994268
0.389283299053,-0.145929687574,0.251838737534,-0.119993405773,0.392593227911,0.250403312848,135.00000006,134.999994268
0.389312525098,-0.145273092787,0.251825375441,-0.119439048881,0.392593227911,0.250403312848,135.00000006,134.999994268
0.389341623973,-0.144616596275,0.251812083967,-0.118884956947,0.392593227911,0.250403312848,135.00000006,134.999994268
0.389370595613,-0.143960197807,0.251798862977,-0.118331129122,0.392593227911,0.250403312848,135.00000006,134.999994268
0.389399439969,-0.143303897114,0.251785712317,-0.117777564586,0.392593227911,0.250403312848,135.00000006,134.999994268
0.389428156976,-0.142647693963,0.251772631853,-0.117224262484,0.392593227911,0.250403312848,135.00000006,134.999994268
0.389456746586,-0.141991588078,0.251759621433,-0.116671221988,0.392593227911,0.250403312848,135.00000006,134.999994268
0.389485208738,-0.141335579221,0.25174668092,-0.116118442236,0.392593227911,0.250403312848,135.00000006,134.999994268
0.389513543371,-0.140679667144,0.251733810167,-0.115565922387,0.392593227911,0.250403312848,135.00000006,134.999994268
0.389541750437,-0.140023851572,0.251721009037,-0.115013661575,0.392593227911,0.250403312848,135.00000006,134.999994268
0.389569829876,-0.139368132259,0.251708277383,-0.114461658949,0.392593227911,0.250403312848,135.00000006,134.999994268
0.389597781642,-0.138712508916,0.25169561507,-0.113909913635,0.392593227911,0.250403312848,135.00000006,134.999994268
0.389625605677,-0.138056981294,0.251683021953,-0.113358424773,0.392593227911,0.250403312848,135.00000006,134.999994268
0.389653301935,-0.137401549103,0.251670497895,-0.112807191483,0.392593227911,0.250403312848,135.00000006,134.999994268
0.38968087036,-0.136746212085,0.251658042754,-0.112256212894,0.392593227911,0.250403312848,135.00000006,134.999994268
0.389708310893,-0.136090969985,0.251645656395,-0.11170548812,0.392593227911,0.250403312848,135.00000006,134.999994268
0.389735623496,-0.135435822497,0.251633338677,-0.11115501628,0.392593227911,0.250403312848,135.00000006,134.999994268
0.389762808109,-0.134780769364,0.251621089463,-0.11060479648,0.392593227911,0.250403312848,135.00000006,134.999994268
0.389789864696,-0.134125810273,0.251608908617,-0.11005482783,0.392593227911,0.250403312848,135.00000006,134.999994268
0.389816793199,-0.133470944962,0.251596796001,-0.109505109431,0.392593227911,0.250403312848,135.00000006,134.999994268
0.389843593565,-0.13281617316,0.25158475148,-0.108955640381,0.392593227911,0.250403312848,135.00000006,134.999994268
0.389870265757,-0.132161494552,0.251572774919,-0.108406419776,0.392593227911,0.250403312848,135.00000006,134.999994268
0.389896809718,-0.131506908873,0.251560866184,-0.107857446702,0.392593227911,0.250403312848,135.00000006,134.999994268
0.389923225415,-0.130852415791,0.251549025139,-0.10730872025,0.392593227911,0.250403312848,135.00000006,134.999994268
0.389949512794,-0.130198015038,0.251537251652,-0.106760239495,0.392593227911,0.250403312848,135.00000006,134.999994268
0.389975671804,-0.129543706331,0.25152554559,-0.106212003521,0.392593227911,0.250403312848,135.00000006,134.999994268
0.390001702411,-0.128889489341,0.251513906822,-0.105664011394,0.392593227911,0.250403312848,135.00000006,134.999994268
0.39002760456,-0.128235363792,0.251502335214,-0.105116262192,0.392593227911,0.250403312848,135.00000006,134.999994268
0.390053378224,-0.127581329341,0.251490830638,-0.104568754969,0.392593227911,0.250403312848,135.00000006,134.999994268
0.390079023348,-0.126927385705,0.251479392961,-0.104021488798,0.392593227911,0.250403312848,135.00000006,134.999994268
0.390104539883,-0.126273532606,0.251468022058,-0.10347446272,0.392593227911,0.250403312848,135.00000006,134.999994268
0.390129927801,-0.125619769684,0.251456717795,-0.102927675805,0.392593227911,0.250403312848,135.00000006,134.999994268
0.390155187051,-0.124966096658,0.251445480049,-0.102381127081,0.392593227911,0.250403312848,135.00000006,134.999994268
0.390180317597,-0.124312513195,0.251434308687,-0.101834815613,0.392593227911,0.250403312848,135.00000006,134.999994268
0.3902053194,-0.123659018974,0.251423203591,-0.101288740416,0.392593227911,0.250403312848,135.00000006,134.999994268
0.39023019241,-0.123005613709,0.251412164625,-0.100742900551,0.392593227911,0.250403312848,135.00000006,134.999994268
0.390254936606,-0.122352297021,0.251401191674,-0.100197295021,0.392593227911,0.250403312848,135.00000006,134.999994268
0.390279551936,-0.121699068621,0.251390284603,-0.0996519228805,0.392593227911,0.250403312848,135.00000006,134.999994268
0.390304038355,-0.121045928209,0.251379443294,-0.0991067831371,0.392593227911,0.250403312848,135.00000006,134.999994268
0.390328395841,-0.120392875405,0.251368667619,-0.0985618748247,0.392593227911,0.250403312848,135.00000006,134.999994268
0.390352624345,-0.119739909915,0.251357957441,-0.0980171969898,0.392593227911,0.250403312848,135.00000006,134.999994268
0.390376723834,-0.119087031394,0.251347312653,-0.0974727486092,0.392593227911,0.250403312848,135.00000006,134.999994268
0.390400694277,-0.118434239492,0.251336733119,-0.0969285287254,0.392593227911,0.250403312848,135.00000006,134.999994268
0.390424535626,-0.11778153391,0.251326218735,-0.0963845363012,0.392593227911,0.250403312848,135.00000006,134.999994268
0.390448247858,-0.117128914264,0.251315769365,-0.0958407703754,0.392593227911,0.250403312848,135.00000006,134.999994268
0.390471830935,-0.116476380227,0.251305384908,-0.0952972298959,0.392593227911,0.250403312848,135.00000006,134.999994268
0.390495284811,-0.115823931497,0.251295065228,-0.0947539138981,0.392593227911,0.250403312848,135.00000006,134.999994268
0.390518609472,-0.115171567654,0.251284810218,-0.0942108213412,0.392593227911,0.250403312848,135.00000006,134.999994268
0.390541804873,-0.114519288392,0.251274619752,-0.0936679512305,0.392593227911,0.250403312848,135.00000006,134.999994268
0.390564870969,-0.113867093404,0.251264493696,-0.0931253025945,0.392593227911,0.250403312848,135.00000006,134.999994268
0.390587807751,-0.113214982256,0.251254431955,-0.0925828743505,0.392593227911,0.250403312848,135.00000006,134.999994268
0.390610615174,-0.11256295464,0.251244434393,-0.0920406655236,0.392593227911,0.250403312848,135.00000006,134.999994268
0.390633293197,-0.111911010231,0.251234500922,-0.0914986750151,0.392593227911,0.250403312848,135.00000006,134.999994268
0.390655841809,-0.111259148596,0.251224631405,-0.0909569018469,0.392593227911,0.250403312848,135.00000006,134.999994268
0.390678260966,-0.110607369426,0.251214825738,-0.0904153449563,0.392593227911,0.250403312848,135.00000006,134.999994268
0.390700550633,-0.109955672378,0.251205083804,-0.0898740033096,0.392593227911,0.250403312848,135.00000006,134.999994268
0.390722710797,-0.10930405702,0.251195405469,-0.0893328759233,0.392593227911,0.250403312848,135.00000006,134.999994268
0.390744741416,-0.108652523037,0.25118579065,-0.0887919616641,0.392593227911,0.250403312848,135.00000006,134.999994268
0.390766642454,-0.108001070081,0.251176239213,-0.0882512595459,0.392593227911,0.250403312848,135.00000006,134.999994268
0.390788413904,-0.107349697709,0.251166751076,-0.0877107684271,0.392593227911,0.250403312848,135.00000006,134.999994268
0.390810055721,-0.106698405603,0.251157326109,-0.087170487309,0.392593227911,0.250403312848,135.00000006,134.999994268
0.390831567871,-0.106047193414,0.251147964175,-0.0866304152008,0.392593227911,0.250403312848,135.00000006,134.999994268
0.39085295035,-0.105396060683,0.251138665203,-0.0860905509314,0.392593227911,0.250403312848,135.00000006,134.999994268
0.390874203114,-0.10474500709,0.251129429058,-0.085550893508,0.392593227911,0.250403312848,135.00000006,134.999994268
0.390895326127,-0.104094032292,0.251120255665,-0.0850114417574,0.392593227911,0.250403312848,135.00000006,134.999994268
0.390916319389,-0.103443135808,0.251111144895,-0.0844721946665,0.392593227911,0.250403312848,135.00000006,134.999994268
0.39093718286,-0.10279231731,0.251102096614,-0.0839331512384,0.392593227911,0.250403312848,135.00000006,134.999994268
0.390957916497,-0.102141576474,0.251093110759,-0.0833943102606,0.392593227911,0.250403312848,135.00000006,134.999994268
0.390978520302,-0.101490912813,0.251084187195,-0.0828556707347,0.392593227911,0.250403312848,135.00000006,134.999994268
0.390998994242,-0.100840325967,0.251075325836,-0.0823172315133,0.392593227911,0.250403312848,135.00000006,134.999994268
0.391019338277,-0.100189815608,0.251066526576,-0.0817789915087,0.392593227911,0.250403312848,135.00000006,134.999994268
0.391039552398,-0.0995393812767,0.25105778928,-0.0812409497192,0.392593227911,0.250403312848,135.00000006,134.999994268
0.391059636587,-0.0988890225653,0.251049113896,-0.080703104886,0.392593227911,0.250403312848,135.00000006,134.999994268
0.391079590803,-0.0982387391444,0.25104050029,-0.0801654560064,0.392593227911,0.250403312848,135.00000006,134.999994268
0.391099415027,-0.0975885305942,0.251031948342,-0.0796280020285,0.392593227911,0.250403312848,135.00000006,134.999994268
0.391119109255,-0.096938396446,0.25102345799,-0.0790907417162,0.392593227911,0.250403312848,135.00000006,134.999994268
0.391138673446,-0.0962883363687,0.251015029101,-0.0785536740646,0.392593227911,0.250403312848,135.00000006,134.999994268
0.391158107569,-0.0956383499959,0.251006661593,-0.0780167978962,0.392593227911,0.250403312848,135.00000006,134.999994268
0.391177411629,-0.0949884368192,0.250998355373,-0.0774801120719,0.392593227911,0.250403312848,135.00000006,134.999994268
0.391196585593,-0.0943385964697,0.250990110306,-0.0769436155853,0.392593227911,0.250403312848,135.00000006,134.999994268
0.391215629423,-0.0936888286143,0.250981926343,-0.0764073071479,0.392593227911,0.250403312848,135.00000006,134.999994268
0.391234543114,-0.093039132776,0.250973803367,-0.0758711857016,0.392593227911,0.250403312848,135.00000006,134.999994268
0.391253326656,-0.0923895084961,0.250965741241,-0.0753352502388,0.392593227911,0.250403312848,135.00000006,134.999994268
0.391271980012,-0.0917399554399,0.250957739941,-0.0747994993891,0.392593227911,0.250403312848,135.00000006,134.999994268
0.391290503154,-0.0910904732144,0.250949799331,-0.0742639321451,0.392593227911,0.250403312848,135.00000006,134.999994268
0.39130889609,-0.0904410612984,0.25094191928,-0.0737285474873,0.392593227911,0.250403312848,135.00000006,134.999994268
0.391327158789,-0.0897917193094,0.250934099767,-0.0731933440236,0.392593227911,0.250403312848,135.00000006,134.999994268
0.391345291215,-0.0891424469114,0.250926340657,-0.0726583207465,0.392593227911,0.250403312848,135.00000006,134.999994268
0.391363293362,-0.0884932436259,0.250918641831,-0.0721234765964,0.392593227911,0.250403312848,135.00000006,134.999994268
0.391381165231,-0.0878441089424,0.250911003263,-0.0715888101855,0.392593227911,0.250403312848,135.00000006,134.999994268
0.391398906783,-0.0871950425238,0.250903424818,-0.071054320507,0.392593227911,0.250403312848,135.00000006,134.999994268
0.391416517986,-0.0865460440151,0.250895906382,-0.0705200064873,0.392593227911,0.250403312848,135.00000006,134.999994268
0.391433998844,-0.0858971128839,0.250888447933,-0.0699858667144,0.392593227911,0.250403312848,135.00000006,134.999994268
0.391451349349,-0.0852482486613,0.250881049336,-0.0694519001828,0.392593227911,0.250403312848,135.00000006,134.999994268
0.391468569463,-0.0845994510099,0.250873710472,-0.0689181058348,0.392593227911,0.250403312848,135.00000006,134.999994268
0.391485659164,-0.0839507195253,0.250866431335,-0.0683844822012,0.392593227911,0.250403312848,135.00000006,134.999994268
0.391502618457,-0.0833020536676,0.250859211788,-0.0678510282783,0.392593227911,0.250403312848,135.00000006,134.999994268
0.391519447329,-0.0826534529915,0.250852051699,-0.0673177430588,0.392593227911,0.250403312848,135.00000006,134.999994268
0.391536145742,-0.0820049171597,0.250844951062,-0.0667846250605,0.392593227911,0.250403312848,135.00000006,134.999994268
0.391552713679,-0.0813564457375,0.250837909765,-0.0662516732,0.392593227911,0.250403312848,135.00000006,134.999994268
0.391569151148,-0.0807080381786,0.250830927672,-0.0657188864777,0.392593227911,0.250403312848,135.00000006,134.999994268
0.391585458133,-0.0800596940381,0.250824004758,-0.0651862634859,0.392593227911,0.250403312848,135.00000006,134.999994268
0.391601634597,-0.0794114129793,0.250817140942,-0.0646538030132,0.392593227911,0.250403312848,135.00000006,134.999994268
0.391617680526,-0.0787631945613,0.250810336089,-0.0641215040635,0.392593227911,0.250403312848,135.00000006,134.999994268
0.391633595926,-0.0781150382315,0.250803590141,-0.0635893653536,0.392593227911,0.250403312848,135.00000006,134.999994268
0.391649380788,-0.0774669435177,0.250796903061,-0.0630573854936,0.392593227911,0.250403312848,135.00000006,134.999994268
0.391665035074,-0.0768189100847,0.250790274716,-0.0625255634916,0.392593227911,0.250403312848,135.00000006,134.999994268
0.391680558765,-0.0761709375139,0.250783705,-0.061993898241,0.392593227911,0.250403312848,135.00000006,134.999994268
0.391695951869,-0.075523025247,0.250777193908,-0.0614623882288,0.392593227911,0.250403312848,135.00000006,134.999994268
0.391711214387,-0.0748751727507,0.250770741334,-0.0609310323543,0.392593227911,0.250403312848,135.00000006,134.999994268
0.391726346282,-0.0742273796914,0.250764347143,-0.0603998296336,0.392593227911,0.250403312848,135.00000006,134.999994268
0.391741347524,-0.0735796457081,0.250758011302,-0.0598687786627,0.392593227911,0.250403312848,135.00000006,134.999994268
0.391756218121,-0.0729319702375,0.250751733776,-0.0593378780472,0.392593227911,0.250403312848,135.00000006,134.999994268
0.391770958079,-0.0722843527121,0.25074551443,-0.058807126809,0.392593227911,0.250403312848,135.00000006,134.999994268
0.391785567376,-0.071636792732,0.250739353161,-0.0582765238397,0.392593227911,0.250403312848,135.00000006,134.999994268
0.391800045975,-0.0709892899679,0.250733249964,-0.0577460676072,0.392593227911,0.250403312848,135.00000006,134.999994268
0.391814393871,-0.0703418439207,0.250727204759,-0.0572157569057,0.392593227911,0.250403312848,135.00000006,134.999994268
0.391828611072,-0.0696944540185,0.250721217412,-0.0566855907678,0.392593227911,0.250403312848,135.00000006,134.999994268
0.39184269758,-0.0690471197149,0.250715287863,-0.0561555678939,0.392593227911,0.250403312848,135.00000006,134.999994268
0.39185665336,-0.0683998406835,0.25070941611,-0.0556256867385,0.392593227911,0.250403312848,135.00000006,134.999994268
0.39187047838,-0.0677526165706,0.250703602042,-0.0550959462275,0.392593227911,0.250403312848,135.00000006,134.999994268
0.391884172649,-0.067105446801,0.250697845526,-0.0545663454064,0.392593227911,0.250403312848,135.00000006,134.999994268
0.391897736174,-0.0664583307949,0.250692146531,-0.054036882844,0.392593227911,0.250403312848,135.00000006,134.999994268
0.39191116895,-0.0658112680532,0.250686505055,-0.0535075569831,0.392593227911,0.250403312848,135.00000006,134.999994268
0.391924470939,-0.0651642582556,0.250680920977,-0.0529783668078,0.392593227911,0.250403312848,135.00000006,134.999994268
0.391937642121,-0.0645173010004,0.250675394162,-0.0524493113787,0.392593227911,0.250403312848,135.00000006,134.999994268
0.391950682503,-0.0638703957054,0.250669924593,-0.0519203892097,0.392593227911,0.250403312848,135.00000006,134.999994268
0.391963592094,-0.0632235417839,0.250664512265,-0.0513915987332,0.392593227911,0.250403312848,135.00000006,134.999994268
0.391976370888,-0.0625767387257,0.250659157069,-0.0508629388983,0.392593227911,0.250403312848,135.00000006,134.999994268
0.391989018849,-0.0619299862183,0.25065385887,-0.0503344087822,0.392593227911,0.250403312848,135.00000006,134.999994268
0.392001535955,-0.0612832838718,0.250648617639,-0.0498060069414,0.392593227911,0.250403312848,135.00000006,134.999994268
0.392013922213,-0.0606366310984,0.250643433375,-0.0492777318001,0.392593227911,0.250403312848,135.00000006,134.999994268
0.392026177632,-0.0599900273055,0.250638305998,-0.0487495821521,0.392593227911,0.250403312848,135.00000006,134.999994268
0.392038302219,-0.0593434718958,0.250633235376,-0.048221557093,0.392593227911,0.250403312848,135.00000006,134.999994268
0.392050295939,-0.0586969645622,0.250628221446,-0.0476936553462,0.392593227911,0.250403312848,135.00000006,134.999994268
0.392062158756,-0.0580505050057,0.250623264206,-0.0471658753299,0.392593227911,0.250403312848,135.00000006,134.999994268
0.392073890677,-0.0574040926368,0.250618363638,-0.0466382155291,0.392593227911,0.250403312848,135.00000006,134.999994268
0.39208549171,-0.0567577268588,0.250613519608,-0.0461106750592,0.392593227911,0.250403312848,135.00000006,134.999994268
0.392096961864,-0.0561114070697,0.250608731994,-0.045583252968,0.392593227911,0.250403312848,135.00000006,134.999994268
0.392108301131,-0.0554651327781,0.250604000795,-0.045055947671,0.392593227911,0.250403312848,135.00000006,134.999994268
0.392119509473,-0.0548189036948,0.250599326008,-0.0445287575705,0.392593227911,0.250403312848,135.00000006,134.999994268
0.392130586871,-0.0541727194215,0.250594707573,-0.0440016813792,0.392593227911,0.250403312848,135.00000006,134.999994268
0.392141533332,-0.0535265793588,0.250590145356,-0.043474718247,0.392593227911,0.250403312848,135.00000006,134.999994268
0.392152348865,-0.0528804829024,0.250585639277,-0.0429478670133,0.392593227911,0.250403312848,135.00000006,134.999994268
0.392163033478,-0.0522344294425,0.250581189336,-0.0424211260814,0.392593227911,0.250403312848,135.00000006,134.999994268
0.392173587163,-0.0515884184842,0.250576795529,-0.0418944938406,0.392593227911,0.250403312848,135.00000006,134.999994268
0.392184009883,-0.0509424497556,0.250572457791,-0.0413679690466,0.392593227911,0.250403312848,135.00000006,134.999994268
0.392194301618,-0.050296522873,0.250568175987,-0.0408415508877,0.392593227911,0.250403312848,135.00000006,134.999994268
0.392204462374,-0.0496506372318,0.250563950045,-0.0403152381886,0.392593227911,0.250403312848,135.00000006,134.999994268
0.39221449216,-0.0490047922224,0.250559779962,-0.0397890293441,0.392593227911,0.250403312848,135.00000006,134.999994268
0.392224390984,-0.0483589872297,0.250555665737,-0.0392629227345,0.392593227911,0.250403312848,135.00000006,134.999994268
0.392234158852,-0.0477132216331,0.250551607342,-0.0387369168876,0.392593227911,0.250403312848,135.00000006,134.999994268
0.392243795736,-0.0470674951261,0.250547604642,-0.0382110110339,0.392593227911,0.250403312848,135.00000006,134.999994268
0.392253301597,-0.0464218074654,0.250543657528,-0.0376852042627,0.392593227911,0.250403312848,135.00000006,134.999994268
0.392262676437,-0.045776158098,0.250539765996,-0.0371594949661,0.392593227911,0.250403312848,135.00000006,134.999994268
0.392271920262,-0.0451305464121,0.250535930045,-0.0366338815211,0.392593227911,0.250403312848,135.00000006,134.999994268
0.392281033082,-0.0444849717901,0.250532149674,-0.0361083622894,0.392593227911,0.250403312848,135.00000006,134.999994268
0.392290014902,-0.0438394336091,0.250528424813,-0.0355829360864,0.392593227911,0.250403312848,135.00000006,134.999994268
0.392298865731,-0.0431939312397,0.250524755327,-0.0350576022117,0.392593227911,0.250403312848,135.00000006,134.999994268
0.392307585542,-0.0425484643494,0.250521141149,-0.0345323595214,0.392593227911,0.250403312848,135.00000006,134.999994268
0.392316174299,-0.041903032728,0.250517582276,-0.034007206397,0.392593227911,0.250403312848,135.00000006,134.999994268
0.392324631995,-0.0412576358756,0.250514078706,-0.0334821412046,0.392593227911,0.250403312848,135.00000006,134.999994268
0.392332958639,-0.0406122731771,0.250510630438,-0.0329571622932,0.392593227911,0.250403312848,135.00000006,134.999994268
0.392341154238,-0.0399669440115,0.25050723743,-0.032432268301,0.392593227911,0.250403312848,135.00000006,134.999994268
0.392349218797,-0.0393216477519,0.250503899547,-0.0319074586051,0.392593227911,0.250403312848,135.00000006,134.999994268
0.392357152325,-0.038676383765,0.250500616694,-0.0313827323099,0.392593227911,0.250403312848,135.00000006,134.999994268
0.392364954827,-0.0380311514102,0.25049738887,-0.0308580877966,0.392593227911,0.250403312848,135.00000006,134.999994268
0.392372626278,-0.0373859503966,0.250494216072,-0.0303335234301,0.392593227911,0.250403312848,135.00000006,134.999994268
0.392380166637,-0.0367407805651,0.250491098299,-0.0298090375577,0.392593227911,0.250403312848,135.00000006,134.999994268
0.392387575901,-0.0360956414186,0.250488035549,-0.0292846285074,0.392593227911,0.250403312848,135.00000006,134.999994268
0.392394854077,-0.0354505323396,0.250485027767,-0.0287602950625,0.392593227911,0.250403312848,135.00000006,134.999994268
0.392402001171,-0.0348054527043,0.250482074818,-0.0282360367219,0.392593227911,0.250403312848,135.00000006,134.999994268
0.392409017188,-0.0341604018825,0.25047917662,-0.0277118525549,0.392593227911,0.250403312848,135.00000006,134.999994268
0.392415902135,-0.0335153792371,0.250476333173,-0.0271877409414,0.392593227911,0.250403312848,135.00000006,134.999994268
0.392422656019,-0.0328703841232,0.250473544476,-0.0266637002439,0.392593227911,0.250403312848,135.00000006,134.999994268
0.392429278845,-0.0322254158878,0.250470810526,-0.0261397288055,0.392593227911,0.250403312848,135.00000006,134.999994268
0.392435770597,-0.0315804741551,0.250468131323,-0.0256158249486,0.392593227911,0.250403312848,135.00000006,134.999994268
0.392442131234,-0.0309355588426,0.250465506865,-0.0250919869727,0.392593227911,0.250403312848,135.00000006,134.999994268
0.392448360741,-0.0302906696089,0.250462937079,-0.0245682138821,0.392593227911,0.250403312848,135.00000006,134.999994268
0.392454459124,-0.0296458058388,0.250460421832,-0.0240445053647,0.392593227911,0.250403312848,135.00000006,134.999994268
0.392460426387,-0.0290009669113,0.250457961058,-0.0235208604456,0.392593227911,0.250403312848,135.00000006,134.999994268
0.392466262537,-0.0283561521983,0.250455554757,-0.0229972775113,0.392593227911,0.250403312848,135.00000006,134.999994268
0.392471967579,-0.0277113610644,0.250453202928,-0.0224737549295,0.392593227911,0.250403312848,135.00000006,134.999994268
0.392477541517,-0.027066592866,0.25045090557,-0.0219502910471,0.392593227911,0.250403312848,135.00000006,134.999994268
0.392482984358,-0.0264218469502,0.250448662681,-0.0214268841877,0.392593227911,0.250403312848,135.00000006,134.999994268
0.392488296106,-0.0257771226538,0.250446474261,-0.0209035326492,0.392593227911,0.250403312848,135.00000006,134.999994268
0.392493476766,-0.0251324193023,0.250444340308,-0.0203802347001,0.392593227911,0.250403312848,135.00000006,134.999994268
0.392498526339,-0.0244877362756,0.250442260813,-0.0198569886872,0.392593227911,0.250403312848,135.00000006,134.999994268
0.392503444784,-0.0238430736289,0.250440235639,-0.0193337945756,0.392593227911,0.250403312848,135.00000006,134.999994268
0.392508232065,-0.0231984313975,0.250438264663,-0.0188106523274,0.392593227911,0.250403312848,135.00000006,134.999994268
0.392512888186,-0.0225538089801,0.250436347881,-0.0182875603686,0.392593227911,0.250403312848,135.00000006,134.999994268
0.392517413153,-0.0219092057697,0.250434485295,-0.017764517108,0.392593227911,0.250403312848,135.00000006,134.999994268
0.392521806968,-0.0212646211533,0.250432676902,-0.0172415209346,0.392593227911,0.250403312848,135.00000006,134.999994268
0.392526069637,-0.0206200545106,0.250430922703,-0.0167185702143,0.392593227911,0.250403312848,135.00000006,134.999994268
0.392530201163,-0.0199755052134,0.250429222696,-0.0161956632869,0.392593227911,0.250403312848,135.00000006,134.999994268
0.392534201551,-0.0193309726239,0.25042757688,-0.0156727984616,0.392593227911,0.250403312848,135.00000006,134.999994268
0.392538070804,-0.0186864560933,0.250425985255,-0.0151499740119,0.392593227911,0.250403312848,135.00000006,134.999994268
0.392541808926,-0.0180419549602,0.250424447821,-0.0146271881697,0.392593227911,0.250403312848,135.00000006,134.999994268
0.39254541592,-0.017397468548,0.250422964576,-0.014104439117,0.392593227911,0.250403312848,135.00000006,134.999994268
0.392548891791,-0.016752996162,0.25042153552,-0.0135817249776,0.392593227911,0.250403312848,135.00000006,134.999994268
0.39255223654,-0.0161085370862,0.250420160615,-0.0130590445254,0.392593227911,0.250403312848,135.00000006,134.999994268
0.392555450173,-0.0154640905789,0.250418839724,-0.0125363985294,0.392593227911,0.250403312848,135.00000006,134.999994268
0.392558532691,-0.0148196558667,0.250417572751,-0.0120137873081,0.392593227911,0.250403312848,135.00000006,134.999994268
0.392561484098,-0.0141752321382,0.250416359696,-0.0114912094174,0.392593227911,0.250403312848,135.00000006,134.999994268
0.392564304385,-0.0135308188638,0.250415200559,-0.0109686634123,0.392593227911,0.250403312848,135.00000006,134.999994268
0.39256699351,-0.0128864165726,0.250414095338,-0.0104461478477,0.392593227911,0.250403312848,135.00000006,134.999994268
0.392569551441,-0.0122420256244,0.250413044033,-0.00992366127747,0.392593227911,0.250403312848,135.00000006,134.999994268
0.39257197818,-0.0115976454538,0.250412046644,-0.0094012022553,0.392593227911,0.250403312848,135.00000006,134.999994268
0.392574273731,-0.0109532754949,0.250411103171,-0.0088787693342,0.392593227911,0.250403312848,135.00000006,134.999994268
0.392576438096,-0.010308915182,0.250410213612,-0.00835636106675,0.392593227911,0.250403312848,135.00000006,134.999994268
0.392578471276,-0.0096645639486,0.250409377967,-0.00783397600507,0.392593227911,0.250403312848,135.00000006,134.999994268
0.392580373274,-0.00902022122846,0.250408596237,-0.00731161270085,0.392593227911,0.250403312848,135.00000006,134.999994268
0.392582144091,-0.0083758864549,0.250407868421,-0.0067892697054,0.392593227911,0.250403312848,135.00000006,134.999994268
0.39258378373,-0.00773155906112,0.250407194518,-0.00626694556965,0.392593227911,0.250403312848,135.00000006,134.999994268
0.392585292192,-0.00708723848011,0.250406574528,-0.00574463884417,0.392593227911,0.250403312848,135.00000006,134.999994268
0.392586669477,-0.00644292414473,0.250406008451,-0.00522234807924,0.392593227911,0.250403312848,135.00000006,134.999994268
0.392587915589,-0.00579861548766,0.250405496286,-0.00470007182481,0.392593227911,0.250403312848,135.00000006,134.999994268
0.392589030528,-0.00515431194146,0.250405038034,-0.00417780863061,0.392593227911,0.250403312848,135.00000006,134.999994268
0.392590014294,-0.00451001293857,0.250404633695,-0.00365555704609,0.392593227911,0.250403312848,135.00000006,134.999994268
0.39259086689,-0.00386571791131,0.250404283267,-0.00313331562051,0.392593227911,0.250403312848,135.00000006,134.999994268
0.392591588315,-0.00322142629191,0.250403986751,-0.00261108290294,0.392593227911,0.250403312848,135.00000006,134.999994268
0.392592178571,-0.00257713751252,0.250403744147,-0.00208885744229,0.392593227911,0.250403312848,135.00000006,134.999994268
0.392592637659,-0.00193285100522,0.250403555455,-0.00156663778733,0.392593227911,0.250403312848,135.00000006,134.999994268
0.392592965577,-0.00128856620203,0.250403420675,-0.00104442248674,0.392593227911,0.250403312848,135.00000006,134.999994268
0.392593162328,-0.00064428253493,0.250403339805,-0.000522210089096,0.392593227911,0.250403312848,135.00000006,134.999994268
0.392593227911,-0,0.250403312848,-0,0.392593227911,0.250403312848,135.00000006,134.999994268
0.392593162328,0.00064428253493,0.250403339805,0.000522210089096,0.392593227911,0.250403312848,135.00000006,134.999994268
0.392592965577,0.00128856620203,0.250403420675,0.00104442248674,0.392593227911,0.250403312848,135.00000006,134.999994268
0.392592637659,0.00193285100522,0.250403555455,0.00156663778733,0.392593227911,0.250403312848,135.00000006,134.999994268
0.392592178571,0.00257713751252,0.250403744147,0.00208885744229,0.392593227911,0.250403312848,135.00000006,134.999994268
0.392591588315,0.00322142629191,0.250403986751,0.00261108290294,0.392593227911,0.250403312848,135.00000006,134.999994268
0.39259086689,0.00386571791131,0.250404283267,0.00313331562051,0.392593227911,0.250403312848,135.00000006,134.999994268
0.392590014294,0.00451001293857,0.250404633695,0.00365555704609,0.392593227911,0.250403312848,135.00000006,134.999994268
0.392589030528,0.00515431194146,0.250405038034,0.00417780863061,0.392593227911,0.250403312848,135.00000006,134.999994268
0.392587915589,0.00579861548766,0.250405496286,0.00470007182481,0.392593227911,0.250403312848,135.00000006,134.999994268
0.392586669477,0.00644292414473,0.250406008451,0.00522234807924,0.392593227911,0.250403312848,135.00000006,134.999994268
0.392585292192,0.00708723848011,0.250406574528,0.00574463884417,0.392593227911,0.250403312848,135.00000006,134.999994268
0.39258378373,0.00773155906112,0.250407194518,0.00626694556965,0.392593227911,0.250403312848,135.00000006,134.999994268
0.392582144091,0.0083758864549,0.250407868421,0.0067892697054,0.392593227911,0.250403312848,135.00000006,134.999994268
0.392580373274,0.00902022122846,0.250408596237,0.00731161270085,0.392593227911,0.250403312848,135.00000006,134.999994268
0.392578471276,0.0096645639486,0.250409377967,0.00783397600507,0.392593227911,0.250403312848,135.00000006,134.999994268
0.392576438096,0.010308915182,0.250410213612,0.00835636106675,0.392593227911,0.250403312848,135.00000006,134.999994268
0.392574273731,0.0109532754949,0.250411103171,0.0088787693342,0.392593227911,0.250403312848,135.00000006,134.999994268
0.39257197818,0.0115976454538,0.250412046644,0.0094012022553,0.392593227911,0.250403312848,135.00000006,134.999994268
0.392569551441,0.0122420256244,0.250413044033,0.00992366127747,0.392593227911,0.250403312848,135.00000006,134.999994268
0.39256699351,0.0128864165726,0.250414095338,0.0104461478477,0.392593227911,0.250403312848,135.00000006,134.999994268
0.392564304385,0.0135308188638,0.250415200559,0.0109686634123,0.392593227911,0.250403312848,135.00000006,134.999994268
0.392561484098,0.0141752321382,0.250416359696,0.0114912094174,0.392593227911,0.250403312848,135.00000006,134.999994268
0.392558532691,0.0148196558667,0.250417572751,0.0120137873081,0.392593227911,0.250403312848,135.00000006,134.999994268
0.392555450173,0.0154640905789,0.250418839724,0.0125363985294,0.392593227911,0.250403312848,135.00000006,134.999994268
0.39255223654,0.0161085370862,0.250420160615,0.0130590445254,0.392593227911,0.250403312848,135.00000006,134.999994268
0.392548891791,0.016752996162,0.25042153552,0.0135817249776,0.392593227911,0.250403312848,135.00000006,134.999994268
0.39254541592,0.017397468548,0.250422964576,0.014104439117,0.392593227911,0.250403312848,135.00000006,134.999994268
0.392541808926,0.0180419549602,0.250424447821,0.0146271881697,0.392593227911,0.250403312848,135.00000006,134.999994268
0.392538070804,0.0186864560933,0.250425985255,0.0151499740119,0.392593227911,0.250403312848,135.00000006,134.999994268
0.392534201551,0.0193309726239,0.25042757688,0.0156727984616,0.392593227911,0.250403312848,135.00000006,134.999994268
0.392530201163,0.0199755052134,0.250429222696,0.0161956632869,0.392593227911,0.250403312848,135.00000006,134.999994268
0.392526069637,0.0206200545106,0.250430922703,0.0167185702143,0.392593227911,0.250403312848,135.00000006,134.999994268
0.392521806968,0.0212646211533,0.250432676902,0.0172415209346,0.392593227911,0.250403312848,135.00000006,134.999994268
0.392517413153,0.0219092057697,0.250434485295,0.017764517108,0.392593227911,0.250403312848,135.00000006,134.999994268
0.392512888186,0.0225538089801,0.250436347881,0.0182875603686,0.392593227911,0.250403312848,135.00000006,134.999994268
0.392508232065,0.0231984313975,0.250438264663,0.0188106523274,0.392593227911,0.250403312848,135.00000006,134.999994268
0.392503444784,0.0238430736289,0.250440235639,0.0193337945756,0.392593227911,0.250403312848,135.00000006,134.999994268
0.392498526339,0.0244877362756,0.250442260813,0.0198569886872,0.392593227911,0.250403312848,135.00000006,134.999994268
0.392493476766,0.0251324193023,0.250444340308,0.0203802347001,0.392593227911,0.250403312848,135.00000006,134.999994268
0.392488296106,0.0257771226538,0.250446474261,0.0209035326492,0.392593227911,0.250403312848,135.00000006,134.999994268
0.392482984358,0.0264218469502,0.250448662681,0.0214268841877,0.392593227911,0.250403312848,135.00000006,134.999994268
0.392477541517,0.027066592866,0.25045090557,0.0219502910471,0.392593227911,0.250403312848,135.00000006,134.999994268
0.392471967579,0.0277113610644,0.250453202928,0.0224737549295,0.392593227911,0.250403312848,135.00000006,134.999994268
0.392466262537,0.0283561521983,0.250455554757,0.0229972775113,0.392593227911,0.250403312848,135.00000006,134.999994268
0.392460426387,0.0290009669113,0.250457961058,0.0235208604456,0.392593227911,0.250403312848,135.00000006,134.999994268
0.392454459124,0.0296458058388,0.250460421832,0.0240445053647,0.392593227911,0.250403312848,135.00000006,134.999994268
0.392448360741,0.0302906696089,0.250462937079,0.0245682138821,0.392593227911,0.250403312848,135.00000006,134.999994268
0.392442131234,0.0309355588426,0.250465506865,0.0250919869727,0.392593227911,0.250403312848,135.00000006,134.999994268
0.392435770597,0.0315804741551,0.250468131323,0.0256158249486,0.392593227911,0.250403312848,135.00000006,134.999994268
0.392429278845,0.0322254158878,0.250470810526,0.0261397288055,0.392593227911,0.250403312848,135.00000006,134.999994268
0.392422656019,0.0328703841232,0.250473544476,0.0266637002439,0.392593227911,0.250403312848,135.00000006,134.999994268
0.392415902135,0.0335153792371,0.250476333173,0.0271877409414,0.392593227911,0.250403312848,135.00000006,134.999994268
0.392409017188,0.0341604018825,0.25047917662,0.0277118525549,0.392593227911,0.250403312848,135.00000006,134.999994268
0.392402001171,0.0348054527043,0.250482074818,0.0282360367219,0.392593227911,0.250403312848,135.00000006,134.999994268
0.392394854077,0.0354505323396,0.250485027767,0.0287602950625,0.392593227911,0.250403312848,135.00000006,134.999994268
0.392387575901,0.0360956414186,0.250488035549,0.0292846285074,0.392593227911,0.250403312848,135.00000006,134.999994268
0.392380166637,0.0367407805651,0.250491098299,0.0298090375577,0.392593227911,0.250403312848,135.00000006,134.999994268
0.392372626278,0.0373859503966,0.250494216072,0.0303335234301,0.392593227911,0.250403312848,135.00000006,134.999994268
0.392364954827,0.0380311514102,0.25049738887,0.0308580877966,0.392593227911,0.250403312848,135.00000006,134.999994268
0.392357152325,0.038676383765,0.250500616694,0.0313827323099,0.392593227911,0.250403312848,135.00000006,134.999994268
0.392349218797,0.0393216477519,0.250503899547,0.0319074586051,0.392593227911,0.250403312848,135.00000006,134.999994268
0.392341154238,0.0399669440115,0.25050723743,0.032432268301,0.392593227911,0.250403312848,135.00000006,134.999994268
0.392332958639,0.0406122731771,0.250510630438,0.0329571622932,0.392593227911,0.250403312848,135.00000006,134.999994268
0.392324631995,0.0412576358756,0.250514078706,0.0334821412046,0.392593227911,0.250403312848,135.00000006,134.999994268
0.392316174299,0.041903032728,0.250517582276,0.034007206397,0.392593227911,0.250403312848,135.00000006,134.999994268
0.392307585542,0.0425484643494,0.250521141149,0.0345323595214,0.392593227911,0.250403312848,135.00000006,134.999994268
0.392298865731,0.0431939312397,0.250524755327,0.0350576022117,0.392593227911,0.250403312848,135.00000006,134.999994268
0.392290014902,0.0438394336091,0.250528424813,0.0355829360864,0.392593227911,0.250403312848,135.00000006,134.999994268
0.392281033082,0.0444849717901,0.250532149674,0.0361083622894,0.392593227911,0.250403312848,135.00000006,134.999994268
0.392271920262,0.0451305464121,0.250535930045,0.0366338815211,0.392593227911,0.250403312848,135.00000006,134.999994268
0.392262676437,0.045776158098,0.250539765996,0.0371594949661,0.392593227911,0.250403312848,135.00000006,134.999994268
0.392253301597,0.0464218074654,0.250543657528,0.0376852042627,0.392593227911,0.250403312848,135.00000006,134.999994268
0.392243795736,0.0470674951261,0.250547604642,0.0382110110339,0.392593227911,0.250403312848,135.00000006,134.999994268
0.392234158852,0.0477132216331,0.250551607342,0.0387369168876,0.392593227911,0.250403312848,135.00000006,134.999994268
0.392224390984,0.0483589872297,0.250555665737,0.0392629227345,0.392593227911,0.250403312848,135.00000006,134.999994268
0.39221449216,0.0490047922224,0.250559779962,0.0397890293441,0.392593227911,0.250403312848,135.00000006,134.999994268
0.392204462374,0.0496506372318,0.250563950045,0.0403152381886,0.392593227911,0.250403312848,135.00000006,134.999994268
0.392194301618,0.050296522873,0.250568175987,0.0408415508877,0.392593227911,0.250403312848,135.00000006,134.999994268
0.392184009883,0.0509424497556,0.250572457791,0.0413679690466,0.392593227911,0.250403312848,135.00000006,134.999994268
0.392173587163,0.0515884184842,0.250576795529,0.0418944938406,0.392593227911,0.250403312848,135.00000006,134.999994268
0.392163033478,0.0522344294425,0.250581189336,0.0424211260814,0.392593227911,0.250403312848,135.00000006,134.999994268
0.392152348865,0.0528804829024,0.250585639277,0.0429478670133,0.392593227911,0.250403312848,135.00000006,134.999994268
0.392141533332,0.0535265793588,0.250590145356,0.043474718247,0.392593227911,0.250403312848,135.00000006,134.999994268
0.392130586871,0.0541727194215,0.250594707573,0.0440016813792,0.392593227911,0.250403312848,135.00000006,134.999994268
0.392119509473,0.0548189036948,0.250599326008,0.0445287575705,0.392593227911,0.250403312848,135.00000006,134.999994268
0.392108301131,0.0554651327781,0.250604000795,0.045055947671,0.392593227911,0.250403312848,135.00000006,134.999994268
0.392096961864,0.0561114070697,0.250608731994,0.045583252968,0.392593227911,0.250403312848,135.00000006,134.999994268
0.39208549171,0.0567577268588,0.250613519608,0.0461106750592,0.392593227911,0.250403312848,135.00000006,134.999994268
0.392073890677,0.0574040926368,0.250618363638,0.0466382155291,0.392593227911,0.250403312848,135.00000006,134.999994268
0.392062158756,0.0580505050057,0.250623264206,0.0471658753299,0.392593227911,0.250403312848,135.00000006,134.999994268
0.392050295939,0.0586969645622,0.250628221446,0.0476936553462,0.392593227911,0.250403312848,135.00000006,134.999994268
0.392038302219,0.0593434718958,0.250633235376,0.048221557093,0.392593227911,0.250403312848,135.00000006,134.999994268
0.392026177632,0.0599900273055,0.250638305998,0.0487495821521,0.392593227911,0.250403312848,135.00000006,134.999994268
0.392013922213,0.0606366310984,0.250643433375,0.0492777318001,0.392593227911,0.250403312848,135.00000006,134.999994268
0.392001535955,0.0612832838718,0.250648617639,0.0498060069414,0.392593227911,0.250403312848,135.00000006,134.999994268
0.391989018849,0.0619299862183,0.25065385887,0.0503344087822,0.392593227911,0.250403312848,135.00000006,134.999994268
0.391976370888,0.0625767387257,0.250659157069,0.0508629388983,0.392593227911,0.250403312848,135.00000006,134.999994268
0.391963592094,0.0632235417839,0.250664512265,0.0513915987332,0.392593227911,0.250403312848,135.00000006,134.999994268
0.391950682503,0.0638703957054,0.250669924593,0.0519203892097,0.392593227911,0.250403312848,135.00000006,134.999994268
0.391937642121,0.0645173010004,0.250675394162,0.0524493113787,0.392593227911,0.250403312848,135.00000006,134.999994268
0.391924470939,0.0651642582556,0.250680920977,0.0529783668078,0.392593227911,0.250403312848,135.00000006,134.999994268
0.39191116895,0.0658112680532,0.250686505055,0.0535075569831,0.392593227911,0.250403312848,135.00000006,134.999994268
0.391897736174,0.0664583307949,0.250692146531,0.054036882844,0.392593227911,0.250403312848,135.00000006,134.999994268
0.391884172649,0.067105446801,0.250697845526,0.0545663454064,0.392593227911,0.250403312848,135.00000006,134.999994268
0.39187047838,0.0677526165706,0.250703602042,0.0550959462275,0.392593227911,0.250403312848,135.00000006,134.999994268
0.39185665336,0.0683998406835,0.25070941611,0.0556256867385,0.392593227911,0.250403312848,135.00000006,134.999994268
0.39184269758,0.0690471197149,0.250715287863,0.0561555678939,0.392593227911,0.250403312848,135.00000006,134.999994268
0.391828611072,0.0696944540185,0.250721217412,0.0566855907678,0.392593227911,0.250403312848,135.00000006,134.999994268
0.391814393871,0.0703418439207,0.250727204759,0.0572157569057,0.392593227911,0.250403312848,135.00000006,134.999994268
0.391800045975,0.0709892899679,0.250733249964,0.0577460676072,0.392593227911,0.250403312848,135.00000006,134.999994268
0.391785567376,0.071636792732,0.250739353161,0.0582765238397,0.392593227911,0.250403312848,135.00000006,134.999994268
0.391770958079,0.0722843527121,0.25074551443,0.058807126809,0.392593227911,0.250403312848,135.00000006,134.999994268
0.391756218121,0.0729319702375,0.250751733776,0.0593378780472,0.392593227911,0.250403312848,135.00000006,134.999994268
0.391741347524,0.0735796457081,0.250758011302,0.0598687786627,0.392593227911,0.250403312848,135.00000006,134.999994268
0.391726346282,0.0742273796914,0.250764347143,0.0603998296336,0.392593227911,0.250403312848,135.00000006,134.999994268
0.391711214387,0.0748751727507,0.250770741334,0.0609310323543,0.392593227911,0.250403312848,135.00000006,134.999994268
0.391695951869,0.075523025247,0.250777193908,0.0614623882288,0.392593227911,0.250403312848,135.00000006,134.999994268
0.391680558765,0.0761709375139,0.250783705,0.061993898241,0.392593227911,0.250403312848,135.00000006,134.999994268
0.391665035074,0.0768189100847,0.250790274716,0.0625255634916,0.392593227911,0.250403312848,135.00000006,134.999994268
0.391649380788,0.0774669435177,0.250796903061,0.0630573854936,0.392593227911,0.250403312848,135.00000006,134.999994268
0.391633595926,0.0781150382315,0.250803590141,0.0635893653536,0.392593227911,0.250403312848,135.00000006,134.999994268
0.391617680526,0.0787631945613,0.250810336089,0.0641215040635,0.392593227911,0.250403312848,135.00000006,134.999994268
0.391601634597,0.0794114129793,0.250817140942,0.0646538030132,0.392593227911,0.250403312848,135.00000006,134.999994268
0.391585458133,0.0800596940381,0.250824004758,0.0651862634859,0.392593227911,0.250403312848,135.00000006,134.999994268
0.391569151148,0.0807080381786,0.250830927672,0.0657188864777,0.392593227911,0.250403312848,135.00000006,134.999994268
0.391552713679,0.0813564457375,0.250837909765,0.0662516732,0.392593227911,0.250403312848,135.00000006,134.999994268
0.391536145742,0.0820049171597,0.250844951062,0.0667846250605,0.392593227911,0.250403312848,135.00000006,134.999994268
0.391519447329,0.0826534529915,0.250852051699,0.0673177430588,0.392593227911,0.250403312848,135.00000006,134.999994268
0.391502618457,0.0833020536676,0.250859211788,0.0678510282783,0.392593227911,0.250403312848,135.00000006,134.999994268
0.391485659164,0.0839507195253,0.250866431335,0.0683844822012,0.392593227911,0.250403312848,135.00000006,134.999994268
0.391468569463,0.0845994510099,0.250873710472,0.0689181058348,0.392593227911,0.250403312848,135.00000006,134.999994268
0.391451349349,0.0852482486613,0.250881049336,0.0694519001828,0.392593227911,0.250403312848,135.00000006,134.999994268
0.391433998844,0.0858971128839,0.250888447933,0.0699858667144,0.392593227911,0.250403312848,135.00000006,134.999994268
0.391416517986,0.0865460440151,0.250895906382,0.0705200064873,0.392593227911,0.250403312848,135.00000006,134.999994268
0.391398906783,0.0871950425238,0.250903424818,0.071054320507,0.392593227911,0.250403312848,135.00000006,134.999994268
0.391381165231,0.0878441089424,0.250911003263,0.0715888101855,0.392593227911,0.250403312848,135.00000006,134.999994268
0.391363293362,0.0884932436259,0.250918641831,0.0721234765964,0.392593227911,0.250403312848,135.00000006,134.999994268
0.391345291215,0.0891424469114,0.250926340657,0.0726583207465,0.392593227911,0.250403312848,135.00000006,134.999994268
0.391327158789,0.0897917193094,0.250934099767,0.0731933440236,0.392593227911,0.250403312848,135.00000006,134.999994268
0.39130889609,0.0904410612984,0.25094191928,0.0737285474873,0.392593227911,0.250403312848,135.00000006,134.999994268
0.391290503154,0.0910904732144,0.250949799331,0.0742639321451,0.392593227911,0.250403312848,135.00000006,134.999994268
0.391271980012,0.0917399554399,0.250957739941,0.0747994993891,0.392593227911,0.250403312848,135.00000006,134.999994268
0.391253326656,0.0923895084961,0.250965741241,0.0753352502388,0.392593227911,0.250403312848,135.00000006,134.999994268
0.391234543114,0.093039132776,0.250973803367,0.0758711857016,0.392593227911,0.250403312848,135.00000006,134.999994268
0.391215629423,0.0936888286143,0.250981926343,0.0764073071479,0.392593227911,0.250403312848,135.00000006,134.999994268
0.391196585593,0.0943385964697,0.250990110306,0.0769436155853,0.392593227911,0.250403312848,135.00000006,134.999994268
0.391177411629,0.0949884368192,0.250998355373,0.0774801120719,0.392593227911,0.250403312848,135.00000006,134.999994268
0.391158107569,0.0956383499959,0.251006661593,0.0780167978962,0.392593227911,0.250403312848,135.00000006,134.999994268
0.391138673446,0.0962883363687,0.251015029101,0.0785536740646,0.392593227911,0.250403312848,135.00000006,134.999994268
0.391119109255,0.096938396446,0.25102345799,0.0790907417162,0.392593227911,0.250403312848,135.00000006,134.999994268
0.391099415027,0.0975885305942,0.251031948342,0.0796280020285,0.392593227911,0.250403312848,135.00000006,134.999994268
0.391079590803,0.0982387391444,0.25104050029,0.0801654560064,0.392593227911,0.250403312848,135.00000006,134.999994268
0.391059636587,0.0988890225653,0.251049113896,0.080703104886,0.392593227911,0.250403312848,135.00000006,134.999994268
0.391039552398,0.0995393812767,0.25105778928,0.0812409497192,0.392593227911,0.250403312848,135.00000006,134.999994268
0.391019338277,0.100189815608,0.251066526576,0.0817789915087,0.392593227911,0.250403312848,135.00000006,134.999994268
0.390998994242,0.100840325967,0.251075325836,0.0823172315133,0.392593227911,0.250403312848,135.00000006,134.999994268
0.390978520302,0.101490912813,0.251084187195,0.0828556707347,0.392593227911,0.250403312848,135.00000006,134.999994268
0.390957916497,0.102141576474,0.251093110759,0.0833943102606,0.392593227911,0.250403312848,135.00000006,134.999994268
0.39093718286,0.10279231731,0.251102096614,0.0839331512384,0.392593227911,0.250403312848,135.00000006,134.999994268
0.390916319389,0.103443135808,0.251111144895,0.0844721946665,0.392593227911,0.250403312848,135.00000006,134.999994268
0.390895326127,0.104094032292,0.251120255665,0.0850114417574,0.392593227911,0.250403312848,135.00000006,134.999994268
0.390874203114,0.10474500709,0.251129429058,0.085550893508,0.392593227911,0.250403312848,135.00000006,134.999994268
0.39085295035,0.105396060683,0.251138665203,0.0860905509314,0.392593227911,0.250403312848,135.00000006,134.999994268
0.390831567871,0.106047193414,0.251147964175,0.0866304152008,0.392593227911,0.250403312848,135.00000006,134.999994268
0.390810055721,0.106698405603,0.251157326109,0.087170487309,0.392593227911,0.250403312848,135.00000006,134.999994268
0.390788413904,0.107349697709,0.251166751076,0.0877107684271,0.392593227911,0.250403312848,135.00000006,134.999994268
0.390766642454,0.108001070081,0.251176239213,0.0882512595459,0.392593227911,0.250403312848,135.00000006,134.999994268
0.390744741416,0.108652523037,0.25118579065,0.0887919616641,0.392593227911,0.250403312848,135.00000006,134.999994268
0.390722710797,0.10930405702,0.251195405469,0.0893328759233,0.392593227911,0.250403312848,135.00000006,134.999994268
0.390700550633,0.109955672378,0.251205083804,0.0898740033096,0.392593227911,0.250403312848,135.00000006,134.999994268
0.390678260966,0.110607369426,0.251214825738,0.0904153449563,0.392593227911,0.250403312848,135.00000006,134.999994268
0.390655841809,0.111259148596,0.251224631405,0.0909569018469,0.392593227911,0.250403312848,135.00000006,134.999994268
0.390633293197,0.111911010231,0.251234500922,0.0914986750151,0.392593227911,0.250403312848,135.00000006,134.999994268
0.390610615174,0.11256295464,0.251244434393,0.0920406655236,0.392593227911,0.250403312848,135.00000006,134.999994268
0.390587807751,0.113214982256,0.251254431955,0.0925828743505,0.392593227911,0.250403312848,135.00000006,134.999994268
0.390564870969,0.113867093404,0.251264493696,0.0931253025945,0.392593227911,0.250403312848,135.00000006,134.999994268
0.390541804873,0.114519288392,0.251274619752,0.0936679512305,0.392593227911,0.250403312848,135.00000006,134.999994268
0.390518609472,0.115171567654,0.251284810218,0.0942108213412,0.392593227911,0.250403312848,135.00000006,134.999994268
0.390495284811,0.115823931497,0.251295065228,0.0947539138981,0.392593227911,0.250403312848,135.00000006,134.999994268
0.390471830935,0.116476380227,0.251305384908,0.0952972298959,0.392593227911,0.250403312848,135.00000006,134.999994268
0.390448247858,0.117128914264,0.251315769365,0.0958407703754,0.392593227911,0.250403312848,135.00000006,134.999994268
0.390424535626,0.11778153391,0.251326218735,0.0963845363012,0.392593227911,0.250403312848,135.00000006,134.999994268
0.390400694277,0.118434239492,0.251336733119,0.0969285287254,0.392593227911,0.250403312848,135.00000006,134.999994268
0.390376723834,0.119087031394,0.251347312653,0.0974727486092,0.392593227911,0.250403312848,135.00000006,134.999994268
0.390352624345,0.119739909915,0.251357957441,0.0980171969898,0.392593227911,0.250403312848,135.00000006,134.999994268
0.390328395841,0.120392875405,0.251368667619,0.0985618748247,0.392593227911,0.250403312848,135.00000006,134.999994268
0.390304038355,0.121045928209,0.251379443294,0.0991067831371,0.392593227911,0.250403312848,135.00000006,134.999994268
0.390279551936,0.121699068621,0.251390284603,0.0996519228805,0.392593227911,0.250403312848,135.00000006,134.999994268
0.390254936606,0.122352297021,0.251401191674,0.100197295021,0.392593227911,0.250403312848,135.00000006,134.999994268
0.39023019241,0.123005613709,0.251412164625,0.100742900551,0.392593227911,0.250403312848,135.00000006,134.999994268
0.3902053194,0.123659018974,0.251423203591,0.101288740416,0.392593227911,0.250403312848,135.00000006,134.999994268
0.390180317597,0.124312513195,0.251434308687,0.101834815613,0.392593227911,0.250403312848,135.00000006,134.999994268
0.390155187051,0.124966096658,0.251445480049,0.102381127081,0.392593227911,0.250403312848,135.00000006,134.999994268
0.390129927801,0.125619769684,0.251456717795,0.102927675805,0.392593227911,0.250403312848,135.00000006,134.999994268
0.390104539883,0.126273532606,0.251468022058,0.10347446272,0.392593227911,0.250403312848,135.00000006,134.999994268
0.390079023348,0.126927385705,0.251479392961,0.104021488798,0.392593227911,0.250403312848,135.00000006,134.999994268
0.390053378224,0.127581329341,0.251490830638,0.104568754969,0.392593227911,0.250403312848,135.00000006,134.999994268
0.39002760456,0.128235363792,0.251502335214,0.105116262192,0.392593227911,0.250403312848,135.00000006,134.999994268
0.390001702411,0.128889489341,0.251513906822,0.105664011394,0.392593227911,0.250403312848,135.00000006,134.999994268
0.389975671804,0.129543706331,0.25152554559,0.106212003521,0.392593227911,0.250403312848,135.00000006,134.999994268
0.389949512794,0.130198015038,0.251537251652,0.106760239495,0.392593227911,0.250403312848,135.00000006,134.999994268
0.389923225415,0.130852415791,0.251549025139,0.10730872025,0.392593227911,0.250403312848,135.00000006,134.999994268
0.389896809718,0.131506908873,0.251560866184,0.107857446702,0.392593227911,0.250403312848,135.00000006,134.999994268
0.389870265757,0.132161494552,0.251572774919,0.108406419776,0.392593227911,0.250403312848,135.00000006,134.999994268
0.389843593565,0.13281617316,0.25158475148,0.108955640381,0.392593227911,0.250403312848,135.00000006,134.999994268
0.389816793199,0.133470944962,0.251596796001,0.109505109431,0.392593227911,0.250403312848,135.00000006,134.999994268
0.389789864696,0.134125810273,0.251608908617,0.11005482783,0.392593227911,0.250403312848,135.00000006,134.999994268
0.389762808109,0.134780769364,0.251621089463,0.11060479648,0.392593227911,0.250403312848,135.00000006,134.999994268
0.389735623496,0.135435822497,0.251633338677,0.11115501628,0.392593227911,0.250403312848,135.00000006,134.999994268
0.389708310893,0.136090969985,0.251645656395,0.11170548812,0.392593227911,0.250403312848,135.00000006,134.999994268
0.38968087036,0.136746212085,0.251658042754,0.112256212894,0.392593227911,0.250403312848,135.00000006,134.999994268
0.389653301935,0.137401549103,0.251670497895,0.112807191483,0.392593227911,0.250403312848,135.00000006,134.999994268
0.389625605677,0.138056981294,0.251683021953,0.113358424773,0.392593227911,0.250403312848,135.00000006,134.999994268
0.389597781642,0.138712508916,0.25169561507,0.113909913635,0.392593227911,0.250403312848,135.00000006,134.999994268
0.389569829876,0.139368132259,0.251708277383,0.114461658949,0.392593227911,0.250403312848,135.00000006,134.999994268
0.389541750437,0.140023851572,0.251721009037,0.115013661575,0.392593227911,0.250403312848,135.00000006,134.999994268
0.389513543371,0.140679667144,0.251733810167,0.115565922387,0.392593227911,0.250403312848,135.00000006,134.999994268
0.389485208738,0.141335579221,0.25174668092,0.116118442236,0.392593227911,0.250403312848,135.00000006,134.999994268
0.389456746586,0.141991588078,0.251759621433,0.116671221988,0.392593227911,0.250403312848,135.00000006,134.999994268
0.389428156976,0.142647693963,0.251772631853,0.117224262484,0.392593227911,0.250403312848,135.00000006,134.999994268
0.389399439969,0.143303897114,0.251785712317,0.117777564586,0.392593227911,0.250403312848,135.00000006,134.999994268
0.389370595613,0.143960197807,0.251798862977,0.118331129122,0.392593227911,0.250403312848,135.00000006,134.999994268
0.389341623973,0.144616596275,0.251812083967,0.118884956947,0.392593227911,0.250403312848,135.00000006,134.999994268
0.389312525098,0.145273092787,0.251825375441,0.119439048881,0.392593227911,0.250403312848,135.00000006,134.999994268
0.389283299053,0.145929687574,0.251838737534,0.119993405773,0.392593227911,0.250403312848,135.00000006,134.999994268
0.389253945891,0.146586380894,0.251852170402,0.120548028431,0.392593227911,0.250403312848,135.00000006,134.999994268
0.389224465676,0.147243172977,0.251865674187,0.121102917683,0.392593227911,0.250403312848,135.00000006,134.999994268
0.389194858474,0.14790006405,0.251879249039,0.121658074342,0.392593227911,0.250403312848,135.00000006,134.999994268
0.38916512434,0.148557054361,0.251892895115,0.122213499201,0.392593227911,0.250403312848,135.00000006,134.999994268
0.389135263341,0.149214144133,0.251906612552,0.122769193091,0.392593227911,0.250403312848,135.00000006,134.999994268
0.389105275535,0.149871333609,0.25192040151,0.123325156795,0.392593227911,0.250403312848,135.00000006,134.999994268
0.389075160989,0.150528623007,0.251934262124,0.123881391139,0.392593227911,0.250403312848,135.00000006,134.999994268
0.389044919763,0.151186012566,0.251948194556,0.124437896896,0.392593227911,0.250403312848,135.00000006,134.999994268
0.389014551925,0.151843502499,0.251962198943,0.124994674883,0.392593227911,0.250403312848,135.00000006,134.999994268
0.388984057536,0.152501093037,0.251976275448,0.125551725863,0.392593227911,0.250403312848,135.00000006,134.999994268
0.388953436666,0.153158784389,0.251990424215,0.126109050631,0.392593227911,0.250403312848,135.00000006,134.999994268
0.388922689381,0.153816576774,0.252004645401,0.126666649957,0.392593227911,0.250403312848,135.00000006,134.999994268
0.38889181575,0.154474470404,0.252018939171,0.127224524587,0.392593227911,0.250403312848,135.00000006,134.999994268
0.388860815844,0.155132465481,0.252033305662,0.127782675323,0.392593227911,0.250403312848,135.00000006,134.999994268
0.388829689728,0.155790562222,0.252047745041,0.128341102902,0.392593227911,0.250403312848,135.00000006,134.999994268
0.388798437476,0.156448760824,0.252062257446,0.128899808118,0.392593227911,0.250403312848,135.00000006,134.999994268
0.388767059155,0.1571070615,0.252076843045,0.129458791697,0.392593227911,0.250403312848,135.00000006,134.999994268
0.38873555484,0.157765464442,0.252091501988,0.130018054402,0.392593227911,0.250403312848,135.00000006,134.999994268
0.388703924599,0.158423969856,0.252106234432,0.130577596975,0.392593227911,0.250403312848,135.00000006,134.999994268
0.388672168507,0.159082577929,0.252121040549,0.131137420129,0.392593227911,0.250403312848,135.00000006,134.999994268
0.388640286637,0.159741288862,0.252135920476,0.131697524639,0.392593227911,0.250403312848,135.00000006,134.999994268
0.388608279065,0.160400102838,0.252150874386,0.132257911207,0.392593227911,0.250403312848,135.00000006,134.999994268
0.388576145864,0.16105902005,0.252165902417,0.1328185806,0.392593227911,0.250403312848,135.00000006,134.999994268
0.388543887112,0.161718040677,0.252181004742,0.133379533512,0.392593227911,0.250403312848,135.00000006,134.999994268
0.388511502885,0.162377164907,0.252196181537,0.13394077063,0.392593227911,0.250403312848,135.00000006,134.999994268
0.38847899326,0.163036392915,0.252211432939,0.134502292712,0.392593227911,0.250403312848,135.00000006,134.999994268
0.388446358317,0.16369572488,0.252226759125,0.135064100434,0.392593227911,0.250403312848,135.00000006,134.999994268
0.388413598134,0.164355160975,0.252242160233,0.135626194546,0.392593227911,0.250403312848,135.00000006,134.999994268
0.388380712791,0.165014701371,0.252257636441,0.136188575715,0.392593227911,0.250403312848,135.00000006,134.999994268
0.388347702371,0.165674346238,0.252273187927,0.136751244605,0.392593227911,0.250403312848,135.00000006,134.999994268
0.388314566953,0.166334095741,0.252288814829,0.137314201953,0.392593227911,0.250403312848,135.00000006,134.999994268
0.388281306622,0.166993950044,0.252304517328,0.137877448413,0.392593227911,0.250403312848,135.00000006,134.999994268
0.388247921461,0.167653909306,0.252320295572,0.138440984693,0.392593227911,0.250403312848,135.00000006,134.999994268
0.388214411553,0.168313973687,0.252336149732,0.139004811458,0.392593227911,0.250403312848,135.00000006,134.999994268
0.388180776984,0.168974143342,0.25235207999,0.139568929345,0.392593227911,0.250403312848,135.00000006,134.999994268
0.38814701784,0.169634418422,0.252368086486,0.140133339072,0.392593227911,0.250403312848,135.00000006,134.999994268
0.388113134207,0.170294799078,0.252384169401,0.140698041268,0.392593227911,0.250403312848,135.00000006,134.999994268
0.388079126175,0.170955285458,0.252400328906,0.141263036587,0.392593227911,0.250403312848,135.00000006,134.999994268
0.38804499383,0.171615877705,0.252416565153,0.141828325704,0.392593227911,0.250403312848,135.00000006,134.999994268
0.388010737263,0.172276575962,0.25243287833,0.142393909233,0.392593227911,0.250403312848,135.00000006,134.999994268
0.387976356564,0.172937380366,0.252449268584,0.142959787853,0.392593227911,0.250403312848,135.00000006,134.999994268
0.387941851823,0.173598291056,0.252465736092,0.143525962186,0.392593227911,0.250403312848,135.00000006,134.999994268
0.387907223134,0.174259308164,0.252482281043,0.144092432833,0.392593227911,0.250403312848,135.00000006,134.999994268
0.387872470588,0.174920431823,0.252498903575,0.144659200478,0.392593227911,0.250403312848,135.00000006,134.999994268
0.387837594281,0.175581662158,0.252515603877,0.14522626571,0.392593227911,0.250403312848,135.00000006,134.999994268
0.387802594305,0.176242999298,0.252532382132,0.145793629127,0.392593227911,0.250403312848,135.00000006,134.999994268
0.387767470759,0.176904443362,0.252549238485,0.146361291388,0.392593227911,0.250403312848,135.00000006,134.999994268
0.387732223735,0.177565994474,0.252566173127,0.146929253069,0.392593227911,0.250403312848,135.00000006,134.999994268
0.387696853335,0.178227652748,0.252583186232,0.147497514775,0.392593227911,0.250403312848,135.00000006,134.999994268
0.387661359654,0.178889418303,0.252600277957,0.14806607713,0.392593227911,0.250403312848,135.00000006,134.999994268
0.387625742793,0.179551291245,0.252617448494,0.148634940695,0.392593227911,0.250403312848,135.00000006,134.999994268
0.387590002851,0.180213271689,0.25263469801,0.149204106075,0.392593227911,0.250403312848,135.00000006,134.999994268
0.38755413993,0.180875359736,0.252652026672,0.149773573867,0.392593227911,0.250403312848,135.00000006,134.999994268
0.387518154131,0.181537555495,0.252669434674,0.150343344619,0.392593227911,0.250403312848,135.00000006,134.999994268
0.387482045558,0.182199859062,0.252686922179,0.150913418926,0.392593227911,0.250403312848,135.00000006,134.999994268
0.387445814313,0.182862270539,0.252704489358,0.151483797366,0.392593227911,0.250403312848,135.00000006,134.999994268
0.387409460504,0.183524790016,0.252722136409,0.152054480473,0.392593227911,0.250403312848,135.00000006,134.999994268
0.38737298424,0.184187417579,0.252739863493,0.152625468828,0.392593227911,0.250403312848,135.00000006,134.999994268
0.387336385623,0.184850153326,0.252757670786,0.153196762996,0.392593227911,0.250403312848,135.00000006,134.999994268
0.387299664765,0.185512997335,0.252775558483,0.153768363494,0.392593227911,0.250403312848,135.00000006,134.999994268
0.387262821771,0.186175949698,0.252793526754,0.154340270887,0.392593227911,0.250403312848,135.00000006,134.999994268
0.387225856755,0.18683901049,0.252811575768,0.154912485729,0.392593227911,0.250403312848,135.00000006,134.999994268
0.387188769822,0.187502179796,0.252829705725,0.155485008522,0.392593227911,0.250403312848,135.00000006,134.999994268
0.387151561089,0.188165457684,0.2528479168,0.156057839809,0.392593227911,0.250403312848,135.00000006,134.999994268
0.387114230664,0.188828844235,0.252866209158,0.156630980139,0.392593227911,0.250403312848,135.00000006,134.999994268
0.387076778665,0.189492339512,0.252884583001,0.157204430001,0.392593227911,0.250403312848,135.00000006,134.999994268
0.387039205206,0.190155943581,0.252903038513,0.157778189906,0.392593227911,0.250403312848,135.00000006,134.999994268
0.387001510402,0.190819656508,0.252921575851,0.158352260407,0.392593227911,0.250403312848,135.00000006,134.999994268
0.386963694375,0.191483478344,0.252940195218,0.158926641976,0.392593227911,0.250403312848,135.00000006,134.999994268
0.386925757238,0.192147409158,0.252958896811,0.159501335093,0.392593227911,0.250403312848,135.00000006,134.999994268
0.386887699113,0.192811448997,0.252977680786,0.160076340302,0.392593227911,0.250403312848,135.00000006,134.999994268
0.386849520116,0.193475597923,0.252996547336,0.160651658073,0.392593227911,0.250403312848,135.00000006,134.999994268
0.386811220372,0.194139855978,0.253015496669,0.161227288863,0.392593227911,0.250403312848,135.00000006,134.999994268
0.386772799998,0.194804223216,0.253034528949,0.161803233183,0.392593227911,0.250403312848,135.00000006,134.999994268
0.386734259122,0.195468699674,0.253053644356,0.162379491519,0.392593227911,0.250403312848,135.00000006,134.999994268
0.386695597871,0.196133285384,0.253072843097,0.162956064309,0.392593227911,0.250403312848,135.00000006,134.999994268
0.386656816367,0.196797980396,0.253092125357,0.163532952023,0.392593227911,0.250403312848,135.00000006,134.999994268
0.386617914738,0.197462784735,0.253111491298,0.164110155162,0.392593227911,0.250403312848,135.00000006,134.999994268
0.386578893108,0.198127698445,0.253130941128,0.164687674149,0.392593227911,0.250403312848,135.00000006,134.999994268
0.38653975161,0.198792721546,0.253150475055,0.165265509407,0.392593227911,0.250403312848,135.00000006,134.999994268
0.38650049037,0.199457854068,0.253170093242,0.16584366142,0.392593227911,0.250403312848,135.00000006,134.999994268
0.38646110952,0.200123096034,0.253189795876,0.166422130633,0.392593227911,0.250403312848,135.00000006,134.999994268
0.386421609198,0.200788447453,0.253209583167,0.167000917453,0.392593227911,0.250403312848,135.00000006,134.999994268
0.386381989529,0.201453908356,0.253229455304,0.16758002231,0.392593227911,0.250403312848,135.00000006,134.999994268
0.386342250653,0.202119478747,0.253249412456,0.168159445665,0.392593227911,0.250403312848,135.00000006,134.999994268
0.386302392698,0.202785158653,0.253269454826,0.16873918792,0.392593227911,0.250403312848,135.00000006,134.999994268
0.386262415805,0.20345094807,0.253289582626,0.169319249461,0.392593227911,0.250403312848,135.00000006,134.999994268
0.386222320118,0.204116846995,0.253309796034,0.16989963072,0.392593227911,0.250403312848,135.00000006,134.999994268
0.386182105767,0.204782855445,0.253330095224,0.170480332129,0.392593227911,0.250403312848,135.00000006,134.999994268
0.386141772899,0.205448973408,0.25335048041,0.17106135406,0.392593227911,0.250403312848,135.00000006,134.999994268
0.386101321645,0.206115200897,0.253370951802,0.171642696883,0.392593227911,0.250403312848,135.00000006,134.999994268
0.386060752153,0.206781537894,0.253391509574,0.172224361019,0.392593227911,0.250403312848,135.00000006,134.999994268
0.386020064573,0.207447984381,0.25341215391,0.172806346868,0.392593227911,0.250403312848,135.00000006,134.999994268
0.38597925904,0.208114540359,0.253432885024,0.173388654784,0.392593227911,0.250403312848,135.00000006,134.999994268
0.385938335707,0.208781205804,0.253453703123,0.173971285123,0.392593227911,0.250403312848,135.00000006,134.999994268
0.385897294712,0.20944798071,0.253474608385,0.174554238284,0.392593227911,0.250403312848,135.00000006,134.999994268
0.385856136208,0.210114865048,0.253495600997,0.175137514644,0.392593227911,0.250403312848,135.00000006,134.999994268
0.385814860351,0.210781858782,0.253516681176,0.175721114536,0.392593227911,0.250403312848,135.00000006,134.999994268
0.385773467281,0.211448961902,0.253537849129,0.176305038299,0.392593227911,0.250403312848,135.00000006,134.999994268
0.385731957157,0.212116174365,0.253559105039,0.176889286306,0.392593227911,0.250403312848,135.00000006,134.999994268
0.385690330128,0.212783496148,0.25358044909,0.177473858921,0.392593227911,0.250403312848,135.00000006,134.999994268
0.385648586347,0.213450927211,0.253601881499,0.178058756456,0.392593227911,0.250403312848,135.00000006,134.999994268
0.385606725977,0.214118467505,0.253623402484,0.178643979223,0.392593227911,0.250403312848,135.00000006,134.999994268
0.385564749164,0.214786117005,0.253645012227,0.179229527573,0.392593227911,0.250403312848,135.00000006,134.999994268
0.385522656073,0.215453875654,0.253666710914,0.179815401851,0.392593227911,0.250403312848,135.00000006,134.999994268
0.385480446864,0.2161217434,0.253688498758,0.18040160236,0.392593227911,0.250403312848,135.00000006,134.999994268
0.385438121692,0.216789720203,0.253710375978,0.180988129386,0.392593227911,0.250403312848,135.00000006,134.999994268
0.385395680724,0.217457805997,0.253732342769,0.18157498325,0.392593227911,0.250403312848,135.00000006,134.999994268
0.385353124118,0.218126000734,0.253754399319,0.182162164274,0.392593227911,0.250403312848,135.00000006,134.999994268
0.385310452038,0.218794304352,0.253776545829,0.18274967276,0.392593227911,0.250403312848,135.00000006,134.999994268
0.385267664658,0.219462716775,0.253798782518,0.183337508976,0.392593227911,0.250403312848,135.00000006,134.999994268
0.385224762132,0.220131237958,0.253821109599,0.1839256732,0.392593227911,0.250403312848,135.00000006,134.999994268
0.385181744634,0.220799867818,0.253843527262,0.184514165732,0.392593227911,0.250403312848,135.00000006,134.999994268
0.385138612339,0.221468606274,0.253866035701,0.185102986866,0.392593227911,0.250403312848,135.00000006,134.999994268
0.385095365407,0.222137453268,0.253888635128,0.185692136864,0.392593227911,0.250403312848,135.00000006,134.999994268
0.385052004018,0.22280640871,0.253911325766,0.186281615969,0.392593227911,0.250403312848,135.00000006,134.999994268
0.385008528342,0.223475472517,0.253934107819,0.186871424447,0.392593227911,0.250403312848,135.00000006,134.999994268
0.384964938551,0.224144644615,0.253956981482,0.187461562569,0.392593227911,0.250403312848,135.00000006,134.999994268
0.384921234825,0.224813924903,0.253979946951,0.188052030603,0.392593227911,0.250403312848,135.00000006,134.999994268
0.384877417338,0.225483313299,0.254003004444,0.188642828779,0.392593227911,0.250403312848,135.00000006,134.999994268
0.384833486267,0.22615280971,0.254026154187,0.189233957316,0.392593227911,0.250403312848,135.00000006,134.999994268
0.384789441799,0.226822414027,0.254049396382,0.189825416457,0.392593227911,0.250403312848,135.00000006,134.999994268
0.384745284105,0.227492126164,0.254072731228,0.190417206446,0.392593227911,0.250403312848,135.00000006,134.999994268
0.384701013371,0.228161946014,0.254096158925,0.191009327523,0.392593227911,0.250403312848,135.00000006,134.999994268
0.384656629788,0.228831873459,0.25411967969,0.191601779897,0.392593227911,0.250403312848,135.00000006,134.999994268
0.384612133529,0.229501908408,0.254143293749,0.192194563763,0.392593227911,0.250403312848,135.00000006,134.999994268
0.384567524785,0.230172050741,0.254167001312,0.192787679332,0.392593227911,0.250403312848,135.00000006,134.999994268
0.384522803751,0.23084230033,0.254190802581,0.19338112682,0.392593227911,0.250403312848,135.00000006,134.999994268
0.384477970605,0.231512657078,0.254214697758,0.19397490644,0.392593227911,0.250403312848,135.00000006,134.999994268
0.384433025541,0.232183120853,0.254238687053,0.19456901839,0.392593227911,0.250403312848,135.00000006,134.999994268
0.384387968758,0.23285369152,0.254262770693,0.195163462838,0.392593227911,0.250403312848,135.00000006,134.999994268
0.384342800439,0.233524368971,0.254286948902,0.195758239956,0.392593227911,0.250403312848,135.00000006,134.999994268
0.384297520781,0.234195153066,0.254311221883,0.196353349934,0.392593227911,0.250403312848,135.00000006,134.999994268
0.384252129988,0.234866043661,0.254335589844,0.196948792955,0.392593227911,0.250403312848,135.00000006,134.999994268
0.384206628247,0.235537040636,0.25436005299,0.197544569199,0.392593227911,0.250403312848,135.00000006,134.999994268
0.384161015759,0.236208143845,0.254384611539,0.198140678824,0.392593227911,0.250403312848,135.00000006,134.999994268
0.384115292733,0.236879353134,0.254409265719,0.198737121972,0.392593227911,0.250403312848,135.00000006,134.999994268
0.384069459359,0.237550668372,0.254434015753,0.199333898787,0.392593227911,0.250403312848,135.00000006,134.999994268
0.384023515843,0.238222089407,0.254458861848,0.199931009428,0.392593227911,0.250403312848,135.00000006,134.999994268
0.383977462397,0.238893616073,0.254483804213,0.200528454046,0.392593227911,0.250403312848,135.00000006,134.999994268
0.383931299218,0.239565248229,0.25450884306,0.201126232786,0.392593227911,0.250403312848,135.00000006,134.999994268
0.383885026514,0.240236985717,0.254533978603,0.201724345782,0.392593227911,0.250403312848,135.00000006,134.999994268
0.383838644499,0.240908828363,0.254559211074,0.202322793145,0.392593227911,0.250403312848,135.00000006,134.999994268
0.383792153381,0.241580776009,0.2545845407,0.202921574984,0.392593227911,0.250403312848,135.00000006,134.999994268
0.383745553366,0.242252828494,0.254609967692,0.203520691425,0.392593227911,0.250403312848,135.00000006,134.999994268
0.383698844674,0.242924985636,0.254635492265,0.204120142585,0.392593227911,0.250403312848,135.00000006,134.999994268
0.38365202752,0.243597247262,0.254661114632,0.204719928578,0.392593227911,0.250403312848,135.00000006,134.999994268
0.38360510211,0.244269613207,0.254686835007,0.205320049512,0.392593227911,0.250403312848,135.00000006,134.999994268
0.383558068671,0.244942083281,0.254712653613,0.205920505479,0.392593227911,0.250403312848,135.00000006,134.999994268
0.383510927424,0.245614657292,0.254738570683,0.206521296553,0.392593227911,0.250403312848,135.00000006,134.999994268
0.383463678579,0.246287335071,0.254764586442,0.207122422816,0.392593227911,0.250403312848,135.00000006,134.999994268
0.383416322363,0.246960116423,0.254790701107,0.207723884353,0.392593227911,0.250403312848,135.00000006,134.999994268
0.383368859006,0.247633001143,0.254816914895,0.208325681246,0.392593227911,0.250403312848,135.00000006,134.999994268
0.383321288724,0.248305989047,0.254843228022,0.20892781357,0.392593227911,0.250403312848,135.00000006,134.999994268
0.383273611743,0.24897907994,0.254869640708,0.209530281395,0.392593227911,0.250403312848,135.00000006,134.999994268
0.383225828298,0.249652273608,0.25489615317,0.210133084787,0.392593227911,0.250403312848,135.00000006,134.999994268
0.383177938616,0.250325569848,0.254922765644,0.210736223784,0.392593227911,0.250403312848,135.00000006,134.999994268
0.383129942918,0.250998968467,0.254949478363,0.211339698424,0.392593227911,0.250403312848,135.00000006,134.999994268
0.383081841446,0.251672469241,0.254976291549,0.211943508755,0.392593227911,0.250403312848,135.00000006,134.999994268
0.383033634439,0.252346071946,0.255003205422,0.212547654821,0.392593227911,0.250403312848,135.00000006,134.999994268
0.382985322123,0.25301977638,0.255030220202,0.21315213666,0.392593227911,0.250403312848,135.00000006,134.999994268
0.382936904734,0.253693582322,0.255057336112,0.213756954305,0.392593227911,0.250403312848,135.00000006,134.999994268
0.382888382518,0.254367489537,0.255084553372,0.214362107783,0.392593227911,0.250403312848,135.00000006,134.999994268
0.382839755713,0.255041497803,0.255111872207,0.214967597116,0.392593227911,0.250403312848,135.00000006,134.999994268
0.382791024552,0.255715606902,0.255139292846,0.215573422313,0.392593227911,0.250403312848,135.00000006,134.999994268
0.382742189285,0.256389816591,0.255166815527,0.216179583369,0.392593227911,0.250403312848,135.00000006,134.999994268
0.382693250163,0.257064126622,0.255194440478,0.216786080285,0.392593227911,0.250403312848,135.00000006,134.999994268
0.382644207425,0.257738536771,0.255222167924,0.21739291306,0.392593227911,0.250403312848,135.00000006,134.999994268
0.382595061314,0.258413046798,0.25524999809,0.218000081692,0.392593227911,0.250403312848,135.00000006,134.999994268
0.382545812088,0.259087656447,0.255277931201,0.218607586171,0.392593227911,0.250403312848,135.00000006,134.999994268
0.382496459999,0.259762365467,0.255305967483,0.219215426482,0.392593227911,0.250403312848,135.00000006,134.999994268
0.382447005291,0.260437173621,0.255334107163,0.219823602604,0.392593227911,0.250403312848,135.00000006,134.999994268
0.382397448219,0.261112080649,0.255362350466,0.220432114513,0.392593227911,0.250403312848,135.00000006,134.999994268
0.382347789048,0.261787086282,0.255390697621,0.221040962178,0.392593227911,0.250403312848,135.00000006,134.999994268
0.382298028031,0.262462190265,0.255419148862,0.221650145554,0.392593227911,0.250403312848,135.00000006,134.999994268
0.382248165419,0.263137392345,0.255447704428,0.222259664589,0.392593227911,0.250403312848,135.00000006,134.999994268
0.382198201478,0.263812692247,0.25547636455,0.222869519232,0.392593227911,0.250403312848,135.00000006,134.999994268
0.382148136477,0.26448808969,0.255505129457,0.223479709431,0.392593227911,0.250403312848,135.00000006,134.999994268
0.382097970674,0.265163584408,0.25553399938,0.22409023513,0.392593227911,0.250403312848,135.00000006,134.999994268
0.382047704327,0.265839176137,0.255562974546,0.224701096268,0.392593227911,0.250403312848,135.00000006,134.999994268
0.38199733771,0.266514864587,0.255592055187,0.225312292776,0.392593227911,0.250403312848,135.00000006,134.999994268
0.381946871098,0.267190649463,0.255621241533,0.225923824583,0.392593227911,0.250403312848,135.00000006,134.999994268
0.381896304755,0.267866530491,0.255650533815,0.226535691611,0.392593227911,0.250403312848,135.00000006,134.999994268
0.381845638945,0.268542507392,0.255679932264,0.227147893777,0.392593227911,0.250403312848,135.00000006,134.999994268
0.381794873949,0.269218579862,0.255709437112,0.227760430992,0.392593227911,0.250403312848,135.00000006,134.999994268
0.38174401005,0.269894747597,0.255739048592,0.228373303164,0.392593227911,0.250403312848,135.00000006,134.999994268
0.381693047516,0.27057101031,0.255768766937,0.228986510192,0.392593227911,0.250403312848,135.00000006,134.999994268
0.381641986618,0.271247367708,0.255798592387,0.229600051965,0.392593227911,0.250403312848,135.00000006,134.999994268
0.381590827645,0.271923819478,0.255828525182,0.230213928366,0.392593227911,0.250403312848,135.00000006,134.999994268
0.381539570885,0.272600365299,0.255858565557,0.230828139282,0.392593227911,0.250403312848,135.00000006,134.999994268
0.381488216615,0.273277004873,0.255888713745,0.231442684593,0.392593227911,0.250403312848,135.00000006,134.999994268
0.381436765113,0.273953737893,0.25591896998,0.232057564175,0.392593227911,0.250403312848,135.00000006,134.999994268
0.381385216671,0.274630564038,0.255949334497,0.2326727779,0.392593227911,0.250403312848,135.00000006,134.999994268
0.381333571584,0.275307482975,0.255979807531,0.233288325632,0.392593227911,0.250403312848,135.00000006,134.999994268
0.381281830139,0.275984494388,0.256010389318,0.233904207232,0.392593227911,0.250403312848,135.00000006,134.999994268
0.38122999262,0.276661597959,0.256041080094,0.234520422555,0.392593227911,0.250403312848,135.00000006,134.999994268
0.381178059323,0.277338793358,0.256071880094,0.235136971451,0.392593227911,0.250403312848,135.00000006,134.999994268
0.381126030549,0.278016080242,0.256102789555,0.235753853765,0.392593227911,0.250403312848,135.00000006,134.999994268
0.381073906597,0.278693458275,0.256133808714,0.236371069337,0.392593227911,0.250403312848,135.00000006,134.999994268
0.381021687757,0.279370927127,0.256164937808,0.236988618001,0.392593227911,0.250403312848,135.00000006,134.999994268
0.380969374326,0.280048486464,0.256196177076,0.237606499586,0.392593227911,0.250403312848,135.00000006,134.999994268
0.380916966614,0.280726135928,0.256227526755,0.238224713918,0.392593227911,0.250403312848,135.00000006,134.999994268
0.380864464929,0.281403875166,0.256258987083,0.238843260814,0.392593227911,0.250403312848,135.00000006,134.999994268
0.380811869571,0.282081703834,0.256290558299,0.23946214009,0.392593227911,0.250403312848,135.00000006,134.999994268
0.380759180842,0.282759621586,0.256322240643,0.240081351553,0.392593227911,0.250403312848,135.00000006,134.999994268
0.380706399052,0.283437628063,0.256354034353,0.240700895009,0.392593227911,0.250403312848,135.00000006,134.999994268
0.380653524519,0.284115722893,0.256385939668,0.241320770255,0.392593227911,0.250403312848,135.00000006,134.999994268
0.380600557555,0.284793905714,0.256417956833,0.241940977083,0.392593227911,0.250403312848,135.00000006,134.999994268
0.380547498469,0.285472176168,0.256450086089,0.242561515278,0.392593227911,0.250403312848,135.00000006,134.999994268
0.380494347571,0.286150533893,0.256482327678,0.243182384624,0.392593227911,0.250403312848,135.00000006,134.999994268
0.380441105184,0.286828978506,0.25651468184,0.243803584899,0.392593227911,0.250403312848,135.00000006,134.999994268
0.380387771636,0.287507509624,0.256547148816,0.244425115878,0.392593227911,0.250403312848,135.00000006,134.999994268
0.380334347242,0.288186126872,0.256579728848,0.245046977328,0.392593227911,0.250403312848,135.00000006,134.999994268
0.380280832321,0.288864829877,0.256612422177,0.245669169014,0.392593227911,0.250403312848,135.00000006,134.999994268
0.380227227194,0.289543618258,0.256645229044,0.246291690695,0.392593227911,0.250403312848,135.00000006,134.999994268
0.380173532192,0.290222491619,0.256678149691,0.246914542124,0.392593227911,0.250403312848,135.00000006,134.999994268
0.380119747652,0.29090144956,0.256711184362,0.24753772305,0.392593227911,0.250403312848,135.00000006,134.999994268
0.380065873897,0.291580491695,0.256744333297,0.248161233216,0.392593227911,0.250403312848,135.00000006,134.999994268
0.380011911255,0.292259617631,0.25677759674,0.248785072362,0.392593227911,0.250403312848,135.00000006,134.999994268
0.379957860054,0.292938826975,0.256810974935,0.249409240221,0.392593227911,0.250403312848,135.00000006,134.999994268
0.379903720638,0.293618119313,0.256844468124,0.250033736521,0.392593227911,0.250403312848,135.00000006,134.999994268
0.379849493349,0.294297494231,0.256878076551,0.250658560986,0.392593227911,0.250403312848,135.00000006,134.999994268
0.379795178521,0.294976951327,0.25691180046,0.251283713335,0.392593227911,0.250403312848,135.00000006,134.999994268
0.379740776491,0.295656490194,0.256945640096,0.251909193282,0.392593227911,0.250403312848,135.00000006,134.999994268
0.379686287595,0.296336110422,0.256979595701,0.252535000534,0.392593227911,0.250403312848,135.00000006,134.999994268
0.379631712185,0.297015811586,0.257013667522,0.253161134797,0.392593227911,0.250403312848,135.00000006,134.999994268
0.379577050612,0.297695593254,0.257047855802,0.253787595769,0.392593227911,0.250403312848,135.00000006,134.999994268
0.379522303222,0.298375455007,0.257082160787,0.254414383143,0.392593227911,0.250403312848,135.00000006,134.999994268
0.37946747036,0.299055396422,0.257116582722,0.255041496608,0.392593227911,0.250403312848,135.00000006,134.999994268
0.379412552373,0.299735417074,0.257151121853,0.255668935849,0.392593227911,0.250403312848,135.00000006,134.999994268
0.379357549614,0.300415516529,0.257185778425,0.256296700545,0.392593227911,0.250403312848,135.00000006,134.999994268
0.379302462447,0.30109569434,0.257220552684,0.256924790369,0.392593227911,0.250403312848,135.00000006,134.999994268
0.37924729123,0.301775950066,0.257255444877,0.257553204991,0.392593227911,0.250403312848,135.00000006,134.999994268
0.379192036316,0.30245628327,0.25729045525,0.258181944075,0.392593227911,0.250403312848,135.00000006,134.999994268
0.379136698062,0.303136693511,0.257325584048,0.258811007281,0.392593227911,0.250403312848,135.00000006,134.999994268
0.379081276827,0.303817180345,0.25736083152,0.259440394262,0.392593227911,0.250403312848,135.00000006,134.999994268
0.379025772979,0.304497743313,0.257396197912,0.260070104669,0.392593227911,0.250403312848,135.00000006,134.999994268
0.378970186893,0.305178381953,0.25743168347,0.260700138147,0.392593227911,0.250403312848,135.00000006,134.999994268
0.378914518932,0.305859095809,0.257467288444,0.261330494334,0.392593227911,0.250403312848,135.00000006,134.999994268
0.378858769464,0.306539884426,0.257503013078,0.261961172867,0.392593227911,0.250403312848,135.00000006,134.999994268
0.378802938854,0.307220747344,0.257538857623,0.262592173375,0.392593227911,0.250403312848,135.00000006,134.999994268
0.378747027474,0.307901684101,0.257574822325,0.263223495483,0.392593227911,0.250403312848,135.00000006,134.999994268
0.378691035705,0.30858269422,0.257610907435,0.26385513881,0.392593227911,0.250403312848,135.00000006,134.999994268
0.378634963929,0.309263777219,0.257647113204,0.264487102966,0.392593227911,0.250403312848,135.00000006,134.999994268
0.378578812524,0.309944932626,0.257683439883,0.265119387564,0.392593227911,0.250403312848,135.00000006,134.999994268
0.378522581865,0.310626159968,0.257719887718,0.265751992208,0.392593227911,0.250403312848,135.00000006,134.999994268
0.378466272332,0.311307458767,0.257756456959,0.266384916499,0.392593227911,0.250403312848,135.00000006,134.999994268
0.378409884306,0.311988828541,0.257793147856,0.267018160034,0.392593227911,0.250403312848,135.00000006,134.999994268
0.378353418177,0.312670268799,0.257829960657,0.267651722403,0.392593227911,0.250403312848,135.00000006,134.999994268
0.37829687434,0.313351779042,0.257866895611,0.268285603194,0.392593227911,0.250403312848,135.00000006,134.999994268
0.378240253184,0.314033358777,0.257903952969,0.268919801987,0.392593227911,0.250403312848,135.00000006,134.999994268
0.378183555097,0.314715007511,0.257941132978,0.269554318361,0.392593227911,0.250403312848,135.00000006,134.999994268
0.37812678047,0.315396724749,0.257978435885,0.27018915189,0.392593227911,0.250403312848,135.00000006,134.999994268
0.378069929695,0.316078509992,0.258015861938,0.270824302146,0.392593227911,0.250403312848,135.00000006,134.999994268
0.378013003169,0.316760362736,0.258053411382,0.271459768693,0.392593227911,0.250403312848,135.00000006,134.999994268
0.377956001297,0.317442282465,0.258091084465,0.272095551092,0.392593227911,0.250403312848,135.00000006,134.999994268
0.377898924484,0.318124268663,0.258128881434,0.272731648899,0.392593227911,0.250403312848,135.00000006,134.999994268
0.37784177313,0.318806320817,0.258166802536,0.273368061665,0.392593227911,0.250403312848,135.00000006,134.999994268
0.377784547638,0.319488438416,0.258204848018,0.274004788937,0.392593227911,0.250403312848,135.00000006,134.999994268
0.377727248411,0.320170620941,0.258243018127,0.274641830257,0.392593227911,0.250403312848,135.00000006,134.999994268
0.377669875856,0.320852867874,0.258281313111,0.275279185162,0.392593227911,0.250403312848,135.00000006,134.999994268
0.377612430381,0.321535178688,0.258319733216,0.275916853183,0.392593227911,0.250403312848,135.00000006,134.999994268
0.377554912406,0.322217552848,0.258358278692,0.276554833849,0.392593227911,0.250403312848,135.00000006,134.999994268
0.377497322349,0.322899989818,0.25839694979,0.277193126677,0.392593227911,0.250403312848,135.00000006,134.999994268
0.377439660622,0.323582489065,0.258435746765,0.277831731178,0.392593227911,0.250403312848,135.00000006,134.999994268
0.377381927642,0.324265050055,0.258474669866,0.278470646867,0.392593227911,0.250403312848,135.00000006,134.999994268
0.377324123826,0.32494767225,0.25851371934,0.279109873252,0.392593227911,0.250403312848,135.00000006,134.999994268
0.377266249593,0.325630355109,0.258552895435,0.279749409836,0.392593227911,0.250403312848,135.00000006,134.999994268
0.377208305364,0.32631309809,0.258592198399,0.280389256119,0.392593227911,0.250403312848,135.00000006,134.999994268
0.37715029157,0.326995900638,0.258631628481,0.281029411595,0.392593227911,0.250403312848,135.00000006,134.999994268
0.377092208641,0.327678762194,0.258671185928,0.281669875755,0.392593227911,0.250403312848,135.00000006,134.999994268
0.377034057009,0.328361682205,0.25871087099,0.282310648084,0.392593227911,0.250403312848,135.00000006,134.999994268
0.376975837102,0.329044660113,0.258750683913,0.282951728061,0.392593227911,0.250403312848,135.00000006,134.999994268
0.37691754935,0.329727695363,0.258790624948,0.283593115164,0.392593227911,0.250403312848,135.00000006,134.999994268
0.376859194186,0.330410787391,0.258830694341,0.284234808863,0.392593227911,0.250403312848,135.00000006,134.999994268
0.376800772046,0.331093935635,0.258870892341,0.284876808625,0.392593227911,0.250403312848,135.00000006,134.999994268
0.376742283365,0.331777139527,0.258911219202,0.285519113907,0.392593227911,0.250403312848,135.00000006,134.999994268
0.376683728588,0.332460398491,0.258951675182,0.286161724159,0.392593227911,0.250403312848,135.00000006,134.999994268
0.376625108162,0.333143711947,0.25899226053,0.286804638832,0.392593227911,0.250403312848,135.00000006,134.999994268
0.376566422532,0.333827079315,0.259032975496,0.287447857374,0.392593227911,0.250403312848,135.00000006,134.999994268
0.376507672143,0.334510500018,0.259073820327,0.288091379229,0.392593227911,0.250403312848,135.00000006,134.999994268
0.376448857441,0.335193973473,0.259114795273,0.288735203835,0.392593227911,0.250403312848,135.00000006,134.999994268
0.376389978874,0.335877499097,0.259155900581,0.289379330628,0.392593227911,0.250403312848,135.00000006,134.999994268
0.376331036893,0.336561076302,0.259197136502,0.290023759036,0.392593227911,0.250403312848,135.00000006,134.999994268
0.376272031949,0.337244704499,0.259238503283,0.290668488486,0.392593227911,0.250403312848,135.00000006,134.999994268
0.376212964496,0.337928383093,0.259280001173,0.291313518398,0.392593227911,0.250403312848,135.00000006,134.999994268
0.376153834996,0.338612111484,0.259321630421,0.291958848187,0.392593227911,0.250403312848,135.00000006,134.999994268
0.376094643914,0.339295889065,0.259363391287,0.292604477256,0.392593227911,0.250403312848,135.00000006,134.999994268
0.376035391711,0.339979715233,0.259405284026,0.293250405005,0.392593227911,0.250403312848,135.00000006,134.999994268
0.375976078848,0.340663589384,0.259447308886,0.293896630838,0.392593227911,0.250403312848,135.00000006,134.999994268
0.37591670579,0.34134751091,0.259489466118,0.294543154151,0.392593227911,0.250403312848,135.00000006,134.999994268
0.375857273001,0.342031479203,0.259531755968,0.295189974339,0.392593227911,0.250403312848,135.00000006,134.999994268
0.37579778095,0.342715493648,0.259574178687,0.295837090791,0.392593227911,0.250403312848,135.00000006,134.999994268
0.375738230105,0.343399553631,0.259616734522,0.296484502891,0.392593227911,0.250403312848,135.00000006,134.999994268
0.375678620939,0.344083658532,0.259659423721,0.297132210019,0.392593227911,0.250403312848,135.00000006,134.999994268
0.375618953924,0.344767807732,0.259702246534,0.29778021155,0.392593227911,0.250403312848,135.00000006,134.999994268
0.375559229542,0.345452000598,0.259745203219,0.298428506847,0.392593227911,0.250403312848,135.00000006,134.999994268
0.375499448276,0.346136236499,0.259788294036,0.299077095268,0.392593227911,0.250403312848,135.00000006,134.999994268
0.375439610605,0.346820514803,0.259831519231,0.299725976174,0.392593227911,0.250403312848,135.00000006,134.999994268
0.37537971701,0.347504834879,0.259874879053,0.300375148924,0.392593227911,0.250403312848,135.00000006,134.999994268
0.375319767974,0.348189196091,0.259918373752,0.30102461287,0.392593227911,0.250403312848,135.00000006,134.999994268
0.375259763983,0.348873597802,0.259962003574,0.301674367363,0.392593227911,0.250403312848,135.00000006,134.999994268
0.375199705523,0.349558039371,0.260005768768,0.302324411745,0.392593227911,0.250403312848,135.00000006,134.999994268
0.375139593082,0.350242520153,0.260049669581,0.302974745357,0.392593227911,0.250403312848,135.00000006,134.999994268
0.375079427151,0.350927039504,0.260093706273,0.303625367527,0.392593227911,0.250403312848,135.00000006,134.999994268
0.375019208223,0.351611596774,0.260137879102,0.304276277575,0.392593227911,0.250403312848,135.00000006,134.999994268
0.374958936793,0.352296191311,0.260182188317,0.304927474827,0.392593227911,0.250403312848,135.00000006,134.999994268
0.374898613359,0.352980822458,0.260226634166,0.305578958607,0.392593227911,0.250403312848,135.00000006,134.999994268
0.374838238425,0.353665489552,0.260271216897,0.306230728231,0.392593227911,0.250403312848,135.00000006,134.999994268
0.374777812494,0.35435019193,0.260315936756,0.306882783015,0.392593227911,0.250403312848,135.00000006,134.999994268
0.374717336068,0.355034928931,0.260360793993,0.307535122267,0.392593227911,0.250403312848,135.00000006,134.999994268
0.374656809651,0.355719699888,0.260405788858,0.308187745287,0.392593227911,0.250403312848,135.00000006,134.999994268
0.374596233749,0.356404504134,0.260450921612,0.308840651366,0.392593227911,0.250403312848,135.00000006,134.999994268
0.374535608869,0.357089340997,0.260496192509,0.309493839796,0.392593227911,0.250403312848,135.00000006,134.999994268
0.374474935521,0.357774209806,0.260541601795,0.310147309867,0.392593227911,0.250403312848,135.00000006,134.999994268
0.374414214218,0.358459109883,0.260587149718,0.310801060868,0.392593227911,0.250403312848,135.00000006,134.999994268
0.374353445472,0.35914404055,0.260632836524,0.311455092082,0.392593227911,0.250403312848,135.00000006,134.999994268
0.374292629798,0.359829001126,0.26067866246,0.312109402788,0.392593227911,0.250403312848,135.00000006,134.999994268
0.374231767715,0.360513990926,0.260724627779,0.312763992256,0.392593227911,0.250403312848,135.00000006,134.999994268
0.374170859742,0.361199009263,0.260770732741,0.313418859745,0.392593227911,0.250403312848,135.00000006,134.999994268
0.374109906399,0.361884055448,0.260816977598,0.314074004516,0.392593227911,0.250403312848,135.00000006,134.999994268
0.374048908214,0.362569128785,0.260863362596,0.314729425832,0.392593227911,0.250403312848,135.00000006,134.999994268
0.373987865715,0.363254228575,0.26090988798,0.315385122951,0.392593227911,0.250403312848,135.00000006,134.999994268
0.37392677943,0.36393935412,0.260956553998,0.316041095125,0.392593227911,0.250403312848,135.00000006,134.999994268
0.373865649888,0.36462450472,0.261003360894,0.316697341605,0.392593227911,0.250403312848,135.00000006,134.999994268
0.373804477619,0.365309679673,0.261050308929,0.317353861622,0.392593227911,0.250403312848,135.00000006,134.999994268
0.373743263156,0.365994878272,0.26109739836,0.318010654409,0.392593227911,0.250403312848,135.00000006,134.999994268
0.373682007032,0.366680099812,0.261144629433,0.318667719202,0.392593227911,0.250403312848,135.00000006,134.999994268
0.373620709785,0.367365343581,0.261192002392,0.319325055233,0.392593227911,0.250403312848,135.00000006,134.999994268
0.373559371951,0.368050608866,0.261239517482,0.319982661731,0.392593227911,0.250403312848,135.00000006,134.999994268
0.373497994071,0.368735894951,0.261287174947,0.32064053792,0.392593227911,0.250403312848,135.00000006,134.999994268
0.373436576687,0.36942120112,0.261334975047,0.321298683008,0.392593227911,0.250403312848,135.00000006,134.999994268
0.373375120342,0.37010652665,0.261382918039,0.321957096201,0.392593227911,0.250403312848,135.00000006,134.999994268
0.373313625582,0.370791870818,0.261431004167,0.322615776708,0.392593227911,0.250403312848,135.00000006,134.999994268
0.373252092954,0.371477232899,0.261479233676,0.323274723738,0.392593227911,0.250403312848,135.00000006,134.999994268
0.373190523007,0.372162612164,0.26152760681,0.323933936495,0.392593227911,0.250403312848,135.00000006,134.999994268
0.373128916293,0.372848007882,0.261576123813,0.324593414175,0.392593227911,0.250403312848,135.00000006,134.999994268
0.373067273364,0.37353341932,0.261624784944,0.325253155962,0.392593227911,0.250403312848,135.00000006,134.999994268
0.373005594775,0.374218845741,0.261673590459,0.325913161037,0.392593227911,0.250403312848,135.00000006,134.999994268
0.372943881085,0.374904286405,0.2617225406,0.326573428586,0.392593227911,0.250403312848,135.00000006,134.999994268
0.372882132854,0.375589740568,0.261771635609,0.327233957794,0.392593227911,0.250403312848,135.00000006,134.999994268
0.372820350645,0.376275207486,0.261820875729,0.327894747837,0.392593227911,0.250403312848,135.00000006,134.999994268
0.37275853502,0.376960686411,0.261870261211,0.328555797885,0.392593227911,0.250403312848,135.00000006,134.999994268
0.372696686541,0.377646176596,0.261919792313,0.329217107095,0.392593227911,0.250403312848,135.00000006,134.999994268
0.372634805776,0.378331677289,0.261969469281,0.329878674629,0.392593227911,0.250403312848,135.00000006,134.999994268
0.372572893291,0.379017187738,0.262019292358,0.33054049965,0.392593227911,0.250403312848,135.00000006,134.999994268
0.372510949656,0.379702707185,0.262069261784,0.331202581315,0.392593227911,0.250403312848,135.00000006,134.999994268
0.372448975441,0.380388234873,0.262119377804,0.331864918778,0.392593227911,0.250403312848,135.00000006,134.999994268
0.372386971221,0.38107377004,0.262169640674,0.332527511175,0.392593227911,0.250403312848,135.00000006,134.999994268
0.372324937569,0.381759311924,0.262220050647,0.333190357643,0.392593227911,0.250403312848,135.00000006,134.999994268
0.372262875062,0.382444859757,0.262270607962,0.333853457325,0.392593227911,0.250403312848,135.00000006,134.999994268
0.372200784278,0.383130412773,0.26232131286,0.334516809361,0.392593227911,0.250403312848,135.00000006,134.999994268
0.372138665798,0.383815970199,0.262372165581,0.335180412882,0.392593227911,0.250403312848,135.00000006,134.999994268
0.372076520204,0.384501531264,0.26242316638,0.335844267007,0.392593227911,0.250403312848,135.00000006,134.999994268
0.372014348078,0.38518709519,0.262474315512,0.336508370851,0.392593227911,0.250403312848,135.00000006,134.999994268
0.371952150008,0.385872661201,0.262525613214,0.337172723536,0.392593227911,0.250403312848,135.00000006,134.999994268
0.371889926579,0.386558228516,0.262577059726,0.337837324182,0.392593227911,0.250403312848,135.00000006,134.999994268
0.371827678381,0.387243796352,0.262628655286,0.338502171901,0.392593227911,0.250403312848,135.00000006,134.999994268
0.371765406005,0.387929363923,0.262680400149,0.339167265792,0.392593227911,0.250403312848,135.00000006,134.999994268
0.371703110043,0.388614930443,0.262732294567,0.33983260495,0.392593227911,0.250403312848,135.00000006,134.999994268
0.37164079109,0.38930049512,0.262784338778,0.340498188478,0.392593227911,0.250403312848,135.00000006,134.999994268
0.371578449742,0.389986057163,0.262836533017,0.341164015475,0.392593227911,0.250403312848,135.00000006,134.999994268
0.371516086596,0.390671615777,0.262888877526,0.341830085032,0.392593227911,0.250403312848,135.00000006,134.999994268
0.371453702252,0.391357170165,0.262941372558,0.342496396229,0.392593227911,0.250403312848,135.00000006,134.999994268
0.371391297312,0.392042719527,0.262994018362,0.343162948143,0.392593227911,0.250403312848,135.00000006,134.999994268
0.371328872377,0.392728263062,0.263046815171,0.343829739858,0.392593227911,0.250403312848,135.00000006,134.999994268
0.371266428054,0.393413799965,0.263099763222,0.344496770454,0.392593227911,0.250403312848,135.00000006,134.999994268
0.371203964949,0.39409932943,0.263152862759,0.345164038998,0.392593227911,0.250403312848,135.00000006,134.999994268
0.371141483669,0.394784850648,0.263206114033,0.34583154455,0.392593227911,0.250403312848,135.00000006,134.999994268
0.371078984825,0.395470362807,0.263259517286,0.346499286173,0.392593227911,0.250403312848,135.00000006,134.999994268
0.371016469028,0.396155865096,0.263313072752,0.347167262931,0.392593227911,0.250403312848,135.00000006,134.999994268
0.370953936891,0.396841356698,0.263366780663,0.347835473885,0.392593227911,0.250403312848,135.00000006,134.999994268
0.37089138903,0.397526836794,0.26342064127,0.348503918078,0.392593227911,0.250403312848,135.00000006,134.999994268
0.370828826061,0.398212304565,0.263474654824,0.34917259455,0.392593227911,0.250403312848,135.00000006,134.999994268
0.370766248602,0.398897759188,0.263528821556,0.349841502351,0.392593227911,0.250403312848,135.00000006,134.999994268
0.370703657274,0.399583199839,0.263583141697,0.350510640526,0.392593227911,0.250403312848,135.00000006,134.999994268
0.370641052698,0.400268625689,0.263637615489,0.35118000811,0.392593227911,0.250403312848,135.00000006,134.999994268
0.370578435498,0.400954035911,0.263692243181,0.351849604127,0.392593227911,0.250403312848,135.00000006,134.999994268
0.370515806297,0.401639429672,0.263747025011,0.352519427605,0.392593227911,0.250403312848,135.00000006,134.999994268
0.370453165724,0.402324806138,0.263801961209,0.353189477577,0.392593227911,0.250403312848,135.00000006,134.999994268
0.370390514407,0.403010164474,0.263857052009,0.353859753064,0.392593227911,0.250403312848,135.00000006,134.999994268
0.370327852974,0.403695503842,0.263912297657,0.354530253078,0.392593227911,0.250403312848,135.00000006,134.999994268
0.370265182058,0.4043808234,0.263967698398,0.355200976628,0.392593227911,0.250403312848,135.00000006,134.999994268
0.370202502293,0.405066122306,0.264023254458,0.355871922728,0.392593227911,0.250403312848,135.00000006,134.999994268
0.370139814312,0.405751399716,0.264078966067,0.356543090391,0.392593227911,0.250403312848,135.00000006,134.999994268
0.370077118752,0.406436654782,0.264134833469,0.357214478614,0.392593227911,0.250403312848,135.00000006,134.999994268
0.370014416252,0.407121886656,0.26419085691,0.357886086386,0.392593227911,0.250403312848,135.00000006,134.999994268
0.36995170745,0.407807094485,0.264247036617,0.358557912709,0.392593227911,0.250403312848,135.00000006,134.999994268
0.369888992988,0.408492277416,0.264303372815,0.359229956581,0.392593227911,0.250403312848,135.00000006,134.999994268
0.369826273509,0.409177434594,0.264359865746,0.359902216984,0.392593227911,0.250403312848,135.00000006,134.999994268
0.369763549656,0.40986256516,0.264416515654,0.360574692895,0.392593227911,0.250403312848,135.00000006,134.999994268
0.369700822077,0.410547668255,0.264473322766,0.361247383298,0.392593227911,0.250403312848,135.00000006,134.999994268
0.369638091418,0.411232743017,0.264530287307,0.361920287177,0.392593227911,0.250403312848,135.00000006,134.999994268
0.369575358328,0.411917788581,0.264587409514,0.362593403501,0.392593227911,0.250403312848,135.00000006,134.999994268
0.369512623458,0.412602804081,0.264644689629,0.363266731233,0.392593227911,0.250403312848,135.00000006,134.999994268
0.369449887461,0.413287788649,0.264702127881,0.36394026934,0.392593227911,0.250403312848,135.00000006,134.999994268
0.369387150988,0.413972741413,0.26475972449,0.364614016793,0.392593227911,0.250403312848,135.00000006,134.999994268
0.369324414697,0.414657661502,0.264817479694,0.365287972546,0.392593227911,0.250403312848,135.00000006,134.999994268
0.369261679243,0.415342548041,0.264875393731,0.365962135548,0.392593227911,0.250403312848,135.00000006,134.999994268
0.369198945284,0.416027400152,0.264933466829,0.366636504752,0.392593227911,0.250403312848,135.00000006,134.999994268
0.369136213481,0.416712216957,0.264991699206,0.367311079115,0.392593227911,0.250403312848,135.00000006,134.999994268
0.369073484494,0.417396997575,0.265050091099,0.367985857576,0.392593227911,0.250403312848,135.00000006,134.999994268
0.369010758985,0.418081741124,0.265108642745,0.368660839069,0.392593227911,0.250403312848,135.00000006,134.999994268
0.36894803762,0.418766446717,0.265167354366,0.369336022536,0.392593227911,0.250403312848,135.00000006,134.999994268
0.368885321064,0.419451113468,0.265226226181,0.370011406918,0.392593227911,0.250403312848,135.00000006,134.999994268
0.368822609983,0.420135740488,0.265285258426,0.370686991139,0.392593227911,0.250403312848,135.00000006,134.999994268
0.368759905041,0.42082032689,0.265344451336,0.371362774119,0.392593227911,0.250403312848,135.00000006,134.999994268
0.368697206903,0.421504871786,0.265403805129,0.372038754787,0.392593227911,0.250403312848,135.00000006,134.999994268
0.368634516231,0.422189374289,0.265463320023,0.37271493207,0.392593227911,0.250403312848,135.00000006,134.999994268
0.368571833689,0.422873833507,0.265522996253,0.373391304878,0.392593227911,0.250403312848,135.00000006,134.999994268
0.368509159944,0.42355824855,0.265582834052,0.374067872116,0.392593227911,0.250403312848,135.00000006,134.999994268
0.368446495663,0.424242618524,0.265642833632,0.374744632704,0.392593227911,0.250403312848,135.00000006,134.999994268
0.368383841514,0.424926942532,0.265702995215,0.375421585549,0.392593227911,0.250403312848,135.00000006,134.999994268
0.368321198167,0.425611219676,0.265763319033,0.376098729548,0.392593227911,0.250403312848,135.00000006,134.999994268
0.368258566295,0.426295449056,0.265823805311,0.376776063597,0.392593227911,0.250403312848,135.00000006,134.999994268
0.36819594657,0.42697962977,0.26588445426,0.377453586602,0.392593227911,0.250403312848,135.00000006,134.999994268
0.368133339665,0.427663760915,0.265945266105,0.378131297452,0.392593227911,0.250403312848,135.00000006,134.999994268
0.368070746257,0.428347841583,0.266006241076,0.37880919503,0.392593227911,0.250403312848,135.00000006,134.999994268
0.368008167023,0.429031870868,0.266067379389,0.379487278224,0.392593227911,0.250403312848,135.00000006,134.999994268
0.36794560264,0.429715847859,0.266128681255,0.380165545926,0.392593227911,0.250403312848,135.00000006,134.999994268
0.367883053788,0.430399771645,0.266190146901,0.380843997006,0.392593227911,0.250403312848,135.00000006,134.999994268
0.367820521148,0.431083641311,0.266251776554,0.381522630336,0.392593227911,0.250403312848,135.00000006,134.999994268
0.367758005403,0.431767455942,0.266313570423,0.382201444795,0.392593227911,0.250403312848,135.00000006,134.999994268
0.367695507235,0.43245121462,0.266375528721,0.382880439254,0.392593227911,0.250403312848,135.00000006,134.999994268
0.36763302733,0.433134916425,0.266437651676,0.383559612573,0.392593227911,0.250403312848,135.00000006,134.999994268
0.367570566373,0.433818560437,0.266499939503,0.384238963614,0.392593227911,0.250403312848,135.00000006,134.999994268
0.367508125054,0.434502145729,0.266562392407,0.384918491246,0.392593227911,0.250403312848,135.00000006,134.999994268
0.367445704064,0.435185671376,0.26662501061,0.385598194318,0.392593227911,0.250403312848,135.00000006,134.999994268
0.367383304095,0.435869136447,0.266687794336,0.386278071678,0.392593227911,0.250403312848,135.00000006,134.999994268
0.367320925837,0.436552540014,0.266750743789,0.386958122181,0.392593227911,0.250403312848,135.00000006,134.999994268
0.367258569983,0.437235881145,0.266813859178,0.387638344677,0.392593227911,0.250403312848,135.00000006,134.999994268
0.367196237228,0.437919158908,0.266877140727,0.388318738001,0.392593227911,0.250403312848,135.00000006,134.999994268
0.367133928265,0.438602372369,0.266940588645,0.388999300995,0.392593227911,0.250403312848,135.00000006,134.999994268
0.367071643791,0.43928552059,0.267004203133,0.389680032504,0.392593227911,0.250403312848,135.00000006,134.999994268
0.367009384504,0.439968602632,0.267067984409,0.390360931354,0.392593227911,0.250403312848,135.00000006,134.999994268
0.366947151102,0.440651617557,0.267131932694,0.391041996371,0.392593227911,0.250403312848,135.00000006,134.999994268
0.366884944284,0.441334564421,0.267196048184,0.391723226389,0.392593227911,0.250403312848,135.00000006,134.999994268
0.366822764752,0.442017442281,0.267260331086,0.392404620233,0.392593227911,0.250403312848,135.00000006,134.999994268
0.366760613208,0.44270025019,0.267324781619,0.393086176718,0.392593227911,0.250403312848,135.00000006,134.999994268
0.366698490354,0.443382987202,0.267389399986,0.393767894664,0.392593227911,0.250403312848,135.00000006,134.999994268
0.366636396895,0.444065652368,0.267454186385,0.394449772891,0.392593227911,0.250403312848,135.00000006,134.999994268
0.366574333537,0.444748244735,0.26751914103,0.395131810204,0.392593227911,0.250403312848,135.00000006,134.999994268
0.366512300986,0.445430763352,0.267584264131,0.39581400541,0.392593227911,0.250403312848,135.00000006,134.999994268
0.36645029995,0.446113207264,0.26764955588,0.396496357323,0.392593227911,0.250403312848,135.00000006,134.999994268
0.366388331138,0.446795575513,0.267715016485,0.39717886474,0.392593227911,0.250403312848,135.00000006,134.999994268
0.366326395259,0.447477867144,0.267780646159,0.397861526455,0.392593227911,0.250403312848,135.00000006,134.999994268
0.366264493025,0.448160081194,0.267846445094,0.398544341272,0.392593227911,0.250403312848,135.00000006,134.999994268
0.366202625152,0.448842216699,0.267912413489,0.399227307983,0.392593227911,0.250403312848,135.00000006,134.999994268
0.366140792357,0.449524272693,0.267978551555,0.399910425373,0.392593227911,0.250403312848,135.00000006,134.999994268
0.366078995355,0.45020624821,0.268044859486,0.400593692233,0.392593227911,0.250403312848,135.00000006,134.999994268
0.366017234861,0.450888142284,0.268111337476,0.40127710735,0.392593227911,0.250403312848,135.00000006,134.999994268
0.365955511591,0.451569953946,0.268177985732,0.401960669499,0.392593227911,0.250403312848,135.00000006,134.999994268
0.365893826262,0.452251682226,0.268244804452,0.402644377459,0.392593227911,0.250403312848,135.00000006,134.999994268
0.365832179594,0.452933326151,0.268311793821,0.403328230011,0.392593227911,0.250403312848,135.00000006,134.999994268
0.365770572305,0.45361488475,0.268378954044,0.404012225923,0.392593227911,0.250403312848,135.00000006,134.999994268
0.365709005115,0.454296357046,0.268446285323,0.404696363959,0.392593227911,0.250403312848,135.00000006,134.999994268
0.365647478746,0.454977742062,0.268513787836,0.405380642895,0.392593227911,0.250403312848,135.00000006,134.999994268
0.365585993921,0.45565903882,0.268581461784,0.40606506149,0.392593227911,0.250403312848,135.00000006,134.999994268
0.365524551362,0.456340246341,0.268649307369,0.406749618499,0.392593227911,0.250403312848,135.00000006,134.999994268
0.365463151793,0.457021363641,0.26871732477,0.407434312687,0.392593227911,0.250403312848,135.00000006,134.999994268
0.36540179594,0.457702389738,0.268785514179,0.408119142808,0.392593227911,0.250403312848,135.00000006,134.999994268
0.365340484528,0.458383323647,0.268853875797,0.408804107608,0.392593227911,0.250403312848,135.00000006,134.999994268
0.365279218286,0.459064164381,0.268922409802,0.409489205841,0.392593227911,0.250403312848,135.00000006,134.999994268
0.365217997946,0.459744910947,0.268991116383,0.410174436253,0.392593227911,0.250403312848,135.00000006,134.999994268
0.365156824241,0.460425562351,0.269059995736,0.410859797583,0.392593227911,0.250403312848,135.00000006,134.999994268
0.365095697902,0.461106117603,0.269129048041,0.411545288574,0.392593227911,0.250403312848,135.00000006,134.999994268
0.365034619658,0.46178657571,0.269198273481,0.412230907967,0.392593227911,0.250403312848,135.00000006,134.999994268
0.36497359024,0.462466935676,0.269267672249,0.41291665449,0.392593227911,0.250403312848,135.00000006,134.999994268
0.364912610382,0.463147196506,0.269337244525,0.413602526877,0.392593227911,0.250403312848,135.00000006,134.999994268
0.364851680816,0.463827357203,0.269406990487,0.414288523861,0.392593227911,0.250403312848,135.00000006,134.999994268
0.364790802276,0.464507416766,0.269476910325,0.414974644164,0.392593227911,0.250403312848,135.00000006,134.999994268
0.364729975496,0.465187374196,0.269547004219,0.415660886508,0.392593227911,0.250403312848,135.00000006,134.999994268
0.364669201212,0.46586722849,0.269617272341,0.416347249621,0.392593227911,0.250403312848,135.00000006,134.999994268
0.36460848016,0.466546978644,0.26968771488,0.417033732215,0.392593227911,0.250403312848,135.00000006,134.999994268
0.364547813076,0.467226623653,0.269758332013,0.417720333004,0.392593227911,0.250403312848,135.00000006,134.999994268
0.364487200699,0.467906162511,0.26982912391,0.418407050707,0.392593227911,0.250403312848,135.00000006,134.999994268
0.36442664377,0.468585594206,0.269900090754,0.419093884028,0.392593227911,0.250403312848,135.00000006,134.999994268
0.364366143035,0.469264917724,0.269971232723,0.419780831674,0.392593227911,0.250403312848,135.00000006,134.999994268
0.364305699235,0.469944132051,0.270042549981,0.420467892356,0.392593227911,0.250403312848,135.00000006,134.999994268
0.364245313112,0.470623236176,0.27011404271,0.42115506477,0.392593227911,0.250403312848,135.00000006,134.999994268
0.364184985407,0.471302229084,0.270185711085,0.421842347613,0.392593227911,0.250403312848,135.00000006,134.999994268
0.364124716862,0.471981109759,0.270257555266,0.422529739589,0.392593227911,0.250403312848,135.00000006,134.999994268
0.364064508218,0.472659877185,0.270329575432,0.423217239386,0.392593227911,0.250403312848,135.00000006,134.999994268
0.364004360221,0.473338530342,0.270401771755,0.423904845694,0.392593227911,0.250403312848,135.00000006,134.999994268
0.363944273613,0.474017068212,0.270474144393,0.424592557208,0.392593227911,0.250403312848,135.00000006,134.999994268
0.363884249138,0.474695489772,0.270546693522,0.425280372609,0.392593227911,0.250403312848,135.00000006,134.999994268
0.363824287543,0.475373794001,0.270619419308,0.425968290579,0.392593227911,0.250403312848,135.00000006,134.999994268
0.363764389572,0.476051979874,0.270692321909,0.426656309804,0.392593227911,0.250403312848,135.00000006,134.999994268
0.363704555975,0.476730046363,0.270765401497,0.427344428958,0.392593227911,0.250403312848,135.00000006,134.999994268
0.363644787507,0.477407992436,0.270838658234,0.428032646716,0.392593227911,0.250403312848,135.00000006,134.999994268
0.363585084916,0.478085817063,0.270912092276,0.428720961756,0.392593227911,0.250403312848,135.00000006,134.999994268
0.363525448953,0.478763519213,0.270985703792,0.429409372744,0.392593227911,0.250403312848,135.00000006,134.999994268
0.363465880365,0.479441097856,0.271059492938,0.430097878348,0.392593227911,0.250403312848,135.00000006,134.999994268
0.363406379901,0.480118551959,0.27113345987,0.430786477237,0.392593227911,0.250403312848,135.00000006,134.999994268
0.363346948312,0.48079588049,0.271207604752,0.431475168069,0.392593227911,0.250403312848,135.00000006,134.999994268
0.363287586346,0.481473082412,0.271281927737,0.432163949508,0.392593227911,0.250403312848,135.00000006,134.999994268
0.363228294754,0.48215015669,0.271356428977,0.432852820213,0.392593227911,0.250403312848,135.00000006,134.999994268
0.363169074288,0.482827102287,0.271431108636,0.433541778834,0.392593227911,0.250403312848,135.00000006,134.999994268
0.363109925698,0.483503918162,0.271505966857,0.434230824029,0.392593227911,0.250403312848,135.00000006,134.999994268
0.36305084974,0.484180603275,0.271581003795,0.434919954449,0.392593227911,0.250403312848,135.00000006,134.999994268
0.362991847172,0.484857156577,0.271656219608,0.435609168736,0.392593227911,0.250403312848,135.00000006,134.999994268
0.362932918752,0.485533577024,0.271731614434,0.436298465543,0.392593227911,0.250403312848,135.00000006,134.999994268
0.362874065234,0.48620986357,0.271807188427,0.436987843511,0.392593227911,0.250403312848,135.00000006,134.999994268
0.362815287371,0.486886015171,0.271882941742,0.437677301275,0.392593227911,0.250403312848,135.00000006,134.999994268
0.362756585916,0.487562030779,0.271958874511,0.438366837484,0.392593227911,0.250403312848,135.00000006,134.999994268
0.362697961623,0.488237909348,0.272034986886,0.439056450767,0.392593227911,0.250403312848,135.00000006,134.999994268
0.362639415248,0.488913649829,0.272111279018,0.439746139756,0.392593227911,0.250403312848,135.00000006,134.999994268
0.362580947546,0.48958925117,0.272187751037,0.440435903089,0.392593227911,0.250403312848,135.00000006,134.999994268
0.36252255927,0.49026471232,0.272264403092,0.44112573939,0.392593227911,0.250403312848,135.00000006,134.999994268
0.362464251176,0.490940032228,0.272341235324,0.441815647286,0.392593227911,0.250403312848,135.00000006,134.999994268
0.362406024029,0.491615209833,0.272418247865,0.442505625405,0.392593227911,0.250403312848,135.00000006,134.999994268
0.362347878592,0.492290244074,0.27249544086,0.443195672364,0.392593227911,0.250403312848,135.00000006,134.999994268
0.36228981562,0.492965133895,0.272572814442,0.443885786786,0.392593227911,0.250403312848,135.00000006,134.999994268
0.362231835872,0.493639878239,0.272650368744,0.44457596729,0.392593227911,0.250403312848,135.00000006,134.999994268
0.362173940103,0.494314476047,0.272728103906,0.445266212486,0.392593227911,0.250403312848,135.00000006,134.999994268
0.362116129069,0.494988926259,0.272806020054,0.445956520993,0.392593227911,0.250403312848,135.00000006,134.999994268
0.36205840353,0.495663227814,0.272884117321,0.446646891419,0.392593227911,0.250403312848,135.00000006,134.999994268
0.36200076424,0.496337379651,0.272962395844,0.447337322368,0.392593227911,0.250403312848,135.00000006,134.999994268
0.361943211959,0.497011380706,0.27304085574,0.448027812455,0.392593227911,0.250403312848,135.00000006,134.999994268
0.361885747444,0.497685229913,0.273119497144,0.448718360278,0.392593227911,0.250403312848,135.00000006,134.999994268
0.361828371463,0.498358926202,0.273198320186,0.449408964438,0.392593227911,0.250403312848,135.00000006,134.999994268
0.361771084779,0.4990324685,0.273277324982,0.450099623538,0.392593227911,0.250403312848,135.00000006,134.999994268
0.36171388815,0.49970585574,0.273356511661,0.450790336173,0.392593227911,0.250403312848,135.00000006,134.999994268
0.361656782335,0.500379086853,0.273435880344,0.451481100939,0.392593227911,0.250403312848,135.00000006,134.999994268
0.361599768091,0.50105216077,0.273515431149,0.452171916431,0.392593227911,0.250403312848,135.00000006,134.999994268
0.361542846177,0.501725076419,0.273595164201,0.452862781235,0.392593227911,0.250403312848,135.00000006,134.999994268
0.36148601735,0.502397832728,0.273675079611,0.453553693946,0.392593227911,0.250403312848,135.00000006,134.999994268
0.361429282369,0.503070428625,0.273755177499,0.454244653148,0.392593227911,0.250403312848,135.00000006,134.999994268
0.361372641992,0.503742863036,0.273835457987,0.454935657422,0.392593227911,0.250403312848,135.00000006,134.999994268
0.361316096985,0.504415134879,0.273915921178,0.455626705356,0.392593227911,0.250403312848,135.00000006,134.999994268
0.361259648114,0.505087243073,0.27399656719,0.456317795528,0.392593227911,0.250403312848,135.00000006,134.999994268
0.361203296138,0.505759186539,0.274077396137,0.457008926513,0.392593227911,0.250403312848,135.00000006,134.999994268
0.361147041817,0.506430964199,0.274158408122,0.457700096893,0.392593227911,0.250403312848,135.00000006,134.999994268
0.361090885907,0.507102574974,0.27423960326,0.458391305237,0.392593227911,0.250403312848,135.00000006,134.999994268
0.361034829167,0.507774017783,0.274320981653,0.459082550121,0.392593227911,0.250403312848,135.00000006,134.999994268
0.360978872354,0.508445291546,0.274402543406,0.459773830114,0.392593227911,0.250403312848,135.00000006,134.999994268
0.360923016226,0.50911639518,0.274484288631,0.460465143781,0.392593227911,0.250403312848,135.00000006,134.999994268
0.36086726154,0.509787327602,0.274566217419,0.461156489694,0.392593227911,0.250403312848,135.00000006,134.999994268
0.360811609063,0.510458087722,0.274648329877,0.461847866412,0.392593227911,0.250403312848,135.00000006,134.999994268
0.36075605956,0.511128674448,0.274730626109,0.462539272497,0.392593227911,0.250403312848,135.00000006,134.999994268
0.360700613789,0.511799086694,0.274813106205,0.463230706513,0.392593227911,0.250403312848,135.00000006,134.999994268
0.360645272507,0.512469323373,0.274895770269,0.463922167013,0.392593227911,0.250403312848,135.00000006,134.999994268
0.360590036471,0.513139383396,0.274978618389,0.464613652557,0.392593227911,0.250403312848,135.00000006,134.999994268
0.360534906437,0.513809265676,0.275061650662,0.4653051617,0.392593227911,0.250403312848,135.00000006,134.999994268
0.36047988316,0.514478969121,0.275144867185,0.465996692988,0.392593227911,0.250403312848,135.00000006,134.999994268
0.360424967398,0.515148492641,0.275228268038,0.466688244979,0.392593227911,0.250403312848,135.00000006,134.999994268
0.360370159907,0.515817835144,0.275311853317,0.467379816218,0.392593227911,0.250403312848,135.00000006,134.999994268
0.360315461454,0.516486995529,0.275395623112,0.468071405249,0.392593227911,0.250403312848,135.00000006,134.999994268
0.360260872799,0.517155972698,0.275479577503,0.468763010622,0.392593227911,0.250403312848,135.00000006,134.999994268
0.360206394697,0.517824765558,0.275563716581,0.469454630874,0.392593227911,0.250403312848,135.00000006,134.999994268
0.360152027902,0.518493373013,0.27564804042,0.470146264552,0.392593227911,0.250403312848,135.00000006,134.999994268
0.360097773169,0.519161793967,0.275732549105,0.470837910192,0.392593227911,0.250403312848,135.00000006,134.999994268
0.360043631251,0.519830027323,0.275817242724,0.471529566328,0.392593227911,0.250403312848,135.00000006,134.999994268
0.3599896029,0.520498071984,0.275902121343,0.472221231502,0.392593227911,0.250403312848,135.00000006,134.999994268
0.35993568887,0.52116592685,0.275987185045,0.472912904242,0.392593227911,0.250403312848,135.00000006,134.999994268
0.359881889921,0.521833590817,0.276072433905,0.473604583083,0.392593227911,0.250403312848,135.00000006,134.999994268
0.359828206817,0.522501062777,0.276157867993,0.474296266554,0.392593227911,0.250403312848,135.00000006,134.999994268
0.359774640308,0.523168341629,0.276243487386,0.474987953182,0.392593227911,0.250403312848,135.00000006,134.999994268
0.359721191145,0.523835426271,0.276329292146,0.475679641497,0.392593227911,0.250403312848,135.00000006,134.999994268
0.359667860079,0.5245023156,0.276415282347,0.476371330022,0.392593227911,0.250403312848,135.00000006,134.999994268
0.35961464786,0.525169008513,0.276501458059,0.477063017277,0.392593227911,0.250403312848,135.00000006,134.999994268
0.359561555237,0.525835503906,0.27658781934,0.477754701787,0.392593227911,0.250403312848,135.00000006,134.999994268
0.359508582958,0.526501800673,0.276674366261,0.478446382068,0.392593227911,0.250403312848,135.00000006,134.999994268
0.359455731781,0.527167897704,0.276761098874,0.479138056643,0.392593227911,0.250403312848,135.00000006,134.999994268
0.359403002463,0.527833793885,0.276848017245,0.479829724025,0.392593227911,0.250403312848,135.00000006,134.999994268
0.359350395752,0.528499488108,0.276935121437,0.480521382726,0.392593227911,0.250403312848,135.00000006,134.999994268
0.359297912396,0.529164979264,0.277022411498,0.481213031263,0.392593227911,0.250403312848,135.00000006,134.999994268
0.359245553139,0.529830266245,0.277109887489,0.481904668144,0.392593227911,0.250403312848,135.00000006,134.999994268
0.359193318728,0.530495347941,0.27719754946,0.482596291881,0.392593227911,0.250403312848,135.00000006,134.999994268
0.359141209906,0.531160223242,0.277285397463,0.483287900981,0.392593227911,0.250403312848,135.00000006,134.999994268
0.359089227417,0.531824891038,0.277373431553,0.483979493947,0.392593227911,0.250403312848,135.00000006,134.999994268
0.359037372014,0.53248935021,0.277461651769,0.484671069289,0.392593227911,0.250403312848,135.00000006,134.999994268
0.358985644449,0.533153599639,0.277550058164,0.485362625506,0.392593227911,0.250403312848,135.00000006,134.999994268
0.358934045466,0.533817638212,0.277638650777,0.486054161103,0.392593227911,0.250403312848,135.00000006,134.999994268
0.358882575804,0.534481464814,0.27772742964,0.486745674585,0.392593227911,0.250403312848,135.00000006,134.999994268
0.358831236204,0.535145078333,0.277816394792,0.487437164452,0.392593227911,0.250403312848,135.00000006,134.999994268
0.358780027405,0.535808477652,0.277905546252,0.488128629212,0.392593227911,0.250403312848,135.00000006,134.999994268
0.358728950146,0.536471661656,0.277994884056,0.488820067362,0.392593227911,0.250403312848,135.00000006,134.999994268
0.358678005166,0.537134629227,0.278084408231,0.489511477398,0.392593227911,0.250403312848,135.00000006,134.999994268
0.358627193212,0.537797379242,0.278174118799,0.490202857822,0.392593227911,0.250403312848,135.00000006,134.999994268
0.358576515029,0.538459910577,0.278264015787,0.490894207124,0.392593227911,0.250403312848,135.00000006,134.999994268
0.358525971353,0.539122222114,0.278354099209,0.491585523804,0.392593227911,0.250403312848,135.00000006,134.999994268
0.358475562917,0.539784312735,0.278444369089,0.492276806351,0.392593227911,0.250403312848,135.00000006,134.999994268
0.358425290455,0.540446181319,0.27853482545,0.492968053253,0.392593227911,0.250403312848,135.00000006,134.999994268
0.3583751547,0.541107826747,0.278625468301,0.493659263004,0.392593227911,0.250403312848,135.00000006,134.999994268
0.358325156382,0.541769247898,0.278716297662,0.494350434089,0.392593227911,0.250403312848,135.00000006,134.999994268
0.358275296238,0.542430443647,0.278807313537,0.495041564997,0.392593227911,0.250403312848,135.00000006,134.999994268
0.358225575008,0.543091412865,0.278898515943,0.49573265421,0.392593227911,0.250403312848,135.00000006,134.999994268
0.358175993426,0.543752154426,0.278989904894,0.49642370021,0.392593227911,0.250403312848,135.00000006,134.999994268
0.358126552218,0.544412667209,0.279081480389,0.497114701482,0.392593227911,0.250403312848,135.00000006,134.999994268
0.358077252112,0.545072950089,0.279173242439,0.497805656504,0.392593227911,0.250403312848,135.00000006,134.999994268
0.358028093833,0.545733001942,0.27926519104,0.498496563757,0.392593227911,0.250403312848,135.00000006,134.999994268
0.357979078105,0.546392821644,0.2793573262,0.499187421718,0.392593227911,0.250403312848,135.00000006,134.999994268
0.357930205652,0.54705240807,0.279449647922,0.499878228859,0.392593227911,0.250403312848,135.00000006,134.999994268
0.357881477207,0.547711760085,0.279542156197,0.500568983658,0.392593227911,0.250403312848,135.00000006,134.999994268
0.357832893502,0.548370876558,0.279634851028,0.501259684586,0.392593227911,0.250403312848,135.00000006,134.999994268
0.357784455256,0.549029756363,0.279727732401,0.50195033012,0.392593227911,0.250403312848,135.00000006,134.999994268
0.357736163187,0.549688398371,0.279820800315,0.502640918725,0.392593227911,0.250403312848,135.00000006,134.999994268
0.357688018014,0.550346801456,0.279914054762,0.50333144887,0.392593227911,0.250403312848,135.00000006,134.999994268
0.357640020452,0.551004964489,0.280007495727,0.504021919024,0.392593227911,0.250403312848,135.00000006,134.999994268
0.357592171218,0.551662886342,0.280101123201,0.504712327652,0.392593227911,0.250403312848,135.00000006,134.999994268
0.357544471032,0.55232056588,0.280194937161,0.505402673223,0.392593227911,0.250403312848,135.00000006,134.999994268
0.357496920618,0.552978001967,0.280288937597,0.506092954196,0.392593227911,0.250403312848,135.00000006,134.999994268
0.357449520692,0.553635193471,0.280383124492,0.506783169034,0.392593227911,0.250403312848,135.00000006,134.999994268
0.357402271962,0.554292139262,0.28047749782,0.507473316199,0.392593227911,0.250403312848,135.00000006,134.999994268
0.357355175138,0.554948838207,0.280572057565,0.508163394149,0.392593227911,0.250403312848,135.00000006,134.999994268
0.357308230927,0.555605289178,0.280666803693,0.508853401346,0.392593227911,0.250403312848,135.00000006,134.999994268
0.357261440036,0.55626149104,0.280761736184,0.509543336244,0.392593227911,0.250403312848,135.00000006,134.999994268
0.357214803175,0.55691744266,0.28085685501,0.510233197298,0.392593227911,0.250403312848,135.00000006,134.999994268
0.357168321058,0.557573142896,0.280952160139,0.510922982965,0.392593227911,0.250403312848,135.00000006,134.999994268
0.357121994392,0.558228590613,0.281047651542,0.511612691695,0.392593227911,0.250403312848,135.00000006,134.999994268
0.35707582388,0.558883784678,0.281143329178,0.512302321945,0.392593227911,0.250403312848,135.00000006,134.999994268
0.35702981022,0.559538723956,0.281239193015,0.512991872163,0.392593227911,0.250403312848,135.00000006,134.999994268
0.356983954109,0.560193407313,0.281335243016,0.513681340798,0.392593227911,0.250403312848,135.00000006,134.999994268
0.356938256245,0.560847833615,0.281431479138,0.5143707263,0.392593227911,0.250403312848,135.00000006,134.999994268
0.356892717325,0.561502001724,0.281527901344,0.515060027113,0.392593227911,0.250403312848,135.00000006,134.999994268
0.356847338055,0.562155910499,0.281624509582,0.515749241689,0.392593227911,0.250403312848,135.00000006,134.999994268
0.356802119133,0.562809558798,0.281721303812,0.516438368469,0.392593227911,0.250403312848,135.00000006,134.999994268
0.35675706125,0.563462945486,0.281818283983,0.517127405897,0.392593227911,0.250403312848,135.00000006,134.999994268
0.356712165096,0.564116069427,0.281915450044,0.517816352418,0.392593227911,0.250403312848,135.00000006,134.999994268
0.356667431356,0.564768929483,0.282012801949,0.518505206469,0.392593227911,0.250403312848,135.00000006,134.999994268
0.356622860717,0.565421524519,0.282110339636,0.519193966495,0.392593227911,0.250403312848,135.00000006,134.999994268
0.356578453866,0.566073853394,0.282208063053,0.519882630932,0.392593227911,0.250403312848,135.00000006,134.999994268
0.356534211497,0.566725914965,0.282305972138,0.520571198223,0.392593227911,0.250403312848,135.00000006,134.999994268
0.356490134297,0.567377708087,0.282404066832,0.521259666801,0.392593227911,0.250403312848,135.00000006,134.999994268
0.356446222948,0.568029231624,0.282502347079,0.521948035102,0.392593227911,0.250403312848,135.00000006,134.999994268
0.356402478126,0.568680484436,0.282600812805,0.522636301563,0.392593227911,0.250403312848,135.00000006,134.999994268
0.356358900507,0.569331465384,0.282699463951,0.523324464616,0.392593227911,0.250403312848,135.00000006,134.999994268
0.356315490766,0.56998217333,0.282798300439,0.524012522698,0.392593227911,0.250403312848,135.00000006,134.999994268
0.356272249577,0.570632607132,0.282897322204,0.524700474238,0.392593227911,0.250403312848,135.00000006,134.999994268
0.356229177622,0.571282765645,0.282996529177,0.525388317665,0.392593227911,0.250403312848,135.00000006,134.999994268
0.356186275579,0.571932647722,0.283095921277,0.526076051412,0.392593227911,0.250403312848,135.00000006,134.999994268
0.356143544114,0.572582252224,0.28319549843,0.526763673906,0.392593227911,0.250403312848,135.00000006,134.999994268
0.356100983894,0.57323157801,0.283295260553,0.527451183578,0.392593227911,0.250403312848,135.00000006,134.999994268
0.356058595582,0.57388062394,0.283395207567,0.528138578853,0.392593227911,0.250403312848,135.00000006,134.999994268
0.35601637984,0.574529388873,0.283495339389,0.528825858156,0.392593227911,0.250403312848,135.00000006,134.999994268
0.35597433733,0.575177871666,0.283595655931,0.529513019915,0.392593227911,0.250403312848,135.00000006,134.999994268
0.355932468721,0.575826071172,0.28369615711,0.53020006255,0.392593227911,0.250403312848,135.00000006,134.999994268
0.355890774679,0.576473986242,0.28379684283,0.530886984488,0.392593227911,0.250403312848,135.00000006,134.999994268
0.355849255857,0.577121615737,0.283897713003,0.53157378415,0.392593227911,0.250403312848,135.00000006,134.999994268
0.355807912907,0.577768958514,0.28399876753,0.532260459959,0.392593227911,0.250403312848,135.00000006,134.999994268
0.355766746481,0.57841601343,0.284100006318,0.532947010334,0.392593227911,0.250403312848,135.00000006,134.999994268
0.355725757227,0.579062779344,0.284201429271,0.533633433693,0.392593227911,0.250403312848,135.00000006,134.999994268
0.355684945794,0.579709255111,0.284303036283,0.534319728457,0.392593227911,0.250403312848,135.00000006,134.999994268
0.355644312839,0.580355439582,0.284404827255,0.535005893044,0.392593227911,0.250403312848,135.00000006,134.999994268
0.355603859011,0.58100133161,0.284506802075,0.535691925872,0.392593227911,0.250403312848,135.00000006,134.999994268
0.355563584951,0.581646930051,0.28460896064,0.536377825356,0.392593227911,0.250403312848,135.00000006,134.999994268
0.355523491298,0.582292233763,0.284711302844,0.53706358991,0.392593227911,0.250403312848,135.00000006,134.999994268
0.355483578688,0.582937241602,0.284813828569,0.537749217951,0.392593227911,0.250403312848,135.00000006,134.999994268
0.355443847755,0.583581952425,0.284916537706,0.53843470789,0.392593227911,0.250403312848,135.00000006,134.999994268
0.355404299137,0.584226365086,0.285019430131,0.539120058145,0.392593227911,0.250403312848,135.00000006,134.999994268
0.355364933475,0.584870478435,0.285122505732,0.539805267124,0.392593227911,0.250403312848,135.00000006,134.999994268
0.355325751402,0.585514291323,0.285225764385,0.540490333241,0.392593227911,0.250403312848,135.00000006,134.999994268
0.355286753546,0.586157802608,0.285329205968,0.541175254905,0.392593227911,0.250403312848,135.00000006,134.999994268
0.355247940529,0.586801011146,0.285432830357,0.541860030526,0.392593227911,0.250403312848,135.00000006,134.999994268
0.355209312975,0.587443915792,0.285536637421,0.542544658515,0.392593227911,0.250403312848,135.00000006,134.999994268
0.355170871501,0.588086515402,0.285640627033,0.543229137278,0.392593227911,0.250403312848,135.00000006,134.999994268
0.355132616732,0.588728808829,0.285744799055,0.543913465227,0.392593227911,0.250403312848,135.00000006,134.999994268
0.355094549293,0.589370794923,0.285849153357,0.544597640766,0.392593227911,0.250403312848,135.00000006,134.999994268
0.355056669802,0.590012472534,0.285953689805,0.545281662301,0.392593227911,0.250403312848,135.00000006,134.999994268
0.355018978869,0.590653840521,0.286058408255,0.545965528239,0.392593227911,0.250403312848,135.00000006,134.999994268
0.354981477104,0.591294897737,0.286163308569,0.546649236984,0.392593227911,0.250403312848,135.00000006,134.999994268
0.354944165111,0.591935643038,0.286268390598,0.547332786943,0.392593227911,0.250403312848,135.00000006,134.999994268
0.354907043495,0.592576075281,0.2863736542,0.548016176518,0.392593227911,0.250403312848,135.00000006,134.999994268
0.354870112865,0.593216193316,0.286479099226,0.548699404112,0.392593227911,0.250403312848,135.00000006,134.999994268
0.35483337383,0.593855995992,0.286584725525,0.549382468128,0.392593227911,0.250403312848,135.00000006,134.999994268
0.35479682699,0.594495482162,0.286690532946,0.550065366966,0.392593227911,0.250403312848,135.00000006,134.999994268
0.35476047294,0.595134650683,0.286796521329,0.550748099031,0.392593227911,0.250403312848,135.00000006,134.999994268
0.354724312271,0.595773500408,0.286902690519,0.551430662721,0.392593227911,0.250403312848,135.00000006,134.999994268
0.354688345574,0.596412030195,0.287009040354,0.552113056438,0.392593227911,0.250403312848,135.00000006,134.999994268
0.354652573435,0.597050238897,0.287115570672,0.55279527858,0.392593227911,0.250403312848,135.00000006,134.999994268
0.354616996448,0.597688125366,0.287222281313,0.553477327546,0.392593227911,0.250403312848,135.00000006,134.999994268
0.354581615206,0.59832568845,0.287329172103,0.554159201735,0.392593227911,0.250403312848,135.00000006,134.999994268
0.354546430291,0.598962927004,0.287436242878,0.554840899544,0.392593227911,0.250403312848,135.00000006,134.999994268
0.354511442279,0.599599839883,0.287543493459,0.555522419373,0.392593227911,0.250403312848,135.00000006,134.999994268
0.354476651745,0.600236425943,0.287650923675,0.556203759617,0.392593227911,0.250403312848,135.00000006,134.999994268
0.354442059263,0.600872684039,0.287758533354,0.556884918671,0.392593227911,0.250403312848,135.00000006,134.999994268
0.354407665401,0.601508613027,0.287866322311,0.557565894933,0.392593227911,0.250403312848,135.00000006,134.999994268
0.354373470737,0.602144211756,0.287974290369,0.558246686796,0.392593227911,0.250403312848,135.00000006,134.999994268
0.354339475847,0.602779479076,0.288082437337,0.558927292658,0.392593227911,0.250403312848,135.00000006,134.999994268
0.354305681292,0.603414413843,0.288190763035,0.559607710911,0.392593227911,0.250403312848,135.00000006,134.999994268
0.354272087632,0.604049014912,0.288299267271,0.560287939951,0.392593227911,0.250403312848,135.00000006,134.999994268
0.354238695424,0.60468328114,0.288407949854,0.56096797817,0.392593227911,0.250403312848,135.00000006,134.999994268
0.354205505222,0.605317211382,0.288516810594,0.56164782396,0.392593227911,0.250403312848,135.00000006,134.999994268
0.354172517579,0.605950804493,0.28862584929,0.562327475716,0.392593227911,0.250403312848,135.00000006,134.999994268
0.354139733055,0.606584059324,0.288735065747,0.563006931828,0.392593227911,0.250403312848,135.00000006,134.999994268
0.354107152204,0.607216974725,0.288844459759,0.563686190691,0.392593227911,0.250403312848,135.00000006,134.999994268
0.354074775571,0.607849549554,0.288954031125,0.564365250695,0.392593227911,0.250403312848,135.00000006,134.999994268
0.354042603695,0.608481782667,0.289063779645,0.565044110228,0.392593227911,0.250403312848,135.00000006,134.999994268
0.354010637115,0.60911367292,0.289173705103,0.565722767684,0.392593227911,0.250403312848,135.00000006,134.999994268
0.353978876367,0.60974521917,0.289283807294,0.566401221451,0.392593227911,0.250403312848,135.00000006,134.999994268
0.353947321986,0.610376420272,0.289394085999,0.567079469922,0.392593227911,0.250403312848,135.00000006,134.999994268
0.353915974513,0.611007275077,0.289504541004,0.567757511484,0.392593227911,0.250403312848,135.00000006,134.999994268
0.353884834481,0.611637782438,0.289615172094,0.568435344528,0.392593227911,0.250403312848,135.00000006,134.999994268
0.353853902414,0.612267941213,0.289725979044,0.569112967442,0.392593227911,0.250403312848,135.00000006,134.999994268
0.353823178835,0.612897750259,0.289836961636,0.569790378613,0.392593227911,0.250403312848,135.00000006,134.999994268
0.353792664262,0.613527208434,0.289948119638,0.570467576432,0.392593227911,0.250403312848,135.00000006,134.999994268
0.353762359211,0.614156314595,0.290059452827,0.571144559286,0.392593227911,0.250403312848,135.00000006,134.999994268
0.353732264199,0.614785067598,0.290170960967,0.571821325564,0.392593227911,0.250403312848,135.00000006,134.999994268
0.353702379746,0.615413466295,0.290282643829,0.572497873652,0.392593227911,0.250403312848,135.00000006,134.999994268
0.353672706365,0.616041509541,0.290394501179,0.573174201935,0.392593227911,0.250403312848,135.00000006,134.999994268
0.353643244561,0.616669196195,0.290506532774,0.573850308804,0.392593227911,0.250403312848,135.00000006,134.999994268
0.353613994834,0.617296525116,0.290618738378,0.574526192643,0.392593227911,0.250403312848,135.00000006,134.999994268
0.353584957684,0.617923495161,0.290731117742,0.575201851842,0.392593227911,0.250403312848,135.00000006,134.999994268
0.353556133605,0.618550105192,0.290843670624,0.575877284784,0.392593227911,0.250403312848,135.00000006,134.999994268
0.353527523096,0.619176354063,0.290956396777,0.576552489854,0.392593227911,0.250403312848,135.00000006,134.999994268
0.353499126656,0.619802240628,0.291069295947,0.577227465441,0.392593227911,0.250403312848,135.00000006,134.999994268
0.353470944776,0.620427763745,0.291182367885,0.577902209928,0.392593227911,0.250403312848,135.00000006,134.999994268
0.35344297794,0.621052922274,0.291295612329,0.578576721702,0.392593227911,0.250403312848,135.00000006,134.999994268
0.353415226628,0.621677715075,0.291409029024,0.579250999149,0.392593227911,0.250403312848,135.00000006,134.999994268
0.353387691317,0.622302141009,0.29152261771,0.579925040653,0.392593227911,0.250403312848,135.00000006,134.999994268
0.353360372483,0.622926198936,0.29163637812,0.580598844599,0.392593227911,0.250403312848,135.00000006,134.999994268
0.353333270603,0.623549887713,0.291750309994,0.58127240937,0.392593227911,0.250403312848,135.00000006,134.999994268
0.353306386155,0.624173206196,0.291864413058,0.581945733354,0.392593227911,0.250403312848,135.00000006,134.999994268
0.353279719607,0.624796153246,0.291978687043,0.582618814934,0.392593227911,0.250403312848,135.00000006,134.999994268
0.353253271421,0.625418727723,0.292093131672,0.583291652495,0.392593227911,0.250403312848,135.00000006,134.999994268
0.353227042058,0.62604092849,0.292207746671,0.583964244421,0.392593227911,0.250403312848,135.00000006,134.999994268
0.353201031972,0.626662754409,0.292322531765,0.584636589095,0.392593227911,0.250403312848,135.00000006,134.999994268
0.353175241617,0.627284204342,0.292437486667,0.585308684903,0.392593227911,0.250403312848,135.00000006,134.999994268
0.353149671448,0.627905277148,0.292552611097,0.585980530227,0.392593227911,0.250403312848,135.00000006,134.999994268
0.353124321921,0.628525971687,0.292667904763,0.586652123454,0.392593227911,0.250403312848,135.00000006,134.999994268
0.353099193483,0.629146286818,0.29278336738,0.587323462966,0.392593227911,0.250403312848,135.00000006,134.999994268
0.353074286574,0.629766221407,0.292898998657,0.587994547147,0.392593227911,0.250403312848,135.00000006,134.999994268
0.35304960163,0.630385774317,0.293014798297,0.588665374381,0.392593227911,0.250403312848,135.00000006,134.999994268
0.353025139086,0.631004944412,0.293130766007,0.589335943051,0.392593227911,0.250403312848,135.00000006,134.999994268
0.353000899371,0.631623730557,0.293246901481,0.590006251542,0.392593227911,0.250403312848,135.00000006,134.999994268
0.35297688292,0.632242131614,0.293363204421,0.590676298239,0.392593227911,0.250403312848,135.00000006,134.999994268
0.352953090164,0.632860146444,0.293479674522,0.591346081523,0.392593227911,0.250403312848,135.00000006,134.999994268
0.352929521528,0.633477773909,0.293596311476,0.59201559978,0.392593227911,0.250403312848,135.00000006,134.999994268
0.352906177429,0.634095012877,0.293713114976,0.592684851391,0.392593227911,0.250403312848,135.00000006,134.999994268
0.352883058281,0.634711862212,0.293830084704,0.593353834743,0.392593227911,0.250403312848,135.00000006,134.999994268
0.352860164495,0.635328320783,0.293947220349,0.594022548219,0.392593227911,0.250403312848,135.00000006,134.999994268
0.352837496479,0.635944387456,0.294064521591,0.594690990203,0.392593227911,0.250403312848,135.00000006,134.999994268
0.352815054642,0.636560061096,0.29418198811,0.595359159079,0.392593227911,0.250403312848,135.00000006,134.999994268
0.352792839393,0.637175340565,0.294299619586,0.596027053229,0.392593227911,0.250403312848,135.00000006,134.999994268
0.352770851132,0.63779022473,0.294417415689,0.596694671041,0.392593227911,0.250403312848,135.00000006,134.999994268
0.352749090256,0.63840471246,0.294535376095,0.597362010895,0.392593227911,0.250403312848,135.00000006,134.999994268
0.352727557153,0.639018802623,0.294653500468,0.59802907118,0.392593227911,0.250403312848,135.00000006,134.999994268
0.352706252212,0.639632494088,0.294771788477,0.598695850278,0.392593227911,0.250403312848,135.00000006,134.999994268
0.352685175817,0.640245785726,0.294890239789,0.599362346571,0.392593227911,0.250403312848,135.00000006,134.999994268
0.352664328351,0.640858676404,0.295008854062,0.600028558447,0.392593227911,0.250403312848,135.00000006,134.999994268
0.352643710199,0.641471164988,0.295127630956,0.60069448429,0.392593227911,0.250403312848,135.00000006,134.999994268
0.35262332174,0.642083250347,0.295246570124,0.601360122486,0.392593227911,0.250403312848,135.00000006,134.999994268
0.352603163345,0.642694931352,0.295365671221,0.602025471419,0.392593227911,0.250403312848,135.00000006,134.999994268
0.35258323538,0.643306206874,0.295484933902,0.602690529473,0.392593227911,0.250403312848,135.00000006,134.999994268
0.352563538209,0.643917075785,0.295604357811,0.603355295035,0.392593227911,0.250403312848,135.00000006,134.999994268
0.352544072191,0.644527536959,0.295723942595,0.604019766489,0.392593227911,0.250403312848,135.00000006,134.999994268
0.352524837684,0.645137589267,0.295843687893,0.604683942224,0.392593227911,0.250403312848,135.00000006,134.999994268
0.352505835048,0.645747231579,0.295963593348,0.605347820624,0.392593227911,0.250403312848,135.00000006,134.999994268
0.352487064639,0.646356462765,0.296083658602,0.606011400073,0.392593227911,0.250403312848,135.00000006,134.999994268
0.352468526803,0.646965281699,0.296203883283,0.606674678961,0.392593227911,0.250403312848,135.00000006,134.999994268
0.352450221883,0.647573687255,0.296324267029,0.607337655671,0.392593227911,0.250403312848,135.00000006,134.999994268
0.352432150216,0.648181678309,0.296444809464,0.608000328594,0.392593227911,0.250403312848,135.00000006,134.999994268
0.352414312139,0.648789253737,0.296565510217,0.608662696115,0.392593227911,0.250403312848,135.00000006,134.999994268
0.352396707983,0.649396412415,0.296686368917,0.60932475662,0.392593227911,0.250403312848,135.00000006,134.999994268
0.35237933808,0.650003153216,0.29680738518,0.609986508499,0.392593227911,0.250403312848,135.00000006,134.999994268
0.352362202764,0.650609475013,0.296928558629,0.610647950137,0.392593227911,0.250403312848,135.00000006,134.999994268
0.352345302356,0.651215376683,0.297049888876,0.611309079925,0.392593227911,0.250403312848,135.00000006,134.999994268
0.352328637175,0.651820857104,0.297171375537,0.611969896251,0.392593227911,0.250403312848,135.00000006,134.999994268
0.352312207532,0.652425915154,0.297293018227,0.612630397501,0.392593227911,0.250403312848,135.00000006,134.999994268
0.352296013739,0.653030549713,0.297414816549,0.613290582067,0.392593227911,0.250403312848,135.00000006,134.999994268
0.352280056101,0.65363475966,0.297536770113,0.613950448335,0.392593227911,0.250403312848,135.00000006,134.999994268
0.352264334923,0.654238543873,0.297658878518,0.614609994699,0.392593227911,0.250403312848,135.00000006,134.999994268
0.352248850511,0.65484190123,0.297781141366,0.615269219547,0.392593227911,0.250403312848,135.00000006,134.999994268
0.352233603165,0.655444830609,0.297903558259,0.615928121267,0.392593227911,0.250403312848,135.00000006,134.999994268
0.352218593177,0.656047330891,0.298026128788,0.616586698253,0.392593227911,0.250403312848,135.00000006,134.999994268
0.352203820835,0.656649400959,0.298148852548,0.617244948893,0.392593227911,0.250403312848,135.00000006,134.999994268
0.352189286418,0.657251039698,0.298271729125,0.617902871581,0.392593227911,0.250403312848,135.00000006,134.999994268
0.352174990203,0.657852245992,0.298394758109,0.618560464708,0.392593227911,0.250403312848,135.00000006,134.999994268
0.352160932457,0.658453018731,0.298517939088,0.619217726664,0.392593227911,0.250403312848,135.00000006,134.999994268
0.352147113452,0.659053356799,0.29864127164,0.619874655843,0.392593227911,0.250403312848,135.00000006,134.999994268
0.352133533456,0.659653259082,0.298764755346,0.620531250638,0.392593227911,0.250403312848,135.00000006,134.999994268
0.35212019273,0.660252724468,0.298888389781,0.621187509443,0.392593227911,0.250403312848,135.00000006,134.999994268
0.352107091529,0.660851751845,0.299012174519,0.621843430651,0.392593227911,0.250403312848,135.00000006,134.999994268
0.352094230103,0.661450340105,0.299136109137,0.622499012654,0.392593227911,0.250403312848,135.00000006,134.999994268
0.352081608702,0.662048488136,0.299260193197,0.623154253849,0.392593227911,0.250403312848,135.00000006,134.999994268
0.352069227569,0.662646194831,0.29938442627,0.62380915263,0.392593227911,0.250403312848,135.00000006,134.999994268
0.352057086944,0.66324345908,0.299508807916,0.624463707393,0.392593227911,0.250403312848,135.00000006,134.999994268
0.35204518707,0.663840279773,0.299633337696,0.625117916534,0.392593227911,0.250403312848,135.00000006,134.999994268
0.352033528185,0.664436655798,0.299758015174,0.625771778447,0.392593227911,0.250403312848,135.00000006,134.999994268
0.352022110519,0.665032586048,0.299882839899,0.626425291532,0.392593227911,0.250403312848,135.00000006,134.999994268
0.352010934298,0.665628069418,0.300007811427,0.627078454184,0.392593227911,0.250403312848,135.00000006,134.999994268
0.351999999744,0.6662231048,0.300132929308,0.627731264802,0.392593227911,0.250403312848,135.00000006,134.999994268
0.351989307074,0.66681769109,0.300258193089,0.628383721784,0.392593227911,0.250403312848,135.00000006,134.999994268
0.351978856503,0.667411827182,0.300383602319,0.629035823527,0.392593227911,0.250403312848,135.00000006,134.999994268
0.351968648242,0.668005511972,0.300509156534,0.629687568433,0.392593227911,0.250403312848,135.00000006,134.999994268
0.351958682503,0.668598744353,0.300634855278,0.6303389549,0.392593227911,0.250403312848,135.00000006,134.999994268
0.351948959494,0.669191523219,0.300760698089,0.630989981328,0.392593227911,0.250403312848,135.00000006,134.999994268
0.351939479416,0.669783847467,0.300886684498,0.631640646119,0.392593227911,0.250403312848,135.00000006,134.999994268
0.351930242464,0.670375715995,0.301012814042,0.632290947672,0.392593227911,0.250403312848,135.00000006,134.999994268
0.351921248829,0.670967127701,0.301139086244,0.632940884393,0.392593227911,0.250403312848,135.00000006,134.999994268
0.351912498699,0.671558081485,0.301265500635,0.633590454682,0.392593227911,0.250403312848,135.00000006,134.999994268
0.351903992259,0.672148576245,0.301392056741,0.634239656941,0.392593227911,0.250403312848,135.00000006,134.999994268
0.35189572969,0.672738610882,0.301518754079,0.634888489575,0.392593227911,0.250403312848,135.00000006,134.999994268
0.351887711171,0.673328184295,0.301645592172,0.635536950988,0.392593227911,0.250403312848,135.00000006,134.999994268
0.351879936882,0.673917295381,0.301772570532,0.636185039584,0.392593227911,0.250403312848,135.00000006,134.999994268
0.351872406991,0.674505943042,0.301899688675,0.63683275377,0.392593227911,0.250403312848,135.00000006,134.999994268
0.351865121664,0.675094126182,0.302026946115,0.637480091949,0.392593227911,0.250403312848,135.00000006,134.999994268
0.351858081062,0.675681843702,0.302154342354,0.638127052531,0.392593227911,0.250403312848,135.00000006,134.999994268
0.351851285343,0.676269094506,0.302281876902,0.638773633922,0.392593227911,0.250403312848,135.00000006,134.999994268
0.35184473466,0.6768558775,0.302409549264,0.639419834528,0.392593227911,0.250403312848,135.00000006,134.999994268
0.351838429162,0.677442191587,0.302537358936,0.64006565276,0.392593227911,0.250403312848,135.00000006,134.999994268
0.351832368999,0.678028035672,0.302665305421,0.640711087025,0.392593227911,0.250403312848,135.00000006,134.999994268
0.351826554317,0.678613408659,0.302793388209,0.641356135734,0.392593227911,0.250403312848,135.00000006,134.999994268
0.351820985257,0.679198309452,0.302921606796,0.642000797298,0.392593227911,0.250403312848,135.00000006,134.999994268
0.351815661952,0.679782736961,0.303049960675,0.642645070126,0.392593227911,0.250403312848,135.00000006,134.999994268
0.351810584533,0.680366690092,0.303178449329,0.643288952632,0.392593227911,0.250403312848,135.00000006,134.999994268
0.351805753126,0.680950167755,0.303307072245,0.643932443226,0.392593227911,0.250403312848,135.00000006,134.999994268
0.351801167854,0.681533168859,0.303435828907,0.644575540323,0.392593227911,0.250403312848,135.00000006,134.999994268
0.351796828837,0.682115692313,0.303564718793,0.645218242336,0.392593227911,0.250403312848,135.00000006,134.999994268
0.351792736187,0.682697737029,0.303693741382,0.645860547679,0.392593227911,0.250403312848,135.00000006,134.999994268
0.351788890021,0.683279301916,0.303822896146,0.646502454769,0.392593227911,0.250403312848,135.00000006,134.999994268
0.35178529045,0.683860385883,0.303952182559,0.647143962022,0.392593227911,0.250403312848,135.00000006,134.999994268
0.351781937577,0.684440987844,0.304081600095,0.647785067851,0.392593227911,0.250403312848,135.00000006,134.999994268
0.3517788315,0.685021106711,0.304211148214,0.648425770677,0.392593227911,0.250403312848,135.00000006,134.999994268
0.351775972316,0.685600741399,0.304340826386,0.649066068916,0.392593227911,0.250403312848,135.00000006,134.999994268
0.351773360115,0.686179890822,0.304470634071,0.649705960988,0.392593227911,0.250403312848,135.00000006,134.999994268
0.351770994985,0.686758553895,0.304600570728,0.650345445313,0.392593227911,0.250403312848,135.00000006,134.999994268
0.351768877009,0.687336729535,0.304730635816,0.65098452031,0.392593227911,0.250403312848,135.00000006,134.999994268
0.351767006267,0.687914416659,0.304860828786,0.651623184401,0.392593227911,0.250403312848,135.00000006,134.999994268
0.351765382837,0.688491614182,0.304991149092,0.652261436009,0.392593227911,0.250403312848,135.00000006,134.999994268
0.351764006796,0.68906832102,0.305121596186,0.652899273554,0.392593227911,0.250403312848,135.00000006,134.999994268
0.351762878209,0.689644536093,0.30525216951,0.653536695462,0.392593227911,0.250403312848,135.00000006,134.999994268
0.351761997143,0.69022025832,0.305382868512,0.654173700156,0.392593227911,0.250403312848,135.00000006,134.999994268
0.351761363654,0.690795486621,0.305513692634,0.654810286061,0.392593227911,0.250403312848,135.00000006,134.999994268
0.351760977801,0.691370219918,0.305644641312,0.655446451604,0.392593227911,0.250403312848,135.00000006,134.999994268
0.351760839633,0.691944457131,0.305775713987,0.65608219521,0.392593227911,0.250403312848,135.00000006,134.999994268
0.351760949199,0.692518197185,0.30590691009,0.656717515308,0.392593227911,0.250403312848,135.00000006,134.999994268
0.351761306542,0.693091439002,0.306038229053,0.657352410327,0.392593227911,0.250403312848,135.00000006,134.999994268
0.351761911705,0.693664181504,0.306169670309,0.657986878693,0.392593227911,0.250403312848,135.00000006,134.999994268
0.351762764726,0.694236423616,0.30630123328,0.65862091884,0.392593227911,0.250403312848,135.00000006,134.999994268
0.351763865638,0.694808164263,0.306432917392,0.659254529198,0.392593227911,0.250403312848,135.00000006,134.999994268
0.351765214468,0.695379402369,0.30656472207,0.659887708195,0.392593227911,0.250403312848,135.00000006,134.999994268
0.351766811242,0.695950136863,0.306696646729,0.660520454269,0.392593227911,0.250403312848,135.00000006,134.999994268
0.351768655977,0.696520366672,0.306828690788,0.66115276585,0.392593227911,0.250403312848,135.00000006,134.999994268
0.351770748691,0.697090090726,0.306960853663,0.661784641373,0.392593227911,0.250403312848,135.00000006,134.999994268
0.351773089394,0.697659307952,0.307093134763,0.662416079275,0.392593227911,0.250403312848,135.00000006,134.999994268
0.351775678095,0.698228017282,0.3072255335,0.663047077989,0.392593227911,0.250403312848,135.00000006,134.999994268
0.351778514796,0.698796217646,0.307358049281,0.663677635955,0.392593227911,0.250403312848,135.00000006,134.999994268
0.3517815995,0.699363907975,0.307490681508,0.66430775161,0.392593227911,0.250403312848,135.00000006,134.999994268
0.351784932206,0.6999310872,0.307623429586,0.664937423392,0.392593227911,0.250403312848,135.00000006,134.999994268
0.351788512906,0.700497754254,0.307756292913,0.665566649743,0.392593227911,0.250403312848,135.00000006,134.999994268
0.351792341586,0.701063908071,0.307889270887,0.666195429102,0.392593227911,0.250403312848,135.00000006,134.999994268
0.351796418232,0.701629547586,0.308022362905,0.66682375991,0.392593227911,0.250403312848,135.00000006,134.999994268
0.351800742821,0.702194671734,0.308155568355,0.667451640612,0.392593227911,0.250403312848,135.00000006,134.999994268
0.35180531533,0.702759279453,0.30828888663,0.66807906965,0.392593227911,0.250403312848,135.00000006,134.999994268
0.35181013573,0.70332336968,0.30842231712,0.668706045468,0.392593227911,0.250403312848,135.00000006,134.999994268
0.351815203989,0.703886941352,0.308555859205,0.669332566513,0.392593227911,0.250403312848,135.00000006,134.999994268
0.351820520069,0.704449993409,0.308689512272,0.669958631231,0.392593227911,0.250403312848,135.00000006,134.999994268
0.351826083932,0.70501252479,0.308823275702,0.670584238067,0.392593227911,0.250403312848,135.00000006,134.999994268
0.351831895535,0.705574534434,0.308957148869,0.671209385473,0.392593227911,0.250403312848,135.00000006,134.999994268
0.351837954831,0.706136021282,0.309091131153,0.671834071897,0.392593227911,0.250403312848,135.00000006,134.999994268
0.351844261767,0.706696984277,0.309225221926,0.672458295788,0.392593227911,0.250403312848,135.00000006,134.999994268
0.351850816286,0.707257422362,0.309359420557,0.6730820556,0.392593227911,0.250403312848,135.00000006,134.999994268
0.351857618327,0.70781733448,0.309493726418,0.673705349783,0.392593227911,0.250403312848,135.00000006,134.999994268
0.351864667825,0.708376719577,0.309628138874,0.674328176791,0.392593227911,0.250403312848,135.00000006,134.999994268
0.351871964712,0.708935576599,0.309762657288,0.674950535079,0.392593227911,0.250403312848,135.00000006,134.999994268
0.351879508914,0.709493904491,0.309897281023,0.675572423102,0.392593227911,0.250403312848,135.00000006,134.999994268
0.351887300355,0.710051702202,0.310032009438,0.676193839317,0.392593227911,0.250403312848,135.00000006,134.999994268
0.351895338953,0.71060896868,0.310166841889,0.676814782181,0.392593227911,0.250403312848,135.00000006,134.999994268
0.351903624624,0.711165702873,0.310301777732,0.677435250153,0.392593227911,0.250403312848,135.00000006,134.999994268
0.351912157281,0.711721903731,0.310436816317,0.678055241692,0.392593227911,0.250403312848,135.00000006,134.999994268
0.351920936831,0.712277570204,0.310571956989,0.678674755263,0.392593227911,0.250403312848,135.00000006,134.999994268
0.351929963178,0.712832701244,0.310707199094,0.679293789328,0.392593227911,0.250403312848,135.00000006,134.999994268
0.35193923622,0.713387295804,0.310842541969,0.679912342352,0.392593227911,0.250403312848,135.00000006,134.999994268
0.351948755852,0.713941352836,0.310977984954,0.680530412802,0.392593227911,0.250403312848,135.00000006,134.999994268
0.351958521965,0.714494871297,0.311113527388,0.681147999144,0.392593227911,0.250403312848,135.00000006,134.999994268
0.351968534445,0.715047850141,0.311249168602,0.681765099846,0.392593227911,0.250403312848,135.00000006,134.999994268
0.351978793174,0.715600288324,0.311384907928,0.682381713377,0.392593227911,0.250403312848,135.00000006,134.999994268
0.351989298031,0.716152184805,0.3115207447,0.682997838207,0.392593227911,0.250403312848,135.00000006,134.999994268
0.352000048891,0.71670353854,0.311656678242,0.683613472808,0.392593227911,0.250403312848,135.00000006,134.999994268
0.352011045624,0.717254348489,0.311792707881,0.684228615652,0.392593227911,0.250403312848,135.00000006,134.999994268
0.352022288097,0.717804613613,0.311928832942,0.68484326521,0.392593227911,0.250403312848,135.00000006,134.999994268
0.352033776173,0.71835433287,0.312065052744,0.685457419959,0.392593227911,0.250403312848,135.00000006,134.999994268
0.352045509711,0.718903505223,0.312201366607,0.686071078374,0.392593227911,0.250403312848,135.00000006,134.999994268
0.352057488567,0.719452129634,0.312337773851,0.68668423893,0.392593227911,0.250403312848,135.00000006,134.999994268
0.35206971259,0.720000205067,0.312474273787,0.687296900106,0.392593227911,0.250403312848,135.00000006,134.999994268
0.352082181627,0.720547730486,0.31261086573,0.687909060381,0.392593227911,0.250403312848,135.00000006,134.999994268
0.352094895519,0.721094704858,0.312747548992,0.688520718232,0.392593227911,0.250403312848,135.00000006,134.999994268
0.352107854105,0.721641127149,0.312884322881,0.689131872143,0.392593227911,0.250403312848,135.00000006,134.999994268
0.352121057218,0.722186996326,0.313021186702,0.689742520595,0.392593227911,0.250403312848,135.00000006,134.999994268
0.35213450469,0.722732311357,0.313158139762,0.69035266207,0.392593227911,0.250403312848,135.00000006,134.999994268
0.352148196345,0.723277071213,0.313295181363,0.690962295053,0.392593227911,0.250403312848,135.00000006,134.999994268
0.352162132006,0.723821274864,0.313432310805,0.69157141803,0.392593227911,0.250403312848,135.00000006,134.999994268
0.352176311491,0.72436492128,0.313569527388,0.692180029487,0.392593227911,0.250403312848,135.00000006,134.999994268
0.352190734613,0.724908009435,0.313706830407,0.692788127912,0.392593227911,0.250403312848,135.00000006,134.999994268
0.352205401184,0.725450538301,0.313844219157,0.693395711794,0.392593227911,0.250403312848,135.00000006,134.999994268
0.35222031101,0.725992506853,0.31398169293,0.694002779622,0.392593227911,0.250403312848,135.00000006,134.999994268
0.352235463894,0.726533914065,0.314119251018,0.694609329887,0.392593227911,0.250403312848,135.00000006,134.999994268
0.352250859633,0.727074758913,0.314256892707,0.695215361083,0.392593227911,0.250403312848,135.00000006,134.999994268
0.352266498021,0.727615040375,0.314394617284,0.695820871703,0.392593227911,0.250403312848,135.00000006,134.999994268
0.352282378848,0.728154757429,0.314532424037,0.69642586024,0.392593227911,0.250403312848,135.00000006,134.999994268
0.3522985019,0.728693909055,0.314670312242,0.697030325192,0.392593227911,0.250403312848,135.00000006,134.999994268
0.352314866959,0.729232494232,0.314808281184,0.697634265055,0.392593227911,0.250403312848,135.00000006,134.999994268
0.352331473803,0.729770511943,0.314946330142,0.698237678327,0.392593227911,0.250403312848,135.00000006,134.999994268
0.352348322205,0.730307961168,0.315084458389,0.698840563508,0.392593227911,0.250403312848,135.00000006,134.999994268
0.352365411936,0.730844840892,0.315222665202,0.699442919099,0.392593227911,0.250403312848,135.00000006,134.999994268
0.35238274276,0.731381150099,0.315360949854,0.700044743601,0.392593227911,0.250403312848,135.00000006,134.999994268
0.352400314441,0.731916887774,0.315499311613,0.700646035518,0.392593227911,0.250403312848,135.00000006,134.999994268
0.352418126737,0.732452052904,0.31563774975,0.701246793355,0.392593227911,0.250403312848,135.00000006,134.999994268
0.3524361794,0.732986644475,0.315776263531,0.701847015616,0.392593227911,0.250403312848,135.00000006,134.999994268
0.352454472182,0.733520661477,0.315914852221,0.702446700809,0.392593227911,0.250403312848,135.00000006,134.999994268
0.352473004828,0.734054102898,0.316053515082,0.703045847441,0.392593227911,0.250403312848,135.00000006,134.999994268
0.352491777081,0.73458696773,0.316192251376,0.703644454023,0.392593227911,0.250403312848,135.00000006,134.999994268
0.35251078868,0.735119254963,0.316331060363,0.704242519064,0.392593227911,0.250403312848,135.00000006,134.999994268
0.352530039358,0.73565096359,0.316469941297,0.704840041078,0.392593227911,0.250403312848,135.00000006,134.999994268
0.352549528845,0.736182092604,0.316608893436,0.705437018576,0.392593227911,0.250403312848,135.00000006,134.999994268
0.352569256869,0.736712641001,0.316747916035,0.706033450073,0.392593227911,0.250403312848,135.00000006,134.999994268
0.35258922315,0.737242607776,0.316887008343,0.706629334085,0.392593227911,0.250403312848,135.00000006,134.999994268
0.352609427407,0.737771991927,0.317026169609,0.707224669129,0.392593227911,0.250403312848,135.00000006,134.999994268
0.352629869355,0.73830079245,0.317165399083,0.707819453724,0.392593227911,0.250403312848,135.00000006,134.999994268
0.352650548704,0.738829008345,0.317304696012,0.708413686388,0.392593227911,0.250403312848,135.00000006,134.999994268
0.352671465161,0.739356638613,0.317444059637,0.709007365644,0.392593227911,0.250403312848,135.00000006,134.999994268
0.352692618427,0.739883682253,0.317583489202,0.709600490012,0.392593227911,0.250403312848,135.00000006,134.999994268
0.352714008203,0.740410138269,0.317722983949,0.710193058017,0.392593227911,0.250403312848,135.00000006,134.999994268
0.352735634182,0.740936005663,0.317862543114,0.710785068184,0.392593227911,0.250403312848,135.00000006,134.999994268
0.352757496056,0.741461283441,0.318002165936,0.711376519039,0.392593227911,0.250403312848,135.00000006,134.999994268
0.352779593511,0.741985970607,0.318141851651,0.711967409109,0.392593227911,0.250403312848,135.00000006,134.999994268
0.352801926231,0.742510066168,0.318281599491,0.712557736923,0.392593227911,0.250403312848,135.00000006,134.999994268
0.352824493894,0.743033569133,0.318421408687,0.713147501012,0.392593227911,0.250403312848,135.00000006,134.999994268
0.352847296176,0.743556478508,0.318561278471,0.713736699906,0.392593227911,0.250403312848,135.00000006,134.999994268
0.352870332748,0.744078793305,0.31870120807,0.714325332139,0.392593227911,0.250403312848,135.00000006,134.999994268
0.352893603279,0.744600512535,0.31884119671,0.714913396246,0.392593227911,0.250403312848,135.00000006,134.999994268
0.35291710743,0.745121635209,0.318981243616,0.715500890762,0.392593227911,0.250403312848,135.00000006,134.999994268
0.352940844864,0.745642160341,0.319121348013,0.716087814223,0.392593227911,0.250403312848,135.00000006,134.999994268
0.352964815234,0.746162086945,0.319261509119,0.716674165169,0.392593227911,0.250403312848,135.00000006,134.999994268
0.352989018194,0.746681414037,0.319401726155,0.717259942139,0.392593227911,0.250403312848,135.00000006,134.999994268
0.353013453391,0.747200140633,0.319541998339,0.717845143675,0.392593227911,0.250403312848,135.00000006,134.999994268
0.353038120469,0.747718265751,0.319682324888,0.718429768318,0.392593227911,0.250403312848,135.00000006,134.999994268
0.35306301907,0.748235788411,0.319822705015,0.719013814613,0.392593227911,0.250403312848,135.00000006,134.999994268
0.35308814883,0.748752707631,0.319963137933,0.719597281105,0.392593227911,0.250403312848,135.00000006,134.999994268
0.353113509381,0.749269022433,0.320103622855,0.720180166341,0.392593227911,0.250403312848,135.00000006,134.999994268
0.353139100353,0.74978473184,0.320244158988,0.720762468869,0.392593227911,0.250403312848,135.00000006,134.999994268
0.353164921371,0.750299834875,0.320384745541,0.72134418724,0.392593227911,0.250403312848,135.00000006,134.999994268
0.353190972056,0.750814330563,0.320525381719,0.721925320003,0.392593227911,0.250403312848,135.00000006,134.999994268
0.353217252026,0.751328217929,0.32066606673,0.722505865711,0.392593227911,0.250403312848,135.00000006,134.999994268
0.353243760894,0.751841496001,0.320806799774,0.723085822919,0.392593227911,0.250403312848,135.00000006,134.999994268
0.353270498271,0.752354163806,0.320947580052,0.723665190181,0.392593227911,0.250403312848,135.00000006,134.999994268
0.353297463763,0.752866220375,0.321088406766,0.724243966055,0.392593227911,0.250403312848,135.00000006,134.999994268
0.353324656973,0.753377664736,0.321229279113,0.724822149098,0.392593227911,0.250403312848,135.00000006,134.999994268
0.353352077498,0.753888495923,0.32137019629,0.725399737871,0.392593227911,0.250403312848,135.00000006,134.999994268
0.353379724934,0.754398712967,0.321511157491,0.725976730934,0.392593227911,0.250403312848,135.00000006,134.999994268
0.353407598873,0.754908314903,0.321652161911,0.72655312685,0.392593227911,0.250403312848,135.00000006,134.999994268
0.3534356989,0.755417300766,0.321793208741,0.727128924183,0.392593227911,0.250403312848,135.00000006,134.999994268
0.353464024601,0.755925669593,0.321934297171,0.727704121499,0.392593227911,0.250403312848,135.00000006,134.999994268
0.353492575556,0.756433420421,0.322075426391,0.728278717365,0.392593227911,0.250403312848,135.00000006,134.999994268
0.353521351339,0.756940552288,0.322216595588,0.728852710349,0.392593227911,0.250403312848,135.00000006,134.999994268
0.353550351525,0.757447064236,0.322357803948,0.729426099022,0.392593227911,0.250403312848,135.00000006,134.999994268
0.353579575681,0.757952955304,0.322499050654,0.729998881954,0.392593227911,0.250403312848,135.00000006,134.999994268
0.353609023373,0.758458224535,0.32264033489,0.73057105772,0.392593227911,0.250403312848,135.00000006,134.999994268
0.353638694162,0.758962870974,0.322781655838,0.731142624892,0.392593227911,0.250403312848,135.00000006,134.999994268
0.353668587606,0.759466893664,0.322923012677,0.731713582048,0.392593227911,0.250403312848,135.00000006,134.999994268
0.35369870326,0.759970291653,0.323064404585,0.732283927765,0.392593227911,0.250403312848,135.00000006,134.999994268
0.353729040672,0.760473063986,0.323205830739,0.732853660623,0.392593227911,0.250403312848,135.00000006,134.999994268
0.35375959939,0.760975209713,0.323347290316,0.733422779201,0.392593227911,0.250403312848,135.00000006,134.999994268
0.353790378958,0.761476727883,0.323488782489,0.733991282081,0.392593227911,0.250403312848,135.00000006,134.999994268
0.353821378914,0.761977617548,0.32363030643,0.734559167849,0.392593227911,0.250403312848,135.00000006,134.999994268
0.353852598794,0.762477877759,0.323771861312,0.735126435087,0.392593227911,0.250403312848,135.00000006,134.999994268
0.35388403813,0.762977507571,0.323913446303,0.735693082385,0.392593227911,0.250403312848,135.00000006,134.999994268
0.353915696451,0.763476506036,0.324055060573,0.736259108328,0.392593227911,0.250403312848,135.00000006,134.999994268
0.353947573282,0.763974872213,0.324196703288,0.736824511509,0.392593227911,0.250403312848,135.00000006,134.999994268
0.353979668143,0.764472605157,0.324338373615,0.737389290517,0.392593227911,0.250403312848,135.00000006,134.999994268
0.354011980554,0.764969703927,0.324480070716,0.737953443946,0.392593227911,0.250403312848,135.00000006,134.999994268
0.354044510027,0.765466167583,0.324621793757,0.738516970391,0.392593227911,0.250403312848,135.00000006,134.999994268
0.354077256073,0.765961995186,0.324763541897,0.739079868447,0.392593227911,0.250403312848,135.00000006,134.999994268
0.354110218199,0.766457185798,0.324905314298,0.739642136712,0.392593227911,0.250403312848,135.00000006,134.999994268
0.354143395909,0.766951738483,0.325047110118,0.740203773785,0.392593227911,0.250403312848,135.00000006,134.999994268
0.354176788701,0.767445652305,0.325188928515,0.740764778268,0.392593227911,0.250403312848,135.00000006,134.999994268
0.354210396074,0.76793892633,0.325330768645,0.741325148763,0.392593227911,0.250403312848,135.00000006,134.999994268
0.354244217518,0.768431559626,0.325472629664,0.741884883873,0.392593227911,0.250403312848,135.00000006,134.999994268
0.354278252524,0.768923551261,0.325614510724,0.742443982205,0.392593227911,0.250403312848,135.00000006,134.999994268
0.354312500577,0.769414900305,0.32575641098,0.743002442366,0.392593227911,0.250403312848,135.00000006,134.999994268
0.354346961159,0.769905605829,0.325898329581,0.743560262964,0.392593227911,0.250403312848,135.00000006,134.999994268
0.354381633749,0.770395666907,0.326040265679,0.744117442609,0.392593227911,0.250403312848,135.00000006,134.999994268
0.354416517822,0.77088508261,0.32618221842,0.744673979915,0.392593227911,0.250403312848,135.00000006,134.999994268
0.35445161285,0.771373852016,0.326324186954,0.745229873495,0.392593227911,0.250403312848,135.00000006,134.999994268
0.3544869183,0.771861974199,0.326466170427,0.745785121963,0.392593227911,0.250403312848,135.00000006,134.999994268
0.354522433638,0.772349448238,0.326608167983,0.746339723938,0.392593227911,0.250403312848,135.00000006,134.999994268
0.354558158325,0.772836273211,0.326750178766,0.746893678037,0.392593227911,0.250403312848,135.00000006,134.999994268
0.354594091819,0.773322448199,0.326892201919,0.747446982881,0.392593227911,0.250403312848,135.00000006,134.999994268
0.354630233573,0.773807972284,0.327034236584,0.747999637092,0.392593227911,0.250403312848,135.00000006,134.999994268
0.35466658304,0.774292844548,0.3271762819,0.748551639293,0.392593227911,0.250403312848,135.00000006,134.999994268
0.354703139666,0.774777064075,0.327318337007,0.74910298811,0.392593227911,0.250403312848,135.00000006,134.999994268
0.354739902896,0.775260629952,0.327460401043,0.749653682168,0.392593227911,0.250403312848,135.00000006,134.999994268
0.354776872171,0.775743541265,0.327602473145,0.750203720098,0.392593227911,0.250403312848,135.00000006,134.999994268
0.354814046927,0.776225797102,0.327744552449,0.750753100528,0.392593227911,0.250403312848,135.00000006,134.999994268
0.3548514266,0.776707396553,0.327886638088,0.751301822092,0.392593227911,0.250403312848,135.00000006,134.999994268
0.354889010618,0.777188338709,0.328028729197,0.751849883422,0.392593227911,0.250403312848,135.00000006,134.999994268
0.35492679841,0.777668622661,0.328170824908,0.752397283153,0.392593227911,0.250403312848,135.00000006,134.999994268
0.3549647894,0.778148247505,0.328312924352,0.752944019923,0.392593227911,0.250403312848,135.00000006,134.999994268
0.355002983008,0.778627212334,0.32845502666,0.753490092369,0.392593227911,0.250403312848,135.00000006,134.999994268
0.355041378652,0.779105516244,0.32859713096,0.754035499133,0.392593227911,0.250403312848,135.00000006,134.999994268
0.355079975745,0.779583158335,0.328739236381,0.754580238857,0.392593227911,0.250403312848,135.00000006,134.999994268
0.355118773697,0.780060137703,0.32888134205,0.755124310183,0.392593227911,0.250403312848,135.00000006,134.999994268
0.355157771918,0.780536453451,0.329023447092,0.755667711758,0.392593227911,0.250403312848,135.00000006,134.999994268
0.355196969809,0.781012104679,0.329165550632,0.756210442228,0.392593227911,0.250403312848,135.00000006,134.999994268
0.355236366773,0.781487090491,0.329307651796,0.756752500242,0.392593227911,0.250403312848,135.00000006,134.999994268
0.355275962206,0.781961409991,0.329449749705,0.757293884451,0.392593227911,0.250403312848,135.00000006,134.999994268
0.355315755503,0.782435062285,0.329591843481,0.757834593507,0.392593227911,0.250403312848,135.00000006,134.999994268
0.355355746055,0.78290804648,0.329733932246,0.758374626065,0.392593227911,0.250403312848,135.00000006,134.999994268
0.35539593325,0.783380361686,0.329876015119,0.758913980779,0.392593227911,0.250403312848,135.00000006,134.999994268
0.355436316472,0.783852007011,0.330018091219,0.759452656307,0.392593227911,0.250403312848,135.00000006,134.999994268
0.355476895103,0.784322981567,0.330160159665,0.759990651308,0.392593227911,0.250403312848,135.00000006,134.999994268
0.35551766852,0.784793284467,0.330302219574,0.760527964444,0.392593227911,0.250403312848,135.00000006,134.999994268
0.355558636099,0.785262914825,0.330444270061,0.761064594376,0.392593227911,0.250403312848,135.00000006,134.999994268
0.355599797212,0.785731871757,0.330586310241,0.76160053977,0.392593227911,0.250403312848,135.00000006,134.999994268
0.355641151227,0.78620015438,0.33072833923,0.762135799292,0.392593227911,0.250403312848,135.00000006,134.999994268
0.35568269751,0.786667761812,0.330870356141,0.76267037161,0.392593227911,0.250403312848,135.00000006,134.999994268
0.355724435422,0.787134693172,0.331012360086,0.763204255392,0.392593227911,0.250403312848,135.00000006,134.999994268
0.355766364323,0.787600947583,0.331154350177,0.763737449311,0.392593227911,0.250403312848,135.00000006,134.999994268
0.355808483567,0.788066524168,0.331296325523,0.764269952041,0.392593227911,0.250403312848,135.00000006,134.999994268
0.355850792507,0.788531422051,0.331438285236,0.764801762255,0.392593227911,0.250403312848,135.00000006,134.999994268
0.355893290492,0.788995640356,0.331580228425,0.765332878632,0.392593227911,0.250403312848,135.00000006,134.999994268
0.355935976869,0.789459178212,0.331722154198,0.765863299849,0.392593227911,0.250403312848,135.00000006,134.999994268
0.355978850983,0.789922034746,0.331864061662,0.766393024586,0.392593227911,0.250403312848,135.00000006,134.999994268
0.356021912172,0.790384209088,0.332005949923,0.766922051528,0.392593227911,0.250403312848,135.00000006,134.999994268
0.356065159776,0.79084570037,0.332147818087,0.767450379356,0.392593227911,0.250403312848,135.00000006,134.999994268
0.356108593128,0.791306507724,0.332289665259,0.767978006757,0.392593227911,0.250403312848,135.00000006,134.999994268
0.356152211559,0.791766630284,0.332431490544,0.768504932419,0.392593227911,0.250403312848,135.00000006,134.999994268
0.356196014399,0.792226067185,0.332573293045,0.769031155031,0.392593227911,0.250403312848,135.00000006,134.999994268
0.356240000972,0.792684817565,0.332715071864,0.769556673283,0.392593227911,0.250403312848,135.00000006,134.999994268
0.356284170601,0.793142880562,0.332856826103,0.770081485871,0.392593227911,0.250403312848,135.00000006,134.999994268
0.356328522606,0.793600255316,0.332998554863,0.770605591487,0.392593227911,0.250403312848,135.00000006,134.999994268
0.356373056302,0.794056940968,0.333140257244,0.771128988829,0.392593227911,0.250403312848,135.00000006,134.999994268
0.356417771004,0.794512936661,0.333281932346,0.771651676596,0.392593227911,0.250403312848,135.00000006,134.999994268
0.356462666022,0.794968241539,0.333423579269,0.772173653487,0.392593227911,0.250403312848,135.00000006,134.999994268
0.356507740663,0.795422854747,0.33356519711,0.772694918205,0.392593227911,0.250403312848,135.00000006,134.999994268
0.356552994231,0.795876775434,0.333706784967,0.773215469454,0.392593227911,0.250403312848,135.00000006,134.999994268
0.356598426027,0.796330002749,0.333848341935,0.773735305941,0.392593227911,0.250403312848,135.00000006,134.999994268
0.356644035347,0.796782535843,0.333989867112,0.774254426372,0.392593227911,0.250403312848,135.00000006,134.999994268
0.356689821487,0.797234373866,0.334131359592,0.774772829457,0.392593227911,0.250403312848,135.00000006,134.999994268
0.356735783741,0.797685515973,0.334272818472,0.775290513908,0.392593227911,0.250403312848,135.00000006,134.999994268
0.356781921398,0.798135961318,0.334414242846,0.775807478437,0.392593227911,0.250403312848,135.00000006,134.999994268
0.356828233747,0.798585709057,0.334555631806,0.776323721761,0.392593227911,0.250403312848,135.00000006,134.999994268
0.35687472007,0.799034758348,0.334696984444,0.776839242597,0.392593227911,0.250403312848,135.00000006,134.999994268
0.35692137965,0.799483108349,0.334838299853,0.777354039662,0.392593227911,0.250403312848,135.00000006,134.999994268
0.356968211766,0.799930758222,0.334979577125,0.777868111679,0.392593227911,0.250403312848,135.00000006,134.999994268
0.357015215694,0.800377707128,0.335120815351,0.77838145737,0.392593227911,0.250403312848,135.00000006,134.999994268
0.357062390707,0.80082395423,0.335262013622,0.778894075459,0.392593227911,0.250403312848,135.00000006,134.999994268
0.357109736075,0.801269498695,0.335403171029,0.779405964672,0.392593227911,0.250403312848,135.00000006,134.999994268
0.357157251066,0.801714339687,0.33554428666,0.779917123738,0.392593227911,0.250403312848,135.00000006,134.999994268
0.357204934943,0.802158476378,0.335685359602,0.780427551388,0.392593227911,0.250403312848,135.00000006,134.999994268
0.357252786965,0.802601907936,0.335826388944,0.780937246354,0.392593227911,0.250403312848,135.00000006,134.999994268
0.357300806391,0.803044633535,0.335967373775,0.78144620737,0.392593227911,0.250403312848,135.00000006,134.999994268
0.357348992477,0.803486652346,0.336108313181,0.781954433172,0.392593227911,0.250403312848,135.00000006,134.999994268
0.357397344477,0.803927963544,0.336249206249,0.782461922496,0.392593227911,0.250403312848,135.00000006,134.999994268
0.357445861642,0.804368566305,0.336390052067,0.782968674084,0.392593227911,0.250403312848,135.00000006,134.999994268
0.357494543221,0.804808459805,0.33653084972,0.783474686677,0.392593227911,0.250403312848,135.00000006,134.999994268
0.357543388459,0.805247643224,0.336671598291,0.783979959018,0.392593227911,0.250403312848,135.00000006,134.999994268
0.3575923966,0.805686115742,0.336812296865,0.784484489854,0.392593227911,0.250403312848,135.00000006,134.999994268
0.357641566882,0.806123876542,0.336952944526,0.784988277933,0.392593227911,0.250403312848,135.00000006,134.999994268
0.357690898543,0.806560924808,0.337093540359,0.785491322003,0.392593227911,0.250403312848,135.00000006,134.999994268
0.357740390816,0.806997259724,0.337234083447,0.785993620815,0.392593227911,0.250403312848,135.00000006,134.999994268
0.357790042929,0.807432880481,0.337374572873,0.786495173123,0.392593227911,0.250403312848,135.00000006,134.999994268
0.357839854109,0.807867786267,0.33751500772,0.786995977683,0.392593227911,0.250403312848,135.00000006,134.999994268
0.357889823582,0.808301976272,0.337655387071,0.78749603325,0.392593227911,0.250403312848,135.00000006,134.999994268
0.357939950572,0.808735449688,0.337795710006,0.787995338585,0.392593227911,0.250403312848,135.00000006,134.999994268
0.357990234301,0.809168205709,0.337935975605,0.788493892449,0.392593227911,0.250403312848,135.00000006,134.999994268
0.358040673989,0.809600243529,0.338076182949,0.788991693606,0.392593227911,0.250403312848,135.00000006,134.999994268
0.358091268851,0.810031562343,0.338216331119,0.78948874082,0.392593227911,0.250403312848,135.00000006,134.999994268
0.358142018101,0.810462161351,0.338356419196,0.789985032858,0.392593227911,0.250403312848,135.00000006,134.999994268
0.358192920952,0.81089203975,0.338496446259,0.790480568489,0.392593227911,0.250403312848,135.00000006,134.999994268
0.35824397661,0.811321196744,0.338636411388,0.790975346485,0.392593227911,0.250403312848,135.00000006,134.999994268
0.358295184278,0.811749631535,0.338776313662,0.791469365617,0.392593227911,0.250403312848,135.00000006,134.999994268
0.358346543157,0.81217734333,0.338916152161,0.791962624661,0.392593227911,0.250403312848,135.00000006,134.999994268
0.358398052449,0.812604331335,0.339055925962,0.792455122393,0.392593227911,0.250403312848,135.00000006,134.999994268
0.358449711353,0.813030594756,0.339195634144,0.792946857593,0.392593227911,0.250403312848,135.00000006,134.999994268
0.358501519066,0.813456132802,0.339335275782,0.793437829043,0.392593227911,0.250403312848,135.00000006,134.999994268
0.358553474783,0.813880944684,0.339474849955,0.793928035525,0.392593227911,0.250403312848,135.00000006,134.999994268
0.358605577695,0.814305029614,0.339614355739,0.794417475824,0.392593227911,0.250403312848,135.00000006,134.999994268
0.358657826992,0.814728386805,0.339753792214,0.794906148727,0.392593227911,0.250403312848,135.00000006,134.999994268
0.35871022186,0.815151015474,0.339893158454,0.795394053022,0.392593227911,0.250403312848,135.00000006,134.999994268
0.358762761478,0.815572914839,0.340032453537,0.795881187501,0.392593227911,0.250403312848,135.00000006,134.999994268
0.358815445025,0.81599408412,0.34017167654,0.796367550957,0.392593227911,0.250403312848,135.00000006,134.999994268
0.358868271683,0.816414522538,0.340310826538,0.796853142183,0.392593227911,0.250403312848,135.00000006,134.999994268
0.358921240629,0.816834229313,0.340449902608,0.797337959978,0.392593227911,0.250403312848,135.00000006,134.999994268
0.358974351039,0.81725320367,0.340588903825,0.797822003141,0.392593227911,0.250403312848,135.00000006,134.999994268
0.359027602087,0.817671444832,0.340727829264,0.798305270472,0.392593227911,0.250403312848,135.00000006,134.999994268
0.359080992944,0.818088952027,0.340866677998,0.798787760775,0.392593227911,0.250403312848,135.00000006,134.999994268
0.359134522776,0.818505724483,0.341005449104,0.799269472856,0.392593227911,0.250403312848,135.00000006,134.999994268
0.359188190744,0.818921761433,0.341144141655,0.799750405522,0.392593227911,0.250403312848,135.00000006,134.999994268
0.359241996008,0.819337062109,0.341282754728,0.800230557581,0.392593227911,0.250403312848,135.00000006,134.999994268
0.359295937732,0.819751625746,0.341421287396,0.800709927845,0.392593227911,0.250403312848,135.00000006,134.999994268
0.359350015075,0.820165451576,0.341559738733,0.801188515128,0.392593227911,0.250403312848,135.00000006,134.999994268
0.359404227194,0.820578538837,0.341698107815,0.801666318244,0.392593227911,0.250403312848,135.00000006,134.999994268
0.359458573246,0.820990886767,0.341836393716,0.802143336012,0.392593227911,0.250403312848,135.00000006,134.999994268
0.359513052385,0.821402494604,0.341974595509,0.80261956725,0.392593227911,0.250403312848,135.00000006,134.999994268
0.359567663754,0.821813361593,0.342112712269,0.80309501078,0.392593227911,0.250403312848,135.00000006,134.999994268
0.359622406497,0.82222348698,0.34225074307,0.803569665425,0.392593227911,0.250403312848,135.00000006,134.999994268
0.359677279759,0.822632870009,0.342388686985,0.804043530013,0.392593227911,0.250403312848,135.00000006,134.999994268
0.359732282687,0.823041509926,0.342526543087,0.804516603369,0.392593227911,0.250403312848,135.00000006,134.999994268
0.359787414422,0.82344940598,0.342664310452,0.804988884325,0.392593227911,0.250403312848,135.00000006,134.999994268
0.359842674105,0.82385655742,0.342801988151,0.805460371712,0.392593227911,0.250403312848,135.00000006,134.999994268
0.359898060876,0.824262963496,0.342939575256,0.805931064365,0.392593227911,0.250403312848,135.00000006,134.999994268
0.359953573863,0.824668623465,0.343077070842,0.806400961121,0.392593227911,0.250403312848,135.00000006,134.999994268
0.360009212193,0.825073536584,0.343214473982,0.806870060816,0.392593227911,0.250403312848,135.00000006,134.999994268
0.360064974999,0.82547770211,0.343351783749,0.807338362293,0.392593227911,0.250403312848,135.00000006,134.999994268
0.36012086141,0.825881119301,0.343488999216,0.807805864392,0.392593227911,0.250403312848,135.00000006,134.999994268
0.360176870556,0.826283787416,0.343626119457,0.808272565959,0.392593227911,0.250403312848,135.00000006,134.999994268
0.360233001562,0.826685705716,0.343763143546,0.808738465841,0.392593227911,0.250403312848,135.00000006,134.999994268
0.360289253551,0.827086873466,0.343900070555,0.809203562886,0.392593227911,0.250403312848,135.00000006,134.999994268
0.360345625635,0.827487289933,0.344036899558,0.809667855944,0.392593227911,0.250403312848,135.00000006,134.999994268
0.360402116931,0.827886954386,0.344173629629,0.81013134387,0.392593227911,0.250403312848,135.00000006,134.999994268
0.360458726557,0.828285866094,0.34431025984,0.810594025519,0.392593227911,0.250403312848,135.00000006,134.999994268
0.360515453629,0.828684024326,0.344446789266,0.811055899746,0.392593227911,0.250403312848,135.00000006,134.999994268
0.360572297263,0.829081428352,0.344583216979,0.811516965414,0.392593227911,0.250403312848,135.00000006,134.999994268
0.360629256569,0.829478077448,0.344719542053,0.811977221382,0.392593227911,0.250403312848,135.00000006,134.999994268
0.360686330649,0.829873970891,0.34485576356,0.812436666515,0.392593227911,0.250403312848,135.00000006,134.999994268
0.360743518605,0.830269107962,0.344991880574,0.812895299679,0.392593227911,0.250403312848,135.00000006,134.999994268
0.360800819543,0.830663487938,0.345127892169,0.813353119742,0.392593227911,0.250403312848,135.00000006,134.999994268
0.36085823257,0.831057110099,0.345263797417,0.813810125575,0.392593227911,0.250403312848,135.00000006,134.999994268
0.360915756787,0.831449973728,0.345399595392,0.814266316049,0.392593227911,0.250403312848,135.00000006,134.999994268
0.360973391295,0.831842078108,0.345535285169,0.81472169004,0.392593227911,0.250403312848,135.00000006,134.999994268
0.361031135184,0.83223342253,0.34567086582,0.815176246425,0.392593227911,0.250403312848,135.00000006,134.999994268
0.361088987543,0.832624006281,0.345806336421,0.815629984082,0.392593227911,0.250403312848,135.00000006,134.999994268
0.361146947469,0.833013828653,0.345941696044,0.816082901893,0.392593227911,0.250403312848,135.00000006,134.999994268
0.361205014056,0.833402888934,0.346076943765,0.81653499874,0.392593227911,0.250403312848,135.00000006,134.999994268
0.361263186397,0.833791186417,0.346212078658,0.816986273509,0.392593227911,0.250403312848,135.00000006,134.999994268
0.361321463576,0.834178720398,0.346347099798,0.817436725088,0.392593227911,0.250403312848,135.00000006,134.999994268
0.361379844672,0.834565490177,0.346482006259,0.817886352367,0.392593227911,0.250403312848,135.00000006,134.999994268
0.361438328768,0.834951495054,0.346616797117,0.818335154237,0.392593227911,0.250403312848,135.00000006,134.999994268
0.361496914949,0.835336734327,0.346751471446,0.818783129593,0.392593227911,0.250403312848,135.00000006,134.999994268
0.3615556023,0.835721207297,0.346886028323,0.81923027733,0.392593227911,0.250403312848,135.00000006,134.999994268
0.3616143899,0.836104913268,0.347020466823,0.819676596348,0.392593227911,0.250403312848,135.00000006,134.999994268
0.361673276818,0.836487851549,0.347154786023,0.820122085548,0.392593227911,0.250403312848,135.00000006,134.999994268
0.361732262125,0.836870021449,0.347288984997,0.820566743831,0.392593227911,0.250403312848,135.00000006,134.999994268
0.361791344898,0.837251422277,0.347423062823,0.821010570104,0.392593227911,0.250403312848,135.00000006,134.999994268
0.361850524212,0.837632053342,0.347557018578,0.821453563273,0.392593227911,0.250403312848,135.00000006,134.999994268
0.36190979914,0.838011913955,0.347690851337,0.821895722248,0.392593227911,0.250403312848,135.00000006,134.999994268
0.361969168744,0.838391003435,0.34782456018,0.822337045941,0.392593227911,0.250403312848,135.00000006,134.999994268
0.362028632083,0.838769321102,0.347958144182,0.822777533266,0.392593227911,0.250403312848,135.00000006,134.999994268
0.362088188224,0.839146866272,0.348091602423,0.823217183138,0.392593227911,0.250403312848,135.00000006,134.999994268
0.362147836237,0.839523638263,0.348224933979,0.823655994476,0.392593227911,0.250403312848,135.00000006,134.999994268
0.362207575186,0.839899636397,0.34835813793,0.824093966201,0.392593227911,0.250403312848,135.00000006,134.999994268
0.362267404124,0.840274860001,0.348491213355,0.824531097236,0.392593227911,0.250403312848,135.00000006,134.999994268
0.3623273221,0.840649308403,0.348624159331,0.824967386505,0.392593227911,0.250403312848,135.00000006,134.999994268
0.362387328177,0.841022980929,0.348756974939,0.825402832936,0.392593227911,0.250403312848,135.00000006,134.999994268
0.362447421414,0.841395876908,0.348889659258,0.825837435459,0.392593227911,0.250403312848,135.00000006,134.999994268
0.362507600866,0.841767995668,0.349022211369,0.826271193004,0.392593227911,0.250403312848,135.00000006,134.999994268
0.362567865578,0.842139336547,0.349154630351,0.826704104507,0.392593227911,0.250403312848,135.00000006,134.999994268
0.362628214594,0.842509898883,0.349286915286,0.827136168903,0.392593227911,0.250403312848,135.00000006,134.999994268
0.362688646968,0.842879682009,0.349419065255,0.82756738513,0.392593227911,0.250403312848,135.00000006,134.999994268
0.362749161752,0.843248685263,0.349551079339,0.82799775213,0.392593227911,0.250403312848,135.00000006,134.999994268
0.36280975799,0.843616907985,0.349682956621,0.828427268846,0.392593227911,0.250403312848,135.00000006,134.999994268
0.362870434719,0.843984349522,0.349814696182,0.828855934222,0.392593227911,0.250403312848,135.00000006,134.999994268
0.362931190978,0.844351009218,0.349946297105,0.829283747207,0.392593227911,0.250403312848,135.00000006,134.999994268
0.362992025815,0.844716886418,0.350077758474,0.829710706749,0.392593227911,0.250403312848,135.00000006,134.999994268
0.363052938275,0.845081980466,0.350209079372,0.830136811801,0.392593227911,0.250403312848,135.00000006,134.999994268
0.363113927389,0.845446290717,0.350340258882,0.830562061318,0.392593227911,0.250403312848,135.00000006,134.999994268
0.363174992183,0.845809816525,0.350471296091,0.830986454256,0.392593227911,0.250403312848,135.00000006,134.999994268
0.3632361317,0.846172557242,0.350602190081,0.831409989573,0.392593227911,0.250403312848,135.00000006,134.999994268
0.363297344978,0.846534512221,0.350732939939,0.831832666231,0.392593227911,0.250403312848,135.00000006,134.999994268
0.363358631048,0.84689568082,0.350863544751,0.832254483193,0.392593227911,0.250403312848,135.00000006,134.999994268
0.363419988932,0.847256062403,0.350994003602,0.832675439426,0.392593227911,0.250403312848,135.00000006,134.999994268
0.36348141766,0.84761565633,0.351124315579,0.833095533896,0.392593227911,0.250403312848,135.00000006,134.999994268
0.363542916265,0.847974461961,0.35125447977,0.833514765574,0.392593227911,0.250403312848,135.00000006,134.999994268
0.363604483777,0.848332478662,0.351384495262,0.833933133434,0.392593227911,0.250403312848,135.00000006,134.999994268
0.363666119213,0.848689705802,0.35151436114,0.83435063645,0.392593227911,0.250403312848,135.00000006,134.999994268
0.363727821592,0.849046142752,0.351644076494,0.834767273601,0.392593227911,0.250403312848,135.00000006,134.999994268
0.363789589943,0.84940178888,0.351773640412,0.835183043865,0.392593227911,0.250403312848,135.00000006,134.999994268
0.363851423294,0.849756643556,0.351903051984,0.835597946224,0.392593227911,0.250403312848,135.00000006,134.999994268
0.363913320654,0.850110706159,0.3520323103,0.836011979664,0.392593227911,0.250403312848,135.00000006,134.999994268
0.363975281036,0.850463976068,0.352161414451,0.836425143169,0.392593227911,0.250403312848,135.00000006,134.999994268
0.364037303464,0.850816452658,0.352290363527,0.836837435729,0.392593227911,0.250403312848,135.00000006,134.999994268
0.364099386962,0.851168135307,0.352419156622,0.837248856335,0.392593227911,0.250403312848,135.00000006,134.999994268
0.364161530534,0.8515190234,0.352547792827,0.83765940398,0.392593227911,0.250403312848,135.00000006,134.999994268
0.364223733185,0.851869116327,0.352676271234,0.838069077661,0.392593227911,0.250403312848,135.00000006,134.999994268
0.364285993937,0.852218413468,0.352804590939,0.838477876375,0.392593227911,0.250403312848,135.00000006,134.999994268
0.364348311806,0.852566914209,0.352932751034,0.838885799122,0.392593227911,0.250403312848,135.00000006,134.999994268
0.364410685793,0.852914617945,0.353060750614,0.839292844906,0.392593227911,0.250403312848,135.00000006,134.999994268
0.364473114899,0.85326152407,0.353188588774,0.839699012732,0.392593227911,0.250403312848,135.00000006,134.999994268
0.364535598139,0.853607631975,0.353316264607,0.840104301607,0.392593227911,0.250403312848,135.00000006,134.999994268
0.364598134525,0.853952941054,0.353443777208,0.840508710544,0.392593227911,0.250403312848,135.00000006,134.999994268
0.364660723051,0.854297450707,0.353571125675,0.840912238553,0.392593227911,0.250403312848,135.00000006,134.999994268
0.364723362717,0.854641160338,0.353698309105,0.841314884649,0.392593227911,0.250403312848,135.00000006,134.999994268
0.364786052533,0.854984069343,0.353825326596,0.84171664785,0.392593227911,0.250403312848,135.00000006,134.999994268
0.364848791502,0.855326177127,0.353952177247,0.842117527173,0.392593227911,0.250403312848,135.00000006,134.999994268
0.364911578615,0.855667483098,0.354078860158,0.842517521642,0.392593227911,0.250403312848,135.00000006,134.999994268
0.364974412869,0.856007986666,0.354205374429,0.84291663028,0.392593227911,0.250403312848,135.00000006,134.999994268
0.365037293273,0.856347687234,0.35433171916,0.843314852113,0.392593227911,0.250403312848,135.00000006,134.999994268
0.365100218818,0.856686584217,0.354457893453,0.843712186169,0.392593227911,0.250403312848,135.00000006,134.999994268
0.365163188491,0.857024677032,0.354583896409,0.844108631482,0.392593227911,0.250403312848,135.00000006,134.999994268
0.365226201292,0.857361965093,0.354709727127,0.844504187085,0.392593227911,0.250403312848,135.00000006,134.999994268
0.365289256221,0.857698447813,0.354835384709,0.844898852014,0.392593227911,0.250403312848,135.00000006,134.999994268
0.365352352263,0.858034124616,0.354960868261,0.845292625309,0.392593227911,0.250403312848,135.00000006,134.999994268
0.3654154884,0.858368994926,0.355086176887,0.845685506009,0.392593227911,0.250403312848,135.00000006,134.999994268
0.365478663633,0.858703058163,0.355211309693,0.846077493157,0.392593227911,0.250403312848,135.00000006,134.999994268
0.365541876951,0.859036313753,0.355336265784,0.8464685858,0.392593227911,0.250403312848,135.00000006,134.999994268
0.365605127335,0.859368761125,0.355461044268,0.846858782984,0.392593227911,0.250403312848,135.00000006,134.999994268
0.36566841377,0.85970039971,0.355585644253,0.84724808376,0.392593227911,0.250403312848,135.00000006,134.999994268
0.365731735256,0.860031228934,0.355710064844,0.847636487182,0.392593227911,0.250403312848,135.00000006,134.999994268
0.365795090767,0.860361248235,0.355834305147,0.848023992306,0.392593227911,0.250403312848,135.00000006,134.999994268
0.365858479278,0.860690457053,0.355958364271,0.848410598189,0.392593227911,0.250403312848,135.00000006,134.999994268
0.365921899784,0.861018854818,0.356082241327,0.848796303893,0.392593227911,0.250403312848,135.00000006,134.999994268
0.365985351267,0.861346440973,0.356205935426,0.849181108478,0.392593227911,0.250403312848,135.00000006,134.999994268
0.366048832698,0.861673214961,0.356329445681,0.849565011009,0.392593227911,0.250403312848,135.00000006,134.999994268
0.36611234306,0.861999176226,0.356452771205,0.849948010555,0.392593227911,0.250403312848,135.00000006,134.999994268
0.366175881341,0.862324324209,0.35657591111,0.850330106184,0.392593227911,0.250403312848,135.00000006,134.999994268
0.36623944651,0.862648658363,0.356698864508,0.850711296969,0.392593227911,0.250403312848,135.00000006,134.999994268
0.366303037538,0.862972178138,0.356821630509,0.851091581988,0.392593227911,0.250403312848,135.00000006,134.999994268
0.366366653416,0.863294882983,0.356944208232,0.851470960316,0.392593227911,0.250403312848,135.00000006,134.999994268
0.366430293111,0.863616772352,0.357066596791,0.851849431032,0.392593227911,0.250403312848,135.00000006,134.999994268
0.366493955589,0.863937845707,0.357188795305,0.85222699322,0.392593227911,0.250403312848,135.00000006,134.999994268
0.366557639835,0.864258102499,0.357310802892,0.852603645961,0.392593227911,0.250403312848,135.00000006,134.999994268
0.36662134482,0.864577542191,0.357432618671,0.852979388345,0.392593227911,0.250403312848,135.00000006,134.999994268
0.366685069506,0.864896164247,0.357554241757,0.85335421946,0.392593227911,0.250403312848,135.00000006,134.999994268
0.366748812872,0.86521396813,0.357675671269,0.853728138401,0.392593227911,0.250403312848,135.00000006,134.999994268
0.366812573891,0.865530953304,0.357796906327,0.854101144262,0.392593227911,0.250403312848,135.00000006,134.999994268
0.366876351523,0.86584711924,0.357917946054,0.854473236138,0.392593227911,0.250403312848,135.00000006,134.999994268
0.366940144738,0.86616246541,0.358038789574,0.854844413128,0.392593227911,0.250403312848,135.00000006,134.999994268
0.367003952512,0.866476991281,0.358159436011,0.855214674335,0.392593227911,0.250403312848,135.00000006,134.999994268
0.367067773802,0.866790696332,0.358279884486,0.855584018863,0.392593227911,0.250403312848,135.00000006,134.999994268
0.367131607573,0.867103580041,0.358400134122,0.85595244582,0.392593227911,0.250403312848,135.00000006,134.999994268
0.367195452801,0.867415641881,0.358520184042,0.856319954315,0.392593227911,0.250403312848,135.00000006,134.999994268
0.367259308441,0.867726881337,0.358640033376,0.856686543461,0.392593227911,0.250403312848,135.00000006,134.999994268
0.367323173454,0.868037297894,0.358759681252,0.85705221237,0.392593227911,0.250403312848,135.00000006,134.999994268
0.367387046815,0.868346891031,0.358879126799,0.857416960159,0.392593227911,0.250403312848,135.00000006,134.999994268
0.367450927476,0.868655660239,0.358998369144,0.857780785948,0.392593227911,0.250403312848,135.00000006,134.999994268
0.367514814396,0.868963605009,0.359117407413,0.85814368886,0.392593227911,0.250403312848,135.00000006,134.999994268
0.367578706546,0.869270724826,0.359236240737,0.85850566802,0.392593227911,0.250403312848,135.00000006,134.999994268
0.36764260288,0.869577019189,0.359354868249,0.858866722553,0.392593227911,0.250403312848,135.00000006,134.999994268
0.367706502352,0.869882487593,0.359473289084,0.859226851589,0.392593227911,0.250403312848,135.00000006,134.999994268
0.367770403932,0.870187129532,0.359591502374,0.859586054258,0.392593227911,0.250403312848,135.00000006,134.999994268
0.36783430657,0.870490944508,0.359709507251,0.859944329698,0.392593227911,0.250403312848,135.00000006,134.999994268
0.367898209221,0.870793932026,0.359827302846,0.860301677045,0.392593227911,0.250403312848,135.00000006,134.999994268
0.36796211085,0.871096091583,0.359944888298,0.860658095438,0.392593227911,0.250403312848,135.00000006,134.999994268
0.368026010407,0.87139742269,0.360062262746,0.861013584019,0.392593227911,0.250403312848,135.00000006,134.999994268
0.368089906846,0.871697924855,0.360179425329,0.861368141931,0.392593227911,0.250403312848,135.00000006,134.999994268
0.368153799128,0.871997597585,0.360296375181,0.861721768323,0.392593227911,0.250403312848,135.00000006,134.999994268
0.368217686201,0.872296440395,0.36041311144,0.862074462346,0.392593227911,0.250403312848,135.00000006,134.999994268
0.36828156702,0.8725944528,0.360529633246,0.862426223151,0.392593227911,0.250403312848,135.00000006,134.999994268
0.368345440541,0.872891634314,0.360645939744,0.862777049892,0.392593227911,0.250403312848,135.00000006,134.999994268
0.36840930571,0.873187984459,0.360762030078,0.863126941726,0.392593227911,0.250403312848,135.00000006,134.999994268
0.368473161485,0.873483502754,0.360877903387,0.863475897813,0.392593227911,0.250403312848,135.00000006,134.999994268
0.368537006817,0.87377818872,0.360993558812,0.863823917317,0.392593227911,0.250403312848,135.00000006,134.999994268
0.368600840647,0.874072041888,0.361108995499,0.864170999403,0.392593227911,0.250403312848,135.00000006,134.999994268
0.36866466194,0.874365061778,0.361224212599,0.864517143237,0.392593227911,0.250403312848,135.00000006,134.999994268
0.368728469637,0.874657247923,0.361339209257,0.864862347988,0.392593227911,0.250403312848,135.00000006,134.999994268
0.368792262679,0.874948599859,0.361453984618,0.865206612832,0.392593227911,0.250403312848,135.00000006,134.999994268
0.368856040029,0.875239117113,0.361568537829,0.865549936943,0.392593227911,0.250403312848,135.00000006,134.999994268
0.368919800626,0.875528799224,0.361682868042,0.865892319499,0.392593227911,0.250403312848,135.00000006,134.999994268
0.368983543417,0.875817645731,0.361796974411,0.866233759678,0.392593227911,0.250403312848,135.00000006,134.999994268
0.369047267356,0.876105656172,0.361910856085,0.866574256665,0.392593227911,0.250403312848,135.00000006,134.999994268
0.36911097138,0.876392830092,0.362024512212,0.866913809647,0.392593227911,0.250403312848,135.00000006,134.999994268
0.369174654445,0.876679167031,0.362137941948,0.867252417811,0.392593227911,0.250403312848,135.00000006,134.999994268
0.369238315493,0.876964666539,0.362251144451,0.867590080347,0.392593227911,0.250403312848,135.00000006,134.999994268
0.369301953459,0.877249328167,0.362364118875,0.867926796447,0.392593227911,0.250403312848,135.00000006,134.999994268
0.369365567302,0.877533151462,0.362476864375,0.86826256531,0.392593227911,0.250403312848,135.00000006,134.999994268
0.369429155958,0.87781613598,0.362589380105,0.868597386134,0.392593227911,0.250403312848,135.00000006,134.999994268
0.369492718372,0.878098281276,0.362701665229,0.868931258119,0.392593227911,0.250403312848,135.00000006,134.999994268
0.369556253489,0.878379586905,0.362813718907,0.869264180468,0.392593227911,0.250403312848,135.00000006,134.999994268
0.369619760247,0.878660052432,0.362925540297,0.869596152389,0.392593227911,0.250403312848,135.00000006,134.999994268
0.369683237598,0.878939677413,0.363037128557,0.869927173091,0.392593227911,0.250403312848,135.00000006,134.999994268
0.369746684477,0.879218461415,0.363148482854,0.870257241785,0.392593227911,0.250403312848,135.00000006,134.999994268
0.369810099822,0.879496404008,0.363259602353,0.870586357684,0.392593227911,0.250403312848,135.00000006,134.999994268
0.369873482583,0.879773504755,0.363370486216,0.870914520006,0.392593227911,0.250403312848,135.00000006,134.999994268
0.369936831692,0.88004976323,0.363481133605,0.871241727972,0.392593227911,0.250403312848,135.00000006,134.999994268
0.370000146102,0.880325179003,0.363591543692,0.871567980802,0.392593227911,0.250403312848,135.00000006,134.999994268
0.370063424745,0.880599751651,0.363701715645,0.87189327772,0.392593227911,0.250403312848,135.00000006,134.999994268
0.370126666555,0.880873480754,0.363811648629,0.872217617955,0.392593227911,0.250403312848,135.00000006,134.999994268
0.370189870481,0.881146365889,0.363921341813,0.872541000738,0.392593227911,0.250403312848,135.00000006,134.999994268
0.370253035456,0.881418406639,0.364030794372,0.872863425298,0.392593227911,0.250403312848,135.00000006,134.999994268
0.370316160428,0.881689602585,0.364140005478,0.873184890872,0.392593227911,0.250403312848,135.00000006,134.999994268
0.370379244328,0.881959953315,0.3642489743,0.873505396699,0.392593227911,0.250403312848,135.00000006,134.999994268
0.370442286092,0.882229458421,0.364357700011,0.873824942019,0.392593227911,0.250403312848,135.00000006,134.999994268
0.370505284665,0.882498117489,0.364466181793,0.874143526074,0.392593227911,0.250403312848,135.00000006,134.999994268
0.370568238976,0.882765930115,0.364574418819,0.874461148109,0.392593227911,0.250403312848,135.00000006,134.999994268
0.370631147974,0.883032895892,0.364682410262,0.874777807377,0.392593227911,0.250403312848,135.00000006,134.999994268
0.370694010588,0.883299014418,0.364790155303,0.875093503125,0.392593227911,0.250403312848,135.00000006,134.999994268
0.370756825757,0.883564285293,0.364897653125,0.875408234607,0.392593227911,0.250403312848,135.00000006,134.999994268
0.370819592419,0.883828708119,0.365004902904,0.87572200108,0.392593227911,0.250403312848,135.00000006,134.999994268
0.370882309504,0.884092282502,0.36511190382,0.876034801805,0.392593227911,0.250403312848,135.00000006,134.999994268
0.370944975956,0.884355008045,0.365218655062,0.876346636042,0.392593227911,0.250403312848,135.00000006,134.999994268
0.371007590706,0.884616884359,0.365325155811,0.876657503054,0.392593227911,0.250403312848,135.00000006,134.999994268
0.371070152696,0.884877911052,0.365431405247,0.876967402112,0.392593227911,0.250403312848,135.00000006,134.999994268
0.371132660857,0.885138087739,0.365537402561,0.877276332483,0.392593227911,0.250403312848,135.00000006,134.999994268
0.371195114122,0.885397414037,0.365643146941,0.87758429344,0.392593227911,0.250403312848,135.00000006,134.999994268
0.371257511431,0.885655889561,0.365748637572,0.877891284258,0.392593227911,0.250403312848,135.00000006,134.999994268
0.371319851712,0.885913513934,0.365853873643,0.878197304216,0.392593227911,0.250403312848,135.00000006,134.999994268
0.371382133906,0.886170286775,0.365958854349,0.878502352593,0.392593227911,0.250403312848,135.00000006,134.999994268
0.371444356945,0.886426207711,0.366063578878,0.878806428672,0.392593227911,0.250403312848,135.00000006,134.999994268
0.371506519768,0.886681276366,0.36616804642,0.879109531742,0.392593227911,0.250403312848,135.00000006,134.999994268
0.371568621305,0.88693549237,0.366272256173,0.879411661088,0.392593227911,0.250403312848,135.00000006,134.999994268
0.371630660492,0.887188855354,0.366376207333,0.879712816003,0.392593227911,0.250403312848,135.00000006,134.999994268
0.371692636263,0.887441364952,0.366479899089,0.880012995782,0.392593227911,0.250403312848,135.00000006,134.999994268
0.371754547546,0.887693020802,0.366583330645,0.88031219972,0.392593227911,0.250403312848,135.00000006,134.999994268
0.371816393282,0.887943822539,0.366686501198,0.880610427117,0.392593227911,0.250403312848,135.00000006,134.999994268
0.371878172398,0.888193769805,0.366789409944,0.880907677276,0.392593227911,0.250403312848,135.00000006,134.999994268
0.371939883835,0.888442862242,0.366892056087,0.881203949501,0.392593227911,0.250403312848,135.00000006,134.999994268
0.372001526521,0.888691099495,0.36699443883,0.8814992431,0.392593227911,0.250403312848,135.00000006,134.999994268
0.372063099394,0.888938481211,0.367096557371,0.881793557383,0.392593227911,0.250403312848,135.00000006,134.999994268
0.372124601384,0.889185007039,0.367198410917,0.882086891663,0.392593227911,0.250403312848,135.00000006,134.999994268
0.372186031428,0.889430676631,0.367299998676,0.882379245256,0.392593227911,0.250403312848,135.00000006,134.999994268
0.372247388456,0.889675489641,0.367401319849,0.882670617481,0.392593227911,0.250403312848,135.00000006,134.999994268
0.3723086714,0.889919445727,0.367502373646,0.882961007659,0.392593227911,0.250403312848,135.00000006,134.999994268
0.372369879195,0.890162544546,0.367603159277,0.883250415112,0.392593227911,0.250403312848,135.00000006,134.999994268
0.372431010771,0.890404785761,0.367703675949,0.88353883917,0.392593227911,0.250403312848,135.00000006,134.999994268
0.372492065063,0.890646169034,0.367803922876,0.883826279161,0.392593227911,0.250403312848,135.00000006,134.999994268
0.372553041003,0.890886694032,0.367903899269,0.884112734416,0.392593227911,0.250403312848,135.00000006,134.999994268
0.372613937525,0.89112636042,0.36800360434,0.884398204273,0.392593227911,0.250403312848,135.00000006,134.999994268
0.372674753561,0.891365167872,0.368103037307,0.884682688066,0.392593227911,0.250403312848,135.00000006,134.999994268
0.372735488045,0.891603116057,0.368202197384,0.884966185138,0.392593227911,0.250403312848,135.00000006,134.999994268
0.372796139909,0.891840204653,0.368301083786,0.885248694832,0.392593227911,0.250403312848,135.00000006,134.999994268
0.372856708088,0.892076433335,0.368399695735,0.885530216492,0.392593227911,0.250403312848,135.00000006,134.999994268
0.372917191512,0.892311801783,0.368498032449,0.885810749468,0.392593227911,0.250403312848,135.00000006,134.999994268
0.372977589117,0.892546309679,0.368596093145,0.886090293113,0.392593227911,0.250403312848,135.00000006,134.999994268
0.373037899834,0.892779956708,0.368693877051,0.886368846779,0.392593227911,0.250403312848,135.00000006,134.999994268
0.373098122596,0.893012742555,0.368791383386,0.886646409824,0.392593227911,0.250403312848,135.00000006,134.999994268
0.373158256337,0.893244666911,0.368888611373,0.886922981609,0.392593227911,0.250403312848,135.00000006,134.999994268
0.373218299989,0.893475729465,0.368985560242,0.887198561494,0.392593227911,0.250403312848,135.00000006,134.999994268
0.373278252486,0.893705929912,0.369082229215,0.887473148846,0.392593227911,0.250403312848,135.00000006,134.999994268
0.373338112761,0.893935267947,0.369178617523,0.887746743033,0.392593227911,0.250403312848,135.00000006,134.999994268
0.373397879747,0.894163743269,0.369274724394,0.888019343425,0.392593227911,0.250403312848,135.00000006,134.999994268
0.373457552378,0.894391355578,0.369370549057,0.888290949397,0.392593227911,0.250403312848,135.00000006,134.999994268
0.373517129586,0.894618104578,0.369466090747,0.888561560324,0.392593227911,0.250403312848,135.00000006,134.999994268
0.373576610306,0.894843989974,0.369561348694,0.888831175587,0.392593227911,0.250403312848,135.00000006,134.999994268
0.37363599347,0.895069011472,0.369656322131,0.889099794567,0.392593227911,0.250403312848,135.00000006,134.999994268
0.373695278013,0.895293168785,0.369751010295,0.889367416649,0.392593227911,0.250403312848,135.00000006,134.999994268
0.373754462868,0.895516461623,0.369845412422,0.889634041221,0.392593227911,0.250403312848,135.00000006,134.999994268
0.37381354697,0.895738889701,0.369939527751,0.889899667673,0.392593227911,0.250403312848,135.00000006,134.999994268
0.373872529252,0.895960452737,0.370033355519,0.890164295398,0.392593227911,0.250403312848,135.00000006,134.999994268
0.373931408649,0.896181150451,0.370126894965,0.890427923794,0.392593227911,0.250403312848,135.00000006,134.999994268
0.373990184095,0.896400982563,0.370220145334,0.890690552257,0.392593227911,0.250403312848,135.00000006,134.999994268
0.374048854524,0.896619948799,0.370313105865,0.890952180191,0.392593227911,0.250403312848,135.00000006,134.999994268
0.374107418872,0.896838048884,0.370405775805,0.891212806999,0.392593227911,0.250403312848,135.00000006,134.999994268
0.374165876072,0.897055282548,0.370498154398,0.891472432088,0.392593227911,0.250403312848,135.00000006,134.999994268
0.374224225061,0.897271649522,0.370590240888,0.891731054871,0.392593227911,0.250403312848,135.00000006,134.999994268
0.374282464772,0.89748714954,0.370682034526,0.891988674759,0.392593227911,0.250403312848,135.00000006,134.999994268
0.374340594144,0.897701782337,0.370773534559,0.892245291167,0.392593227911,0.250403312848,135.00000006,134.999994268
0.374398612108,0.897915547653,0.370864740239,0.892500903514,0.392593227911,0.250403312848,135.00000006,134.999994268
0.374456517605,0.898128445227,0.370955650817,0.892755511222,0.392593227911,0.250403312848,135.00000006,134.999994268
0.374514309567,0.898340474804,0.371046265541,0.893009113717,0.392593227911,0.250403312848,135.00000006,134.999994268
0.374571986932,0.898551636128,0.371136583671,0.893261710423,0.392593227911,0.250403312848,135.00000006,134.999994268
0.374629548636,0.898761928948,0.371226604458,0.893513300772,0.392593227911,0.250403312848,135.00000006,134.999994268
0.374686993618,0.898971353014,0.371316327161,0.893763884195,0.392593227911,0.250403312848,135.00000006,134.999994268
0.374744320812,0.899179908079,0.371405751037,0.89401346013,0.392593227911,0.250403312848,135.00000006,134.999994268
0.374801529158,0.899387593897,0.371494875347,0.894262028013,0.392593227911,0.250403312848,135.00000006,134.999994268
0.37485861759,0.899594410226,0.371583699348,0.894509587287,0.392593227911,0.250403312848,135.00000006,134.999994268
0.374915585044,0.89980035683,0.371672222302,0.894756137397,0.392593227911,0.250403312848,135.00000006,134.999994268
0.374972430461,0.900005433467,0.371760443473,0.895001677788,0.392593227911,0.250403312848,135.00000006,134.999994268
0.375029152775,0.900209639904,0.371848362123,0.895246207911,0.392593227911,0.250403312848,135.00000006,134.999994268
0.375085750929,0.900412975908,0.371935977521,0.895489727218,0.392593227911,0.250403312848,135.00000006,134.999994268
0.375142223857,0.900615441249,0.372023288931,0.895732235165,0.392593227911,0.250403312848,135.00000006,134.999994268
0.375198570503,0.900817035696,0.372110295624,0.895973731211,0.392593227911,0.250403312848,135.00000006,134.999994268
0.375254789803,0.901017759028,0.372196996866,0.896214214816,0.392593227911,0.250403312848,135.00000006,134.999994268
0.375310880701,0.901217611017,0.372283391929,0.896453685446,0.392593227911,0.250403312848,135.00000006,134.999994268
0.375366842132,0.901416591446,0.372369480084,0.896692142567,0.392593227911,0.250403312848,135.00000006,134.999994268
0.37542267304,0.901614700094,0.372455260604,0.896929585649,0.392593227911,0.250403312848,135.00000006,134.999994268
0.375478372363,0.901811936747,0.372540732764,0.897166014166,0.392593227911,0.250403312848,135.00000006,134.999994268
0.375533939036,0.902008301193,0.372625895839,0.897401427592,0.392593227911,0.250403312848,135.00000006,134.999994268
0.375589372008,0.902203793219,0.372710749108,0.897635825406,0.392593227911,0.250403312848,135.00000006,134.999994268
0.375644670214,0.902398412618,0.372795291847,0.897869207091,0.392593227911,0.250403312848,135.00000006,134.999994268
0.375699832602,0.902592159181,0.372879523338,0.898101572129,0.392593227911,0.250403312848,135.00000006,134.999994268
0.37575485811,0.902785032708,0.37296344286,0.898332920009,0.392593227911,0.250403312848,135.00000006,134.999994268
0.375809745687,0.902977032992,0.373047049697,0.89856325022,0.392593227911,0.250403312848,135.00000006,134.999994268
0.37586449427,0.903168159839,0.373130343132,0.898792562256,0.392593227911,0.250403312848,135.00000006,134.999994268
0.375919102797,0.903358413054,0.37321332245,0.899020855612,0.392593227911,0.250403312848,135.00000006,134.999994268
0.375973570219,0.903547792439,0.373295986936,0.899248129787,0.392593227911,0.250403312848,135.00000006,134.999994268
0.376027895472,0.903736297806,0.37337833588,0.899474384283,0.392593227911,0.250403312848,135.00000006,134.999994268
0.376082077511,0.903923928963,0.373460368568,0.899699618605,0.392593227911,0.250403312848,135.00000006,134.999994268
0.376136115272,0.904110685725,0.373542084291,0.89992383226,0.392593227911,0.250403312848,135.00000006,134.999994268
0.376190007707,0.904296567907,0.373623482341,0.900147024759,0.392593227911,0.250403312848,135.00000006,134.999994268
0.376243753757,0.904481575327,0.37370456201,0.900369195615,0.392593227911,0.250403312848,135.00000006,134.999994268
0.376297352361,0.904665707809,0.373785322592,0.900590344344,0.392593227911,0.250403312848,135.00000006,134.999994268
0.376350802476,0.904848965172,0.373865763383,0.900810470466,0.392593227911,0.250403312848,135.00000006,134.999994268
0.37640410304,0.905031347245,0.373945883679,0.901029573503,0.392593227911,0.250403312848,135.00000006,134.999994268
0.376457253012,0.905212853852,0.37402568278,0.901247652979,0.392593227911,0.250403312848,135.00000006,134.999994268
0.37651025133,0.905393484827,0.374105159983,0.901464708422,0.392593227911,0.250403312848,135.00000006,134.999994268
0.376563096937,0.905573240004,0.374184314591,0.901680739364,0.392593227911,0.250403312848,135.00000006,134.999994268
0.37661578879,0.905752119216,0.374263145904,0.901895745338,0.392593227911,0.250403312848,135.00000006,134.999994268
0.37666832583,0.905930122304,0.374341653227,0.902109725881,0.392593227911,0.250403312848,135.00000006,134.999994268
0.376720707019,0.906107249103,0.374419835864,0.902322680532,0.392593227911,0.250403312848,135.00000006,134.999994268
0.376772931297,0.906283499459,0.374497693121,0.902534608834,0.392593227911,0.250403312848,135.00000006,134.999994268
0.376824997607,0.906458873221,0.374575224306,0.902745510333,0.392593227911,0.250403312848,135.00000006,134.999994268
0.376876904912,0.906633370233,0.374652428728,0.902955384577,0.392593227911,0.250403312848,135.00000006,134.999994268
0.376928652154,0.906806990346,0.374729305696,0.903164231117,0.392593227911,0.250403312848,135.00000006,134.999994268
0.376980238293,0.906979733412,0.374805854522,0.903372049508,0.392593227911,0.250403312848,135.00000006,134.999994268
0.377031662278,0.907151599286,0.374882074518,0.903578839307,0.392593227911,0.250403312848,135.00000006,134.999994268
0.37708292305,0.90732258783,0.374957964998,0.903784600075,0.392593227911,0.250403312848,135.00000006,134.999994268
0.377134019576,0.9074926989,0.375033525278,0.903989331374,0.392593227911,0.250403312848,135.00000006,134.999994268
0.377184950802,0.907661932361,0.375108754674,0.904193032771,0.392593227911,0.250403312848,135.00000006,134.999994268
0.377235715682,0.907830288077,0.375183652505,0.904395703835,0.392593227911,0.250403312848,135.00000006,134.999994268
0.377286313175,0.907997765915,0.37525821809,0.904597344138,0.392593227911,0.250403312848,135.00000006,134.999994268
0.377336742226,0.908164365749,0.375332450751,0.904797953254,0.392593227911,0.250403312848,135.00000006,134.999994268
0.377387001805,0.908330087446,0.375406349809,0.904997530762,0.392593227911,0.250403312848,135.00000006,134.999994268
0.377437090859,0.908494930884,0.375479914589,0.905196076242,0.392593227911,0.250403312848,135.00000006,134.999994268
0.377487008334,0.908658895945,0.375553144414,0.90539358928,0.392593227911,0.250403312848,135.00000006,134.999994268
0.377536753204,0.908821982503,0.375626038612,0.905590069459,0.392593227911,0.250403312848,135.00000006,134.999994268
0.377586324415,0.908984190444,0.37569859651,0.905785516373,0.392593227911,0.250403312848,135.00000006,134.999994268
0.377635720926,0.909145519654,0.375770817438,0.905979929611,0.392593227911,0.250403312848,135.00000006,134.999994268
0.377684941703,0.909305970016,0.375842700724,0.906173308772,0.392593227911,0.250403312848,135.00000006,134.999994268
0.377733985693,0.909465541427,0.3759142457,0.906365653453,0.392593227911,0.250403312848,135.00000006,134.999994268
0.377782851866,0.909624233774,0.375985451699,0.906556963257,0.392593227911,0.250403312848,135.00000006,134.999994268
0.37783153918,0.909782046953,0.376056318056,0.906747237788,0.392593227911,0.250403312848,135.00000006,134.999994268
0.377880046585,0.909938980867,0.376126844107,0.906936476653,0.392593227911,0.250403312848,135.00000006,134.999994268
0.377928373058,0.910095035409,0.376197029188,0.907124679463,0.392593227911,0.250403312848,135.00000006,134.999994268
0.377976517553,0.910250210485,0.376266872641,0.907311845832,0.392593227911,0.250403312848,135.00000006,134.999994268
0.378024479022,0.910404506004,0.376336373803,0.907497975376,0.392593227911,0.250403312848,135.00000006,134.999994268
0.378072256446,0.910557921867,0.376405532013,0.907683067716,0.392593227911,0.250403312848,135.00000006,134.999994268
0.37811984878,0.910710457987,0.376474346618,0.907867122473,0.392593227911,0.250403312848,135.00000006,134.999994268
0.378167254977,0.910862114282,0.376542816957,0.908050139275,0.392593227911,0.250403312848,135.00000006,134.999994268
0.378214474021,0.91101289066,0.37661094238,0.908232117748,0.392593227911,0.250403312848,135.00000006,134.999994268
0.378261504866,0.911162787041,0.37667872223,0.908413057524,0.392593227911,0.250403312848,135.00000006,134.999994268
0.378308346471,0.911311803351,0.37674615586,0.908592958239,0.392593227911,0.250403312848,135.00000006,134.999994268
0.378354997819,0.911459939504,0.376813242616,0.908771819528,0.392593227911,0.250403312848,135.00000006,134.999994268
0.378401457866,0.91160719543,0.376879981846,0.908949641036,0.392593227911,0.250403312848,135.00000006,134.999994268
0.378447725574,0.91175357106,0.376946372906,0.909126422403,0.392593227911,0.250403312848,135.00000006,134.999994268
0.378493799928,0.911899066318,0.377012415148,0.909302163278,0.392593227911,0.250403312848,135.00000006,134.999994268
0.378539679885,0.912043681141,0.377078107929,0.909476863308,0.392593227911,0.250403312848,135.00000006,134.999994268
0.378585364408,0.912187415467,0.377143450604,0.909650522147,0.392593227911,0.250403312848,135.00000006,134.999994268
0.378630852485,0.912330269227,0.377208442528,0.909823139451,0.392593227911,0.250403312848,135.00000006,134.999994268
0.378676143075,0.912472242366,0.377273083063,0.909994714879,0.392593227911,0.250403312848,135.00000006,134.999994268
0.378721235141,0.912613334831,0.377337371567,0.910165248092,0.392593227911,0.250403312848,135.00000006,134.999994268
0.378766127674,0.91275354656,0.377401307407,0.910334738755,0.392593227911,0.250403312848,135.00000006,134.999994268
0.378810819637,0.912892877505,0.377464889942,0.910503186535,0.392593227911,0.250403312848,135.00000006,134.999994268
0.378855309992,0.913031327621,0.377528118534,0.910670591104,0.392593227911,0.250403312848,135.00000006,134.999994268
0.378899597729,0.913168896855,0.377590992553,0.910836952135,0.392593227911,0.250403312848,135.00000006,134.999994268
0.37894368182,0.913305585164,0.377653511364,0.911002269306,0.392593227911,0.250403312848,135.00000006,134.999994268
0.378987561228,0.91344139251,0.377715674339,0.911166542296,0.392593227911,0.250403312848,135.00000006,134.999994268
0.379031234939,0.913576318852,0.377777480845,0.911329770787,0.392593227911,0.250403312848,135.00000006,134.999994268
0.379074701933,0.913710364151,0.377838930252,0.911491954467,0.392593227911,0.250403312848,135.00000006,134.999994268
0.379117961176,0.913843528376,0.377900021938,0.911653093023,0.392593227911,0.250403312848,135.00000006,134.999994268
0.379161011648,0.913975811498,0.377960755273,0.911813186148,0.392593227911,0.250403312848,135.00000006,134.999994268
0.37920385234,0.91410721348,0.378021129632,0.911972233537,0.392593227911,0.250403312848,135.00000006,134.999994268
0.37924648222,0.914237734302,0.378081144395,0.912130234888,0.392593227911,0.250403312848,135.00000006,134.999994268
0.37928890026,0.914367373943,0.378140798937,0.912287189903,0.392593227911,0.250403312848,135.00000006,134.999994268
0.379331105456,0.914496132376,0.37820009264,0.912443098285,0.392593227911,0.250403312848,135.00000006,134.999994268
0.379373096785,0.914624009582,0.378259024886,0.912597959741,0.392593227911,0.250403312848,135.00000006,134.999994268
0.379414873218,0.914751005552,0.378317595054,0.912751773983,0.392593227911,0.250403312848,135.00000006,134.999994268
0.379456433746,0.914877120268,0.378375802532,0.912904540723,0.392593227911,0.250403312848,135.00000006,134.999994268
0.37949777736,0.915002353716,0.378433646703,0.913056259677,0.392593227911,0.250403312848,135.00000006,134.999994268
0.379538903034,0.915126705891,0.37849112695,0.913206930566,0.392593227911,0.250403312848,135.00000006,134.999994268
0.379579809745,0.915250176791,0.378548242669,0.913356553111,0.392593227911,0.250403312848,135.00000006,134.999994268
0.379620496495,0.915372766406,0.378604993245,0.913505127038,0.392593227911,0.250403312848,135.00000006,134.999994268
0.379660962267,0.915494474737,0.378661378065,0.913652652077,0.392593227911,0.250403312848,135.00000006,134.999994268
0.379701206035,0.915615301791,0.378717396528,0.913799127957,0.392593227911,0.250403312848,135.00000006,134.999994268
0.379741226793,0.915735247569,0.378773048025,0.913944554415,0.392593227911,0.250403312848,135.00000006,134.999994268
0.379781023543,0.915854312073,0.378828331946,0.91408893119,0.392593227911,0.250403312848,135.00000006,134.999994268
0.379820595262,0.915972495317,0.378883247695,0.914232258019,0.392593227911,0.250403312848,135.00000006,134.999994268
0.379859940927,0.91608979732,0.378937794667,0.914374534648,0.392593227911,0.250403312848,135.00000006,134.999994268
0.379899059544,0.916206218088,0.378991972257,0.914515760826,0.392593227911,0.250403312848,135.00000006,134.999994268
0.379937950111,0.916321757638,0.379045779873,0.914655936299,0.392593227911,0.250403312848,135.00000006,134.999994268
0.379976611607,0.916436415994,0.379099216912,0.914795060823,0.392593227911,0.250403312848,135.00000006,134.999994268
0.380015043019,0.916550193181,0.379152282774,0.914933134155,0.392593227911,0.250403312848,135.00000006,134.999994268
0.380053243354,0.916663089218,0.379204976872,0.915070156051,0.392593227911,0.250403312848,135.00000006,134.999994268
0.38009121161,0.916775104132,0.379257298608,0.915206126276,0.392593227911,0.250403312848,135.00000006,134.999994268
0.380128946769,0.916886237958,0.379309247385,0.915341044596,0.392593227911,0.250403312848,135.00000006,134.999994268
0.380166447824,0.916996490731,0.379360822618,0.915474910779,0.392593227911,0.250403312848,135.00000006,134.999994268
0.380203713784,0.917105862479,0.379412023717,0.915607724594,0.392593227911,0.250403312848,135.00000006,134.999994268
0.380240743649,0.917214353241,0.379462850088,0.91573948582,0.392593227911,0.250403312848,135.00000006,134.999994268
0.380277536404,0.917321963062,0.379513301149,0.915870194233,0.392593227911,0.250403312848,135.00000006,134.999994268
0.380314091047,0.917428691987,0.379563376316,0.915999849612,0.392593227911,0.250403312848,135.00000006,134.999994268
0.380350406588,0.917534540055,0.379613075,0.916128451744,0.392593227911,0.250403312848,135.00000006,134.999994268
0.380386482032,0.917639507314,0.379662396618,0.916256000415,0.392593227911,0.250403312848,135.00000006,134.999994268
0.380422316369,0.917743593819,0.379711340596,0.916382495414,0.392593227911,0.250403312848,135.00000006,134.999994268
0.380457908594,0.917846799627,0.379759906348,0.916507936535,0.392593227911,0.250403312848,135.00000006,134.999994268
0.380493257723,0.917949124788,0.379808093292,0.916632323577,0.392593227911,0.250403312848,135.00000006,134.999994268
0.380528362767,0.918050569358,0.379855900856,0.916755656336,0.392593227911,0.250403312848,135.00000006,134.999994268
0.380563222721,0.918151133403,0.379903328466,0.916877934616,0.392593227911,0.250403312848,135.00000006,134.999994268
0.380597836577,0.91825081699,0.379950375541,0.916999158223,0.392593227911,0.250403312848,135.00000006,134.999994268
0.380632203351,0.918349620184,0.379997041511,0.917119326967,0.392593227911,0.250403312848,135.00000006,134.999994268
0.380666322062,0.918447543047,0.380043325809,0.917238440656,0.392593227911,0.250403312848,135.00000006,134.999994268
0.380700191713,0.918544585654,0.38008922786,0.917356499108,0.392593227911,0.250403312848,135.00000006,134.999994268
0.3807338113,0.918640748083,0.380134747092,0.917473502142,0.392593227911,0.250403312848,135.00000006,134.999994268
0.380767179833,0.918736030412,0.380179882941,0.917589449577,0.392593227911,0.250403312848,135.00000006,134.999994268
0.380800296334,0.918830432715,0.380224634845,0.917704341238,0.392593227911,0.250403312848,135.00000006,134.999994268
0.380833159821,0.91892395507,0.380269002234,0.917818176953,0.392593227911,0.250403312848,135.00000006,134.999994268
0.380865769295,0.919016597569,0.380312984543,0.917930956554,0.392593227911,0.250403312848,135.00000006,134.999994268
0.380898123756,0.919108360301,0.380356581214,0.918042679872,0.392593227911,0.250403312848,135.00000006,134.999994268
0.380930222227,0.919199243354,0.380399791689,0.918153346743,0.392593227911,0.250403312848,135.00000006,134.999994268
0.380962063731,0.919289246817,0.380442615403,0.918262957011,0.392593227911,0.250403312848,135.00000006,134.999994268
0.380993647288,0.919378370782,0.380485051799,0.918371510517,0.392593227911,0.250403312848,135.00000006,134.999994268
0.381024971902,0.919466615353,0.380527100324,0.918479007107,0.392593227911,0.250403312848,135.00000006,134.999994268
0.381056036581,0.919553980632,0.380568760424,0.918585446629,0.392593227911,0.250403312848,135.00000006,134.999994268
0.381086840353,0.919640466718,0.380610031541,0.918690828937,0.392593227911,0.250403312848,135.00000006,134.999994268
0.381117382244,0.919726073715,0.380650913121,0.918795153889,0.392593227911,0.250403312848,135.00000006,134.999994268
0.381147661277,0.919810801729,0.38069140462,0.918898421339,0.392593227911,0.250403312848,135.00000006,134.999994268
0.381177676462,0.919894650874,0.380731505489,0.919000631151,0.392593227911,0.250403312848,135.00000006,134.999994268
0.381207426812,0.919977621267,0.380771215175,0.919101783189,0.392593227911,0.250403312848,135.00000006,134.999994268
0.381236911356,0.920059713022,0.38081053313,0.919201877325,0.392593227911,0.250403312848,135.00000006,134.999994268
0.381266129124,0.920140926253,0.380849458812,0.919300913426,0.392593227911,0.250403312848,135.00000006,134.999994268
0.38129507915,0.920221261078,0.380887991683,0.919398891365,0.392593227911,0.250403312848,135.00000006,134.999994268
0.381323760446,0.920300717625,0.380926131195,0.919495811023,0.392593227911,0.250403312848,135.00000006,134.999994268
0.381352172029,0.920379296026,0.380963876802,0.919591672281,0.392593227911,0.250403312848,135.00000006,134.999994268
0.381380312929,0.920456996406,0.381001227968,0.919686475022,0.392593227911,0.250403312848,135.00000006,134.999994268
0.38140818218,0.920533818895,0.38103818416,0.919780219131,0.392593227911,0.250403312848,135.00000006,134.999994268
0.381435778818,0.920609763624,0.381074744839,0.919872904498,0.392593227911,0.250403312848,135.00000006,134.999994268
0.381463101875,0.920684830728,0.381110909467,0.919964531019,0.392593227911,0.250403312848,135.00000006,134.999994268
0.381490150369,0.920759020352,0.381146677507,0.920055098589,0.392593227911,0.250403312848,135.00000006,134.999994268
0.381516923325,0.92083233264,0.381182048432,0.920144607108,0.392593227911,0.250403312848,135.00000006,134.999994268
0.381543419781,0.920904767735,0.381217021713,0.920233056476,0.392593227911,0.250403312848,135.00000006,134.999994268
0.381569638777,0.92097632578,0.381251596818,0.920320446599,0.392593227911,0.250403312848,135.00000006,134.999994268
0.381595579352,0.921047006923,0.381285773214,0.92040677739,0.392593227911,0.250403312848,135.00000006,134.999994268
0.381621240543,0.921116811315,0.381319550375,0.920492048759,0.392593227911,0.250403312848,135.00000006,134.999994268
0.381646621377,0.921185739115,0.381352927778,0.92057626062,0.392593227911,0.250403312848,135.00000006,134.999994268
0.381671720881,0.921253790485,0.381385904903,0.920659412891,0.392593227911,0.250403312848,135.00000006,134.999994268
0.381696538101,0.921320965582,0.381418481225,0.920741505493,0.392593227911,0.250403312848,135.00000006,134.999994268
0.38172107208,0.921387264566,0.381450656218,0.920822538353,0.392593227911,0.250403312848,135.00000006,134.999994268
0.381745321864,0.9214526876,0.381482429361,0.9209025114,0.392593227911,0.250403312848,135.00000006,134.999994268
0.381769286498,0.921517234849,0.38151380014,0.920981424562,0.392593227911,0.250403312848,135.00000006,134.999994268
0.381792965019,0.921580906488,0.381544768039,0.921059277772,0.392593227911,0.250403312848,135.00000006,134.999994268
0.381816356459,0.921643702693,0.381575332545,0.921136070969,0.392593227911,0.250403312848,135.00000006,134.999994268
0.381839459863,0.921705623639,0.381605493138,0.921211804092,0.392593227911,0.250403312848,135.00000006,134.999994268
0.38186227428,0.921766669502,0.381635249302,0.921286477088,0.392593227911,0.250403312848,135.00000006,134.999994268
0.381884798762,0.921826840462,0.381664600529,0.921360089902,0.392593227911,0.250403312848,135.00000006,134.999994268
0.38190703236,0.921886136699,0.381693546311,0.921432642483,0.392593227911,0.250403312848,135.00000006,134.999994268
0.381928974126,0.921944558398,0.381722086141,0.921504134783,0.392593227911,0.250403312848,135.00000006,134.999994268
0.381950623106,0.922002105748,0.381750219513,0.921574566758,0.392593227911,0.250403312848,135.00000006,134.999994268
0.381971978341,0.922058778946,0.381777945915,0.921643938369,0.392593227911,0.250403312848,135.00000006,134.999994268
0.381993038881,0.922114578184,0.381805264843,0.92171224958,0.392593227911,0.250403312848,135.00000006,134.999994268
0.382013803782,0.922169503657,0.381832175794,0.921779500354,0.392593227911,0.250403312848,135.00000006,134.999994268
0.382034272103,0.922223555562,0.38185867827,0.921845690661,0.392593227911,0.250403312848,135.00000006,134.999994268
0.382054442902,0.922276734098,0.381884771773,0.92191082047,0.392593227911,0.250403312848,135.00000006,134.999994268
0.38207431524,0.922329039468,0.381910455805,0.921974889757,0.392593227911,0.250403312848,135.00000006,134.999994268
0.382093888177,0.922380471877,0.381935729867,0.922037898501,0.392593227911,0.250403312848,135.00000006,134.999994268
0.382113160769,0.922431031533,0.381960593458,0.922099846684,0.392593227911,0.250403312848,135.00000006,134.999994268
0.382132132068,0.922480718652,0.381985046086,0.922160734292,0.392593227911,0.250403312848,135.00000006,134.999994268
0.382150801132,0.922529533449,0.38200908726,0.92222056131,0.392593227911,0.250403312848,135.00000006,134.999994268
0.382169167028,0.922577476138,0.38203271649,0.922279327728,0.392593227911,0.250403312848,135.00000006,134.999994268
0.382187228824,0.922624546936,0.382055933288,0.92233703354,0.392593227911,0.250403312848,135.00000006,134.999994268
0.382204985589,0.922670746062,0.382078737168,0.922393678743,0.392593227911,0.250403312848,135.00000006,134.999994268
0.382222436394,0.922716073738,0.382101127641,0.922449263336,0.392593227911,0.250403312848,135.00000006,134.999994268
0.38223958031,0.922760530189,0.382123104217,0.922503787325,0.392593227911,0.250403312848,135.00000006,134.999994268
0.382256416412,0.922804115641,0.382144666415,0.922557250716,0.392593227911,0.250403312848,135.00000006,134.999994268
0.382272943771,0.922846830324,0.382165813752,0.922609653518,0.392593227911,0.250403312848,135.00000006,134.999994268
0.382289161455,0.922888674475,0.382186545751,0.922660995743,0.392593227911,0.250403312848,135.00000006,134.999994268
0.382305068533,0.92292964833,0.382206861934,0.922711277405,0.392593227911,0.250403312848,135.00000006,134.999994268
0.38232066409,0.922969752124,0.382226761826,0.922760498522,0.392593227911,0.250403312848,135.00000006,134.999994268
0.382335947207,0.923008986096,0.382246244952,0.922808659117,0.392593227911,0.250403312848,135.00000006,134.999994268
0.382350916972,0.923047350484,0.38226531084,0.922855759212,0.392593227911,0.250403312848,135.00000006,134.999994268
0.382365572473,0.92308484553,0.382283959013,0.922901798839,0.392593227911,0.250403312848,135.00000006,134.999994268
0.382379912802,0.923121471478,0.382302189002,0.922946778027,0.392593227911,0.250403312848,135.00000006,134.999994268
0.382393937054,0.923157228573,0.382320000339,0.922990696809,0.392593227911,0.250403312848,135.00000006,134.999994268
0.382407644328,0.923192117062,0.38233739256,0.923033555223,0.392593227911,0.250403312848,135.00000006,134.999994268
0.382421033728,0.923226137192,0.382354365204,0.923075353305,0.392593227911,0.250403312848,135.00000006,134.999994268
0.38243410436,0.923259289213,0.38237091781,0.923116091099,0.392593227911,0.250403312848,135.00000006,134.999994268
0.382446854001,0.923291573928,0.382387049921,0.923155768648,0.392593227911,0.250403312848,135.00000006,134.999994268
0.382459280162,0.923322992253,0.382402761082,0.923194385999,0.392593227911,0.250403312848,135.00000006,134.999994268
0.38247138171,0.923353544547,0.382418050843,0.923231943202,0.392593227911,0.250403312848,135.00000006,134.999994268
0.382483157811,0.923383231046,0.382432918723,0.92326844032,0.392593227911,0.250403312848,135.00000006,134.999994268
0.382494607631,0.923412051991,0.382447363591,0.923303877695,0.392593227911,0.250403312848,135.00000006,134.999994268
0.382505730336,0.923440007625,0.382461384356,0.923338255649,0.392593227911,0.250403312848,135.00000006,134.999994268
0.382516525098,0.923467098191,0.3824749806,0.923371574235,0.392593227911,0.250403312848,135.00000006,134.999994268
0.382526991089,0.923493323937,0.382488151903,0.923403833508,0.392593227911,0.250403312848,135.00000006,134.999994268
0.382537127486,0.923518685109,0.382500897851,0.923435033523,0.392593227911,0.250403312848,135.00000006,134.999994268
0.382546933467,0.923543181959,0.382513218028,0.923465174342,0.392593227911,0.250403312848,135.00000006,134.999994268
0.382556408218,0.923566814736,0.382525112023,0.923494256028,0.392593227911,0.250403312848,135.00000006,134.999994268
0.382565550925,0.923589583694,0.382536579426,0.923522278647,0.392593227911,0.250403312848,135.00000006,134.999994268
0.382574360785,0.923611489084,0.38254761983,0.923549242267,0.392593227911,0.250403312848,135.00000006,134.999994268
0.382582836999,0.92363253116,0.382558232832,0.923575146959,0.392593227911,0.250403312848,135.00000006,134.999994268
0.382590978779,0.923652710172,0.382568418031,0.923599992798,0.392593227911,0.250403312848,135.00000006,134.999994268
0.382598785348,0.923672026371,0.38257817503,0.923623779858,0.392593227911,0.250403312848,135.00000006,134.999994268
0.382606255948,0.923690480002,0.382587503439,0.923646508217,0.392593227911,0.250403312848,135.00000006,134.999994268
0.382613388205,0.923708071983,0.382596402873,0.923668177953,0.392593227911,0.250403312848,135.00000006,134.999994268
0.382620179276,0.923724803429,0.382604872957,0.923688789143,0.392593227911,0.250403312848,135.00000006,134.999994268
0.382626627989,0.923740674765,0.382612912699,0.923708342126,0.392593227911,0.250403312848,135.00000006,134.999994268
0.3826327337,0.923755686202,0.382620520846,0.92372683735,0.392593227911,0.250403312848,135.00000006,134.999994268
0.382638495767,0.923769837952,0.382627696792,0.923744275,0.392593227911,0.250403312848,135.00000006,134.999994268
0.382643913545,0.923783130232,0.38263444022,0.923760655146,0.392593227911,0.250403312848,135.00000006,134.999994268
0.382648986393,0.92379556326,0.382640750815,0.923775977859,0.392593227911,0.250403312848,135.00000006,134.999994268
0.382653713672,0.923807137257,0.382646628265,0.923790243215,0.392593227911,0.250403312848,135.00000006,134.999994268
0.382658094741,0.923817852447,0.382652072256,0.923803451292,0.392593227911,0.250403312848,135.00000006,134.999994268
0.382662128962,0.923827709055,0.382657082478,0.923815602171,0.392593227911,0.250403312848,135.00000006,134.999994268
0.382665815697,0.923836707311,0.382661658621,0.923826695937,0.392593227911,0.250403312848,135.00000006,134.999994268
0.382669154311,0.923844847446,0.382665800378,0.923836732679,0.392593227911,0.250403312848,135.00000006,134.999994268
0.382672144168,0.923852129694,0.38266950744,0.923845712487,0.392593227911,0.250403312848,135.00000006,134.999994268
0.382674784633,0.923858554292,0.382672779504,0.923853635456,0.392593227911,0.250403312848,135.00000006,134.999994268
0.382677075074,0.923864121479,0.382675616264,0.923860501685,0.392593227911,0.250403312848,135.00000006,134.999994268
0.382679014859,0.923868831498,0.382678017417,0.923866311273,0.392593227911,0.250403312848,135.00000006,134.999994268
0.382680603355,0.923872684592,0.382679982663,0.923871064325,0.392593227911,0.250403312848,135.00000006,134.999994268
0.382681839935,0.92387568101,0.3826815117,0.923874760948,0.392593227911,0.250403312848,135.00000006,134.999994268
0.382682723967,0.923877821,0.38268260423,0.923877401254,0.392593227911,0.250403312848,135.00000006,134.999994268
0.382683254825,0.923879104815,0.382683259955,0.923878985355,0.392593227911,0.250403312848,135.00000006,134.999994268
0.382683431883,0.923879532711,0.382683478579,0.923879513369,0.392593227911,0.250403312848,135.00000006,134.999994268
