x_coordinate_over_R,y_coordinate_over_R,x_proper_over_R,y_proper_over_R,q_coordinate,q_proper,delta_coordinate_deg,delta_proper_deg
0.707106788616,-0.707106773757,0.707106777899,-0.707106784474,0.609964795569,0.514398967148,89.999998796,90.0000005327
0.707106578457,-0.707106563387,0.707106516194,-0.707106522613,0.609964795569,0.514398967148,89.999998796,90.0000005327
0.707105948191,-0.707105932067,0.707105731233,-0.707105736876,0.609964795569,0.514398967148,89.999998796,90.0000005327
0.707104898241,-0.707104879378,0.70710442333,-0.707104426954,0.609964795569,0.514398967148,89.999998796,90.0000005327
0.707103429032,-0.707103404901,0.707102592799,-0.707102592541,0.609964795569,0.514398967148,89.999998796,90.0000005327
0.707101540989,-0.707101508219,0.707100239956,-0.707100233332,0.609964795569,0.514398967148,89.999998796,90.0000005327
0.707099234541,-0.707099188917,0.707097365119,-0.707097349024,0.609964795569,0.514398967148,89.999998796,90.0000005327
0.707096510115,-0.70709644658,0.707093968608,-0.707093939315,0.609964795569,0.514398967148,89.999998796,90.0000005327
0.707093368141,-0.707093280796,0.707090050743,-0.707090003905,0.609964795569,0.514398967148,89.999998796,90.0000005327
0.70708980905,-0.707089691153,0.707085611847,-0.707085542495,0.609964795569,0.514398967148,89.999998796,90.0000005327
0.707085833275,-0.707085677239,0.707080652244,-0.707080554789,0.609964795569,0.514398967148,89.999998796,90.0000005327
0.707081441249,-0.707081238647,0.707075172259,-0.70707504049,0.609964795569,0.514398967148,89.999998796,90.0000005327
0.707076633407,-0.707076374967,0.70706917222,-0.707068999306,0.609964795569,0.514398967148,89.999998796,90.0000005327
0.707071410184,-0.707071085794,0.707062652455,-0.707062430944,0.609964795569,0.514398967148,89.999998796,90.0000005327
0.707065772018,-0.707065370723,0.707055613295,-0.707055335113,0.609964795569,0.514398967148,89.999998796,90.0000005327
0.707059719348,-0.707059229348,0.707048055072,-0.707047711526,0.609964795569,0.514398967148,89.999998796,90.0000005327
0.707053252614,-0.707052661269,0.70703997812,-0.707039559894,0.609964795569,0.514398967148,89.999998796,90.0000005327
0.707046372255,-0.707045666083,0.707031382773,-0.707030879932,0.609964795569,0.514398967148,89.999998796,90.0000005327
0.707039078716,-0.70703824339,0.707022269369,-0.707021671356,0.609964795569,0.514398967148,89.999998796,90.0000005327
0.707031372439,-0.707030392793,0.707012638245,-0.707011933884,0.609964795569,0.514398967148,89.999998796,90.0000005327
0.707023253869,-0.707022113892,0.707002489742,-0.707001667234,0.609964795569,0.514398967148,89.999998796,90.0000005327
0.707014723453,-0.707013406293,0.7069918242,-0.706990871128,0.609964795569,0.514398967148,89.999998796,90.0000005327
0.707005781636,-0.707004269601,0.706980641964,-0.706979545287,0.609964795569,0.514398967148,89.999998796,90.0000005327
0.706996428869,-0.706994703422,0.706968943377,-0.706967689437,0.609964795569,0.514398967148,89.999998796,90.0000005327
0.706986665601,-0.706984707364,0.706956729735,-0.706955302353,0.609964795569,0.514398967148,89.999998796,90.0000005327
0.706976492282,-0.706974281037,0.706944002617,-0.706942382531,0.609964795569,0.514398967148,89.999998796,90.0000005327
0.706965909536,-0.706963423879,0.706930762683,-0.70692892939,0.609964795569,0.514398967148,89.999998796,90.0000005327
0.706954919657,-0.706952133663,0.706917010341,-0.706914942602,0.609964795569,0.514398967148,89.999998796,90.0000005327
0.706943524798,-0.706940408304,0.706902746008,-0.706900421836,0.609964795569,0.514398967148,89.999998796,90.0000005327
0.706931725483,-0.706928247347,0.706887970108,-0.706885366756,0.609964795569,0.514398967148,89.999998796,90.0000005327
0.706919522249,-0.706915650328,0.706872683067,-0.706869777026,0.609964795569,0.514398967148,89.999998796,90.0000005327
0.706906915641,-0.70690261678,0.706856885319,-0.706853652306,0.609964795569,0.514398967148,89.999998796,90.0000005327
0.70689390621,-0.706889146228,0.706840577301,-0.706836992257,0.609964795569,0.514398967148,89.999998796,90.0000005327
0.706880494514,-0.706875238194,0.706823759451,-0.706819796541,0.609964795569,0.514398967148,89.999998796,90.0000005327
0.706866681117,-0.7068608922,0.706806432214,-0.706802064817,0.609964795569,0.514398967148,89.999998796,90.0000005327
0.706852466586,-0.706846107763,0.706788596035,-0.706783796747,0.609964795569,0.514398967148,89.999998796,90.0000005327
0.706837851491,-0.706830884401,0.706770251362,-0.706764991992,0.609964795569,0.514398967148,89.999998796,90.0000005327
0.706822836408,-0.706815221631,0.706751398647,-0.706745650215,0.609964795569,0.514398967148,89.999998796,90.0000005327
0.706807421914,-0.706799118968,0.706732038342,-0.706725771079,0.609964795569,0.514398967148,89.999998796,90.0000005327
0.706791608587,-0.706782575929,0.706712170903,-0.706705354249,0.609964795569,0.514398967148,89.999998796,90.0000005327
0.706775397012,-0.70676559203,0.706691796788,-0.706684399389,0.609964795569,0.514398967148,89.999998796,90.0000005327
0.706758787772,-0.706748166787,0.706670916454,-0.706662906167,0.609964795569,0.514398967148,89.999998796,90.0000005327
0.706741781454,-0.706730299718,0.706649530365,-0.70664087425,0.609964795569,0.514398967148,89.999998796,90.0000005327
0.706724378647,-0.70671199034,0.706627639621,-0.70661830267,0.609964795569,0.514398967148,89.999998796,90.0000005327
0.706706579941,-0.706693238172,0.706605245608,-0.706595190175,0.609964795569,0.514398967148,89.999998796,90.0000005327
0.706688385929,-0.706674042732,0.706582349093,-0.706571536139,0.609964795569,0.514398967148,89.999998796,90.0000005327
0.706669797205,-0.70665440354,0.706558950567,-0.70654734021,0.609964795569,0.514398967148,89.999998796,90.0000005327
0.706650814364,-0.706634320117,0.70653505053,-0.706522602036,0.609964795569,0.514398967148,89.999998796,90.0000005327
0.706631439105,-0.706613790884,0.70651064948,-0.706497321266,0.609964795569,0.514398967148,89.999998796,90.0000005327
0.706611673421,-0.706592813968,0.706485747921,-0.706471497547,0.609964795569,0.514398967148,89.999998796,90.0000005327
0.706591518225,-0.706571388583,0.706460346357,-0.70644513053,0.609964795569,0.514398967148,89.999998796,90.0000005327
0.706570974151,-0.706549514218,0.706434445297,-0.706418219864,0.609964795569,0.514398967148,89.999998796,90.0000005327
0.706550041838,-0.706527190365,0.70640804525,-0.7063907652,0.609964795569,0.514398967148,89.999998796,90.0000005327
0.706528721928,-0.706504416514,0.70638114673,-0.706362766189,0.609964795569,0.514398967148,89.999998796,90.0000005327
0.706507015065,-0.706481192155,0.706353750251,-0.706334222485,0.609964795569,0.514398967148,89.999998796,90.0000005327
0.706484921896,-0.706457516777,0.706325856329,-0.706305133741,0.609964795569,0.514398967148,89.999998796,90.0000005327
0.706462443069,-0.706433389872,0.706297465488,-0.706275499606,0.609964795569,0.514398967148,89.999998796,90.0000005327
0.706439579237,-0.706408810928,0.706268578256,-0.706245319732,0.609964795569,0.514398967148,89.999998796,90.0000005327
0.706416331053,-0.706383779439,0.706239195156,-0.706214593773,0.609964795569,0.514398967148,89.999998796,90.0000005327
0.706392699172,-0.706358294894,0.706209316713,-0.706183321389,0.609964795569,0.514398967148,89.999998796,90.0000005327
0.706368684252,-0.706332356786,0.706178943452,-0.706151502239,0.609964795569,0.514398967148,89.999998796,90.0000005327
0.706344286952,-0.706305964607,0.706148075903,-0.706119135985,0.609964795569,0.514398967148,89.999998796,90.0000005327
0.706319507936,-0.706279117848,0.706116714596,-0.706086222289,0.609964795569,0.514398967148,89.999998796,90.0000005327
0.706294347878,-0.706251815993,0.706084860063,-0.706052760814,0.609964795569,0.514398967148,89.999998796,90.0000005327
0.706268807446,-0.706224058533,0.706052512836,-0.706018751227,0.609964795569,0.514398967148,89.999998796,90.0000005327
0.706242887307,-0.706195844963,0.706019673452,-0.705984193194,0.609964795569,0.514398967148,89.999998796,90.0000005327
0.706216588127,-0.706167174781,0.705986342451,-0.705949086379,0.609964795569,0.514398967148,89.999998796,90.0000005327
0.706189910577,-0.706138047485,0.705952520379,-0.705913430447,0.609964795569,0.514398967148,89.999998796,90.0000005327
0.706162855326,-0.706108462573,0.705918207779,-0.705877225063,0.609964795569,0.514398967148,89.999998796,90.0000005327
0.706135423047,-0.706078419547,0.705883405195,-0.705840469901,0.609964795569,0.514398967148,89.999998796,90.0000005327
0.706107614412,-0.706047917908,0.70584811317,-0.705803164635,0.609964795569,0.514398967148,89.999998796,90.0000005327
0.706079430098,-0.706016957158,0.705812332249,-0.70576530894,0.609964795569,0.514398967148,89.999998796,90.0000005327
0.706050870779,-0.705985536801,0.705776062979,-0.705726902493,0.609964795569,0.514398967148,89.999998796,90.0000005327
0.706021937133,-0.705953656342,0.705739305909,-0.705687944975,0.609964795569,0.514398967148,89.999998796,90.0000005327
0.705992629848,-0.705921315277,0.705702061589,-0.705648436063,0.609964795569,0.514398967148,89.999998796,90.0000005327
0.705962949615,-0.705888513104,0.705664330576,-0.705608375438,0.609964795569,0.514398967148,89.999998796,90.0000005327
0.705932897117,-0.70585524933,0.70562611343,-0.705567762773,0.609964795569,0.514398967148,89.999998796,90.0000005327
0.705902473036,-0.705821523464,0.705587410711,-0.705526597751,0.609964795569,0.514398967148,89.999998796,90.0000005327
0.705871678056,-0.705787335018,0.705548222974,-0.705484880058,0.609964795569,0.514398967148,89.999998796,90.0000005327
0.705840512862,-0.705752683503,0.705508550779,-0.705442609382,0.609964795569,0.514398967148,89.999998796,90.0000005327
0.705808978141,-0.705717568434,0.705468394684,-0.705399785412,0.609964795569,0.514398967148,89.999998796,90.0000005327
0.705777074579,-0.705681989326,0.705427755252,-0.70535640784,0.609964795569,0.514398967148,89.999998796,90.0000005327
0.705744802866,-0.705645945694,0.705386633044,-0.70531247636,0.609964795569,0.514398967148,89.999998796,90.0000005327
0.705712163691,-0.705609437057,0.70534502863,-0.70526799066,0.609964795569,0.514398967148,89.999998796,90.0000005327
0.705679157755,-0.705572462923,0.705302942585,-0.705222950429,0.609964795569,0.514398967148,89.999998796,90.0000005327
0.705645785764,-0.7055350228,0.70526037548,-0.705177355359,0.609964795569,0.514398967148,89.999998796,90.0000005327
0.705612048411,-0.705497116209,0.705217327884,-0.705131205152,0.609964795569,0.514398967148,89.999998796,90.0000005327
0.705577946392,-0.705458742673,0.705173800367,-0.705084499506,0.609964795569,0.514398967148,89.999998796,90.0000005327
0.705543480401,-0.705419901715,0.705129793502,-0.705037238125,0.609964795569,0.514398967148,89.999998796,90.0000005327
0.705508651135,-0.705380592862,0.705085307862,-0.704989420714,0.609964795569,0.514398967148,89.999998796,90.0000005327
0.705473459293,-0.705340815642,0.705040344024,-0.704941046975,0.609964795569,0.514398967148,89.999998796,90.0000005327
0.705437905573,-0.705300569581,0.704994902575,-0.704892116607,0.609964795569,0.514398967148,89.999998796,90.0000005327
0.705401990674,-0.705259854212,0.704948984099,-0.704842629311,0.609964795569,0.514398967148,89.999998796,90.0000005327
0.705365715312,-0.705218669051,0.704902589176,-0.704792584799,0.609964795569,0.514398967148,89.999998796,90.0000005327
0.705329080201,-0.705177013619,0.704855718388,-0.704741982783,0.609964795569,0.514398967148,89.999998796,90.0000005327
0.705292086045,-0.70513488745,0.704808372316,-0.704690822976,0.609964795569,0.514398967148,89.999998796,90.0000005327
0.705254733548,-0.705092290078,0.704760551545,-0.704639105095,0.609964795569,0.514398967148,89.999998796,90.0000005327
0.705217023416,-0.705049221042,0.704712256665,-0.704586828851,0.609964795569,0.514398967148,89.999998796,90.0000005327
0.705178956355,-0.705005679879,0.704663488274,-0.704533993953,0.609964795569,0.514398967148,89.999998796,90.0000005327
0.705140533073,-0.70496166613,0.704614246964,-0.704480600117,0.609964795569,0.514398967148,89.999998796,90.0000005327
0.705101754278,-0.704917179335,0.704564533327,-0.704426647065,0.609964795569,0.514398967148,89.999998796,90.0000005327
0.705062620692,-0.704872219025,0.704514347953,-0.70437213452,0.609964795569,0.514398967148,89.999998796,90.0000005327
0.70502313304,-0.704826784731,0.704463691436,-0.704317062209,0.609964795569,0.514398967148,89.999998796,90.0000005327
0.704983292035,-0.704780875995,0.704412564371,-0.704261429855,0.609964795569,0.514398967148,89.999998796,90.0000005327
0.70494309839,-0.704734492365,0.704360967366,-0.704205237178,0.609964795569,0.514398967148,89.999998796,90.0000005327
0.70490255282,-0.704687633389,0.704308901027,-0.704148483898,0.609964795569,0.514398967148,89.999998796,90.0000005327
0.704861656038,-0.704640298617,0.704256365952,-0.704091169749,0.609964795569,0.514398967148,89.999998796,90.0000005327
0.704820408762,-0.7045924876,0.704203362741,-0.704033294463,0.609964795569,0.514398967148,89.999998796,90.0000005327
0.704778811712,-0.704544199887,0.704149891997,-0.703974857775,0.609964795569,0.514398967148,89.999998796,90.0000005327
0.70473686562,-0.704495435016,0.704095954325,-0.703915859421,0.609964795569,0.514398967148,89.999998796,90.0000005327
0.704694571218,-0.704446192533,0.704041550341,-0.703856299126,0.609964795569,0.514398967148,89.999998796,90.0000005327
0.704651929223,-0.704396471996,0.703986680661,-0.703796176624,0.609964795569,0.514398967148,89.999998796,90.0000005327
0.704608940358,-0.704346272962,0.70393134589,-0.703735491656,0.609964795569,0.514398967148,89.999998796,90.0000005327
0.704565605343,-0.704295594992,0.703875546639,-0.703674243965,0.609964795569,0.514398967148,89.999998796,90.0000005327
0.704521924902,-0.704244437647,0.703819283518,-0.703612433297,0.609964795569,0.514398967148,89.999998796,90.0000005327
0.704477899763,-0.704192800486,0.703762557146,-0.703550059392,0.609964795569,0.514398967148,89.999998796,90.0000005327
0.704433530666,-0.704140683059,0.703705368148,-0.703487121985,0.609964795569,0.514398967148,89.999998796,90.0000005327
0.70438881835,-0.704088084918,0.703647717144,-0.703423620823,0.609964795569,0.514398967148,89.999998796,90.0000005327
0.704343763539,-0.704035005632,0.703589604749,-0.703359555657,0.609964795569,0.514398967148,89.999998796,90.0000005327
0.704298366963,-0.703981444769,0.703531031582,-0.703294926241,0.609964795569,0.514398967148,89.999998796,90.0000005327
0.70425262935,-0.7039274019,0.703471998265,-0.703229732327,0.609964795569,0.514398967148,89.999998796,90.0000005327
0.704206551429,-0.703872876597,0.703412505429,-0.70316397366,0.609964795569,0.514398967148,89.999998796,90.0000005327
0.704160133942,-0.703817868423,0.703352553708,-0.703097649988,0.609964795569,0.514398967148,89.999998796,90.0000005327
0.704113377636,-0.703762376935,0.703292143723,-0.703030761072,0.609964795569,0.514398967148,89.999998796,90.0000005327
0.704066283251,-0.703706401704,0.7032312761,-0.702963306673,0.609964795569,0.514398967148,89.999998796,90.0000005327
0.70401885152,-0.703649942308,0.703169951466,-0.702895286554,0.609964795569,0.514398967148,89.999998796,90.0000005327
0.703971083176,-0.703592998326,0.703108170462,-0.702826700467,0.609964795569,0.514398967148,89.999998796,90.0000005327
0.703922978956,-0.703535569339,0.703045933728,-0.702757548166,0.609964795569,0.514398967148,89.999998796,90.0000005327
0.703874539601,-0.703477654924,0.702983241895,-0.702687829421,0.609964795569,0.514398967148,89.999998796,90.0000005327
0.703825765866,-0.703419254646,0.702920095594,-0.702617544002,0.609964795569,0.514398967148,89.999998796,90.0000005327
0.703776658501,-0.70336036808,0.702856495461,-0.702546691678,0.609964795569,0.514398967148,89.999998796,90.0000005327
0.703727218244,-0.703300994812,0.702792442145,-0.702475272208,0.609964795569,0.514398967148,89.999998796,90.0000005327
0.703677445836,-0.70324113443,0.702727936291,-0.702403285358,0.609964795569,0.514398967148,89.999998796,90.0000005327
0.703627342016,-0.703180786526,0.702662978538,-0.702330730903,0.609964795569,0.514398967148,89.999998796,90.0000005327
0.703576907534,-0.703119950683,0.702597569525,-0.702257608623,0.609964795569,0.514398967148,89.999998796,90.0000005327
0.703526143148,-0.703058626476,0.702531709897,-0.70218391829,0.609964795569,0.514398967148,89.999998796,90.0000005327
0.703475049616,-0.702996813488,0.70246540031,-0.702109659675,0.609964795569,0.514398967148,89.999998796,90.0000005327
0.703423627682,-0.702934511314,0.702398641414,-0.702034832551,0.609964795569,0.514398967148,89.999998796,90.0000005327
0.703371878091,-0.702871719552,0.702331433856,-0.701959436703,0.609964795569,0.514398967148,89.999998796,90.0000005327
0.703319801588,-0.7028084378,0.70226377828,-0.701883471918,0.609964795569,0.514398967148,89.999998796,90.0000005327
0.703267398932,-0.702744665649,0.702195675345,-0.701806937974,0.609964795569,0.514398967148,89.999998796,90.0000005327
0.70321467089,-0.702680402681,0.702127125713,-0.701729834646,0.609964795569,0.514398967148,89.999998796,90.0000005327
0.703161618219,-0.702615648491,0.702058130038,-0.701652161722,0.609964795569,0.514398967148,89.999998796,90.0000005327
0.703108241667,-0.702550402685,0.701988688971,-0.701573918996,0.609964795569,0.514398967148,89.999998796,90.0000005327
0.703054541986,-0.702484664869,0.70191880317,-0.701495106259,0.609964795569,0.514398967148,89.999998796,90.0000005327
0.703000519928,-0.70241843465,0.701848473304,-0.701415723291,0.609964795569,0.514398967148,89.999998796,90.0000005327
0.702946176265,-0.702351711617,0.701777700037,-0.701335769882,0.609964795569,0.514398967148,89.999998796,90.0000005327
0.702891511768,-0.702284495364,0.701706484027,-0.701255245832,0.609964795569,0.514398967148,89.999998796,90.0000005327
0.702836527192,-0.702216785503,0.701634825931,-0.701174150942,0.609964795569,0.514398967148,89.999998796,90.0000005327
0.70278122329,-0.702148581648,0.701562726425,-0.701092485,0.609964795569,0.514398967148,89.999998796,90.0000005327
0.702725600819,-0.702079883414,0.701490186185,-0.701010247796,0.609964795569,0.514398967148,89.999998796,90.0000005327
0.70266966055,-0.702010690404,0.701417205872,-0.700927439138,0.609964795569,0.514398967148,89.999998796,90.0000005327
0.70261340326,-0.701941002217,0.701343786152,-0.700844058833,0.609964795569,0.514398967148,89.999998796,90.0000005327
0.702556829714,-0.701870818467,0.701269927699,-0.700760106678,0.609964795569,0.514398967148,89.999998796,90.0000005327
0.702499940669,-0.701800138776,0.701195631198,-0.700675582471,0.609964795569,0.514398967148,89.999998796,90.0000005327
0.702442736886,-0.701728962767,0.701120897318,-0.700590486021,0.609964795569,0.514398967148,89.999998796,90.0000005327
0.702385219137,-0.701657290052,0.701045726729,-0.700504817142,0.609964795569,0.514398967148,89.999998796,90.0000005327
0.702327388205,-0.701585120239,0.700970120111,-0.700418575642,0.609964795569,0.514398967148,89.999998796,90.0000005327
0.702269244861,-0.701512452944,0.700894078154,-0.700331761321,0.609964795569,0.514398967148,89.999998796,90.0000005327
0.702210789867,-0.701439287798,0.700817601534,-0.700244373996,0.609964795569,0.514398967148,89.999998796,90.0000005327
0.702152023987,-0.701365624433,0.700740690927,-0.700156413487,0.609964795569,0.514398967148,89.999998796,90.0000005327
0.702092948,-0.701291462466,0.700663347019,-0.700067879607,0.609964795569,0.514398967148,89.999998796,90.0000005327
0.70203356269,-0.701216801512,0.700585570503,-0.699978772165,0.609964795569,0.514398967148,89.999998796,90.0000005327
0.701973868835,-0.701141641197,0.700507362063,-0.699889090981,0.609964795569,0.514398967148,89.999998796,90.0000005327
0.7019138672,-0.701065981158,0.700428722379,-0.699798835885,0.609964795569,0.514398967148,89.999998796,90.0000005327
0.701853558554,-0.700989821034,0.700349652145,-0.699708006693,0.609964795569,0.514398967148,89.999998796,90.0000005327
0.701792943681,-0.700913160448,0.700270152061,-0.699616603219,0.609964795569,0.514398967148,89.999998796,90.0000005327
0.701732023373,-0.700835999021,0.700190222812,-0.699524625295,0.609964795569,0.514398967148,89.999998796,90.0000005327
0.701670798405,-0.700758336389,0.700109865085,-0.699432072754,0.609964795569,0.514398967148,89.999998796,90.0000005327
0.701609269549,-0.700680172198,0.700029079583,-0.699338945417,0.609964795569,0.514398967148,89.999998796,90.0000005327
0.701547437577,-0.700601506093,0.699947867009,-0.699245243105,0.609964795569,0.514398967148,89.999998796,90.0000005327
0.701485303283,-0.7005223377,0.699866228053,-0.699150965657,0.609964795569,0.514398967148,89.999998796,90.0000005327
0.701422867464,-0.700442666647,0.699784163411,-0.699056112911,0.609964795569,0.514398967148,89.999998796,90.0000005327
0.701360130892,-0.700362492584,0.69970167379,-0.698960684693,0.609964795569,0.514398967148,89.999998796,90.0000005327
0.701297094343,-0.700281815163,0.699618759898,-0.698864680834,0.609964795569,0.514398967148,89.999998796,90.0000005327
0.701233758602,-0.70020063403,0.699535422427,-0.698768101181,0.609964795569,0.514398967148,89.999998796,90.0000005327
0.701170124468,-0.700118948816,0.699451662085,-0.698670945573,0.609964795569,0.514398967148,89.999998796,90.0000005327
0.701106192732,-0.700036759166,0.699367479585,-0.69857321384,0.609964795569,0.514398967148,89.999998796,90.0000005327
0.701041964171,-0.699954064738,0.699282875633,-0.698474905828,0.609964795569,0.514398967148,89.999998796,90.0000005327
0.700977439563,-0.699870865194,0.699197850928,-0.698376021389,0.609964795569,0.514398967148,89.999998796,90.0000005327
0.70091261971,-0.699787160171,0.69911240619,-0.69827656036,0.609964795569,0.514398967148,89.999998796,90.0000005327
0.700847505416,-0.69970294931,0.699026542137,-0.698176522581,0.609964795569,0.514398967148,89.999998796,90.0000005327
0.700782097462,-0.699618232275,0.698940259474,-0.698075907908,0.609964795569,0.514398967148,89.999998796,90.0000005327
0.700716396629,-0.699533008733,0.698853558913,-0.697974716194,0.609964795569,0.514398967148,89.999998796,90.0000005327
0.700650403714,-0.699447278338,0.69876644118,-0.697872947281,0.609964795569,0.514398967148,89.999998796,90.0000005327
0.700584119523,-0.699361040734,0.698678906989,-0.697770601023,0.609964795569,0.514398967148,89.999998796,90.0000005327
0.70051754485,-0.699274295584,0.698590957051,-0.697667677284,0.609964795569,0.514398967148,89.999998796,90.0000005327
0.700450680479,-0.69918704256,0.698502592094,-0.697564175912,0.609964795569,0.514398967148,89.999998796,90.0000005327
0.700383527202,-0.699099281329,0.698413812846,-0.697460096758,0.609964795569,0.514398967148,89.999998796,90.0000005327
0.70031608583,-0.699011011542,0.69832462002,-0.697355439691,0.609964795569,0.514398967148,89.999998796,90.0000005327
0.700248357164,-0.69892223286,0.698235014341,-0.69725020457,0.609964795569,0.514398967148,89.999998796,90.0000005327
0.700180341993,-0.698832944963,0.698144996543,-0.697144391249,0.609964795569,0.514398967148,89.999998796,90.0000005327
0.700112041107,-0.698743147527,0.698054567348,-0.697037999598,0.609964795569,0.514398967148,89.999998796,90.0000005327
0.70004345532,-0.698652840208,0.697963727481,-0.696931029485,0.609964795569,0.514398967148,89.999998796,90.0000005327
0.699974585441,-0.69856202267,0.697872477678,-0.696823480771,0.609964795569,0.514398967148,89.999998796,90.0000005327
0.69990543226,-0.698470694599,0.697780818672,-0.696715353321,0.609964795569,0.514398967148,89.999998796,90.0000005327
0.699835996569,-0.698378855679,0.697688751185,-0.696606647016,0.609964795569,0.514398967148,89.999998796,90.0000005327
0.699766279185,-0.698286505574,0.697596275959,-0.696497361721,0.609964795569,0.514398967148,89.999998796,90.0000005327
0.699696280922,-0.698193643949,0.697503393736,-0.6963874973,0.609964795569,0.514398967148,89.999998796,90.0000005327
0.699626002573,-0.698100270496,0.697410105241,-0.69627705364,0.609964795569,0.514398967148,89.999998796,90.0000005327
0.699555444931,-0.698006384908,0.697316411215,-0.696166030614,0.609964795569,0.514398967148,89.999998796,90.0000005327
0.699484608817,-0.697911986853,0.697222312406,-0.696054428091,0.609964795569,0.514398967148,89.999998796,90.0000005327
0.699413495049,-0.697817076002,0.697127809545,-0.695942245958,0.609964795569,0.514398967148,89.999998796,90.0000005327
0.699342104421,-0.697721652054,0.697032903376,-0.695829484097,0.609964795569,0.514398967148,89.999998796,90.0000005327
0.699270437732,-0.697625714705,0.696937594648,-0.695716142382,0.609964795569,0.514398967148,89.999998796,90.0000005327
0.699198495805,-0.69752926363,0.696841884101,-0.695602220701,0.609964795569,0.514398967148,89.999998796,90.0000005327
0.699126279459,-0.697432298508,0.696745772479,-0.695487718943,0.609964795569,0.514398967148,89.999998796,90.0000005327
0.699053789491,-0.697334819043,0.696649260537,-0.695372636987,0.609964795569,0.514398967148,89.999998796,90.0000005327
0.698981026706,-0.697236824935,0.696552349019,-0.695256974724,0.609964795569,0.514398967148,89.999998796,90.0000005327
0.698907991929,-0.697138315864,0.696455038673,-0.695140732047,0.609964795569,0.514398967148,89.999998796,90.0000005327
0.698834685979,-0.697039291519,0.696357330256,-0.695023908843,0.609964795569,0.514398967148,89.999998796,90.0000005327
0.698761109655,-0.69693975161,0.696259224521,-0.694906505004,0.609964795569,0.514398967148,89.999998796,90.0000005327
0.698687263771,-0.696839695838,0.696160722214,-0.694788520431,0.609964795569,0.514398967148,89.999998796,90.0000005327
0.698613149154,-0.696739123888,0.696061824099,-0.694669955012,0.609964795569,0.514398967148,89.999998796,90.0000005327
0.69853876662,-0.696638035462,0.695962530931,-0.694550808646,0.609964795569,0.514398967148,89.999998796,90.0000005327
0.698464116972,-0.696536430275,0.695862843464,-0.694431081237,0.609964795569,0.514398967148,89.999998796,90.0000005327
0.698389201031,-0.696434308028,0.695762762462,-0.69431077268,0.609964795569,0.514398967148,89.999998796,90.0000005327
0.698314019629,-0.69633166841,0.695662288686,-0.694189882876,0.609964795569,0.514398967148,89.999998796,90.0000005327
0.698238573577,-0.696228511138,0.695561422893,-0.694068411736,0.609964795569,0.514398967148,89.999998796,90.0000005327
0.698162863681,-0.696124835933,0.695460165852,-0.693946359157,0.609964795569,0.514398967148,89.999998796,90.0000005327
0.698086890773,-0.69602064249,0.695358518325,-0.693823725047,0.609964795569,0.514398967148,89.999998796,90.0000005327
0.698010655684,-0.695915930511,0.695256481076,-0.693700509319,0.609964795569,0.514398967148,89.999998796,90.0000005327
0.697934159222,-0.695810699724,0.695154054877,-0.693576711876,0.609964795569,0.514398967148,89.999998796,90.0000005327
0.697857402204,-0.695704949845,0.695051240493,-0.693452332633,0.609964795569,0.514398967148,89.999998796,90.0000005327
0.697780385468,-0.695598680576,0.694948038693,-0.693327371504,0.609964795569,0.514398967148,89.999998796,90.0000005327
0.697703109834,-0.695491891636,0.694844450253,-0.693201828397,0.609964795569,0.514398967148,89.999998796,90.0000005327
0.697625576112,-0.695384582758,0.69474047594,-0.693075703235,0.609964795569,0.514398967148,89.999998796,90.0000005327
0.697547785135,-0.695276753652,0.694636116528,-0.692948995932,0.609964795569,0.514398967148,89.999998796,90.0000005327
0.697469737742,-0.695168404028,0.694531372798,-0.692821706402,0.609964795569,0.514398967148,89.999998796,90.0000005327
0.697391434746,-0.695059533621,0.694426245517,-0.692693834575,0.609964795569,0.514398967148,89.999998796,90.0000005327
0.697312876967,-0.69495014216,0.694320735467,-0.692565380368,0.609964795569,0.514398967148,89.999998796,90.0000005327
0.697234065245,-0.694840229359,0.694214843433,-0.692436343698,0.609964795569,0.514398967148,89.999998796,90.0000005327
0.69715500041,-0.694729794944,0.694108570184,-0.692306724501,0.609964795569,0.514398967148,89.999998796,90.0000005327
0.697075683272,-0.69461883866,0.694001916508,-0.692176522696,0.609964795569,0.514398967148,89.999998796,90.0000005327
0.696996114673,-0.694507360227,0.693894883188,-0.69204573821,0.609964795569,0.514398967148,89.999998796,90.0000005327
0.696916295453,-0.694395359364,0.693787471003,-0.691914370978,0.609964795569,0.514398967148,89.999998796,90.0000005327
0.696836226428,-0.694282835818,0.693679680743,-0.691782420925,0.609964795569,0.514398967148,89.999998796,90.0000005327
0.696755908426,-0.694169789326,0.693571513192,-0.691649887987,0.609964795569,0.514398967148,89.999998796,90.0000005327
0.696675342293,-0.694056219612,0.693462969135,-0.6915167721,0.609964795569,0.514398967148,89.999998796,90.0000005327
0.696594528857,-0.693942126417,0.693354049368,-0.691383073192,0.609964795569,0.514398967148,89.999998796,90.0000005327
0.696513468937,-0.693827509492,0.69324475467,-0.69124879121,0.609964795569,0.514398967148,89.999998796,90.0000005327
0.69643216338,-0.693712368564,0.693135085839,-0.691113926087,0.609964795569,0.514398967148,89.999998796,90.0000005327
0.696350613026,-0.693596703369,0.693025043673,-0.690978477757,0.609964795569,0.514398967148,89.999998796,90.0000005327
0.696268818691,-0.693480513668,0.692914628955,-0.690842446172,0.609964795569,0.514398967148,89.999998796,90.0000005327
0.69618678122,-0.693363799199,0.692803842487,-0.690705831268,0.609964795569,0.514398967148,89.999998796,90.0000005327
0.696104501458,-0.693246559694,0.692692685063,-0.690568632992,0.609964795569,0.514398967148,89.999998796,90.0000005327
0.69602198023,-0.693128794915,0.692581157478,-0.690430851291,0.609964795569,0.514398967148,89.999998796,90.0000005327
0.69593921837,-0.693010504613,0.692469260538,-0.690292486108,0.609964795569,0.514398967148,89.999998796,90.0000005327
0.695856216728,-0.692891688527,0.692356995032,-0.690153537401,0.609964795569,0.514398967148,89.999998796,90.0000005327
0.695772976136,-0.692772346412,0.692244361766,-0.690014005115,0.609964795569,0.514398967148,89.999998796,90.0000005327
0.695689497425,-0.692652478033,0.692131361549,-0.689873889197,0.609964795569,0.514398967148,89.999998796,90.0000005327
0.695605781444,-0.692532083132,0.692017995175,-0.689733189608,0.609964795569,0.514398967148,89.999998796,90.0000005327
0.695521829036,-0.692411161463,0.691904263455,-0.689591906299,0.609964795569,0.514398967148,89.999998796,90.0000005327
0.695437641026,-0.6922897128,0.691790167189,-0.689450039231,0.609964795569,0.514398967148,89.999998796,90.0000005327
0.695353218265,-0.692167736889,0.691675707186,-0.689307588359,0.609964795569,0.514398967148,89.999998796,90.0000005327
0.695268561603,-0.692045233485,0.691560884261,-0.689164553639,0.609964795569,0.514398967148,89.999998796,90.0000005327
0.695183671861,-0.69192220237,0.691445699214,-0.689020935039,0.609964795569,0.514398967148,89.999998796,90.0000005327
0.695098549893,-0.691798643296,0.691330152862,-0.688876732516,0.609964795569,0.514398967148,89.999998796,90.0000005327
0.695013196553,-0.691674556016,0.691214246012,-0.688731946038,0.609964795569,0.514398967148,89.999998796,90.0000005327
0.694927612666,-0.691549940317,0.691097979479,-0.688586575571,0.609964795569,0.514398967148,89.999998796,90.0000005327
0.694841799081,-0.69142479596,0.690981354082,-0.688440621075,0.609964795569,0.514398967148,89.999998796,90.0000005327
0.694755756656,-0.691299122702,0.690864370629,-0.688294082527,0.609964795569,0.514398967148,89.999998796,90.0000005327
0.694669486218,-0.691172920331,0.690747029941,-0.688146959891,0.609964795569,0.514398967148,89.999998796,90.0000005327
0.694582988618,-0.691046188615,0.690629332832,-0.687999253145,0.609964795569,0.514398967148,89.999998796,90.0000005327
0.694496264712,-0.690918927317,0.690511280122,-0.687850962258,0.609964795569,0.514398967148,89.999998796,90.0000005327
0.694409315333,-0.690791136225,0.690392872638,-0.6877020872,0.609964795569,0.514398967148,89.999998796,90.0000005327
0.694322141331,-0.690662815115,0.690274111192,-0.687552627955,0.609964795569,0.514398967148,89.999998796,90.0000005327
0.694234743563,-0.690533963753,0.690154996611,-0.687402584496,0.609964795569,0.514398967148,89.999998796,90.0000005327
0.694147122866,-0.690404581931,0.690035529714,-0.687251956807,0.609964795569,0.514398967148,89.999998796,90.0000005327
0.694059280089,-0.690274669429,0.689915711329,-0.687100744865,0.609964795569,0.514398967148,89.999998796,90.0000005327
0.693971216092,-0.690144226019,0.689795542286,-0.686948948647,0.609964795569,0.514398967148,89.999998796,90.0000005327
0.693882931712,-0.690013251497,0.689675023406,-0.686796568144,0.609964795569,0.514398967148,89.999998796,90.0000005327
0.6937944278,-0.689881745647,0.689554155522,-0.686643603336,0.609964795569,0.514398967148,89.999998796,90.0000005327
0.693705705218,-0.689749708244,0.689432939457,-0.686490054214,0.609964795569,0.514398967148,89.999998796,90.0000005327
0.693616764804,-0.689617139091,0.689311376044,-0.686335920763,0.609964795569,0.514398967148,89.999998796,90.0000005327
0.69352760741,-0.689484037974,0.689189466116,-0.686181202974,0.609964795569,0.514398967148,89.999998796,90.0000005327
0.693438233899,-0.689350404674,0.689067210504,-0.686025900838,0.609964795569,0.514398967148,89.999998796,90.0000005327
0.69334864511,-0.689216238998,0.688944610045,-0.685870014343,0.609964795569,0.514398967148,89.999998796,90.0000005327
0.693258841899,-0.689081540736,0.688821665569,-0.685713543488,0.609964795569,0.514398967148,89.999998796,90.0000005327
0.69316882513,-0.688946309673,0.688698377917,-0.685556488265,0.609964795569,0.514398967148,89.999998796,90.0000005327
0.693078595638,-0.688810545623,0.68857474792,-0.685398848676,0.609964795569,0.514398967148,89.999998796,90.0000005327
0.692988154285,-0.688674248377,0.68845077642,-0.685240624715,0.609964795569,0.514398967148,89.999998796,90.0000005327
0.692897501936,-0.688537417725,0.688326464256,-0.685081816383,0.609964795569,0.514398967148,89.999998796,90.0000005327
0.692806639426,-0.688400053488,0.688201812267,-0.684922423681,0.609964795569,0.514398967148,89.999998796,90.0000005327
0.692715567619,-0.688262155458,0.688076821299,-0.68476244661,0.609964795569,0.514398967148,89.999998796,90.0000005327
0.692624287382,-0.688123723431,0.68795149219,-0.684601885177,0.609964795569,0.514398967148,89.999998796,90.0000005327
0.692532799551,-0.68798475723,0.687825825787,-0.684440739385,0.609964795569,0.514398967148,89.999998796,90.0000005327
0.692441104993,-0.687845256652,0.68769982293,-0.684279009246,0.609964795569,0.514398967148,89.999998796,90.0000005327
0.692349204568,-0.687705221502,0.687573484469,-0.684116694765,0.609964795569,0.514398967148,89.999998796,90.0000005327
0.692257099122,-0.687564651603,0.687446811247,-0.683953795955,0.609964795569,0.514398967148,89.999998796,90.0000005327
0.692164789521,-0.687423546756,0.687319804114,-0.683790312826,0.609964795569,0.514398967148,89.999998796,90.0000005327
0.692072276622,-0.687281906777,0.687192463922,-0.683626245387,0.609964795569,0.514398967148,89.999998796,90.0000005327
0.691979561276,-0.687139731486,0.687064791519,-0.683461593658,0.609964795569,0.514398967148,89.999998796,90.0000005327
0.691886644351,-0.68699702069,0.686936787758,-0.683296357651,0.609964795569,0.514398967148,89.999998796,90.0000005327
0.691793526697,-0.686853774214,0.686808453488,-0.683130537386,0.609964795569,0.514398967148,89.999998796,90.0000005327
0.691700209175,-0.686709991877,0.686679789565,-0.682964132882,0.609964795569,0.514398967148,89.999998796,90.0000005327
0.691606692654,-0.686565673489,0.68655079684,-0.68279714416,0.609964795569,0.514398967148,89.999998796,90.0000005327
0.691512977977,-0.686420818889,0.686421476171,-0.68262957124,0.609964795569,0.514398967148,89.999998796,90.0000005327
0.691419066013,-0.68627542789,0.686291828412,-0.68246141415,0.609964795569,0.514398967148,89.999998796,90.0000005327
0.691324957633,-0.686129500309,0.686161854422,-0.68229267291,0.609964795569,0.514398967148,89.999998796,90.0000005327
0.69123065368,-0.685983035987,0.686031555061,-0.682123347548,0.609964795569,0.514398967148,89.999998796,90.0000005327
0.691136155026,-0.685836034744,0.685900931187,-0.681953438092,0.609964795569,0.514398967148,89.999998796,90.0000005327
0.691041462532,-0.685688496408,0.685769983663,-0.681782944569,0.609964795569,0.514398967148,89.999998796,90.0000005327
0.690946577052,-0.685540420816,0.685638713349,-0.681611867011,0.609964795569,0.514398967148,89.999998796,90.0000005327
0.690851499459,-0.685391807792,0.685507121108,-0.68144020545,0.609964795569,0.514398967148,89.999998796,90.0000005327
0.690756230603,-0.685242657179,0.685375207803,-0.681267959921,0.609964795569,0.514398967148,89.999998796,90.0000005327
0.690660771352,-0.685092968809,0.6852429743,-0.681095130457,0.609964795569,0.514398967148,89.999998796,90.0000005327
0.690565122578,-0.684942742507,0.685110421463,-0.680921717097,0.609964795569,0.514398967148,89.999998796,90.0000005327
0.690469285129,-0.684791978128,0.684977550159,-0.680747719877,0.609964795569,0.514398967148,89.999998796,90.0000005327
0.690373259878,-0.684640675502,0.684844361255,-0.680573138839,0.609964795569,0.514398967148,89.999998796,90.0000005327
0.690277047689,-0.684488834468,0.684710855622,-0.680397974022,0.609964795569,0.514398967148,89.999998796,90.0000005327
0.690180649421,-0.684336454875,0.684577034126,-0.680222225469,0.609964795569,0.514398967148,89.999998796,90.0000005327
0.690084065945,-0.684183536559,0.684442897641,-0.680045893224,0.609964795569,0.514398967148,89.999998796,90.0000005327
0.689987298114,-0.684030079376,0.684308447037,-0.679868977333,0.609964795569,0.514398967148,89.999998796,90.0000005327
0.6898903468,-0.683876083167,0.684173683187,-0.679691477842,0.609964795569,0.514398967148,89.999998796,90.0000005327
0.689793212877,-0.683721547771,0.684038606964,-0.679513394799,0.609964795569,0.514398967148,89.999998796,90.0000005327
0.689695897196,-0.683566473051,0.683903219244,-0.679334728254,0.609964795569,0.514398967148,89.999998796,90.0000005327
0.689598400631,-0.68341085885,0.683767520904,-0.679155478256,0.609964795569,0.514398967148,89.999998796,90.0000005327
0.689500724044,-0.683254705024,0.683631512818,-0.678975644859,0.609964795569,0.514398967148,89.999998796,90.0000005327
0.6894028683,-0.683098011428,0.683495195865,-0.678795228116,0.609964795569,0.514398967148,89.999998796,90.0000005327
0.689304834273,-0.682940777909,0.683358570923,-0.678614228085,0.609964795569,0.514398967148,89.999998796,90.0000005327
0.689206622818,-0.682783004337,0.683221638872,-0.67843264482,0.609964795569,0.514398967148,89.999998796,90.0000005327
0.689108234809,-0.682624690561,0.683084400591,-0.678250478381,0.609964795569,0.514398967148,89.999998796,90.0000005327
0.689009671114,-0.682465836441,0.682946856962,-0.678067728827,0.609964795569,0.514398967148,89.999998796,90.0000005327
0.688910932595,-0.682306441842,0.682809008867,-0.677884396221,0.609964795569,0.514398967148,89.999998796,90.0000005327
0.688812020126,-0.68214650662,0.68267085719,-0.677700480623,0.609964795569,0.514398967148,89.999998796,90.0000005327
0.688712934565,-0.68198603065,0.682532402814,-0.6775159821,0.609964795569,0.514398967148,89.999998796,90.0000005327
0.688613676785,-0.681825013791,0.682393646624,-0.677330900715,0.609964795569,0.514398967148,89.999998796,90.0000005327
0.688514247658,-0.681663455905,0.682254589507,-0.677145236537,0.609964795569,0.514398967148,89.999998796,90.0000005327
0.688414648045,-0.681501356868,0.682115232349,-0.676958989633,0.609964795569,0.514398967148,89.999998796,90.0000005327
0.688314878822,-0.681338716543,0.681975576038,-0.676772160074,0.609964795569,0.514398967148,89.999998796,90.0000005327
0.688214940846,-0.681175534812,0.681835621463,-0.676584747931,0.609964795569,0.514398967148,89.999998796,90.0000005327
0.688114834994,-0.68101181154,0.681695369513,-0.676396753277,0.609964795569,0.514398967148,89.999998796,90.0000005327
0.688014562135,-0.680847546599,0.681554821079,-0.676208176185,0.609964795569,0.514398967148,89.999998796,90.0000005327
0.687914123134,-0.68068273987,0.681413977052,-0.676019016732,0.609964795569,0.514398967148,89.999998796,90.0000005327
0.687813518867,-0.680517391223,0.681272838324,-0.675829274995,0.609964795569,0.514398967148,89.999998796,90.0000005327
0.687712750191,-0.680351500547,0.681131405789,-0.675638951052,0.609964795569,0.514398967148,89.999998796,90.0000005327
0.687611817984,-0.680185067715,0.680989680341,-0.675448044983,0.609964795569,0.514398967148,89.999998796,90.0000005327
0.687510723114,-0.680018092608,0.680847662874,-0.675256556869,0.609964795569,0.514398967148,89.999998796,90.0000005327
0.687409466449,-0.679850575113,0.680705354285,-0.675064486794,0.609964795569,0.514398967148,89.999998796,90.0000005327
0.687308048865,-0.679682515106,0.68056275547,-0.674871834841,0.609964795569,0.514398967148,89.999998796,90.0000005327
0.687206471222,-0.679513912483,0.680419867326,-0.674678601097,0.609964795569,0.514398967148,89.999998796,90.0000005327
0.687104734396,-0.679344767125,0.680276690753,-0.674484785648,0.609964795569,0.514398967148,89.999998796,90.0000005327
0.687002839253,-0.679175078925,0.680133226648,-0.674290388583,0.609964795569,0.514398967148,89.999998796,90.0000005327
0.686900786664,-0.679004847771,0.679989475913,-0.674095409992,0.609964795569,0.514398967148,89.999998796,90.0000005327
0.686798577507,-0.678834073548,0.679845439448,-0.673899849967,0.609964795569,0.514398967148,89.999998796,90.0000005327
0.686696212643,-0.678662756157,0.679701118155,-0.673703708599,0.609964795569,0.514398967148,89.999998796,90.0000005327
0.686593692947,-0.678490895488,0.679556512936,-0.673506985984,0.609964795569,0.514398967148,89.999998796,90.0000005327
0.686491019283,-0.678318491444,0.679411624696,-0.673309682217,0.609964795569,0.514398967148,89.999998796,90.0000005327
0.686388192526,-0.678145543916,0.67926645434,-0.673111797394,0.609964795569,0.514398967148,89.999998796,90.0000005327
0.68628521355,-0.677972052802,0.679121002772,-0.672913331614,0.609964795569,0.514398967148,89.999998796,90.0000005327
0.686182083221,-0.677798018004,0.678975270898,-0.672714284975,0.609964795569,0.514398967148,89.999998796,90.0000005327
0.686078802415,-0.67762343942,0.678829259626,-0.672514657582,0.609964795569,0.514398967148,89.999998796,90.0000005327
0.685975371995,-0.67744831696,0.678682969862,-0.672314449535,0.609964795569,0.514398967148,89.999998796,90.0000005327
0.685871792838,-0.677272650522,0.678536402515,-0.672113660939,0.609964795569,0.514398967148,89.999998796,90.0000005327
0.685768065805,-0.677096440022,0.678389558495,-0.6719122919,0.609964795569,0.514398967148,89.999998796,90.0000005327
0.685664191775,-0.676919685359,0.678242438709,-0.671710342525,0.609964795569,0.514398967148,89.999998796,90.0000005327
0.685560171623,-0.676742386438,0.678095044071,-0.671507812922,0.609964795569,0.514398967148,89.999998796,90.0000005327
0.685456006213,-0.676564543176,0.677947375491,-0.671304703202,0.609964795569,0.514398967148,89.999998796,90.0000005327
0.685351696421,-0.676386155479,0.677799433881,-0.671101013475,0.609964795569,0.514398967148,89.999998796,90.0000005327
0.685247243111,-0.676207223267,0.677651220153,-0.670896743856,0.609964795569,0.514398967148,89.999998796,90.0000005327
0.68514264716,-0.676027746449,0.677502735224,-0.670691894456,0.609964795569,0.514398967148,89.999998796,90.0000005327
0.68503790943,-0.675847724949,0.677353980004,-0.670486465394,0.609964795569,0.514398967148,89.999998796,90.0000005327
0.6849330308,-0.675667158678,0.677204955412,-0.670280456785,0.609964795569,0.514398967148,89.999998796,90.0000005327
0.684828012141,-0.675486047552,0.677055662366,-0.670073868745,0.609964795569,0.514398967148,89.999998796,90.0000005327
0.684722854321,-0.675304391496,0.67690610178,-0.669866701396,0.609964795569,0.514398967148,89.999998796,90.0000005327
0.684617558215,-0.675122190427,0.676756274574,-0.669658954857,0.609964795569,0.514398967148,89.999998796,90.0000005327
0.684512124689,-0.674939444274,0.676606181664,-0.669450629253,0.609964795569,0.514398967148,89.999998796,90.0000005327
0.684406554617,-0.674756152956,0.676455823971,-0.669241724705,0.609964795569,0.514398967148,89.999998796,90.0000005327
0.684300848864,-0.674572316406,0.676305202413,-0.669032241342,0.609964795569,0.514398967148,89.999998796,90.0000005327
0.684195008306,-0.674387934547,0.676154317913,-0.668822179289,0.609964795569,0.514398967148,89.999998796,90.0000005327
0.684089033809,-0.674203007311,0.676003171388,-0.668611538675,0.609964795569,0.514398967148,89.999998796,90.0000005327
0.683982926247,-0.674017534626,0.675851763764,-0.668400319629,0.609964795569,0.514398967148,89.999998796,90.0000005327
0.683876686494,-0.673831516419,0.675700095961,-0.668188522284,0.609964795569,0.514398967148,89.999998796,90.0000005327
0.683770315416,-0.673644952629,0.675548168904,-0.66797614677,0.609964795569,0.514398967148,89.999998796,90.0000005327
0.683663813887,-0.673457843185,0.675395983519,-0.667763193218,0.609964795569,0.514398967148,89.999998796,90.0000005327
0.683557182773,-0.67327018803,0.675243540729,-0.667549661767,0.609964795569,0.514398967148,89.999998796,90.0000005327
0.683450422947,-0.673081987096,0.675090841462,-0.667335552551,0.609964795569,0.514398967148,89.999998796,90.0000005327
0.683343535275,-0.672893240327,0.67493788664,-0.667120865711,0.609964795569,0.514398967148,89.999998796,90.0000005327
0.68323652063,-0.67270394766,0.674784677194,-0.666905601383,0.609964795569,0.514398967148,89.999998796,90.0000005327
0.683129379878,-0.672514109041,0.674631214046,-0.666689759712,0.609964795569,0.514398967148,89.999998796,90.0000005327
0.683022113893,-0.672323724409,0.674477498129,-0.666473340838,0.609964795569,0.514398967148,89.999998796,90.0000005327
0.682914723546,-0.672132793707,0.674323530371,-0.666256344904,0.609964795569,0.514398967148,89.999998796,90.0000005327
0.682807209704,-0.671941316883,0.674169311701,-0.666038772055,0.609964795569,0.514398967148,89.999998796,90.0000005327
0.68269957324,-0.671749293882,0.674014843052,-0.665820622435,0.609964795569,0.514398967148,89.999998796,90.0000005327
0.68259181502,-0.671556724656,0.673860125352,-0.665601896196,0.609964795569,0.514398967148,89.999998796,90.0000005327
0.682483935915,-0.671363609152,0.673705159534,-0.665382593483,0.609964795569,0.514398967148,89.999998796,90.0000005327
0.682375936791,-0.671169947326,0.673549946527,-0.665162714451,0.609964795569,0.514398967148,89.999998796,90.0000005327
0.68226781852,-0.670975739127,0.673394487268,-0.66494225925,0.609964795569,0.514398967148,89.999998796,90.0000005327
0.682159581966,-0.670780984515,0.673238782688,-0.664721228032,0.609964795569,0.514398967148,89.999998796,90.0000005327
0.682051228003,-0.670585683441,0.673082833721,-0.664499620952,0.609964795569,0.514398967148,89.999998796,90.0000005327
0.681942757493,-0.670389835867,0.672926641306,-0.664277438165,0.609964795569,0.514398967148,89.999998796,90.0000005327
0.68183417131,-0.670193441748,0.672770206373,-0.664054679831,0.609964795569,0.514398967148,89.999998796,90.0000005327
0.681725470316,-0.669996501048,0.672613529861,-0.663831346105,0.609964795569,0.514398967148,89.999998796,90.0000005327
0.681616655384,-0.669799013725,0.672456612703,-0.663607437154,0.609964795569,0.514398967148,89.999998796,90.0000005327
0.681507727383,-0.669600979741,0.672299455839,-0.663382953134,0.609964795569,0.514398967148,89.999998796,90.0000005327
0.681398687178,-0.669402399062,0.672142060208,-0.663157894208,0.609964795569,0.514398967148,89.999998796,90.0000005327
0.681289535639,-0.669203271652,0.671984426746,-0.662932260542,0.609964795569,0.514398967148,89.999998796,90.0000005327
0.681180273629,-0.669003597481,0.671826556396,-0.662706052298,0.609964795569,0.514398967148,89.999998796,90.0000005327
0.681070902019,-0.668803376515,0.671668450091,-0.662479269649,0.609964795569,0.514398967148,89.999998796,90.0000005327
0.680961421671,-0.668602608727,0.671510108775,-0.66225191276,0.609964795569,0.514398967148,89.999998796,90.0000005327
0.680851833455,-0.668401294086,0.671351533387,-0.662023981802,0.609964795569,0.514398967148,89.999998796,90.0000005327
0.680742138235,-0.668199432568,0.671192724868,-0.661795476946,0.609964795569,0.514398967148,89.999998796,90.0000005327
0.680632336878,-0.667997024145,0.671033684165,-0.661566398361,0.609964795569,0.514398967148,89.999998796,90.0000005327
0.680522430248,-0.667794068795,0.670874412213,-0.661336746226,0.609964795569,0.514398967148,89.999998796,90.0000005327
0.680412419212,-0.667590566493,0.67071490996,-0.661106520713,0.609964795569,0.514398967148,89.999998796,90.0000005327
0.680302304633,-0.66738651722,0.670555178345,-0.660875722003,0.609964795569,0.514398967148,89.999998796,90.0000005327
0.680192087378,-0.667181920954,0.670395218314,-0.66064435027,0.609964795569,0.514398967148,89.999998796,90.0000005327
0.68008176831,-0.666976777678,0.670235030815,-0.660412405692,0.609964795569,0.514398967148,89.999998796,90.0000005327
0.679971348295,-0.666771087374,0.670074616788,-0.660179888454,0.609964795569,0.514398967148,89.999998796,90.0000005327
0.679860828195,-0.666564850027,0.669913977182,-0.659946798734,0.609964795569,0.514398967148,89.999998796,90.0000005327
0.679750208876,-0.666358065622,0.669753112938,-0.659713136721,0.609964795569,0.514398967148,89.999998796,90.0000005327
0.6796394912,-0.666150734147,0.669592025005,-0.659478902597,0.609964795569,0.514398967148,89.999998796,90.0000005327
0.67952867603,-0.66594285559,0.669430714335,-0.659244096544,0.609964795569,0.514398967148,89.999998796,90.0000005327
0.679417764229,-0.66573442994,0.669269181869,-0.659008718757,0.609964795569,0.514398967148,89.999998796,90.0000005327
0.679306756661,-0.66552545719,0.669107428559,-0.658772769419,0.609964795569,0.514398967148,89.999998796,90.0000005327
0.679195654188,-0.66531593733,0.668945455349,-0.658536248724,0.609964795569,0.514398967148,89.999998796,90.0000005327
0.679084457671,-0.665105870356,0.668783263191,-0.658299156864,0.609964795569,0.514398967148,89.999998796,90.0000005327
0.678973167974,-0.664895256262,0.668620853037,-0.658061494027,0.609964795569,0.514398967148,89.999998796,90.0000005327
0.678861785956,-0.664684095046,0.668458225831,-0.657823260414,0.609964795569,0.514398967148,89.999998796,90.0000005327
0.678750312479,-0.664472386705,0.668295382527,-0.657584456216,0.609964795569,0.514398967148,89.999998796,90.0000005327
0.678638748404,-0.66426013124,0.668132324076,-0.657345081632,0.609964795569,0.514398967148,89.999998796,90.0000005327
0.678527094591,-0.664047328651,0.667969051427,-0.657105136862,0.609964795569,0.514398967148,89.999998796,90.0000005327
0.678415351899,-0.663833978942,0.667805565535,-0.656864622101,0.609964795569,0.514398967148,89.999998796,90.0000005327
0.678303521188,-0.663620082116,0.667641867347,-0.656623537557,0.609964795569,0.514398967148,89.999998796,90.0000005327
0.678191603317,-0.663405638178,0.667477957819,-0.656381883429,0.609964795569,0.514398967148,89.999998796,90.0000005327
0.678079599146,-0.663190647136,0.667313837907,-0.656139659917,0.609964795569,0.514398967148,89.999998796,90.0000005327
0.677967509531,-0.662975108997,0.667149508558,-0.655896867233,0.609964795569,0.514398967148,89.999998796,90.0000005327
0.677855335332,-0.662759023771,0.666984970732,-0.655653505578,0.609964795569,0.514398967148,89.999998796,90.0000005327
0.677743077406,-0.662542391469,0.666820225377,-0.655409575165,0.609964795569,0.514398967148,89.999998796,90.0000005327
0.67763073661,-0.662325212104,0.666655273451,-0.655165076202,0.609964795569,0.514398967148,89.999998796,90.0000005327
0.677518313801,-0.662107485688,0.666490115911,-0.654920008894,0.609964795569,0.514398967148,89.999998796,90.0000005327
0.677405809835,-0.661889212238,0.666324753706,-0.654674373463,0.609964795569,0.514398967148,89.999998796,90.0000005327
0.677293225568,-0.661670391769,0.666159187797,-0.654428170117,0.609964795569,0.514398967148,89.999998796,90.0000005327
0.677180561856,-0.6614510243,0.665993419141,-0.654181399067,0.609964795569,0.514398967148,89.999998796,90.0000005327
0.677067819554,-0.66123110985,0.66582744869,-0.653934060536,0.609964795569,0.514398967148,89.999998796,90.0000005327
0.676954999516,-0.661010648439,0.665661277405,-0.653686154737,0.609964795569,0.514398967148,89.999998796,90.0000005327
0.676842102597,-0.66078964009,0.66549490624,-0.65343768189,0.609964795569,0.514398967148,89.999998796,90.0000005327
0.67672912965,-0.660568084827,0.665328336153,-0.653188642218,0.609964795569,0.514398967148,89.999998796,90.0000005327
0.676616081529,-0.660345982673,0.665161568105,-0.652939035936,0.609964795569,0.514398967148,89.999998796,90.0000005327
0.676502959086,-0.660123333657,0.664994603048,-0.652688863276,0.609964795569,0.514398967148,89.999998796,90.0000005327
0.676389763175,-0.659900137804,0.664827441945,-0.652438124456,0.609964795569,0.514398967148,89.999998796,90.0000005327
0.676276494648,-0.659676395142,0.664660085758,-0.652186819699,0.609964795569,0.514398967148,89.999998796,90.0000005327
0.676163154356,-0.659452105704,0.66449253544,-0.651934949238,0.609964795569,0.514398967148,89.999998796,90.0000005327
0.67604974315,-0.65922726952,0.664324791953,-0.651682513299,0.609964795569,0.514398967148,89.999998796,90.0000005327
0.675936261881,-0.659001886624,0.66415685626,-0.651429512107,0.609964795569,0.514398967148,89.999998796,90.0000005327
0.675822711398,-0.658775957049,0.663988729315,-0.651175945901,0.609964795569,0.514398967148,89.999998796,90.0000005327
0.675709092552,-0.658549480833,0.663820412083,-0.650921814906,0.609964795569,0.514398967148,89.999998796,90.0000005327
0.675595406191,-0.658322458011,0.663651905524,-0.650667119359,0.609964795569,0.514398967148,89.999998796,90.0000005327
0.675481653163,-0.658094888625,0.663483210596,-0.650411859497,0.609964795569,0.514398967148,89.999998796,90.0000005327
0.675367834317,-0.657866772712,0.663314328266,-0.65015603555,0.609964795569,0.514398967148,89.999998796,90.0000005327
0.675253950499,-0.657638110316,0.66314525949,-0.649899647762,0.609964795569,0.514398967148,89.999998796,90.0000005327
0.675140002557,-0.657408901477,0.66297600523,-0.64964269637,0.609964795569,0.514398967148,89.999998796,90.0000005327
0.675025991336,-0.657179146243,0.662806566455,-0.649385181609,0.609964795569,0.514398967148,89.999998796,90.0000005327
0.674911917684,-0.656948844656,0.662636944118,-0.649127103729,0.609964795569,0.514398967148,89.999998796,90.0000005327
0.674797782443,-0.656717996767,0.662467139186,-0.648868462969,0.609964795569,0.514398967148,89.999998796,90.0000005327
0.67468358646,-0.65648660262,0.662297152626,-0.648609259568,0.609964795569,0.514398967148,89.999998796,90.0000005327
0.674569330577,-0.656254662269,0.662126985392,-0.648349493782,0.609964795569,0.514398967148,89.999998796,90.0000005327
0.67445501564,-0.656022175762,0.661956638453,-0.648089165852,0.609964795569,0.514398967148,89.999998796,90.0000005327
0.674340642488,-0.655789143155,0.661786112776,-0.647828276021,0.609964795569,0.514398967148,89.999998796,90.0000005327
0.674226211968,-0.655555564498,0.661615409316,-0.647566824549,0.609964795569,0.514398967148,89.999998796,90.0000005327
0.674111724917,-0.65532143985,0.661444529042,-0.647304811681,0.609964795569,0.514398967148,89.999998796,90.0000005327
0.673997182179,-0.655086769266,0.661273472923,-0.647042237666,0.609964795569,0.514398967148,89.999998796,90.0000005327
0.673882584593,-0.654851552804,0.661102241912,-0.646779102765,0.609964795569,0.514398967148,89.999998796,90.0000005327
0.673767933001,-0.654615790524,0.660930836981,-0.646515407229,0.609964795569,0.514398967148,89.999998796,90.0000005327
0.673653228243,-0.654379482482,0.660759259097,-0.646251151309,0.609964795569,0.514398967148,89.999998796,90.0000005327
0.673538471157,-0.654142628744,0.660587509217,-0.645986335273,0.609964795569,0.514398967148,89.999998796,90.0000005327
0.673423662583,-0.653905229371,0.660415588311,-0.645720959373,0.609964795569,0.514398967148,89.999998796,90.0000005327
0.673308803355,-0.653667284431,0.660243497347,-0.645455023867,0.609964795569,0.514398967148,89.999998796,90.0000005327
0.673193894312,-0.653428793986,0.660071237283,-0.645188529024,0.609964795569,0.514398967148,89.999998796,90.0000005327
0.673078936289,-0.653189758109,0.659898809089,-0.644921475101,0.609964795569,0.514398967148,89.999998796,90.0000005327
0.672963930122,-0.652950176864,0.659726213734,-0.64465386236,0.609964795569,0.514398967148,89.999998796,90.0000005327
0.672848876644,-0.652710050327,0.659553452176,-0.644385691074,0.609964795569,0.514398967148,89.999998796,90.0000005327
0.672733776691,-0.652469378564,0.659380525385,-0.644116961506,0.609964795569,0.514398967148,89.999998796,90.0000005327
0.672618631093,-0.652228161654,0.659207434331,-0.643847673917,0.609964795569,0.514398967148,89.999998796,90.0000005327
0.672503440687,-0.651986399667,0.659034179972,-0.643577828589,0.609964795569,0.514398967148,89.999998796,90.0000005327
0.672388206301,-0.651744092684,0.658860763279,-0.643307425785,0.609964795569,0.514398967148,89.999998796,90.0000005327
0.672272928769,-0.651501240776,0.658687185223,-0.643036465773,0.609964795569,0.514398967148,89.999998796,90.0000005327
0.672157608926,-0.651257844021,0.658513446761,-0.642764948835,0.609964795569,0.514398967148,89.999998796,90.0000005327
0.672042247597,-0.651013902502,0.658339548864,-0.642492875243,0.609964795569,0.514398967148,89.999998796,90.0000005327
0.671926845615,-0.650769416296,0.658165492505,-0.642220245265,0.609964795569,0.514398967148,89.999998796,90.0000005327
0.671811403805,-0.65052438549,0.657991278641,-0.641947059189,0.609964795569,0.514398967148,89.999998796,90.0000005327
0.671695922997,-0.650278810165,0.657816908241,-0.641673317289,0.609964795569,0.514398967148,89.999998796,90.0000005327
0.671580404015,-0.650032690411,0.657642382278,-0.64139901984,0.609964795569,0.514398967148,89.999998796,90.0000005327
0.671464847689,-0.649786026311,0.657467701714,-0.64112416713,0.609964795569,0.514398967148,89.999998796,90.0000005327
0.671349254839,-0.649538817956,0.657292867514,-0.64084875944,0.609964795569,0.514398967148,89.999998796,90.0000005327
0.671233626294,-0.649291065434,0.657117880651,-0.64057279705,0.609964795569,0.514398967148,89.999998796,90.0000005327
0.671117962877,-0.649042768835,0.656942742089,-0.640296280247,0.609964795569,0.514398967148,89.999998796,90.0000005327
0.671002265412,-0.648793928253,0.656767452793,-0.64001920932,0.609964795569,0.514398967148,89.999998796,90.0000005327
0.670886534724,-0.648544543775,0.656592013734,-0.639741584552,0.609964795569,0.514398967148,89.999998796,90.0000005327
0.670770771632,-0.648294615503,0.65641642588,-0.639463406232,0.609964795569,0.514398967148,89.999998796,90.0000005327
0.67065497696,-0.648044143527,0.656240690191,-0.639184674657,0.609964795569,0.514398967148,89.999998796,90.0000005327
0.670539151522,-0.647793127951,0.65606480764,-0.638905390112,0.609964795569,0.514398967148,89.999998796,90.0000005327
0.670423296144,-0.647541568869,0.655888779198,-0.638625552886,0.609964795569,0.514398967148,89.999998796,90.0000005327
0.670307411638,-0.647289466388,0.655712605824,-0.638345163283,0.609964795569,0.514398967148,89.999998796,90.0000005327
0.670191498825,-0.647036820603,0.655536288487,-0.638064221593,0.609964795569,0.514398967148,89.999998796,90.0000005327
0.670075558523,-0.64678363162,0.655359828162,-0.637782728109,0.609964795569,0.514398967148,89.999998796,90.0000005327
0.669959591546,-0.646529899543,0.655183225809,-0.637500683133,0.609964795569,0.514398967148,89.999998796,90.0000005327
0.669843598715,-0.646275624472,0.655006482394,-0.637218086967,0.609964795569,0.514398967148,89.999998796,90.0000005327
0.669727580838,-0.646020806521,0.654829598889,-0.636934939905,0.609964795569,0.514398967148,89.999998796,90.0000005327
0.669611538735,-0.645765445793,0.654652576261,-0.63665124225,0.609964795569,0.514398967148,89.999998796,90.0000005327
0.669495473211,-0.645509542403,0.65447541547,-0.636366994312,0.609964795569,0.514398967148,89.999998796,90.0000005327
0.669379385083,-0.645253096458,0.65429811749,-0.636082196388,0.609964795569,0.514398967148,89.999998796,90.0000005327
0.669263275157,-0.644996108077,0.654120683288,-0.635796848782,0.609964795569,0.514398967148,89.999998796,90.0000005327
0.669147144247,-0.644738577368,0.653943113826,-0.635510951809,0.609964795569,0.514398967148,89.999998796,90.0000005327
0.669030993167,-0.644480504443,0.653765410072,-0.635224505773,0.609964795569,0.514398967148,89.999998796,90.0000005327
0.66891482272,-0.644221889422,0.653587572998,-0.634937510979,0.609964795569,0.514398967148,89.999998796,90.0000005327
0.668798633717,-0.64396273242,0.653409603567,-0.634649967742,0.609964795569,0.514398967148,89.999998796,90.0000005327
0.66868242696,-0.643703033561,0.653231502741,-0.634361876378,0.609964795569,0.514398967148,89.999998796,90.0000005327
0.668566203259,-0.64344279296,0.653053271493,-0.634073237193,0.609964795569,0.514398967148,89.999998796,90.0000005327
0.668449963413,-0.643182010747,0.652874910789,-0.633784050501,0.609964795569,0.514398967148,89.999998796,90.0000005327
0.66833370823,-0.642920687039,0.652696421588,-0.633494316628,0.609964795569,0.514398967148,89.999998796,90.0000005327
0.668217438518,-0.642658821957,0.652517804861,-0.633204035883,0.609964795569,0.514398967148,89.999998796,90.0000005327
0.668101155072,-0.642396415632,0.652339061579,-0.632913208582,0.609964795569,0.514398967148,89.999998796,90.0000005327
0.667984858699,-0.642133468186,0.652160192701,-0.632621835049,0.609964795569,0.514398967148,89.999998796,90.0000005327
0.667868550193,-0.641869979754,0.651981199191,-0.632329915607,0.609964795569,0.514398967148,89.999998796,90.0000005327
0.667752230359,-0.64160595046,0.65180208202,-0.632037450573,0.609964795569,0.514398967148,89.999998796,90.0000005327
0.667635899988,-0.641341380442,0.651622842153,-0.631744440271,0.609964795569,0.514398967148,89.999998796,90.0000005327
0.667519559882,-0.641076269828,0.651443480549,-0.631450885032,0.609964795569,0.514398967148,89.999998796,90.0000005327
0.667403210843,-0.640810618746,0.651263998176,-0.631156785178,0.609964795569,0.514398967148,89.999998796,90.0000005327
0.66728685366,-0.640544427338,0.651084396005,-0.630862141031,0.609964795569,0.514398967148,89.999998796,90.0000005327
0.667170489132,-0.640277695736,0.650904674993,-0.630566952925,0.609964795569,0.514398967148,89.999998796,90.0000005327
0.667054118046,-0.640010424083,0.650724836104,-0.630271221193,0.609964795569,0.514398967148,89.999998796,90.0000005327
0.666937741199,-0.639742612514,0.650544880306,-0.62997494616,0.609964795569,0.514398967148,89.999998796,90.0000005327
0.666821359382,-0.639474261171,0.650364808565,-0.629678128157,0.609964795569,0.514398967148,89.999998796,90.0000005327
0.666704973384,-0.639205370196,0.650184621839,-0.629380767525,0.609964795569,0.514398967148,89.999998796,90.0000005327
0.666588584001,-0.638935939726,0.650004321091,-0.629082864596,0.609964795569,0.514398967148,89.999998796,90.0000005327
0.666472192014,-0.638665969913,0.649823907291,-0.628784419702,0.609964795569,0.514398967148,89.999998796,90.0000005327
0.666355798216,-0.638395460896,0.649643381399,-0.628485433181,0.609964795569,0.514398967148,89.999998796,90.0000005327
0.666239403386,-0.638124412831,0.649462744373,-0.62818590538,0.609964795569,0.514398967148,89.999998796,90.0000005327
0.666123008315,-0.637852825861,0.649281997179,-0.627885836632,0.609964795569,0.514398967148,89.999998796,90.0000005327
0.666006613791,-0.637580700128,0.649101140785,-0.627585227275,0.609964795569,0.514398967148,89.999998796,90.0000005327
0.665890220593,-0.637308035793,0.648920176146,-0.627284077655,0.609964795569,0.514398967148,89.999998796,90.0000005327
0.665773829507,-0.637034833,0.648739104223,-0.626982388121,0.609964795569,0.514398967148,89.999998796,90.0000005327
0.665657441307,-0.636761091913,0.64855792598,-0.626680159011,0.609964795569,0.514398967148,89.999998796,90.0000005327
0.665541056778,-0.636486812679,0.648376642382,-0.62637739067,0.609964795569,0.514398967148,89.999998796,90.0000005327
0.665424676702,-0.636211995453,0.648195254385,-0.626074083449,0.609964795569,0.514398967148,89.999998796,90.0000005327
0.665308301853,-0.635936640398,0.648013762948,-0.6257702377,0.609964795569,0.514398967148,89.999998796,90.0000005327
0.665191933013,-0.635660747664,0.647832169035,-0.625465853766,0.609964795569,0.514398967148,89.999998796,90.0000005327
0.66507557095,-0.635384317422,0.647650473608,-0.625160931999,0.609964795569,0.514398967148,89.999998796,90.0000005327
0.664959216446,-0.635107349825,0.647468677621,-0.624855472755,0.609964795569,0.514398967148,89.999998796,90.0000005327
0.664842870272,-0.634829845039,0.647286782034,-0.624549476389,0.609964795569,0.514398967148,89.999998796,90.0000005327
0.6647265332,-0.634551803228,0.64710478781,-0.624242943251,0.609964795569,0.514398967148,89.999998796,90.0000005327
0.664610206007,-0.634273224551,0.646922695907,-0.623935873696,0.609964795569,0.514398967148,89.999998796,90.0000005327
0.664493889455,-0.633994109184,0.646740507279,-0.623628268088,0.609964795569,0.514398967148,89.999998796,90.0000005327
0.664377584319,-0.633714457289,0.646558222885,-0.623320126784,0.609964795569,0.514398967148,89.999998796,90.0000005327
0.664261291367,-0.633434269036,0.646375843686,-0.623011450139,0.609964795569,0.514398967148,89.999998796,90.0000005327
0.664145011363,-0.633153544598,0.64619337064,-0.622702238515,0.609964795569,0.514398967148,89.999998796,90.0000005327
0.66402874508,-0.632872284139,0.646010804698,-0.62239249228,0.609964795569,0.514398967148,89.999998796,90.0000005327
0.663912493273,-0.632590487841,0.645828146817,-0.622082211796,0.609964795569,0.514398967148,89.999998796,90.0000005327
0.663796256713,-0.632308155873,0.645645397959,-0.621771397422,0.609964795569,0.514398967148,89.999998796,90.0000005327
0.663680036161,-0.632025288411,0.645462559078,-0.621460049526,0.609964795569,0.514398967148,89.999998796,90.0000005327
0.663563832376,-0.631741885635,0.645279631124,-0.62114816848,0.609964795569,0.514398967148,89.999998796,90.0000005327
0.663447646124,-0.631457947715,0.645096615053,-0.620835754652,0.609964795569,0.514398967148,89.999998796,90.0000005327
0.663331478156,-0.631173474842,0.644913511825,-0.620522808406,0.609964795569,0.514398967148,89.999998796,90.0000005327
0.663215329235,-0.630888467188,0.644730322392,-0.620209330115,0.609964795569,0.514398967148,89.999998796,90.0000005327
0.663099200118,-0.630602924937,0.644547047703,-0.619895320155,0.609964795569,0.514398967148,89.999998796,90.0000005327
0.662983091557,-0.630316848274,0.644363688711,-0.619580778899,0.609964795569,0.514398967148,89.999998796,90.0000005327
0.662867004313,-0.630030237378,0.644180246375,-0.619265706717,0.609964795569,0.514398967148,89.999998796,90.0000005327
0.662750939128,-0.629743092445,0.643996721646,-0.618950103985,0.609964795569,0.514398967148,89.999998796,90.0000005327
0.662634896762,-0.629455413655,0.643813115471,-0.618633971085,0.609964795569,0.514398967148,89.999998796,90.0000005327
0.662518877968,-0.629167201193,0.643629428801,-0.618317308396,0.609964795569,0.514398967148,89.999998796,90.0000005327
0.662402883488,-0.628878455256,0.643445662591,-0.618000116293,0.609964795569,0.514398967148,89.999998796,90.0000005327
0.662286914078,-0.628589176029,0.643261817792,-0.617682395155,0.609964795569,0.514398967148,89.999998796,90.0000005327
0.662170970474,-0.628299363712,0.643077895351,-0.617364145369,0.609964795569,0.514398967148,89.999998796,90.0000005327
0.662055053429,-0.628009018494,0.642893896213,-0.61704536732,0.609964795569,0.514398967148,89.999998796,90.0000005327
0.661939163693,-0.627718140563,0.642709821332,-0.616726061388,0.609964795569,0.514398967148,89.999998796,90.0000005327
0.661823301999,-0.627426730126,0.64252567166,-0.616406227956,0.609964795569,0.514398967148,89.999998796,90.0000005327
0.661707469095,-0.627134787372,0.64234144814,-0.616085867415,0.609964795569,0.514398967148,89.999998796,90.0000005327
0.661591665718,-0.626842312505,0.642157151714,-0.615764980156,0.609964795569,0.514398967148,89.999998796,90.0000005327
0.661475892608,-0.626549305724,0.641972783335,-0.615443566567,0.609964795569,0.514398967148,89.999998796,90.0000005327
0.661360150509,-0.626255767224,0.641788343952,-0.615121627031,0.609964795569,0.514398967148,89.999998796,90.0000005327
0.661244440148,-0.625961697218,0.641603834507,-0.614799161945,0.609964795569,0.514398967148,89.999998796,90.0000005327
0.661128762266,-0.625667095903,0.641419255942,-0.614476171705,0.609964795569,0.514398967148,89.999998796,90.0000005327
0.661013117601,-0.625371963481,0.641234609202,-0.614152656704,0.609964795569,0.514398967148,89.999998796,90.0000005327
0.660897506879,-0.625076300165,0.641049895236,-0.613828617333,0.609964795569,0.514398967148,89.999998796,90.0000005327
0.660781930837,-0.624780106157,0.640865114986,-0.613504053989,0.609964795569,0.514398967148,89.999998796,90.0000005327
0.660666390199,-0.624483381671,0.640680269392,-0.613178967074,0.609964795569,0.514398967148,89.999998796,90.0000005327
0.660550885698,-0.624186126915,0.640495359393,-0.612853356988,0.609964795569,0.514398967148,89.999998796,90.0000005327
0.660435418067,-0.623888342093,0.640310385935,-0.612527224128,0.609964795569,0.514398967148,89.999998796,90.0000005327
0.660319988022,-0.623590027429,0.640125349963,-0.612200568892,0.609964795569,0.514398967148,89.999998796,90.0000005327
0.660204596294,-0.62329118313,0.639940252412,-0.611873391685,0.609964795569,0.514398967148,89.999998796,90.0000005327
0.660089243608,-0.62299180941,0.639755094219,-0.611545692916,0.609964795569,0.514398967148,89.999998796,90.0000005327
0.659973930681,-0.62269190649,0.639569876325,-0.611217472987,0.609964795569,0.514398967148,89.999998796,90.0000005327
0.65985865824,-0.622391474582,0.639384599673,-0.6108887323,0.609964795569,0.514398967148,89.999998796,90.0000005327
0.659743426999,-0.622090513911,0.639199265199,-0.610559471264,0.609964795569,0.514398967148,89.999998796,90.0000005327
0.659628237677,-0.621789024695,0.639013873837,-0.61022969029,0.609964795569,0.514398967148,89.999998796,90.0000005327
0.659513090999,-0.621487007148,0.638828426521,-0.609899389791,0.609964795569,0.514398967148,89.999998796,90.0000005327
0.659397987669,-0.621184461504,0.638642924191,-0.609568570174,0.609964795569,0.514398967148,89.999998796,90.0000005327
0.659282928407,-0.62088138798,0.638457367786,-0.609237231846,0.609964795569,0.514398967148,89.999998796,90.0000005327
0.659167913928,-0.620577786798,0.638271758236,-0.608905375225,0.609964795569,0.514398967148,89.999998796,90.0000005327
0.659052944937,-0.620273658192,0.638086096473,-0.608573000729,0.609964795569,0.514398967148,89.999998796,90.0000005327
0.658938022151,-0.619969002383,0.63790038343,-0.608240108772,0.609964795569,0.514398967148,89.999998796,90.0000005327
0.658823146272,-0.619663819604,0.637714620042,-0.607906699768,0.609964795569,0.514398967148,89.999998796,90.0000005327
0.658708318009,-0.619358110086,0.637528807243,-0.607572774134,0.609964795569,0.514398967148,89.999998796,90.0000005327
0.658593538074,-0.619051874051,0.63734294596,-0.607238332292,0.609964795569,0.514398967148,89.999998796,90.0000005327
0.658478807158,-0.618745111745,0.637157037121,-0.606903374666,0.609964795569,0.514398967148,89.999998796,90.0000005327
0.658364125973,-0.618437823395,0.636971081655,-0.606567901676,0.609964795569,0.514398967148,89.999998796,90.0000005327
0.658249495225,-0.618130009229,0.636785080495,-0.606231913742,0.609964795569,0.514398967148,89.999998796,90.0000005327
0.658134915603,-0.617821669494,0.636599034568,-0.605895411289,0.609964795569,0.514398967148,89.999998796,90.0000005327
0.658020387813,-0.617512804421,0.636412944798,-0.605558394746,0.609964795569,0.514398967148,89.999998796,90.0000005327
0.657905912551,-0.617203414249,0.636226812108,-0.605220864542,0.609964795569,0.514398967148,89.999998796,90.0000005327
0.657791490508,-0.616893499222,0.636040637425,-0.604882821102,0.609964795569,0.514398967148,89.999998796,90.0000005327
0.657677122384,-0.616583059576,0.635854421679,-0.604544264852,0.609964795569,0.514398967148,89.999998796,90.0000005327
0.657562808867,-0.616272095557,0.63566816579,-0.604205196224,0.609964795569,0.514398967148,89.999998796,90.0000005327
0.657448550649,-0.615960607409,0.635481870679,-0.603865615652,0.609964795569,0.514398967148,89.999998796,90.0000005327
0.657334348426,-0.61564859537,0.635295537266,-0.603525523573,0.609964795569,0.514398967148,89.999998796,90.0000005327
0.657220202875,-0.615336059696,0.635109166474,-0.603184920416,0.609964795569,0.514398967148,89.999998796,90.0000005327
0.657106114688,-0.61502300063,0.634922759228,-0.602843806613,0.609964795569,0.514398967148,89.999998796,90.0000005327
0.656992084558,-0.614709418412,0.634736316445,-0.602502182602,0.609964795569,0.514398967148,89.999998796,90.0000005327
0.656878113155,-0.614395313306,0.634549839041,-0.602160048825,0.609964795569,0.514398967148,89.999998796,90.0000005327
0.65676420117,-0.614080685554,0.634363327932,-0.601817405721,0.609964795569,0.514398967148,89.999998796,90.0000005327
0.656650349285,-0.613765535406,0.634176784037,-0.601474253728,0.609964795569,0.514398967148,89.999998796,90.0000005327
0.656536558172,-0.613449863123,0.633990208276,-0.601130593283,0.609964795569,0.514398967148,89.999998796,90.0000005327
0.656422828514,-0.613133668954,0.633803601563,-0.600786424831,0.609964795569,0.514398967148,89.999998796,90.0000005327
0.656309160987,-0.612816953155,0.63361696481,-0.600441748816,0.609964795569,0.514398967148,89.999998796,90.0000005327
0.656195556261,-0.612499715987,0.633430298927,-0.600096565687,0.609964795569,0.514398967148,89.999998796,90.0000005327
0.656082015015,-0.612181957702,0.63324360483,-0.599750875887,0.609964795569,0.514398967148,89.999998796,90.0000005327
0.655968537917,-0.611863678564,0.633056883433,-0.599404679859,0.609964795569,0.514398967148,89.999998796,90.0000005327
0.655855125635,-0.611544878834,0.632870135647,-0.599057978052,0.609964795569,0.514398967148,89.999998796,90.0000005327
0.655741778844,-0.611225558767,0.632683362378,-0.598710770918,0.609964795569,0.514398967148,89.999998796,90.0000005327
0.655628498204,-0.610905718635,0.632496564535,-0.59836305891,0.609964795569,0.514398967148,89.999998796,90.0000005327
0.655515284381,-0.610585358699,0.632309743025,-0.598014842477,0.609964795569,0.514398967148,89.999998796,90.0000005327
0.655402138046,-0.610264479218,0.632122898759,-0.597666122071,0.609964795569,0.514398967148,89.999998796,90.0000005327
0.655289059851,-0.609943080469,0.631936032644,-0.597316898144,0.609964795569,0.514398967148,89.999998796,90.0000005327
0.65517605046,-0.609621162715,0.631749145583,-0.596967171153,0.609964795569,0.514398967148,89.999998796,90.0000005327
0.65506311054,-0.609298726219,0.631562238477,-0.596616941558,0.609964795569,0.514398967148,89.999998796,90.0000005327
0.654950240735,-0.608975771262,0.63137531223,-0.596266209816,0.609964795569,0.514398967148,89.999998796,90.0000005327
0.654837441707,-0.60865229811,0.631188367747,-0.595914976382,0.609964795569,0.514398967148,89.999998796,90.0000005327
0.654724714116,-0.60832830703,0.631001405931,-0.595563241714,0.609964795569,0.514398967148,89.999998796,90.0000005327
0.654612058604,-0.608003798306,0.63081442768,-0.595211006276,0.609964795569,0.514398967148,89.999998796,90.0000005327
0.654499475828,-0.607678772207,0.630627433893,-0.594858270531,0.609964795569,0.514398967148,89.999998796,90.0000005327
0.654386966439,-0.607353229006,0.630440425465,-0.594505034945,0.609964795569,0.514398967148,89.999998796,90.0000005327
0.654274531078,-0.607027168989,0.630253403296,-0.594151299979,0.609964795569,0.514398967148,89.999998796,90.0000005327
0.654162170395,-0.606700592428,0.630066368285,-0.593797066096,0.609964795569,0.514398967148,89.999998796,90.0000005327
0.654049885038,-0.606373499602,0.629879321328,-0.593442333764,0.609964795569,0.514398967148,89.999998796,90.0000005327
0.653937675641,-0.606045890798,0.629692263315,-0.593087103452,0.609964795569,0.514398967148,89.999998796,90.0000005327
0.653825542852,-0.605717766292,0.629505195139,-0.592731375631,0.609964795569,0.514398967148,89.999998796,90.0000005327
0.65371348731,-0.605389126368,0.629318117692,-0.592375150772,0.609964795569,0.514398967148,89.999998796,90.0000005327
0.653601509647,-0.605059971316,0.629131031867,-0.592018429343,0.609964795569,0.514398967148,89.999998796,90.0000005327
0.653489610506,-0.604730301415,0.628943938557,-0.591661211815,0.609964795569,0.514398967148,89.999998796,90.0000005327
0.653377790519,-0.604400116952,0.628756838649,-0.591303498662,0.609964795569,0.514398967148,89.999998796,90.0000005327
0.653266050315,-0.604069418221,0.628569733028,-0.590945290362,0.609964795569,0.514398967148,89.999998796,90.0000005327
0.653154390531,-0.603738205504,0.628382622582,-0.590586587392,0.609964795569,0.514398967148,89.999998796,90.0000005327
0.653042811794,-0.603406479094,0.628195508195,-0.590227390227,0.609964795569,0.514398967148,89.999998796,90.0000005327
0.652931314729,-0.603074239285,0.628008390757,-0.589867699344,0.609964795569,0.514398967148,89.999998796,90.0000005327
0.652819899967,-0.602741486366,0.62782127115,-0.58950751522,0.609964795569,0.514398967148,89.999998796,90.0000005327
0.65270856813,-0.60240822063,0.627634150255,-0.589146838338,0.609964795569,0.514398967148,89.999998796,90.0000005327
0.652597319837,-0.602074442378,0.627447028953,-0.588785669182,0.609964795569,0.514398967148,89.999998796,90.0000005327
0.652486155715,-0.601740151899,0.627259908123,-0.588424008234,0.609964795569,0.514398967148,89.999998796,90.0000005327
0.652375076382,-0.601405349492,0.627072788645,-0.588061855978,0.609964795569,0.514398967148,89.999998796,90.0000005327
0.65226408245,-0.60107003546,0.6268856714,-0.587699212895,0.609964795569,0.514398967148,89.999998796,90.0000005327
0.652153174541,-0.600734210097,0.626698557264,-0.587336079472,0.609964795569,0.514398967148,89.999998796,90.0000005327
0.652042353268,-0.600397873704,0.626511447112,-0.586972456197,0.609964795569,0.514398967148,89.999998796,90.0000005327
0.651931619239,-0.600061026589,0.626324341817,-0.586608343561,0.609964795569,0.514398967148,89.999998796,90.0000005327
0.65182097307,-0.599723669047,0.626137242252,-0.586243742053,0.609964795569,0.514398967148,89.999998796,90.0000005327
0.651710415368,-0.599385801385,0.625950149289,-0.585878652163,0.609964795569,0.514398967148,89.999998796,90.0000005327
0.651599946736,-0.599047423913,0.625763063803,-0.58551307438,0.609964795569,0.514398967148,89.999998796,90.0000005327
0.651489567786,-0.598708536931,0.625575986663,-0.585147009197,0.609964795569,0.514398967148,89.999998796,90.0000005327
0.651379279119,-0.598369140748,0.625388918737,-0.584780457108,0.609964795569,0.514398967148,89.999998796,90.0000005327
0.651269081332,-0.598029235677,0.625201860891,-0.584413418612,0.609964795569,0.514398967148,89.999998796,90.0000005327
0.651158975032,-0.597688822023,0.625014813989,-0.584045894203,0.609964795569,0.514398967148,89.999998796,90.0000005327
0.651048960817,-0.597347900097,0.624827778899,-0.58367788438,0.609964795569,0.514398967148,89.999998796,90.0000005327
0.650939039276,-0.597006470217,0.624640756487,-0.583309389637,0.609964795569,0.514398967148,89.999998796,90.0000005327
0.65082921101,-0.59666453269,0.624453747615,-0.582940410475,0.609964795569,0.514398967148,89.999998796,90.0000005327
0.650719476614,-0.596322087831,0.624266753143,-0.582570947394,0.609964795569,0.514398967148,89.999998796,90.0000005327
0.650609836672,-0.595979135961,0.624079773931,-0.582201000897,0.609964795569,0.514398967148,89.999998796,90.0000005327
0.650500291777,-0.595635677392,0.623892810836,-0.581830571489,0.609964795569,0.514398967148,89.999998796,90.0000005327
0.650390842521,-0.595291712439,0.623705864717,-0.581459659673,0.609964795569,0.514398967148,89.999998796,90.0000005327
0.65028148948,-0.59494724143,0.623518936432,-0.581088265952,0.609964795569,0.514398967148,89.999998796,90.0000005327
0.650172233244,-0.59460226468,0.623332026837,-0.580716390831,0.609964795569,0.514398967148,89.999998796,90.0000005327
0.650063074399,-0.594256782505,0.623145136785,-0.580344034817,0.609964795569,0.514398967148,89.999998796,90.0000005327
0.649954013516,-0.593910795239,0.622958267128,-0.579971198421,0.609964795569,0.514398967148,89.999998796,90.0000005327
0.649845051177,-0.593564303199,0.622771418717,-0.579597882153,0.609964795569,0.514398967148,89.999998796,90.0000005327
0.649736187965,-0.593217306705,0.622584592399,-0.579224086524,0.609964795569,0.514398967148,89.999998796,90.0000005327
0.649627424443,-0.592869806094,0.622397789027,-0.578849812043,0.609964795569,0.514398967148,89.999998796,90.0000005327
0.649518761188,-0.592521801689,0.622211009449,-0.578475059221,0.609964795569,0.514398967148,89.999998796,90.0000005327
0.649410198777,-0.592173293814,0.62202425451,-0.578099828574,0.609964795569,0.514398967148,89.999998796,90.0000005327
0.649301737769,-0.591824282806,0.621837525056,-0.577724120615,0.609964795569,0.514398967148,89.999998796,90.0000005327
0.649193378733,-0.591474768994,0.621650821928,-0.577347935863,0.609964795569,0.514398967148,89.999998796,90.0000005327
0.64908512224,-0.591124752705,0.621464145968,-0.576971274834,0.609964795569,0.514398967148,89.999998796,90.0000005327
0.648976968847,-0.590774234278,0.621277498016,-0.576594138048,0.609964795569,0.514398967148,89.999998796,90.0000005327
0.648868919115,-0.590423214048,0.621090878915,-0.576216526021,0.609964795569,0.514398967148,89.999998796,90.0000005327
0.648760973609,-0.590071692344,0.620904289502,-0.575838439271,0.609964795569,0.514398967148,89.999998796,90.0000005327
0.648653132882,-0.589719669508,0.620717730615,-0.575459878323,0.609964795569,0.514398967148,89.999998796,90.0000005327
0.648545397488,-0.589367145878,0.620531203088,-0.575080843697,0.609964795569,0.514398967148,89.999998796,90.0000005327
0.648437767985,-0.589014121789,0.620344707754,-0.57470133592,0.609964795569,0.514398967148,89.999998796,90.0000005327
0.648330244925,-0.588660597581,0.620158245445,-0.574321355516,0.609964795569,0.514398967148,89.999998796,90.0000005327
0.648222828851,-0.588306573601,0.619971816993,-0.573940903009,0.609964795569,0.514398967148,89.999998796,90.0000005327
0.648115520318,-0.587952050185,0.61978542323,-0.573559978925,0.609964795569,0.514398967148,89.999998796,90.0000005327
0.648008319873,-0.587597027675,0.619599064985,-0.573178583791,0.609964795569,0.514398967148,89.999998796,90.0000005327
0.647901228052,-0.587241506424,0.619412743083,-0.572796718137,0.609964795569,0.514398967148,89.999998796,90.0000005327
0.647794245403,-0.586885486772,0.61922645835,-0.572414382492,0.609964795569,0.514398967148,89.999998796,90.0000005327
0.64768737247,-0.58652896906,0.61904021161,-0.572031577389,0.609964795569,0.514398967148,89.999998796,90.0000005327
0.647580609784,-0.586171953645,0.618854003686,-0.571648303361,0.609964795569,0.514398967148,89.999998796,90.0000005327
0.647473957884,-0.585814440873,0.618667835398,-0.571264560938,0.609964795569,0.514398967148,89.999998796,90.0000005327
0.647367417309,-0.585456431088,0.618481707569,-0.570880350655,0.609964795569,0.514398967148,89.999998796,90.0000005327
0.647260988587,-0.585097924647,0.618295621017,-0.570495673045,0.609964795569,0.514398967148,89.999998796,90.0000005327
0.647154672247,-0.584738921904,0.618109576559,-0.570110528646,0.609964795569,0.514398967148,89.999998796,90.0000005327
0.647048468824,-0.584379423204,0.61792357501,-0.569724917995,0.609964795569,0.514398967148,89.999998796,90.0000005327
0.646942378842,-0.584019428907,0.617737617184,-0.569338841631,0.609964795569,0.514398967148,89.999998796,90.0000005327
0.646836402821,-0.583658939371,0.617551703893,-0.568952300093,0.609964795569,0.514398967148,89.999998796,90.0000005327
0.646730541291,-0.583297954947,0.617365835949,-0.568565293923,0.609964795569,0.514398967148,89.999998796,90.0000005327
0.646624794772,-0.582936475992,0.617180014162,-0.56817782366,0.609964795569,0.514398967148,89.999998796,90.0000005327
0.646519163777,-0.582574502871,0.616994239342,-0.567789889845,0.609964795569,0.514398967148,89.999998796,90.0000005327
0.646413648827,-0.58221203594,0.616808512295,-0.567401493022,0.609964795569,0.514398967148,89.999998796,90.0000005327
0.646308250442,-0.581849075555,0.616622833826,-0.567012633737,0.609964795569,0.514398967148,89.999998796,90.0000005327
0.646202969126,-0.581485622086,0.616437204737,-0.566623312536,0.609964795569,0.514398967148,89.999998796,90.0000005327
0.646097805394,-0.581121675893,0.616251625832,-0.566233529966,0.609964795569,0.514398967148,89.999998796,90.0000005327
0.64599275976,-0.580757237335,0.61606609791,-0.565843286574,0.609964795569,0.514398967148,89.999998796,90.0000005327
0.645887832725,-0.580392306784,0.615880621773,-0.565452582907,0.609964795569,0.514398967148,89.999998796,90.0000005327
0.645783024794,-0.580026884605,0.615695198218,-0.565061419515,0.609964795569,0.514398967148,89.999998796,90.0000005327
0.645678336474,-0.579660971161,0.615509828042,-0.564669796949,0.609964795569,0.514398967148,89.999998796,90.0000005327
0.645573768266,-0.579294566823,0.615324512039,-0.564277715759,0.609964795569,0.514398967148,89.999998796,90.0000005327
0.645469320664,-0.578927671964,0.615139251001,-0.563885176501,0.609964795569,0.514398967148,89.999998796,90.0000005327
0.645364994169,-0.57856028695,0.61495404572,-0.563492179727,0.609964795569,0.514398967148,89.999998796,90.0000005327
0.64526078928,-0.57819241215,0.614768896986,-0.563098725993,0.609964795569,0.514398967148,89.999998796,90.0000005327
0.645156706481,-0.577824047945,0.614583805588,-0.562704815853,0.609964795569,0.514398967148,89.999998796,90.0000005327
0.645052746268,-0.577455194704,0.614398772313,-0.562310449865,0.609964795569,0.514398967148,89.999998796,90.0000005327
0.644948909135,-0.577085852798,0.614213797947,-0.561915628585,0.609964795569,0.514398967148,89.999998796,90.0000005327
0.644845195563,-0.576716022607,0.614028883273,-0.561520352571,0.609964795569,0.514398967148,89.999998796,90.0000005327
0.644741606036,-0.57634570451,0.613844029074,-0.561124622386,0.609964795569,0.514398967148,89.999998796,90.0000005327
0.644638141044,-0.575974898879,0.613659236129,-0.560728438588,0.609964795569,0.514398967148,89.999998796,90.0000005327
0.644534801063,-0.575603606095,0.613474505218,-0.560331801741,0.609964795569,0.514398967148,89.999998796,90.0000005327
0.64443158657,-0.575231826543,0.613289837117,-0.559934712408,0.609964795569,0.514398967148,89.999998796,90.0000005327
0.644328498046,-0.574859560599,0.613105232603,-0.559537171151,0.609964795569,0.514398967148,89.999998796,90.0000005327
0.644225535967,-0.574486808643,0.612920692451,-0.559139178535,0.609964795569,0.514398967148,89.999998796,90.0000005327
0.6441227008,-0.574113571066,0.612736217433,-0.558740735125,0.609964795569,0.514398967148,89.999998796,90.0000005327
0.644019993019,-0.573739848247,0.61255180832,-0.558341841488,0.609964795569,0.514398967148,89.999998796,90.0000005327
0.643917413098,-0.573365640568,0.612367465881,-0.557942498192,0.609964795569,0.514398967148,89.999998796,90.0000005327
0.643814961498,-0.572990948421,0.612183190884,-0.557542705806,0.609964795569,0.514398967148,89.999998796,90.0000005327
0.643712638682,-0.572615772194,0.611998984094,-0.5571424649,0.609964795569,0.514398967148,89.999998796,90.0000005327
0.643610445118,-0.572240112269,0.611814846275,-0.556741776045,0.609964795569,0.514398967148,89.999998796,90.0000005327
0.643508381266,-0.571863969039,0.611630778191,-0.556340639812,0.609964795569,0.514398967148,89.999998796,90.0000005327
0.643406447578,-0.571487342898,0.611446780603,-0.555939056773,0.609964795569,0.514398967148,89.999998796,90.0000005327
0.643304644517,-0.571110234233,0.611262854271,-0.555537027502,0.609964795569,0.514398967148,89.999998796,90.0000005327
0.643202972538,-0.570732643435,0.611078999953,-0.555134552572,0.609964795569,0.514398967148,89.999998796,90.0000005327
0.643101432088,-0.570354570902,0.610895218403,-0.55473163256,0.609964795569,0.514398967148,89.999998796,90.0000005327
0.64300002362,-0.569976017029,0.610711510377,-0.554328268043,0.609964795569,0.514398967148,89.999998796,90.0000005327
0.642898747585,-0.569596982205,0.610527876627,-0.553924459598,0.609964795569,0.514398967148,89.999998796,90.0000005327
0.642797604426,-0.569217466831,0.610344317904,-0.553520207804,0.609964795569,0.514398967148,89.999998796,90.0000005327
0.642696594585,-0.568837471307,0.610160834956,-0.553115513239,0.609964795569,0.514398967148,89.999998796,90.0000005327
0.642595718508,-0.568456996028,0.609977428533,-0.552710376484,0.609964795569,0.514398967148,89.999998796,90.0000005327
0.642494976635,-0.568076041392,0.609794099381,-0.55230479812,0.609964795569,0.514398967148,89.999998796,90.0000005327
0.642394369399,-0.567694607807,0.609610848243,-0.551898778729,0.609964795569,0.514398967148,89.999998796,90.0000005327
0.642293897239,-0.567312695669,0.609427675862,-0.551492318894,0.609964795569,0.514398967148,89.999998796,90.0000005327
0.642193560591,-0.566930305379,0.609244582978,-0.551085419199,0.609964795569,0.514398967148,89.999998796,90.0000005327
0.642093359883,-0.566547437344,0.60906157033,-0.550678080231,0.609964795569,0.514398967148,89.999998796,90.0000005327
0.641993295543,-0.56616409197,0.608878638656,-0.550270302574,0.609964795569,0.514398967148,89.999998796,90.0000005327
0.641893368002,-0.565780269659,0.608695788691,-0.549862086816,0.609964795569,0.514398967148,89.999998796,90.0000005327
0.641793577685,-0.565395970818,0.608513021168,-0.549453433544,0.609964795569,0.514398967148,89.999998796,90.0000005327
0.64169392501,-0.565011195861,0.608330336822,-0.549044343348,0.609964795569,0.514398967148,89.999998796,90.0000005327
0.641594410402,-0.564625945191,0.608147736381,-0.548634816816,0.609964795569,0.514398967148,89.999998796,90.0000005327
0.641495034283,-0.564240219215,0.607965220574,-0.548224854539,0.609964795569,0.514398967148,89.999998796,90.0000005327
0.641395797064,-0.563854018348,0.607782790128,-0.547814457109,0.609964795569,0.514398967148,89.999998796,90.0000005327
0.641296699161,-0.563467343004,0.607600445768,-0.547403625119,0.609964795569,0.514398967148,89.999998796,90.0000005327
0.641197740988,-0.56308019359,0.607418188217,-0.546992359162,0.609964795569,0.514398967148,89.999998796,90.0000005327
0.641098922956,-0.562692570521,0.607236018196,-0.546580659833,0.609964795569,0.514398967148,89.999998796,90.0000005327
0.641000245469,-0.562304474217,0.607053936425,-0.546168527727,0.609964795569,0.514398967148,89.999998796,90.0000005327
0.640901708936,-0.56191590509,0.606871943622,-0.545755963439,0.609964795569,0.514398967148,89.999998796,90.0000005327
0.640803313763,-0.561526863552,0.606690040504,-0.545342967568,0.609964795569,0.514398967148,89.999998796,90.0000005327
0.640705060349,-0.561137350026,0.606508227784,-0.54492954071,0.609964795569,0.514398967148,89.999998796,90.0000005327
0.640606949093,-0.560747364932,0.606326506176,-0.544515683464,0.609964795569,0.514398967148,89.999998796,90.0000005327
0.640508980396,-0.560356908685,0.606144876389,-0.544101396431,0.609964795569,0.514398967148,89.999998796,90.0000005327
0.640411154652,-0.559965981706,0.605963339134,-0.543686680212,0.609964795569,0.514398967148,89.999998796,90.0000005327
0.640313472251,-0.559574584422,0.605781895115,-0.543271535408,0.609964795569,0.514398967148,89.999998796,90.0000005327
0.640215933586,-0.559182717251,0.60560054504,-0.542855962621,0.609964795569,0.514398967148,89.999998796,90.0000005327
0.64011853905,-0.558790380614,0.605419289611,-0.542439962455,0.609964795569,0.514398967148,89.999998796,90.0000005327
0.640021289026,-0.55839757494,0.60523812953,-0.542023535514,0.609964795569,0.514398967148,89.999998796,90.0000005327
0.639924183898,-0.558004300654,0.605057065497,-0.541606682403,0.609964795569,0.514398967148,89.999998796,90.0000005327
0.639827224051,-0.557610558179,0.60487609821,-0.541189403729,0.609964795569,0.514398967148,89.999998796,90.0000005327
0.639730409866,-0.557216347944,0.604695228364,-0.540771700098,0.609964795569,0.514398967148,89.999998796,90.0000005327
0.639633741717,-0.55682167038,0.604514456655,-0.540353572118,0.609964795569,0.514398967148,89.999998796,90.0000005327
0.639537219982,-0.556426525915,0.604333783774,-0.539935020397,0.609964795569,0.514398967148,89.999998796,90.0000005327
0.639440845039,-0.556030914974,0.604153210412,-0.539516045546,0.609964795569,0.514398967148,89.999998796,90.0000005327
0.639344617255,-0.555634837993,0.603972737258,-0.539096648175,0.609964795569,0.514398967148,89.999998796,90.0000005327
0.639248537,-0.555238295406,0.603792364998,-0.538676828895,0.609964795569,0.514398967148,89.999998796,90.0000005327
0.639152604643,-0.554841287641,0.603612094318,-0.538256588318,0.609964795569,0.514398967148,89.999998796,90.0000005327
0.639056820551,-0.554443815133,0.6034319259,-0.537835927057,0.609964795569,0.514398967148,89.999998796,90.0000005327
0.638961185083,-0.554045878321,0.603251860425,-0.537414845727,0.609964795569,0.514398967148,89.999998796,90.0000005327
0.638865698601,-0.553647477637,0.603071898573,-0.536993344941,0.609964795569,0.514398967148,89.999998796,90.0000005327
0.638770361467,-0.553248613517,0.602892041022,-0.536571425316,0.609964795569,0.514398967148,89.999998796,90.0000005327
0.638675174035,-0.552849286401,0.602712288447,-0.536149087468,0.609964795569,0.514398967148,89.999998796,90.0000005327
0.638580136658,-0.552449496729,0.602532641521,-0.535726332014,0.609964795569,0.514398967148,89.999998796,90.0000005327
0.638485249691,-0.552049244937,0.602353100916,-0.535303159573,0.609964795569,0.514398967148,89.999998796,90.0000005327
0.638390513485,-0.551648531466,0.602173667302,-0.534879570762,0.609964795569,0.514398967148,89.999998796,90.0000005327
0.638295928385,-0.55124735676,0.601994341348,-0.534455566203,0.609964795569,0.514398967148,89.999998796,90.0000005327
0.638201494737,-0.550845721261,0.601815123718,-0.534031146515,0.609964795569,0.514398967148,89.999998796,90.0000005327
0.638107212887,-0.550443625408,0.601636015078,-0.533606312321,0.609964795569,0.514398967148,89.999998796,90.0000005327
0.638013083175,-0.550041069649,0.601457016088,-0.533181064243,0.609964795569,0.514398967148,89.999998796,90.0000005327
0.637919105938,-0.549638054431,0.60127812741,-0.532755402904,0.609964795569,0.514398967148,89.999998796,90.0000005327
0.637825281515,-0.549234580197,0.601099349702,-0.532329328927,0.609964795569,0.514398967148,89.999998796,90.0000005327
0.637731610244,-0.548830647392,0.600920683619,-0.531902842939,0.609964795569,0.514398967148,89.999998796,90.0000005327
0.637638092453,-0.548426256467,0.600742129817,-0.531475945563,0.609964795569,0.514398967148,89.999998796,90.0000005327
0.637544728474,-0.548021407872,0.600563688949,-0.531048637427,0.609964795569,0.514398967148,89.999998796,90.0000005327
0.637451518635,-0.547616102053,0.600385361665,-0.530620919157,0.609964795569,0.514398967148,89.999998796,90.0000005327
0.637358463265,-0.547210339461,0.600207148613,-0.530192791382,0.609964795569,0.514398967148,89.999998796,90.0000005327
0.637265562683,-0.546804120551,0.60002905044,-0.52976425473,0.609964795569,0.514398967148,89.999998796,90.0000005327
0.637172817213,-0.546397445774,0.599851067791,-0.529335309832,0.609964795569,0.514398967148,89.999998796,90.0000005327
0.637080227176,-0.54599031558,0.599673201309,-0.528905957318,0.609964795569,0.514398967148,89.999998796,90.0000005327
0.636987792889,-0.545582730425,0.599495451633,-0.52847619782,0.609964795569,0.514398967148,89.999998796,90.0000005327
0.636895514664,-0.545174690767,0.599317819404,-0.528046031968,0.609964795569,0.514398967148,89.999998796,90.0000005327
0.636803392817,-0.544766197059,0.599140305257,-0.527615460397,0.609964795569,0.514398967148,89.999998796,90.0000005327
0.636711427659,-0.544357249757,0.598962909829,-0.527184483739,0.609964795569,0.514398967148,89.999998796,90.0000005327
0.636619619497,-0.54394784932,0.598785633751,-0.526753102629,0.609964795569,0.514398967148,89.999998796,90.0000005327
0.636527968637,-0.543537996209,0.598608477656,-0.526321317702,0.609964795569,0.514398967148,89.999998796,90.0000005327
0.636436475385,-0.543127690879,0.598431442173,-0.525889129594,0.609964795569,0.514398967148,89.999998796,90.0000005327
0.636345140042,-0.542716933792,0.598254527927,-0.52545653894,0.609964795569,0.514398967148,89.999998796,90.0000005327
0.636253962907,-0.542305725412,0.598077735545,-0.525023546381,0.609964795569,0.514398967148,89.999998796,90.0000005327
0.636162944278,-0.541894066199,0.597901065647,-0.524590152553,0.609964795569,0.514398967148,89.999998796,90.0000005327
0.636072084453,-0.541481956614,0.597724518857,-0.524156358096,0.609964795569,0.514398967148,89.999998796,90.0000005327
0.635981383723,-0.541069397123,0.597548095792,-0.523722163651,0.609964795569,0.514398967148,89.999998796,90.0000005327
0.635890842377,-0.540656388192,0.59737179707,-0.523287569856,0.609964795569,0.514398967148,89.999998796,90.0000005327
0.635800460706,-0.540242930284,0.597195623305,-0.522852577353,0.609964795569,0.514398967148,89.999998796,90.0000005327
0.635710238998,-0.539829023865,0.597019575113,-0.522417186785,0.609964795569,0.514398967148,89.999998796,90.0000005327
0.635620177535,-0.539414669405,0.596843653102,-0.521981398793,0.609964795569,0.514398967148,89.999998796,90.0000005327
0.635530276599,-0.538999867372,0.596667857883,-0.521545214022,0.609964795569,0.514398967148,89.999998796,90.0000005327
0.635440536472,-0.538584618233,0.596492190063,-0.521108633114,0.609964795569,0.514398967148,89.999998796,90.0000005327
0.635350957432,-0.538168922458,0.596316650246,-0.520671656717,0.609964795569,0.514398967148,89.999998796,90.0000005327
0.635261539751,-0.53775278052,0.596141239034,-0.520234285475,0.609964795569,0.514398967148,89.999998796,90.0000005327
0.635172283704,-0.537336192889,0.595965957029,-0.519796520036,0.609964795569,0.514398967148,89.999998796,90.0000005327
0.635083189565,-0.536919160036,0.595790804828,-0.519358361048,0.609964795569,0.514398967148,89.999998796,90.0000005327
0.634994257601,-0.536501682436,0.595615783031,-0.518919809157,0.609964795569,0.514398967148,89.999998796,90.0000005327
0.634905488076,-0.536083760565,0.59544089223,-0.518480865012,0.609964795569,0.514398967148,89.999998796,90.0000005327
0.634816881259,-0.535665394894,0.59526613302,-0.518041529262,0.609964795569,0.514398967148,89.999998796,90.0000005327
0.63472843741,-0.5352465859,0.595091505991,-0.517601802557,0.609964795569,0.514398967148,89.999998796,90.0000005327
0.63464015679,-0.534827334061,0.594917011732,-0.517161685548,0.609964795569,0.514398967148,89.999998796,90.0000005327
0.634552039656,-0.534407639854,0.594742650829,-0.516721178886,0.609964795569,0.514398967148,89.999998796,90.0000005327
0.634464086264,-0.533987503756,0.594568423869,-0.516280283223,0.609964795569,0.514398967148,89.999998796,90.0000005327
0.634376296869,-0.533566926246,0.594394331432,-0.515838999213,0.609964795569,0.514398967148,89.999998796,90.0000005327
0.63428867172,-0.533145907806,0.594220374099,-0.51539732751,0.609964795569,0.514398967148,89.999998796,90.0000005327
0.634201211067,-0.532724448916,0.594046552447,-0.514955268768,0.609964795569,0.514398967148,89.999998796,90.0000005327
0.634113915159,-0.532302550055,0.593872867054,-0.514512823643,0.609964795569,0.514398967148,89.999998796,90.0000005327
0.634026784238,-0.531880211708,0.593699318494,-0.514069992789,0.609964795569,0.514398967148,89.999998796,90.0000005327
0.633939818546,-0.531457434358,0.593525907339,-0.513626776863,0.609964795569,0.514398967148,89.999998796,90.0000005327
0.633853018326,-0.531034218489,0.59335263416,-0.513183176521,0.609964795569,0.514398967148,89.999998796,90.0000005327
0.633766383815,-0.530610564584,0.593179499525,-0.512739192422,0.609964795569,0.514398967148,89.999998796,90.0000005327
0.633679915249,-0.53018647313,0.593006504,-0.512294825222,0.609964795569,0.514398967148,89.999998796,90.0000005327
0.633593612861,-0.529761944614,0.59283364815,-0.511850075582,0.609964795569,0.514398967148,89.999998796,90.0000005327
0.633507476883,-0.529336979522,0.592660932538,-0.511404944159,0.609964795569,0.514398967148,89.999998796,90.0000005327
0.633421507545,-0.528911578341,0.592488357721,-0.510959431616,0.609964795569,0.514398967148,89.999998796,90.0000005327
0.633335705072,-0.528485741563,0.592315924257,-0.510513538615,0.609964795569,0.514398967148,89.999998796,90.0000005327
0.633250069691,-0.528059469675,0.592143632702,-0.510067265816,0.609964795569,0.514398967148,89.999998796,90.0000005327
0.633164601624,-0.527632763167,0.591971483609,-0.509620613883,0.609964795569,0.514398967148,89.999998796,90.0000005327
0.633079301093,-0.527205622532,0.59179947753,-0.509173583478,0.609964795569,0.514398967148,89.999998796,90.0000005327
0.632994168313,-0.526778048261,0.591627615014,-0.508726175265,0.609964795569,0.514398967148,89.999998796,90.0000005327
0.632909203502,-0.526350040847,0.591455896611,-0.508278389907,0.609964795569,0.514398967148,89.999998796,90.0000005327
0.632824406874,-0.525921600783,0.591284322863,-0.507830228069,0.609964795569,0.514398967148,89.999998796,90.0000005327
0.632739778642,-0.525492728563,0.591112894317,-0.507381690415,0.609964795569,0.514398967148,89.999998796,90.0000005327
0.632655319012,-0.525063424683,0.590941611512,-0.506932777613,0.609964795569,0.514398967148,89.999998796,90.0000005327
0.632571028194,-0.524633689639,0.590770474987,-0.506483490328,0.609964795569,0.514398967148,89.999998796,90.0000005327
0.632486906394,-0.524203523925,0.590599485281,-0.506033829228,0.609964795569,0.514398967148,89.999998796,90.0000005327
0.632402953812,-0.523772928041,0.590428642926,-0.505583794982,0.609964795569,0.514398967148,89.999998796,90.0000005327
0.632319170651,-0.523341902485,0.590257948454,-0.505133388259,0.609964795569,0.514398967148,89.999998796,90.0000005327
0.632235557108,-0.522910447754,0.590087402396,-0.504682609729,0.609964795569,0.514398967148,89.999998796,90.0000005327
0.632152113381,-0.522478564349,0.589917005281,-0.504231460061,0.609964795569,0.514398967148,89.999998796,90.0000005327
0.632068839663,-0.52204625277,0.589746757636,-0.503779939924,0.609964795569,0.514398967148,89.999998796,90.0000005327
0.631985736146,-0.521613513519,0.589576659984,-0.50332804999,0.609964795569,0.514398967148,89.999998796,90.0000005327
0.631902803021,-0.521180347096,0.58940671285,-0.502875790931,0.609964795569,0.514398967148,89.999998796,90.0000005327
0.631820040474,-0.520746754004,0.589236916751,-0.502423163416,0.609964795569,0.514398967148,89.999998796,90.0000005327
0.631737448691,-0.520312734749,0.589067272208,-0.50197016812,0.609964795569,0.514398967148,89.999998796,90.0000005327
0.631655027855,-0.519878289832,0.588897779737,-0.501516805715,0.609964795569,0.514398967148,89.999998796,90.0000005327
0.631572778149,-0.519443419758,0.58872843985,-0.501063076874,0.609964795569,0.514398967148,89.999998796,90.0000005327
0.631490699749,-0.519008125034,0.588559253059,-0.500608982273,0.609964795569,0.514398967148,89.999998796,90.0000005327
0.631408792833,-0.518572406166,0.588390219873,-0.500154522589,0.609964795569,0.514398967148,89.999998796,90.0000005327
0.631327057576,-0.518136263661,0.588221340798,-0.499699698496,0.609964795569,0.514398967148,89.999998796,90.0000005327
0.63124549415,-0.517699698026,0.58805261634,-0.499244510672,0.609964795569,0.514398967148,89.999998796,90.0000005327
0.631164102725,-0.51726270977,0.587884047002,-0.498788959792,0.609964795569,0.514398967148,89.999998796,90.0000005327
0.631082883468,-0.516825299402,0.587715633286,-0.498333046533,0.609964795569,0.514398967148,89.999998796,90.0000005327
0.631001836547,-0.516387467432,0.58754737569,-0.497876771573,0.609964795569,0.514398967148,89.999998796,90.0000005327
0.630920962124,-0.515949214371,0.587379274713,-0.49742013559,0.609964795569,0.514398967148,89.999998796,90.0000005327
0.630840260361,-0.515510540729,0.587211330848,-0.496963139261,0.609964795569,0.514398967148,89.999998796,90.0000005327
0.630759731417,-0.51507144702,0.587043544589,-0.496505783267,0.609964795569,0.514398967148,89.999998796,90.0000005327
0.630679375449,-0.514631933755,0.586875916426,-0.496048068286,0.609964795569,0.514398967148,89.999998796,90.0000005327
0.630599192613,-0.514192001449,0.586708446848,-0.495589994999,0.609964795569,0.514398967148,89.999998796,90.0000005327
0.63051918306,-0.513751650615,0.586541136339,-0.495131564088,0.609964795569,0.514398967148,89.999998796,90.0000005327
0.630439346943,-0.513310881769,0.586373985383,-0.494672776236,0.609964795569,0.514398967148,89.999998796,90.0000005327
0.630359684408,-0.512869695425,0.586206994462,-0.494213632125,0.609964795569,0.514398967148,89.999998796,90.0000005327
0.630280195603,-0.5124280921,0.586040164055,-0.493754132438,0.609964795569,0.514398967148,89.999998796,90.0000005327
0.630200880672,-0.511986072311,0.585873494639,-0.493294277856,0.609964795569,0.514398967148,89.999998796,90.0000005327
0.630121739756,-0.511543636576,0.585706986692,-0.492834069063,0.609964795569,0.514398967148,89.999998796,90.0000005327
0.630042772995,-0.511100785412,0.585540640687,-0.492373506742,0.609964795569,0.514398967148,89.999998796,90.0000005327
0.629963980528,-0.51065751934,0.585374457095,-0.491912591578,0.609964795569,0.514398967148,89.999998796,90.0000005327
0.62988536249,-0.510213838878,0.585208436386,-0.491451324255,0.609964795569,0.514398967148,89.999998796,90.0000005327
0.629806919013,-0.509769744546,0.585042579026,-0.490989705458,0.609964795569,0.514398967148,89.999998796,90.0000005327
0.62972865023,-0.509325236867,0.584876885481,-0.490527735873,0.609964795569,0.514398967148,89.999998796,90.0000005327
0.629650556269,-0.508880316362,0.584711356215,-0.490065416185,0.609964795569,0.514398967148,89.999998796,90.0000005327
0.629572637257,-0.508434983552,0.584545991686,-0.489602747084,0.609964795569,0.514398967148,89.999998796,90.0000005327
0.629494893319,-0.507989238961,0.58438079235,-0.489139729257,0.609964795569,0.514398967148,89.999998796,90.0000005327
0.629417324579,-0.507543083113,0.584215758665,-0.488676363394,0.609964795569,0.514398967148,89.999998796,90.0000005327
0.629339931155,-0.507096516531,0.584050891084,-0.488212650181,0.609964795569,0.514398967148,89.999998796,90.0000005327
0.629262713167,-0.506649539741,0.583886190061,-0.487748590308,0.609964795569,0.514398967148,89.999998796,90.0000005327
0.629185670731,-0.50620215327,0.583721656044,-0.487284184462,0.609964795569,0.514398967148,89.999998796,90.0000005327
0.629108803961,-0.505754357642,0.583557289484,-0.486819433332,0.609964795569,0.514398967148,89.999998796,90.0000005327
0.62903211297,-0.505306153384,0.583393090824,-0.486354337609,0.609964795569,0.514398967148,89.999998796,90.0000005327
0.628955597866,-0.504857541025,0.583229060509,-0.485888897982,0.609964795569,0.514398967148,89.999998796,90.0000005327
0.628879258758,-0.504408521093,0.583065198981,-0.485423115142,0.609964795569,0.514398967148,89.999998796,90.0000005327
0.628803095751,-0.503959094116,0.58290150668,-0.484956989779,0.609964795569,0.514398967148,89.999998796,90.0000005327
0.628727108949,-0.503509260623,0.582737984041,-0.484490522585,0.609964795569,0.514398967148,89.999998796,90.0000005327
0.628651298454,-0.503059021146,0.5825746315,-0.484023714254,0.609964795569,0.514398967148,89.999998796,90.0000005327
0.628575664363,-0.502608376215,0.582411449485,-0.483556565481,0.609964795569,0.514398967148,89.999998796,90.0000005327
0.628500206776,-0.502157326361,0.58224843843,-0.483089076958,0.609964795569,0.514398967148,89.999998796,90.0000005327
0.628424925786,-0.501705872115,0.582085598762,-0.482621249377,0.609964795569,0.514398967148,89.999998796,90.0000005327
0.628349821487,-0.501254014012,0.581922930907,-0.482153083433,0.609964795569,0.514398967148,89.999998796,90.0000005327
0.628274893969,-0.500801752584,0.581760435291,-0.481684579819,0.609964795569,0.514398967148,89.999998796,90.0000005327
0.628200143321,-0.500349088364,0.581598112337,-0.481215739228,0.609964795569,0.514398967148,89.999998796,90.0000005327
0.628125569631,-0.499896021887,0.581435962463,-0.480746562356,0.609964795569,0.514398967148,89.999998796,90.0000005327
0.628051172981,-0.499442553689,0.581273986088,-0.480277049897,0.609964795569,0.514398967148,89.999998796,90.0000005327
0.627976953455,-0.498988684306,0.581112183629,-0.479807202546,0.609964795569,0.514398967148,89.999998796,90.0000005327
0.627902911134,-0.498534414272,0.5809505555,-0.479337020999,0.609964795569,0.514398967148,89.999998796,90.0000005327
0.627829046095,-0.498079744125,0.580789102111,-0.478866505951,0.609964795569,0.514398967148,89.999998796,90.0000005327
0.627755358415,-0.497624674403,0.58062782387,-0.478395658102,0.609964795569,0.514398967148,89.999998796,90.0000005327
0.627681848167,-0.497169205644,0.580466721182,-0.477924478151,0.609964795569,0.514398967148,89.999998796,90.0000005327
0.627608515424,-0.496713338385,0.580305794453,-0.477452966795,0.609964795569,0.514398967148,89.999998796,90.0000005327
0.627535360257,-0.496257073167,0.580145044086,-0.476981124731,0.609964795569,0.514398967148,89.999998796,90.0000005327
0.627462382731,-0.49580041053,0.579984470481,-0.476508952657,0.609964795569,0.514398967148,89.999998796,90.0000005327
0.627389582913,-0.495343351014,0.579824074039,-0.476036451271,0.609964795569,0.514398967148,89.999998796,90.0000005327
0.627316960868,-0.494885895158,0.579663855155,-0.475563621271,0.609964795569,0.514398967148,89.999998796,90.0000005327
0.627244516657,-0.494428043505,0.579503814224,-0.475090463355,0.609964795569,0.514398967148,89.999998796,90.0000005327
0.627172250338,-0.493969796599,0.579343951638,-0.474616978223,0.609964795569,0.514398967148,89.999998796,90.0000005327
0.62710016197,-0.493511154981,0.579184267789,-0.474143166574,0.609964795569,0.514398967148,89.999998796,90.0000005327
0.62702825161,-0.493052119193,0.579024763065,-0.473669029106,0.609964795569,0.514398967148,89.999998796,90.0000005327
0.626956519308,-0.492592689781,0.57886543785,-0.473194566521,0.609964795569,0.514398967148,89.999998796,90.0000005327
0.626884965117,-0.492132867289,0.578706292528,-0.472719779522,0.609964795569,0.514398967148,89.999998796,90.0000005327
0.626813589087,-0.49167265226,0.578547327477,-0.472244668811,0.609964795569,0.514398967148,89.999998796,90.0000005327
0.626742391265,-0.49121204524,0.578388543076,-0.47176923509,0.609964795569,0.514398967148,89.999998796,90.0000005327
0.626671371695,-0.490751046777,0.578229939705,-0.471293479059,0.609964795569,0.514398967148,89.999998796,90.0000005327
0.626600530421,-0.490289657417,0.578071517738,-0.47081740142,0.609964795569,0.514398967148,89.999998796,90.0000005327
0.626529867485,-0.489827877706,0.577913277549,-0.470341002874,0.609964795569,0.514398967148,89.999998796,90.0000005327
0.626459382926,-0.489365708191,0.577755219508,-0.469864284124,0.609964795569,0.514398967148,89.999998796,90.0000005327
0.626389076779,-0.488903149422,0.577597343983,-0.469387245874,0.609964795569,0.514398967148,89.999998796,90.0000005327
0.62631894908,-0.488440201948,0.577439651338,-0.468909888829,0.609964795569,0.514398967148,89.999998796,90.0000005327
0.626248999864,-0.487976866315,0.577282141934,-0.468432213697,0.609964795569,0.514398967148,89.999998796,90.0000005327
0.626179229161,-0.487513143075,0.577124816132,-0.467954221183,0.609964795569,0.514398967148,89.999998796,90.0000005327
0.626109636998,-0.48704903278,0.576967674287,-0.467475911998,0.609964795569,0.514398967148,89.999998796,90.0000005327
0.626040223404,-0.486584535979,0.576810716753,-0.46699728685,0.609964795569,0.514398967148,89.999998796,90.0000005327
0.625970988405,-0.486119653222,0.576653943879,-0.466518346452,0.609964795569,0.514398967148,89.999998796,90.0000005327
0.625901932022,-0.485654385062,0.576497356017,-0.466039091511,0.609964795569,0.514398967148,89.999998796,90.0000005327
0.625833054276,-0.485188732054,0.576340953516,-0.465559522735,0.609964795569,0.514398967148,89.999998796,90.0000005327
0.625764355186,-0.484722694747,0.576184736722,-0.465079640833,0.609964795569,0.514398967148,89.999998796,90.0000005327
0.625695834772,-0.484256273695,0.57602870598,-0.464599446514,0.609964795569,0.514398967148,89.999998796,90.0000005327
0.625627493045,-0.483789469453,0.575872861632,-0.464118940487,0.609964795569,0.514398967148,89.999998796,90.0000005327
0.625559330019,-0.483322282577,0.575717204018,-0.463638123461,0.609964795569,0.514398967148,89.999998796,90.0000005327
0.625491345706,-0.482854713618,0.575561733476,-0.463156996147,0.609964795569,0.514398967148,89.999998796,90.0000005327
0.625423540116,-0.482386763132,0.575406450342,-0.462675559254,0.609964795569,0.514398967148,89.999998796,90.0000005327
0.625355913254,-0.481918431678,0.575251354951,-0.462193813492,0.609964795569,0.514398967148,89.999998796,90.0000005327
0.625288465125,-0.481449719811,0.575096447631,-0.461711759574,0.609964795569,0.514398967148,89.999998796,90.0000005327
0.625221195735,-0.480980628085,0.574941728708,-0.461229398216,0.609964795569,0.514398967148,89.999998796,90.0000005327
0.625154105084,-0.480511157059,0.57478719851,-0.460746730129,0.609964795569,0.514398967148,89.999998796,90.0000005327
0.625087193168,-0.480041307293,0.574632857361,-0.460263756025,0.609964795569,0.514398967148,89.999998796,90.0000005327
0.625020459987,-0.479571079344,0.574478705584,-0.459780476615,0.609964795569,0.514398967148,89.999998796,90.0000005327
0.624953905538,-0.479100473768,0.5743247435,-0.459296892611,0.609964795569,0.514398967148,89.999998796,90.0000005327
0.624887529812,-0.478629491126,0.574170971429,-0.458813004724,0.609964795569,0.514398967148,89.999998796,90.0000005327
0.624821332799,-0.47815813198,0.574017389686,-0.458328813666,0.609964795569,0.514398967148,89.999998796,90.0000005327
0.624755314491,-0.477686396887,0.573863998586,-0.457844320151,0.609964795569,0.514398967148,89.999998796,90.0000005327
0.624689474877,-0.477214286407,0.573710798443,-0.45735952489,0.609964795569,0.514398967148,89.999998796,90.0000005327
0.624623813939,-0.476741801104,0.573557789566,-0.456874428595,0.609964795569,0.514398967148,89.999998796,90.0000005327
0.624558331661,-0.476268941539,0.573404972262,-0.456389031982,0.609964795569,0.514398967148,89.999998796,90.0000005327
0.624493028028,-0.47579570827,0.573252346835,-0.455903335766,0.609964795569,0.514398967148,89.999998796,90.0000005327
0.624427903018,-0.475322101862,0.573099913585,-0.455417340665,0.609964795569,0.514398967148,89.999998796,90.0000005327
0.624362956607,-0.47484812288,0.572947672816,-0.454931047393,0.609964795569,0.514398967148,89.999998796,90.0000005327
0.624298188773,-0.474373771885,0.572795624825,-0.454444456662,0.609964795569,0.514398967148,89.999998796,90.0000005327
0.624233599492,-0.473899049438,0.572643769911,-0.453957569187,0.609964795569,0.514398967148,89.999998796,90.0000005327
0.624169188734,-0.473423956105,0.57249210837,-0.453470385681,0.609964795569,0.514398967148,89.999998796,90.0000005327
0.624104956467,-0.472948492454,0.572340640496,-0.452982906858,0.609964795569,0.514398967148,89.999998796,90.0000005327
0.624040902662,-0.472472659047,0.572189366578,-0.452495133433,0.609964795569,0.514398967148,89.999998796,90.0000005327
0.623977027287,-0.471996456447,0.572038286908,-0.45200706612,0.609964795569,0.514398967148,89.999998796,90.0000005327
0.623913330305,-0.471519885222,0.571887401771,-0.451518705634,0.609964795569,0.514398967148,89.999998796,90.0000005327
0.623849811677,-0.471042945941,0.571736711453,-0.451030052689,0.609964795569,0.514398967148,89.999998796,90.0000005327
0.623786471366,-0.470565639167,0.571586216234,-0.450541108004,0.609964795569,0.514398967148,89.999998796,90.0000005327
0.623723309332,-0.470087965465,0.571435916391,-0.450051872299,0.609964795569,0.514398967148,89.999998796,90.0000005327
0.62366032553,-0.469609925407,0.571285812202,-0.44956234629,0.609964795569,0.514398967148,89.999998796,90.0000005327
0.623597519914,-0.46913151956,0.571135903944,-0.449072530691,0.609964795569,0.514398967148,89.999998796,90.0000005327
0.623534892443,-0.468652748489,0.570986191891,-0.448582426218,0.609964795569,0.514398967148,89.999998796,90.0000005327
0.623472443064,-0.468173612763,0.570836676318,-0.448092033586,0.609964795569,0.514398967148,89.999998796,90.0000005327
0.623410171726,-0.467694112955,0.570687357493,-0.44760135351,0.609964795569,0.514398967148,89.999998796,90.0000005327
0.623348078378,-0.467214249632,0.570538235685,-0.447110386707,0.609964795569,0.514398967148,89.999998796,90.0000005327
0.62328616297,-0.46673402336,0.570389311162,-0.446619133891,0.609964795569,0.514398967148,89.999998796,90.0000005327
0.623224425441,-0.466253434714,0.570240584186,-0.446127595779,0.609964795569,0.514398967148,89.999998796,90.0000005327
0.623162865734,-0.465772484265,0.570092055021,-0.445635773085,0.609964795569,0.514398967148,89.999998796,90.0000005327
0.623101483791,-0.46529117258,0.569943723923,-0.445143666532,0.609964795569,0.514398967148,89.999998796,90.0000005327
0.623040279552,-0.464809500231,0.569795591145,-0.444651276841,0.609964795569,0.514398967148,89.999998796,90.0000005327
0.62297925295,-0.464327467791,0.569647656944,-0.444158604726,0.609964795569,0.514398967148,89.999998796,90.0000005327
0.622918403922,-0.463845075834,0.569499921574,-0.443665650906,0.609964795569,0.514398967148,89.999998796,90.0000005327
0.622857732403,-0.463362324926,0.569352385287,-0.443172416094,0.609964795569,0.514398967148,89.999998796,90.0000005327
0.622797238324,-0.462879215643,0.569205048333,-0.442678901009,0.609964795569,0.514398967148,89.999998796,90.0000005327
0.622736921611,-0.46239574856,0.56905791096,-0.442185106365,0.609964795569,0.514398967148,89.999998796,90.0000005327
0.622676782194,-0.46191192425,0.568910973413,-0.441691032879,0.609964795569,0.514398967148,89.999998796,90.0000005327
0.622616820003,-0.461427743281,0.568764235937,-0.441196681268,0.609964795569,0.514398967148,89.999998796,90.0000005327
0.622557034958,-0.460943206231,0.568617698773,-0.440702052248,0.609964795569,0.514398967148,89.999998796,90.0000005327
0.622497426979,-0.460458313679,0.56847136216,-0.440207146536,0.609964795569,0.514398967148,89.999998796,90.0000005327
0.622437995992,-0.459973066193,0.568325226331,-0.439711964855,0.609964795569,0.514398967148,89.999998796,90.0000005327
0.622378741915,-0.459487464348,0.568179291519,-0.439216507926,0.609964795569,0.514398967148,89.999998796,90.0000005327
0.622319664664,-0.459001508724,0.568033557958,-0.438720776463,0.609964795569,0.514398967148,89.999998796,90.0000005327
0.622260764152,-0.458515199895,0.567888025879,-0.438224771185,0.609964795569,0.514398967148,89.999998796,90.0000005327
0.622202040298,-0.458028538434,0.567742695512,-0.437728492806,0.609964795569,0.514398967148,89.999998796,90.0000005327
0.622143493012,-0.457541524918,0.567597567085,-0.437231942044,0.609964795569,0.514398967148,89.999998796,90.0000005327
0.6220851222,-0.457054159928,0.567452640823,-0.436735119615,0.609964795569,0.514398967148,89.999998796,90.0000005327
0.622026927775,-0.456566444038,0.567307916951,-0.436238026235,0.609964795569,0.514398967148,89.999998796,90.0000005327
0.621968909644,-0.456078377821,0.567163395689,-0.43574066262,0.609964795569,0.514398967148,89.999998796,90.0000005327
0.621911067711,-0.45558996186,0.567019077258,-0.435243029486,0.609964795569,0.514398967148,89.999998796,90.0000005327
0.621853401876,-0.455101196735,0.566874961871,-0.434745127556,0.609964795569,0.514398967148,89.999998796,90.0000005327
0.621795912045,-0.454612083018,0.566731049739,-0.434246957552,0.609964795569,0.514398967148,89.999998796,90.0000005327
0.621738598117,-0.454122621288,0.566587341074,-0.433748520191,0.609964795569,0.514398967148,89.999998796,90.0000005327
0.621681459988,-0.453632812128,0.56644383609,-0.433249816187,0.609964795569,0.514398967148,89.999998796,90.0000005327
0.621624497554,-0.453142656116,0.566300534996,-0.432750846258,0.609964795569,0.514398967148,89.999998796,90.0000005327
0.621567710714,-0.452652153826,0.566157437999,-0.43225161112,0.609964795569,0.514398967148,89.999998796,90.0000005327
0.621511099359,-0.452161305841,0.566014545306,-0.431752111487,0.609964795569,0.514398967148,89.999998796,90.0000005327
0.621454663377,-0.451670112744,0.56587185712,-0.431252348077,0.609964795569,0.514398967148,89.999998796,90.0000005327
0.62139840266,-0.451178575113,0.565729373643,-0.430752321604,0.609964795569,0.514398967148,89.999998796,90.0000005327
0.6213423171,-0.450686693524,0.565587095075,-0.430252032784,0.609964795569,0.514398967148,89.999998796,90.0000005327
0.621286406577,-0.450194468562,0.56544502161,-0.429751482339,0.609964795569,0.514398967148,89.999998796,90.0000005327
0.621230670977,-0.44970190081,0.565303153439,-0.42925067099,0.609964795569,0.514398967148,89.999998796,90.0000005327
0.621175110186,-0.449208990844,0.565161490755,-0.428749599454,0.609964795569,0.514398967148,89.999998796,90.0000005327
0.621119724084,-0.448715739245,0.565020033751,-0.428248268447,0.609964795569,0.514398967148,89.999998796,90.0000005327
0.621064512548,-0.448222146601,0.564878782616,-0.427746678682,0.609964795569,0.514398967148,89.999998796,90.0000005327
0.621009475458,-0.44772821349,0.564737737538,-0.427244830876,0.609964795569,0.514398967148,89.999998796,90.0000005327
0.620954612693,-0.44723394049,0.564596898705,-0.426742725743,0.609964795569,0.514398967148,89.999998796,90.0000005327
0.620899924125,-0.446739328187,0.5644562663,-0.426240363997,0.609964795569,0.514398967148,89.999998796,90.0000005327
0.620845409624,-0.44624437717,0.564315840507,-0.425737746354,0.609964795569,0.514398967148,89.999998796,90.0000005327
0.620791069066,-0.445749088013,0.564175621504,-0.425234873528,0.609964795569,0.514398967148,89.999998796,90.0000005327
0.620736902322,-0.445253461299,0.564035609467,-0.424731746241,0.609964795569,0.514398967148,89.999998796,90.0000005327
0.620682909255,-0.444757497618,0.563895804565,-0.424228365213,0.609964795569,0.514398967148,89.999998796,90.0000005327
0.620629089734,-0.44426119755,0.563756206975,-0.423724731159,0.609964795569,0.514398967148,89.999998796,90.0000005327
0.620575443628,-0.443764561674,0.563616816868,-0.423220844793,0.609964795569,0.514398967148,89.999998796,90.0000005327
0.620521970796,-0.443267590578,0.563477634416,-0.422716706827,0.609964795569,0.514398967148,89.999998796,90.0000005327
0.620468671098,-0.442770284852,0.563338659789,-0.422212317977,0.609964795569,0.514398967148,89.999998796,90.0000005327
0.620415544398,-0.442272645073,0.563199893153,-0.421707678954,0.609964795569,0.514398967148,89.999998796,90.0000005327
0.620362590556,-0.441774671824,0.563061334674,-0.421202790472,0.609964795569,0.514398967148,89.999998796,90.0000005327
0.620309809425,-0.441276365695,0.562922984515,-0.420697653243,0.609964795569,0.514398967148,89.999998796,90.0000005327
0.62025720086,-0.440777727272,0.562784842835,-0.420192267986,0.609964795569,0.514398967148,89.999998796,90.0000005327
0.620204764721,-0.440278757132,0.562646909788,-0.41968663542,0.609964795569,0.514398967148,89.999998796,90.0000005327
0.620152500857,-0.439779455864,0.562509185528,-0.419180756261,0.609964795569,0.514398967148,89.999998796,90.0000005327
0.620100409115,-0.439279824061,0.562371670212,-0.418674631221,0.609964795569,0.514398967148,89.999998796,90.0000005327
0.620048489349,-0.438779862301,0.562234363995,-0.418168261012,0.609964795569,0.514398967148,89.999998796,90.0000005327
0.619996741407,-0.438279571168,0.562097267028,-0.417661646346,0.609964795569,0.514398967148,89.999998796,90.0000005327
0.619945165134,-0.437778951254,0.561960379461,-0.417154787934,0.609964795569,0.514398967148,89.999998796,90.0000005327
0.619893760372,-0.437278003145,0.561823701445,-0.416647686486,0.609964795569,0.514398967148,89.999998796,90.0000005327
0.619842526969,-0.436776727421,0.561687233124,-0.416140342715,0.609964795569,0.514398967148,89.999998796,90.0000005327
0.619791464766,-0.436275124672,0.561550974643,-0.415632757334,0.609964795569,0.514398967148,89.999998796,90.0000005327
0.619740573598,-0.43577319549,0.561414926137,-0.415124931061,0.609964795569,0.514398967148,89.999998796,90.0000005327
0.619689853307,-0.435270940456,0.561279087744,-0.414616864612,0.609964795569,0.514398967148,89.999998796,90.0000005327
0.619639303734,-0.434768360155,0.561143459604,-0.414108558698,0.609964795569,0.514398967148,89.999998796,90.0000005327
0.61958892471,-0.434265455178,0.561008041854,-0.413600014027,0.609964795569,0.514398967148,89.999998796,90.0000005327
0.619538716067,-0.433762226116,0.56087283463,-0.413091231309,0.609964795569,0.514398967148,89.999998796,90.0000005327
0.619488677645,-0.433258673548,0.560737838066,-0.412582211253,0.609964795569,0.514398967148,89.999998796,90.0000005327
0.619438809271,-0.432754798064,0.560603052295,-0.412072954567,0.609964795569,0.514398967148,89.999998796,90.0000005327
0.619389110772,-0.432250600259,0.560468477446,-0.411563461961,0.609964795569,0.514398967148,89.999998796,90.0000005327
0.619339581979,-0.431746080714,0.560334113645,-0.411053734147,0.609964795569,0.514398967148,89.999998796,90.0000005327
0.619290222722,-0.431241240014,0.560199961013,-0.410543771841,0.609964795569,0.514398967148,89.999998796,90.0000005327
0.619241032822,-0.430736078754,0.560066019671,-0.410033575756,0.609964795569,0.514398967148,89.999998796,90.0000005327
0.619192012102,-0.430230597524,0.559932289742,-0.409523146599,0.609964795569,0.514398967148,89.999998796,90.0000005327
0.61914316039,-0.429724796901,0.559798771347,-0.409012485077,0.609964795569,0.514398967148,89.999998796,90.0000005327
0.619094477505,-0.42921867748,0.559665464607,-0.408501591897,0.609964795569,0.514398967148,89.999998796,90.0000005327
0.619045963261,-0.428712239857,0.559532369639,-0.407990467765,0.609964795569,0.514398967148,89.999998796,90.0000005327
0.618997617482,-0.428205484611,0.55939948656,-0.407479113387,0.609964795569,0.514398967148,89.999998796,90.0000005327
0.618949439985,-0.42769841233,0.559266815484,-0.406967529468,0.609964795569,0.514398967148,89.999998796,90.0000005327
0.618901430582,-0.42719102361,0.559134356517,-0.406455716721,0.609964795569,0.514398967148,89.999998796,90.0000005327
0.618853589086,-0.426683319039,0.559002109764,-0.405943675862,0.609964795569,0.514398967148,89.999998796,90.0000005327
0.618805915318,-0.426175299197,0.558870075333,-0.405431407596,0.609964795569,0.514398967148,89.999998796,90.0000005327
0.618758409083,-0.42566696468,0.558738253331,-0.404918912627,0.609964795569,0.514398967148,89.999998796,90.0000005327
0.618711070186,-0.425158316082,0.558606643864,-0.40440619166,0.609964795569,0.514398967148,89.999998796,90.0000005327
0.618663898443,-0.424649353985,0.558475247035,-0.403893245397,0.609964795569,0.514398967148,89.999998796,90.0000005327
0.61861689366,-0.424140078978,0.558344062948,-0.403380074542,0.609964795569,0.514398967148,89.999998796,90.0000005327
0.618570055639,-0.423630491658,0.558213091702,-0.402866679797,0.609964795569,0.514398967148,89.999998796,90.0000005327
0.618523384185,-0.42312059261,0.558082333394,-0.402353061869,0.609964795569,0.514398967148,89.999998796,90.0000005327
0.618476879107,-0.422610382418,0.557951788113,-0.40183922147,0.609964795569,0.514398967148,89.999998796,90.0000005327
0.6184305402,-0.422099861678,0.557821455949,-0.401325159307,0.609964795569,0.514398967148,89.999998796,90.0000005327
0.618384367264,-0.421589030984,0.557691336998,-0.400810876082,0.609964795569,0.514398967148,89.999998796,90.0000005327
0.618338360103,-0.421077890915,0.557561431351,-0.400296372494,0.609964795569,0.514398967148,89.999998796,90.0000005327
0.618292518513,-0.420566442065,0.557431739098,-0.399781649244,0.609964795569,0.514398967148,89.999998796,90.0000005327
0.618246842285,-0.420054685031,0.557302260328,-0.399266707031,0.609964795569,0.514398967148,89.999998796,90.0000005327
0.618201331218,-0.419542620397,0.557172995129,-0.398751546556,0.609964795569,0.514398967148,89.999998796,90.0000005327
0.618155985109,-0.419030248748,0.557043943582,-0.398236168519,0.609964795569,0.514398967148,89.999998796,90.0000005327
0.618110803744,-0.418517570684,0.556915105765,-0.397720573631,0.609964795569,0.514398967148,89.999998796,90.0000005327
0.618065786915,-0.418004586792,0.556786481752,-0.397204762597,0.609964795569,0.514398967148,89.999998796,90.0000005327
0.618020934418,-0.417491297653,0.556658071626,-0.396688736115,0.609964795569,0.514398967148,89.999998796,90.0000005327
0.617976246036,-0.416977703867,0.556529875464,-0.39617249488,0.609964795569,0.514398967148,89.999998796,90.0000005327
0.617931721553,-0.416463806027,0.556401893344,-0.395656039591,0.609964795569,0.514398967148,89.999998796,90.0000005327
0.617887360763,-0.415949604713,0.556274125341,-0.395139370942,0.609964795569,0.514398967148,89.999998796,90.0000005327
0.617843163445,-0.415435100521,0.556146571529,-0.39462248963,0.609964795569,0.514398967148,89.999998796,90.0000005327
0.617799129377,-0.414920294052,0.556019231977,-0.394105396354,0.609964795569,0.514398967148,89.999998796,90.0000005327
0.617755258342,-0.414405185891,0.555892106746,-0.393588091822,0.609964795569,0.514398967148,89.999998796,90.0000005327
0.617711550122,-0.41388977663,0.555765195901,-0.393070576733,0.609964795569,0.514398967148,89.999998796,90.0000005327
0.617668004488,-0.41337406687,0.55563849951,-0.392552851781,0.609964795569,0.514398967148,89.999998796,90.0000005327
0.617624621216,-0.412858057206,0.555512017638,-0.392034917659,0.609964795569,0.514398967148,89.999998796,90.0000005327
0.617581400088,-0.412341748221,0.555385750349,-0.39151677506,0.609964795569,0.514398967148,89.999998796,90.0000005327
0.617538340871,-0.411825140517,0.555259697707,-0.390998424675,0.609964795569,0.514398967148,89.999998796,90.0000005327
0.617495443334,-0.411308234694,0.555133859771,-0.390479867196,0.609964795569,0.514398967148,89.999998796,90.0000005327
0.617452707257,-0.410791031334,0.555008236595,-0.389961103324,0.609964795569,0.514398967148,89.999998796,90.0000005327
0.617410132404,-0.410273531035,0.554882828226,-0.389442133762,0.609964795569,0.514398967148,89.999998796,90.0000005327
0.617367718541,-0.409755734401,0.554757634721,-0.388922959203,0.609964795569,0.514398967148,89.999998796,90.0000005327
0.617325465439,-0.409237642015,0.554632656133,-0.388403580334,0.609964795569,0.514398967148,89.999998796,90.0000005327
0.617283372866,-0.408719254471,0.554507892515,-0.387883997845,0.609964795569,0.514398967148,89.999998796,90.0000005327
0.617241440581,-0.408200572371,0.55438334392,-0.387364212425,0.609964795569,0.514398967148,89.999998796,90.0000005327
0.617199668351,-0.407681596307,0.554259010397,-0.38684422476,0.609964795569,0.514398967148,89.999998796,90.0000005327
0.617158055942,-0.407162326864,0.554134891992,-0.386324035544,0.609964795569,0.514398967148,89.999998796,90.0000005327
0.617116603109,-0.406642764647,0.554010988741,-0.385803645474,0.609964795569,0.514398967148,89.999998796,90.0000005327
0.617075309613,-0.406122910251,0.553887300684,-0.385283055247,0.609964795569,0.514398967148,89.999998796,90.0000005327
0.617034175219,-0.405602764257,0.553763827866,-0.384762265545,0.609964795569,0.514398967148,89.999998796,90.0000005327
0.616993199681,-0.405082327268,0.553640570329,-0.384241277055,0.609964795569,0.514398967148,89.999998796,90.0000005327
0.61695238275,-0.404561599887,0.553517528114,-0.383720090461,0.609964795569,0.514398967148,89.999998796,90.0000005327
0.61691172419,-0.404040582694,0.55339470126,-0.383198706444,0.609964795569,0.514398967148,89.999998796,90.0000005327
0.616871223753,-0.403519276286,0.553272089803,-0.382677125692,0.609964795569,0.514398967148,89.999998796,90.0000005327
0.616830881187,-0.402997681266,0.55314969377,-0.382155348901,0.609964795569,0.514398967148,89.999998796,90.0000005327
0.61679069625,-0.40247579822,0.553027513188,-0.381633376762,0.609964795569,0.514398967148,89.999998796,90.0000005327
0.616750668694,-0.401953627739,0.55290554809,-0.381111209957,0.609964795569,0.514398967148,89.999998796,90.0000005327
0.616710798263,-0.401431170427,0.552783798507,-0.380588849166,0.609964795569,0.514398967148,89.999998796,90.0000005327
0.616671084709,-0.400908426872,0.552662264472,-0.380066295069,0.609964795569,0.514398967148,89.999998796,90.0000005327
0.616631527783,-0.400385397664,0.552540946011,-0.379543548345,0.609964795569,0.514398967148,89.999998796,90.0000005327
0.616592127227,-0.399862083404,0.552419843152,-0.379020609675,0.609964795569,0.514398967148,89.999998796,90.0000005327
0.616552882785,-0.399338484686,0.55229895591,-0.378497479751,0.609964795569,0.514398967148,89.999998796,90.0000005327
0.61651379421,-0.398814602093,0.552178284301,-0.377974159262,0.609964795569,0.514398967148,89.999998796,90.0000005327
0.616474861238,-0.398290436229,0.552057828348,-0.377450648885,0.609964795569,0.514398967148,89.999998796,90.0000005327
0.61643608361,-0.39776598769,0.551937588073,-0.376926949294,0.609964795569,0.514398967148,89.999998796,90.0000005327
0.616397461076,-0.397241257057,0.551817563497,-0.376403061166,0.609964795569,0.514398967148,89.999998796,90.0000005327
0.61635899337,-0.396716244929,0.551697754638,-0.375878985174,0.609964795569,0.514398967148,89.999998796,90.0000005327
0.616320680226,-0.396190951912,0.55157816151,-0.375354721997,0.609964795569,0.514398967148,89.999998796,90.0000005327
0.616282521393,-0.395665378581,0.551458784117,-0.374830272324,0.609964795569,0.514398967148,89.999998796,90.0000005327
0.616244516603,-0.395139525535,0.551339622469,-0.374305636837,0.609964795569,0.514398967148,89.999998796,90.0000005327
0.616206665588,-0.394613393377,0.551220676578,-0.373780816207,0.609964795569,0.514398967148,89.999998796,90.0000005327
0.61616896809,-0.394086982687,0.551101946456,-0.373255811105,0.609964795569,0.514398967148,89.999998796,90.0000005327
0.616131423842,-0.393560294061,0.550983432113,-0.3727306222,0.609964795569,0.514398967148,89.999998796,90.0000005327
0.616094032571,-0.393033328099,0.550865133559,-0.372205250163,0.609964795569,0.514398967148,89.999998796,90.0000005327
0.616056794015,-0.392506085387,0.550747050793,-0.371679695672,0.609964795569,0.514398967148,89.999998796,90.0000005327
0.616019707906,-0.391978566514,0.550629183809,-0.371153959413,0.609964795569,0.514398967148,89.999998796,90.0000005327
0.615982773968,-0.391450772084,0.550511532611,-0.370628042057,0.609964795569,0.514398967148,89.999998796,90.0000005327
0.615945991934,-0.390922702682,0.550394097202,-0.370101944271,0.609964795569,0.514398967148,89.999998796,90.0000005327
0.615909361535,-0.390394358896,0.550276877583,-0.369575666718,0.609964795569,0.514398967148,89.999998796,90.0000005327
0.615872882493,-0.389865741328,0.550159873756,-0.369049210065,0.609964795569,0.514398967148,89.999998796,90.0000005327
0.615836554534,-0.389336850568,0.550043085717,-0.368522574979,0.609964795569,0.514398967148,89.999998796,90.0000005327
0.61580037739,-0.388807687198,0.549926513453,-0.367995762141,0.609964795569,0.514398967148,89.999998796,90.0000005327
0.615764350779,-0.38827825182,0.549810156952,-0.367468772226,0.609964795569,0.514398967148,89.999998796,90.0000005327
0.615728474424,-0.387748545028,0.549694016209,-0.366941605896,0.609964795569,0.514398967148,89.999998796,90.0000005327
0.615692748054,-0.3872185674,0.549578091219,-0.366414263811,0.609964795569,0.514398967148,89.999998796,90.0000005327
0.615657171385,-0.386688319539,0.549462381975,-0.365886746631,0.609964795569,0.514398967148,89.999998796,90.0000005327
0.615621744136,-0.386157802038,0.549346888468,-0.365359055015,0.609964795569,0.514398967148,89.999998796,90.0000005327
0.615586466034,-0.385627015475,0.549231610677,-0.364831189639,0.609964795569,0.514398967148,89.999998796,90.0000005327
0.615551336792,-0.385095960451,0.549116548578,-0.364303151178,0.609964795569,0.514398967148,89.999998796,90.0000005327
0.615516356126,-0.384564637561,0.54900170216,-0.36377494029,0.609964795569,0.514398967148,89.999998796,90.0000005327
0.615481523761,-0.384033047381,0.548887071408,-0.363246557631,0.609964795569,0.514398967148,89.999998796,90.0000005327
0.615446839409,-0.383501190512,0.548772656308,-0.362718003856,0.609964795569,0.514398967148,89.999998796,90.0000005327
0.615412302779,-0.38296906755,0.548658456843,-0.362189279618,0.609964795569,0.514398967148,89.999998796,90.0000005327
0.615377913597,-0.382436679067,0.548544472986,-0.361660385586,0.609964795569,0.514398967148,89.999998796,90.0000005327
0.61534367157,-0.381904025665,0.548430704706,-0.361131322432,0.609964795569,0.514398967148,89.999998796,90.0000005327
0.615309576406,-0.381371107942,0.54831715198,-0.360602090812,0.609964795569,0.514398967148,89.999998796,90.0000005327
0.615275627829,-0.380837926467,0.548203814788,-0.360072691375,0.609964795569,0.514398967148,89.999998796,90.0000005327
0.615241825542,-0.380304481842,0.548090693106,-0.359543124771,0.609964795569,0.514398967148,89.999998796,90.0000005327
0.615208169251,-0.379770774663,0.547977786912,-0.35901339165,0.609964795569,0.514398967148,89.999998796,90.0000005327
0.615174658676,-0.379236805501,0.54786509617,-0.358483492675,0.609964795569,0.514398967148,89.999998796,90.0000005327
0.61514129352,-0.378702574956,0.54775262084,-0.357953428513,0.609964795569,0.514398967148,89.999998796,90.0000005327
0.615108073485,-0.378168083624,0.547640360894,-0.357423199816,0.609964795569,0.514398967148,89.999998796,90.0000005327
0.61507499829,-0.377633332075,0.547528316302,-0.356892807227,0.609964795569,0.514398967148,89.999998796,90.0000005327
0.615042067635,-0.377098320908,0.547416487035,-0.356362251392,0.609964795569,0.514398967148,89.999998796,90.0000005327
0.615009281218,-0.37656305072,0.547304873063,-0.355831532953,0.609964795569,0.514398967148,89.999998796,90.0000005327
0.614976638757,-0.376027522079,0.547193474339,-0.355300652574,0.609964795569,0.514398967148,89.999998796,90.0000005327
0.614944139948,-0.375491735584,0.547082290818,-0.354769610916,0.609964795569,0.514398967148,89.999998796,90.0000005327
0.61491178449,-0.37495569183,0.546971322465,-0.354238408622,0.609964795569,0.514398967148,89.999998796,90.0000005327
0.614879572096,-0.374419391386,0.546860569243,-0.353707046331,0.609964795569,0.514398967148,89.999998796,90.0000005327
0.61484750246,-0.373882834849,0.546750031116,-0.353175524682,0.609964795569,0.514398967148,89.999998796,90.0000005327
0.61481557528,-0.373346022815,0.546639708043,-0.352643844318,0.609964795569,0.514398967148,89.999998796,90.0000005327
0.614783790265,-0.372808955852,0.546529599971,-0.352112005898,0.609964795569,0.514398967148,89.999998796,90.0000005327
0.614752147108,-0.372271634556,0.546419706849,-0.351580010074,0.609964795569,0.514398967148,89.999998796,90.0000005327
0.614720645504,-0.37173405952,0.546310028635,-0.351047857482,0.609964795569,0.514398967148,89.999998796,90.0000005327
0.61468928516,-0.371196231314,0.546200565287,-0.350515548755,0.609964795569,0.514398967148,89.999998796,90.0000005327
0.614658065767,-0.370658150533,0.546091316762,-0.349983084527,0.609964795569,0.514398967148,89.999998796,90.0000005327
0.614626987018,-0.370119817769,0.545982283006,-0.349450465443,0.609964795569,0.514398967148,89.999998796,90.0000005327
0.614596048618,-0.369581233591,0.545873463957,-0.348917692159,0.609964795569,0.514398967148,89.999998796,90.0000005327
0.614565250255,-0.369042398594,0.545764859565,-0.348384765311,0.609964795569,0.514398967148,89.999998796,90.0000005327
0.614534591621,-0.368503313367,0.545656469781,-0.34785168553,0.609964795569,0.514398967148,89.999998796,90.0000005327
0.614504072418,-0.36796397848,0.545548294555,-0.347318453444,0.609964795569,0.514398967148,89.999998796,90.0000005327
0.614473692331,-0.36742439453,0.545440333836,-0.346785069682,0.609964795569,0.514398967148,89.999998796,90.0000005327
0.614443451053,-0.366884562098,0.545332587558,-0.346251534895,0.609964795569,0.514398967148,89.999998796,90.0000005327
0.614413348281,-0.36634448176,0.545225055654,-0.345717849728,0.609964795569,0.514398967148,89.999998796,90.0000005327
0.614383383699,-0.36580415411,0.545117738071,-0.345184014805,0.609964795569,0.514398967148,89.999998796,90.0000005327
0.614353557,-0.365263579726,0.545010634755,-0.344650030749,0.609964795569,0.514398967148,89.999998796,90.0000005327
0.614323867875,-0.364722759186,0.544903745651,-0.344115898182,0.609964795569,0.514398967148,89.999998796,90.0000005327
0.614294316008,-0.364181693083,0.54479707069,-0.343581617743,0.609964795569,0.514398967148,89.999998796,90.0000005327
0.614264901092,-0.363640381991,0.544690609798,-0.343047190078,0.609964795569,0.514398967148,89.999998796,90.0000005327
0.614235622814,-0.36309882649,0.544584362914,-0.342512615811,0.609964795569,0.514398967148,89.999998796,90.0000005327
0.614206480855,-0.362557027174,0.544478329977,-0.341977895559,0.609964795569,0.514398967148,89.999998796,90.0000005327
0.61417747491,-0.36201498461,0.544372510928,-0.341443029939,0.609964795569,0.514398967148,89.999998796,90.0000005327
0.614148604661,-0.361472699383,0.544266905696,-0.34090801958,0.609964795569,0.514398967148,89.999998796,90.0000005327
0.614119869787,-0.360930172084,0.544161514201,-0.340372865121,0.609964795569,0.514398967148,89.999998796,90.0000005327
0.614091269983,-0.360387403276,0.544056336373,-0.33983756719,0.609964795569,0.514398967148,89.999998796,90.0000005327
0.614062804928,-0.359844393547,0.543951372147,-0.339302126398,0.609964795569,0.514398967148,89.999998796,90.0000005327
0.614034474298,-0.35930114349,0.543846621458,-0.338766543355,0.609964795569,0.514398967148,89.999998796,90.0000005327
0.614006277787,-0.358757653663,0.543742084232,-0.338230818683,0.609964795569,0.514398967148,89.999998796,90.0000005327
0.613978215072,-0.358213924656,0.543637760384,-0.337694953017,0.609964795569,0.514398967148,89.999998796,90.0000005327
0.613950285831,-0.357669957054,0.543533649837,-0.337158946981,0.609964795569,0.514398967148,89.999998796,90.0000005327
0.613922489752,-0.357125751421,0.54342975252,-0.336622801182,0.609964795569,0.514398967148,89.999998796,90.0000005327
0.61389482651,-0.356581308345,0.543326068363,-0.336086516225,0.609964795569,0.514398967148,89.999998796,90.0000005327
0.613867295786,-0.356036628403,0.543222597288,-0.335550092725,0.609964795569,0.514398967148,89.999998796,90.0000005327
0.613839897263,-0.355491712166,0.543119339206,-0.335013531313,0.609964795569,0.514398967148,89.999998796,90.0000005327
0.613812630613,-0.354946560222,0.543016294032,-0.334476832608,0.609964795569,0.514398967148,89.999998796,90.0000005327
0.613785495522,-0.354401173136,0.542913461692,-0.333939997213,0.609964795569,0.514398967148,89.999998796,90.0000005327
0.613758491664,-0.353855551488,0.542810842111,-0.333403025726,0.609964795569,0.514398967148,89.999998796,90.0000005327
0.613731618711,-0.353309695865,0.542708435205,-0.332865918758,0.609964795569,0.514398967148,89.999998796,90.0000005327
0.613704876351,-0.352763606823,0.54260624088,-0.332328676935,0.609964795569,0.514398967148,89.999998796,90.0000005327
0.613678264254,-0.352217284948,0.542504259046,-0.331791300871,0.609964795569,0.514398967148,89.999998796,90.0000005327
0.613651782089,-0.351670730827,0.542402489625,-0.331253791161,0.609964795569,0.514398967148,89.999998796,90.0000005327
0.613625429542,-0.351123945014,0.542300932538,-0.330716148399,0.609964795569,0.514398967148,89.999998796,90.0000005327
0.613599206282,-0.350576928096,0.542199587693,-0.330178373195,0.609964795569,0.514398967148,89.999998796,90.0000005327
0.613573111982,-0.350029680648,0.542098454992,-0.329640466168,0.609964795569,0.514398967148,89.999998796,90.0000005327
0.613547146322,-0.349482203232,0.541997534342,-0.329102427924,0.609964795569,0.514398967148,89.999998796,90.0000005327
0.613521308967,-0.348934496435,0.541896825661,-0.328564259052,0.609964795569,0.514398967148,89.999998796,90.0000005327
0.613495599597,-0.34838656082,0.541796328864,-0.328025960139,0.609964795569,0.514398967148,89.999998796,90.0000005327
0.613470017883,-0.347838396959,0.541696043853,-0.327487531797,0.609964795569,0.514398967148,89.999998796,90.0000005327
0.613444563491,-0.347290005437,0.541595970522,-0.326948974642,0.609964795569,0.514398967148,89.999998796,90.0000005327
0.613419236103,-0.346741386806,0.541496108781,-0.326410289265,0.609964795569,0.514398967148,89.999998796,90.0000005327
0.613394035383,-0.346192541649,0.541396458541,-0.325871476249,0.609964795569,0.514398967148,89.999998796,90.0000005327
0.613368960997,-0.345643470545,0.541297019713,-0.325332536179,0.609964795569,0.514398967148,89.999998796,90.0000005327
0.613344012625,-0.345094174048,0.541197792188,-0.324793469667,0.609964795569,0.514398967148,89.999998796,90.0000005327
0.61331918993,-0.344544652741,0.541098775859,-0.324254277323,0.609964795569,0.514398967148,89.999998796,90.0000005327
0.613294492584,-0.343994907187,0.540999970635,-0.323714959723,0.609964795569,0.514398967148,89.999998796,90.0000005327
0.613269920258,-0.343444937954,0.540901376425,-0.323175517445,0.609964795569,0.514398967148,89.999998796,90.0000005327
0.613245472613,-0.342894745621,0.540802993125,-0.322635951081,0.609964795569,0.514398967148,89.999998796,90.0000005327
0.613221149329,-0.342344330739,0.540704820623,-0.322096261238,0.609964795569,0.514398967148,89.999998796,90.0000005327
0.613196950067,-0.341793693886,0.540606858815,-0.321556448505,0.609964795569,0.514398967148,89.999998796,90.0000005327
0.613172874489,-0.341242835642,0.540509107606,-0.321016513455,0.609964795569,0.514398967148,89.999998796,90.0000005327
0.613148922271,-0.340691756554,0.540411566901,-0.320476456657,0.609964795569,0.514398967148,89.999998796,90.0000005327
0.613125093075,-0.340140457201,0.540314236584,-0.319936278715,0.609964795569,0.514398967148,89.999998796,90.0000005327
0.613101386568,-0.339588938147,0.540217116535,-0.31939598023,0.609964795569,0.514398967148,89.999998796,90.0000005327
0.613077802418,-0.339037199953,0.540120206659,-0.31885556177,0.609964795569,0.514398967148,89.999998796,90.0000005327
0.613054340285,-0.338485243197,0.540023506856,-0.318315023899,0.609964795569,0.514398967148,89.999998796,90.0000005327
0.613030999844,-0.337933068423,0.539927017015,-0.317774367201,0.609964795569,0.514398967148,89.999998796,90.0000005327
0.613007780754,-0.337380676209,0.539830737016,-0.317233592274,0.609964795569,0.514398967148,89.999998796,90.0000005327
0.612984682674,-0.33682806713,0.539734666748,-0.316692699694,0.609964795569,0.514398967148,89.999998796,90.0000005327
0.612961705277,-0.336275241732,0.539638806109,-0.316151690022,0.609964795569,0.514398967148,89.999998796,90.0000005327
0.612938848222,-0.33572220059,0.539543154994,-0.315610563823,0.609964795569,0.514398967148,89.999998796,90.0000005327
0.612916111175,-0.335168944258,0.539447713279,-0.315069321689,0.609964795569,0.514398967148,89.999998796,90.0000005327
0.612893493801,-0.334615473301,0.539352480841,-0.314527964208,0.609964795569,0.514398967148,89.999998796,90.0000005327
0.612870995755,-0.334061788292,0.539257457577,-0.313986491933,0.609964795569,0.514398967148,89.999998796,90.0000005327
0.612848616711,-0.333507889773,0.539162643382,-0.313444905417,0.609964795569,0.514398967148,89.999998796,90.0000005327
0.612826356324,-0.332953778317,0.539068038131,-0.312903205246,0.609964795569,0.514398967148,89.999998796,90.0000005327
0.612804214256,-0.332399454489,0.538973641695,-0.312361392007,0.609964795569,0.514398967148,89.999998796,90.0000005327
0.612782190173,-0.331844918839,0.538879453964,-0.311819466254,0.609964795569,0.514398967148,89.999998796,90.0000005327
0.612760283731,-0.331290171937,0.538785474832,-0.311277428534,0.609964795569,0.514398967148,89.999998796,90.0000005327
0.6127384946,-0.330735214326,0.538691704174,-0.310735279419,0.609964795569,0.514398967148,89.999998796,90.0000005327
0.612716822437,-0.330180046575,0.53859814186,-0.310193019492,0.609964795569,0.514398967148,89.999998796,90.0000005327
0.612695266894,-0.329624669254,0.538504787772,-0.30965064931,0.609964795569,0.514398967148,89.999998796,90.0000005327
0.612673827643,-0.329069082903,0.538411641799,-0.309108169415,0.609964795569,0.514398967148,89.999998796,90.0000005327
0.612652504338,-0.328513288091,0.53831870382,-0.308565580367,0.609964795569,0.514398967148,89.999998796,90.0000005327
0.612631296644,-0.327957285364,0.538225973699,-0.308022882746,0.609964795569,0.514398967148,89.999998796,90.0000005327
0.61261020422,-0.327401075282,0.538133451314,-0.307480077108,0.609964795569,0.514398967148,89.999998796,90.0000005327
0.612589226718,-0.326844658414,0.53804113655,-0.306937163991,0.609964795569,0.514398967148,89.999998796,90.0000005327
0.612568363808,-0.326288035297,0.537949029287,-0.306394143945,0.609964795569,0.514398967148,89.999998796,90.0000005327
0.612547615142,-0.325731206498,0.537857129384,-0.305851017546,0.609964795569,0.514398967148,89.999998796,90.0000005327
0.612526980383,-0.325174172563,0.537765436715,-0.305307785349,0.609964795569,0.514398967148,89.999998796,90.0000005327
0.612506459189,-0.324616934049,0.537673951164,-0.304764447885,0.609964795569,0.514398967148,89.999998796,90.0000005327
0.612486051214,-0.324059491519,0.537582672607,-0.304221005698,0.609964795569,0.514398967148,89.999998796,90.0000005327
0.612465756124,-0.32350184551,0.537491600902,-0.303677459359,0.609964795569,0.514398967148,89.999998796,90.0000005327
0.612445573571,-0.322943996585,0.537400735918,-0.30313380942,0.609964795569,0.514398967148,89.999998796,90.0000005327
0.612425503218,-0.322385945291,0.537310077538,-0.302590056406,0.609964795569,0.514398967148,89.999998796,90.0000005327
0.61240554472,-0.321827692179,0.537219625633,-0.302046200856,0.609964795569,0.514398967148,89.999998796,90.0000005327
0.612385697732,-0.321269237811,0.537129380061,-0.301502243337,0.609964795569,0.514398967148,89.999998796,90.0000005327
0.612365961918,-0.32071058272,0.537039340687,-0.300958184394,0.609964795569,0.514398967148,89.999998796,90.0000005327
0.61234633693,-0.320151727468,0.536949507392,-0.300414024546,0.609964795569,0.514398967148,89.999998796,90.0000005327
0.612326822429,-0.319592672598,0.536859880043,-0.299869764331,0.609964795569,0.514398967148,89.999998796,90.0000005327
0.612307418072,-0.31903341866,0.536770458496,-0.299325404311,0.609964795569,0.514398967148,89.999998796,90.0000005327
0.612288123509,-0.318473966213,0.536681242614,-0.298780945022,0.609964795569,0.514398967148,89.999998796,90.0000005327
0.612268938406,-0.317914315787,0.536592232278,-0.298236386977,0.609964795569,0.514398967148,89.999998796,90.0000005327
0.612249862414,-0.317354467943,0.536503427348,-0.297691730714,0.609964795569,0.514398967148,89.999998796,90.0000005327
0.612230895194,-0.316794423216,0.536414827676,-0.29714697679,0.609964795569,0.514398967148,89.999998796,90.0000005327
0.6122120364,-0.316234182158,0.53632643313,-0.296602125731,0.609964795569,0.514398967148,89.999998796,90.0000005327
0.612193285684,-0.315673745324,0.536238243584,-0.296057178042,0.609964795569,0.514398967148,89.999998796,90.0000005327
0.61217464271,-0.315113113245,0.536150258895,-0.295512134266,0.609964795569,0.514398967148,89.999998796,90.0000005327
0.612156107127,-0.314552286474,0.536062478911,-0.294966994954,0.609964795569,0.514398967148,89.999998796,90.0000005327
0.612137678601,-0.313991265542,0.535974903502,-0.294421760618,0.609964795569,0.514398967148,89.999998796,90.0000005327
0.612119356781,-0.313430051002,0.535887532541,-0.293876431758,0.609964795569,0.514398967148,89.999998796,90.0000005327
0.612101141319,-0.312868643407,0.535800365876,-0.293331008922,0.609964795569,0.514398967148,89.999998796,90.0000005327
0.612083031877,-0.312307043285,0.535713403353,-0.292785492655,0.609964795569,0.514398967148,89.999998796,90.0000005327
0.612065028106,-0.311745251187,0.535626644846,-0.292239883451,0.609964795569,0.514398967148,89.999998796,90.0000005327
0.61204712967,-0.311183267641,0.53554009022,-0.29169418182,0.609964795569,0.514398967148,89.999998796,90.0000005327
0.612029336218,-0.310621093196,0.535453739318,-0.291148388305,0.609964795569,0.514398967148,89.999998796,90.0000005327
0.612011647405,-0.310058728395,0.535367591993,-0.290602503429,0.609964795569,0.514398967148,89.999998796,90.0000005327
0.61199406289,-0.309496173771,0.535281648118,-0.290056527682,0.609964795569,0.514398967148,89.999998796,90.0000005327
0.611976582323,-0.308933429875,0.535195907545,-0.289510461584,0.609964795569,0.514398967148,89.999998796,90.0000005327
0.611959205367,-0.308370497228,0.535110370117,-0.288964305674,0.609964795569,0.514398967148,89.999998796,90.0000005327
0.611941931671,-0.30780737638,0.535025035693,-0.288418060452,0.609964795569,0.514398967148,89.999998796,90.0000005327
0.611924760898,-0.307244067856,0.534939904143,-0.287871726403,0.609964795569,0.514398967148,89.999998796,90.0000005327
0.611907692698,-0.3066805722,0.534854975307,-0.28732530406,0.609964795569,0.514398967148,89.999998796,90.0000005327
0.611890726721,-0.306116889959,0.534770249028,-0.286778793954,0.609964795569,0.514398967148,89.999998796,90.0000005327
0.611873862631,-0.305553021654,0.534685725173,-0.28623219656,0.609964795569,0.514398967148,89.999998796,90.0000005327
0.611857100076,-0.30498896783,0.534601403598,-0.285685512381,0.609964795569,0.514398967148,89.999998796,90.0000005327
0.611840438721,-0.304424729007,0.534517284141,-0.285138741946,0.609964795569,0.514398967148,89.999998796,90.0000005327
0.611823878213,-0.303860305728,0.534433366655,-0.284591885754,0.609964795569,0.514398967148,89.999998796,90.0000005327
0.611807418212,-0.303295698523,0.534349651006,-0.284044944276,0.609964795569,0.514398967148,89.999998796,90.0000005327
0.611791058372,-0.302730907925,0.534266137034,-0.283497918034,0.609964795569,0.514398967148,89.999998796,90.0000005327
0.611774798344,-0.302165934476,0.534182824575,-0.282950807552,0.609964795569,0.514398967148,89.999998796,90.0000005327
0.611758637788,-0.301600778693,0.534099713494,-0.282403613297,0.609964795569,0.514398967148,89.999998796,90.0000005327
0.611742576356,-0.301035441118,0.534016803644,-0.28185633576,0.609964795569,0.514398967148,89.999998796,90.0000005327
0.611726613711,-0.300469922266,0.533934094858,-0.28130897546,0.609964795569,0.514398967148,89.999998796,90.0000005327
0.611710749501,-0.299904222678,0.533851586987,-0.280761532888,0.609964795569,0.514398967148,89.999998796,90.0000005327
0.611694983385,-0.299338342877,0.533769279894,-0.280214008504,0.609964795569,0.514398967148,89.999998796,90.0000005327
0.611679315018,-0.298772283394,0.533687173414,-0.279666402824,0.609964795569,0.514398967148,89.999998796,90.0000005327
0.61166374405,-0.298206044765,0.533605267381,-0.279118716361,0.609964795569,0.514398967148,89.999998796,90.0000005327
0.611648270145,-0.297639627505,0.533523561659,-0.278570949565,0.609964795569,0.514398967148,89.999998796,90.0000005327
0.611632892951,-0.297073032149,0.533442056093,-0.278023102928,0.609964795569,0.514398967148,89.999998796,90.0000005327
0.611617612132,-0.296506259211,0.533360750513,-0.277475176961,0.609964795569,0.514398967148,89.999998796,90.0000005327
0.611602427339,-0.295939309226,0.533279644773,-0.276927172132,0.609964795569,0.514398967148,89.999998796,90.0000005327
0.611587338232,-0.295372182707,0.533198738726,-0.276379088904,0.609964795569,0.514398967148,89.999998796,90.0000005327
0.611572344465,-0.294804880187,0.533118032204,-0.275830927785,0.609964795569,0.514398967148,89.999998796,90.0000005327
0.611557445687,-0.294237402196,0.533037525045,-0.275282689262,0.609964795569,0.514398967148,89.999998796,90.0000005327
0.611542641563,-0.293669749247,0.532957217113,-0.274734373775,0.609964795569,0.514398967148,89.999998796,90.0000005327
0.611527931742,-0.29310192187,0.532877108238,-0.274185981823,0.609964795569,0.514398967148,89.999998796,90.0000005327
0.611513315888,-0.292533920575,0.532797198249,-0.273637513909,0.609964795569,0.514398967148,89.999998796,90.0000005327
0.611498793653,-0.291965745892,0.532717487006,-0.273088970469,0.609964795569,0.514398967148,89.999998796,90.0000005327
0.611484364698,-0.291397398329,0.53263797435,-0.27254035198,0.609964795569,0.514398967148,89.999998796,90.0000005327
0.611470028675,-0.290828878415,0.532558660107,-0.271991658941,0.609964795569,0.514398967148,89.999998796,90.0000005327
0.611455785245,-0.290260186664,0.532479544129,-0.271442891801,0.609964795569,0.514398967148,89.999998796,90.0000005327
0.611441634063,-0.289691323597,0.532400626261,-0.270894051017,0.609964795569,0.514398967148,89.999998796,90.0000005327
0.611427574782,-0.289122289738,0.532321906331,-0.270345137081,0.609964795569,0.514398967148,89.999998796,90.0000005327
0.611413607064,-0.288553085595,0.532243384179,-0.269796150457,0.609964795569,0.514398967148,89.999998796,90.0000005327
0.611399730563,-0.287983711692,0.532165059659,-0.269247091581,0.609964795569,0.514398967148,89.999998796,90.0000005327
0.61138594494,-0.287414168534,0.532086932596,-0.268697960942,0.609964795569,0.514398967148,89.999998796,90.0000005327
0.611372249851,-0.286844456644,0.532009002824,-0.268148759012,0.609964795569,0.514398967148,89.999998796,90.0000005327
0.611358644957,-0.286274576527,0.531931270201,-0.267599486211,0.609964795569,0.514398967148,89.999998796,90.0000005327
0.611345129913,-0.285704528704,0.531853734551,-0.267050143023,0.609964795569,0.514398967148,89.999998796,90.0000005327
0.611331704381,-0.285134313677,0.531776395701,-0.266500729928,0.609964795569,0.514398967148,89.999998796,90.0000005327
0.611318368017,-0.284563931968,0.53169925351,-0.265951247338,0.609964795569,0.514398967148,89.999998796,90.0000005327
0.611305120474,-0.283993384095,0.531622307806,-0.265401695724,0.609964795569,0.514398967148,89.999998796,90.0000005327
0.611291961416,-0.28342267056,0.531545558411,-0.264852075568,0.609964795569,0.514398967148,89.999998796,90.0000005327
0.611278890499,-0.282851791881,0.531469005182,-0.264302387281,0.609964795569,0.514398967148,89.999998796,90.0000005327
0.611265907385,-0.282280748558,0.531392647949,-0.263752631323,0.609964795569,0.514398967148,89.999998796,90.0000005327
0.611253011731,-0.281709541107,0.531316486534,-0.26320280817,0.609964795569,0.514398967148,89.999998796,90.0000005327
0.6112402032,-0.281138170028,0.531240520789,-0.262652918236,0.609964795569,0.514398967148,89.999998796,90.0000005327
0.611227481448,-0.280566635835,0.531164750546,-0.262102961972,0.609964795569,0.514398967148,89.999998796,90.0000005327
0.611214846139,-0.279994939028,0.531089175627,-0.26155293985,0.609964795569,0.514398967148,89.999998796,90.0000005327
0.611202296929,-0.279423080118,0.53101379588,-0.261002852282,0.609964795569,0.514398967148,89.999998796,90.0000005327
0.611189833484,-0.278851059604,0.530938611138,-0.260452699713,0.609964795569,0.514398967148,89.999998796,90.0000005327
0.61117745546,-0.278278877997,0.530863621222,-0.259902482608,0.609964795569,0.514398967148,89.999998796,90.0000005327
0.611165162518,-0.277706535801,0.530788825978,-0.25935220138,0.609964795569,0.514398967148,89.999998796,90.0000005327
0.611152954319,-0.277134033518,0.53071422524,-0.258801856467,0.609964795569,0.514398967148,89.999998796,90.0000005327
0.611140830522,-0.276561371657,0.530639818827,-0.258251448329,0.609964795569,0.514398967148,89.999998796,90.0000005327
0.611128790791,-0.275988550714,0.530565606585,-0.257700977376,0.609964795569,0.514398967148,89.999998796,90.0000005327
0.611116834786,-0.275415571194,0.530491588346,-0.257150444041,0.609964795569,0.514398967148,89.999998796,90.0000005327
0.611104962171,-0.274842433593,0.530417763929,-0.256599848781,0.609964795569,0.514398967148,89.999998796,90.0000005327
0.611093172607,-0.274269138415,0.53034413318,-0.256049191998,0.609964795569,0.514398967148,89.999998796,90.0000005327
0.611081465758,-0.273695686155,0.530270695928,-0.255498474124,0.609964795569,0.514398967148,89.999998796,90.0000005327
0.611069841284,-0.273122077314,0.530197451993,-0.254947695612,0.609964795569,0.514398967148,89.999998796,90.0000005327
0.611058298851,-0.272548312386,0.530124401221,-0.254396856855,0.609964795569,0.514398967148,89.999998796,90.0000005327
0.611046838121,-0.271974391872,0.530051543439,-0.253845958286,0.609964795569,0.514398967148,89.999998796,90.0000005327
0.611035458759,-0.271400316264,0.529978878465,-0.253295000353,0.609964795569,0.514398967148,89.999998796,90.0000005327
0.611024160426,-0.270826086062,0.529906406149,-0.252743983439,0.609964795569,0.514398967148,89.999998796,90.0000005327
0.61101294279,-0.270251701755,0.529834126312,-0.252192907978,0.609964795569,0.514398967148,89.999998796,90.0000005327
0.611001805512,-0.269677163843,0.529762038773,-0.251641774416,0.609964795569,0.514398967148,89.999998796,90.0000005327
0.610990748259,-0.269102472813,0.529690143384,-0.251090583119,0.609964795569,0.514398967148,89.999998796,90.0000005327
0.610979770694,-0.268527629165,0.529618439963,-0.25053933453,0.609964795569,0.514398967148,89.999998796,90.0000005327
0.610968872483,-0.267952633388,0.529546928326,-0.24998802909,0.609964795569,0.514398967148,89.999998796,90.0000005327
0.61095805329,-0.267377485976,0.529475608326,-0.24943666716,0.609964795569,0.514398967148,89.999998796,90.0000005327
0.610947312781,-0.266802187421,0.529404479779,-0.24888524918,0.609964795569,0.514398967148,89.999998796,90.0000005327
0.610936650623,-0.26622673821,0.529333542507,-0.248333775571,0.609964795569,0.514398967148,89.999998796,90.0000005327
0.610926066481,-0.265651138837,0.529262796356,-0.247782246707,0.609964795569,0.514398967148,89.999998796,90.0000005327
0.610915560023,-0.265075389784,0.529192241142,-0.24723066302,0.609964795569,0.514398967148,89.999998796,90.0000005327
0.610905130915,-0.264499491544,0.529121876694,-0.246679024913,0.609964795569,0.514398967148,89.999998796,90.0000005327
0.610894778826,-0.263923444601,0.529051702849,-0.246127332771,0.609964795569,0.514398967148,89.999998796,90.0000005327
0.610884503423,-0.263347249442,0.528981719421,-0.245575587023,0.609964795569,0.514398967148,89.999998796,90.0000005327
0.610874304374,-0.262770906552,0.528911926251,-0.245023788046,0.609964795569,0.514398967148,89.999998796,90.0000005327
0.610864181347,-0.262194416418,0.528842323163,-0.244471936241,0.609964795569,0.514398967148,89.999998796,90.0000005327
0.610854134013,-0.261617779521,0.528772909973,-0.243920032035,0.609964795569,0.514398967148,89.999998796,90.0000005327
0.610844162038,-0.261040996346,0.528703686531,-0.243368075774,0.609964795569,0.514398967148,89.999998796,90.0000005327
0.610834265094,-0.260464067375,0.528634652649,-0.242816067882,0.609964795569,0.514398967148,89.999998796,90.0000005327
0.610824442849,-0.259886993091,0.528565808144,-0.242264008778,0.609964795569,0.514398967148,89.999998796,90.0000005327
0.610814694974,-0.259309773974,0.528497152863,-0.241711898808,0.609964795569,0.514398967148,89.999998796,90.0000005327
0.61080502114,-0.258732410505,0.528428686621,-0.241159738388,0.609964795569,0.514398967148,89.999998796,90.0000005327
0.610795421017,-0.258154903164,0.528360409244,-0.240607527906,0.609964795569,0.514398967148,89.999998796,90.0000005327
0.610785894277,-0.25757725243,0.528292320568,-0.240055267732,0.609964795569,0.514398967148,89.999998796,90.0000005327
0.610776440591,-0.25699945878,0.528224420405,-0.239502958278,0.609964795569,0.514398967148,89.999998796,90.0000005327
0.610767059632,-0.256421522693,0.528156708598,-0.238950599894,0.609964795569,0.514398967148,89.999998796,90.0000005327
0.610757751071,-0.255843444645,0.528089184966,-0.23839819298,0.609964795569,0.514398967148,89.999998796,90.0000005327
0.610748514581,-0.255265225112,0.528021849323,-0.237845737943,0.609964795569,0.514398967148,89.999998796,90.0000005327
0.610739349836,-0.25468686457,0.527954701513,-0.237293235119,0.609964795569,0.514398967148,89.999998796,90.0000005327
0.610730256509,-0.254108363493,0.527887741352,-0.236740684913,0.609964795569,0.514398967148,89.999998796,90.0000005327
0.610721234273,-0.253529722356,0.527820968664,-0.236188087701,0.609964795569,0.514398967148,89.999998796,90.0000005327
0.610712282805,-0.25295094163,0.527754383283,-0.235635443842,0.609964795569,0.514398967148,89.999998796,90.0000005327
0.610703401777,-0.252372021789,0.527687985023,-0.235082753736,0.609964795569,0.514398967148,89.999998796,90.0000005327
0.610694590865,-0.251792963303,0.527621773727,-0.234530017713,0.609964795569,0.514398967148,89.999998796,90.0000005327
0.610685849745,-0.251213766645,0.527555749209,-0.233977236171,0.609964795569,0.514398967148,89.999998796,90.0000005327
0.610677178092,-0.250634432283,0.527489911282,-0.233424409504,0.609964795569,0.514398967148,89.999998796,90.0000005327
0.610668575584,-0.250054960688,0.527424259792,-0.232871538038,0.609964795569,0.514398967148,89.999998796,90.0000005327
0.610660041896,-0.249475352326,0.52735879455,-0.232318622167,0.609964795569,0.514398967148,89.999998796,90.0000005327
0.610651576706,-0.248895607668,0.527293515391,-0.231765662233,0.609964795569,0.514398967148,89.999998796,90.0000005327
0.610643179692,-0.248315727178,0.527228422138,-0.231212658607,0.609964795569,0.514398967148,89.999998796,90.0000005327
0.610634850532,-0.247735711325,0.527163514604,-0.230659611676,0.609964795569,0.514398967148,89.999998796,90.0000005327
0.610626588904,-0.247155560572,0.527098792631,-0.230106521759,0.609964795569,0.514398967148,89.999998796,90.0000005327
0.610618394487,-0.246575275386,0.527034256033,-0.229553389241,0.609964795569,0.514398967148,89.999998796,90.0000005327
0.610610266961,-0.245994856227,0.526969904638,-0.229000214473,0.609964795569,0.514398967148,89.999998796,90.0000005327
0.610602206006,-0.245414303564,0.526905738274,-0.228446997803,0.609964795569,0.514398967148,89.999998796,90.0000005327
0.610594211301,-0.244833617853,0.526841756753,-0.227893739612,0.609964795569,0.514398967148,89.999998796,90.0000005327
0.610586282528,-0.244252799561,0.526777959917,-0.227340440214,0.609964795569,0.514398967148,89.999998796,90.0000005327
0.610578419368,-0.243671849144,0.52671434758,-0.226787099985,0.609964795569,0.514398967148,89.999998796,90.0000005327
0.610570621503,-0.243090767066,0.526650919569,-0.226233719272,0.609964795569,0.514398967148,89.999998796,90.0000005327
0.610562888615,-0.242509553783,0.52658767571,-0.225680298413,0.609964795569,0.514398967148,89.999998796,90.0000005327
0.610555220385,-0.241928209757,0.526524615818,-0.225126837781,0.609964795569,0.514398967148,89.999998796,90.0000005327
0.610547616498,-0.241346735443,0.526461739733,-0.224573337684,0.609964795569,0.514398967148,89.999998796,90.0000005327
0.610540076636,-0.240765131301,0.526399047269,-0.224019798491,0.609964795569,0.514398967148,89.999998796,90.0000005327
0.610532600481,-0.240183397792,0.526336538255,-0.223466220535,0.609964795569,0.514398967148,89.999998796,90.0000005327
0.61052518772,-0.239601535368,0.526274212516,-0.222912604153,0.609964795569,0.514398967148,89.999998796,90.0000005327
0.610517838035,-0.239019544487,0.526212069866,-0.222358949711,0.609964795569,0.514398967148,89.999998796,90.0000005327
0.610510551115,-0.238437425598,0.526150110143,-0.22180525751,0.609964795569,0.514398967148,89.999998796,90.0000005327
0.610503326642,-0.23785517916,0.526088333164,-0.221251527911,0.609964795569,0.514398967148,89.999998796,90.0000005327
0.610496164306,-0.237272805619,0.526026738762,-0.220697761223,0.609964795569,0.514398967148,89.999998796,90.0000005327
0.610489063791,-0.236690305432,0.525965326755,-0.220143957794,0.609964795569,0.514398967148,89.999998796,90.0000005327
0.610482024788,-0.236107679044,0.525904096959,-0.219590117981,0.609964795569,0.514398967148,89.999998796,90.0000005327
0.610475046982,-0.235524926911,0.525843049211,-0.219036242079,0.609964795569,0.514398967148,89.999998796,90.0000005327
0.610468130064,-0.234942049475,0.525782183327,-0.218482330441,0.609964795569,0.514398967148,89.999998796,90.0000005327
0.61046127372,-0.234359047191,0.525721499145,-0.217928383362,0.609964795569,0.514398967148,89.999998796,90.0000005327
0.610454477643,-0.233775920499,0.525660996478,-0.217374401191,0.609964795569,0.514398967148,89.999998796,90.0000005327
0.61044774152,-0.233192669854,0.525600675153,-0.216820384253,0.609964795569,0.514398967148,89.999998796,90.0000005327
0.610441065045,-0.232609295691,0.525540534996,-0.216266332861,0.609964795569,0.514398967148,89.999998796,90.0000005327
0.610434447906,-0.232025798465,0.525480575824,-0.215712247359,0.609964795569,0.514398967148,89.999998796,90.0000005327
0.610427889794,-0.231442178621,0.525420797474,-0.215158128035,0.609964795569,0.514398967148,89.999998796,90.0000005327
0.610421390402,-0.230858436602,0.525361199762,-0.21460397523,0.609964795569,0.514398967148,89.999998796,90.0000005327
0.610414949418,-0.23027457286,0.525301782524,-0.214049789232,0.609964795569,0.514398967148,89.999998796,90.0000005327
0.61040856654,-0.229690587827,0.525242545577,-0.213495570377,0.609964795569,0.514398967148,89.999998796,90.0000005327
0.610402241457,-0.229106481954,0.525183488742,-0.212941318987,0.609964795569,0.514398967148,89.999998796,90.0000005327
0.610395973869,-0.22852225567,0.52512461185,-0.212387035359,0.609964795569,0.514398967148,89.999998796,90.0000005327
0.610389763465,-0.227937909426,0.525065914718,-0.211832719825,0.609964795569,0.514398967148,89.999998796,90.0000005327
0.610383609947,-0.227353443647,0.525007397182,-0.211278372667,0.609964795569,0.514398967148,89.999998796,90.0000005327
0.610377513005,-0.226768858783,0.524949059059,-0.210723994212,0.609964795569,0.514398967148,89.999998796,90.0000005327
0.610371472341,-0.226184155259,0.524890900185,-0.21016958474,0.609964795569,0.514398967148,89.999998796,90.0000005327
0.610365487647,-0.225599333522,0.524832920378,-0.209615144576,0.609964795569,0.514398967148,89.999998796,90.0000005327
0.610359558623,-0.225014394004,0.524775119464,-0.209060674016,0.609964795569,0.514398967148,89.999998796,90.0000005327
0.610353684966,-0.224429337143,0.524717497271,-0.208506173364,0.609964795569,0.514398967148,89.999998796,90.0000005327
0.610347866369,-0.223844163386,0.524660053614,-0.207951642938,0.609964795569,0.514398967148,89.999998796,90.0000005327
0.610342102537,-0.223258873151,0.524602788331,-0.207397083013,0.609964795569,0.514398967148,89.999998796,90.0000005327
0.610336393166,-0.222673466885,0.524545701239,-0.206842493905,0.609964795569,0.514398967148,89.999998796,90.0000005327
0.61033073796,-0.222087945003,0.524488792173,-0.206287875886,0.609964795569,0.514398967148,89.999998796,90.0000005327
0.610325136617,-0.22150230795,0.524432060953,-0.205733229268,0.609964795569,0.514398967148,89.999998796,90.0000005327
0.610319588844,-0.220916556138,0.524375507412,-0.205178554321,0.609964795569,0.514398967148,89.999998796,90.0000005327
0.610314094337,-0.220330690014,0.524319131371,-0.204623851356,0.609964795569,0.514398967148,89.999998796,90.0000005327
0.610308652802,-0.219744709995,0.524262932659,-0.204069120652,0.609964795569,0.514398967148,89.999998796,90.0000005327
0.610303263941,-0.219158616515,0.5242069111,-0.203514362502,0.609964795569,0.514398967148,89.999998796,90.0000005327
0.610297927451,-0.218572410019,0.524151066516,-0.20295957721,0.609964795569,0.514398967148,89.999998796,90.0000005327
0.610292643044,-0.217986090913,0.524095398739,-0.202404765041,0.609964795569,0.514398967148,89.999998796,90.0000005327
0.610287410418,-0.217399659639,0.524039907592,-0.201849926294,0.609964795569,0.514398967148,89.999998796,90.0000005327
0.610282229287,-0.2168131166,0.523984592908,-0.201295061232,0.609964795569,0.514398967148,89.999998796,90.0000005327
0.610277099351,-0.216226462239,0.523929454508,-0.200740170152,0.609964795569,0.514398967148,89.999998796,90.0000005327
0.610272020325,-0.215639696955,0.523874492227,-0.200185253314,0.609964795569,0.514398967148,89.999998796,90.0000005327
0.610266991909,-0.215052821189,0.523819705886,-0.199630311012,0.609964795569,0.514398967148,89.999998796,90.0000005327
0.610262013807,-0.214465835375,0.523765095319,-0.199075343503,0.609964795569,0.514398967148,89.999998796,90.0000005327
0.610257085733,-0.213878739916,0.523710660349,-0.198520351078,0.609964795569,0.514398967148,89.999998796,90.0000005327
0.61025220739,-0.213291535253,0.523656400809,-0.197965333992,0.609964795569,0.514398967148,89.999998796,90.0000005327
0.610247378497,-0.212704221779,0.523602316523,-0.197410292533,0.609964795569,0.514398967148,89.999998796,90.0000005327
0.610242598756,-0.212116799932,0.523548407315,-0.196855226974,0.609964795569,0.514398967148,89.999998796,90.0000005327
0.610237867888,-0.211529270105,0.523494673017,-0.196300137579,0.609964795569,0.514398967148,89.999998796,90.0000005327
0.610233185598,-0.210941632734,0.523441113454,-0.195745024625,0.609964795569,0.514398967148,89.999998796,90.0000005327
0.610228551593,-0.210353888247,0.523387728458,-0.195189888366,0.609964795569,0.514398967148,89.999998796,90.0000005327
0.610223965592,-0.209766037042,0.523334517852,-0.194634729081,0.609964795569,0.514398967148,89.999998796,90.0000005327
0.610219427302,-0.209178079554,0.52328148147,-0.194079547021,0.609964795569,0.514398967148,89.999998796,90.0000005327
0.610214936446,-0.208590016169,0.523228619136,-0.193524342462,0.609964795569,0.514398967148,89.999998796,90.0000005327
0.610210492732,-0.20800184732,0.523175930683,-0.192969115655,0.609964795569,0.514398967148,89.999998796,90.0000005327
0.610206095883,-0.207413573397,0.523123415934,-0.19241386687,0.609964795569,0.514398967148,89.999998796,90.0000005327
0.61020174561,-0.206825194828,0.523071074723,-0.191858596356,0.609964795569,0.514398967148,89.999998796,90.0000005327
0.610197441621,-0.206236712045,0.523018906875,-0.191303304382,0.609964795569,0.514398967148,89.999998796,90.0000005327
0.610193183644,-0.205648125428,0.522966912222,-0.190747991194,0.609964795569,0.514398967148,89.999998796,90.0000005327
0.610188971389,-0.205059435408,0.522915090592,-0.190192657056,0.609964795569,0.514398967148,89.999998796,90.0000005327
0.610184804585,-0.204470642362,0.522863441815,-0.189637302212,0.609964795569,0.514398967148,89.999998796,90.0000005327
0.610180682944,-0.20388174672,0.52281196572,-0.189081926924,0.609964795569,0.514398967148,89.999998796,90.0000005327
0.610176606184,-0.203292748896,0.522760662138,-0.188526531434,0.609964795569,0.514398967148,89.999998796,90.0000005327
0.610172574029,-0.202703649279,0.522709530897,-0.187971115998,0.609964795569,0.514398967148,89.999998796,90.0000005327
0.610168586194,-0.202114448301,0.522658571831,-0.187415680858,0.609964795569,0.514398967148,89.999998796,90.0000005327
0.61016464241,-0.201525146329,0.522607784766,-0.186860226266,0.609964795569,0.514398967148,89.999998796,90.0000005327
0.610160742393,-0.200935743793,0.522557169536,-0.186304752462,0.609964795569,0.514398967148,89.999998796,90.0000005327
0.610156885868,-0.200346241085,0.52250672597,-0.185749259694,0.609964795569,0.514398967148,89.999998796,90.0000005327
0.61015307256,-0.199756638606,0.522456453901,-0.185193748201,0.609964795569,0.514398967148,89.999998796,90.0000005327
0.610149302183,-0.199166936786,0.522406353159,-0.184638218225,0.609964795569,0.514398967148,89.999998796,90.0000005327
0.610145574477,-0.198577135984,0.522356423575,-0.184082670004,0.609964795569,0.514398967148,89.999998796,90.0000005327
0.610141889157,-0.197987236629,0.522306664982,-0.183527103777,0.609964795569,0.514398967148,89.999998796,90.0000005327
0.610138245956,-0.197397239099,0.522257077211,-0.182971519781,0.609964795569,0.514398967148,89.999998796,90.0000005327
0.610134644599,-0.196807143801,0.522207660096,-0.182415918249,0.609964795569,0.514398967148,89.999998796,90.0000005327
0.610131084804,-0.196216951159,0.522158413467,-0.181860299417,0.609964795569,0.514398967148,89.999998796,90.0000005327
0.610127566314,-0.195626661526,0.522109337159,-0.181304663513,0.609964795569,0.514398967148,89.999998796,90.0000005327
0.610124088848,-0.19503627533,0.522060431004,-0.180749010773,0.609964795569,0.514398967148,89.999998796,90.0000005327
0.610120652141,-0.194445792946,0.522011694835,-0.180193341421,0.609964795569,0.514398967148,89.999998796,90.0000005327
0.610117255923,-0.193855214771,0.521963128486,-0.179637655688,0.609964795569,0.514398967148,89.999998796,90.0000005327
0.610113899916,-0.193264541231,0.521914731791,-0.179081953797,0.609964795569,0.514398967148,89.999998796,90.0000005327
0.610110583865,-0.192673772669,0.521866504583,-0.178526235977,0.609964795569,0.514398967148,89.999998796,90.0000005327
0.610107307494,-0.19208290951,0.521818446698,-0.177970502446,0.609964795569,0.514398967148,89.999998796,90.0000005327
0.610104070537,-0.19149195214,0.521770557969,-0.177414753432,0.609964795569,0.514398967148,89.999998796,90.0000005327
0.610100872732,-0.190900900936,0.521722838232,-0.176858989147,0.609964795569,0.514398967148,89.999998796,90.0000005327
0.610097713802,-0.190309756321,0.521675287321,-0.17630320982,0.609964795569,0.514398967148,89.999998796,90.0000005327
0.6100945935,-0.189718518632,0.521627905074,-0.175747415656,0.609964795569,0.514398967148,89.999998796,90.0000005327
0.610091511551,-0.189127188291,0.521580691323,-0.175191606883,0.609964795569,0.514398967148,89.999998796,90.0000005327
0.610088467685,-0.188535765703,0.521533645909,-0.174635783704,0.609964795569,0.514398967148,89.999998796,90.0000005327
0.610085461652,-0.187944251216,0.521486768662,-0.174079946342,0.609964795569,0.514398967148,89.999998796,90.0000005327
0.610082493178,-0.187352645251,0.521440059426,-0.173524094997,0.609964795569,0.514398967148,89.999998796,90.0000005327
0.610079562016,-0.186760948152,0.521393518031,-0.172968229892,0.609964795569,0.514398967148,89.999998796,90.0000005327
0.610076667899,-0.186169160322,0.521347144321,-0.172412351219,0.609964795569,0.514398967148,89.999998796,90.0000005327
0.610073810554,-0.185577282184,0.521300938128,-0.171856459201,0.609964795569,0.514398967148,89.999998796,90.0000005327
0.610070989742,-0.184985314058,0.521254899295,-0.171300554026,0.609964795569,0.514398967148,89.999998796,90.0000005327
0.610068205191,-0.184393256365,0.521209027655,-0.170744635916,0.609964795569,0.514398967148,89.999998796,90.0000005327
0.610065456646,-0.183801109484,0.521163323053,-0.170188705052,0.609964795569,0.514398967148,89.999998796,90.0000005327
0.610062743856,-0.183208873771,0.521117785321,-0.169632761655,0.609964795569,0.514398967148,89.999998796,90.0000005327
0.610060066552,-0.182616549647,0.521072414295,-0.169076805937,0.609964795569,0.514398967148,89.999998796,90.0000005327
0.610057424495,-0.182024137437,0.521027209819,-0.168520838082,0.609964795569,0.514398967148,89.999998796,90.0000005327
0.610054817421,-0.181431637544,0.520982171725,-0.167964858308,0.609964795569,0.514398967148,89.999998796,90.0000005327
0.610052245066,-0.180839050389,0.520937299861,-0.167408866788,0.609964795569,0.514398967148,89.999998796,90.0000005327
0.610049707195,-0.180246376277,0.520892594061,-0.166852863737,0.609964795569,0.514398967148,89.999998796,90.0000005327
0.610047203543,-0.179653615626,0.520848054172,-0.166296849322,0.609964795569,0.514398967148,89.999998796,90.0000005327
0.610044733856,-0.17906076882,0.520803680029,-0.165740823761,0.609964795569,0.514398967148,89.999998796,90.0000005327
0.610042297894,-0.178467836193,0.520759471481,-0.165184787213,0.609964795569,0.514398967148,89.999998796,90.0000005327
0.610039895394,-0.177874818164,0.520715428362,-0.164628739893,0.609964795569,0.514398967148,89.999998796,90.0000005327
0.610037526116,-0.17728171507,0.520671550524,-0.164072681957,0.609964795569,0.514398967148,89.999998796,90.0000005327
0.61003518981,-0.176688527284,0.5206278378,-0.163516613619,0.609964795569,0.514398967148,89.999998796,90.0000005327
0.610032886214,-0.176095255225,0.520584290036,-0.162960535051,0.609964795569,0.514398967148,89.999998796,90.0000005327
0.610030615103,-0.175501899186,0.520540907073,-0.162404446444,0.609964795569,0.514398967148,89.999998796,90.0000005327
0.610028376217,-0.174908459578,0.520497688746,-0.161848348008,0.609964795569,0.514398967148,89.999998796,90.0000005327
0.610026169297,-0.174314936818,0.520454634908,-0.161292239888,0.609964795569,0.514398967148,89.999998796,90.0000005327
0.610023994123,-0.173721331188,0.520411745394,-0.160736122295,0.609964795569,0.514398967148,89.999998796,90.0000005327
0.610021850434,-0.173127643105,0.52036902006,-0.160179995365,0.609964795569,0.514398967148,89.999998796,90.0000005327
0.610019737983,-0.172533872955,0.520326458741,-0.159623859311,0.609964795569,0.514398967148,89.999998796,90.0000005327
0.610017656542,-0.171940021044,0.520284061295,-0.159067714262,0.609964795569,0.514398967148,89.999998796,90.0000005327
0.610015605854,-0.171346087787,0.520241827555,-0.158511560428,0.609964795569,0.514398967148,89.999998796,90.0000005327
0.610013585681,-0.170752073539,0.520199757371,-0.157955397972,0.609964795569,0.514398967148,89.999998796,90.0000005327
0.610011595791,-0.170157978631,0.520157850588,-0.157399227065,0.609964795569,0.514398967148,89.999998796,90.0000005327
0.61000963593,-0.169563803477,0.520116107041,-0.156843047914,0.609964795569,0.514398967148,89.999998796,90.0000005327
0.610007705867,-0.168969548405,0.520074526592,-0.156286860639,0.609964795569,0.514398967148,89.999998796,90.0000005327
0.610005805366,-0.168375213766,0.520033109075,-0.155730665446,0.609964795569,0.514398967148,89.999998796,90.0000005327
0.610003934175,-0.167780799974,0.519991854353,-0.155174462447,0.609964795569,0.514398967148,89.999998796,90.0000005327
0.610002092071,-0.167186307332,0.519950762263,-0.154618251849,0.609964795569,0.514398967148,89.999998796,90.0000005327
0.610000278817,-0.16659173621,0.51990983266,-0.154062033782,0.609964795569,0.514398967148,89.999998796,90.0000005327
0.609998494162,-0.165997087018,0.519869065389,-0.153505808426,0.609964795569,0.514398967148,89.999998796,90.0000005327
0.609996737889,-0.165402360043,0.519828460285,-0.152949575987,0.609964795569,0.514398967148,89.999998796,90.0000005327
0.609995009759,-0.164807555664,0.519788017214,-0.152393336563,0.609964795569,0.514398967148,89.999998796,90.0000005327
0.609993309524,-0.164212674293,0.519747736013,-0.151837090357,0.609964795569,0.514398967148,89.999998796,90.0000005327
0.609991636973,-0.163617716202,0.519707616551,-0.151280837461,0.609964795569,0.514398967148,89.999998796,90.0000005327
0.609989991866,-0.163022681776,0.519667658663,-0.150724578078,0.609964795569,0.514398967148,89.999998796,90.0000005327
0.609988373957,-0.162427571426,0.519627862201,-0.150168312357,0.609964795569,0.514398967148,89.999998796,90.0000005327
0.609986783039,-0.161832385416,0.519588227022,-0.149612040436,0.609964795569,0.514398967148,89.999998796,90.0000005327
0.609985218873,-0.161237124131,0.51954875296,-0.149055762518,0.609964795569,0.514398967148,89.999998796,90.0000005327
0.609983681215,-0.160641787984,0.519509439889,-0.148499478679,0.609964795569,0.514398967148,89.999998796,90.0000005327
0.609982169862,-0.160046377233,0.519470287646,-0.147943189122,0.609964795569,0.514398967148,89.999998796,90.0000005327
0.609980684578,-0.15945089226,0.519431296101,-0.147386893931,0.609964795569,0.514398967148,89.999998796,90.0000005327
0.609979225119,-0.158855333477,0.519392465096,-0.14683059329,0.609964795569,0.514398967148,89.999998796,90.0000005327
0.609977791284,-0.158259701143,0.519353794467,-0.146274287404,0.609964795569,0.514398967148,89.999998796,90.0000005327
0.60997638284,-0.157663995632,0.519315284093,-0.145717976329,0.609964795569,0.514398967148,89.999998796,90.0000005327
0.609974999548,-0.157068217354,0.51927693381,-0.145161660267,0.609964795569,0.514398967148,89.999998796,90.0000005327
0.609973641205,-0.156472366576,0.519238743499,-0.144605339269,0.609964795569,0.514398967148,89.999998796,90.0000005327
0.609972307584,-0.155876443656,0.519200712996,-0.144049013535,0.609964795569,0.514398967148,89.999998796,90.0000005327
0.609970998447,-0.155280449005,0.51916284214,-0.143492683267,0.609964795569,0.514398967148,89.999998796,90.0000005327
0.609969713591,-0.154684382902,0.519125130813,-0.142936348507,0.609964795569,0.514398967148,89.999998796,90.0000005327
0.609968452796,-0.154088245682,0.519087578853,-0.142380009456,0.609964795569,0.514398967148,89.999998796,90.0000005327
0.609967215825,-0.153492037757,0.519050186143,-0.141823666149,0.609964795569,0.514398967148,89.999998796,90.0000005327
0.609966002472,-0.152895759427,0.519012952522,-0.141267318785,0.609964795569,0.514398967148,89.999998796,90.0000005327
0.609964812527,-0.152299410996,0.518975877829,-0.140710967564,0.609964795569,0.514398967148,89.999998796,90.0000005327
0.609963645755,-0.151702992877,0.518938961951,-0.140154612509,0.609964795569,0.514398967148,89.999998796,90.0000005327
0.609962501943,-0.151106505396,0.518902204727,-0.139598253821,0.609964795569,0.514398967148,89.999998796,90.0000005327
0.609961380894,-0.150509948823,0.518865606034,-0.139041891554,0.609964795569,0.514398967148,89.999998796,90.0000005327
0.609960282375,-0.149913323566,0.518829165724,-0.138485525867,0.609964795569,0.514398967148,89.999998796,90.0000005327
0.609959206165,-0.149316629992,0.518792883636,-0.137929156962,0.609964795569,0.514398967148,89.999998796,90.0000005327
0.609958152079,-0.14871986832,0.518756759661,-0.137372784838,0.609964795569,0.514398967148,89.999998796,90.0000005327
0.609957119888,-0.148123038963,0.518720793639,-0.1368164097,0.609964795569,0.514398967148,89.999998796,90.0000005327
0.609956109362,-0.147526142328,0.518684985436,-0.136260031653,0.609964795569,0.514398967148,89.999998796,90.0000005327
0.609955120318,-0.146929178632,0.51864933492,-0.135703650782,0.609964795569,0.514398967148,89.999998796,90.0000005327
0.609954152541,-0.146332148236,0.518613841933,-0.13514726729,0.609964795569,0.514398967148,89.999998796,90.0000005327
0.609953205803,-0.145735051552,0.518578506372,-0.134590881154,0.609964795569,0.514398967148,89.999998796,90.0000005327
0.609952279912,-0.145137888844,0.518543328078,-0.134034492578,0.609964795569,0.514398967148,89.999998796,90.0000005327
0.609951374668,-0.144540660412,0.518508306891,-0.133478101762,0.609964795569,0.514398967148,89.999998796,90.0000005327
0.609950489845,-0.143943366668,0.518473442712,-0.132921708674,0.609964795569,0.514398967148,89.999998796,90.0000005327
0.609949625239,-0.143346007935,0.518438735382,-0.132365313518,0.609964795569,0.514398967148,89.999998796,90.0000005327
0.609948780669,-0.142748584443,0.518404184771,-0.131808916378,0.609964795569,0.514398967148,89.999998796,90.0000005327
0.609947955911,-0.142151096603,0.518369790755,-0.131252517329,0.609964795569,0.514398967148,89.999998796,90.0000005327
0.609947150746,-0.14155354481,0.518335553174,-0.130696116573,0.609964795569,0.514398967148,89.999998796,90.0000005327
0.609946364999,-0.140955929274,0.518301471926,-0.130139714087,0.609964795569,0.514398967148,89.999998796,90.0000005327
0.609945598464,-0.140358250343,0.518267546863,-0.12958331004,0.609964795569,0.514398967148,89.999998796,90.0000005327
0.609944850919,-0.139760508428,0.518233777824,-0.129026904638,0.609964795569,0.514398967148,89.999998796,90.0000005327
0.609944122177,-0.139162703804,0.518200164723,-0.128470497807,0.609964795569,0.514398967148,89.999998796,90.0000005327
0.609943412054,-0.138564836724,0.5181667074,-0.127914089753,0.609964795569,0.514398967148,89.999998796,90.0000005327
0.609942720332,-0.137966907601,0.518133405711,-0.127357680632,0.609964795569,0.514398967148,89.999998796,90.0000005327
0.609942046803,-0.1373689168,0.518100259556,-0.126801270406,0.609964795569,0.514398967148,89.999998796,90.0000005327
0.609941391298,-0.136770864527,0.518067268779,-0.126244859284,0.609964795569,0.514398967148,89.999998796,90.0000005327
0.609940753612,-0.136172751139,0.518034433254,-0.125688447344,0.609964795569,0.514398967148,89.999998796,90.0000005327
0.609940133528,-0.135574577049,0.518001752868,-0.125132034611,0.609964795569,0.514398967148,89.999998796,90.0000005327
0.609939530868,-0.134976342518,0.517969227462,-0.124575621296,0.609964795569,0.514398967148,89.999998796,90.0000005327
0.609938945454,-0.134378047785,0.517936856928,-0.12401920741,0.609964795569,0.514398967148,89.999998796,90.0000005327
0.609938377072,-0.133779693266,0.517904641141,-0.123462793031,0.609964795569,0.514398967148,89.999998796,90.0000005327
0.609937825519,-0.133181279336,0.517872579944,-0.12290637837,0.609964795569,0.514398967148,89.999998796,90.0000005327
0.609937290629,-0.132582806194,0.51784067324,-0.122349963384,0.609964795569,0.514398967148,89.999998796,90.0000005327
0.60993677221,-0.131984274165,0.517808920896,-0.121793548191,0.609964795569,0.514398967148,89.999998796,90.0000005327
0.60993627005,-0.131385683667,0.517777322756,-0.121237133005,0.609964795569,0.514398967148,89.999998796,90.0000005327
0.609935783968,-0.130787034986,0.517745878733,-0.120680717738,0.609964795569,0.514398967148,89.999998796,90.0000005327
0.609935313801,-0.130188328321,0.517714588688,-0.120124302536,0.609964795569,0.514398967148,89.999998796,90.0000005327
0.609934859343,-0.129589564071,0.517683452464,-0.119567887614,0.609964795569,0.514398967148,89.999998796,90.0000005327
0.609934420387,-0.128990742653,0.517652469985,-0.119011472857,0.609964795569,0.514398967148,89.999998796,90.0000005327
0.609933996768,-0.12839186428,0.517621641106,-0.118455058422,0.609964795569,0.514398967148,89.999998796,90.0000005327
0.609933588317,-0.127792929191,0.517590965674,-0.117898644526,0.609964795569,0.514398967148,89.999998796,90.0000005327
0.609933194829,-0.127193937805,0.517560443612,-0.11734223104,0.609964795569,0.514398967148,89.999998796,90.0000005327
0.609932816107,-0.126594890494,0.517530074781,-0.116785818118,0.609964795569,0.514398967148,89.999998796,90.0000005327
0.609932451994,-0.125995787451,0.517499859026,-0.116229405979,0.609964795569,0.514398967148,89.999998796,90.0000005327
0.609932102314,-0.125396628963,0.517469796271,-0.115672994496,0.609964795569,0.514398967148,89.999998796,90.0000005327
0.609931766863,-0.124797415451,0.517439886381,-0.115116583803,0.609964795569,0.514398967148,89.999998796,90.0000005327
0.609931445459,-0.124198147237,0.517410129203,-0.114560174122,0.609964795569,0.514398967148,89.999998796,90.0000005327
0.609931137948,-0.123598824513,0.517380524656,-0.114003765343,0.609964795569,0.514398967148,89.999998796,90.0000005327
0.609930844148,-0.1229994476,0.517351072615,-0.113447357563,0.609964795569,0.514398967148,89.999998796,90.0000005327
0.609930563859,-0.122400016918,0.517321772927,-0.112890951006,0.609964795569,0.514398967148,89.999998796,90.0000005327
0.609930296908,-0.121800532757,0.517292625503,-0.112334545601,0.609964795569,0.514398967148,89.999998796,90.0000005327
0.609930043145,-0.121200995305,0.517263630233,-0.111778141385,0.609964795569,0.514398967148,89.999998796,90.0000005327
0.609929802387,-0.120601404901,0.517234786963,-0.111221738585,0.609964795569,0.514398967148,89.999998796,90.0000005327
0.609929574436,-0.120001761969,0.517206095593,-0.110665337191,0.609964795569,0.514398967148,89.999998796,90.0000005327
0.609929359128,-0.119402066779,0.51717755603,-0.110108937156,0.609964795569,0.514398967148,89.999998796,90.0000005327
0.609929156312,-0.118802319516,0.517149168121,-0.109552538711,0.609964795569,0.514398967148,89.999998796,90.0000005327
0.609928965811,-0.118202520521,0.517120931749,-0.108996141927,0.609964795569,0.514398967148,89.999998796,90.0000005327
0.609928787429,-0.11760267022,0.517092846844,-0.108439746653,0.609964795569,0.514398967148,89.999998796,90.0000005327
0.609928621004,-0.117002768882,0.517064913254,-0.107883353122,0.609964795569,0.514398967148,89.999998796,90.0000005327
0.609928466389,-0.116402816688,0.51703713084,-0.107326961513,0.609964795569,0.514398967148,89.999998796,90.0000005327
0.609928323413,-0.115802813962,0.517009499545,-0.106770571614,0.609964795569,0.514398967148,89.999998796,90.0000005327
0.609928191883,-0.115202761133,0.516982019232,-0.106214183591,0.609964795569,0.514398967148,89.999998796,90.0000005327
0.609928071637,-0.114602658487,0.516954689752,-0.10565779768,0.609964795569,0.514398967148,89.999998796,90.0000005327
0.60992796253,-0.114002506204,0.516927511033,-0.105101413744,0.609964795569,0.514398967148,89.999998796,90.0000005327
0.609927864401,-0.113402304568,0.516900482971,-0.104545031789,0.609964795569,0.514398967148,89.999998796,90.0000005327
0.609927777062,-0.11280205401,0.516873605418,-0.103988652059,0.609964795569,0.514398967148,89.999998796,90.0000005327
0.609927700343,-0.112201754855,0.516846878269,-0.103432274572,0.609964795569,0.514398967148,89.999998796,90.0000005327
0.609927634106,-0.111601407284,0.516820301461,-0.102875899147,0.609964795569,0.514398967148,89.999998796,90.0000005327
0.609927578202,-0.111001011514,0.516793874844,-0.102319526032,0.609964795569,0.514398967148,89.999998796,90.0000005327
0.609927532446,-0.11040056798,0.516767598277,-0.101763155437,0.609964795569,0.514398967148,89.999998796,90.0000005327
0.60992749666,-0.109800077074,0.516741471706,-0.10120678714,0.609964795569,0.514398967148,89.999998796,90.0000005327
0.609927470709,-0.109199538971,0.516715495017,-0.100650421209,0.609964795569,0.514398967148,89.999998796,90.0000005327
0.609927454454,-0.108598953847,0.516689668063,-0.100094057899,0.609964795569,0.514398967148,89.999998796,90.0000005327
0.609927447722,-0.10799832209,0.516663990753,-0.099537697169,0.609964795569,0.514398967148,89.999998796,90.0000005327
0.60992745033,-0.107397644139,0.516638463026,-0.0989813388318,0.609964795569,0.514398967148,89.999998796,90.0000005327
0.609927462136,-0.106796920217,0.516613084732,-0.0984249831462,0.609964795569,0.514398967148,89.999998796,90.0000005327
0.609927483007,-0.106196150495,0.516587855734,-0.0978686303322,0.609964795569,0.514398967148,89.999998796,90.0000005327
0.609927512791,-0.105595335245,0.516562775978,-0.0973122801599,0.609964795569,0.514398967148,89.999998796,90.0000005327
0.609927551311,-0.104994474907,0.516537845366,-0.0967559326364,0.609964795569,0.514398967148,89.999998796,90.0000005327
0.609927598404,-0.104393569825,0.51651306375,-0.0961995880283,0.609964795569,0.514398967148,89.999998796,90.0000005327
0.60992765394,-0.10379262017,0.51648843103,-0.0956432463624,0.609964795569,0.514398967148,89.999998796,90.0000005327
0.60992771779,-0.103191626112,0.516463947154,-0.0950869074026,0.609964795569,0.514398967148,89.999998796,90.0000005327
0.609927789786,-0.102590588041,0.516439611994,-0.0945305713236,0.609964795569,0.514398967148,89.999998796,90.0000005327
0.609927869753,-0.101989506404,0.516415425404,-0.0939742384004,0.609964795569,0.514398967148,89.999998796,90.0000005327
0.609927957554,-0.101388381426,0.516391387314,-0.0934179084945,0.609964795569,0.514398967148,89.999998796,90.0000005327
0.609928053062,-0.100787213275,0.516367497669,-0.0928615813937,0.609964795569,0.514398967148,89.999998796,90.0000005327
0.609928156145,-0.10018600215,0.516343756323,-0.0923052573787,0.609964795569,0.514398967148,89.999998796,90.0000005327
0.609928266631,-0.0995847485012,0.516320163137,-0.0917489367041,0.609964795569,0.514398967148,89.999998796,90.0000005327
0.609928384353,-0.0989834527481,0.51629671806,-0.0911926191288,0.609964795569,0.514398967148,89.999998796,90.0000005327
0.609928509188,-0.0983821150576,0.516273421022,-0.0906363045239,0.609964795569,0.514398967148,89.999998796,90.0000005327
0.609928641012,-0.0977807355944,0.516250271878,-0.0900799931794,0.609964795569,0.514398967148,89.999998796,90.0000005327
0.609928779688,-0.0971793146101,0.516227270506,-0.0895236852711,0.609964795569,0.514398967148,89.999998796,90.0000005327
0.609928925048,-0.0965778525612,0.516204416857,-0.0889673805533,0.609964795569,0.514398967148,89.999998796,90.0000005327
0.609929076938,-0.0959763498178,0.516181710854,-0.0884110789357,0.609964795569,0.514398967148,89.999998796,90.0000005327
0.609929235238,-0.0953748065445,0.516159152353,-0.0878547807185,0.609964795569,0.514398967148,89.999998796,90.0000005327
0.609929399827,-0.0947732229032,0.51613674124,-0.0872984860441,0.609964795569,0.514398967148,89.999998796,90.0000005327
0.609929570571,-0.0941715991567,0.516114477466,-0.0867421946628,0.609964795569,0.514398967148,89.999998796,90.0000005327
0.609929747306,-0.0935699357686,0.516092360959,-0.0861859064713,0.609964795569,0.514398967148,89.999998796,90.0000005327
0.609929929882,-0.0929682331012,0.516070391575,-0.0856296217802,0.609964795569,0.514398967148,89.999998796,90.0000005327
0.609930118183,-0.0923664913167,0.516048569199,-0.0850733407522,0.609964795569,0.514398967148,89.999998796,90.0000005327
0.609930312093,-0.0917647105744,0.516026893785,-0.0845170631336,0.609964795569,0.514398967148,89.999998796,90.0000005327
0.609930511486,-0.0911628911005,0.51600536527,-0.0839607887477,0.609964795569,0.514398967148,89.999998796,90.0000005327
0.609930716202,-0.0905610333657,0.515983983516,-0.0834045179165,0.609964795569,0.514398967148,89.999998796,90.0000005327
0.60993092609,-0.0899591377739,0.515962748393,-0.0828482508842,0.609964795569,0.514398967148,89.999998796,90.0000005327
0.609931141037,-0.0893572044852,0.515941659857,-0.0822919873945,0.609964795569,0.514398967148,89.999998796,90.0000005327
0.609931360932,-0.0887552336571,0.515920717861,-0.0817357271847,0.609964795569,0.514398967148,89.999998796,90.0000005327
0.609931585661,-0.0881532254441,0.515899922275,-0.0811794705301,0.609964795569,0.514398967148,89.999998796,90.0000005327
0.609931815072,-0.0875511803005,0.515879272959,-0.0806232177702,0.609964795569,0.514398967148,89.999998796,90.0000005327
0.609932049007,-0.0869490987079,0.51585876986,-0.0800669687054,0.609964795569,0.514398967148,89.999998796,90.0000005327
0.609932287354,-0.0863469808485,0.515838412932,-0.0795107230709,0.609964795569,0.514398967148,89.999998796,90.0000005327
0.609932530004,-0.0857448268782,0.51581820208,-0.0789544809291,0.609964795569,0.514398967148,89.999998796,90.0000005327
0.60993277685,-0.08514263695,0.515798137166,-0.0783982426325,0.609964795569,0.514398967148,89.999998796,90.0000005327
0.609933027764,-0.0845404113615,0.515778218102,-0.0778420082056,0.609964795569,0.514398967148,89.999998796,90.0000005327
0.609933282594,-0.0839381506022,0.515758444845,-0.0772857773825,0.609964795569,0.514398967148,89.999998796,90.0000005327
0.609933541206,-0.0833358550183,0.515738817348,-0.0767295499152,0.609964795569,0.514398967148,89.999998796,90.0000005327
0.609933803497,-0.0827335247648,0.515719335474,-0.0761733261696,0.609964795569,0.514398967148,89.999998796,90.0000005327
0.609934069362,-0.0821311599939,0.515699999087,-0.0756171064935,0.609964795569,0.514398967148,89.999998796,90.0000005327
0.609934338698,-0.0815287608546,0.515680808148,-0.0750608906207,0.609964795569,0.514398967148,89.999998796,90.0000005327
0.609934611369,-0.0809263277498,0.515661762613,-0.0745046782783,0.609964795569,0.514398967148,89.999998796,90.0000005327
0.609934887226,-0.0803238611819,0.515642862403,-0.0739484694461,0.609964795569,0.514398967148,89.999998796,90.0000005327
0.609935166154,-0.0797213614009,0.515624107382,-0.0733922645112,0.609964795569,0.514398967148,89.999998796,90.0000005327
0.609935448055,-0.0791188285588,0.515605497452,-0.0728360636083,0.609964795569,0.514398967148,89.999998796,90.0000005327
0.609935732828,-0.0785162628046,0.515587032572,-0.0722798664655,0.609964795569,0.514398967148,89.999998796,90.0000005327
0.609936020375,-0.0779136642841,0.515568712701,-0.0717236728035,0.609964795569,0.514398967148,89.999998796,90.0000005327
0.609936310561,-0.0773110334245,0.515550537743,-0.0711674827365,0.609964795569,0.514398967148,89.999998796,90.0000005327
0.609936603243,-0.0767083707421,0.515532507564,-0.0706112966746,0.609964795569,0.514398967148,89.999998796,90.0000005327
0.609936898312,-0.0761056764735,0.515514622085,-0.0700551146358,0.609964795569,0.514398967148,89.999998796,90.0000005327
0.609937195674,-0.0755029507683,0.515496881265,-0.0694989363433,0.609964795569,0.514398967148,89.999998796,90.0000005327
0.609937495233,-0.0749001937733,0.515479285066,-0.0689427615131,0.609964795569,0.514398967148,89.999998796,90.0000005327
0.609937796896,-0.0742974056316,0.515461833394,-0.0683865902737,0.609964795569,0.514398967148,89.999998796,90.0000005327
0.609938100542,-0.0736945866883,0.515444526114,-0.0678304230598,0.609964795569,0.514398967148,89.999998796,90.0000005327
0.609938406034,-0.0730917374741,0.51542736315,-0.0672742598955,0.609964795569,0.514398967148,89.999998796,90.0000005327
0.609938713257,-0.0724888583208,0.515410344462,-0.0667181005008,0.609964795569,0.514398967148,89.999998796,90.0000005327
0.60993902212,-0.0718859493769,0.515393470014,-0.0661619445882,0.609964795569,0.514398967148,89.999998796,90.0000005327
0.609939332532,-0.0712830107877,0.515376739733,-0.0656057921475,0.609964795569,0.514398967148,89.999998796,90.0000005327
0.609939644404,-0.070680042695,0.515360153485,-0.0650496436396,0.609964795569,0.514398967148,89.999998796,90.0000005327
0.609939957646,-0.0700770452372,0.515343711175,-0.0644934992507,0.609964795569,0.514398967148,89.999998796,90.0000005327
0.609940272125,-0.0694740189432,0.515327412767,-0.0639373586994,0.609964795569,0.514398967148,89.999998796,90.0000005327
0.609940587707,-0.0688709643658,0.515311258224,-0.0633812216964,0.609964795569,0.514398967148,89.999998796,90.0000005327
0.609940904303,-0.0682678816706,0.515295247512,-0.062825087944,0.609964795569,0.514398967148,89.999998796,90.0000005327
0.609941221828,-0.0676647710027,0.515279380503,-0.0622689578838,0.609964795569,0.514398967148,89.999998796,90.0000005327
0.609941540195,-0.067061632504,0.515263657069,-0.0617128320164,0.609964795569,0.514398967148,89.999998796,90.0000005327
0.609941859321,-0.0664584663126,0.515248077167,-0.0611567101075,0.609964795569,0.514398967148,89.999998796,90.0000005327
0.609942179122,-0.0658552725631,0.515232640765,-0.0606005918682,0.609964795569,0.514398967148,89.999998796,90.0000005327
0.609942499468,-0.0652520518228,0.515217347827,-0.0600444770014,0.609964795569,0.514398967148,89.999998796,90.0000005327
0.609942820229,-0.0646488046685,0.515202198297,-0.0594883653918,0.609964795569,0.514398967148,89.999998796,90.0000005327
0.609943141325,-0.0640455312484,0.515187192047,-0.0589322575692,0.609964795569,0.514398967148,89.999998796,90.0000005327
0.609943462675,-0.0634422317058,0.515172328969,-0.0583761538871,0.609964795569,0.514398967148,89.999998796,90.0000005327
0.609943784198,-0.0628389061804,0.51515760903,-0.0578200540601,0.609964795569,0.514398967148,89.999998796,90.0000005327
0.609944105815,-0.0622355548085,0.515143032198,-0.0572639577942,0.609964795569,0.514398967148,89.999998796,90.0000005327
0.609944427449,-0.061632177722,0.51512859844,-0.0567078647866,0.609964795569,0.514398967148,89.999998796,90.0000005327
0.609944748993,-0.0610287753135,0.515114307704,-0.0561517749022,0.609964795569,0.514398967148,89.999998796,90.0000005327
0.609945070326,-0.0604253481852,0.515100159863,-0.0555956887156,0.609964795569,0.514398967148,89.999998796,90.0000005327
0.60994539135,-0.0598218966843,0.515086154809,-0.0550396066418,0.609964795569,0.514398967148,89.999998796,90.0000005327
0.60994571199,-0.0592184209544,0.51507229251,-0.0544835283936,0.609964795569,0.514398967148,89.999998796,90.0000005327
0.609946032171,-0.0586149211352,0.515058572937,-0.053927453675,0.609964795569,0.514398967148,89.999998796,90.0000005327
0.60994635182,-0.0580113973628,0.515044996057,-0.0533713821808,0.609964795569,0.514398967148,89.999998796,90.0000005327
0.609946670862,-0.0574078497691,0.515031561842,-0.0528153135958,0.609964795569,0.514398967148,89.999998796,90.0000005327
0.609946989226,-0.0568042784817,0.515018270184,-0.0522592483492,0.609964795569,0.514398967148,89.999998796,90.0000005327
0.609947306814,-0.0562006839046,0.515005120957,-0.0517031870827,0.609964795569,0.514398967148,89.999998796,90.0000005327
0.609947623508,-0.0555970666767,0.514992114114,-0.0511471297048,0.609964795569,0.514398967148,89.999998796,90.0000005327
0.609947939217,-0.0549934271679,0.514979249624,-0.0505910759218,0.609964795569,0.514398967148,89.999998796,90.0000005327
0.609948253872,-0.0543897655209,0.51496652746,-0.05003502543,0.609964795569,0.514398967148,89.999998796,90.0000005327
0.609948567404,-0.0537860818747,0.514953947592,-0.0494789779161,0.609964795569,0.514398967148,89.999998796,90.0000005327
0.609948879745,-0.0531823763641,0.514941509992,-0.0489229330558,0.609964795569,0.514398967148,89.999998796,90.0000005327
0.609949190828,-0.0525786491195,0.514929214543,-0.0483668914659,0.609964795569,0.514398967148,89.999998796,90.0000005327
0.609949500586,-0.0519749002667,0.514917061123,-0.0478108538631,0.609964795569,0.514398967148,89.999998796,90.0000005327
0.609949808955,-0.0513711299269,0.514905049695,-0.0472548200372,0.609964795569,0.514398967148,89.999998796,90.0000005327
0.609950115831,-0.0507673386628,0.514893180235,-0.0466987896926,0.609964795569,0.514398967148,89.999998796,90.0000005327
0.609950421104,-0.0501635271659,0.514881452714,-0.0461427625232,0.609964795569,0.514398967148,89.999998796,90.0000005327
0.609950724701,-0.0495596956961,0.514869867107,-0.0455867382124,0.609964795569,0.514398967148,89.999998796,90.0000005327
0.609951026559,-0.0489558443953,0.514858423387,-0.045030716432,0.609964795569,0.514398967148,89.999998796,90.0000005327
0.609951326617,-0.0483519734012,0.514847121483,-0.0444746973756,0.609964795569,0.514398967148,89.999998796,90.0000005327
0.609951624813,-0.0477480828471,0.514835961274,-0.0439186818397,0.609964795569,0.514398967148,89.999998796,90.0000005327
0.609951921088,-0.0471441728613,0.514824942683,-0.0433626701176,0.609964795569,0.514398967148,89.999998796,90.0000005327
0.60995221538,-0.0465402435673,0.514814065687,-0.0428066619192,0.609964795569,0.514398967148,89.999998796,90.0000005327
0.609952507632,-0.0459362950833,0.51480333026,-0.042250656944,0.609964795569,0.514398967148,89.999998796,90.0000005327
0.609952797784,-0.0453323275385,0.514792736379,-0.0416946548799,0.609964795569,0.514398967148,89.999998796,90.0000005327
0.609953085732,-0.0447283416799,0.51478228402,-0.041138655403,0.609964795569,0.514398967148,89.999998796,90.0000005327
0.609953371374,-0.044124338257,0.514771973159,-0.0405826581768,0.609964795569,0.514398967148,89.999998796,90.0000005327
0.609953654655,-0.0435203174167,0.514761803746,-0.0400266631886,0.609964795569,0.514398967148,89.999998796,90.0000005327
0.609953935518,-0.0429162793012,0.514751775663,-0.0394706713497,0.609964795569,0.514398967148,89.999998796,90.0000005327
0.60995421391,-0.0423122240486,0.514741888816,-0.0389146832731,0.609964795569,0.514398967148,89.999998796,90.0000005327
0.609954489778,-0.0417081517918,0.514732143184,-0.0383586986748,0.609964795569,0.514398967148,89.999998796,90.0000005327
0.609954763068,-0.0411040626585,0.514722538745,-0.03780271726,0.609964795569,0.514398967148,89.999998796,90.0000005327
0.609955033729,-0.0404999567708,0.514713075476,-0.0372467387218,0.609964795569,0.514398967148,89.999998796,90.0000005327
0.609955301709,-0.039895834245,0.514703753356,-0.0366907627406,0.609964795569,0.514398967148,89.999998796,90.0000005327
0.609955566958,-0.0392916951906,0.514694572365,-0.0361347889829,0.609964795569,0.514398967148,89.999998796,90.0000005327
0.609955829425,-0.0386875397103,0.514685532482,-0.0355788171005,0.609964795569,0.514398967148,89.999998796,90.0000005327
0.609956089025,-0.0380833684937,0.514676633685,-0.0350228467476,0.609964795569,0.514398967148,89.999998796,90.0000005327
0.609956345664,-0.0374791824116,0.514667875856,-0.0344668789972,0.609964795569,0.514398967148,89.999998796,90.0000005327
0.609956599283,-0.0368749817701,0.514659258882,-0.0339109149573,0.609964795569,0.514398967148,89.999998796,90.0000005327
0.609956849836,-0.0362707667177,0.514650782742,-0.0333549543568,0.609964795569,0.514398967148,89.999998796,90.0000005327
0.609957097277,-0.0356665373981,0.514642447419,-0.0327989969133,0.609964795569,0.514398967148,89.999998796,90.0000005327
0.609957341561,-0.0350622939497,0.514634252892,-0.0322430423314,0.609964795569,0.514398967148,89.999998796,90.0000005327
0.609957582644,-0.0344580365054,0.514626199143,-0.0316870903026,0.609964795569,0.514398967148,89.999998796,90.0000005327
0.609957820481,-0.0338537651919,0.514618286154,-0.031131140503,0.609964795569,0.514398967148,89.999998796,90.0000005327
0.609958055031,-0.0332494801294,0.514610513908,-0.0305751925932,0.609964795569,0.514398967148,89.999998796,90.0000005327
0.60995828625,-0.0326451814307,0.514602882387,-0.0300192462156,0.609964795569,0.514398967148,89.999998796,90.0000005327
0.609958514097,-0.0320408692007,0.514595391572,-0.029463300994,0.609964795569,0.514398967148,89.999998796,90.0000005327
0.609958738531,-0.0314365435358,0.514588041435,-0.0289073567761,0.609964795569,0.514398967148,89.999998796,90.0000005327
0.609958959514,-0.0308322045227,0.51458083186,-0.0283514149235,0.609964795569,0.514398967148,89.999998796,90.0000005327
0.609959176999,-0.0302278523398,0.514573762749,-0.0277954766352,0.609964795569,0.514398967148,89.999998796,90.0000005327
0.609959390903,-0.0296234880256,0.514566834086,-0.0272395416621,0.609964795569,0.514398967148,89.999998796,90.0000005327
0.609959601146,-0.0290191125645,0.514560045855,-0.0266836097435,0.609964795569,0.514398967148,89.999998796,90.0000005327
0.609959807691,-0.0284147261224,0.514553398041,-0.0261276806053,0.609964795569,0.514398967148,89.999998796,90.0000005327
0.609960010502,-0.0278103288604,0.514546890629,-0.025571753959,0.609964795569,0.514398967148,89.999998796,90.0000005327
0.609960209544,-0.0272059209351,0.514540523604,-0.0250158294999,0.609964795569,0.514398967148,89.999998796,90.0000005327
0.609960404783,-0.0266015024975,0.514534296952,-0.0244599069052,0.609964795569,0.514398967148,89.999998796,90.0000005327
0.609960596184,-0.0259970736927,0.514528210659,-0.0239039858324,0.609964795569,0.514398967148,89.999998796,90.0000005327
0.609960783714,-0.0253926346591,0.51452226471,-0.0233480659163,0.609964795569,0.514398967148,89.999998796,90.0000005327
0.609960967342,-0.0247881855279,0.514516459092,-0.022792146767,0.609964795569,0.514398967148,89.999998796,90.0000005327
0.609961147035,-0.0241837264215,0.514510793793,-0.0222362279663,0.609964795569,0.514398967148,89.999998796,90.0000005327
0.609961322762,-0.0235792574531,0.514505268799,-0.0216803090643,0.609964795569,0.514398967148,89.999998796,90.0000005327
0.609961494495,-0.0229747787254,0.514499884067,-0.0211243903146,0.609964795569,0.514398967148,89.999998796,90.0000005327
0.609961662203,-0.0223702903287,0.514494639488,-0.0205684736865,0.609964795569,0.514398967148,89.999998796,90.0000005327
0.609961825858,-0.0217657923399,0.514489534983,-0.0200125605744,0.609964795569,0.514398967148,89.999998796,90.0000005327
0.609961985432,-0.0211612848198,0.514484570542,-0.019456650799,0.609964795569,0.514398967148,89.999998796,90.0000005327
0.609962140898,-0.0205567678117,0.514479746153,-0.0189007441729,0.609964795569,0.514398967148,89.999998796,90.0000005327
0.60996229223,-0.019952241338,0.514475061805,-0.0183448404993,0.609964795569,0.514398967148,89.999998796,90.0000005327
0.609962439402,-0.0193477053972,0.514470517488,-0.0177889395713,0.609964795569,0.514398967148,89.999998796,90.0000005327
0.60996258239,-0.01874315996,0.51446611319,-0.0172330411693,0.609964795569,0.514398967148,89.999998796,90.0000005327
0.609962721129,-0.018138606365,0.514461848903,-0.0166771450595,0.609964795569,0.514398967148,89.999998796,90.0000005327
0.609962855548,-0.0175340462592,0.514457724615,-0.0161212509917,0.609964795569,0.514398967148,89.999998796,90.0000005327
0.60996298562,-0.0169294800352,0.514453740319,-0.0155653586957,0.609964795569,0.514398967148,89.999998796,90.0000005327
0.609963111323,-0.0163249079047,0.514449896005,-0.0150094678784,0.609964795569,0.514398967148,89.999998796,90.0000005327
0.609963232636,-0.0157203300794,0.514446191664,-0.0144535782187,0.609964795569,0.514398967148,89.999998796,90.0000005327
0.60996334954,-0.0151157467709,0.514442627287,-0.0138976893626,0.609964795569,0.514398967148,89.999998796,90.0000005327
0.609963462015,-0.0145111581907,0.514439202867,-0.013341800916,0.609964795569,0.514398967148,89.999998796,90.0000005327
0.609963570041,-0.0139065645503,0.514435918397,-0.0127859124359,0.609964795569,0.514398967148,89.999998796,90.0000005327
0.609963673602,-0.013301966061,0.514432773867,-0.0122300234198,0.609964795569,0.514398967148,89.999998796,90.0000005327
0.609963772681,-0.0126973629341,0.514429769272,-0.0116741332909,0.609964795569,0.514398967148,89.999998796,90.0000005327
0.60996386726,-0.0120927553809,0.514426904604,-0.0111182413801,0.609964795569,0.514398967148,89.999998796,90.0000005327
0.609963957324,-0.0114881436126,0.514424179857,-0.0105623469014,0.609964795569,0.514398967148,89.999998796,90.0000005327
0.609964042858,-0.0108835278403,0.514421595025,-0.0100064489191,0.609964795569,0.514398967148,89.999998796,90.0000005327
0.609964123849,-0.010278908275,0.514419150102,-0.0094505463044,0.609964795569,0.514398967148,89.999998796,90.0000005327
0.609964200284,-0.00967428512773,0.514416845083,-0.00889463767426,0.609964795569,0.514398967148,89.999998796,90.0000005327
0.609964272148,-0.00906965860951,0.514414679961,-0.00833872130649,0.609964795569,0.514398967148,89.999998796,90.0000005327
0.609964339431,-0.00846502893122,0.514412654659,-0.00778279996656,0.609964795569,0.514398967148,89.999998796,90.0000005327
0.609964402122,-0.00786039630374,0.514410769074,-0.00722687879351,0.609964795569,0.514398967148,89.999998796,90.0000005327
0.609964460211,-0.0072557609379,0.51440902318,-0.00667095914423,0.609964795569,0.514398967148,89.999998796,90.0000005327
0.609964513687,-0.00665112304448,0.514407416972,-0.00611504090181,0.609964795569,0.514398967148,89.999998796,90.0000005327
0.609964562542,-0.00604648283425,0.514405950446,-0.00555912394927,0.609964795569,0.514398967148,89.999998796,90.0000005327
0.609964606769,-0.00544184051792,0.514404623599,-0.00500320816956,0.609964795569,0.514398967148,89.999998796,90.0000005327
0.609964646359,-0.00483719630619,0.514403436429,-0.00444729344558,0.609964795569,0.514398967148,89.999998796,90.0000005327
0.609964681307,-0.00423255040972,0.514402388932,-0.00389137966016,0.609964795569,0.514398967148,89.999998796,90.0000005327
0.609964711607,-0.00362790303917,0.514401481106,-0.00333546669609,0.609964795569,0.514398967148,89.999998796,90.0000005327
0.609964737253,-0.00302325440514,0.514400712949,-0.00277955443612,0.609964795569,0.514398967148,89.999998796,90.0000005327
0.609964758243,-0.00241860471826,0.514400084459,-0.00222364276294,0.609964795569,0.514398967148,89.999998796,90.0000005327
0.609964774571,-0.0018139541891,0.514399595635,-0.00166773155924,0.609964795569,0.514398967148,89.999998796,90.0000005327
0.609964786236,-0.00120930302825,0.514399246476,-0.00111182070768,0.609964795569,0.514398967148,89.999998796,90.0000005327
0.609964793235,-0.000604651446275,0.51439903698,-0.000555910090896,0.609964795569,0.514398967148,89.999998796,90.0000005327
0.609964795569,-0,0.514398967148,-0,0.609964795569,0.514398967148,89.999998796,90.0000005327
0.609964793235,0.000604651446275,0.51439903698,0.000555910090896,0.609964795569,0.514398967148,89.999998796,90.0000005327
0.609964786236,0.00120930302825,0.514399246476,0.00111182070768,0.609964795569,0.514398967148,89.999998796,90.0000005327
0.609964774571,0.0018139541891,0.514399595635,0.00166773155924,0.609964795569,0.514398967148,89.999998796,90.0000005327
0.609964758243,0.00241860471826,0.514400084459,0.00222364276294,0.609964795569,0.514398967148,89.999998796,90.0000005327
0.609964737253,0.00302325440514,0.514400712949,0.00277955443612,0.609964795569,0.514398967148,89.999998796,90.0000005327
0.609964711607,0.00362790303917,0.514401481106,0.00333546669609,0.609964795569,0.514398967148,89.999998796,90.0000005327
0.609964681307,0.00423255040972,0.514402388932,0.00389137966016,0.609964795569,0.514398967148,89.999998796,90.0000005327
0.609964646359,0.00483719630619,0.514403436429,0.00444729344558,0.609964795569,0.514398967148,89.999998796,90.0000005327
0.609964606769,0.00544184051792,0.514404623599,0.00500320816956,0.609964795569,0.514398967148,89.999998796,90.0000005327
0.609964562542,0.00604648283425,0.514405950446,0.00555912394927,0.609964795569,0.514398967148,89.999998796,90.0000005327
0.609964513687,0.00665112304448,0.514407416972,0.00611504090181,0.609964795569,0.514398967148,89.999998796,90.0000005327
0.609964460211,0.0072557609379,0.51440902318,0.00667095914423,0.609964795569,0.514398967148,89.999998796,90.0000005327
0.609964402122,0.00786039630374,0.514410769074,0.00722687879351,0.609964795569,0.514398967148,89.999998796,90.0000005327
0.609964339431,0.00846502893122,0.514412654659,0.00778279996656,0.609964795569,0.514398967148,89.999998796,90.0000005327
0.609964272148,0.00906965860951,0.514414679961,0.00833872130649,0.609964795569,0.514398967148,89.999998796,90.0000005327
0.609964200284,0.00967428512773,0.514416845083,0.00889463767426,0.609964795569,0.514398967148,89.999998796,90.0000005327
0.609964123849,0.010278908275,0.514419150102,0.0094505463044,0.609964795569,0.514398967148,89.999998796,90.0000005327
0.609964042858,0.0108835278403,0.514421595025,0.0100064489191,0.609964795569,0.514398967148,89.999998796,90.0000005327
0.609963957324,0.0114881436126,0.514424179857,0.0105623469014,0.609964795569,0.514398967148,89.999998796,90.0000005327
0.60996386726,0.0120927553809,0.514426904604,0.0111182413801,0.609964795569,0.514398967148,89.999998796,90.0000005327
0.609963772681,0.0126973629341,0.514429769272,0.0116741332909,0.609964795569,0.514398967148,89.999998796,90.0000005327
0.609963673602,0.013301966061,0.514432773867,0.0122300234198,0.609964795569,0.514398967148,89.999998796,90.0000005327
0.609963570041,0.0139065645503,0.514435918397,0.0127859124359,0.609964795569,0.514398967148,89.999998796,90.0000005327
0.609963462015,0.0145111581907,0.514439202867,0.013341800916,0.609964795569,0.514398967148,89.999998796,90.0000005327
0.60996334954,0.0151157467709,0.514442627287,0.0138976893626,0.609964795569,0.514398967148,89.999998796,90.0000005327
0.609963232636,0.0157203300794,0.514446191664,0.0144535782187,0.609964795569,0.514398967148,89.999998796,90.0000005327
0.609963111323,0.0163249079047,0.514449896005,0.0150094678784,0.609964795569,0.514398967148,89.999998796,90.0000005327
0.60996298562,0.0169294800352,0.514453740319,0.0155653586957,0.609964795569,0.514398967148,89.999998796,90.0000005327
0.609962855548,0.0175340462592,0.514457724615,0.0161212509917,0.609964795569,0.514398967148,89.999998796,90.0000005327
0.609962721129,0.018138606365,0.514461848903,0.0166771450595,0.609964795569,0.514398967148,89.999998796,90.0000005327
0.60996258239,0.01874315996,0.51446611319,0.0172330411693,0.609964795569,0.514398967148,89.999998796,90.0000005327
0.609962439402,0.0193477053972,0.514470517488,0.0177889395713,0.609964795569,0.514398967148,89.999998796,90.0000005327
0.60996229223,0.019952241338,0.514475061805,0.0183448404993,0.609964795569,0.514398967148,89.999998796,90.0000005327
0.609962140898,0.0205567678117,0.514479746153,0.0189007441729,0.609964795569,0.514398967148,89.999998796,90.0000005327
0.609961985432,0.0211612848198,0.514484570542,0.019456650799,0.609964795569,0.514398967148,89.999998796,90.0000005327
0.609961825858,0.0217657923399,0.514489534983,0.0200125605744,0.609964795569,0.514398967148,89.999998796,90.0000005327
0.609961662203,0.0223702903287,0.514494639488,0.0205684736865,0.609964795569,0.514398967148,89.999998796,90.0000005327
0.609961494495,0.0229747787254,0.514499884067,0.0211243903146,0.609964795569,0.514398967148,89.999998796,90.0000005327
0.609961322762,0.0235792574531,0.514505268799,0.0216803090643,0.609964795569,0.514398967148,89.999998796,90.0000005327
0.609961147035,0.0241837264215,0.514510793793,0.0222362279663,0.609964795569,0.514398967148,89.999998796,90.0000005327
0.609960967342,0.0247881855279,0.514516459092,0.022792146767,0.609964795569,0.514398967148,89.999998796,90.0000005327
0.609960783714,0.0253926346591,0.51452226471,0.0233480659163,0.609964795569,0.514398967148,89.999998796,90.0000005327
0.609960596184,0.0259970736927,0.514528210659,0.0239039858324,0.609964795569,0.514398967148,89.999998796,90.0000005327
0.609960404783,0.0266015024975,0.514534296952,0.0244599069052,0.609964795569,0.514398967148,89.999998796,90.0000005327
0.609960209544,0.0272059209351,0.514540523604,0.0250158294999,0.609964795569,0.514398967148,89.999998796,90.0000005327
0.609960010502,0.0278103288604,0.514546890629,0.025571753959,0.609964795569,0.514398967148,89.999998796,90.0000005327
0.609959807691,0.0284147261224,0.514553398041,0.0261276806053,0.609964795569,0.514398967148,89.999998796,90.0000005327
0.609959601146,0.0290191125645,0.514560045855,0.0266836097435,0.609964795569,0.514398967148,89.999998796,90.0000005327
0.609959390903,0.0296234880256,0.514566834086,0.0272395416621,0.609964795569,0.514398967148,89.999998796,90.0000005327
0.609959176999,0.0302278523398,0.514573762749,0.0277954766352,0.609964795569,0.514398967148,89.999998796,90.0000005327
0.609958959514,0.0308322045227,0.51458083186,0.0283514149235,0.609964795569,0.514398967148,89.999998796,90.0000005327
0.609958738531,0.0314365435358,0.514588041435,0.0289073567761,0.609964795569,0.514398967148,89.999998796,90.0000005327
0.609958514097,0.0320408692007,0.514595391572,0.029463300994,0.609964795569,0.514398967148,89.999998796,90.0000005327
0.60995828625,0.0326451814307,0.514602882387,0.0300192462156,0.609964795569,0.514398967148,89.999998796,90.0000005327
0.609958055031,0.0332494801294,0.514610513908,0.0305751925932,0.609964795569,0.514398967148,89.999998796,90.0000005327
0.609957820481,0.0338537651919,0.514618286154,0.031131140503,0.609964795569,0.514398967148,89.999998796,90.0000005327
0.609957582644,0.0344580365054,0.514626199143,0.0316870903026,0.609964795569,0.514398967148,89.999998796,90.0000005327
0.609957341561,0.0350622939497,0.514634252892,0.0322430423314,0.609964795569,0.514398967148,89.999998796,90.0000005327
0.609957097277,0.0356665373981,0.514642447419,0.0327989969133,0.609964795569,0.514398967148,89.999998796,90.0000005327
0.609956849836,0.0362707667177,0.514650782742,0.0333549543568,0.609964795569,0.514398967148,89.999998796,90.0000005327
0.609956599283,0.0368749817701,0.514659258882,0.0339109149573,0.609964795569,0.514398967148,89.999998796,90.0000005327
0.609956345664,0.0374791824116,0.514667875856,0.0344668789972,0.609964795569,0.514398967148,89.999998796,90.0000005327
0.609956089025,0.0380833684937,0.514676633685,0.0350228467476,0.609964795569,0.514398967148,89.999998796,90.0000005327
0.609955829425,0.0386875397103,0.514685532482,0.0355788171005,0.609964795569,0.514398967148,89.999998796,90.0000005327
0.609955566958,0.0392916951906,0.514694572365,0.0361347889829,0.609964795569,0.514398967148,89.999998796,90.0000005327
0.609955301709,0.039895834245,0.514703753356,0.0366907627406,0.609964795569,0.514398967148,89.999998796,90.0000005327
0.609955033729,0.0404999567708,0.514713075476,0.0372467387218,0.609964795569,0.514398967148,89.999998796,90.0000005327
0.609954763068,0.0411040626585,0.514722538745,0.03780271726,0.609964795569,0.514398967148,89.999998796,90.0000005327
0.609954489778,0.0417081517918,0.514732143184,0.0383586986748,0.609964795569,0.514398967148,89.999998796,90.0000005327
0.60995421391,0.0423122240486,0.514741888816,0.0389146832731,0.609964795569,0.514398967148,89.999998796,90.0000005327
0.609953935518,0.0429162793012,0.514751775663,0.0394706713497,0.609964795569,0.514398967148,89.999998796,90.0000005327
0.609953654655,0.0435203174167,0.514761803746,0.0400266631886,0.609964795569,0.514398967148,89.999998796,90.0000005327
0.609953371374,0.044124338257,0.514771973159,0.0405826581768,0.609964795569,0.514398967148,89.999998796,90.0000005327
0.609953085732,0.0447283416799,0.51478228402,0.041138655403,0.609964795569,0.514398967148,89.999998796,90.0000005327
0.609952797784,0.0453323275385,0.514792736379,0.0416946548799,0.609964795569,0.514398967148,89.999998796,90.0000005327
0.609952507632,0.0459362950833,0.51480333026,0.042250656944,0.609964795569,0.514398967148,89.999998796,90.0000005327
0.60995221538,0.0465402435673,0.514814065687,0.0428066619192,0.609964795569,0.514398967148,89.999998796,90.0000005327
0.609951921088,0.0471441728613,0.514824942683,0.0433626701176,0.609964795569,0.514398967148,89.999998796,90.0000005327
0.609951624813,0.0477480828471,0.514835961274,0.0439186818397,0.609964795569,0.514398967148,89.999998796,90.0000005327
0.609951326617,0.0483519734012,0.514847121483,0.0444746973756,0.609964795569,0.514398967148,89.999998796,90.0000005327
0.609951026559,0.0489558443953,0.514858423387,0.045030716432,0.609964795569,0.514398967148,89.999998796,90.0000005327
0.609950724701,0.0495596956961,0.514869867107,0.0455867382124,0.609964795569,0.514398967148,89.999998796,90.0000005327
0.609950421104,0.0501635271659,0.514881452714,0.0461427625232,0.609964795569,0.514398967148,89.999998796,90.0000005327
0.609950115831,0.0507673386628,0.514893180235,0.0466987896926,0.609964795569,0.514398967148,89.999998796,90.0000005327
0.609949808955,0.0513711299269,0.514905049695,0.0472548200372,0.609964795569,0.514398967148,89.999998796,90.0000005327
0.609949500586,0.0519749002667,0.514917061123,0.0478108538631,0.609964795569,0.514398967148,89.999998796,90.0000005327
0.609949190828,0.0525786491195,0.514929214543,0.0483668914659,0.609964795569,0.514398967148,89.999998796,90.0000005327
0.609948879745,0.0531823763641,0.514941509992,0.0489229330558,0.609964795569,0.514398967148,89.999998796,90.0000005327
0.609948567404,0.0537860818747,0.514953947592,0.0494789779161,0.609964795569,0.514398967148,89.999998796,90.0000005327
0.609948253872,0.0543897655209,0.51496652746,0.05003502543,0.609964795569,0.514398967148,89.999998796,90.0000005327
0.609947939217,0.0549934271679,0.514979249624,0.0505910759218,0.609964795569,0.514398967148,89.999998796,90.0000005327
0.609947623508,0.0555970666767,0.514992114114,0.0511471297048,0.609964795569,0.514398967148,89.999998796,90.0000005327
0.609947306814,0.0562006839046,0.515005120957,0.0517031870827,0.609964795569,0.514398967148,89.999998796,90.0000005327
0.609946989226,0.0568042784817,0.515018270184,0.0522592483492,0.609964795569,0.514398967148,89.999998796,90.0000005327
0.609946670862,0.0574078497691,0.515031561842,0.0528153135958,0.609964795569,0.514398967148,89.999998796,90.0000005327
0.60994635182,0.0580113973628,0.515044996057,0.0533713821808,0.609964795569,0.514398967148,89.999998796,90.0000005327
0.609946032171,0.0586149211352,0.515058572937,0.053927453675,0.609964795569,0.514398967148,89.999998796,90.0000005327
0.60994571199,0.0592184209544,0.51507229251,0.0544835283936,0.609964795569,0.514398967148,89.999998796,90.0000005327
0.60994539135,0.0598218966843,0.515086154809,0.0550396066418,0.609964795569,0.514398967148,89.999998796,90.0000005327
0.609945070326,0.0604253481852,0.515100159863,0.0555956887156,0.609964795569,0.514398967148,89.999998796,90.0000005327
0.609944748993,0.0610287753135,0.515114307704,0.0561517749022,0.609964795569,0.514398967148,89.999998796,90.0000005327
0.609944427449,0.061632177722,0.51512859844,0.0567078647866,0.609964795569,0.514398967148,89.999998796,90.0000005327
0.609944105815,0.0622355548085,0.515143032198,0.0572639577942,0.609964795569,0.514398967148,89.999998796,90.0000005327
0.609943784198,0.0628389061804,0.51515760903,0.0578200540601,0.609964795569,0.514398967148,89.999998796,90.0000005327
0.609943462675,0.0634422317058,0.515172328969,0.0583761538871,0.609964795569,0.514398967148,89.999998796,90.0000005327
0.609943141325,0.0640455312484,0.515187192047,0.0589322575692,0.609964795569,0.514398967148,89.999998796,90.0000005327
0.609942820229,0.0646488046685,0.515202198297,0.0594883653918,0.609964795569,0.514398967148,89.999998796,90.0000005327
0.609942499468,0.0652520518228,0.515217347827,0.0600444770014,0.609964795569,0.514398967148,89.999998796,90.0000005327
0.609942179122,0.0658552725631,0.515232640765,0.0606005918682,0.609964795569,0.514398967148,89.999998796,90.0000005327
0.609941859321,0.0664584663126,0.515248077167,0.0611567101075,0.609964795569,0.514398967148,89.999998796,90.0000005327
0.609941540195,0.067061632504,0.515263657069,0.0617128320164,0.609964795569,0.514398967148,89.999998796,90.0000005327
0.609941221828,0.0676647710027,0.515279380503,0.0622689578838,0.609964795569,0.514398967148,89.999998796,90.0000005327
0.609940904303,0.0682678816706,0.515295247512,0.062825087944,0.609964795569,0.514398967148,89.999998796,90.0000005327
0.609940587707,0.0688709643658,0.515311258224,0.0633812216964,0.609964795569,0.514398967148,89.999998796,90.0000005327
0.609940272125,0.0694740189432,0.515327412767,0.0639373586994,0.609964795569,0.514398967148,89.999998796,90.0000005327
0.609939957646,0.0700770452372,0.515343711175,0.0644934992507,0.609964795569,0.514398967148,89.999998796,90.0000005327
0.609939644404,0.070680042695,0.515360153485,0.0650496436396,0.609964795569,0.514398967148,89.999998796,90.0000005327
0.609939332532,0.0712830107877,0.515376739733,0.0656057921475,0.609964795569,0.514398967148,89.999998796,90.0000005327
0.60993902212,0.0718859493769,0.515393470014,0.0661619445882,0.609964795569,0.514398967148,89.999998796,90.0000005327
0.609938713257,0.0724888583208,0.515410344462,0.0667181005008,0.609964795569,0.514398967148,89.999998796,90.0000005327
0.609938406034,0.0730917374741,0.51542736315,0.0672742598955,0.609964795569,0.514398967148,89.999998796,90.0000005327
0.609938100542,0.0736945866883,0.515444526114,0.0678304230598,0.609964795569,0.514398967148,89.999998796,90.0000005327
0.609937796896,0.0742974056316,0.515461833394,0.0683865902737,0.609964795569,0.514398967148,89.999998796,90.0000005327
0.609937495233,0.0749001937733,0.515479285066,0.0689427615131,0.609964795569,0.514398967148,89.999998796,90.0000005327
0.609937195674,0.0755029507683,0.515496881265,0.0694989363433,0.609964795569,0.514398967148,89.999998796,90.0000005327
0.609936898312,0.0761056764735,0.515514622085,0.0700551146358,0.609964795569,0.514398967148,89.999998796,90.0000005327
0.609936603243,0.0767083707421,0.515532507564,0.0706112966746,0.609964795569,0.514398967148,89.999998796,90.0000005327
0.609936310561,0.0773110334245,0.515550537743,0.0711674827365,0.609964795569,0.514398967148,89.999998796,90.0000005327
0.609936020375,0.0779136642841,0.515568712701,0.0717236728035,0.609964795569,0.514398967148,89.999998796,90.0000005327
0.609935732828,0.0785162628046,0.515587032572,0.0722798664655,0.609964795569,0.514398967148,89.999998796,90.0000005327
0.609935448055,0.0791188285588,0.515605497452,0.0728360636083,0.609964795569,0.514398967148,89.999998796,90.0000005327
0.609935166154,0.0797213614009,0.515624107382,0.0733922645112,0.609964795569,0.514398967148,89.999998796,90.0000005327
0.609934887226,0.0803238611819,0.515642862403,0.0739484694461,0.609964795569,0.514398967148,89.999998796,90.0000005327
0.609934611369,0.0809263277498,0.515661762613,0.0745046782783,0.609964795569,0.514398967148,89.999998796,90.0000005327
0.609934338698,0.0815287608546,0.515680808148,0.0750608906207,0.609964795569,0.514398967148,89.999998796,90.0000005327
0.609934069362,0.0821311599939,0.515699999087,0.0756171064935,0.609964795569,0.514398967148,89.999998796,90.0000005327
0.609933803497,0.0827335247648,0.515719335474,0.0761733261696,0.609964795569,0.514398967148,89.999998796,90.0000005327
0.609933541206,0.0833358550183,0.515738817348,0.0767295499152,0.609964795569,0.514398967148,89.999998796,90.0000005327
0.609933282594,0.0839381506022,0.515758444845,0.0772857773825,0.609964795569,0.514398967148,89.999998796,90.0000005327
0.609933027764,0.0845404113615,0.515778218102,0.0778420082056,0.609964795569,0.514398967148,89.999998796,90.0000005327
0.60993277685,0.08514263695,0.515798137166,0.0783982426325,0.609964795569,0.514398967148,89.999998796,90.0000005327
0.609932530004,0.0857448268782,0.51581820208,0.0789544809291,0.609964795569,0.514398967148,89.999998796,90.0000005327
0.609932287354,0.0863469808485,0.515838412932,0.0795107230709,0.609964795569,0.514398967148,89.999998796,90.0000005327
0.609932049007,0.0869490987079,0.51585876986,0.0800669687054,0.609964795569,0.514398967148,89.999998796,90.0000005327
0.609931815072,0.0875511803005,0.515879272959,0.0806232177702,0.609964795569,0.514398967148,89.999998796,90.0000005327
0.609931585661,0.0881532254441,0.515899922275,0.0811794705301,0.609964795569,0.514398967148,89.999998796,90.0000005327
0.609931360932,0.0887552336571,0.515920717861,0.0817357271847,0.609964795569,0.514398967148,89.999998796,90.0000005327
0.609931141037,0.0893572044852,0.515941659857,0.0822919873945,0.609964795569,0.514398967148,89.999998796,90.0000005327
0.60993092609,0.0899591377739,0.515962748393,0.0828482508842,0.609964795569,0.514398967148,89.999998796,90.0000005327
0.609930716202,0.0905610333657,0.515983983516,0.0834045179165,0.609964795569,0.514398967148,89.999998796,90.0000005327
0.609930511486,0.0911628911005,0.51600536527,0.0839607887477,0.609964795569,0.514398967148,89.999998796,90.0000005327
0.609930312093,0.0917647105744,0.516026893785,0.0845170631336,0.609964795569,0.514398967148,89.999998796,90.0000005327
0.609930118183,0.0923664913167,0.516048569199,0.0850733407522,0.609964795569,0.514398967148,89.999998796,90.0000005327
0.609929929882,0.0929682331012,0.516070391575,0.0856296217802,0.609964795569,0.514398967148,89.999998796,90.0000005327
0.609929747306,0.0935699357686,0.516092360959,0.0861859064713,0.609964795569,0.514398967148,89.999998796,90.0000005327
0.609929570571,0.0941715991567,0.516114477466,0.0867421946628,0.609964795569,0.514398967148,89.999998796,90.0000005327
0.609929399827,0.0947732229032,0.51613674124,0.0872984860441,0.609964795569,0.514398967148,89.999998796,90.0000005327
0.609929235238,0.0953748065445,0.516159152353,0.0878547807185,0.609964795569,0.514398967148,89.999998796,90.0000005327
0.609929076938,0.0959763498178,0.516181710854,0.0884110789357,0.609964795569,0.514398967148,89.999998796,90.0000005327
0.609928925048,0.0965778525612,0.516204416857,0.0889673805533,0.609964795569,0.514398967148,89.999998796,90.0000005327
0.609928779688,0.0971793146101,0.516227270506,0.0895236852711,0.609964795569,0.514398967148,89.999998796,90.0000005327
0.609928641012,0.0977807355944,0.516250271878,0.0900799931794,0.609964795569,0.514398967148,89.999998796,90.0000005327
0.609928509188,0.0983821150576,0.516273421022,0.0906363045239,0.609964795569,0.514398967148,89.999998796,90.0000005327
0.609928384353,0.0989834527481,0.51629671806,0.0911926191288,0.609964795569,0.514398967148,89.999998796,90.0000005327
0.609928266631,0.0995847485012,0.516320163137,0.0917489367041,0.609964795569,0.514398967148,89.999998796,90.0000005327
0.609928156145,0.10018600215,0.516343756323,0.0923052573787,0.609964795569,0.514398967148,89.999998796,90.0000005327
0.609928053062,0.100787213275,0.516367497669,0.0928615813937,0.609964795569,0.514398967148,89.999998796,90.0000005327
0.609927957554,0.101388381426,0.516391387314,0.0934179084945,0.609964795569,0.514398967148,89.999998796,90.0000005327
0.609927869753,0.101989506404,0.516415425404,0.0939742384004,0.609964795569,0.514398967148,89.999998796,90.0000005327
0.609927789786,0.102590588041,0.516439611994,0.0945305713236,0.609964795569,0.514398967148,89.999998796,90.0000005327
0.60992771779,0.103191626112,0.516463947154,0.0950869074026,0.609964795569,0.514398967148,89.999998796,90.0000005327
0.60992765394,0.10379262017,0.51648843103,0.0956432463624,0.609964795569,0.514398967148,89.999998796,90.0000005327
0.609927598404,0.104393569825,0.51651306375,0.0961995880283,0.609964795569,0.514398967148,89.999998796,90.0000005327
0.609927551311,0.104994474907,0.516537845366,0.0967559326364,0.609964795569,0.514398967148,89.999998796,90.0000005327
0.609927512791,0.105595335245,0.516562775978,0.0973122801599,0.609964795569,0.514398967148,89.999998796,90.0000005327
0.609927483007,0.106196150495,0.516587855734,0.0978686303322,0.609964795569,0.514398967148,89.999998796,90.0000005327
0.609927462136,0.106796920217,0.516613084732,0.0984249831462,0.609964795569,0.514398967148,89.999998796,90.0000005327
0.60992745033,0.107397644139,0.516638463026,0.0989813388318,0.609964795569,0.514398967148,89.999998796,90.0000005327
0.609927447722,0.10799832209,0.516663990753,0.099537697169,0.609964795569,0.514398967148,89.999998796,90.0000005327
0.609927454454,0.108598953847,0.516689668063,0.100094057899,0.609964795569,0.514398967148,89.999998796,90.0000005327
0.609927470709,0.109199538971,0.516715495017,0.100650421209,0.609964795569,0.514398967148,89.999998796,90.0000005327
0.60992749666,0.109800077074,0.516741471706,0.10120678714,0.609964795569,0.514398967148,89.999998796,90.0000005327
0.609927532446,0.11040056798,0.516767598277,0.101763155437,0.609964795569,0.514398967148,89.999998796,90.0000005327
0.609927578202,0.111001011514,0.516793874844,0.102319526032,0.609964795569,0.514398967148,89.999998796,90.0000005327
0.609927634106,0.111601407284,0.516820301461,0.102875899147,0.609964795569,0.514398967148,89.999998796,90.0000005327
0.609927700343,0.112201754855,0.516846878269,0.103432274572,0.609964795569,0.514398967148,89.999998796,90.0000005327
0.609927777062,0.11280205401,0.516873605418,0.103988652059,0.609964795569,0.514398967148,89.999998796,90.0000005327
0.609927864401,0.113402304568,0.516900482971,0.104545031789,0.609964795569,0.514398967148,89.999998796,90.0000005327
0.60992796253,0.114002506204,0.516927511033,0.105101413744,0.609964795569,0.514398967148,89.999998796,90.0000005327
0.609928071637,0.114602658487,0.516954689752,0.10565779768,0.609964795569,0.514398967148,89.999998796,90.0000005327
0.609928191883,0.115202761133,0.516982019232,0.106214183591,0.609964795569,0.514398967148,89.999998796,90.0000005327
0.609928323413,0.115802813962,0.517009499545,0.106770571614,0.609964795569,0.514398967148,89.999998796,90.0000005327
0.609928466389,0.116402816688,0.51703713084,0.107326961513,0.609964795569,0.514398967148,89.999998796,90.0000005327
0.609928621004,0.117002768882,0.517064913254,0.107883353122,0.609964795569,0.514398967148,89.999998796,90.0000005327
0.609928787429,0.11760267022,0.517092846844,0.108439746653,0.609964795569,0.514398967148,89.999998796,90.0000005327
0.609928965811,0.118202520521,0.517120931749,0.108996141927,0.609964795569,0.514398967148,89.999998796,90.0000005327
0.609929156312,0.118802319516,0.517149168121,0.109552538711,0.609964795569,0.514398967148,89.999998796,90.0000005327
0.609929359128,0.119402066779,0.51717755603,0.110108937156,0.609964795569,0.514398967148,89.999998796,90.0000005327
0.609929574436,0.120001761969,0.517206095593,0.110665337191,0.609964795569,0.514398967148,89.999998796,90.0000005327
0.609929802387,0.120601404901,0.517234786963,0.111221738585,0.609964795569,0.514398967148,89.999998796,90.0000005327
0.609930043145,0.121200995305,0.517263630233,0.111778141385,0.609964795569,0.514398967148,89.999998796,90.0000005327
0.609930296908,0.121800532757,0.517292625503,0.112334545601,0.609964795569,0.514398967148,89.999998796,90.0000005327
0.609930563859,0.122400016918,0.517321772927,0.112890951006,0.609964795569,0.514398967148,89.999998796,90.0000005327
0.609930844148,0.1229994476,0.517351072615,0.113447357563,0.609964795569,0.514398967148,89.999998796,90.0000005327
0.609931137948,0.123598824513,0.517380524656,0.114003765343,0.609964795569,0.514398967148,89.999998796,90.0000005327
0.609931445459,0.124198147237,0.517410129203,0.114560174122,0.609964795569,0.514398967148,89.999998796,90.0000005327
0.609931766863,0.124797415451,0.517439886381,0.115116583803,0.609964795569,0.514398967148,89.999998796,90.0000005327
0.609932102314,0.125396628963,0.517469796271,0.115672994496,0.609964795569,0.514398967148,89.999998796,90.0000005327
0.609932451994,0.125995787451,0.517499859026,0.116229405979,0.609964795569,0.514398967148,89.999998796,90.0000005327
0.609932816107,0.126594890494,0.517530074781,0.116785818118,0.609964795569,0.514398967148,89.999998796,90.0000005327
0.609933194829,0.127193937805,0.517560443612,0.11734223104,0.609964795569,0.514398967148,89.999998796,90.0000005327
0.609933588317,0.127792929191,0.517590965674,0.117898644526,0.609964795569,0.514398967148,89.999998796,90.0000005327
0.609933996768,0.12839186428,0.517621641106,0.118455058422,0.609964795569,0.514398967148,89.999998796,90.0000005327
0.609934420387,0.128990742653,0.517652469985,0.119011472857,0.609964795569,0.514398967148,89.999998796,90.0000005327
0.609934859343,0.129589564071,0.517683452464,0.119567887614,0.609964795569,0.514398967148,89.999998796,90.0000005327
0.609935313801,0.130188328321,0.517714588688,0.120124302536,0.609964795569,0.514398967148,89.999998796,90.0000005327
0.609935783968,0.130787034986,0.517745878733,0.120680717738,0.609964795569,0.514398967148,89.999998796,90.0000005327
0.60993627005,0.131385683667,0.517777322756,0.121237133005,0.609964795569,0.514398967148,89.999998796,90.0000005327
0.60993677221,0.131984274165,0.517808920896,0.121793548191,0.609964795569,0.514398967148,89.999998796,90.0000005327
0.609937290629,0.132582806194,0.51784067324,0.122349963384,0.609964795569,0.514398967148,89.999998796,90.0000005327
0.609937825519,0.133181279336,0.517872579944,0.12290637837,0.609964795569,0.514398967148,89.999998796,90.0000005327
0.609938377072,0.133779693266,0.517904641141,0.123462793031,0.609964795569,0.514398967148,89.999998796,90.0000005327
0.609938945454,0.134378047785,0.517936856928,0.12401920741,0.609964795569,0.514398967148,89.999998796,90.0000005327
0.609939530868,0.134976342518,0.517969227462,0.124575621296,0.609964795569,0.514398967148,89.999998796,90.0000005327
0.609940133528,0.135574577049,0.518001752868,0.125132034611,0.609964795569,0.514398967148,89.999998796,90.0000005327
0.609940753612,0.136172751139,0.518034433254,0.125688447344,0.609964795569,0.514398967148,89.999998796,90.0000005327
0.609941391298,0.136770864527,0.518067268779,0.126244859284,0.609964795569,0.514398967148,89.999998796,90.0000005327
0.609942046803,0.1373689168,0.518100259556,0.126801270406,0.609964795569,0.514398967148,89.999998796,90.0000005327
0.609942720332,0.137966907601,0.518133405711,0.127357680632,0.609964795569,0.514398967148,89.999998796,90.0000005327
0.609943412054,0.138564836724,0.5181667074,0.127914089753,0.609964795569,0.514398967148,89.999998796,90.0000005327
0.609944122177,0.139162703804,0.518200164723,0.128470497807,0.609964795569,0.514398967148,89.999998796,90.0000005327
0.609944850919,0.139760508428,0.518233777824,0.129026904638,0.609964795569,0.514398967148,89.999998796,90.0000005327
0.609945598464,0.140358250343,0.518267546863,0.12958331004,0.609964795569,0.514398967148,89.999998796,90.0000005327
0.609946364999,0.140955929274,0.518301471926,0.130139714087,0.609964795569,0.514398967148,89.999998796,90.0000005327
0.609947150746,0.14155354481,0.518335553174,0.130696116573,0.609964795569,0.514398967148,89.999998796,90.0000005327
0.609947955911,0.142151096603,0.518369790755,0.131252517329,0.609964795569,0.514398967148,89.999998796,90.0000005327
0.609948780669,0.142748584443,0.518404184771,0.131808916378,0.609964795569,0.514398967148,89.999998796,90.0000005327
0.609949625239,0.143346007935,0.518438735382,0.132365313518,0.609964795569,0.514398967148,89.999998796,90.0000005327
0.609950489845,0.143943366668,0.518473442712,0.132921708674,0.609964795569,0.514398967148,89.999998796,90.0000005327
0.609951374668,0.144540660412,0.518508306891,0.133478101762,0.609964795569,0.514398967148,89.999998796,90.0000005327
0.609952279912,0.145137888844,0.518543328078,0.134034492578,0.609964795569,0.514398967148,89.999998796,90.0000005327
0.609953205803,0.145735051552,0.518578506372,0.134590881154,0.609964795569,0.514398967148,89.999998796,90.0000005327
0.609954152541,0.146332148236,0.518613841933,0.13514726729,0.609964795569,0.514398967148,89.999998796,90.0000005327
0.609955120318,0.146929178632,0.51864933492,0.135703650782,0.609964795569,0.514398967148,89.999998796,90.0000005327
0.609956109362,0.147526142328,0.518684985436,0.136260031653,0.609964795569,0.514398967148,89.999998796,90.0000005327
0.609957119888,0.148123038963,0.518720793639,0.1368164097,0.609964795569,0.514398967148,89.999998796,90.0000005327
0.609958152079,0.14871986832,0.518756759661,0.137372784838,0.609964795569,0.514398967148,89.999998796,90.0000005327
0.609959206165,0.149316629992,0.518792883636,0.137929156962,0.609964795569,0.514398967148,89.999998796,90.0000005327
0.609960282375,0.149913323566,0.518829165724,0.138485525867,0.609964795569,0.514398967148,89.999998796,90.0000005327
0.609961380894,0.150509948823,0.518865606034,0.139041891554,0.609964795569,0.514398967148,89.999998796,90.0000005327
0.609962501943,0.151106505396,0.518902204727,0.139598253821,0.609964795569,0.514398967148,89.999998796,90.0000005327
0.609963645755,0.151702992877,0.518938961951,0.140154612509,0.609964795569,0.514398967148,89.999998796,90.0000005327
0.609964812527,0.152299410996,0.518975877829,0.140710967564,0.609964795569,0.514398967148,89.999998796,90.0000005327
0.609966002472,0.152895759427,0.519012952522,0.141267318785,0.609964795569,0.514398967148,89.999998796,90.0000005327
0.609967215825,0.153492037757,0.519050186143,0.141823666149,0.609964795569,0.514398967148,89.999998796,90.0000005327
0.609968452796,0.154088245682,0.519087578853,0.142380009456,0.609964795569,0.514398967148,89.999998796,90.0000005327
0.609969713591,0.154684382902,0.519125130813,0.142936348507,0.609964795569,0.514398967148,89.999998796,90.0000005327
0.609970998447,0.155280449005,0.51916284214,0.143492683267,0.609964795569,0.514398967148,89.999998796,90.0000005327
0.609972307584,0.155876443656,0.519200712996,0.144049013535,0.609964795569,0.514398967148,89.999998796,90.0000005327
0.609973641205,0.156472366576,0.519238743499,0.144605339269,0.609964795569,0.514398967148,89.999998796,90.0000005327
0.609974999548,0.157068217354,0.51927693381,0.145161660267,0.609964795569,0.514398967148,89.999998796,90.0000005327
0.60997638284,0.157663995632,0.519315284093,0.145717976329,0.609964795569,0.514398967148,89.999998796,90.0000005327
0.609977791284,0.158259701143,0.519353794467,0.146274287404,0.609964795569,0.514398967148,89.999998796,90.0000005327
0.609979225119,0.158855333477,0.519392465096,0.14683059329,0.609964795569,0.514398967148,89.999998796,90.0000005327
0.609980684578,0.15945089226,0.519431296101,0.147386893931,0.609964795569,0.514398967148,89.999998796,90.0000005327
0.609982169862,0.160046377233,0.519470287646,0.147943189122,0.609964795569,0.514398967148,89.999998796,90.0000005327
0.609983681215,0.160641787984,0.519509439889,0.148499478679,0.609964795569,0.514398967148,89.999998796,90.0000005327
0.609985218873,0.161237124131,0.51954875296,0.149055762518,0.609964795569,0.514398967148,89.999998796,90.0000005327
0.609986783039,0.161832385416,0.519588227022,0.149612040436,0.609964795569,0.514398967148,89.999998796,90.0000005327
0.609988373957,0.162427571426,0.519627862201,0.150168312357,0.609964795569,0.514398967148,89.999998796,90.0000005327
0.609989991866,0.163022681776,0.519667658663,0.150724578078,0.609964795569,0.514398967148,89.999998796,90.0000005327
0.609991636973,0.163617716202,0.519707616551,0.151280837461,0.609964795569,0.514398967148,89.999998796,90.0000005327
0.609993309524,0.164212674293,0.519747736013,0.151837090357,0.609964795569,0.514398967148,89.999998796,90.0000005327
0.609995009759,0.164807555664,0.519788017214,0.152393336563,0.609964795569,0.514398967148,89.999998796,90.0000005327
0.609996737889,0.165402360043,0.519828460285,0.152949575987,0.609964795569,0.514398967148,89.999998796,90.0000005327
0.609998494162,0.165997087018,0.519869065389,0.153505808426,0.609964795569,0.514398967148,89.999998796,90.0000005327
0.610000278817,0.16659173621,0.51990983266,0.154062033782,0.609964795569,0.514398967148,89.999998796,90.0000005327
0.610002092071,0.167186307332,0.519950762263,0.154618251849,0.609964795569,0.514398967148,89.999998796,90.0000005327
0.610003934175,0.167780799974,0.519991854353,0.155174462447,0.609964795569,0.514398967148,89.999998796,90.0000005327
0.610005805366,0.168375213766,0.520033109075,0.155730665446,0.609964795569,0.514398967148,89.999998796,90.0000005327
0.610007705867,0.168969548405,0.520074526592,0.156286860639,0.609964795569,0.514398967148,89.999998796,90.0000005327
0.61000963593,0.169563803477,0.520116107041,0.156843047914,0.609964795569,0.514398967148,89.999998796,90.0000005327
0.610011595791,0.170157978631,0.520157850588,0.157399227065,0.609964795569,0.514398967148,89.999998796,90.0000005327
0.610013585681,0.170752073539,0.520199757371,0.157955397972,0.609964795569,0.514398967148,89.999998796,90.0000005327
0.610015605854,0.171346087787,0.520241827555,0.158511560428,0.609964795569,0.514398967148,89.999998796,90.0000005327
0.610017656542,0.171940021044,0.520284061295,0.159067714262,0.609964795569,0.514398967148,89.999998796,90.0000005327
0.610019737983,0.172533872955,0.520326458741,0.159623859311,0.609964795569,0.514398967148,89.999998796,90.0000005327
0.610021850434,0.173127643105,0.52036902006,0.160179995365,0.609964795569,0.514398967148,89.999998796,90.0000005327
0.610023994123,0.173721331188,0.520411745394,0.160736122295,0.609964795569,0.514398967148,89.999998796,90.0000005327
0.610026169297,0.174314936818,0.520454634908,0.161292239888,0.609964795569,0.514398967148,89.999998796,90.0000005327
0.610028376217,0.174908459578,0.520497688746,0.161848348008,0.609964795569,0.514398967148,89.999998796,90.0000005327
0.610030615103,0.175501899186,0.520540907073,0.162404446444,0.609964795569,0.514398967148,89.999998796,90.0000005327
0.610032886214,0.176095255225,0.520584290036,0.162960535051,0.609964795569,0.514398967148,89.999998796,90.0000005327
0.61003518981,0.176688527284,0.5206278378,0.163516613619,0.609964795569,0.514398967148,89.999998796,90.0000005327
0.610037526116,0.17728171507,0.520671550524,0.164072681957,0.609964795569,0.514398967148,89.999998796,90.0000005327
0.610039895394,0.177874818164,0.520715428362,0.164628739893,0.609964795569,0.514398967148,89.999998796,90.0000005327
0.610042297894,0.178467836193,0.520759471481,0.165184787213,0.609964795569,0.514398967148,89.999998796,90.0000005327
0.610044733856,0.17906076882,0.520803680029,0.165740823761,0.609964795569,0.514398967148,89.999998796,90.0000005327
0.610047203543,0.179653615626,0.520848054172,0.166296849322,0.609964795569,0.514398967148,89.999998796,90.0000005327
0.610049707195,0.180246376277,0.520892594061,0.166852863737,0.609964795569,0.514398967148,89.999998796,90.0000005327
0.610052245066,0.180839050389,0.520937299861,0.167408866788,0.609964795569,0.514398967148,89.999998796,90.0000005327
0.610054817421,0.181431637544,0.520982171725,0.167964858308,0.609964795569,0.514398967148,89.999998796,90.0000005327
0.610057424495,0.182024137437,0.521027209819,0.168520838082,0.609964795569,0.514398967148,89.999998796,90.0000005327
0.610060066552,0.182616549647,0.521072414295,0.169076805937,0.609964795569,0.514398967148,89.999998796,90.0000005327
0.610062743856,0.183208873771,0.521117785321,0.169632761655,0.609964795569,0.514398967148,89.999998796,90.0000005327
0.610065456646,0.183801109484,0.521163323053,0.170188705052,0.609964795569,0.514398967148,89.999998796,90.0000005327
0.610068205191,0.184393256365,0.521209027655,0.170744635916,0.609964795569,0.514398967148,89.999998796,90.0000005327
0.610070989742,0.184985314058,0.521254899295,0.171300554026,0.609964795569,0.514398967148,89.999998796,90.0000005327
0.610073810554,0.185577282184,0.521300938128,0.171856459201,0.609964795569,0.514398967148,89.999998796,90.0000005327
0.610076667899,0.186169160322,0.521347144321,0.172412351219,0.609964795569,0.514398967148,89.999998796,90.0000005327
0.610079562016,0.186760948152,0.521393518031,0.172968229892,0.609964795569,0.514398967148,89.999998796,90.0000005327
0.610082493178,0.187352645251,0.521440059426,0.173524094997,0.609964795569,0.514398967148,89.999998796,90.0000005327
0.610085461652,0.187944251216,0.521486768662,0.174079946342,0.609964795569,0.514398967148,89.999998796,90.0000005327
0.610088467685,0.188535765703,0.521533645909,0.174635783704,0.609964795569,0.514398967148,89.999998796,90.0000005327
0.610091511551,0.189127188291,0.521580691323,0.175191606883,0.609964795569,0.514398967148,89.999998796,90.0000005327
0.6100945935,0.189718518632,0.521627905074,0.175747415656,0.609964795569,0.514398967148,89.999998796,90.0000005327
0.610097713802,0.190309756321,0.521675287321,0.17630320982,0.609964795569,0.514398967148,89.999998796,90.0000005327
0.610100872732,0.190900900936,0.521722838232,0.176858989147,0.609964795569,0.514398967148,89.999998796,90.0000005327
0.610104070537,0.19149195214,0.521770557969,0.177414753432,0.609964795569,0.514398967148,89.999998796,90.0000005327
0.610107307494,0.19208290951,0.521818446698,0.177970502446,0.609964795569,0.514398967148,89.999998796,90.0000005327
0.610110583865,0.192673772669,0.521866504583,0.178526235977,0.609964795569,0.514398967148,89.999998796,90.0000005327
0.610113899916,0.193264541231,0.521914731791,0.179081953797,0.609964795569,0.514398967148,89.999998796,90.0000005327
0.610117255923,0.193855214771,0.521963128486,0.179637655688,0.609964795569,0.514398967148,89.999998796,90.0000005327
0.610120652141,0.194445792946,0.522011694835,0.180193341421,0.609964795569,0.514398967148,89.999998796,90.0000005327
0.610124088848,0.19503627533,0.522060431004,0.180749010773,0.609964795569,0.514398967148,89.999998796,90.0000005327
0.610127566314,0.195626661526,0.522109337159,0.181304663513,0.609964795569,0.514398967148,89.999998796,90.0000005327
0.610131084804,0.196216951159,0.522158413467,0.181860299417,0.609964795569,0.514398967148,89.999998796,90.0000005327
0.610134644599,0.196807143801,0.522207660096,0.182415918249,0.609964795569,0.514398967148,89.999998796,90.0000005327
0.610138245956,0.197397239099,0.522257077211,0.182971519781,0.609964795569,0.514398967148,89.999998796,90.0000005327
0.610141889157,0.197987236629,0.522306664982,0.183527103777,0.609964795569,0.514398967148,89.999998796,90.0000005327
0.610145574477,0.198577135984,0.522356423575,0.184082670004,0.609964795569,0.514398967148,89.999998796,90.0000005327
0.610149302183,0.199166936786,0.522406353159,0.184638218225,0.609964795569,0.514398967148,89.999998796,90.0000005327
0.61015307256,0.199756638606,0.522456453901,0.185193748201,0.609964795569,0.514398967148,89.999998796,90.0000005327
0.610156885868,0.200346241085,0.52250672597,0.185749259694,0.609964795569,0.514398967148,89.999998796,90.0000005327
0.610160742393,0.200935743793,0.522557169536,0.186304752462,0.609964795569,0.514398967148,89.999998796,90.0000005327
0.61016464241,0.201525146329,0.522607784766,0.186860226266,0.609964795569,0.514398967148,89.999998796,90.0000005327
0.610168586194,0.202114448301,0.522658571831,0.187415680858,0.609964795569,0.514398967148,89.999998796,90.0000005327
0.610172574029,0.202703649279,0.522709530897,0.187971115998,0.609964795569,0.514398967148,89.999998796,90.0000005327
0.610176606184,0.203292748896,0.522760662138,0.188526531434,0.609964795569,0.514398967148,89.999998796,90.0000005327
0.610180682944,0.20388174672,0.52281196572,0.189081926924,0.609964795569,0.514398967148,89.999998796,90.0000005327
0.610184804585,0.204470642362,0.522863441815,0.189637302212,0.609964795569,0.514398967148,89.999998796,90.0000005327
0.610188971389,0.205059435408,0.522915090592,0.190192657056,0.609964795569,0.514398967148,89.999998796,90.0000005327
0.610193183644,0.205648125428,0.522966912222,0.190747991194,0.609964795569,0.514398967148,89.999998796,90.0000005327
0.610197441621,0.206236712045,0.523018906875,0.191303304382,0.609964795569,0.514398967148,89.999998796,90.0000005327
0.61020174561,0.206825194828,0.523071074723,0.191858596356,0.609964795569,0.514398967148,89.999998796,90.0000005327
0.610206095883,0.207413573397,0.523123415934,0.19241386687,0.609964795569,0.514398967148,89.999998796,90.0000005327
0.610210492732,0.20800184732,0.523175930683,0.192969115655,0.609964795569,0.514398967148,89.999998796,90.0000005327
0.610214936446,0.208590016169,0.523228619136,0.193524342462,0.609964795569,0.514398967148,89.999998796,90.0000005327
0.610219427302,0.209178079554,0.52328148147,0.194079547021,0.609964795569,0.514398967148,89.999998796,90.0000005327
0.610223965592,0.209766037042,0.523334517852,0.194634729081,0.609964795569,0.514398967148,89.999998796,90.0000005327
0.610228551593,0.210353888247,0.523387728458,0.195189888366,0.609964795569,0.514398967148,89.999998796,90.0000005327
0.610233185598,0.210941632734,0.523441113454,0.195745024625,0.609964795569,0.514398967148,89.999998796,90.0000005327
0.610237867888,0.211529270105,0.523494673017,0.196300137579,0.609964795569,0.514398967148,89.999998796,90.0000005327
0.610242598756,0.212116799932,0.523548407315,0.196855226974,0.609964795569,0.514398967148,89.999998796,90.0000005327
0.610247378497,0.212704221779,0.523602316523,0.197410292533,0.609964795569,0.514398967148,89.999998796,90.0000005327
0.61025220739,0.213291535253,0.523656400809,0.197965333992,0.609964795569,0.514398967148,89.999998796,90.0000005327
0.610257085733,0.213878739916,0.523710660349,0.198520351078,0.609964795569,0.514398967148,89.999998796,90.0000005327
0.610262013807,0.214465835375,0.523765095319,0.199075343503,0.609964795569,0.514398967148,89.999998796,90.0000005327
0.610266991909,0.215052821189,0.523819705886,0.199630311012,0.609964795569,0.514398967148,89.999998796,90.0000005327
0.610272020325,0.215639696955,0.523874492227,0.200185253314,0.609964795569,0.514398967148,89.999998796,90.0000005327
0.610277099351,0.216226462239,0.523929454508,0.200740170152,0.609964795569,0.514398967148,89.999998796,90.0000005327
0.610282229287,0.2168131166,0.523984592908,0.201295061232,0.609964795569,0.514398967148,89.999998796,90.0000005327
0.610287410418,0.217399659639,0.524039907592,0.201849926294,0.609964795569,0.514398967148,89.999998796,90.0000005327
0.610292643044,0.217986090913,0.524095398739,0.202404765041,0.609964795569,0.514398967148,89.999998796,90.0000005327
0.610297927451,0.218572410019,0.524151066516,0.20295957721,0.609964795569,0.514398967148,89.999998796,90.0000005327
0.610303263941,0.219158616515,0.5242069111,0.203514362502,0.609964795569,0.514398967148,89.999998796,90.0000005327
0.610308652802,0.219744709995,0.524262932659,0.204069120652,0.609964795569,0.514398967148,89.999998796,90.0000005327
0.610314094337,0.220330690014,0.524319131371,0.204623851356,0.609964795569,0.514398967148,89.999998796,90.0000005327
0.610319588844,0.220916556138,0.524375507412,0.205178554321,0.609964795569,0.514398967148,89.999998796,90.0000005327
0.610325136617,0.22150230795,0.524432060953,0.205733229268,0.609964795569,0.514398967148,89.999998796,90.0000005327
0.61033073796,0.222087945003,0.524488792173,0.206287875886,0.609964795569,0.514398967148,89.999998796,90.0000005327
0.610336393166,0.222673466885,0.524545701239,0.206842493905,0.609964795569,0.514398967148,89.999998796,90.0000005327
0.610342102537,0.223258873151,0.524602788331,0.207397083013,0.609964795569,0.514398967148,89.999998796,90.0000005327
0.610347866369,0.223844163386,0.524660053614,0.207951642938,0.609964795569,0.514398967148,89.999998796,90.0000005327
0.610353684966,0.224429337143,0.524717497271,0.208506173364,0.609964795569,0.514398967148,89.999998796,90.0000005327
0.610359558623,0.225014394004,0.524775119464,0.209060674016,0.609964795569,0.514398967148,89.999998796,90.0000005327
0.610365487647,0.225599333522,0.524832920378,0.209615144576,0.609964795569,0.514398967148,89.999998796,90.0000005327
0.610371472341,0.226184155259,0.524890900185,0.21016958474,0.609964795569,0.514398967148,89.999998796,90.0000005327
0.610377513005,0.226768858783,0.524949059059,0.210723994212,0.609964795569,0.514398967148,89.999998796,90.0000005327
0.610383609947,0.227353443647,0.525007397182,0.211278372667,0.609964795569,0.514398967148,89.999998796,90.0000005327
0.610389763465,0.227937909426,0.525065914718,0.211832719825,0.609964795569,0.514398967148,89.999998796,90.0000005327
0.610395973869,0.22852225567,0.52512461185,0.212387035359,0.609964795569,0.514398967148,89.999998796,90.0000005327
0.610402241457,0.229106481954,0.525183488742,0.212941318987,0.609964795569,0.514398967148,89.999998796,90.0000005327
0.61040856654,0.229690587827,0.525242545577,0.213495570377,0.609964795569,0.514398967148,89.999998796,90.0000005327
0.610414949418,0.23027457286,0.525301782524,0.214049789232,0.609964795569,0.514398967148,89.999998796,90.0000005327
0.610421390402,0.230858436602,0.525361199762,0.21460397523,0.609964795569,0.514398967148,89.999998796,90.0000005327
0.610427889794,0.231442178621,0.525420797474,0.215158128035,0.609964795569,0.514398967148,89.999998796,90.0000005327
0.610434447906,0.232025798465,0.525480575824,0.215712247359,0.609964795569,0.514398967148,89.999998796,90.0000005327
0.610441065045,0.232609295691,0.525540534996,0.216266332861,0.609964795569,0.514398967148,89.999998796,90.0000005327
0.61044774152,0.233192669854,0.525600675153,0.216820384253,0.609964795569,0.514398967148,89.999998796,90.0000005327
0.610454477643,0.233775920499,0.525660996478,0.217374401191,0.609964795569,0.514398967148,89.999998796,90.0000005327
0.61046127372,0.234359047191,0.525721499145,0.217928383362,0.609964795569,0.514398967148,89.999998796,90.0000005327
0.610468130064,0.234942049475,0.525782183327,0.218482330441,0.609964795569,0.514398967148,89.999998796,90.0000005327
0.610475046982,0.235524926911,0.525843049211,0.219036242079,0.609964795569,0.514398967148,89.999998796,90.0000005327
0.610482024788,0.236107679044,0.525904096959,0.219590117981,0.609964795569,0.514398967148,89.999998796,90.0000005327
0.610489063791,0.236690305432,0.525965326755,0.220143957794,0.609964795569,0.514398967148,89.999998796,90.0000005327
0.610496164306,0.237272805619,0.526026738762,0.220697761223,0.609964795569,0.514398967148,89.999998796,90.0000005327
0.610503326642,0.23785517916,0.526088333164,0.221251527911,0.609964795569,0.514398967148,89.999998796,90.0000005327
0.610510551115,0.238437425598,0.526150110143,0.22180525751,0.609964795569,0.514398967148,89.999998796,90.0000005327
0.610517838035,0.239019544487,0.526212069866,0.222358949711,0.609964795569,0.514398967148,89.999998796,90.0000005327
0.61052518772,0.239601535368,0.526274212516,0.222912604153,0.609964795569,0.514398967148,89.999998796,90.0000005327
0.610532600481,0.240183397792,0.526336538255,0.223466220535,0.609964795569,0.514398967148,89.999998796,90.0000005327
0.610540076636,0.240765131301,0.526399047269,0.224019798491,0.609964795569,0.514398967148,89.999998796,90.0000005327
0.610547616498,0.241346735443,0.526461739733,0.224573337684,0.609964795569,0.514398967148,89.999998796,90.0000005327
0.610555220385,0.241928209757,0.526524615818,0.225126837781,0.609964795569,0.514398967148,89.999998796,90.0000005327
0.610562888615,0.242509553783,0.52658767571,0.225680298413,0.609964795569,0.514398967148,89.999998796,90.0000005327
0.610570621503,0.243090767066,0.526650919569,0.226233719272,0.609964795569,0.514398967148,89.999998796,90.0000005327
0.610578419368,0.243671849144,0.52671434758,0.226787099985,0.609964795569,0.514398967148,89.999998796,90.0000005327
0.610586282528,0.244252799561,0.526777959917,0.227340440214,0.609964795569,0.514398967148,89.999998796,90.0000005327
0.610594211301,0.244833617853,0.526841756753,0.227893739612,0.609964795569,0.514398967148,89.999998796,90.0000005327
0.610602206006,0.245414303564,0.526905738274,0.228446997803,0.609964795569,0.514398967148,89.999998796,90.0000005327
0.610610266961,0.245994856227,0.526969904638,0.229000214473,0.609964795569,0.514398967148,89.999998796,90.0000005327
0.610618394487,0.246575275386,0.527034256033,0.229553389241,0.609964795569,0.514398967148,89.999998796,90.0000005327
0.610626588904,0.247155560572,0.527098792631,0.230106521759,0.609964795569,0.514398967148,89.999998796,90.0000005327
0.610634850532,0.247735711325,0.527163514604,0.230659611676,0.609964795569,0.514398967148,89.999998796,90.0000005327
0.610643179692,0.248315727178,0.527228422138,0.231212658607,0.609964795569,0.514398967148,89.999998796,90.0000005327
0.610651576706,0.248895607668,0.527293515391,0.231765662233,0.609964795569,0.514398967148,89.999998796,90.0000005327
0.610660041896,0.249475352326,0.52735879455,0.232318622167,0.609964795569,0.514398967148,89.999998796,90.0000005327
0.610668575584,0.250054960688,0.527424259792,0.232871538038,0.609964795569,0.514398967148,89.999998796,90.0000005327
0.610677178092,0.250634432283,0.527489911282,0.233424409504,0.609964795569,0.514398967148,89.999998796,90.0000005327
0.610685849745,0.251213766645,0.527555749209,0.233977236171,0.609964795569,0.514398967148,89.999998796,90.0000005327
0.610694590865,0.251792963303,0.527621773727,0.234530017713,0.609964795569,0.514398967148,89.999998796,90.0000005327
0.610703401777,0.252372021789,0.527687985023,0.235082753736,0.609964795569,0.514398967148,89.999998796,90.0000005327
0.610712282805,0.25295094163,0.527754383283,0.235635443842,0.609964795569,0.514398967148,89.999998796,90.0000005327
0.610721234273,0.253529722356,0.527820968664,0.236188087701,0.609964795569,0.514398967148,89.999998796,90.0000005327
0.610730256509,0.254108363493,0.527887741352,0.236740684913,0.609964795569,0.514398967148,89.999998796,90.0000005327
0.610739349836,0.25468686457,0.527954701513,0.237293235119,0.609964795569,0.514398967148,89.999998796,90.0000005327
0.610748514581,0.255265225112,0.528021849323,0.237845737943,0.609964795569,0.514398967148,89.999998796,90.0000005327
0.610757751071,0.255843444645,0.528089184966,0.23839819298,0.609964795569,0.514398967148,89.999998796,90.0000005327
0.610767059632,0.256421522693,0.528156708598,0.238950599894,0.609964795569,0.514398967148,89.999998796,90.0000005327
0.610776440591,0.25699945878,0.528224420405,0.239502958278,0.609964795569,0.514398967148,89.999998796,90.0000005327
0.610785894277,0.25757725243,0.528292320568,0.240055267732,0.609964795569,0.514398967148,89.999998796,90.0000005327
0.610795421017,0.258154903164,0.528360409244,0.240607527906,0.609964795569,0.514398967148,89.999998796,90.0000005327
0.61080502114,0.258732410505,0.528428686621,0.241159738388,0.609964795569,0.514398967148,89.999998796,90.0000005327
0.610814694974,0.259309773974,0.528497152863,0.241711898808,0.609964795569,0.514398967148,89.999998796,90.0000005327
0.610824442849,0.259886993091,0.528565808144,0.242264008778,0.609964795569,0.514398967148,89.999998796,90.0000005327
0.610834265094,0.260464067375,0.528634652649,0.242816067882,0.609964795569,0.514398967148,89.999998796,90.0000005327
0.610844162038,0.261040996346,0.528703686531,0.243368075774,0.609964795569,0.514398967148,89.999998796,90.0000005327
0.610854134013,0.261617779521,0.528772909973,0.243920032035,0.609964795569,0.514398967148,89.999998796,90.0000005327
0.610864181347,0.262194416418,0.528842323163,0.244471936241,0.609964795569,0.514398967148,89.999998796,90.0000005327
0.610874304374,0.262770906552,0.528911926251,0.245023788046,0.609964795569,0.514398967148,89.999998796,90.0000005327
0.610884503423,0.263347249442,0.528981719421,0.245575587023,0.609964795569,0.514398967148,89.999998796,90.0000005327
0.610894778826,0.263923444601,0.529051702849,0.246127332771,0.609964795569,0.514398967148,89.999998796,90.0000005327
0.610905130915,0.264499491544,0.529121876694,0.246679024913,0.609964795569,0.514398967148,89.999998796,90.0000005327
0.610915560023,0.265075389784,0.529192241142,0.24723066302,0.609964795569,0.514398967148,89.999998796,90.0000005327
0.610926066481,0.265651138837,0.529262796356,0.247782246707,0.609964795569,0.514398967148,89.999998796,90.0000005327
0.610936650623,0.26622673821,0.529333542507,0.248333775571,0.609964795569,0.514398967148,89.999998796,90.0000005327
0.610947312781,0.266802187421,0.529404479779,0.24888524918,0.609964795569,0.514398967148,89.999998796,90.0000005327
0.61095805329,0.267377485976,0.529475608326,0.24943666716,0.609964795569,0.514398967148,89.999998796,90.0000005327
0.610968872483,0.267952633388,0.529546928326,0.24998802909,0.609964795569,0.514398967148,89.999998796,90.0000005327
0.610979770694,0.268527629165,0.529618439963,0.25053933453,0.609964795569,0.514398967148,89.999998796,90.0000005327
0.610990748259,0.269102472813,0.529690143384,0.251090583119,0.609964795569,0.514398967148,89.999998796,90.0000005327
0.611001805512,0.269677163843,0.529762038773,0.251641774416,0.609964795569,0.514398967148,89.999998796,90.0000005327
0.61101294279,0.270251701755,0.529834126312,0.252192907978,0.609964795569,0.514398967148,89.999998796,90.0000005327
0.611024160426,0.270826086062,0.529906406149,0.252743983439,0.609964795569,0.514398967148,89.999998796,90.0000005327
0.611035458759,0.271400316264,0.529978878465,0.253295000353,0.609964795569,0.514398967148,89.999998796,90.0000005327
0.611046838121,0.271974391872,0.530051543439,0.253845958286,0.609964795569,0.514398967148,89.999998796,90.0000005327
0.611058298851,0.272548312386,0.530124401221,0.254396856855,0.609964795569,0.514398967148,89.999998796,90.0000005327
0.611069841284,0.273122077314,0.530197451993,0.254947695612,0.609964795569,0.514398967148,89.999998796,90.0000005327
0.611081465758,0.273695686155,0.530270695928,0.255498474124,0.609964795569,0.514398967148,89.999998796,90.0000005327
0.611093172607,0.274269138415,0.53034413318,0.256049191998,0.609964795569,0.514398967148,89.999998796,90.0000005327
0.611104962171,0.274842433593,0.530417763929,0.256599848781,0.609964795569,0.514398967148,89.999998796,90.0000005327
0.611116834786,0.275415571194,0.530491588346,0.257150444041,0.609964795569,0.514398967148,89.999998796,90.0000005327
0.611128790791,0.275988550714,0.530565606585,0.257700977376,0.609964795569,0.514398967148,89.999998796,90.0000005327
0.611140830522,0.276561371657,0.530639818827,0.258251448329,0.609964795569,0.514398967148,89.999998796,90.0000005327
0.611152954319,0.277134033518,0.53071422524,0.258801856467,0.609964795569,0.514398967148,89.999998796,90.0000005327
0.611165162518,0.277706535801,0.530788825978,0.25935220138,0.609964795569,0.514398967148,89.999998796,90.0000005327
0.61117745546,0.278278877997,0.530863621222,0.259902482608,0.609964795569,0.514398967148,89.999998796,90.0000005327
0.611189833484,0.278851059604,0.530938611138,0.260452699713,0.609964795569,0.514398967148,89.999998796,90.0000005327
0.611202296929,0.279423080118,0.53101379588,0.261002852282,0.609964795569,0.514398967148,89.999998796,90.0000005327
0.611214846139,0.279994939028,0.531089175627,0.26155293985,0.609964795569,0.514398967148,89.999998796,90.0000005327
0.611227481448,0.280566635835,0.531164750546,0.262102961972,0.609964795569,0.514398967148,89.999998796,90.0000005327
0.6112402032,0.281138170028,0.531240520789,0.262652918236,0.609964795569,0.514398967148,89.999998796,90.0000005327
0.611253011731,0.281709541107,0.531316486534,0.26320280817,0.609964795569,0.514398967148,89.999998796,90.0000005327
0.611265907385,0.282280748558,0.531392647949,0.263752631323,0.609964795569,0.514398967148,89.999998796,90.0000005327
0.611278890499,0.282851791881,0.531469005182,0.264302387281,0.609964795569,0.514398967148,89.999998796,90.0000005327
0.611291961416,0.28342267056,0.531545558411,0.264852075568,0.609964795569,0.514398967148,89.999998796,90.0000005327
0.611305120474,0.283993384095,0.531622307806,0.265401695724,0.609964795569,0.514398967148,89.999998796,90.0000005327
0.611318368017,0.284563931968,0.53169925351,0.265951247338,0.609964795569,0.514398967148,89.999998796,90.0000005327
0.611331704381,0.285134313677,0.531776395701,0.266500729928,0.609964795569,0.514398967148,89.999998796,90.0000005327
0.611345129913,0.285704528704,0.531853734551,0.267050143023,0.609964795569,0.514398967148,89.999998796,90.0000005327
0.611358644957,0.286274576527,0.531931270201,0.267599486211,0.609964795569,0.514398967148,89.999998796,90.0000005327
0.611372249851,0.286844456644,0.532009002824,0.268148759012,0.609964795569,0.514398967148,89.999998796,90.0000005327
0.61138594494,0.287414168534,0.532086932596,0.268697960942,0.609964795569,0.514398967148,89.999998796,90.0000005327
0.611399730563,0.287983711692,0.532165059659,0.269247091581,0.609964795569,0.514398967148,89.999998796,90.0000005327
0.611413607064,0.288553085595,0.532243384179,0.269796150457,0.609964795569,0.514398967148,89.999998796,90.0000005327
0.611427574782,0.289122289738,0.532321906331,0.270345137081,0.609964795569,0.514398967148,89.999998796,90.0000005327
0.611441634063,0.289691323597,0.532400626261,0.270894051017,0.609964795569,0.514398967148,89.999998796,90.0000005327
0.611455785245,0.290260186664,0.532479544129,0.271442891801,0.609964795569,0.514398967148,89.999998796,90.0000005327
0.611470028675,0.290828878415,0.532558660107,0.271991658941,0.609964795569,0.514398967148,89.999998796,90.0000005327
0.611484364698,0.291397398329,0.53263797435,0.27254035198,0.609964795569,0.514398967148,89.999998796,90.0000005327
0.611498793653,0.291965745892,0.532717487006,0.273088970469,0.609964795569,0.514398967148,89.999998796,90.0000005327
0.611513315888,0.292533920575,0.532797198249,0.273637513909,0.609964795569,0.514398967148,89.999998796,90.0000005327
0.611527931742,0.29310192187,0.532877108238,0.274185981823,0.609964795569,0.514398967148,89.999998796,90.0000005327
0.611542641563,0.293669749247,0.532957217113,0.274734373775,0.609964795569,0.514398967148,89.999998796,90.0000005327
0.611557445687,0.294237402196,0.533037525045,0.275282689262,0.609964795569,0.514398967148,89.999998796,90.0000005327
0.611572344465,0.294804880187,0.533118032204,0.275830927785,0.609964795569,0.514398967148,89.999998796,90.0000005327
0.611587338232,0.295372182707,0.533198738726,0.276379088904,0.609964795569,0.514398967148,89.999998796,90.0000005327
0.611602427339,0.295939309226,0.533279644773,0.276927172132,0.609964795569,0.514398967148,89.999998796,90.0000005327
0.611617612132,0.296506259211,0.533360750513,0.277475176961,0.609964795569,0.514398967148,89.999998796,90.0000005327
0.611632892951,0.297073032149,0.533442056093,0.278023102928,0.609964795569,0.514398967148,89.999998796,90.0000005327
0.611648270145,0.297639627505,0.533523561659,0.278570949565,0.609964795569,0.514398967148,89.999998796,90.0000005327
0.61166374405,0.298206044765,0.533605267381,0.279118716361,0.609964795569,0.514398967148,89.999998796,90.0000005327
0.611679315018,0.298772283394,0.533687173414,0.279666402824,0.609964795569,0.514398967148,89.999998796,90.0000005327
0.611694983385,0.299338342877,0.533769279894,0.280214008504,0.609964795569,0.514398967148,89.999998796,90.0000005327
0.611710749501,0.299904222678,0.533851586987,0.280761532888,0.609964795569,0.514398967148,89.999998796,90.0000005327
0.611726613711,0.300469922266,0.533934094858,0.28130897546,0.609964795569,0.514398967148,89.999998796,90.0000005327
0.611742576356,0.301035441118,0.534016803644,0.28185633576,0.609964795569,0.514398967148,89.999998796,90.0000005327
0.611758637788,0.301600778693,0.534099713494,0.282403613297,0.609964795569,0.514398967148,89.999998796,90.0000005327
0.611774798344,0.302165934476,0.534182824575,0.282950807552,0.609964795569,0.514398967148,89.999998796,90.0000005327
0.611791058372,0.302730907925,0.534266137034,0.283497918034,0.609964795569,0.514398967148,89.999998796,90.0000005327
0.611807418212,0.303295698523,0.534349651006,0.284044944276,0.609964795569,0.514398967148,89.999998796,90.0000005327
0.611823878213,0.303860305728,0.534433366655,0.284591885754,0.609964795569,0.514398967148,89.999998796,90.0000005327
0.611840438721,0.304424729007,0.534517284141,0.285138741946,0.609964795569,0.514398967148,89.999998796,90.0000005327
0.611857100076,0.30498896783,0.534601403598,0.285685512381,0.609964795569,0.514398967148,89.999998796,90.0000005327
0.611873862631,0.305553021654,0.534685725173,0.28623219656,0.609964795569,0.514398967148,89.999998796,90.0000005327
0.611890726721,0.306116889959,0.534770249028,0.286778793954,0.609964795569,0.514398967148,89.999998796,90.0000005327
0.611907692698,0.3066805722,0.534854975307,0.28732530406,0.609964795569,0.514398967148,89.999998796,90.0000005327
0.611924760898,0.307244067856,0.534939904143,0.287871726403,0.609964795569,0.514398967148,89.999998796,90.0000005327
0.611941931671,0.30780737638,0.535025035693,0.288418060452,0.609964795569,0.514398967148,89.999998796,90.0000005327
0.611959205367,0.308370497228,0.535110370117,0.288964305674,0.609964795569,0.514398967148,89.999998796,90.0000005327
0.611976582323,0.308933429875,0.535195907545,0.289510461584,0.609964795569,0.514398967148,89.999998796,90.0000005327
0.61199406289,0.309496173771,0.535281648118,0.290056527682,0.609964795569,0.514398967148,89.999998796,90.0000005327
0.612011647405,0.310058728395,0.535367591993,0.290602503429,0.609964795569,0.514398967148,89.999998796,90.0000005327
0.612029336218,0.310621093196,0.535453739318,0.291148388305,0.609964795569,0.514398967148,89.999998796,90.0000005327
0.61204712967,0.311183267641,0.53554009022,0.29169418182,0.609964795569,0.514398967148,89.999998796,90.0000005327
0.612065028106,0.311745251187,0.535626644846,0.292239883451,0.609964795569,0.514398967148,89.999998796,90.0000005327
0.612083031877,0.312307043285,0.535713403353,0.292785492655,0.609964795569,0.514398967148,89.999998796,90.0000005327
0.612101141319,0.312868643407,0.535800365876,0.293331008922,0.609964795569,0.514398967148,89.999998796,90.0000005327
0.612119356781,0.313430051002,0.535887532541,0.293876431758,0.609964795569,0.514398967148,89.999998796,90.0000005327
0.612137678601,0.313991265542,0.535974903502,0.294421760618,0.609964795569,0.514398967148,89.999998796,90.0000005327
0.612156107127,0.314552286474,0.536062478911,0.294966994954,0.609964795569,0.514398967148,89.999998796,90.0000005327
0.61217464271,0.315113113245,0.536150258895,0.295512134266,0.609964795569,0.514398967148,89.999998796,90.0000005327
0.612193285684,0.315673745324,0.536238243584,0.296057178042,0.609964795569,0.514398967148,89.999998796,90.0000005327
0.6122120364,0.316234182158,0.53632643313,0.296602125731,0.609964795569,0.514398967148,89.999998796,90.0000005327
0.612230895194,0.316794423216,0.536414827676,0.29714697679,0.609964795569,0.514398967148,89.999998796,90.0000005327
0.612249862414,0.317354467943,0.536503427348,0.297691730714,0.609964795569,0.514398967148,89.999998796,90.0000005327
0.612268938406,0.317914315787,0.536592232278,0.298236386977,0.609964795569,0.514398967148,89.999998796,90.0000005327
0.612288123509,0.318473966213,0.536681242614,0.298780945022,0.609964795569,0.514398967148,89.999998796,90.0000005327
0.612307418072,0.31903341866,0.536770458496,0.299325404311,0.609964795569,0.514398967148,89.999998796,90.0000005327
0.612326822429,0.319592672598,0.536859880043,0.299869764331,0.609964795569,0.514398967148,89.999998796,90.0000005327
0.61234633693,0.320151727468,0.536949507392,0.300414024546,0.609964795569,0.514398967148,89.999998796,90.0000005327
0.612365961918,0.32071058272,0.537039340687,0.300958184394,0.609964795569,0.514398967148,89.999998796,90.0000005327
0.612385697732,0.321269237811,0.537129380061,0.301502243337,0.609964795569,0.514398967148,89.999998796,90.0000005327
0.61240554472,0.321827692179,0.537219625633,0.302046200856,0.609964795569,0.514398967148,89.999998796,90.0000005327
0.612425503218,0.322385945291,0.537310077538,0.302590056406,0.609964795569,0.514398967148,89.999998796,90.0000005327
0.612445573571,0.322943996585,0.537400735918,0.30313380942,0.609964795569,0.514398967148,89.999998796,90.0000005327
0.612465756124,0.32350184551,0.537491600902,0.303677459359,0.609964795569,0.514398967148,89.999998796,90.0000005327
0.612486051214,0.324059491519,0.537582672607,0.304221005698,0.609964795569,0.514398967148,89.999998796,90.0000005327
0.612506459189,0.324616934049,0.537673951164,0.304764447885,0.609964795569,0.514398967148,89.999998796,90.0000005327
0.612526980383,0.325174172563,0.537765436715,0.305307785349,0.609964795569,0.514398967148,89.999998796,90.0000005327
0.612547615142,0.325731206498,0.537857129384,0.305851017546,0.609964795569,0.514398967148,89.999998796,90.0000005327
0.612568363808,0.326288035297,0.537949029287,0.306394143945,0.609964795569,0.514398967148,89.999998796,90.0000005327
0.612589226718,0.326844658414,0.53804113655,0.306937163991,0.609964795569,0.514398967148,89.999998796,90.0000005327
0.61261020422,0.327401075282,0.538133451314,0.307480077108,0.609964795569,0.514398967148,89.999998796,90.0000005327
0.612631296644,0.327957285364,0.538225973699,0.308022882746,0.609964795569,0.514398967148,89.999998796,90.0000005327
0.612652504338,0.328513288091,0.53831870382,0.308565580367,0.609964795569,0.514398967148,89.999998796,90.0000005327
0.612673827643,0.329069082903,0.538411641799,0.309108169415,0.609964795569,0.514398967148,89.999998796,90.0000005327
0.612695266894,0.329624669254,0.538504787772,0.30965064931,0.609964795569,0.514398967148,89.999998796,90.0000005327
0.612716822437,0.330180046575,0.53859814186,0.310193019492,0.609964795569,0.514398967148,89.999998796,90.0000005327
0.6127384946,0.330735214326,0.538691704174,0.310735279419,0.609964795569,0.514398967148,89.999998796,90.0000005327
0.612760283731,0.331290171937,0.538785474832,0.311277428534,0.609964795569,0.514398967148,89.999998796,90.0000005327
0.612782190173,0.331844918839,0.538879453964,0.311819466254,0.609964795569,0.514398967148,89.999998796,90.0000005327
0.612804214256,0.332399454489,0.538973641695,0.312361392007,0.609964795569,0.514398967148,89.999998796,90.0000005327
0.612826356324,0.332953778317,0.539068038131,0.312903205246,0.609964795569,0.514398967148,89.999998796,90.0000005327
0.612848616711,0.333507889773,0.539162643382,0.313444905417,0.609964795569,0.514398967148,89.999998796,90.0000005327
0.612870995755,0.334061788292,0.539257457577,0.313986491933,0.609964795569,0.514398967148,89.999998796,90.0000005327
0.612893493801,0.334615473301,0.539352480841,0.314527964208,0.609964795569,0.514398967148,89.999998796,90.0000005327
0.612916111175,0.335168944258,0.539447713279,0.315069321689,0.609964795569,0.514398967148,89.999998796,90.0000005327
0.612938848222,0.33572220059,0.539543154994,0.315610563823,0.609964795569,0.514398967148,89.999998796,90.0000005327
0.612961705277,0.336275241732,0.539638806109,0.316151690022,0.609964795569,0.514398967148,89.999998796,90.0000005327
0.612984682674,0.33682806713,0.539734666748,0.316692699694,0.609964795569,0.514398967148,89.999998796,90.0000005327
0.613007780754,0.337380676209,0.539830737016,0.317233592274,0.609964795569,0.514398967148,89.999998796,90.0000005327
0.613030999844,0.337933068423,0.539927017015,0.317774367201,0.609964795569,0.514398967148,89.999998796,90.0000005327
0.613054340285,0.338485243197,0.540023506856,0.318315023899,0.609964795569,0.514398967148,89.999998796,90.0000005327
0.613077802418,0.339037199953,0.540120206659,0.31885556177,0.609964795569,0.514398967148,89.999998796,90.0000005327
0.613101386568,0.339588938147,0.540217116535,0.31939598023,0.609964795569,0.514398967148,89.999998796,90.0000005327
0.613125093075,0.340140457201,0.540314236584,0.319936278715,0.609964795569,0.514398967148,89.999998796,90.0000005327
0.613148922271,0.340691756554,0.540411566901,0.320476456657,0.609964795569,0.514398967148,89.999998796,90.0000005327
0.613172874489,0.341242835642,0.540509107606,0.321016513455,0.609964795569,0.514398967148,89.999998796,90.0000005327
0.613196950067,0.341793693886,0.540606858815,0.321556448505,0.609964795569,0.514398967148,89.999998796,90.0000005327
0.613221149329,0.342344330739,0.540704820623,0.322096261238,0.609964795569,0.514398967148,89.999998796,90.0000005327
0.613245472613,0.342894745621,0.540802993125,0.322635951081,0.609964795569,0.514398967148,89.999998796,90.0000005327
0.613269920258,0.343444937954,0.540901376425,0.323175517445,0.609964795569,0.514398967148,89.999998796,90.0000005327
0.613294492584,0.343994907187,0.540999970635,0.323714959723,0.609964795569,0.514398967148,89.999998796,90.0000005327
0.61331918993,0.344544652741,0.541098775859,0.324254277323,0.609964795569,0.514398967148,89.999998796,90.0000005327
0.613344012625,0.345094174048,0.541197792188,0.324793469667,0.609964795569,0.514398967148,89.999998796,90.0000005327
0.613368960997,0.345643470545,0.541297019713,0.325332536179,0.609964795569,0.514398967148,89.999998796,90.0000005327
0.613394035383,0.346192541649,0.541396458541,0.325871476249,0.609964795569,0.514398967148,89.999998796,90.0000005327
0.613419236103,0.346741386806,0.541496108781,0.326410289265,0.609964795569,0.514398967148,89.999998796,90.0000005327
0.613444563491,0.347290005437,0.541595970522,0.326948974642,0.609964795569,0.514398967148,89.999998796,90.0000005327
0.613470017883,0.347838396959,0.541696043853,0.327487531797,0.609964795569,0.514398967148,89.999998796,90.0000005327
0.613495599597,0.34838656082,0.541796328864,0.328025960139,0.609964795569,0.514398967148,89.999998796,90.0000005327
0.613521308967,0.348934496435,0.541896825661,0.328564259052,0.609964795569,0.514398967148,89.999998796,90.0000005327
0.613547146322,0.349482203232,0.541997534342,0.329102427924,0.609964795569,0.514398967148,89.999998796,90.0000005327
0.613573111982,0.350029680648,0.542098454992,0.329640466168,0.609964795569,0.514398967148,89.999998796,90.0000005327
0.613599206282,0.350576928096,0.542199587693,0.330178373195,0.609964795569,0.514398967148,89.999998796,90.0000005327
0.613625429542,0.351123945014,0.542300932538,0.330716148399,0.609964795569,0.514398967148,89.999998796,90.0000005327
0.613651782089,0.351670730827,0.542402489625,0.331253791161,0.609964795569,0.514398967148,89.999998796,90.0000005327
0.613678264254,0.352217284948,0.542504259046,0.331791300871,0.609964795569,0.514398967148,89.999998796,90.0000005327
0.613704876351,0.352763606823,0.54260624088,0.332328676935,0.609964795569,0.514398967148,89.999998796,90.0000005327
0.613731618711,0.353309695865,0.542708435205,0.332865918758,0.609964795569,0.514398967148,89.999998796,90.0000005327
0.613758491664,0.353855551488,0.542810842111,0.333403025726,0.609964795569,0.514398967148,89.999998796,90.0000005327
0.613785495522,0.354401173136,0.542913461692,0.333939997213,0.609964795569,0.514398967148,89.999998796,90.0000005327
0.613812630613,0.354946560222,0.543016294032,0.334476832608,0.609964795569,0.514398967148,89.999998796,90.0000005327
0.613839897263,0.355491712166,0.543119339206,0.335013531313,0.609964795569,0.514398967148,89.999998796,90.0000005327
0.613867295786,0.356036628403,0.543222597288,0.335550092725,0.609964795569,0.514398967148,89.999998796,90.0000005327
0.61389482651,0.356581308345,0.543326068363,0.336086516225,0.609964795569,0.514398967148,89.999998796,90.0000005327
0.613922489752,0.357125751421,0.54342975252,0.336622801182,0.609964795569,0.514398967148,89.999998796,90.0000005327
0.613950285831,0.357669957054,0.543533649837,0.337158946981,0.609964795569,0.514398967148,89.999998796,90.0000005327
0.613978215072,0.358213924656,0.543637760384,0.337694953017,0.609964795569,0.514398967148,89.999998796,90.0000005327
0.614006277787,0.358757653663,0.543742084232,0.338230818683,0.609964795569,0.514398967148,89.999998796,90.0000005327
0.614034474298,0.35930114349,0.543846621458,0.338766543355,0.609964795569,0.514398967148,89.999998796,90.0000005327
0.614062804928,0.359844393547,0.543951372147,0.339302126398,0.609964795569,0.514398967148,89.999998796,90.0000005327
0.614091269983,0.360387403276,0.544056336373,0.33983756719,0.609964795569,0.514398967148,89.999998796,90.0000005327
0.614119869787,0.360930172084,0.544161514201,0.340372865121,0.609964795569,0.514398967148,89.999998796,90.0000005327
0.614148604661,0.361472699383,0.544266905696,0.34090801958,0.609964795569,0.514398967148,89.999998796,90.0000005327
0.61417747491,0.36201498461,0.544372510928,0.341443029939,0.609964795569,0.514398967148,89.999998796,90.0000005327
0.614206480855,0.362557027174,0.544478329977,0.341977895559,0.609964795569,0.514398967148,89.999998796,90.0000005327
0.614235622814,0.36309882649,0.544584362914,0.342512615811,0.609964795569,0.514398967148,89.999998796,90.0000005327
0.614264901092,0.363640381991,0.544690609798,0.343047190078,0.609964795569,0.514398967148,89.999998796,90.0000005327
0.614294316008,0.364181693083,0.54479707069,0.343581617743,0.609964795569,0.514398967148,89.999998796,90.0000005327
0.614323867875,0.364722759186,0.544903745651,0.344115898182,0.609964795569,0.514398967148,89.999998796,90.0000005327
0.614353557,0.365263579726,0.545010634755,0.344650030749,0.609964795569,0.514398967148,89.999998796,90.0000005327
0.614383383699,0.36580415411,0.545117738071,0.345184014805,0.609964795569,0.514398967148,89.999998796,90.0000005327
0.614413348281,0.36634448176,0.545225055654,0.345717849728,0.609964795569,0.514398967148,89.999998796,90.0000005327
0.614443451053,0.366884562098,0.545332587558,0.346251534895,0.609964795569,0.514398967148,89.999998796,90.0000005327
0.614473692331,0.36742439453,0.545440333836,0.346785069682,0.609964795569,0.514398967148,89.999998796,90.0000005327
0.614504072418,0.36796397848,0.545548294555,0.347318453444,0.609964795569,0.514398967148,89.999998796,90.0000005327
0.614534591621,0.368503313367,0.545656469781,0.34785168553,0.609964795569,0.514398967148,89.999998796,90.0000005327
0.614565250255,0.369042398594,0.545764859565,0.348384765311,0.609964795569,0.514398967148,89.999998796,90.0000005327
0.614596048618,0.369581233591,0.545873463957,0.348917692159,0.609964795569,0.514398967148,89.999998796,90.0000005327
0.614626987018,0.370119817769,0.545982283006,0.349450465443,0.609964795569,0.514398967148,89.999998796,90.0000005327
0.614658065767,0.370658150533,0.546091316762,0.349983084527,0.609964795569,0.514398967148,89.999998796,90.0000005327
0.61468928516,0.371196231314,0.546200565287,0.350515548755,0.609964795569,0.514398967148,89.999998796,90.0000005327
0.614720645504,0.37173405952,0.546310028635,0.351047857482,0.609964795569,0.514398967148,89.999998796,90.0000005327
0.614752147108,0.372271634556,0.546419706849,0.351580010074,0.609964795569,0.514398967148,89.999998796,90.0000005327
0.614783790265,0.372808955852,0.546529599971,0.352112005898,0.609964795569,0.514398967148,89.999998796,90.0000005327
0.61481557528,0.373346022815,0.546639708043,0.352643844318,0.609964795569,0.514398967148,89.999998796,90.0000005327
0.61484750246,0.373882834849,0.546750031116,0.353175524682,0.609964795569,0.514398967148,89.999998796,90.0000005327
0.614879572096,0.374419391386,0.546860569243,0.353707046331,0.609964795569,0.514398967148,89.999998796,90.0000005327
0.61491178449,0.37495569183,0.546971322465,0.354238408622,0.609964795569,0.514398967148,89.999998796,90.0000005327
0.614944139948,0.375491735584,0.547082290818,0.354769610916,0.609964795569,0.514398967148,89.999998796,90.0000005327
0.614976638757,0.376027522079,0.547193474339,0.355300652574,0.609964795569,0.514398967148,89.999998796,90.0000005327
0.615009281218,0.37656305072,0.547304873063,0.355831532953,0.609964795569,0.514398967148,89.999998796,90.0000005327
0.615042067635,0.377098320908,0.547416487035,0.356362251392,0.609964795569,0.514398967148,89.999998796,90.0000005327
0.61507499829,0.377633332075,0.547528316302,0.356892807227,0.609964795569,0.514398967148,89.999998796,90.0000005327
0.615108073485,0.378168083624,0.547640360894,0.357423199816,0.609964795569,0.514398967148,89.999998796,90.0000005327
0.61514129352,0.378702574956,0.54775262084,0.357953428513,0.609964795569,0.514398967148,89.999998796,90.0000005327
0.615174658676,0.379236805501,0.54786509617,0.358483492675,0.609964795569,0.514398967148,89.999998796,90.0000005327
0.615208169251,0.379770774663,0.547977786912,0.35901339165,0.609964795569,0.514398967148,89.999998796,90.0000005327
0.615241825542,0.380304481842,0.548090693106,0.359543124771,0.609964795569,0.514398967148,89.999998796,90.0000005327
0.615275627829,0.380837926467,0.548203814788,0.360072691375,0.609964795569,0.514398967148,89.999998796,90.0000005327
0.615309576406,0.381371107942,0.54831715198,0.360602090812,0.609964795569,0.514398967148,89.999998796,90.0000005327
0.61534367157,0.381904025665,0.548430704706,0.361131322432,0.609964795569,0.514398967148,89.999998796,90.0000005327
0.615377913597,0.382436679067,0.548544472986,0.361660385586,0.609964795569,0.514398967148,89.999998796,90.0000005327
0.615412302779,0.38296906755,0.548658456843,0.362189279618,0.609964795569,0.514398967148,89.999998796,90.0000005327
0.615446839409,0.383501190512,0.548772656308,0.362718003856,0.609964795569,0.514398967148,89.999998796,90.0000005327
0.615481523761,0.384033047381,0.548887071408,0.363246557631,0.609964795569,0.514398967148,89.999998796,90.0000005327
0.615516356126,0.384564637561,0.54900170216,0.36377494029,0.609964795569,0.514398967148,89.999998796,90.0000005327
0.615551336792,0.385095960451,0.549116548578,0.364303151178,0.609964795569,0.514398967148,89.999998796,90.0000005327
0.615586466034,0.385627015475,0.549231610677,0.364831189639,0.609964795569,0.514398967148,89.999998796,90.0000005327
0.615621744136,0.386157802038,0.549346888468,0.365359055015,0.609964795569,0.514398967148,89.999998796,90.0000005327
0.615657171385,0.386688319539,0.549462381975,0.365886746631,0.609964795569,0.514398967148,89.999998796,90.0000005327
0.615692748054,0.3872185674,0.549578091219,0.366414263811,0.609964795569,0.514398967148,89.999998796,90.0000005327
0.615728474424,0.387748545028,0.549694016209,0.366941605896,0.609964795569,0.514398967148,89.999998796,90.0000005327
0.615764350779,0.38827825182,0.549810156952,0.367468772226,0.609964795569,0.514398967148,89.999998796,90.0000005327
0.61580037739,0.388807687198,0.549926513453,0.367995762141,0.609964795569,0.514398967148,89.999998796,90.0000005327
0.615836554534,0.389336850568,0.550043085717,0.368522574979,0.609964795569,0.514398967148,89.999998796,90.0000005327
0.615872882493,0.389865741328,0.550159873756,0.369049210065,0.609964795569,0.514398967148,89.999998796,90.0000005327
0.615909361535,0.390394358896,0.550276877583,0.369575666718,0.609964795569,0.514398967148,89.999998796,90.0000005327
0.615945991934,0.390922702682,0.550394097202,0.370101944271,0.609964795569,0.514398967148,89.999998796,90.0000005327
0.615982773968,0.391450772084,0.550511532611,0.370628042057,0.609964795569,0.514398967148,89.999998796,90.0000005327
0.616019707906,0.391978566514,0.550629183809,0.371153959413,0.609964795569,0.514398967148,89.999998796,90.0000005327
0.616056794015,0.392506085387,0.550747050793,0.371679695672,0.609964795569,0.514398967148,89.999998796,90.0000005327
0.616094032571,0.393033328099,0.550865133559,0.372205250163,0.609964795569,0.514398967148,89.999998796,90.0000005327
0.616131423842,0.393560294061,0.550983432113,0.3727306222,0.609964795569,0.514398967148,89.999998796,90.0000005327
0.61616896809,0.394086982687,0.551101946456,0.373255811105,0.609964795569,0.514398967148,89.999998796,90.0000005327
0.616206665588,0.394613393377,0.551220676578,0.373780816207,0.609964795569,0.514398967148,89.999998796,90.0000005327
0.616244516603,0.395139525535,0.551339622469,0.374305636837,0.609964795569,0.514398967148,89.999998796,90.0000005327
0.616282521393,0.395665378581,0.551458784117,0.374830272324,0.609964795569,0.514398967148,89.999998796,90.0000005327
0.616320680226,0.396190951912,0.55157816151,0.375354721997,0.609964795569,0.514398967148,89.999998796,90.0000005327
0.61635899337,0.396716244929,0.551697754638,0.375878985174,0.609964795569,0.514398967148,89.999998796,90.0000005327
0.616397461076,0.397241257057,0.551817563497,0.376403061166,0.609964795569,0.514398967148,89.999998796,90.0000005327
0.61643608361,0.39776598769,0.551937588073,0.376926949294,0.609964795569,0.514398967148,89.999998796,90.0000005327
0.616474861238,0.398290436229,0.552057828348,0.377450648885,0.609964795569,0.514398967148,89.999998796,90.0000005327
0.61651379421,0.398814602093,0.552178284301,0.377974159262,0.609964795569,0.514398967148,89.999998796,90.0000005327
0.616552882785,0.399338484686,0.55229895591,0.378497479751,0.609964795569,0.514398967148,89.999998796,90.0000005327
0.616592127227,0.399862083404,0.552419843152,0.379020609675,0.609964795569,0.514398967148,89.999998796,90.0000005327
0.616631527783,0.400385397664,0.552540946011,0.379543548345,0.609964795569,0.514398967148,89.999998796,90.0000005327
0.616671084709,0.400908426872,0.552662264472,0.380066295069,0.609964795569,0.514398967148,89.999998796,90.0000005327
0.616710798263,0.401431170427,0.552783798507,0.380588849166,0.609964795569,0.514398967148,89.999998796,90.0000005327
0.616750668694,0.401953627739,0.55290554809,0.381111209957,0.609964795569,0.514398967148,89.999998796,90.0000005327
0.61679069625,0.40247579822,0.553027513188,0.381633376762,0.609964795569,0.514398967148,89.999998796,90.0000005327
0.616830881187,0.402997681266,0.55314969377,0.382155348901,0.609964795569,0.514398967148,89.999998796,90.0000005327
0.616871223753,0.403519276286,0.553272089803,0.382677125692,0.609964795569,0.514398967148,89.999998796,90.0000005327
0.61691172419,0.404040582694,0.55339470126,0.383198706444,0.609964795569,0.514398967148,89.999998796,90.0000005327
0.61695238275,0.404561599887,0.553517528114,0.383720090461,0.609964795569,0.514398967148,89.999998796,90.0000005327
0.616993199681,0.405082327268,0.553640570329,0.384241277055,0.609964795569,0.514398967148,89.999998796,90.0000005327
0.617034175219,0.405602764257,0.553763827866,0.384762265545,0.609964795569,0.514398967148,89.999998796,90.0000005327
0.617075309613,0.406122910251,0.553887300684,0.385283055247,0.609964795569,0.514398967148,89.999998796,90.0000005327
0.617116603109,0.406642764647,0.554010988741,0.385803645474,0.609964795569,0.514398967148,89.999998796,90.0000005327
0.617158055942,0.407162326864,0.554134891992,0.386324035544,0.609964795569,0.514398967148,89.999998796,90.0000005327
0.617199668351,0.407681596307,0.554259010397,0.38684422476,0.609964795569,0.514398967148,89.999998796,90.0000005327
0.617241440581,0.408200572371,0.55438334392,0.387364212425,0.609964795569,0.514398967148,89.999998796,90.0000005327
0.617283372866,0.408719254471,0.554507892515,0.387883997845,0.609964795569,0.514398967148,89.999998796,90.0000005327
0.617325465439,0.409237642015,0.554632656133,0.388403580334,0.609964795569,0.514398967148,89.999998796,90.0000005327
0.617367718541,0.409755734401,0.554757634721,0.388922959203,0.609964795569,0.514398967148,89.999998796,90.0000005327
0.617410132404,0.410273531035,0.554882828226,0.389442133762,0.609964795569,0.514398967148,89.999998796,90.0000005327
0.617452707257,0.410791031334,0.555008236595,0.389961103324,0.609964795569,0.514398967148,89.999998796,90.0000005327
0.617495443334,0.411308234694,0.555133859771,0.390479867196,0.609964795569,0.514398967148,89.999998796,90.0000005327
0.617538340871,0.411825140517,0.555259697707,0.390998424675,0.609964795569,0.514398967148,89.999998796,90.0000005327
0.617581400088,0.412341748221,0.555385750349,0.39151677506,0.609964795569,0.514398967148,89.999998796,90.0000005327
0.617624621216,0.412858057206,0.555512017638,0.392034917659,0.609964795569,0.514398967148,89.999998796,90.0000005327
0.617668004488,0.41337406687,0.55563849951,0.392552851781,0.609964795569,0.514398967148,89.999998796,90.0000005327
0.617711550122,0.41388977663,0.555765195901,0.393070576733,0.609964795569,0.514398967148,89.999998796,90.0000005327
0.617755258342,0.414405185891,0.555892106746,0.393588091822,0.609964795569,0.514398967148,89.999998796,90.0000005327
0.617799129377,0.414920294052,0.556019231977,0.394105396354,0.609964795569,0.514398967148,89.999998796,90.0000005327
0.617843163445,0.415435100521,0.556146571529,0.39462248963,0.609964795569,0.514398967148,89.999998796,90.0000005327
0.617887360763,0.415949604713,0.556274125341,0.395139370942,0.609964795569,0.514398967148,89.999998796,90.0000005327
0.617931721553,0.416463806027,0.556401893344,0.395656039591,0.609964795569,0.514398967148,89.999998796,90.0000005327
0.617976246036,0.416977703867,0.556529875464,0.39617249488,0.609964795569,0.514398967148,89.999998796,90.0000005327
0.618020934418,0.417491297653,0.556658071626,0.396688736115,0.609964795569,0.514398967148,89.999998796,90.0000005327
0.618065786915,0.418004586792,0.556786481752,0.397204762597,0.609964795569,0.514398967148,89.999998796,90.0000005327
0.618110803744,0.418517570684,0.556915105765,0.397720573631,0.609964795569,0.514398967148,89.999998796,90.0000005327
0.618155985109,0.419030248748,0.557043943582,0.398236168519,0.609964795569,0.514398967148,89.999998796,90.0000005327
0.618201331218,0.419542620397,0.557172995129,0.398751546556,0.609964795569,0.514398967148,89.999998796,90.0000005327
0.618246842285,0.420054685031,0.557302260328,0.399266707031,0.609964795569,0.514398967148,89.999998796,90.0000005327
0.618292518513,0.420566442065,0.557431739098,0.399781649244,0.609964795569,0.514398967148,89.999998796,90.0000005327
0.618338360103,0.421077890915,0.557561431351,0.400296372494,0.609964795569,0.514398967148,89.999998796,90.0000005327
0.618384367264,0.421589030984,0.557691336998,0.400810876082,0.609964795569,0.514398967148,89.999998796,90.0000005327
0.6184305402,0.422099861678,0.557821455949,0.401325159307,0.609964795569,0.514398967148,89.999998796,90.0000005327
0.618476879107,0.422610382418,0.557951788113,0.40183922147,0.609964795569,0.514398967148,89.999998796,90.0000005327
0.618523384185,0.42312059261,0.558082333394,0.402353061869,0.609964795569,0.514398967148,89.999998796,90.0000005327
0.618570055639,0.423630491658,0.558213091702,0.402866679797,0.609964795569,0.514398967148,89.999998796,90.0000005327
0.61861689366,0.424140078978,0.558344062948,0.403380074542,0.609964795569,0.514398967148,89.999998796,90.0000005327
0.618663898443,0.424649353985,0.558475247035,0.403893245397,0.609964795569,0.514398967148,89.999998796,90.0000005327
0.618711070186,0.425158316082,0.558606643864,0.40440619166,0.609964795569,0.514398967148,89.999998796,90.0000005327
0.618758409083,0.42566696468,0.558738253331,0.404918912627,0.609964795569,0.514398967148,89.999998796,90.0000005327
0.618805915318,0.426175299197,0.558870075333,0.405431407596,0.609964795569,0.514398967148,89.999998796,90.0000005327
0.618853589086,0.426683319039,0.559002109764,0.405943675862,0.609964795569,0.514398967148,89.999998796,90.0000005327
0.618901430582,0.42719102361,0.559134356517,0.406455716721,0.609964795569,0.514398967148,89.999998796,90.0000005327
0.618949439985,0.42769841233,0.559266815484,0.406967529468,0.609964795569,0.514398967148,89.999998796,90.0000005327
0.618997617482,0.428205484611,0.55939948656,0.407479113387,0.609964795569,0.514398967148,89.999998796,90.0000005327
0.619045963261,0.428712239857,0.559532369639,0.407990467765,0.609964795569,0.514398967148,89.999998796,90.0000005327
0.619094477505,0.42921867748,0.559665464607,0.408501591897,0.609964795569,0.514398967148,89.999998796,90.0000005327
0.61914316039,0.429724796901,0.559798771347,0.409012485077,0.609964795569,0.514398967148,89.999998796,90.0000005327
0.619192012102,0.430230597524,0.559932289742,0.409523146599,0.609964795569,0.514398967148,89.999998796,90.0000005327
0.619241032822,0.430736078754,0.560066019671,0.410033575756,0.609964795569,0.514398967148,89.999998796,90.0000005327
0.619290222722,0.431241240014,0.560199961013,0.410543771841,0.609964795569,0.514398967148,89.999998796,90.0000005327
0.619339581979,0.431746080714,0.560334113645,0.411053734147,0.609964795569,0.514398967148,89.999998796,90.0000005327
0.619389110772,0.432250600259,0.560468477446,0.411563461961,0.609964795569,0.514398967148,89.999998796,90.0000005327
0.619438809271,0.432754798064,0.560603052295,0.412072954567,0.609964795569,0.514398967148,89.999998796,90.0000005327
0.619488677645,0.433258673548,0.560737838066,0.412582211253,0.609964795569,0.514398967148,89.999998796,90.0000005327
0.619538716067,0.433762226116,0.56087283463,0.413091231309,0.609964795569,0.514398967148,89.999998796,90.0000005327
0.61958892471,0.434265455178,0.561008041854,0.413600014027,0.609964795569,0.514398967148,89.999998796,90.0000005327
0.619639303734,0.434768360155,0.561143459604,0.414108558698,0.609964795569,0.514398967148,89.999998796,90.0000005327
0.619689853307,0.435270940456,0.561279087744,0.414616864612,0.609964795569,0.514398967148,89.999998796,90.0000005327
0.619740573598,0.43577319549,0.561414926137,0.415124931061,0.609964795569,0.514398967148,89.999998796,90.0000005327
0.619791464766,0.436275124672,0.561550974643,0.415632757334,0.609964795569,0.514398967148,89.999998796,90.0000005327
0.619842526969,0.436776727421,0.561687233124,0.416140342715,0.609964795569,0.514398967148,89.999998796,90.0000005327
0.619893760372,0.437278003145,0.561823701445,0.416647686486,0.609964795569,0.514398967148,89.999998796,90.0000005327
0.619945165134,0.437778951254,0.561960379461,0.417154787934,0.609964795569,0.514398967148,89.999998796,90.0000005327
0.619996741407,0.438279571168,0.562097267028,0.417661646346,0.609964795569,0.514398967148,89.999998796,90.0000005327
0.620048489349,0.438779862301,0.562234363995,0.418168261012,0.609964795569,0.514398967148,89.999998796,90.0000005327
0.620100409115,0.439279824061,0.562371670212,0.418674631221,0.609964795569,0.514398967148,89.999998796,90.0000005327
0.620152500857,0.439779455864,0.562509185528,0.419180756261,0.609964795569,0.514398967148,89.999998796,90.0000005327
0.620204764721,0.440278757132,0.562646909788,0.41968663542,0.609964795569,0.514398967148,89.999998796,90.0000005327
0.62025720086,0.440777727272,0.562784842835,0.420192267986,0.609964795569,0.514398967148,89.999998796,90.0000005327
0.620309809425,0.441276365695,0.562922984515,0.420697653243,0.609964795569,0.514398967148,89.999998796,90.0000005327
0.620362590556,0.441774671824,0.563061334674,0.421202790472,0.609964795569,0.514398967148,89.999998796,90.0000005327
0.620415544398,0.442272645073,0.563199893153,0.421707678954,0.609964795569,0.514398967148,89.999998796,90.0000005327
0.620468671098,0.442770284852,0.563338659789,0.422212317977,0.609964795569,0.514398967148,89.999998796,90.0000005327
0.620521970796,0.443267590578,0.563477634416,0.422716706827,0.609964795569,0.514398967148,89.999998796,90.0000005327
0.620575443628,0.443764561674,0.563616816868,0.423220844793,0.609964795569,0.514398967148,89.999998796,90.0000005327
0.620629089734,0.44426119755,0.563756206975,0.423724731159,0.609964795569,0.514398967148,89.999998796,90.0000005327
0.620682909255,0.444757497618,0.563895804565,0.424228365213,0.609964795569,0.514398967148,89.999998796,90.0000005327
0.620736902322,0.445253461299,0.564035609467,0.424731746241,0.609964795569,0.514398967148,89.999998796,90.0000005327
0.620791069066,0.445749088013,0.564175621504,0.425234873528,0.609964795569,0.514398967148,89.999998796,90.0000005327
0.620845409624,0.44624437717,0.564315840507,0.425737746354,0.609964795569,0.514398967148,89.999998796,90.0000005327
0.620899924125,0.446739328187,0.5644562663,0.426240363997,0.609964795569,0.514398967148,89.999998796,90.0000005327
0.620954612693,0.44723394049,0.564596898705,0.426742725743,0.609964795569,0.514398967148,89.999998796,90.0000005327
0.621009475458,0.44772821349,0.564737737538,0.427244830876,0.609964795569,0.514398967148,89.999998796,90.0000005327
0.621064512548,0.448222146601,0.564878782616,0.427746678682,0.609964795569,0.514398967148,89.999998796,90.0000005327
0.621119724084,0.448715739245,0.565020033751,0.428248268447,0.609964795569,0.514398967148,89.999998796,90.0000005327
0.621175110186,0.449208990844,0.565161490755,0.428749599454,0.609964795569,0.514398967148,89.999998796,90.0000005327
0.621230670977,0.44970190081,0.565303153439,0.42925067099,0.609964795569,0.514398967148,89.999998796,90.0000005327
0.621286406577,0.450194468562,0.56544502161,0.429751482339,0.609964795569,0.514398967148,89.999998796,90.0000005327
0.6213423171,0.450686693524,0.565587095075,0.430252032784,0.609964795569,0.514398967148,89.999998796,90.0000005327
0.62139840266,0.451178575113,0.565729373643,0.430752321604,0.609964795569,0.514398967148,89.999998796,90.0000005327
0.621454663377,0.451670112744,0.56587185712,0.431252348077,0.609964795569,0.514398967148,89.999998796,90.0000005327
0.621511099359,0.452161305841,0.566014545306,0.431752111487,0.609964795569,0.514398967148,89.999998796,90.0000005327
0.621567710714,0.452652153826,0.566157437999,0.43225161112,0.609964795569,0.514398967148,89.999998796,90.0000005327
0.621624497554,0.453142656116,0.566300534996,0.432750846258,0.609964795569,0.514398967148,89.999998796,90.0000005327
0.621681459988,0.453632812128,0.56644383609,0.433249816187,0.609964795569,0.514398967148,89.999998796,90.0000005327
0.621738598117,0.454122621288,0.566587341074,0.433748520191,0.609964795569,0.514398967148,89.999998796,90.0000005327
0.621795912045,0.454612083018,0.566731049739,0.434246957552,0.609964795569,0.514398967148,89.999998796,90.0000005327
0.621853401876,0.455101196735,0.566874961871,0.434745127556,0.609964795569,0.514398967148,89.999998796,90.0000005327
0.621911067711,0.45558996186,0.567019077258,0.435243029486,0.609964795569,0.514398967148,89.999998796,90.0000005327
0.621968909644,0.456078377821,0.567163395689,0.43574066262,0.609964795569,0.514398967148,89.999998796,90.0000005327
0.622026927775,0.456566444038,0.567307916951,0.436238026235,0.609964795569,0.514398967148,89.999998796,90.0000005327
0.6220851222,0.457054159928,0.567452640823,0.436735119615,0.609964795569,0.514398967148,89.999998796,90.0000005327
0.622143493012,0.457541524918,0.567597567085,0.437231942044,0.609964795569,0.514398967148,89.999998796,90.0000005327
0.622202040298,0.458028538434,0.567742695512,0.437728492806,0.609964795569,0.514398967148,89.999998796,90.0000005327
0.622260764152,0.458515199895,0.567888025879,0.438224771185,0.609964795569,0.514398967148,89.999998796,90.0000005327
0.622319664664,0.459001508724,0.568033557958,0.438720776463,0.609964795569,0.514398967148,89.999998796,90.0000005327
0.622378741915,0.459487464348,0.568179291519,0.439216507926,0.609964795569,0.514398967148,89.999998796,90.0000005327
0.622437995992,0.459973066193,0.568325226331,0.439711964855,0.609964795569,0.514398967148,89.999998796,90.0000005327
0.622497426979,0.460458313679,0.56847136216,0.440207146536,0.609964795569,0.514398967148,89.999998796,90.0000005327
0.622557034958,0.460943206231,0.568617698773,0.440702052248,0.609964795569,0.514398967148,89.999998796,90.0000005327
0.622616820003,0.461427743281,0.568764235937,0.441196681268,0.609964795569,0.514398967148,89.999998796,90.0000005327
0.622676782194,0.46191192425,0.568910973413,0.441691032879,0.609964795569,0.514398967148,89.999998796,90.0000005327
0.622736921611,0.46239574856,0.56905791096,0.442185106365,0.609964795569,0.514398967148,89.999998796,90.0000005327
0.622797238324,0.462879215643,0.569205048333,0.442678901009,0.609964795569,0.514398967148,89.999998796,90.0000005327
0.622857732403,0.463362324926,0.569352385287,0.443172416094,0.609964795569,0.514398967148,89.999998796,90.0000005327
0.622918403922,0.463845075834,0.569499921574,0.443665650906,0.609964795569,0.514398967148,89.999998796,90.0000005327
0.62297925295,0.464327467791,0.569647656944,0.444158604726,0.609964795569,0.514398967148,89.999998796,90.0000005327
0.623040279552,0.464809500231,0.569795591145,0.444651276841,0.609964795569,0.514398967148,89.999998796,90.0000005327
0.623101483791,0.46529117258,0.569943723923,0.445143666532,0.609964795569,0.514398967148,89.999998796,90.0000005327
0.623162865734,0.465772484265,0.570092055021,0.445635773085,0.609964795569,0.514398967148,89.999998796,90.0000005327
0.623224425441,0.466253434714,0.570240584186,0.446127595779,0.609964795569,0.514398967148,89.999998796,90.0000005327
0.62328616297,0.46673402336,0.570389311162,0.446619133891,0.609964795569,0.514398967148,89.999998796,90.0000005327
0.623348078378,0.467214249632,0.570538235685,0.447110386707,0.609964795569,0.514398967148,89.999998796,90.0000005327
0.623410171726,0.467694112955,0.570687357493,0.44760135351,0.609964795569,0.514398967148,89.999998796,90.0000005327
0.623472443064,0.468173612763,0.570836676318,0.448092033586,0.609964795569,0.514398967148,89.999998796,90.0000005327
0.623534892443,0.468652748489,0.570986191891,0.448582426218,0.609964795569,0.514398967148,89.999998796,90.0000005327
0.623597519914,0.46913151956,0.571135903944,0.449072530691,0.609964795569,0.514398967148,89.999998796,90.0000005327
0.62366032553,0.469609925407,0.571285812202,0.44956234629,0.609964795569,0.514398967148,89.999998796,90.0000005327
0.623723309332,0.470087965465,0.571435916391,0.450051872299,0.609964795569,0.514398967148,89.999998796,90.0000005327
0.623786471366,0.470565639167,0.571586216234,0.450541108004,0.609964795569,0.514398967148,89.999998796,90.0000005327
0.623849811677,0.471042945941,0.571736711453,0.451030052689,0.609964795569,0.514398967148,89.999998796,90.0000005327
0.623913330305,0.471519885222,0.571887401771,0.451518705634,0.609964795569,0.514398967148,89.999998796,90.0000005327
0.623977027287,0.471996456447,0.572038286908,0.45200706612,0.609964795569,0.514398967148,89.999998796,90.0000005327
0.624040902662,0.472472659047,0.572189366578,0.452495133433,0.609964795569,0.514398967148,89.999998796,90.0000005327
0.624104956467,0.472948492454,0.572340640496,0.452982906858,0.609964795569,0.514398967148,89.999998796,90.0000005327
0.624169188734,0.473423956105,0.57249210837,0.453470385681,0.609964795569,0.514398967148,89.999998796,90.0000005327
0.624233599492,0.473899049438,0.572643769911,0.453957569187,0.609964795569,0.514398967148,89.999998796,90.0000005327
0.624298188773,0.474373771885,0.572795624825,0.454444456662,0.609964795569,0.514398967148,89.999998796,90.0000005327
0.624362956607,0.47484812288,0.572947672816,0.454931047393,0.609964795569,0.514398967148,89.999998796,90.0000005327
0.624427903018,0.475322101862,0.573099913585,0.455417340665,0.609964795569,0.514398967148,89.999998796,90.0000005327
0.624493028028,0.47579570827,0.573252346835,0.455903335766,0.609964795569,0.514398967148,89.999998796,90.0000005327
0.624558331661,0.476268941539,0.573404972262,0.456389031982,0.609964795569,0.514398967148,89.999998796,90.0000005327
0.624623813939,0.476741801104,0.573557789566,0.456874428595,0.609964795569,0.514398967148,89.999998796,90.0000005327
0.624689474877,0.477214286407,0.573710798443,0.45735952489,0.609964795569,0.514398967148,89.999998796,90.0000005327
0.624755314491,0.477686396887,0.573863998586,0.457844320151,0.609964795569,0.514398967148,89.999998796,90.0000005327
0.624821332799,0.47815813198,0.574017389686,0.458328813666,0.609964795569,0.514398967148,89.999998796,90.0000005327
0.624887529812,0.478629491126,0.574170971429,0.458813004724,0.609964795569,0.514398967148,89.999998796,90.0000005327
0.624953905538,0.479100473768,0.5743247435,0.459296892611,0.609964795569,0.514398967148,89.999998796,90.0000005327
0.625020459987,0.479571079344,0.574478705584,0.459780476615,0.609964795569,0.514398967148,89.999998796,90.0000005327
0.625087193168,0.480041307293,0.574632857361,0.460263756025,0.609964795569,0.514398967148,89.999998796,90.0000005327
0.625154105084,0.480511157059,0.57478719851,0.460746730129,0.609964795569,0.514398967148,89.999998796,90.0000005327
0.625221195735,0.480980628085,0.574941728708,0.461229398216,0.609964795569,0.514398967148,89.999998796,90.0000005327
0.625288465125,0.481449719811,0.575096447631,0.461711759574,0.609964795569,0.514398967148,89.999998796,90.0000005327
0.625355913254,0.481918431678,0.575251354951,0.462193813492,0.609964795569,0.514398967148,89.999998796,90.0000005327
0.625423540116,0.482386763132,0.575406450342,0.462675559254,0.609964795569,0.514398967148,89.999998796,90.0000005327
0.625491345706,0.482854713618,0.575561733476,0.463156996147,0.609964795569,0.514398967148,89.999998796,90.0000005327
0.625559330019,0.483322282577,0.575717204018,0.463638123461,0.609964795569,0.514398967148,89.999998796,90.0000005327
0.625627493045,0.483789469453,0.575872861632,0.464118940487,0.609964795569,0.514398967148,89.999998796,90.0000005327
0.625695834772,0.484256273695,0.57602870598,0.464599446514,0.609964795569,0.514398967148,89.999998796,90.0000005327
0.625764355186,0.484722694747,0.576184736722,0.465079640833,0.609964795569,0.514398967148,89.999998796,90.0000005327
0.625833054276,0.485188732054,0.576340953516,0.465559522735,0.609964795569,0.514398967148,89.999998796,90.0000005327
0.625901932022,0.485654385062,0.576497356017,0.466039091511,0.609964795569,0.514398967148,89.999998796,90.0000005327
0.625970988405,0.486119653222,0.576653943879,0.466518346452,0.609964795569,0.514398967148,89.999998796,90.0000005327
0.626040223404,0.486584535979,0.576810716753,0.46699728685,0.609964795569,0.514398967148,89.999998796,90.0000005327
0.626109636998,0.48704903278,0.576967674287,0.467475911998,0.609964795569,0.514398967148,89.999998796,90.0000005327
0.626179229161,0.487513143075,0.577124816132,0.467954221183,0.609964795569,0.514398967148,89.999998796,90.0000005327
0.626248999864,0.487976866315,0.577282141934,0.468432213697,0.609964795569,0.514398967148,89.999998796,90.0000005327
0.62631894908,0.488440201948,0.577439651338,0.468909888829,0.609964795569,0.514398967148,89.999998796,90.0000005327
0.626389076779,0.488903149422,0.577597343983,0.469387245874,0.609964795569,0.514398967148,89.999998796,90.0000005327
0.626459382926,0.489365708191,0.577755219508,0.469864284124,0.609964795569,0.514398967148,89.999998796,90.0000005327
0.626529867485,0.489827877706,0.577913277549,0.470341002874,0.609964795569,0.514398967148,89.999998796,90.0000005327
0.626600530421,0.490289657417,0.578071517738,0.47081740142,0.609964795569,0.514398967148,89.999998796,90.0000005327
0.626671371695,0.490751046777,0.578229939705,0.471293479059,0.609964795569,0.514398967148,89.999998796,90.0000005327
0.626742391265,0.49121204524,0.578388543076,0.47176923509,0.609964795569,0.514398967148,89.999998796,90.0000005327
0.626813589087,0.49167265226,0.578547327477,0.472244668811,0.609964795569,0.514398967148,89.999998796,90.0000005327
0.626884965117,0.492132867289,0.578706292528,0.472719779522,0.609964795569,0.514398967148,89.999998796,90.0000005327
0.626956519308,0.492592689781,0.57886543785,0.473194566521,0.609964795569,0.514398967148,89.999998796,90.0000005327
0.62702825161,0.493052119193,0.579024763065,0.473669029106,0.609964795569,0.514398967148,89.999998796,90.0000005327
0.62710016197,0.493511154981,0.579184267789,0.474143166574,0.609964795569,0.514398967148,89.999998796,90.0000005327
0.627172250338,0.493969796599,0.579343951638,0.474616978223,0.609964795569,0.514398967148,89.999998796,90.0000005327
0.627244516657,0.494428043505,0.579503814224,0.475090463355,0.609964795569,0.514398967148,89.999998796,90.0000005327
0.627316960868,0.494885895158,0.579663855155,0.475563621271,0.609964795569,0.514398967148,89.999998796,90.0000005327
0.627389582913,0.495343351014,0.579824074039,0.476036451271,0.609964795569,0.514398967148,89.999998796,90.0000005327
0.627462382731,0.49580041053,0.579984470481,0.476508952657,0.609964795569,0.514398967148,89.999998796,90.0000005327
0.627535360257,0.496257073167,0.580145044086,0.476981124731,0.609964795569,0.514398967148,89.999998796,90.0000005327
0.627608515424,0.496713338385,0.580305794453,0.477452966795,0.609964795569,0.514398967148,89.999998796,90.0000005327
0.627681848167,0.497169205644,0.580466721182,0.477924478151,0.609964795569,0.514398967148,89.999998796,90.0000005327
0.627755358415,0.497624674403,0.58062782387,0.478395658102,0.609964795569,0.514398967148,89.999998796,90.0000005327
0.627829046095,0.498079744125,0.580789102111,0.478866505951,0.609964795569,0.514398967148,89.999998796,90.0000005327
0.627902911134,0.498534414272,0.5809505555,0.479337020999,0.609964795569,0.514398967148,89.999998796,90.0000005327
0.627976953455,0.498988684306,0.581112183629,0.479807202546,0.609964795569,0.514398967148,89.999998796,90.0000005327
0.628051172981,0.499442553689,0.581273986088,0.480277049897,0.609964795569,0.514398967148,89.999998796,90.0000005327
0.628125569631,0.499896021887,0.581435962463,0.480746562356,0.609964795569,0.514398967148,89.999998796,90.0000005327
0.628200143321,0.500349088364,0.581598112337,0.481215739228,0.609964795569,0.514398967148,89.999998796,90.0000005327
0.628274893969,0.500801752584,0.581760435291,0.481684579819,0.609964795569,0.514398967148,89.999998796,90.0000005327
0.628349821487,0.501254014012,0.581922930907,0.482153083433,0.609964795569,0.514398967148,89.999998796,90.0000005327
0.628424925786,0.501705872115,0.582085598762,0.482621249377,0.609964795569,0.514398967148,89.999998796,90.0000005327
0.628500206776,0.502157326361,0.58224843843,0.483089076958,0.609964795569,0.514398967148,89.999998796,90.0000005327
0.628575664363,0.502608376215,0.582411449485,0.483556565481,0.609964795569,0.514398967148,89.999998796,90.0000005327
0.628651298454,0.503059021146,0.5825746315,0.484023714254,0.609964795569,0.514398967148,89.999998796,90.0000005327
0.628727108949,0.503509260623,0.582737984041,0.484490522585,0.609964795569,0.514398967148,89.999998796,90.0000005327
0.628803095751,0.503959094116,0.58290150668,0.484956989779,0.609964795569,0.514398967148,89.999998796,90.0000005327
0.628879258758,0.504408521093,0.583065198981,0.485423115142,0.609964795569,0.514398967148,89.999998796,90.0000005327
0.628955597866,0.504857541025,0.583229060509,0.485888897982,0.609964795569,0.514398967148,89.999998796,90.0000005327
0.62903211297,0.505306153384,0.583393090824,0.486354337609,0.609964795569,0.514398967148,89.999998796,90.0000005327
0.629108803961,0.505754357642,0.583557289484,0.486819433332,0.609964795569,0.514398967148,89.999998796,90.0000005327
0.629185670731,0.50620215327,0.583721656044,0.487284184462,0.609964795569,0.514398967148,89.999998796,90.0000005327
0.629262713167,0.506649539741,0.583886190061,0.487748590308,0.609964795569,0.514398967148,89.999998796,90.0000005327
0.629339931155,0.507096516531,0.584050891084,0.488212650181,0.609964795569,0.514398967148,89.999998796,90.0000005327
0.629417324579,0.507543083113,0.584215758665,0.488676363394,0.609964795569,0.514398967148,89.999998796,90.0000005327
0.629494893319,0.507989238961,0.58438079235,0.489139729257,0.609964795569,0.514398967148,89.999998796,90.0000005327
0.629572637257,0.508434983552,0.584545991686,0.489602747084,0.609964795569,0.514398967148,89.999998796,90.0000005327
0.629650556269,0.508880316362,0.584711356215,0.490065416185,0.609964795569,0.514398967148,89.999998796,90.0000005327
0.62972865023,0.509325236867,0.584876885481,0.490527735873,0.609964795569,0.514398967148,89.999998796,90.0000005327
0.629806919013,0.509769744546,0.585042579026,0.490989705458,0.609964795569,0.514398967148,89.999998796,90.0000005327
0.62988536249,0.510213838878,0.585208436386,0.491451324255,0.609964795569,0.514398967148,89.999998796,90.0000005327
0.629963980528,0.51065751934,0.585374457095,0.491912591578,0.609964795569,0.514398967148,89.999998796,90.0000005327
0.630042772995,0.511100785412,0.585540640687,0.492373506742,0.609964795569,0.514398967148,89.999998796,90.0000005327
0.630121739756,0.511543636576,0.585706986692,0.492834069063,0.609964795569,0.514398967148,89.999998796,90.0000005327
0.630200880672,0.511986072311,0.585873494639,0.493294277856,0.609964795569,0.514398967148,89.999998796,90.0000005327
0.630280195603,0.5124280921,0.586040164055,0.493754132438,0.609964795569,0.514398967148,89.999998796,90.0000005327
0.630359684408,0.512869695425,0.586206994462,0.494213632125,0.609964795569,0.514398967148,89.999998796,90.0000005327
0.630439346943,0.513310881769,0.586373985383,0.494672776236,0.609964795569,0.514398967148,89.999998796,90.0000005327
0.63051918306,0.513751650615,0.586541136339,0.495131564088,0.609964795569,0.514398967148,89.999998796,90.0000005327
0.630599192613,0.514192001449,0.586708446848,0.495589994999,0.609964795569,0.514398967148,89.999998796,90.0000005327
0.630679375449,0.514631933755,0.586875916426,0.496048068286,0.609964795569,0.514398967148,89.999998796,90.0000005327
0.630759731417,0.51507144702,0.587043544589,0.496505783267,0.609964795569,0.514398967148,89.999998796,90.0000005327
0.630840260361,0.515510540729,0.587211330848,0.496963139261,0.609964795569,0.514398967148,89.999998796,90.0000005327
0.630920962124,0.515949214371,0.587379274713,0.49742013559,0.609964795569,0.514398967148,89.999998796,90.0000005327
0.631001836547,0.516387467432,0.58754737569,0.497876771573,0.609964795569,0.514398967148,89.999998796,90.0000005327
0.631082883468,0.516825299402,0.587715633286,0.498333046533,0.609964795569,0.514398967148,89.999998796,90.0000005327
0.631164102725,0.51726270977,0.587884047002,0.498788959792,0.609964795569,0.514398967148,89.999998796,90.0000005327
0.63124549415,0.517699698026,0.58805261634,0.499244510672,0.609964795569,0.514398967148,89.999998796,90.0000005327
0.631327057576,0.518136263661,0.588221340798,0.499699698496,0.609964795569,0.514398967148,89.999998796,90.0000005327
0.631408792833,0.518572406166,0.588390219873,0.500154522589,0.609964795569,0.514398967148,89.999998796,90.0000005327
0.631490699749,0.519008125034,0.588559253059,0.500608982273,0.609964795569,0.514398967148,89.999998796,90.0000005327
0.631572778149,0.519443419758,0.58872843985,0.501063076874,0.609964795569,0.514398967148,89.999998796,90.0000005327
0.631655027855,0.519878289832,0.588897779737,0.501516805715,0.609964795569,0.514398967148,89.999998796,90.0000005327
0.631737448691,0.520312734749,0.589067272208,0.50197016812,0.609964795569,0.514398967148,89.999998796,90.0000005327
0.631820040474,0.520746754004,0.589236916751,0.502423163416,0.609964795569,0.514398967148,89.999998796,90.0000005327
0.631902803021,0.521180347096,0.58940671285,0.502875790931,0.609964795569,0.514398967148,89.999998796,90.0000005327
0.631985736146,0.521613513519,0.589576659984,0.50332804999,0.609964795569,0.514398967148,89.999998796,90.0000005327
0.632068839663,0.52204625277,0.589746757636,0.503779939924,0.609964795569,0.514398967148,89.999998796,90.0000005327
0.632152113381,0.522478564349,0.589917005281,0.504231460061,0.609964795569,0.514398967148,89.999998796,90.0000005327
0.632235557108,0.522910447754,0.590087402396,0.504682609729,0.609964795569,0.514398967148,89.999998796,90.0000005327
0.632319170651,0.523341902485,0.590257948454,0.505133388259,0.609964795569,0.514398967148,89.999998796,90.0000005327
0.632402953812,0.523772928041,0.590428642926,0.505583794982,0.609964795569,0.514398967148,89.999998796,90.0000005327
0.632486906394,0.524203523925,0.590599485281,0.506033829228,0.609964795569,0.514398967148,89.999998796,90.0000005327
0.632571028194,0.524633689639,0.590770474987,0.506483490328,0.609964795569,0.514398967148,89.999998796,90.0000005327
0.632655319012,0.525063424683,0.590941611512,0.506932777613,0.609964795569,0.514398967148,89.999998796,90.0000005327
0.632739778642,0.525492728563,0.591112894317,0.507381690415,0.609964795569,0.514398967148,89.999998796,90.0000005327
0.632824406874,0.525921600783,0.591284322863,0.507830228069,0.609964795569,0.514398967148,89.999998796,90.0000005327
0.632909203502,0.526350040847,0.591455896611,0.508278389907,0.609964795569,0.514398967148,89.999998796,90.0000005327
0.632994168313,0.526778048261,0.591627615014,0.508726175265,0.609964795569,0.514398967148,89.999998796,90.0000005327
0.633079301093,0.527205622532,0.59179947753,0.509173583478,0.609964795569,0.514398967148,89.999998796,90.0000005327
0.633164601624,0.527632763167,0.591971483609,0.509620613883,0.609964795569,0.514398967148,89.999998796,90.0000005327
0.633250069691,0.528059469675,0.592143632702,0.510067265816,0.609964795569,0.514398967148,89.999998796,90.0000005327
0.633335705072,0.528485741563,0.592315924257,0.510513538615,0.609964795569,0.514398967148,89.999998796,90.0000005327
0.633421507545,0.528911578341,0.592488357721,0.510959431616,0.609964795569,0.514398967148,89.999998796,90.0000005327
0.633507476883,0.529336979522,0.592660932538,0.511404944159,0.609964795569,0.514398967148,89.999998796,90.0000005327
0.633593612861,0.529761944614,0.59283364815,0.511850075582,0.609964795569,0.514398967148,89.999998796,90.0000005327
0.633679915249,0.53018647313,0.593006504,0.512294825222,0.609964795569,0.514398967148,89.999998796,90.0000005327
0.633766383815,0.530610564584,0.593179499525,0.512739192422,0.609964795569,0.514398967148,89.999998796,90.0000005327
0.633853018326,0.531034218489,0.59335263416,0.513183176521,0.609964795569,0.514398967148,89.999998796,90.0000005327
0.633939818546,0.531457434358,0.593525907339,0.513626776863,0.609964795569,0.514398967148,89.999998796,90.0000005327
0.634026784238,0.531880211708,0.593699318494,0.514069992789,0.609964795569,0.514398967148,89.999998796,90.0000005327
0.634113915159,0.532302550055,0.593872867054,0.514512823643,0.609964795569,0.514398967148,89.999998796,90.0000005327
0.634201211067,0.532724448916,0.594046552447,0.514955268768,0.609964795569,0.514398967148,89.999998796,90.0000005327
0.63428867172,0.533145907806,0.594220374099,0.51539732751,0.609964795569,0.514398967148,89.999998796,90.0000005327
0.634376296869,0.533566926246,0.594394331432,0.515838999213,0.609964795569,0.514398967148,89.999998796,90.0000005327
0.634464086264,0.533987503756,0.594568423869,0.516280283223,0.609964795569,0.514398967148,89.999998796,90.0000005327
0.634552039656,0.534407639854,0.594742650829,0.516721178886,0.609964795569,0.514398967148,89.999998796,90.0000005327
0.63464015679,0.534827334061,0.594917011732,0.517161685548,0.609964795569,0.514398967148,89.999998796,90.0000005327
0.63472843741,0.5352465859,0.595091505991,0.517601802557,0.609964795569,0.514398967148,89.999998796,90.0000005327
0.634816881259,0.535665394894,0.59526613302,0.518041529262,0.609964795569,0.514398967148,89.999998796,90.0000005327
0.634905488076,0.536083760565,0.59544089223,0.518480865012,0.609964795569,0.514398967148,89.999998796,90.0000005327
0.634994257601,0.536501682436,0.595615783031,0.518919809157,0.609964795569,0.514398967148,89.999998796,90.0000005327
0.635083189565,0.536919160036,0.595790804828,0.519358361048,0.609964795569,0.514398967148,89.999998796,90.0000005327
0.635172283704,0.537336192889,0.595965957029,0.519796520036,0.609964795569,0.514398967148,89.999998796,90.0000005327
0.635261539751,0.53775278052,0.596141239034,0.520234285475,0.609964795569,0.514398967148,89.999998796,90.0000005327
0.635350957432,0.538168922458,0.596316650246,0.520671656717,0.609964795569,0.514398967148,89.999998796,90.0000005327
0.635440536472,0.538584618233,0.596492190063,0.521108633114,0.609964795569,0.514398967148,89.999998796,90.0000005327
0.635530276599,0.538999867372,0.596667857883,0.521545214022,0.609964795569,0.514398967148,89.999998796,90.0000005327
0.635620177535,0.539414669405,0.596843653102,0.521981398793,0.609964795569,0.514398967148,89.999998796,90.0000005327
0.635710238998,0.539829023865,0.597019575113,0.522417186785,0.609964795569,0.514398967148,89.999998796,90.0000005327
0.635800460706,0.540242930284,0.597195623305,0.522852577353,0.609964795569,0.514398967148,89.999998796,90.0000005327
0.635890842377,0.540656388192,0.59737179707,0.523287569856,0.609964795569,0.514398967148,89.999998796,90.0000005327
0.635981383723,0.541069397123,0.597548095792,0.523722163651,0.609964795569,0.514398967148,89.999998796,90.0000005327
0.636072084453,0.541481956614,0.597724518857,0.524156358096,0.609964795569,0.514398967148,89.999998796,90.0000005327
0.636162944278,0.541894066199,0.597901065647,0.524590152553,0.609964795569,0.514398967148,89.999998796,90.0000005327
0.636253962907,0.542305725412,0.598077735545,0.525023546381,0.609964795569,0.514398967148,89.999998796,90.0000005327
0.636345140042,0.542716933792,0.598254527927,0.52545653894,0.609964795569,0.514398967148,89.999998796,90.0000005327
0.636436475385,0.543127690879,0.598431442173,0.525889129594,0.609964795569,0.514398967148,89.999998796,90.0000005327
0.636527968637,0.543537996209,0.598608477656,0.526321317702,0.609964795569,0.514398967148,89.999998796,90.0000005327
0.636619619497,0.54394784932,0.598785633751,0.526753102629,0.609964795569,0.514398967148,89.999998796,90.0000005327
0.636711427659,0.544357249757,0.598962909829,0.527184483739,0.609964795569,0.514398967148,89.999998796,90.0000005327
0.636803392817,0.544766197059,0.599140305257,0.527615460397,0.609964795569,0.514398967148,89.999998796,90.0000005327
0.636895514664,0.545174690767,0.599317819404,0.528046031968,0.609964795569,0.514398967148,89.999998796,90.0000005327
0.636987792889,0.545582730425,0.599495451633,0.52847619782,0.609964795569,0.514398967148,89.999998796,90.0000005327
0.637080227176,0.54599031558,0.599673201309,0.528905957318,0.609964795569,0.514398967148,89.999998796,90.0000005327
0.637172817213,0.546397445774,0.599851067791,0.529335309832,0.609964795569,0.514398967148,89.999998796,90.0000005327
0.637265562683,0.546804120551,0.60002905044,0.52976425473,0.609964795569,0.514398967148,89.999998796,90.0000005327
0.637358463265,0.547210339461,0.600207148613,0.530192791382,0.609964795569,0.514398967148,89.999998796,90.0000005327
0.637451518635,0.547616102053,0.600385361665,0.530620919157,0.609964795569,0.514398967148,89.999998796,90.0000005327
0.637544728474,0.548021407872,0.600563688949,0.531048637427,0.609964795569,0.514398967148,89.999998796,90.0000005327
0.637638092453,0.548426256467,0.600742129817,0.531475945563,0.609964795569,0.514398967148,89.999998796,90.0000005327
0.637731610244,0.548830647392,0.600920683619,0.531902842939,0.609964795569,0.514398967148,89.999998796,90.0000005327
0.637825281515,0.549234580197,0.601099349702,0.532329328927,0.609964795569,0.514398967148,89.999998796,90.0000005327
0.637919105938,0.549638054431,0.60127812741,0.532755402904,0.609964795569,0.514398967148,89.999998796,90.0000005327
0.638013083175,0.550041069649,0.601457016088,0.533181064243,0.609964795569,0.514398967148,89.999998796,90.0000005327
0.638107212887,0.550443625408,0.601636015078,0.533606312321,0.609964795569,0.514398967148,89.999998796,90.0000005327
0.638201494737,0.550845721261,0.601815123718,0.534031146515,0.609964795569,0.514398967148,89.999998796,90.0000005327
0.638295928385,0.55124735676,0.601994341348,0.534455566203,0.609964795569,0.514398967148,89.999998796,90.0000005327
0.638390513485,0.551648531466,0.602173667302,0.534879570762,0.609964795569,0.514398967148,89.999998796,90.0000005327
0.638485249691,0.552049244937,0.602353100916,0.535303159573,0.609964795569,0.514398967148,89.999998796,90.0000005327
0.638580136658,0.552449496729,0.602532641521,0.535726332014,0.609964795569,0.514398967148,89.999998796,90.0000005327
0.638675174035,0.552849286401,0.602712288447,0.536149087468,0.609964795569,0.514398967148,89.999998796,90.0000005327
0.638770361467,0.553248613517,0.602892041022,0.536571425316,0.609964795569,0.514398967148,89.999998796,90.0000005327
0.638865698601,0.553647477637,0.603071898573,0.536993344941,0.609964795569,0.514398967148,89.999998796,90.0000005327
0.638961185083,0.554045878321,0.603251860425,0.537414845727,0.609964795569,0.514398967148,89.999998796,90.0000005327
0.639056820551,0.554443815133,0.6034319259,0.537835927057,0.609964795569,0.514398967148,89.999998796,90.0000005327
0.639152604643,0.554841287641,0.603612094318,0.538256588318,0.609964795569,0.514398967148,89.999998796,90.0000005327
0.639248537,0.555238295406,0.603792364998,0.538676828895,0.609964795569,0.514398967148,89.999998796,90.0000005327
0.639344617255,0.555634837993,0.603972737258,0.539096648175,0.609964795569,0.514398967148,89.999998796,90.0000005327
0.639440845039,0.556030914974,0.604153210412,0.539516045546,0.609964795569,0.514398967148,89.999998796,90.0000005327
0.639537219982,0.556426525915,0.604333783774,0.539935020397,0.609964795569,0.514398967148,89.999998796,90.0000005327
0.639633741717,0.55682167038,0.604514456655,0.540353572118,0.609964795569,0.514398967148,89.999998796,90.0000005327
0.639730409866,0.557216347944,0.604695228364,0.540771700098,0.609964795569,0.514398967148,89.999998796,90.0000005327
0.639827224051,0.557610558179,0.60487609821,0.541189403729,0.609964795569,0.514398967148,89.999998796,90.0000005327
0.639924183898,0.558004300654,0.605057065497,0.541606682403,0.609964795569,0.514398967148,89.999998796,90.0000005327
0.640021289026,0.55839757494,0.60523812953,0.542023535514,0.609964795569,0.514398967148,89.999998796,90.0000005327
0.64011853905,0.558790380614,0.605419289611,0.542439962455,0.609964795569,0.514398967148,89.999998796,90.0000005327
0.640215933586,0.559182717251,0.60560054504,0.542855962621,0.609964795569,0.514398967148,89.999998796,90.0000005327
0.640313472251,0.559574584422,0.605781895115,0.543271535408,0.609964795569,0.514398967148,89.999998796,90.0000005327
0.640411154652,0.559965981706,0.605963339134,0.543686680212,0.609964795569,0.514398967148,89.999998796,90.0000005327
0.640508980396,0.560356908685,0.606144876389,0.544101396431,0.609964795569,0.514398967148,89.999998796,90.0000005327
0.640606949093,0.560747364932,0.606326506176,0.544515683464,0.609964795569,0.514398967148,89.999998796,90.0000005327
0.640705060349,0.561137350026,0.606508227784,0.54492954071,0.609964795569,0.514398967148,89.999998796,90.0000005327
0.640803313763,0.561526863552,0.606690040504,0.545342967568,0.609964795569,0.514398967148,89.999998796,90.0000005327
0.640901708936,0.56191590509,0.606871943622,0.545755963439,0.609964795569,0.514398967148,89.999998796,90.0000005327
0.641000245469,0.562304474217,0.607053936425,0.546168527727,0.609964795569,0.514398967148,89.999998796,90.0000005327
0.641098922956,0.562692570521,0.607236018196,0.546580659833,0.609964795569,0.514398967148,89.999998796,90.0000005327
0.641197740988,0.56308019359,0.607418188217,0.546992359162,0.609964795569,0.514398967148,89.999998796,90.0000005327
0.641296699161,0.563467343004,0.607600445768,0.547403625119,0.609964795569,0.514398967148,89.999998796,90.0000005327
0.641395797064,0.563854018348,0.607782790128,0.547814457109,0.609964795569,0.514398967148,89.999998796,90.0000005327
0.641495034283,0.564240219215,0.607965220574,0.548224854539,0.609964795569,0.514398967148,89.999998796,90.0000005327
0.641594410402,0.564625945191,0.608147736381,0.548634816816,0.609964795569,0.514398967148,89.999998796,90.0000005327
0.64169392501,0.565011195861,0.608330336822,0.549044343348,0.609964795569,0.514398967148,89.999998796,90.0000005327
0.641793577685,0.565395970818,0.608513021168,0.549453433544,0.609964795569,0.514398967148,89.999998796,90.0000005327
0.641893368002,0.565780269659,0.608695788691,0.549862086816,0.609964795569,0.514398967148,89.999998796,90.0000005327
0.641993295543,0.56616409197,0.608878638656,0.550270302574,0.609964795569,0.514398967148,89.999998796,90.0000005327
0.642093359883,0.566547437344,0.60906157033,0.550678080231,0.609964795569,0.514398967148,89.999998796,90.0000005327
0.642193560591,0.566930305379,0.609244582978,0.551085419199,0.609964795569,0.514398967148,89.999998796,90.0000005327
0.642293897239,0.567312695669,0.609427675862,0.551492318894,0.609964795569,0.514398967148,89.999998796,90.0000005327
0.642394369399,0.567694607807,0.609610848243,0.551898778729,0.609964795569,0.514398967148,89.999998796,90.0000005327
0.642494976635,0.568076041392,0.609794099381,0.55230479812,0.609964795569,0.514398967148,89.999998796,90.0000005327
0.642595718508,0.568456996028,0.609977428533,0.552710376484,0.609964795569,0.514398967148,89.999998796,90.0000005327
0.642696594585,0.568837471307,0.610160834956,0.553115513239,0.609964795569,0.514398967148,89.999998796,90.0000005327
0.642797604426,0.569217466831,0.610344317904,0.553520207804,0.609964795569,0.514398967148,89.999998796,90.0000005327
0.642898747585,0.569596982205,0.610527876627,0.553924459598,0.609964795569,0.514398967148,89.999998796,90.0000005327
0.64300002362,0.569976017029,0.610711510377,0.554328268043,0.609964795569,0.514398967148,89.999998796,90.0000005327
0.643101432088,0.570354570902,0.610895218403,0.55473163256,0.609964795569,0.514398967148,89.999998796,90.0000005327
0.643202972538,0.570732643435,0.611078999953,0.555134552572,0.609964795569,0.514398967148,89.999998796,90.0000005327
0.643304644517,0.571110234233,0.611262854271,0.555537027502,0.609964795569,0.514398967148,89.999998796,90.0000005327
0.643406447578,0.571487342898,0.611446780603,0.555939056773,0.609964795569,0.514398967148,89.999998796,90.0000005327
0.643508381266,0.571863969039,0.611630778191,0.556340639812,0.609964795569,0.514398967148,89.999998796,90.0000005327
0.643610445118,0.572240112269,0.611814846275,0.556741776045,0.609964795569,0.514398967148,89.999998796,90.0000005327
0.643712638682,0.572615772194,0.611998984094,0.5571424649,0.609964795569,0.514398967148,89.999998796,90.0000005327
0.643814961498,0.572990948421,0.612183190884,0.557542705806,0.609964795569,0.514398967148,89.999998796,90.0000005327
0.643917413098,0.573365640568,0.612367465881,0.557942498192,0.609964795569,0.514398967148,89.999998796,90.0000005327
0.644019993019,0.573739848247,0.61255180832,0.558341841488,0.609964795569,0.514398967148,89.999998796,90.0000005327
0.6441227008,0.574113571066,0.612736217433,0.558740735125,0.609964795569,0.514398967148,89.999998796,90.0000005327
0.644225535967,0.574486808643,0.612920692451,0.559139178535,0.609964795569,0.514398967148,89.999998796,90.0000005327
0.644328498046,0.574859560599,0.613105232603,0.559537171151,0.609964795569,0.514398967148,89.999998796,90.0000005327
0.64443158657,0.575231826543,0.613289837117,0.559934712408,0.609964795569,0.514398967148,89.999998796,90.0000005327
0.644534801063,0.575603606095,0.613474505218,0.560331801741,0.609964795569,0.514398967148,89.999998796,90.0000005327
0.644638141044,0.575974898879,0.613659236129,0.560728438588,0.609964795569,0.514398967148,89.999998796,90.0000005327
0.644741606036,0.57634570451,0.613844029074,0.561124622386,0.609964795569,0.514398967148,89.999998796,90.0000005327
0.644845195563,0.576716022607,0.614028883273,0.561520352571,0.609964795569,0.514398967148,89.999998796,90.0000005327
0.644948909135,0.577085852798,0.614213797947,0.561915628585,0.609964795569,0.514398967148,89.999998796,90.0000005327
0.645052746268,0.577455194704,0.614398772313,0.562310449865,0.609964795569,0.514398967148,89.999998796,90.0000005327
0.645156706481,0.577824047945,0.614583805588,0.562704815853,0.609964795569,0.514398967148,89.999998796,90.0000005327
0.64526078928,0.57819241215,0.614768896986,0.563098725993,0.609964795569,0.514398967148,89.999998796,90.0000005327
0.645364994169,0.57856028695,0.61495404572,0.563492179727,0.609964795569,0.514398967148,89.999998796,90.0000005327
0.645469320664,0.578927671964,0.615139251001,0.563885176501,0.609964795569,0.514398967148,89.999998796,90.0000005327
0.645573768266,0.579294566823,0.615324512039,0.564277715759,0.609964795569,0.514398967148,89.999998796,90.0000005327
0.645678336474,0.579660971161,0.615509828042,0.564669796949,0.609964795569,0.514398967148,89.999998796,90.0000005327
0.645783024794,0.580026884605,0.615695198218,0.565061419515,0.609964795569,0.514398967148,89.999998796,90.0000005327
0.645887832725,0.580392306784,0.615880621773,0.565452582907,0.609964795569,0.514398967148,89.999998796,90.0000005327
0.64599275976,0.580757237335,0.61606609791,0.565843286574,0.609964795569,0.514398967148,89.999998796,90.0000005327
0.646097805394,0.581121675893,0.616251625832,0.566233529966,0.609964795569,0.514398967148,89.999998796,90.0000005327
0.646202969126,0.581485622086,0.616437204737,0.566623312536,0.609964795569,0.514398967148,89.999998796,90.0000005327
0.646308250442,0.581849075555,0.616622833826,0.567012633737,0.609964795569,0.514398967148,89.999998796,90.0000005327
0.646413648827,0.58221203594,0.616808512295,0.567401493022,0.609964795569,0.514398967148,89.999998796,90.0000005327
0.646519163777,0.582574502871,0.616994239342,0.567789889845,0.609964795569,0.514398967148,89.999998796,90.0000005327
0.646624794772,0.582936475992,0.617180014162,0.56817782366,0.609964795569,0.514398967148,89.999998796,90.0000005327
0.646730541291,0.583297954947,0.617365835949,0.568565293923,0.609964795569,0.514398967148,89.999998796,90.0000005327
0.646836402821,0.583658939371,0.617551703893,0.568952300093,0.609964795569,0.514398967148,89.999998796,90.0000005327
0.646942378842,0.584019428907,0.617737617184,0.569338841631,0.609964795569,0.514398967148,89.999998796,90.0000005327
0.647048468824,0.584379423204,0.61792357501,0.569724917995,0.609964795569,0.514398967148,89.999998796,90.0000005327
0.647154672247,0.584738921904,0.618109576559,0.570110528646,0.609964795569,0.514398967148,89.999998796,90.0000005327
0.647260988587,0.585097924647,0.618295621017,0.570495673045,0.609964795569,0.514398967148,89.999998796,90.0000005327
0.647367417309,0.585456431088,0.618481707569,0.570880350655,0.609964795569,0.514398967148,89.999998796,90.0000005327
0.647473957884,0.585814440873,0.618667835398,0.571264560938,0.609964795569,0.514398967148,89.999998796,90.0000005327
0.647580609784,0.586171953645,0.618854003686,0.571648303361,0.609964795569,0.514398967148,89.999998796,90.0000005327
0.64768737247,0.58652896906,0.61904021161,0.572031577389,0.609964795569,0.514398967148,89.999998796,90.0000005327
0.647794245403,0.586885486772,0.61922645835,0.572414382492,0.609964795569,0.514398967148,89.999998796,90.0000005327
0.647901228052,0.587241506424,0.619412743083,0.572796718137,0.609964795569,0.514398967148,89.999998796,90.0000005327
0.648008319873,0.587597027675,0.619599064985,0.573178583791,0.609964795569,0.514398967148,89.999998796,90.0000005327
0.648115520318,0.587952050185,0.61978542323,0.573559978925,0.609964795569,0.514398967148,89.999998796,90.0000005327
0.648222828851,0.588306573601,0.619971816993,0.573940903009,0.609964795569,0.514398967148,89.999998796,90.0000005327
0.648330244925,0.588660597581,0.620158245445,0.574321355516,0.609964795569,0.514398967148,89.999998796,90.0000005327
0.648437767985,0.589014121789,0.620344707754,0.57470133592,0.609964795569,0.514398967148,89.999998796,90.0000005327
0.648545397488,0.589367145878,0.620531203088,0.575080843697,0.609964795569,0.514398967148,89.999998796,90.0000005327
0.648653132882,0.589719669508,0.620717730615,0.575459878323,0.609964795569,0.514398967148,89.999998796,90.0000005327
0.648760973609,0.590071692344,0.620904289502,0.575838439271,0.609964795569,0.514398967148,89.999998796,90.0000005327
0.648868919115,0.590423214048,0.621090878915,0.576216526021,0.609964795569,0.514398967148,89.999998796,90.0000005327
0.648976968847,0.590774234278,0.621277498016,0.576594138048,0.609964795569,0.514398967148,89.999998796,90.0000005327
0.64908512224,0.591124752705,0.621464145968,0.576971274834,0.609964795569,0.514398967148,89.999998796,90.0000005327
0.649193378733,0.591474768994,0.621650821928,0.577347935863,0.609964795569,0.514398967148,89.999998796,90.0000005327
0.649301737769,0.591824282806,0.621837525056,0.577724120615,0.609964795569,0.514398967148,89.999998796,90.0000005327
0.649410198777,0.592173293814,0.62202425451,0.578099828574,0.609964795569,0.514398967148,89.999998796,90.0000005327
0.649518761188,0.592521801689,0.622211009449,0.578475059221,0.609964795569,0.514398967148,89.999998796,90.0000005327
0.649627424443,0.592869806094,0.622397789027,0.578849812043,0.609964795569,0.514398967148,89.999998796,90.0000005327
0.649736187965,0.593217306705,0.622584592399,0.579224086524,0.609964795569,0.514398967148,89.999998796,90.0000005327
0.649845051177,0.593564303199,0.622771418717,0.579597882153,0.609964795569,0.514398967148,89.999998796,90.0000005327
0.649954013516,0.593910795239,0.622958267128,0.579971198421,0.609964795569,0.514398967148,89.999998796,90.0000005327
0.650063074399,0.594256782505,0.623145136785,0.580344034817,0.609964795569,0.514398967148,89.999998796,90.0000005327
0.650172233244,0.59460226468,0.623332026837,0.580716390831,0.609964795569,0.514398967148,89.999998796,90.0000005327
0.65028148948,0.59494724143,0.623518936432,0.581088265952,0.609964795569,0.514398967148,89.999998796,90.0000005327
0.650390842521,0.595291712439,0.623705864717,0.581459659673,0.609964795569,0.514398967148,89.999998796,90.0000005327
0.650500291777,0.595635677392,0.623892810836,0.581830571489,0.609964795569,0.514398967148,89.999998796,90.0000005327
0.650609836672,0.595979135961,0.624079773931,0.582201000897,0.609964795569,0.514398967148,89.999998796,90.0000005327
0.650719476614,0.596322087831,0.624266753143,0.582570947394,0.609964795569,0.514398967148,89.999998796,90.0000005327
0.65082921101,0.59666453269,0.624453747615,0.582940410475,0.609964795569,0.514398967148,89.999998796,90.0000005327
0.650939039276,0.597006470217,0.624640756487,0.583309389637,0.609964795569,0.514398967148,89.999998796,90.0000005327
0.651048960817,0.597347900097,0.624827778899,0.58367788438,0.609964795569,0.514398967148,89.999998796,90.0000005327
0.651158975032,0.597688822023,0.625014813989,0.584045894203,0.609964795569,0.514398967148,89.999998796,90.0000005327
0.651269081332,0.598029235677,0.625201860891,0.584413418612,0.609964795569,0.514398967148,89.999998796,90.0000005327
0.651379279119,0.598369140748,0.625388918737,0.584780457108,0.609964795569,0.514398967148,89.999998796,90.0000005327
0.651489567786,0.598708536931,0.625575986663,0.585147009197,0.609964795569,0.514398967148,89.999998796,90.0000005327
0.651599946736,0.599047423913,0.625763063803,0.58551307438,0.609964795569,0.514398967148,89.999998796,90.0000005327
0.651710415368,0.599385801385,0.625950149289,0.585878652163,0.609964795569,0.514398967148,89.999998796,90.0000005327
0.65182097307,0.599723669047,0.626137242252,0.586243742053,0.609964795569,0.514398967148,89.999998796,90.0000005327
0.651931619239,0.600061026589,0.626324341817,0.586608343561,0.609964795569,0.514398967148,89.999998796,90.0000005327
0.652042353268,0.600397873704,0.626511447112,0.586972456197,0.609964795569,0.514398967148,89.999998796,90.0000005327
0.652153174541,0.600734210097,0.626698557264,0.587336079472,0.609964795569,0.514398967148,89.999998796,90.0000005327
0.65226408245,0.60107003546,0.6268856714,0.587699212895,0.609964795569,0.514398967148,89.999998796,90.0000005327
0.652375076382,0.601405349492,0.627072788645,0.588061855978,0.609964795569,0.514398967148,89.999998796,90.0000005327
0.652486155715,0.601740151899,0.627259908123,0.588424008234,0.609964795569,0.514398967148,89.999998796,90.0000005327
0.652597319837,0.602074442378,0.627447028953,0.588785669182,0.609964795569,0.514398967148,89.999998796,90.0000005327
0.65270856813,0.60240822063,0.627634150255,0.589146838338,0.609964795569,0.514398967148,89.999998796,90.0000005327
0.652819899967,0.602741486366,0.62782127115,0.58950751522,0.609964795569,0.514398967148,89.999998796,90.0000005327
0.652931314729,0.603074239285,0.628008390757,0.589867699344,0.609964795569,0.514398967148,89.999998796,90.0000005327
0.653042811794,0.603406479094,0.628195508195,0.590227390227,0.609964795569,0.514398967148,89.999998796,90.0000005327
0.653154390531,0.603738205504,0.628382622582,0.590586587392,0.609964795569,0.514398967148,89.999998796,90.0000005327
0.653266050315,0.604069418221,0.628569733028,0.590945290362,0.609964795569,0.514398967148,89.999998796,90.0000005327
0.653377790519,0.604400116952,0.628756838649,0.591303498662,0.609964795569,0.514398967148,89.999998796,90.0000005327
0.653489610506,0.604730301415,0.628943938557,0.591661211815,0.609964795569,0.514398967148,89.999998796,90.0000005327
0.653601509647,0.605059971316,0.629131031867,0.592018429343,0.609964795569,0.514398967148,89.999998796,90.0000005327
0.65371348731,0.605389126368,0.629318117692,0.592375150772,0.609964795569,0.514398967148,89.999998796,90.0000005327
0.653825542852,0.605717766292,0.629505195139,0.592731375631,0.609964795569,0.514398967148,89.999998796,90.0000005327
0.653937675641,0.606045890798,0.629692263315,0.593087103452,0.609964795569,0.514398967148,89.999998796,90.0000005327
0.654049885038,0.606373499602,0.629879321328,0.593442333764,0.609964795569,0.514398967148,89.999998796,90.0000005327
0.654162170395,0.606700592428,0.630066368285,0.593797066096,0.609964795569,0.514398967148,89.999998796,90.0000005327
0.654274531078,0.607027168989,0.630253403296,0.594151299979,0.609964795569,0.514398967148,89.999998796,90.0000005327
0.654386966439,0.607353229006,0.630440425465,0.594505034945,0.609964795569,0.514398967148,89.999998796,90.0000005327
0.654499475828,0.607678772207,0.630627433893,0.594858270531,0.609964795569,0.514398967148,89.999998796,90.0000005327
0.654612058604,0.608003798306,0.63081442768,0.595211006276,0.609964795569,0.514398967148,89.999998796,90.0000005327
0.654724714116,0.60832830703,0.631001405931,0.595563241714,0.609964795569,0.514398967148,89.999998796,90.0000005327
0.654837441707,0.60865229811,0.631188367747,0.595914976382,0.609964795569,0.514398967148,89.999998796,90.0000005327
0.654950240735,0.608975771262,0.63137531223,0.596266209816,0.609964795569,0.514398967148,89.999998796,90.0000005327
0.65506311054,0.609298726219,0.631562238477,0.596616941558,0.609964795569,0.514398967148,89.999998796,90.0000005327
0.65517605046,0.609621162715,0.631749145583,0.596967171153,0.609964795569,0.514398967148,89.999998796,90.0000005327
0.655289059851,0.609943080469,0.631936032644,0.597316898144,0.609964795569,0.514398967148,89.999998796,90.0000005327
0.655402138046,0.610264479218,0.632122898759,0.597666122071,0.609964795569,0.514398967148,89.999998796,90.0000005327
0.655515284381,0.610585358699,0.632309743025,0.598014842477,0.609964795569,0.514398967148,89.999998796,90.0000005327
0.655628498204,0.610905718635,0.632496564535,0.59836305891,0.609964795569,0.514398967148,89.999998796,90.0000005327
0.655741778844,0.611225558767,0.632683362378,0.598710770918,0.609964795569,0.514398967148,89.999998796,90.0000005327
0.655855125635,0.611544878834,0.632870135647,0.599057978052,0.609964795569,0.514398967148,89.999998796,90.0000005327
0.655968537917,0.611863678564,0.633056883433,0.599404679859,0.609964795569,0.514398967148,89.999998796,90.0000005327
0.656082015015,0.612181957702,0.63324360483,0.599750875887,0.609964795569,0.514398967148,89.999998796,90.0000005327
0.656195556261,0.612499715987,0.633430298927,0.600096565687,0.609964795569,0.514398967148,89.999998796,90.0000005327
0.656309160987,0.612816953155,0.63361696481,0.600441748816,0.609964795569,0.514398967148,89.999998796,90.0000005327
0.656422828514,0.613133668954,0.633803601563,0.600786424831,0.609964795569,0.514398967148,89.999998796,90.0000005327
0.656536558172,0.613449863123,0.633990208276,0.601130593283,0.609964795569,0.514398967148,89.999998796,90.0000005327
0.656650349285,0.613765535406,0.634176784037,0.601474253728,0.609964795569,0.514398967148,89.999998796,90.0000005327
0.65676420117,0.614080685554,0.634363327932,0.601817405721,0.609964795569,0.514398967148,89.999998796,90.0000005327
0.656878113155,0.614395313306,0.634549839041,0.602160048825,0.609964795569,0.514398967148,89.999998796,90.0000005327
0.656992084558,0.614709418412,0.634736316445,0.602502182602,0.609964795569,0.514398967148,89.999998796,90.0000005327
0.657106114688,0.61502300063,0.634922759228,0.602843806613,0.609964795569,0.514398967148,89.999998796,90.0000005327
0.657220202875,0.615336059696,0.635109166474,0.603184920416,0.609964795569,0.514398967148,89.999998796,90.0000005327
0.657334348426,0.61564859537,0.635295537266,0.603525523573,0.609964795569,0.514398967148,89.999998796,90.0000005327
0.657448550649,0.615960607409,0.635481870679,0.603865615652,0.609964795569,0.514398967148,89.999998796,90.0000005327
0.657562808867,0.616272095557,0.63566816579,0.604205196224,0.609964795569,0.514398967148,89.999998796,90.0000005327
0.657677122384,0.616583059576,0.635854421679,0.604544264852,0.609964795569,0.514398967148,89.999998796,90.0000005327
0.657791490508,0.616893499222,0.636040637425,0.604882821102,0.609964795569,0.514398967148,89.999998796,90.0000005327
0.657905912551,0.617203414249,0.636226812108,0.605220864542,0.609964795569,0.514398967148,89.999998796,90.0000005327
0.658020387813,0.617512804421,0.636412944798,0.605558394746,0.609964795569,0.514398967148,89.999998796,90.0000005327
0.658134915603,0.617821669494,0.636599034568,0.605895411289,0.609964795569,0.514398967148,89.999998796,90.0000005327
0.658249495225,0.618130009229,0.636785080495,0.606231913742,0.609964795569,0.514398967148,89.999998796,90.0000005327
0.658364125973,0.618437823395,0.636971081655,0.606567901676,0.609964795569,0.514398967148,89.999998796,90.0000005327
0.658478807158,0.618745111745,0.637157037121,0.606903374666,0.609964795569,0.514398967148,89.999998796,90.0000005327
0.658593538074,0.619051874051,0.63734294596,0.607238332292,0.609964795569,0.514398967148,89.999998796,90.0000005327
0.658708318009,0.619358110086,0.637528807243,0.607572774134,0.609964795569,0.514398967148,89.999998796,90.0000005327
0.658823146272,0.619663819604,0.637714620042,0.607906699768,0.609964795569,0.514398967148,89.999998796,90.0000005327
0.658938022151,0.619969002383,0.63790038343,0.608240108772,0.609964795569,0.514398967148,89.999998796,90.0000005327
0.659052944937,0.620273658192,0.638086096473,0.608573000729,0.609964795569,0.514398967148,89.999998796,90.0000005327
0.659167913928,0.620577786798,0.638271758236,0.608905375225,0.609964795569,0.514398967148,89.999998796,90.0000005327
0.659282928407,0.62088138798,0.638457367786,0.609237231846,0.609964795569,0.514398967148,89.999998796,90.0000005327
0.659397987669,0.621184461504,0.638642924191,0.609568570174,0.609964795569,0.514398967148,89.999998796,90.0000005327
0.659513090999,0.621487007148,0.638828426521,0.609899389791,0.609964795569,0.514398967148,89.999998796,90.0000005327
0.659628237677,0.621789024695,0.639013873837,0.61022969029,0.609964795569,0.514398967148,89.999998796,90.0000005327
0.659743426999,0.622090513911,0.639199265199,0.610559471264,0.609964795569,0.514398967148,89.999998796,90.0000005327
0.65985865824,0.622391474582,0.639384599673,0.6108887323,0.609964795569,0.514398967148,89.999998796,90.0000005327
0.659973930681,0.62269190649,0.639569876325,0.611217472987,0.609964795569,0.514398967148,89.999998796,90.0000005327
0.660089243608,0.62299180941,0.639755094219,0.611545692916,0.609964795569,0.514398967148,89.999998796,90.0000005327
0.660204596294,0.62329118313,0.639940252412,0.611873391685,0.609964795569,0.514398967148,89.999998796,90.0000005327
0.660319988022,0.623590027429,0.640125349963,0.612200568892,0.609964795569,0.514398967148,89.999998796,90.0000005327
0.660435418067,0.623888342093,0.640310385935,0.612527224128,0.609964795569,0.514398967148,89.999998796,90.0000005327
0.660550885698,0.624186126915,0.640495359393,0.612853356988,0.609964795569,0.514398967148,89.999998796,90.0000005327
0.660666390199,0.624483381671,0.640680269392,0.613178967074,0.609964795569,0.514398967148,89.999998796,90.0000005327
0.660781930837,0.624780106157,0.640865114986,0.613504053989,0.609964795569,0.514398967148,89.999998796,90.0000005327
0.660897506879,0.625076300165,0.641049895236,0.613828617333,0.609964795569,0.514398967148,89.999998796,90.0000005327
0.661013117601,0.625371963481,0.641234609202,0.614152656704,0.609964795569,0.514398967148,89.999998796,90.0000005327
0.661128762266,0.625667095903,0.641419255942,0.614476171705,0.609964795569,0.514398967148,89.999998796,90.0000005327
0.661244440148,0.625961697218,0.641603834507,0.614799161945,0.609964795569,0.514398967148,89.999998796,90.0000005327
0.661360150509,0.626255767224,0.641788343952,0.615121627031,0.609964795569,0.514398967148,89.999998796,90.0000005327
0.661475892608,0.626549305724,0.641972783335,0.615443566567,0.609964795569,0.514398967148,89.999998796,90.0000005327
0.661591665718,0.626842312505,0.642157151714,0.615764980156,0.609964795569,0.514398967148,89.999998796,90.0000005327
0.661707469095,0.627134787372,0.64234144814,0.616085867415,0.609964795569,0.514398967148,89.999998796,90.0000005327
0.661823301999,0.627426730126,0.64252567166,0.616406227956,0.609964795569,0.514398967148,89.999998796,90.0000005327
0.661939163693,0.627718140563,0.642709821332,0.616726061388,0.609964795569,0.514398967148,89.999998796,90.0000005327
0.662055053429,0.628009018494,0.642893896213,0.61704536732,0.609964795569,0.514398967148,89.999998796,90.0000005327
0.662170970474,0.628299363712,0.643077895351,0.617364145369,0.609964795569,0.514398967148,89.999998796,90.0000005327
0.662286914078,0.628589176029,0.643261817792,0.617682395155,0.609964795569,0.514398967148,89.999998796,90.0000005327
0.662402883488,0.628878455256,0.643445662591,0.618000116293,0.609964795569,0.514398967148,89.999998796,90.0000005327
0.662518877968,0.629167201193,0.643629428801,0.618317308396,0.609964795569,0.514398967148,89.999998796,90.0000005327
0.662634896762,0.629455413655,0.643813115471,0.618633971085,0.609964795569,0.514398967148,89.999998796,90.0000005327
0.662750939128,0.629743092445,0.643996721646,0.618950103985,0.609964795569,0.514398967148,89.999998796,90.0000005327
0.662867004313,0.630030237378,0.644180246375,0.619265706717,0.609964795569,0.514398967148,89.999998796,90.0000005327
0.662983091557,0.630316848274,0.644363688711,0.619580778899,0.609964795569,0.514398967148,89.999998796,90.0000005327
0.663099200118,0.630602924937,0.644547047703,0.619895320155,0.609964795569,0.514398967148,89.999998796,90.0000005327
0.663215329235,0.630888467188,0.644730322392,0.620209330115,0.609964795569,0.514398967148,89.999998796,90.0000005327
0.663331478156,0.631173474842,0.644913511825,0.620522808406,0.609964795569,0.514398967148,89.999998796,90.0000005327
0.663447646124,0.631457947715,0.645096615053,0.620835754652,0.609964795569,0.514398967148,89.999998796,90.0000005327
0.663563832376,0.631741885635,0.645279631124,0.62114816848,0.609964795569,0.514398967148,89.999998796,90.0000005327
0.663680036161,0.632025288411,0.645462559078,0.621460049526,0.609964795569,0.514398967148,89.999998796,90.0000005327
0.663796256713,0.632308155873,0.645645397959,0.621771397422,0.609964795569,0.514398967148,89.999998796,90.0000005327
0.663912493273,0.632590487841,0.645828146817,0.622082211796,0.609964795569,0.514398967148,89.999998796,90.0000005327
0.66402874508,0.632872284139,0.646010804698,0.62239249228,0.609964795569,0.514398967148,89.999998796,90.0000005327
0.664145011363,0.633153544598,0.64619337064,0.622702238515,0.609964795569,0.514398967148,89.999998796,90.0000005327
0.664261291367,0.633434269036,0.646375843686,0.623011450139,0.609964795569,0.514398967148,89.999998796,90.0000005327
0.664377584319,0.633714457289,0.646558222885,0.623320126784,0.609964795569,0.514398967148,89.999998796,90.0000005327
0.664493889455,0.633994109184,0.646740507279,0.623628268088,0.609964795569,0.514398967148,89.999998796,90.0000005327
0.664610206007,0.634273224551,0.646922695907,0.623935873696,0.609964795569,0.514398967148,89.999998796,90.0000005327
0.6647265332,0.634551803228,0.64710478781,0.624242943251,0.609964795569,0.514398967148,89.999998796,90.0000005327
0.664842870272,0.634829845039,0.647286782034,0.624549476389,0.609964795569,0.514398967148,89.999998796,90.0000005327
0.664959216446,0.635107349825,0.647468677621,0.624855472755,0.609964795569,0.514398967148,89.999998796,90.0000005327
0.66507557095,0.635384317422,0.647650473608,0.625160931999,0.609964795569,0.514398967148,89.999998796,90.0000005327
0.665191933013,0.635660747664,0.647832169035,0.625465853766,0.609964795569,0.514398967148,89.999998796,90.0000005327
0.665308301853,0.635936640398,0.648013762948,0.6257702377,0.609964795569,0.514398967148,89.999998796,90.0000005327
0.665424676702,0.636211995453,0.648195254385,0.626074083449,0.609964795569,0.514398967148,89.999998796,90.0000005327
0.665541056778,0.636486812679,0.648376642382,0.62637739067,0.609964795569,0.514398967148,89.999998796,90.0000005327
0.665657441307,0.636761091913,0.64855792598,0.626680159011,0.609964795569,0.514398967148,89.999998796,90.0000005327
0.665773829507,0.637034833,0.648739104223,0.626982388121,0.609964795569,0.514398967148,89.999998796,90.0000005327
0.665890220593,0.637308035793,0.648920176146,0.627284077655,0.609964795569,0.514398967148,89.999998796,90.0000005327
0.666006613791,0.637580700128,0.649101140785,0.627585227275,0.609964795569,0.514398967148,89.999998796,90.0000005327
0.666123008315,0.637852825861,0.649281997179,0.627885836632,0.609964795569,0.514398967148,89.999998796,90.0000005327
0.666239403386,0.638124412831,0.649462744373,0.62818590538,0.609964795569,0.514398967148,89.999998796,90.0000005327
0.666355798216,0.638395460896,0.649643381399,0.628485433181,0.609964795569,0.514398967148,89.999998796,90.0000005327
0.666472192014,0.638665969913,0.649823907291,0.628784419702,0.609964795569,0.514398967148,89.999998796,90.0000005327
0.666588584001,0.638935939726,0.650004321091,0.629082864596,0.609964795569,0.514398967148,89.999998796,90.0000005327
0.666704973384,0.639205370196,0.650184621839,0.629380767525,0.609964795569,0.514398967148,89.999998796,90.0000005327
0.666821359382,0.639474261171,0.650364808565,0.629678128157,0.609964795569,0.514398967148,89.999998796,90.0000005327
0.666937741199,0.639742612514,0.650544880306,0.62997494616,0.609964795569,0.514398967148,89.999998796,90.0000005327
0.667054118046,0.640010424083,0.650724836104,0.630271221193,0.609964795569,0.514398967148,89.999998796,90.0000005327
0.667170489132,0.640277695736,0.650904674993,0.630566952925,0.609964795569,0.514398967148,89.999998796,90.0000005327
0.66728685366,0.640544427338,0.651084396005,0.630862141031,0.609964795569,0.514398967148,89.999998796,90.0000005327
0.667403210843,0.640810618746,0.651263998176,0.631156785178,0.609964795569,0.514398967148,89.999998796,90.0000005327
0.667519559882,0.641076269828,0.651443480549,0.631450885032,0.609964795569,0.514398967148,89.999998796,90.0000005327
0.667635899988,0.641341380442,0.651622842153,0.631744440271,0.609964795569,0.514398967148,89.999998796,90.0000005327
0.667752230359,0.64160595046,0.65180208202,0.632037450573,0.609964795569,0.514398967148,89.999998796,90.0000005327
0.667868550193,0.641869979754,0.651981199191,0.632329915607,0.609964795569,0.514398967148,89.999998796,90.0000005327
0.667984858699,0.642133468186,0.652160192701,0.632621835049,0.609964795569,0.514398967148,89.999998796,90.0000005327
0.668101155072,0.642396415632,0.652339061579,0.632913208582,0.609964795569,0.514398967148,89.999998796,90.0000005327
0.668217438518,0.642658821957,0.652517804861,0.633204035883,0.609964795569,0.514398967148,89.999998796,90.0000005327
0.66833370823,0.642920687039,0.652696421588,0.633494316628,0.609964795569,0.514398967148,89.999998796,90.0000005327
0.668449963413,0.643182010747,0.652874910789,0.633784050501,0.609964795569,0.514398967148,89.999998796,90.0000005327
0.668566203259,0.64344279296,0.653053271493,0.634073237193,0.609964795569,0.514398967148,89.999998796,90.0000005327
0.66868242696,0.643703033561,0.653231502741,0.634361876378,0.609964795569,0.514398967148,89.999998796,90.0000005327
0.668798633717,0.64396273242,0.653409603567,0.634649967742,0.609964795569,0.514398967148,89.999998796,90.0000005327
0.66891482272,0.644221889422,0.653587572998,0.634937510979,0.609964795569,0.514398967148,89.999998796,90.0000005327
0.669030993167,0.644480504443,0.653765410072,0.635224505773,0.609964795569,0.514398967148,89.999998796,90.0000005327
0.669147144247,0.644738577368,0.653943113826,0.635510951809,0.609964795569,0.514398967148,89.999998796,90.0000005327
0.669263275157,0.644996108077,0.654120683288,0.635796848782,0.609964795569,0.514398967148,89.999998796,90.0000005327
0.669379385083,0.645253096458,0.65429811749,0.636082196388,0.609964795569,0.514398967148,89.999998796,90.0000005327
0.669495473211,0.645509542403,0.65447541547,0.636366994312,0.609964795569,0.514398967148,89.999998796,90.0000005327
0.669611538735,0.645765445793,0.654652576261,0.63665124225,0.609964795569,0.514398967148,89.999998796,90.0000005327
0.669727580838,0.646020806521,0.654829598889,0.636934939905,0.609964795569,0.514398967148,89.999998796,90.0000005327
0.669843598715,0.646275624472,0.655006482394,0.637218086967,0.609964795569,0.514398967148,89.999998796,90.0000005327
0.669959591546,0.646529899543,0.655183225809,0.637500683133,0.609964795569,0.514398967148,89.999998796,90.0000005327
0.670075558523,0.64678363162,0.655359828162,0.637782728109,0.609964795569,0.514398967148,89.999998796,90.0000005327
0.670191498825,0.647036820603,0.655536288487,0.638064221593,0.609964795569,0.514398967148,89.999998796,90.0000005327
0.670307411638,0.647289466388,0.655712605824,0.638345163283,0.609964795569,0.514398967148,89.999998796,90.0000005327
0.670423296144,0.647541568869,0.655888779198,0.638625552886,0.609964795569,0.514398967148,89.999998796,90.0000005327
0.670539151522,0.647793127951,0.65606480764,0.638905390112,0.609964795569,0.514398967148,89.999998796,90.0000005327
0.67065497696,0.648044143527,0.656240690191,0.639184674657,0.609964795569,0.514398967148,89.999998796,90.0000005327
0.670770771632,0.648294615503,0.65641642588,0.639463406232,0.609964795569,0.514398967148,89.999998796,90.0000005327
0.670886534724,0.648544543775,0.656592013734,0.639741584552,0.609964795569,0.514398967148,89.999998796,90.0000005327
0.671002265412,0.648793928253,0.656767452793,0.64001920932,0.609964795569,0.514398967148,89.999998796,90.0000005327
0.671117962877,0.649042768835,0.656942742089,0.640296280247,0.609964795569,0.514398967148,89.999998796,90.0000005327
0.671233626294,0.649291065434,0.657117880651,0.64057279705,0.609964795569,0.514398967148,89.999998796,90.0000005327
0.671349254839,0.649538817956,0.657292867514,0.64084875944,0.609964795569,0.514398967148,89.999998796,90.0000005327
0.671464847689,0.649786026311,0.657467701714,0.64112416713,0.609964795569,0.514398967148,89.999998796,90.0000005327
0.671580404015,0.650032690411,0.657642382278,0.64139901984,0.609964795569,0.514398967148,89.999998796,90.0000005327
0.671695922997,0.650278810165,0.657816908241,0.641673317289,0.609964795569,0.514398967148,89.999998796,90.0000005327
0.671811403805,0.65052438549,0.657991278641,0.641947059189,0.609964795569,0.514398967148,89.999998796,90.0000005327
0.671926845615,0.650769416296,0.658165492505,0.642220245265,0.609964795569,0.514398967148,89.999998796,90.0000005327
0.672042247597,0.651013902502,0.658339548864,0.642492875243,0.609964795569,0.514398967148,89.999998796,90.0000005327
0.672157608926,0.651257844021,0.658513446761,0.642764948835,0.609964795569,0.514398967148,89.999998796,90.0000005327
0.672272928769,0.651501240776,0.658687185223,0.643036465773,0.609964795569,0.514398967148,89.999998796,90.0000005327
0.672388206301,0.651744092684,0.658860763279,0.643307425785,0.609964795569,0.514398967148,89.999998796,90.0000005327
0.672503440687,0.651986399667,0.659034179972,0.643577828589,0.609964795569,0.514398967148,89.999998796,90.0000005327
0.672618631093,0.652228161654,0.659207434331,0.643847673917,0.609964795569,0.514398967148,89.999998796,90.0000005327
0.672733776691,0.652469378564,0.659380525385,0.644116961506,0.609964795569,0.514398967148,89.999998796,90.0000005327
0.672848876644,0.652710050327,0.659553452176,0.644385691074,0.609964795569,0.514398967148,89.999998796,90.0000005327
0.672963930122,0.652950176864,0.659726213734,0.64465386236,0.609964795569,0.514398967148,89.999998796,90.0000005327
0.673078936289,0.653189758109,0.659898809089,0.644921475101,0.609964795569,0.514398967148,89.999998796,90.0000005327
0.673193894312,0.653428793986,0.660071237283,0.645188529024,0.609964795569,0.514398967148,89.999998796,90.0000005327
0.673308803355,0.653667284431,0.660243497347,0.645455023867,0.609964795569,0.514398967148,89.999998796,90.0000005327
0.673423662583,0.653905229371,0.660415588311,0.645720959373,0.609964795569,0.514398967148,89.999998796,90.0000005327
0.673538471157,0.654142628744,0.660587509217,0.645986335273,0.609964795569,0.514398967148,89.999998796,90.0000005327
0.673653228243,0.654379482482,0.660759259097,0.646251151309,0.609964795569,0.514398967148,89.999998796,90.0000005327
0.673767933001,0.654615790524,0.660930836981,0.646515407229,0.609964795569,0.514398967148,89.999998796,90.0000005327
0.673882584593,0.654851552804,0.661102241912,0.646779102765,0.609964795569,0.514398967148,89.999998796,90.0000005327
0.673997182179,0.655086769266,0.661273472923,0.647042237666,0.609964795569,0.514398967148,89.999998796,90.0000005327
0.674111724917,0.65532143985,0.661444529042,0.647304811681,0.609964795569,0.514398967148,89.999998796,90.0000005327
0.674226211968,0.655555564498,0.661615409316,0.647566824549,0.609964795569,0.514398967148,89.999998796,90.0000005327
0.674340642488,0.655789143155,0.661786112776,0.647828276021,0.609964795569,0.514398967148,89.999998796,90.0000005327
0.67445501564,0.656022175762,0.661956638453,0.648089165852,0.609964795569,0.514398967148,89.999998796,90.0000005327
0.674569330577,0.656254662269,0.662126985392,0.648349493782,0.609964795569,0.514398967148,89.999998796,90.0000005327
0.67468358646,0.65648660262,0.662297152626,0.648609259568,0.609964795569,0.514398967148,89.999998796,90.0000005327
0.674797782443,0.656717996767,0.662467139186,0.648868462969,0.609964795569,0.514398967148,89.999998796,90.0000005327
0.674911917684,0.656948844656,0.662636944118,0.649127103729,0.609964795569,0.514398967148,89.999998796,90.0000005327
0.675025991336,0.657179146243,0.662806566455,0.649385181609,0.609964795569,0.514398967148,89.999998796,90.0000005327
0.675140002557,0.657408901477,0.66297600523,0.64964269637,0.609964795569,0.514398967148,89.999998796,90.0000005327
0.675253950499,0.657638110316,0.66314525949,0.649899647762,0.609964795569,0.514398967148,89.999998796,90.0000005327
0.675367834317,0.657866772712,0.663314328266,0.65015603555,0.609964795569,0.514398967148,89.999998796,90.0000005327
0.675481653163,0.658094888625,0.663483210596,0.650411859497,0.609964795569,0.514398967148,89.999998796,90.0000005327
0.675595406191,0.658322458011,0.663651905524,0.650667119359,0.609964795569,0.514398967148,89.999998796,90.0000005327
0.675709092552,0.658549480833,0.663820412083,0.650921814906,0.609964795569,0.514398967148,89.999998796,90.0000005327
0.675822711398,0.658775957049,0.663988729315,0.651175945901,0.609964795569,0.514398967148,89.999998796,90.0000005327
0.675936261881,0.659001886624,0.66415685626,0.651429512107,0.609964795569,0.514398967148,89.999998796,90.0000005327
0.67604974315,0.65922726952,0.664324791953,0.651682513299,0.609964795569,0.514398967148,89.999998796,90.0000005327
0.676163154356,0.659452105704,0.66449253544,0.651934949238,0.609964795569,0.514398967148,89.999998796,90.0000005327
0.676276494648,0.659676395142,0.664660085758,0.652186819699,0.609964795569,0.514398967148,89.999998796,90.0000005327
0.676389763175,0.659900137804,0.664827441945,0.652438124456,0.609964795569,0.514398967148,89.999998796,90.0000005327
0.676502959086,0.660123333657,0.664994603048,0.652688863276,0.609964795569,0.514398967148,89.999998796,90.0000005327
0.676616081529,0.660345982673,0.665161568105,0.652939035936,0.609964795569,0.514398967148,89.999998796,90.0000005327
0.67672912965,0.660568084827,0.665328336153,0.653188642218,0.609964795569,0.514398967148,89.999998796,90.0000005327
0.676842102597,0.66078964009,0.66549490624,0.65343768189,0.609964795569,0.514398967148,89.999998796,90.0000005327
0.676954999516,0.661010648439,0.665661277405,0.653686154737,0.609964795569,0.514398967148,89.999998796,90.0000005327
0.677067819554,0.66123110985,0.66582744869,0.653934060536,0.609964795569,0.514398967148,89.999998796,90.0000005327
0.677180561856,0.6614510243,0.665993419141,0.654181399067,0.609964795569,0.514398967148,89.999998796,90.0000005327
0.677293225568,0.661670391769,0.666159187797,0.654428170117,0.609964795569,0.514398967148,89.999998796,90.0000005327
0.677405809835,0.661889212238,0.666324753706,0.654674373463,0.609964795569,0.514398967148,89.999998796,90.0000005327
0.677518313801,0.662107485688,0.666490115911,0.654920008894,0.609964795569,0.514398967148,89.999998796,90.0000005327
0.67763073661,0.662325212104,0.666655273451,0.655165076202,0.609964795569,0.514398967148,89.999998796,90.0000005327
0.677743077406,0.662542391469,0.666820225377,0.655409575165,0.609964795569,0.514398967148,89.999998796,90.0000005327
0.677855335332,0.662759023771,0.666984970732,0.655653505578,0.609964795569,0.514398967148,89.999998796,90.0000005327
0.677967509531,0.662975108997,0.667149508558,0.655896867233,0.609964795569,0.514398967148,89.999998796,90.0000005327
0.678079599146,0.663190647136,0.667313837907,0.656139659917,0.609964795569,0.514398967148,89.999998796,90.0000005327
0.678191603317,0.663405638178,0.667477957819,0.656381883429,0.609964795569,0.514398967148,89.999998796,90.0000005327
0.678303521188,0.663620082116,0.667641867347,0.656623537557,0.609964795569,0.514398967148,89.999998796,90.0000005327
0.678415351899,0.663833978942,0.667805565535,0.656864622101,0.609964795569,0.514398967148,89.999998796,90.0000005327
0.678527094591,0.664047328651,0.667969051427,0.657105136862,0.609964795569,0.514398967148,89.999998796,90.0000005327
0.678638748404,0.66426013124,0.668132324076,0.657345081632,0.609964795569,0.514398967148,89.999998796,90.0000005327
0.678750312479,0.664472386705,0.668295382527,0.657584456216,0.609964795569,0.514398967148,89.999998796,90.0000005327
0.678861785956,0.664684095046,0.668458225831,0.657823260414,0.609964795569,0.514398967148,89.999998796,90.0000005327
0.678973167974,0.664895256262,0.668620853037,0.658061494027,0.609964795569,0.514398967148,89.999998796,90.0000005327
0.679084457671,0.665105870356,0.668783263191,0.658299156864,0.609964795569,0.514398967148,89.999998796,90.0000005327
0.679195654188,0.66531593733,0.668945455349,0.658536248724,0.609964795569,0.514398967148,89.999998796,90.0000005327
0.679306756661,0.66552545719,0.669107428559,0.658772769419,0.609964795569,0.514398967148,89.999998796,90.0000005327
0.679417764229,0.66573442994,0.669269181869,0.659008718757,0.609964795569,0.514398967148,89.999998796,90.0000005327
0.67952867603,0.66594285559,0.669430714335,0.659244096544,0.609964795569,0.514398967148,89.999998796,90.0000005327
0.6796394912,0.666150734147,0.669592025005,0.659478902597,0.609964795569,0.514398967148,89.999998796,90.0000005327
0.679750208876,0.666358065622,0.669753112938,0.659713136721,0.609964795569,0.514398967148,89.999998796,90.0000005327
0.679860828195,0.666564850027,0.669913977182,0.659946798734,0.609964795569,0.514398967148,89.999998796,90.0000005327
0.679971348295,0.666771087374,0.670074616788,0.660179888454,0.609964795569,0.514398967148,89.999998796,90.0000005327
0.68008176831,0.666976777678,0.670235030815,0.660412405692,0.609964795569,0.514398967148,89.999998796,90.0000005327
0.680192087378,0.667181920954,0.670395218314,0.66064435027,0.609964795569,0.514398967148,89.999998796,90.0000005327
0.680302304633,0.66738651722,0.670555178345,0.660875722003,0.609964795569,0.514398967148,89.999998796,90.0000005327
0.680412419212,0.667590566493,0.67071490996,0.661106520713,0.609964795569,0.514398967148,89.999998796,90.0000005327
0.680522430248,0.667794068795,0.670874412213,0.661336746226,0.609964795569,0.514398967148,89.999998796,90.0000005327
0.680632336878,0.667997024145,0.671033684165,0.661566398361,0.609964795569,0.514398967148,89.999998796,90.0000005327
0.680742138235,0.668199432568,0.671192724868,0.661795476946,0.609964795569,0.514398967148,89.999998796,90.0000005327
0.680851833455,0.668401294086,0.671351533387,0.662023981802,0.609964795569,0.514398967148,89.999998796,90.0000005327
0.680961421671,0.668602608727,0.671510108775,0.66225191276,0.609964795569,0.514398967148,89.999998796,90.0000005327
0.681070902019,0.668803376515,0.671668450091,0.662479269649,0.609964795569,0.514398967148,89.999998796,90.0000005327
0.681180273629,0.669003597481,0.671826556396,0.662706052298,0.609964795569,0.514398967148,89.999998796,90.0000005327
0.681289535639,0.669203271652,0.671984426746,0.662932260542,0.609964795569,0.514398967148,89.999998796,90.0000005327
0.681398687178,0.669402399062,0.672142060208,0.663157894208,0.609964795569,0.514398967148,89.999998796,90.0000005327
0.681507727383,0.669600979741,0.672299455839,0.663382953134,0.609964795569,0.514398967148,89.999998796,90.0000005327
0.681616655384,0.669799013725,0.672456612703,0.663607437154,0.609964795569,0.514398967148,89.999998796,90.0000005327
0.681725470316,0.669996501048,0.672613529861,0.663831346105,0.609964795569,0.514398967148,89.999998796,90.0000005327
0.68183417131,0.670193441748,0.672770206373,0.664054679831,0.609964795569,0.514398967148,89.999998796,90.0000005327
0.681942757493,0.670389835867,0.672926641306,0.664277438165,0.609964795569,0.514398967148,89.999998796,90.0000005327
0.682051228003,0.670585683441,0.673082833721,0.664499620952,0.609964795569,0.514398967148,89.999998796,90.0000005327
0.682159581966,0.670780984515,0.673238782688,0.664721228032,0.609964795569,0.514398967148,89.999998796,90.0000005327
0.68226781852,0.670975739127,0.673394487268,0.66494225925,0.609964795569,0.514398967148,89.999998796,90.0000005327
0.682375936791,0.671169947326,0.673549946527,0.665162714451,0.609964795569,0.514398967148,89.999998796,90.0000005327
0.682483935915,0.671363609152,0.673705159534,0.665382593483,0.609964795569,0.514398967148,89.999998796,90.0000005327
0.68259181502,0.671556724656,0.673860125352,0.665601896196,0.609964795569,0.514398967148,89.999998796,90.0000005327
0.68269957324,0.671749293882,0.674014843052,0.665820622435,0.609964795569,0.514398967148,89.999998796,90.0000005327
0.682807209704,0.671941316883,0.674169311701,0.666038772055,0.609964795569,0.514398967148,89.999998796,90.0000005327
0.682914723546,0.672132793707,0.674323530371,0.666256344904,0.609964795569,0.514398967148,89.999998796,90.0000005327
0.683022113893,0.672323724409,0.674477498129,0.666473340838,0.609964795569,0.514398967148,89.999998796,90.0000005327
0.683129379878,0.672514109041,0.674631214046,0.666689759712,0.609964795569,0.514398967148,89.999998796,90.0000005327
0.68323652063,0.67270394766,0.674784677194,0.666905601383,0.609964795569,0.514398967148,89.999998796,90.0000005327
0.683343535275,0.672893240327,0.67493788664,0.667120865711,0.609964795569,0.514398967148,89.999998796,90.0000005327
0.683450422947,0.673081987096,0.675090841462,0.667335552551,0.609964795569,0.514398967148,89.999998796,90.0000005327
0.683557182773,0.67327018803,0.675243540729,0.667549661767,0.609964795569,0.514398967148,89.999998796,90.0000005327
0.683663813887,0.673457843185,0.675395983519,0.667763193218,0.609964795569,0.514398967148,89.999998796,90.0000005327
0.683770315416,0.673644952629,0.675548168904,0.66797614677,0.609964795569,0.514398967148,89.999998796,90.0000005327
0.683876686494,0.673831516419,0.675700095961,0.668188522284,0.609964795569,0.514398967148,89.999998796,90.0000005327
0.683982926247,0.674017534626,0.675851763764,0.668400319629,0.609964795569,0.514398967148,89.999998796,90.0000005327
0.684089033809,0.674203007311,0.676003171388,0.668611538675,0.609964795569,0.514398967148,89.999998796,90.0000005327
0.684195008306,0.674387934547,0.676154317913,0.668822179289,0.609964795569,0.514398967148,89.999998796,90.0000005327
0.684300848864,0.674572316406,0.676305202413,0.669032241342,0.609964795569,0.514398967148,89.999998796,90.0000005327
0.684406554617,0.674756152956,0.676455823971,0.669241724705,0.609964795569,0.514398967148,89.999998796,90.0000005327
0.684512124689,0.674939444274,0.676606181664,0.669450629253,0.609964795569,0.514398967148,89.999998796,90.0000005327
0.684617558215,0.675122190427,0.676756274574,0.669658954857,0.609964795569,0.514398967148,89.999998796,90.0000005327
0.684722854321,0.675304391496,0.67690610178,0.669866701396,0.609964795569,0.514398967148,89.999998796,90.0000005327
0.684828012141,0.675486047552,0.677055662366,0.670073868745,0.609964795569,0.514398967148,89.999998796,90.0000005327
0.6849330308,0.675667158678,0.677204955412,0.670280456785,0.609964795569,0.514398967148,89.999998796,90.0000005327
0.68503790943,0.675847724949,0.677353980004,0.670486465394,0.609964795569,0.514398967148,89.999998796,90.0000005327
0.68514264716,0.676027746449,0.677502735224,0.670691894456,0.609964795569,0.514398967148,89.999998796,90.0000005327
0.685247243111,0.676207223267,0.677651220153,0.670896743856,0.609964795569,0.514398967148,89.999998796,90.0000005327
0.685351696421,0.676386155479,0.677799433881,0.671101013475,0.609964795569,0.514398967148,89.999998796,90.0000005327
0.685456006213,0.676564543176,0.677947375491,0.671304703202,0.609964795569,0.514398967148,89.999998796,90.0000005327
0.685560171623,0.676742386438,0.678095044071,0.671507812922,0.609964795569,0.514398967148,89.999998796,90.0000005327
0.685664191775,0.676919685359,0.678242438709,0.671710342525,0.609964795569,0.514398967148,89.999998796,90.0000005327
0.685768065805,0.677096440022,0.678389558495,0.6719122919,0.609964795569,0.514398967148,89.999998796,90.0000005327
0.685871792838,0.677272650522,0.678536402515,0.672113660939,0.609964795569,0.514398967148,89.999998796,90.0000005327
0.685975371995,0.67744831696,0.678682969862,0.672314449535,0.609964795569,0.514398967148,89.999998796,90.0000005327
0.686078802415,0.67762343942,0.678829259626,0.672514657582,0.609964795569,0.514398967148,89.999998796,90.0000005327
0.686182083221,0.677798018004,0.678975270898,0.672714284975,0.609964795569,0.514398967148,89.999998796,90.0000005327
0.68628521355,0.677972052802,0.679121002772,0.672913331614,0.609964795569,0.514398967148,89.999998796,90.0000005327
0.686388192526,0.678145543916,0.67926645434,0.673111797394,0.609964795569,0.514398967148,89.999998796,90.0000005327
0.686491019283,0.678318491444,0.679411624696,0.673309682217,0.609964795569,0.514398967148,89.999998796,90.0000005327
0.686593692947,0.678490895488,0.679556512936,0.673506985984,0.609964795569,0.514398967148,89.999998796,90.0000005327
0.686696212643,0.678662756157,0.679701118155,0.673703708599,0.609964795569,0.514398967148,89.999998796,90.0000005327
0.686798577507,0.678834073548,0.679845439448,0.673899849967,0.609964795569,0.514398967148,89.999998796,90.0000005327
0.686900786664,0.679004847771,0.679989475913,0.674095409992,0.609964795569,0.514398967148,89.999998796,90.0000005327
0.687002839253,0.679175078925,0.680133226648,0.674290388583,0.609964795569,0.514398967148,89.999998796,90.0000005327
0.687104734396,0.679344767125,0.680276690753,0.674484785648,0.609964795569,0.514398967148,89.999998796,90.0000005327
0.687206471222,0.679513912483,0.680419867326,0.674678601097,0.609964795569,0.514398967148,89.999998796,90.0000005327
0.687308048865,0.679682515106,0.68056275547,0.674871834841,0.609964795569,0.514398967148,89.999998796,90.0000005327
0.687409466449,0.679850575113,0.680705354285,0.675064486794,0.609964795569,0.514398967148,89.999998796,90.0000005327
0.687510723114,0.680018092608,0.680847662874,0.675256556869,0.609964795569,0.514398967148,89.999998796,90.0000005327
0.687611817984,0.680185067715,0.680989680341,0.675448044983,0.609964795569,0.514398967148,89.999998796,90.0000005327
0.687712750191,0.680351500547,0.681131405789,0.675638951052,0.609964795569,0.514398967148,89.999998796,90.0000005327
0.687813518867,0.680517391223,0.681272838324,0.675829274995,0.609964795569,0.514398967148,89.999998796,90.0000005327
0.687914123134,0.68068273987,0.681413977052,0.676019016732,0.609964795569,0.514398967148,89.999998796,90.0000005327
0.688014562135,0.680847546599,0.681554821079,0.676208176185,0.609964795569,0.514398967148,89.999998796,90.0000005327
0.688114834994,0.68101181154,0.681695369513,0.676396753277,0.609964795569,0.514398967148,89.999998796,90.0000005327
0.688214940846,0.681175534812,0.681835621463,0.676584747931,0.609964795569,0.514398967148,89.999998796,90.0000005327
0.688314878822,0.681338716543,0.681975576038,0.676772160074,0.609964795569,0.514398967148,89.999998796,90.0000005327
0.688414648045,0.681501356868,0.682115232349,0.676958989633,0.609964795569,0.514398967148,89.999998796,90.0000005327
0.688514247658,0.681663455905,0.682254589507,0.677145236537,0.609964795569,0.514398967148,89.999998796,90.0000005327
0.688613676785,0.681825013791,0.682393646624,0.677330900715,0.609964795569,0.514398967148,89.999998796,90.0000005327
0.688712934565,0.68198603065,0.682532402814,0.6775159821,0.609964795569,0.514398967148,89.999998796,90.0000005327
0.688812020126,0.68214650662,0.68267085719,0.677700480623,0.609964795569,0.514398967148,89.999998796,90.0000005327
0.688910932595,0.682306441842,0.682809008867,0.677884396221,0.609964795569,0.514398967148,89.999998796,90.0000005327
0.689009671114,0.682465836441,0.682946856962,0.678067728827,0.609964795569,0.514398967148,89.999998796,90.0000005327
0.689108234809,0.682624690561,0.683084400591,0.678250478381,0.609964795569,0.514398967148,89.999998796,90.0000005327
0.689206622818,0.682783004337,0.683221638872,0.67843264482,0.609964795569,0.514398967148,89.999998796,90.0000005327
0.689304834273,0.682940777909,0.683358570923,0.678614228085,0.609964795569,0.514398967148,89.999998796,90.0000005327
0.6894028683,0.683098011428,0.683495195865,0.678795228116,0.609964795569,0.514398967148,89.999998796,90.0000005327
0.689500724044,0.683254705024,0.683631512818,0.678975644859,0.609964795569,0.514398967148,89.999998796,90.0000005327
0.689598400631,0.68341085885,0.683767520904,0.679155478256,0.609964795569,0.514398967148,89.999998796,90.0000005327
0.689695897196,0.683566473051,0.683903219244,0.679334728254,0.609964795569,0.514398967148,89.999998796,90.0000005327
0.689793212877,0.683721547771,0.684038606964,0.679513394799,0.609964795569,0.514398967148,89.999998796,90.0000005327
0.6898903468,0.683876083167,0.684173683187,0.679691477842,0.609964795569,0.514398967148,89.999998796,90.0000005327
0.689987298114,0.684030079376,0.684308447037,0.679868977333,0.609964795569,0.514398967148,89.999998796,90.0000005327
0.690084065945,0.684183536559,0.684442897641,0.680045893224,0.609964795569,0.514398967148,89.999998796,90.0000005327
0.690180649421,0.684336454875,0.684577034126,0.680222225469,0.609964795569,0.514398967148,89.999998796,90.0000005327
0.690277047689,0.684488834468,0.684710855622,0.680397974022,0.609964795569,0.514398967148,89.999998796,90.0000005327
0.690373259878,0.684640675502,0.684844361255,0.680573138839,0.609964795569,0.514398967148,89.999998796,90.0000005327
0.690469285129,0.684791978128,0.684977550159,0.680747719877,0.609964795569,0.514398967148,89.999998796,90.0000005327
0.690565122578,0.684942742507,0.685110421463,0.680921717097,0.609964795569,0.514398967148,89.999998796,90.0000005327
0.690660771352,0.685092968809,0.6852429743,0.681095130457,0.609964795569,0.514398967148,89.999998796,90.0000005327
0.690756230603,0.685242657179,0.685375207803,0.681267959921,0.609964795569,0.514398967148,89.999998796,90.0000005327
0.690851499459,0.685391807792,0.685507121108,0.68144020545,0.609964795569,0.514398967148,89.999998796,90.0000005327
0.690946577052,0.685540420816,0.685638713349,0.681611867011,0.609964795569,0.514398967148,89.999998796,90.0000005327
0.691041462532,0.685688496408,0.685769983663,0.681782944569,0.609964795569,0.514398967148,89.999998796,90.0000005327
0.691136155026,0.685836034744,0.685900931187,0.681953438092,0.609964795569,0.514398967148,89.999998796,90.0000005327
0.69123065368,0.685983035987,0.686031555061,0.682123347548,0.609964795569,0.514398967148,89.999998796,90.0000005327
0.691324957633,0.686129500309,0.686161854422,0.68229267291,0.609964795569,0.514398967148,89.999998796,90.0000005327
0.691419066013,0.68627542789,0.686291828412,0.68246141415,0.609964795569,0.514398967148,89.999998796,90.0000005327
0.691512977977,0.686420818889,0.686421476171,0.68262957124,0.609964795569,0.514398967148,89.999998796,90.0000005327
0.691606692654,0.686565673489,0.68655079684,0.68279714416,0.609964795569,0.514398967148,89.999998796,90.0000005327
0.691700209175,0.686709991877,0.686679789565,0.682964132882,0.609964795569,0.514398967148,89.999998796,90.0000005327
0.691793526697,0.686853774214,0.686808453488,0.683130537386,0.609964795569,0.514398967148,89.999998796,90.0000005327
0.691886644351,0.68699702069,0.686936787758,0.683296357651,0.609964795569,0.514398967148,89.999998796,90.0000005327
0.691979561276,0.687139731486,0.687064791519,0.683461593658,0.609964795569,0.514398967148,89.999998796,90.0000005327
0.692072276622,0.687281906777,0.687192463922,0.683626245387,0.609964795569,0.514398967148,89.999998796,90.0000005327
0.692164789521,0.687423546756,0.687319804114,0.683790312826,0.609964795569,0.514398967148,89.999998796,90.0000005327
0.692257099122,0.687564651603,0.687446811247,0.683953795955,0.609964795569,0.514398967148,89.999998796,90.0000005327
0.692349204568,0.687705221502,0.687573484469,0.684116694765,0.609964795569,0.514398967148,89.999998796,90.0000005327
0.692441104993,0.687845256652,0.68769982293,0.684279009246,0.609964795569,0.514398967148,89.999998796,90.0000005327
0.692532799551,0.68798475723,0.687825825787,0.684440739385,0.609964795569,0.514398967148,89.999998796,90.0000005327
0.692624287382,0.688123723431,0.68795149219,0.684601885177,0.609964795569,0.514398967148,89.999998796,90.0000005327
0.692715567619,0.688262155458,0.688076821299,0.68476244661,0.609964795569,0.514398967148,89.999998796,90.0000005327
0.692806639426,0.688400053488,0.688201812267,0.684922423681,0.609964795569,0.514398967148,89.999998796,90.0000005327
0.692897501936,0.688537417725,0.688326464256,0.685081816383,0.609964795569,0.514398967148,89.999998796,90.0000005327
0.692988154285,0.688674248377,0.68845077642,0.685240624715,0.609964795569,0.514398967148,89.999998796,90.0000005327
0.693078595638,0.688810545623,0.68857474792,0.685398848676,0.609964795569,0.514398967148,89.999998796,90.0000005327
0.69316882513,0.688946309673,0.688698377917,0.685556488265,0.609964795569,0.514398967148,89.999998796,90.0000005327
0.693258841899,0.689081540736,0.688821665569,0.685713543488,0.609964795569,0.514398967148,89.999998796,90.0000005327
0.69334864511,0.689216238998,0.688944610045,0.685870014343,0.609964795569,0.514398967148,89.999998796,90.0000005327
0.693438233899,0.689350404674,0.689067210504,0.686025900838,0.609964795569,0.514398967148,89.999998796,90.0000005327
0.69352760741,0.689484037974,0.689189466116,0.686181202974,0.609964795569,0.514398967148,89.999998796,90.0000005327
0.693616764804,0.689617139091,0.689311376044,0.686335920763,0.609964795569,0.514398967148,89.999998796,90.0000005327
0.693705705218,0.689749708244,0.689432939457,0.686490054214,0.609964795569,0.514398967148,89.999998796,90.0000005327
0.6937944278,0.689881745647,0.689554155522,0.686643603336,0.609964795569,0.514398967148,89.999998796,90.0000005327
0.693882931712,0.690013251497,0.689675023406,0.686796568144,0.609964795569,0.514398967148,89.999998796,90.0000005327
0.693971216092,0.690144226019,0.689795542286,0.686948948647,0.609964795569,0.514398967148,89.999998796,90.0000005327
0.694059280089,0.690274669429,0.689915711329,0.687100744865,0.609964795569,0.514398967148,89.999998796,90.0000005327
0.694147122866,0.690404581931,0.690035529714,0.687251956807,0.609964795569,0.514398967148,89.999998796,90.0000005327
0.694234743563,0.690533963753,0.690154996611,0.687402584496,0.609964795569,0.514398967148,89.999998796,90.0000005327
0.694322141331,0.690662815115,0.690274111192,0.687552627955,0.609964795569,0.514398967148,89.999998796,90.0000005327
0.694409315333,0.690791136225,0.690392872638,0.6877020872,0.609964795569,0.514398967148,89.999998796,90.0000005327
0.694496264712,0.690918927317,0.690511280122,0.687850962258,0.609964795569,0.514398967148,89.999998796,90.0000005327
0.694582988618,0.691046188615,0.690629332832,0.687999253145,0.609964795569,0.514398967148,89.999998796,90.0000005327
0.694669486218,0.691172920331,0.690747029941,0.688146959891,0.609964795569,0.514398967148,89.999998796,90.0000005327
0.694755756656,0.691299122702,0.690864370629,0.688294082527,0.609964795569,0.514398967148,89.999998796,90.0000005327
0.694841799081,0.69142479596,0.690981354082,0.688440621075,0.609964795569,0.514398967148,89.999998796,90.0000005327
0.694927612666,0.691549940317,0.691097979479,0.688586575571,0.609964795569,0.514398967148,89.999998796,90.0000005327
0.695013196553,0.691674556016,0.691214246012,0.688731946038,0.609964795569,0.514398967148,89.999998796,90.0000005327
0.695098549893,0.691798643296,0.691330152862,0.688876732516,0.609964795569,0.514398967148,89.999998796,90.0000005327
0.695183671861,0.69192220237,0.691445699214,0.689020935039,0.609964795569,0.514398967148,89.999998796,90.0000005327
0.695268561603,0.692045233485,0.691560884261,0.689164553639,0.609964795569,0.514398967148,89.999998796,90.0000005327
0.695353218265,0.692167736889,0.691675707186,0.689307588359,0.609964795569,0.514398967148,89.999998796,90.0000005327
0.695437641026,0.6922897128,0.691790167189,0.689450039231,0.609964795569,0.514398967148,89.999998796,90.0000005327
0.695521829036,0.692411161463,0.691904263455,0.689591906299,0.609964795569,0.514398967148,89.999998796,90.0000005327
0.695605781444,0.692532083132,0.692017995175,0.689733189608,0.609964795569,0.514398967148,89.999998796,90.0000005327
0.695689497425,0.692652478033,0.692131361549,0.689873889197,0.609964795569,0.514398967148,89.999998796,90.0000005327
0.695772976136,0.692772346412,0.692244361766,0.690014005115,0.609964795569,0.514398967148,89.999998796,90.0000005327
0.695856216728,0.692891688527,0.692356995032,0.690153537401,0.609964795569,0.514398967148,89.999998796,90.0000005327
0.69593921837,0.693010504613,0.692469260538,0.690292486108,0.609964795569,0.514398967148,89.999998796,90.0000005327
0.69602198023,0.693128794915,0.692581157478,0.690430851291,0.609964795569,0.514398967148,89.999998796,90.0000005327
0.696104501458,0.693246559694,0.692692685063,0.690568632992,0.609964795569,0.514398967148,89.999998796,90.0000005327
0.69618678122,0.693363799199,0.692803842487,0.690705831268,0.609964795569,0.514398967148,89.999998796,90.0000005327
0.696268818691,0.693480513668,0.692914628955,0.690842446172,0.609964795569,0.514398967148,89.999998796,90.0000005327
0.696350613026,0.693596703369,0.693025043673,0.690978477757,0.609964795569,0.514398967148,89.999998796,90.0000005327
0.69643216338,0.693712368564,0.693135085839,0.691113926087,0.609964795569,0.514398967148,89.999998796,90.0000005327
0.696513468937,0.693827509492,0.69324475467,0.69124879121,0.609964795569,0.514398967148,89.999998796,90.0000005327
0.696594528857,0.693942126417,0.693354049368,0.691383073192,0.609964795569,0.514398967148,89.999998796,90.0000005327
0.696675342293,0.694056219612,0.693462969135,0.6915167721,0.609964795569,0.514398967148,89.999998796,90.0000005327
0.696755908426,0.694169789326,0.693571513192,0.691649887987,0.609964795569,0.514398967148,89.999998796,90.0000005327
0.696836226428,0.694282835818,0.693679680743,0.691782420925,0.609964795569,0.514398967148,89.999998796,90.0000005327
0.696916295453,0.694395359364,0.693787471003,0.691914370978,0.609964795569,0.514398967148,89.999998796,90.0000005327
0.696996114673,0.694507360227,0.693894883188,0.69204573821,0.609964795569,0.514398967148,89.999998796,90.0000005327
0.697075683272,0.69461883866,0.694001916508,0.692176522696,0.609964795569,0.514398967148,89.999998796,90.0000005327
0.69715500041,0.694729794944,0.694108570184,0.692306724501,0.609964795569,0.514398967148,89.999998796,90.0000005327
0.697234065245,0.694840229359,0.694214843433,0.692436343698,0.609964795569,0.514398967148,89.999998796,90.0000005327
0.697312876967,0.69495014216,0.694320735467,0.692565380368,0.609964795569,0.514398967148,89.999998796,90.0000005327
0.697391434746,0.695059533621,0.694426245517,0.692693834575,0.609964795569,0.514398967148,89.999998796,90.0000005327
0.697469737742,0.695168404028,0.694531372798,0.692821706402,0.609964795569,0.514398967148,89.999998796,90.0000005327
0.697547785135,0.695276753652,0.694636116528,0.692948995932,0.609964795569,0.514398967148,89.999998796,90.0000005327
0.697625576112,0.695384582758,0.69474047594,0.693075703235,0.609964795569,0.514398967148,89.999998796,90.0000005327
0.697703109834,0.695491891636,0.694844450253,0.693201828397,0.609964795569,0.514398967148,89.999998796,90.0000005327
0.697780385468,0.695598680576,0.694948038693,0.693327371504,0.609964795569,0.514398967148,89.999998796,90.0000005327
0.697857402204,0.695704949845,0.695051240493,0.693452332633,0.609964795569,0.514398967148,89.999998796,90.0000005327
0.697934159222,0.695810699724,0.695154054877,0.693576711876,0.609964795569,0.514398967148,89.999998796,90.0000005327
0.698010655684,0.695915930511,0.695256481076,0.693700509319,0.609964795569,0.514398967148,89.999998796,90.0000005327
0.698086890773,0.69602064249,0.695358518325,0.693823725047,0.609964795569,0.514398967148,89.999998796,90.0000005327
0.698162863681,0.696124835933,0.695460165852,0.693946359157,0.609964795569,0.514398967148,89.999998796,90.0000005327
0.698238573577,0.696228511138,0.695561422893,0.694068411736,0.609964795569,0.514398967148,89.999998796,90.0000005327
0.698314019629,0.69633166841,0.695662288686,0.694189882876,0.609964795569,0.514398967148,89.999998796,90.0000005327
0.698389201031,0.696434308028,0.695762762462,0.69431077268,0.609964795569,0.514398967148,89.999998796,90.0000005327
0.698464116972,0.696536430275,0.695862843464,0.694431081237,0.609964795569,0.514398967148,89.999998796,90.0000005327
0.69853876662,0.696638035462,0.695962530931,0.694550808646,0.609964795569,0.514398967148,89.999998796,90.0000005327
0.698613149154,0.696739123888,0.696061824099,0.694669955012,0.609964795569,0.514398967148,89.999998796,90.0000005327
0.698687263771,0.696839695838,0.696160722214,0.694788520431,0.609964795569,0.514398967148,89.999998796,90.0000005327
0.698761109655,0.69693975161,0.696259224521,0.694906505004,0.609964795569,0.514398967148,89.999998796,90.0000005327
0.698834685979,0.697039291519,0.696357330256,0.695023908843,0.609964795569,0.514398967148,89.999998796,90.0000005327
0.698907991929,0.697138315864,0.696455038673,0.695140732047,0.609964795569,0.514398967148,89.999998796,90.0000005327
0.698981026706,0.697236824935,0.696552349019,0.695256974724,0.609964795569,0.514398967148,89.999998796,90.0000005327
0.699053789491,0.697334819043,0.696649260537,0.695372636987,0.609964795569,0.514398967148,89.999998796,90.0000005327
0.699126279459,0.697432298508,0.696745772479,0.695487718943,0.609964795569,0.514398967148,89.999998796,90.0000005327
0.699198495805,0.69752926363,0.696841884101,0.695602220701,0.609964795569,0.514398967148,89.999998796,90.0000005327
0.699270437732,0.697625714705,0.696937594648,0.695716142382,0.609964795569,0.514398967148,89.999998796,90.0000005327
0.699342104421,0.697721652054,0.697032903376,0.695829484097,0.609964795569,0.514398967148,89.999998796,90.0000005327
0.699413495049,0.697817076002,0.697127809545,0.695942245958,0.609964795569,0.514398967148,89.999998796,90.0000005327
0.699484608817,0.697911986853,0.697222312406,0.696054428091,0.609964795569,0.514398967148,89.999998796,90.0000005327
0.699555444931,0.698006384908,0.697316411215,0.696166030614,0.609964795569,0.514398967148,89.999998796,90.0000005327
0.699626002573,0.698100270496,0.697410105241,0.69627705364,0.609964795569,0.514398967148,89.999998796,90.0000005327
0.699696280922,0.698193643949,0.697503393736,0.6963874973,0.609964795569,0.514398967148,89.999998796,90.0000005327
0.699766279185,0.698286505574,0.697596275959,0.696497361721,0.609964795569,0.514398967148,89.999998796,90.0000005327
0.699835996569,0.698378855679,0.697688751185,0.696606647016,0.609964795569,0.514398967148,89.999998796,90.0000005327
0.69990543226,0.698470694599,0.697780818672,0.696715353321,0.609964795569,0.514398967148,89.999998796,90.0000005327
0.699974585441,0.69856202267,0.697872477678,0.696823480771,0.609964795569,0.514398967148,89.999998796,90.0000005327
0.70004345532,0.698652840208,0.697963727481,0.696931029485,0.609964795569,0.514398967148,89.999998796,90.0000005327
0.700112041107,0.698743147527,0.698054567348,0.697037999598,0.609964795569,0.514398967148,89.999998796,90.0000005327
0.700180341993,0.698832944963,0.698144996543,0.697144391249,0.609964795569,0.514398967148,89.999998796,90.0000005327
0.700248357164,0.69892223286,0.698235014341,0.69725020457,0.609964795569,0.514398967148,89.999998796,90.0000005327
0.70031608583,0.699011011542,0.69832462002,0.697355439691,0.609964795569,0.514398967148,89.999998796,90.0000005327
0.700383527202,0.699099281329,0.698413812846,0.697460096758,0.609964795569,0.514398967148,89.999998796,90.0000005327
0.700450680479,0.69918704256,0.698502592094,0.697564175912,0.609964795569,0.514398967148,89.999998796,90.0000005327
0.70051754485,0.699274295584,0.698590957051,0.697667677284,0.609964795569,0.514398967148,89.999998796,90.0000005327
0.700584119523,0.699361040734,0.698678906989,0.697770601023,0.609964795569,0.514398967148,89.999998796,90.0000005327
0.700650403714,0.699447278338,0.69876644118,0.697872947281,0.609964795569,0.514398967148,89.999998796,90.0000005327
0.700716396629,0.699533008733,0.698853558913,0.697974716194,0.609964795569,0.514398967148,89.999998796,90.0000005327
0.700782097462,0.699618232275,0.698940259474,0.698075907908,0.609964795569,0.514398967148,89.999998796,90.0000005327
0.700847505416,0.69970294931,0.699026542137,0.698176522581,0.609964795569,0.514398967148,89.999998796,90.0000005327
0.70091261971,0.699787160171,0.69911240619,0.69827656036,0.609964795569,0.514398967148,89.999998796,90.0000005327
0.700977439563,0.699870865194,0.699197850928,0.698376021389,0.609964795569,0.514398967148,89.999998796,90.0000005327
0.701041964171,0.699954064738,0.699282875633,0.698474905828,0.609964795569,0.514398967148,89.999998796,90.0000005327
0.701106192732,0.700036759166,0.699367479585,0.69857321384,0.609964795569,0.514398967148,89.999998796,90.0000005327
0.701170124468,0.700118948816,0.699451662085,0.698670945573,0.609964795569,0.514398967148,89.999998796,90.0000005327
0.701233758602,0.70020063403,0.699535422427,0.698768101181,0.609964795569,0.514398967148,89.999998796,90.0000005327
0.701297094343,0.700281815163,0.699618759898,0.698864680834,0.609964795569,0.514398967148,89.999998796,90.0000005327
0.701360130892,0.700362492584,0.69970167379,0.698960684693,0.609964795569,0.514398967148,89.999998796,90.0000005327
0.701422867464,0.700442666647,0.699784163411,0.699056112911,0.609964795569,0.514398967148,89.999998796,90.0000005327
0.701485303283,0.7005223377,0.699866228053,0.699150965657,0.609964795569,0.514398967148,89.999998796,90.0000005327
0.701547437577,0.700601506093,0.699947867009,0.699245243105,0.609964795569,0.514398967148,89.999998796,90.0000005327
0.701609269549,0.700680172198,0.700029079583,0.699338945417,0.609964795569,0.514398967148,89.999998796,90.0000005327
0.701670798405,0.700758336389,0.700109865085,0.699432072754,0.609964795569,0.514398967148,89.999998796,90.0000005327
0.701732023373,0.700835999021,0.700190222812,0.699524625295,0.609964795569,0.514398967148,89.999998796,90.0000005327
0.701792943681,0.700913160448,0.700270152061,0.699616603219,0.609964795569,0.514398967148,89.999998796,90.0000005327
0.701853558554,0.700989821034,0.700349652145,0.699708006693,0.609964795569,0.514398967148,89.999998796,90.0000005327
0.7019138672,0.701065981158,0.700428722379,0.699798835885,0.609964795569,0.514398967148,89.999998796,90.0000005327
0.701973868835,0.701141641197,0.700507362063,0.699889090981,0.609964795569,0.514398967148,89.999998796,90.0000005327
0.70203356269,0.701216801512,0.700585570503,0.699978772165,0.609964795569,0.514398967148,89.999998796,90.0000005327
0.702092948,0.701291462466,0.700663347019,0.700067879607,0.609964795569,0.514398967148,89.999998796,90.0000005327
0.702152023987,0.701365624433,0.700740690927,0.700156413487,0.609964795569,0.514398967148,89.999998796,90.0000005327
0.702210789867,0.701439287798,0.700817601534,0.700244373996,0.609964795569,0.514398967148,89.999998796,90.0000005327
0.702269244861,0.701512452944,0.700894078154,0.700331761321,0.609964795569,0.514398967148,89.999998796,90.0000005327
0.702327388205,0.701585120239,0.700970120111,0.700418575642,0.609964795569,0.514398967148,89.999998796,90.0000005327
0.702385219137,0.701657290052,0.701045726729,0.700504817142,0.609964795569,0.514398967148,89.999998796,90.0000005327
0.702442736886,0.701728962767,0.701120897318,0.700590486021,0.609964795569,0.514398967148,89.999998796,90.0000005327
0.702499940669,0.701800138776,0.701195631198,0.700675582471,0.609964795569,0.514398967148,89.999998796,90.0000005327
0.702556829714,0.701870818467,0.701269927699,0.700760106678,0.609964795569,0.514398967148,89.999998796,90.0000005327
0.70261340326,0.701941002217,0.701343786152,0.700844058833,0.609964795569,0.514398967148,89.999998796,90.0000005327
0.70266966055,0.702010690404,0.701417205872,0.700927439138,0.609964795569,0.514398967148,89.999998796,90.0000005327
0.702725600819,0.702079883414,0.701490186185,0.701010247796,0.609964795569,0.514398967148,89.999998796,90.0000005327
0.70278122329,0.702148581648,0.701562726425,0.701092485,0.609964795569,0.514398967148,89.999998796,90.0000005327
0.702836527192,0.702216785503,0.701634825931,0.701174150942,0.609964795569,0.514398967148,89.999998796,90.0000005327
0.702891511768,0.702284495364,0.701706484027,0.701255245832,0.609964795569,0.514398967148,89.999998796,90.0000005327
0.702946176265,0.702351711617,0.701777700037,0.701335769882,0.609964795569,0.514398967148,89.999998796,90.0000005327
0.703000519928,0.70241843465,0.701848473304,0.701415723291,0.609964795569,0.514398967148,89.999998796,90.0000005327
0.703054541986,0.702484664869,0.70191880317,0.701495106259,0.609964795569,0.514398967148,89.999998796,90.0000005327
0.703108241667,0.702550402685,0.701988688971,0.701573918996,0.609964795569,0.514398967148,89.999998796,90.0000005327
0.703161618219,0.702615648491,0.702058130038,0.701652161722,0.609964795569,0.514398967148,89.999998796,90.0000005327
0.70321467089,0.702680402681,0.702127125713,0.701729834646,0.609964795569,0.514398967148,89.999998796,90.0000005327
0.703267398932,0.702744665649,0.702195675345,0.701806937974,0.609964795569,0.514398967148,89.999998796,90.0000005327
0.703319801588,0.7028084378,0.70226377828,0.701883471918,0.609964795569,0.514398967148,89.999998796,90.0000005327
0.703371878091,0.702871719552,0.702331433856,0.701959436703,0.609964795569,0.514398967148,89.999998796,90.0000005327
0.703423627682,0.702934511314,0.702398641414,0.702034832551,0.609964795569,0.514398967148,89.999998796,90.0000005327
0.703475049616,0.702996813488,0.70246540031,0.702109659675,0.609964795569,0.514398967148,89.999998796,90.0000005327
0.703526143148,0.703058626476,0.702531709897,0.70218391829,0.609964795569,0.514398967148,89.999998796,90.0000005327
0.703576907534,0.703119950683,0.702597569525,0.702257608623,0.609964795569,0.514398967148,89.999998796,90.0000005327
0.703627342016,0.703180786526,0.702662978538,0.702330730903,0.609964795569,0.514398967148,89.999998796,90.0000005327
0.703677445836,0.70324113443,0.702727936291,0.702403285358,0.609964795569,0.514398967148,89.999998796,90.0000005327
0.703727218244,0.703300994812,0.702792442145,0.702475272208,0.609964795569,0.514398967148,89.999998796,90.0000005327
0.703776658501,0.70336036808,0.702856495461,0.702546691678,0.609964795569,0.514398967148,89.999998796,90.0000005327
0.703825765866,0.703419254646,0.702920095594,0.702617544002,0.609964795569,0.514398967148,89.999998796,90.0000005327
0.703874539601,0.703477654924,0.702983241895,0.702687829421,0.609964795569,0.514398967148,89.999998796,90.0000005327
0.703922978956,0.703535569339,0.703045933728,0.702757548166,0.609964795569,0.514398967148,89.999998796,90.0000005327
0.703971083176,0.703592998326,0.703108170462,0.702826700467,0.609964795569,0.514398967148,89.999998796,90.0000005327
0.70401885152,0.703649942308,0.703169951466,0.702895286554,0.609964795569,0.514398967148,89.999998796,90.0000005327
0.704066283251,0.703706401704,0.7032312761,0.702963306673,0.609964795569,0.514398967148,89.999998796,90.0000005327
0.704113377636,0.703762376935,0.703292143723,0.703030761072,0.609964795569,0.514398967148,89.999998796,90.0000005327
0.704160133942,0.703817868423,0.703352553708,0.703097649988,0.609964795569,0.514398967148,89.999998796,90.0000005327
0.704206551429,0.703872876597,0.703412505429,0.70316397366,0.609964795569,0.514398967148,89.999998796,90.0000005327
0.70425262935,0.7039274019,0.703471998265,0.703229732327,0.609964795569,0.514398967148,89.999998796,90.0000005327
0.704298366963,0.703981444769,0.703531031582,0.703294926241,0.609964795569,0.514398967148,89.999998796,90.0000005327
0.704343763539,0.704035005632,0.703589604749,0.703359555657,0.609964795569,0.514398967148,89.999998796,90.0000005327
0.70438881835,0.704088084918,0.703647717144,0.703423620823,0.609964795569,0.514398967148,89.999998796,90.0000005327
0.704433530666,0.704140683059,0.703705368148,0.703487121985,0.609964795569,0.514398967148,89.999998796,90.0000005327
0.704477899763,0.704192800486,0.703762557146,0.703550059392,0.609964795569,0.514398967148,89.999998796,90.0000005327
0.704521924902,0.704244437647,0.703819283518,0.703612433297,0.609964795569,0.514398967148,89.999998796,90.0000005327
0.704565605343,0.704295594992,0.703875546639,0.703674243965,0.609964795569,0.514398967148,89.999998796,90.0000005327
0.704608940358,0.704346272962,0.70393134589,0.703735491656,0.609964795569,0.514398967148,89.999998796,90.0000005327
0.704651929223,0.704396471996,0.703986680661,0.703796176624,0.609964795569,0.514398967148,89.999998796,90.0000005327
0.704694571218,0.704446192533,0.704041550341,0.703856299126,0.609964795569,0.514398967148,89.999998796,90.0000005327
0.70473686562,0.704495435016,0.704095954325,0.703915859421,0.609964795569,0.514398967148,89.999998796,90.0000005327
0.704778811712,0.704544199887,0.704149891997,0.703974857775,0.609964795569,0.514398967148,89.999998796,90.0000005327
0.704820408762,0.7045924876,0.704203362741,0.704033294463,0.609964795569,0.514398967148,89.999998796,90.0000005327
0.704861656038,0.704640298617,0.704256365952,0.704091169749,0.609964795569,0.514398967148,89.999998796,90.0000005327
0.70490255282,0.704687633389,0.704308901027,0.704148483898,0.609964795569,0.514398967148,89.999998796,90.0000005327
0.70494309839,0.704734492365,0.704360967366,0.704205237178,0.609964795569,0.514398967148,89.999998796,90.0000005327
0.704983292035,0.704780875995,0.704412564371,0.704261429855,0.609964795569,0.514398967148,89.999998796,90.0000005327
0.70502313304,0.704826784731,0.704463691436,0.704317062209,0.609964795569,0.514398967148,89.999998796,90.0000005327
0.705062620692,0.704872219025,0.704514347953,0.70437213452,0.609964795569,0.514398967148,89.999998796,90.0000005327
0.705101754278,0.704917179335,0.704564533327,0.704426647065,0.609964795569,0.514398967148,89.999998796,90.0000005327
0.705140533073,0.70496166613,0.704614246964,0.704480600117,0.609964795569,0.514398967148,89.999998796,90.0000005327
0.705178956355,0.705005679879,0.704663488274,0.704533993953,0.609964795569,0.514398967148,89.999998796,90.0000005327
0.705217023416,0.705049221042,0.704712256665,0.704586828851,0.609964795569,0.514398967148,89.999998796,90.0000005327
0.705254733548,0.705092290078,0.704760551545,0.704639105095,0.609964795569,0.514398967148,89.999998796,90.0000005327
0.705292086045,0.70513488745,0.704808372316,0.704690822976,0.609964795569,0.514398967148,89.999998796,90.0000005327
0.705329080201,0.705177013619,0.704855718388,0.704741982783,0.609964795569,0.514398967148,89.999998796,90.0000005327
0.705365715312,0.705218669051,0.704902589176,0.704792584799,0.609964795569,0.514398967148,89.999998796,90.0000005327
0.705401990674,0.705259854212,0.704948984099,0.704842629311,0.609964795569,0.514398967148,89.999998796,90.0000005327
0.705437905573,0.705300569581,0.704994902575,0.704892116607,0.609964795569,0.514398967148,89.999998796,90.0000005327
0.705473459293,0.705340815642,0.705040344024,0.704941046975,0.609964795569,0.514398967148,89.999998796,90.0000005327
0.705508651135,0.705380592862,0.705085307862,0.704989420714,0.609964795569,0.514398967148,89.999998796,90.0000005327
0.705543480401,0.705419901715,0.705129793502,0.705037238125,0.609964795569,0.514398967148,89.999998796,90.0000005327
0.705577946392,0.705458742673,0.705173800367,0.705084499506,0.609964795569,0.514398967148,89.999998796,90.0000005327
0.705612048411,0.705497116209,0.705217327884,0.705131205152,0.609964795569,0.514398967148,89.999998796,90.0000005327
0.705645785764,0.7055350228,0.70526037548,0.705177355359,0.609964795569,0.514398967148,89.999998796,90.0000005327
0.705679157755,0.705572462923,0.705302942585,0.705222950429,0.609964795569,0.514398967148,89.999998796,90.0000005327
0.705712163691,0.705609437057,0.70534502863,0.70526799066,0.609964795569,0.514398967148,89.999998796,90.0000005327
0.705744802866,0.705645945694,0.705386633044,0.70531247636,0.609964795569,0.514398967148,89.999998796,90.0000005327
0.705777074579,0.705681989326,0.705427755252,0.70535640784,0.609964795569,0.514398967148,89.999998796,90.0000005327
0.705808978141,0.705717568434,0.705468394684,0.705399785412,0.609964795569,0.514398967148,89.999998796,90.0000005327
0.705840512862,0.705752683503,0.705508550779,0.705442609382,0.609964795569,0.514398967148,89.999998796,90.0000005327
0.705871678056,0.705787335018,0.705548222974,0.705484880058,0.609964795569,0.514398967148,89.999998796,90.0000005327
0.705902473036,0.705821523464,0.705587410711,0.705526597751,0.609964795569,0.514398967148,89.999998796,90.0000005327
0.705932897117,0.70585524933,0.70562611343,0.705567762773,0.609964795569,0.514398967148,89.999998796,90.0000005327
0.705962949615,0.705888513104,0.705664330576,0.705608375438,0.609964795569,0.514398967148,89.999998796,90.0000005327
0.705992629848,0.705921315277,0.705702061589,0.705648436063,0.609964795569,0.514398967148,89.999998796,90.0000005327
0.706021937133,0.705953656342,0.705739305909,0.705687944975,0.609964795569,0.514398967148,89.999998796,90.0000005327
0.706050870779,0.705985536801,0.705776062979,0.705726902493,0.609964795569,0.514398967148,89.999998796,90.0000005327
0.706079430098,0.706016957158,0.705812332249,0.70576530894,0.609964795569,0.514398967148,89.999998796,90.0000005327
0.706107614412,0.706047917908,0.70584811317,0.705803164635,0.609964795569,0.514398967148,89.999998796,90.0000005327
0.706135423047,0.706078419547,0.705883405195,0.705840469901,0.609964795569,0.514398967148,89.999998796,90.0000005327
0.706162855326,0.706108462573,0.705918207779,0.705877225063,0.609964795569,0.514398967148,89.999998796,90.0000005327
0.706189910577,0.706138047485,0.705952520379,0.705913430447,0.609964795569,0.514398967148,89.999998796,90.0000005327
0.706216588127,0.706167174781,0.705986342451,0.705949086379,0.609964795569,0.514398967148,89.999998796,90.0000005327
0.706242887307,0.706195844963,0.706019673452,0.705984193194,0.609964795569,0.514398967148,89.999998796,90.0000005327
0.706268807446,0.706224058533,0.706052512836,0.706018751227,0.609964795569,0.514398967148,89.999998796,90.0000005327
0.706294347878,0.706251815993,0.706084860063,0.706052760814,0.609964795569,0.514398967148,89.999998796,90.0000005327
0.706319507936,0.706279117848,0.706116714596,0.706086222289,0.609964795569,0.514398967148,89.999998796,90.0000005327
0.706344286952,0.706305964607,0.706148075903,0.706119135985,0.609964795569,0.514398967148,89.999998796,90.0000005327
0.706368684252,0.706332356786,0.706178943452,0.706151502239,0.609964795569,0.514398967148,89.999998796,90.0000005327
0.706392699172,0.706358294894,0.706209316713,0.706183321389,0.609964795569,0.514398967148,89.999998796,90.0000005327
0.706416331053,0.706383779439,0.706239195156,0.706214593773,0.609964795569,0.514398967148,89.999998796,90.0000005327
0.706439579237,0.706408810928,0.706268578256,0.706245319732,0.609964795569,0.514398967148,89.999998796,90.0000005327
0.706462443069,0.706433389872,0.706297465488,0.706275499606,0.609964795569,0.514398967148,89.999998796,90.0000005327
0.706484921896,0.706457516777,0.706325856329,0.706305133741,0.609964795569,0.514398967148,89.999998796,90.0000005327
0.706507015065,0.706481192155,0.706353750251,0.706334222485,0.609964795569,0.514398967148,89.999998796,90.0000005327
0.706528721928,0.706504416514,0.70638114673,0.706362766189,0.609964795569,0.514398967148,89.999998796,90.0000005327
0.706550041838,0.706527190365,0.70640804525,0.7063907652,0.609964795569,0.514398967148,89.999998796,90.0000005327
0.706570974151,0.706549514218,0.706434445297,0.706418219864,0.609964795569,0.514398967148,89.999998796,90.0000005327
0.706591518225,0.706571388583,0.706460346357,0.70644513053,0.609964795569,0.514398967148,89.999998796,90.0000005327
0.706611673421,0.706592813968,0.706485747921,0.706471497547,0.609964795569,0.514398967148,89.999998796,90.0000005327
0.706631439105,0.706613790884,0.70651064948,0.706497321266,0.609964795569,0.514398967148,89.999998796,90.0000005327
0.706650814364,0.706634320117,0.70653505053,0.706522602036,0.609964795569,0.514398967148,89.999998796,90.0000005327
0.706669797205,0.70665440354,0.706558950567,0.70654734021,0.609964795569,0.514398967148,89.999998796,90.0000005327
0.706688385929,0.706674042732,0.706582349093,0.706571536139,0.609964795569,0.514398967148,89.999998796,90.0000005327
0.706706579941,0.706693238172,0.706605245608,0.706595190175,0.609964795569,0.514398967148,89.999998796,90.0000005327
0.706724378647,0.70671199034,0.706627639621,0.70661830267,0.609964795569,0.514398967148,89.999998796,90.0000005327
0.706741781454,0.706730299718,0.706649530365,0.70664087425,0.609964795569,0.514398967148,89.999998796,90.0000005327
0.706758787772,0.706748166787,0.706670916454,0.706662906167,0.609964795569,0.514398967148,89.999998796,90.0000005327
0.706775397012,0.70676559203,0.706691796788,0.706684399389,0.609964795569,0.514398967148,89.999998796,90.0000005327
0.706791608587,0.706782575929,0.706712170903,0.706705354249,0.609964795569,0.514398967148,89.999998796,90.0000005327
0.706807421914,0.706799118968,0.706732038342,0.706725771079,0.609964795569,0.514398967148,89.999998796,90.0000005327
0.706822836408,0.706815221631,0.706751398647,0.706745650215,0.609964795569,0.514398967148,89.999998796,90.0000005327
0.706837851491,0.706830884401,0.706770251362,0.706764991992,0.609964795569,0.514398967148,89.999998796,90.0000005327
0.706852466586,0.706846107763,0.706788596035,0.706783796747,0.609964795569,0.514398967148,89.999998796,90.0000005327
0.706866681117,0.7068608922,0.706806432214,0.706802064817,0.609964795569,0.514398967148,89.999998796,90.0000005327
0.706880494514,0.706875238194,0.706823759451,0.706819796541,0.609964795569,0.514398967148,89.999998796,90.0000005327
0.70689390621,0.706889146228,0.706840577301,0.706836992257,0.609964795569,0.514398967148,89.999998796,90.0000005327
0.706906915641,0.70690261678,0.706856885319,0.706853652306,0.609964795569,0.514398967148,89.999998796,90.0000005327
0.706919522249,0.706915650328,0.706872683067,0.706869777026,0.609964795569,0.514398967148,89.999998796,90.0000005327
0.706931725483,0.706928247347,0.706887970108,0.706885366756,0.609964795569,0.514398967148,89.999998796,90.0000005327
0.706943524798,0.706940408304,0.706902746008,0.706900421836,0.609964795569,0.514398967148,89.999998796,90.0000005327
0.706954919657,0.706952133663,0.706917010341,0.706914942602,0.609964795569,0.514398967148,89.999998796,90.0000005327
0.706965909536,0.706963423879,0.706930762683,0.70692892939,0.609964795569,0.514398967148,89.999998796,90.0000005327
0.706976492282,0.706974281037,0.706944002617,0.706942382531,0.609964795569,0.514398967148,89.999998796,90.0000005327
0.706986665601,0.706984707364,0.706956729735,0.706955302353,0.609964795569,0.514398967148,89.999998796,90.0000005327
0.706996428869,0.706994703422,0.706968943377,0.706967689437,0.609964795569,0.514398967148,89.999998796,90.0000005327
0.707005781636,0.707004269601,0.706980641964,0.706979545287,0.609964795569,0.514398967148,89.999998796,90.0000005327
0.707014723453,0.707013406293,0.7069918242,0.706990871128,0.609964795569,0.514398967148,89.999998796,90.0000005327
0.707023253869,0.707022113892,0.707002489742,0.707001667234,0.609964795569,0.514398967148,89.999998796,90.0000005327
0.707031372439,0.707030392793,0.707012638245,0.707011933884,0.609964795569,0.514398967148,89.999998796,90.0000005327
0.707039078716,0.70703824339,0.707022269369,0.707021671356,0.609964795569,0.514398967148,89.999998796,90.0000005327
0.707046372255,0.707045666083,0.707031382773,0.707030879932,0.609964795569,0.514398967148,89.999998796,90.0000005327
0.707053252614,0.707052661269,0.70703997812,0.707039559894,0.609964795569,0.514398967148,89.999998796,90.0000005327
0.707059719348,0.707059229348,0.707048055072,0.707047711526,0.609964795569,0.514398967148,89.999998796,90.0000005327
0.707065772018,0.707065370723,0.707055613295,0.707055335113,0.609964795569,0.514398967148,89.999998796,90.0000005327
0.707071410184,0.707071085794,0.707062652455,0.707062430944,0.609964795569,0.514398967148,89.999998796,90.0000005327
0.707076633407,0.707076374967,0.70706917222,0.707068999306,0.609964795569,0.514398967148,89.999998796,90.0000005327
0.707081441249,0.707081238647,0.707075172259,0.70707504049,0.609964795569,0.514398967148,89.999998796,90.0000005327
0.707085833275,0.707085677239,0.707080652244,0.707080554789,0.609964795569,0.514398967148,89.999998796,90.0000005327
0.70708980905,0.707089691153,0.707085611847,0.707085542495,0.609964795569,0.514398967148,89.999998796,90.0000005327
0.707093368141,0.707093280796,0.707090050743,0.707090003905,0.609964795569,0.514398967148,89.999998796,90.0000005327
0.707096510115,0.70709644658,0.707093968608,0.707093939315,0.609964795569,0.514398967148,89.999998796,90.0000005327
0.707099234541,0.707099188917,0.707097365119,0.707097349024,0.609964795569,0.514398967148,89.999998796,90.0000005327
0.707101540989,0.707101508219,0.707100239956,0.707100233332,0.609964795569,0.514398967148,89.999998796,90.0000005327
0.707103429032,0.707103404901,0.707102592799,0.707102592541,0.609964795569,0.514398967148,89.999998796,90.0000005327
0.707104898241,0.707104879378,0.70710442333,0.707104426954,0.609964795569,0.514398967148,89.999998796,90.0000005327
0.707105948191,0.707105932067,0.707105731233,0.707105736876,0.609964795569,0.514398967148,89.999998796,90.0000005327
0.707106578457,0.707106563387,0.707106516194,0.707106522613,0.609964795569,0.514398967148,89.999998796,90.0000005327
0.707106788616,0.707106773757,0.707106777899,0.707106784474,0.609964795569,0.514398967148,89.999998796,90.0000005327
