r_over_R,p_over_pc,eps_over_epsc,m_over_M,A_over_AR,B,v_over_c,gamma_minus_1
0,1,1,0,0.510736519122,1,0.699473717075,0.399270067022
0.000714796283059,0.999997643906,0.999998647672,1.98061847924e-09,0.510736862935,1.0000008482,0.699473471309,0.399269596048
0.00142959256612,0.999991749657,0.999995264543,1.23386991207e-08,0.510737723056,1.00000309117,0.699472856474,0.39926841781
0.00214438884918,0.999981520365,0.999989393203,4.21245912538e-08,0.510739215781,1.00000698768,0.699471789437,0.399266373003
0.00285918513224,0.999967500265,0.999981346,9.77208923203e-08,0.510741261709,1.00001232862,0.699470326956,0.39926357041
0.0035739814153,0.999949292217,0.999970894942,1.90803941305e-07,0.510743918816,1.00001926521,0.699468427582,0.399259930623
0.00428877769836,0.999927141112,0.999958180538,3.28467133015e-07,0.510747151394,1.00002770415,0.699466116839,0.399255502576
0.00500357398142,0.999900954253,0.999943149519,5.2034680288e-07,0.510750973007,1.00003768083,0.699463385027,0.399250267713
0.00571837026447,0.999870672775,0.999925768011,7.76900934092e-07,0.510755392291,1.0000492178,0.699460225966,0.399244214231
0.00643316654753,0.999836508026,0.999906157257,1.10307131969e-06,0.510760378442,1.00006223462,0.699456661673,0.399237384355
0.00714796283059,0.999798097344,0.999884108952,1.51533375129e-06,0.51076598446,1.00007686965,0.699452654252,0.399229705524
0.00786275911365,0.999755956003,0.999859918812,2.01128165077e-06,0.510772135176,1.00009292664,0.699448257432,0.399221280739
0.00857755539671,0.999709417645,0.999833204127,2.61606098937e-06,0.510778927959,1.00011065979,0.699443401599,0.399211976676
0.00929235167977,0.999659200064,0.999804376892,3.32021660005e-06,0.510786258064,1.00012979564,0.699438161624,0.399201936853
0.0100071479628,0.999604637162,0.999773054487,4.15135800897e-06,0.510794222856,1.00015058836,0.699432467894,0.399191027964
0.0107219442459,0.999546294735,0.999739561647,5.10176795282e-06,0.510802739779,1.00017282242,0.699426379415,0.399179363136
0.0114367405289,0.999483760018,0.999703661165,6.19347613453e-06,0.510811869226,1.00019665548,0.699419853002,0.399166859715
0.012151536812,0.999417295086,0.999665503363,7.42691855885e-06,0.510821573011,1.00022198784,0.699412915944,0.399153570066
0.0128663330951,0.999346790974,0.999625025467,8.81463866318e-06,0.51083186716,1.00024886133,0.69940555677,0.399139472309
0.0135811293781,0.999272206205,0.999582203435,1.03678757859e-05,0.510842757856,1.00027729207,0.699397771046,0.399124558048
0.0142959256612,0.999193735423,0.999537148875,1.20870368751e-05,0.510854216756,1.00030720607,0.699389579021,0.399108866175
0.0150107219442,0.999111033809,0.999489663434,1.39968129211e-05,0.51086629442,1.00033873531,0.699380944536,0.399092327537
0.0157255182273,0.999024599394,0.999440033045,1.60828260453e-05,0.510878918128,1.00037168993,0.699371919562,0.399075041795
0.0164403145104,0.998933784253,0.999387885107,1.83858651836e-05,0.510892182819,1.00040631776,0.699362436209,0.39905687904
0.0171551107934,0.998839296884,0.999333626542,2.08791220375e-05,0.510905984962,1.00044234853,0.699352568479,0.399037981127
0.0178699070765,0.998740464521,0.999276870373,2.3607125739e-05,0.510920423185,1.00048003967,0.699342245839,0.399018213113
0.0185847033595,0.998637869055,0.999217950803,2.65472394337e-05,0.510935412457,1.00051916922,0.699331529064,0.398997691519
0.0192994996426,0.998531082231,0.999156621326,2.97326417157e-05,0.510951015656,1.00055990129,0.699320373179,0.398976330364
0.0200142959257,0.998420382787,0.999093041884,3.3156278092e-05,0.510967192134,1.00060212976,0.699308807228,0.398954185412
0.0207290922087,0.998305645634,0.999027140233,3.68344102237e-05,0.510983960388,1.0006459029,0.699296817962,0.398931231452
0.0214438884918,0.998186846654,0.99895890214,4.07782079077e-05,0.511001324152,1.00069123045,0.699284402692,0.398907463491
0.0221586847748,0.99806416361,0.998888429535,4.49843743753e-05,0.511019257542,1.00073804481,0.699271579901,0.398882917084
0.0228734810579,0.99793726986,0.998815534103,4.94849427207e-05,0.511037808683,1.00078647158,0.699258315158,0.398857526488
0.023588277341,0.997806645671,0.99874049185,5.42544193085e-05,0.511056907297,1.00083632732,0.699244658688,0.39883138802
0.024303073624,0.997671662242,0.998662940478,5.93483363402e-05,0.511076645906,1.0008878535,0.699230544308,0.398804375189
0.0250178699071,0.997533017969,0.998583281607,6.4722993114e-05,0.511096922178,1.00094078299,0.699216045169,0.398776628183
0.0257326661901,0.997390034266,0.998501124143,7.04401785729e-05,0.511117836017,1.00099537655,0.699201089804,0.39874801043
0.0264474624732,0.997243308332,0.998416811538,7.6461544051e-05,0.511139299907,1.00105140571,0.699185740768,0.398718641833
0.0271622587563,0.997092397028,0.998330088153,8.2832191253e-05,0.51116137922,1.00110904109,0.699169951285,0.398688433094
0.0278770550393,0.996937595321,0.998241123435,8.95367573466e-05,0.511184030836,1.00116817013,0.699153752163,0.39865744337
0.0285918513224,0.996778762253,0.998149835734,9.65960242768e-05,0.511207275732,1.00122884753,0.699137128372,0.39862564412
0.0293066476054,0.996615890984,0.998056220611,0.000104020244436,0.511231115189,1.00129107664,0.699120078964,0.398593033757
0.0300214438885,0.996449142294,0.997960370287,0.000111803251639,0.51125552578,1.00135479628,0.699102620664,0.398559644494
0.0307362401716,0.996278207998,0.997862106559,0.000119983538804,0.511280553199,1.00142012567,0.69908472076,0.398525414005
0.0314510364546,0.996103550135,0.997761695385,0.000128525367475,0.511306129605,1.00148688775,0.699066427741,0.398490435253
0.0321658327377,0.995924559667,0.99765878494,0.00013749809203,0.511332345112,1.00155531766,0.69904767712,0.398454585178
0.0328806290207,0.995741924105,0.997553771333,0.000146841606828,0.511359098573,1.00162515141,0.699028541211,0.398418002287
0.0335954253038,0.995554959923,0.997446259594,0.00015663526983,0.511386491185,1.00169665307,0.699008947593,0.398380548388
0.0343102215868,0.995364278783,0.997336602189,0.000166824258586,0.511414432929,1.00176958769,0.698988960622,0.398342346763
0.0350250178699,0.995169423324,0.997224534531,0.000177466348112,0.511442991686,1.00184413238,0.698968531705,0.3983033048
0.035739814153,0.994970704255,0.997110235435,0.000188537067435,0.511472121854,1.00192016811,0.698947693426,0.398263485043
0.036454610436,0.994767965055,0.996993613937,0.00020006250903,0.511501846895,1.00199775608,0.698926428965,0.398222855628
0.0371694067191,0.994561216027,0.996874675348,0.000212051165873,0.511532165634,1.00207689318,0.698904739121,0.398181418367
0.0378842030021,0.994350600923,0.99675350217,0.00022449483704,0.511563057102,1.00215752469,0.698882638858,0.398139202136
0.0385989992852,0.99413583023,0.996629926375,0.00023743758667,0.511594564566,1.00223976344,0.698860097183,0.398096148025
0.0393137955683,0.993917347364,0.996504203762,0.000250834314968,0.511626622611,1.00232343874,0.698837160853,0.398052345641
0.0400285918513,0.993694563616,0.996375993138,0.000264767258927,0.511659318958,1.00240877942,0.698813767067,0.398007675357
0.0407433881344,0.993468154872,0.996245684893,0.000279160420674,0.511692553627,1.0024955246,0.698789987316,0.397962273996
0.0414581844174,0.993237433564,0.996112880431,0.00029411100415,0.511726429129,1.00258394168,0.69876574821,0.397916001755
0.0421729807005,0.993003024919,0.995977940987,0.00030954698409,0.511760852922,1.00267378921,0.698741115921,0.397868985282
0.0428877769836,0.992764458073,0.995840593224,0.000325539532326,0.51179589541,1.00276525081,0.698716040026,0.39782112866
0.0436025732666,0.992522058927,0.995701025176,0.000342054290727,0.5118315085,1.00285820099,0.698690554895,0.397772497816
0.0443173695497,0.992275655765,0.99555913666,0.000359123438007,0.511867718143,1.00295270741,0.698664641911,0.397723057563
0.0450321658327,0.992025275837,0.995414942691,0.000376752874363,0.511904520709,1.00304876054,0.698638303624,0.397672813116
0.0457469621158,0.991771045881,0.995268516053,0.000394933196392,0.511941897682,1.00314631207,0.698611553238,0.397621790009
0.0464617583989,0.99151269521,0.995119698939,0.000413713147402,0.511979889908,1.00324546849,0.698584361471,0.39756993275
0.0471765546819,0.991250648284,0.994968736893,0.000433039159424,0.512018434391,1.00334606545,0.698556773361,0.397517327588
0.047891350965,0.990984337224,0.994815299497,0.000453005396975,0.512057616466,1.00344832548,0.69852872778,0.397463858336
0.048606147248,0.990714425583,0.994659771226,0.000473520506361,0.512097337312,1.00355199078,0.69850029541,0.397409660121
0.0493209435311,0.990440222679,0.994501750116,0.000494699781035,0.512137700765,1.00365733215,0.698471401873,0.397354591542
0.0500357398142,0.990162366345,0.994341605904,0.000516453299458,0.512178611748,1.00376410155,0.698442115176,0.397298782602
0.0507505360972,0.98988037299,0.994179056722,0.000538866324467,0.512220143198,1.00387248918,0.698412383053,0.397242134087
0.0514653323803,0.9895945831,0.994014299651,0.000561893855242,0.512262244521,1.00398236304,0.698382241669,0.397184715302
0.0521801286633,0.989304810189,0.993847225414,0.000585574915204,0.512304944166,1.00409379727,0.698351670603,0.397126487741
0.0528949249464,0.989011098197,0.993677858655,0.000609911989841,0.51234823604,1.00420677593,0.698320674161,0.397067460016
0.0536097212294,0.988713556923,0.993506262461,0.000634895300344,0.512392104085,1.00432125711,0.698289263783,0.397007654323
0.0543245175125,0.988411934599,0.993332289275,0.000660577376543,0.512436586724,1.00443734094,0.698257411902,0.39694701859
0.0550393137956,0.988106636455,0.99315617431,0.000686897082281,0.512481623379,1.00455486941,0.698225161836,0.396885635703
0.0557541100786,0.987797115882,0.992977598046,0.000713959541931,0.512527297004,1.00467405879,0.698192454124,0.396823392918
0.0564689063617,0.987484023426,0.992796938856,0.000741658604533,0.512573509925,1.00479465432,0.698159358653,0.396760423664
0.0571837026447,0.987166666237,0.992613791674,0.000770127862017,0.512620367322,1.00491693022,0.698125800038,0.396696584947
0.0578984989278,0.986845693747,0.992428534458,0.000799258841255,0.51266777156,1.00504063185,0.69809184814,0.396632010116
0.0586132952109,0.986520610465,0.992240877039,0.000829151558388,0.512715798129,1.00516595598,0.698057448833,0.396566596671
0.0593280914939,0.9861917708,0.992051025364,0.000859749640526,0.51276439392,1.0052927641,0.698022640091,0.396500417284
0.060042887777,0.985858973976,0.991858861194,0.000891099694359,0.512813589888,1.00542113685,0.69798739968,0.396433430138
0.06075768406,0.985522280308,0.991664418718,0.000923199982926,0.512863377472,1.00555105185,0.697951733667,0.396365647238
0.0614724803431,0.985181782792,0.991467751364,0.00095604117113,0.512913743074,1.0056824736,0.697915651728,0.396297087442
0.0621872766262,0.984837248605,0.991268721833,0.000989678684938,0.512964722695,1.00581549588,0.697879128005,0.396227702101
0.0629020729092,0.984489063541,0.991067554948,0.00102404472396,0.513016258169,1.00594996702,0.697842204105,0.396157570732
0.0636168691923,0.984136702631,0.990863942196,0.00105925439512,0.513068430079,1.006086097,0.697804822226,0.396086584043
0.0643316654753,0.983780802778,0.990658255667,0.00109518732932,0.513121141883,1.00622363412,0.69776705147,0.396014873753
0.0650464617584,0.983420669933,0.990450087467,0.00113199559027,0.513174500124,1.00636285601,0.697728815426,0.395942295288
0.0657612580415,0.983056964065,0.990239823478,0.0011695515386,0.513228404592,1.00650350144,0.697690185833,0.395868985333
0.0664760543245,0.982689178661,0.99002716548,0.00120797057165,0.513282933341,1.00664577375,0.697651106685,0.395794838107
0.0671908506076,0.98231768134,0.989812328083,0.00124718424383,0.513338030737,1.0067895279,0.697611617781,0.395719929645
0.0679056468906,0.98194225757,0.989595184239,0.00128724746114,0.51339373025,1.00693485104,0.697571695061,0.395644214823
0.0686204431737,0.981562983667,0.989375777578,0.00132815347333,0.513450020844,1.00708171434,0.697531346361,0.395567709038
0.0693352394568,0.981179936017,0.989154151923,0.00136989419746,0.513506891384,1.00723008873,0.697490579589,0.395490427809
0.0700500357398,0.980792900712,0.988930180227,0.00141252707034,0.513564375449,1.00738006162,0.6974493706,0.395412325908
0.0707648320229,0.98040224396,0.988704076882,0.00145597853239,0.513622417284,1.00753148768,0.697407759289,0.395333479486
0.0714796283059,0.980007462741,0.988475544471,0.00150037268916,0.513681095101,1.0076845706,0.697365689505,0.395253782704
0.072194424589,0.979609179713,0.98824494863,0.00154557555146,0.513740313485,1.00783906173,0.697323229583,0.395173365562
0.0729092208721,0.979206700616,0.98801187892,0.00159175779143,0.513800180356,1.00799524214,0.697280302063,0.395092081923
0.0736240171551,0.978800694846,0.987776728831,0.00163877203188,0.513860592909,1.00815284395,0.697236980582,0.395010071789
0.0743388134382,0.978390645798,0.987539192359,0.00168674964236,0.513921631781,1.00831207713,0.697193207238,0.394927226114
0.0750536097212,0.97797693353,0.987299492559,0.00173560943531,0.513983238797,1.00847279007,0.69714902367,0.394843624283
0.0757684060043,0.977559330346,0.987057493742,0.00178541530695,0.514045449953,1.00863507645,0.697104403979,0.394759217874
0.0764832022873,0.977137928128,0.986813248859,0.00183615472253,0.51410825173,1.00879890097,0.697059357781,0.394674025669
0.0771979985704,0.976712786908,0.986566792199,0.00188782164625,0.514171635461,1.008964241,0.697013891209,0.394588059852
0.0779127948535,0.976283711596,0.986318006946,0.00194047464845,0.514235632301,1.00913117757,0.696967981832,0.394501278619
0.0786275911365,0.975851048729,0.98606709703,0.00199403531365,0.514300188902,1.00929957168,0.696921667835,0.394413754746
0.0793423874196,0.975414317479,0.985813776209,0.00204863575838,0.514365381113,1.00946962076,0.696874894717,0.394325385856
0.0800571837026,0.974974125698,0.9855584035,0.00210412898874,0.514431114633,1.00964107917,0.69682773005,0.394236300222
0.0807719799857,0.974529779915,0.985300566209,0.00216070438428,0.514497498778,1.00981423146,0.696780095312,0.394146350154
0.0814867762688,0.974081957799,0.985040665106,0.00221819430387,0.514564428128,1.00998880306,0.696732066057,0.394055678959
0.0822015725518,0.973630133631,0.984778386679,0.00227674664109,0.514631985917,1.01016501058,0.69668358247,0.393964174336
0.0829163688349,0.973174699082,0.984513962201,0.00233626683089,0.514700111418,1.01034269585,0.696634688041,0.393871919014
0.0836311651179,0.972715413938,0.984247247522,0.00239682842302,0.514768843163,1.01052195907,0.696585355026,0.393778861276
0.084345961401,0.972252385161,0.983978304779,0.00245841234924,0.51483816514,1.01070275846,0.696535594826,0.393685023285
0.0850607576841,0.971785656735,0.983707158815,0.00252101539984,0.514908071157,1.01088507783,0.696485411794,0.393590413895
0.0857755539671,0.971315052233,0.983433703003,0.00258469641204,0.51497858994,1.01106899183,0.696434785217,0.39349499472
0.0864903502502,0.970840898503,0.983158130805,0.0026493730132,0.51504967055,1.01125436782,0.696383751569,0.393398835167
0.0872051465332,0.970362737079,0.982880167209,0.00271518434242,0.515121386474,1.0114413969,0.696332257996,0.393301836319
0.0879199428163,0.969881160485,0.982600164459,0.00278197103215,0.515193644517,1.0116298365,0.696280371318,0.393204124715
0.0886347390994,0.969395477061,0.982317707904,0.00284994122983,0.515266555407,1.0118199746,0.696228011928,0.393105551127
0.0893495353824,0.968906371541,0.982033205247,0.00291890655197,0.515340011089,1.01201152998,0.696175257324,0.393006262149
0.0900643316655,0.968413310119,0.981746335768,0.0029890319264,0.515414097414,1.01220472588,0.696122045755,0.392906142243
0.0907791279485,0.96791669521,0.981457338705,0.00306020881133,0.515488751082,1.01239939752,0.696068422584,0.392805277464
0.0914939242316,0.967416274772,0.98116606165,0.0031325210433,0.515564013177,1.01259565168,0.696014358202,0.392703612814
0.0922087205147,0.966912170306,0.980872575771,0.00320594229633,0.515639865183,1.01279344007,0.695959865809,0.39260117383
0.0929235167977,0.966404410113,0.980576896571,0.00328047294713,0.515716303391,1.01299275294,0.69590494797,0.392497966038
0.0936383130808,0.965892836217,0.980278927554,0.00335617124658,0.515793354091,1.01319365856,0.695849585693,0.39239395447
0.0943531093638,0.965377755811,0.979978851724,0.00343295175626,0.515870968756,1.01339603062,0.695793813743,0.39228920516
0.0950679056469,0.964858732906,0.979676405335,0.00351095965162,0.515949218512,1.01360005394,0.695737580908,0.392183622656
0.0957827019299,0.964336344207,0.979371933717,0.00359002383651,0.516028011261,1.01380548897,0.695680953267,0.392077331757
0.096497498213,0.963809900903,0.979065020564,0.00367037124734,0.516107459161,1.01401262716,0.695623850108,0.39197018171
0.0972122944961,0.963280093545,0.978756080152,0.00375179232976,0.5161874515,1.0142211806,0.695566350897,0.39186232238
0.0979270907791,0.962746381311,0.978444784864,0.00383446951235,0.516268076763,1.01443137917,0.695508391924,0.391753635002
0.0986418870622,0.962209176436,0.978131381639,0.00391827971592,0.516349269065,1.01464305151,0.695450020444,0.39164420895
0.0993566833452,0.961668215798,0.977815710027,0.00400331766446,0.516431072051,1.01485631091,0.69539120497,0.391533985954
0.100071479628,0.961123634838,0.97749785006,0.0040895490775,0.516513464692,1.01507110262,0.695331960511,0.391422994914
0.100786275911,0.960575446598,0.977177808018,0.00417697865709,0.516596445767,1.01528742332,0.695272287836,0.391311238035
0.101501072194,0.960023511274,0.976855497466,0.00426566323081,0.516680039129,1.01550533488,0.69521216968,0.391198683766
0.102215868477,0.959468116506,0.976531090969,0.00435551517569,0.516764198662,1.01572471734,0.695151639096,0.391085394766
0.102930664761,0.958908848828,0.976204336077,0.00444668472238,0.516848993129,1.01594574922,0.695090646514,0.390971279053
0.103645461044,0.95834626868,0.975875571065,0.00453898970352,0.516934331526,1.01616819399,0.695029257279,0.390856459672
0.104360257327,0.957779691145,0.975544378287,0.00463267582545,0.517020327456,1.01639234658,0.694967389554,0.390740784367
0.10507505361,0.957209811304,0.975211178213,0.00472751198648,0.51710686753,1.01661791236,0.694905124797,0.39062440625
0.105789849893,0.956636082428,0.974875636658,0.00482369853644,0.517194042883,1.01684512788,0.694842397323,0.390507203352
0.106504646176,0.95605892561,0.974538007981,0.00492109733898,0.517281785029,1.01707381515,0.69477925629,0.390389268347
0.107219442459,0.955478067436,0.974198123921,0.00501981457146,0.517370140188,1.01730409404,0.694715668322,0.390270539703
0.107934238742,0.954893656641,0.97385607319,0.00511980733188,0.517459084807,1.01753590326,0.694651650249,0.390151049678
0.108649035025,0.95430569148,0.973511852981,0.00522108536282,0.517548620159,1.01776924598,0.694587201034,0.390030797162
0.109363831308,0.953714049993,0.973165386831,0.00532370325044,0.517638767655,1.01800417762,0.694522305145,0.389909754014
0.110078627591,0.953119000425,0.972816836909,0.00542757205555,0.517729483594,1.01824058461,0.694456993921,0.38978797952
0.110793423874,0.952520151813,0.972465962062,0.00553284609085,0.517820834376,1.01847863912,0.694391219432,0.389665385169
0.111508220157,0.951918040683,0.972113088948,0.00563933550394,0.517912731296,1.01871811082,0.694325045425,0.389542090619
0.11222301644,0.951312008793,0.971757812214,0.00574729655677,0.518005285775,1.01895928866,0.694258391541,0.389417947011
0.112937812723,0.950702732704,0.971400544817,0.00585648443224,0.51809838537,1.01920188074,0.694191338631,0.3892931058
0.113652609006,0.950089668175,0.971040950786,0.00596711505591,0.51819212267,1.01944612712,0.694123819884,0.389167443455
0.114367405289,0.949473244142,0.970679291604,0.0060790347575,0.518286426573,1.01969184319,0.694055886386,0.389041055936
0.115082201573,0.948853177743,0.970315391447,0.00619236169657,0.518381345884,1.01993915538,0.693987502853,0.388913878466
0.115796997856,0.948229630303,0.969949347504,0.00630704371484,0.518476854517,1.02018799587,0.693918687948,0.388785946646
0.116511794139,0.947602585822,0.969581148034,0.00642309628429,0.518572956249,1.0204383743,0.69384943882,0.388657256057
0.117226590422,0.946971939789,0.969210726442,0.006540570953,0.518669670037,1.02069033965,0.693779741678,0.388527781969
0.117941386705,0.946337941276,0.968838234555,0.00665937831837,0.518766954602,1.02094378473,0.693709626139,0.388397580292
0.118656182988,0.945700221739,0.968463442512,0.00677967581279,0.518864873976,1.02119887536,0.69363904592,0.388266565992
0.119370979271,0.945059293507,0.968086665188,0.00690126698857,0.518963341789,1.02145538751,0.693568063142,0.388134855284
0.120085775554,0.944414525832,0.967707509979,0.00702441732368,0.519062467183,1.02171360385,0.693496598995,0.388002302853
0.120800571837,0.943766575635,0.967326381792,0.00714886925727,0.51916213875,1.02197323551,0.693424733659,0.387869058347
0.12151536812,0.943114902275,0.966942943273,0.00727485420049,0.519262450516,1.02223452594,0.693352399206,0.387734996737
0.122230164403,0.942459941476,0.966557462716,0.00740220251762,0.519363328742,1.0224972839,0.693279648669,0.387600217252
0.122944960686,0.941801401809,0.966169756998,0.00753104483998,0.519464824838,1.02276164241,0.693206444836,0.387464651881
0.123659756969,0.941139456444,0.965779931569,0.00766131915276,0.519566910166,1.02302752709,0.693132808222,0.38732833956
0.124374553252,0.940474075703,0.965387965922,0.00779304731759,0.51966959102,1.02329495406,0.693058734149,0.387191272567
0.125089349535,0.939805172081,0.964993803206,0.00792627707185,0.519772883896,1.02356396585,0.692984210573,0.387053429578
0.125804145818,0.939132975752,0.964597584983,0.00806091938411,0.51987674994,1.02383446166,0.692909265387,0.38691486313
0.126518942102,0.938457140448,0.964199092654,0.0081971338577,0.519981250814,1.02410660095,0.692833853955,0.386775491665
0.127233738385,0.937778154273,0.96379862929,0.00833471846234,0.520086302483,1.02438016597,0.692758036775,0.386635427952
0.127948534668,0.937095414132,0.963395815104,0.00847394676347,0.520192011808,1.02465543312,0.69268173658,0.386494530227
0.128663330951,0.936409556828,0.962991046798,0.00861454923273,0.520298268413,1.02493211654,0.692605032892,0.386352946319
0.129378127234,0.935720046238,0.962583985919,0.00875677270939,0.520405167772,1.02521046308,0.692527856644,0.386210549719
0.130092923517,0.935027323783,0.962174907243,0.00890043120789,0.520512633495,1.0254902749,0.692450262839,0.386067442906
0.1308077198,0.934331090391,0.961763620629,0.00904566827951,0.520620719606,1.02577169155,0.692372212321,0.385923554648
0.131522516083,0.933631530282,0.961350239554,0.00919241148955,0.520729394909,1.02605463212,0.692293727468,0.385778927206
0.132237312366,0.932928600726,0.960934734929,0.00934068971846,0.520838668219,1.0263391192,0.692214801764,0.385633549565
0.132952108649,0.932222230727,0.960517059513,0.00949054614683,0.520948553565,1.02662518886,0.692135424924,0.385487403798
0.133666904932,0.931512631895,0.960097344687,0.00964189292823,0.521059014523,1.0269127467,0.692055623109,0.385340539072
0.134381701215,0.930799480029,0.959675383072,0.00979489090455,0.52117011038,1.02720194576,0.691975353333,0.385192877307
0.135096497498,0.930083239055,0.959251465934,0.00994933346497,0.521281759438,1.02749257466,0.691894674472,0.385044527821
0.135811293781,0.929363333607,0.958825226351,0.0101055011401,0.521394066276,1.02778490345,0.691813510799,0.38489535241
0.136526090064,0.928640379946,0.95839705267,0.0102631132209,0.521506921546,1.02807864933,0.691731941184,0.384745497069
0.137240886347,0.927913847387,0.957966605634,0.01042243188,0.521620422182,1.02837406253,0.691649895408,0.384594833829
0.13795568263,0.927184181919,0.957534166158,0.0105832544467,0.521734489125,1.02867093858,0.691567430461,0.384443468396
0.138670478914,0.926451077795,0.957099537376,0.0107457377972,0.521849179031,1.02896942358,0.691484505227,0.384291326338
0.139385275197,0.925714729444,0.956662840545,0.0109097985524,0.521964458126,1.02926943006,0.691401143964,0.384138453225
0.14010007148,0.92497508176,0.956224038196,0.0110754732075,0.522080337763,1.02957098712,0.691317338302,0.383984834758
0.140814867763,0.924232079701,0.955783092538,0.0112427996692,0.52219682949,1.02987412432,0.691233079728,0.383830456402
0.141529664046,0.923485916705,0.955340124882,0.0114116920666,0.522313899322,1.03017875369,0.691148392661,0.383675363958
0.142244460329,0.922736290371,0.954894939009,0.0115823115668,0.522431604164,1.03048502185,0.691063235772,0.383519482821
0.142959256612,0.92198364055,0.954447814389,0.0117544479671,0.52254986466,1.03079272377,0.690977666311,0.383362918856
0.143674052895,0.921227419625,0.953998396999,0.01192838765,0.522668783103,1.03110212313,0.690891610093,0.383205537424
0.144388849178,0.920468222919,0.953547066695,0.0121038395218,0.522788251168,1.03141294021,0.690805145343,0.383047482675
0.145103645461,0.919705526125,0.953093483712,0.0122810809558,0.522908367263,1.03172542859,0.69071820067,0.382888625202
0.145818441744,0.918939778634,0.952637934748,0.0124598923116,0.523029049644,1.03203937719,0.690630835075,0.382729073912
0.146533238027,0.918170669021,0.952180216522,0.0126404441499,0.523150357608,1.03235493866,0.690543005461,0.382568751194
0.14724803431,0.917398401046,0.951720457807,0.0128226416641,0.523272254796,1.03267201897,0.690454737983,0.382407705909
0.147962830593,0.916622907948,0.951258612967,0.0130065295245,0.523394755106,1.0329906537,0.690366022407,0.382245920488
0.148677626876,0.915844150037,0.950794653494,0.0131921396782,0.523517867595,1.0333108659,0.690276851998,0.382083383779
0.149392423159,0.91506230302,0.950328690751,0.0133793889943,0.523641560728,1.03363257405,0.690187249427,0.381920138219
0.150107219442,0.914277085969,0.9498605396,0.0135684380739,0.523765889016,1.0339559183,0.690097175029,0.381756112682
0.150822015726,0.913488914832,0.949390467745,0.0137590740943,0.523890775452,1.03428070003,0.690006684423,0.381591409571
0.151536812009,0.912697269682,0.948918134079,0.0139515881898,0.524016320038,1.03460717647,0.689915704968,0.381425897825
0.152251608292,0.911902724567,0.948443909836,0.0141456796839,0.524142415471,1.03493507106,0.689824314249,0.381259719731
0.152966404575,0.911104762489,0.947967455052,0.01434164098,0.524269161644,1.03526464066,0.689732439687,0.381092744466
0.153681200858,0.910303835046,0.947489061832,0.0145392352364,0.524396474108,1.03559566762,0.689640142315,0.380925084115
0.154395997141,0.909499626175,0.947008520805,0.0147386470109,0.524524414821,1.03592831108,0.689547377037,0.380756657908
0.155110793424,0.908692348041,0.946525967981,0.0149397696287,0.52465294482,1.03626247049,0.689454171922,0.380587517981
0.155825589707,0.907881922994,0.94604134979,0.0151426564584,0.524782080561,1.0365981879,0.689360514853,0.380417643505
0.15654038599,0.907068326044,0.945554646819,0.0153473328352,0.524911828601,1.03693547984,0.689266400892,0.380247026705
0.157255182273,0.906251715663,0.945065960622,0.0155537191051,0.52504215986,1.03727427126,0.689171850949,0.380075706656
0.157969978556,0.905431832013,0.944575117048,0.0157619744354,0.525173126449,1.03761469578,0.689076827031,0.379903615712
0.158684774839,0.904609067364,0.944082372083,0.0159718843375,0.525304653716,1.03795656124,0.688981383119,0.37973085281
0.159399571122,0.903782929365,0.943587397533,0.016183743611,0.525436839365,1.03830011837,0.688885448123,0.379557290474
0.160114367405,0.902953970483,0.94309055589,0.0163972428048,0.525569577115,1.0386450938,0.688789098988,0.379383069112
0.160829163688,0.902121681973,0.942591507303,0.0166126891431,0.525702968352,1.03899174764,0.688692261934,0.379208056512
0.161543959971,0.901286516411,0.942090548897,0.0168298284049,0.525836925909,1.03933985568,0.688595000048,0.379032367908
0.162258756254,0.900448154169,0.941587465553,0.0170488594091,0.525971514418,1.03968958356,0.688497266213,0.378855919395
0.162973552538,0.899606814852,0.941082400218,0.0172696632176,0.526106692297,1.04004082419,0.688399090429,0.378678766361
0.163688348821,0.898762410732,0.94057529164,0.0174923023802,0.526242478573,1.04039362608,0.688300458686,0.378500884737
0.164403145104,0.897914930817,0.940066129297,0.0177167950043,0.526378877289,1.04074799923,0.68820136785,0.37832227011
0.165117941387,0.897064516891,0.939555005088,0.0179430656186,0.526515861831,1.04110387506,0.688101837062,0.378142958202
0.16583273767,0.896210929765,0.93904175574,0.0181712711161,0.526653481902,1.04146138067,0.68800183001,0.377962884843
0.166547533953,0.895354538321,0.93852662558,0.0184011962742,0.526791665209,1.04182033035,0.687901399033,0.377782145503
0.167262330236,0.894494877596,0.938009299315,0.0186331384904,0.526930507153,1.04218096831,0.687800474591,0.377600616296
0.167977126519,0.893632478227,0.937490130579,0.0188667803495,0.527069902474,1.0425430244,0.687699132998,0.377418435737
0.168691922802,0.892766840654,0.936968779956,0.0191024436486,0.527209954061,1.04290676191,0.687597299252,0.377235470251
0.169406719085,0.891898417182,0.936445549187,0.0193398566653,0.527350572014,1.04327195015,0.687495038517,0.37705183819
0.170121515368,0.891026885716,0.93592021776,0.0195792326932,0.527491823649,1.04363876118,0.687392301638,0.376867452538
0.170836311651,0.890152472308,0.93539293525,0.0198204401819,0.527633664756,1.0440070814,0.687289120563,0.376682371919
0.171551107934,0.889275079995,0.934863632984,0.020063551305,0.527776116943,1.04437696577,0.68718547937,0.376496569036
0.172265904217,0.888394711041,0.934332309113,0.020308576363,0.527919181726,1.04474841777,0.687081376748,0.376310042827
0.1729807005,0.887511491134,0.933799046051,0.0205554447407,0.528062834967,1.04512137528,0.686976830055,0.376122825669
0.173695496783,0.886625201241,0.933263691279,0.0208043102462,0.52820712395,1.04549595883,0.686871804669,0.375934856863
0.174410293066,0.885736187205,0.932726477545,0.0210549578301,0.528351978752,1.04587198924,0.686766351278,0.375746228409
0.17512508935,0.884844011198,0.932187102417,0.0213076864409,0.528497492459,1.04624970409,0.686660401903,0.375556820022
0.175839885633,0.883949181815,0.931645910574,0.0215621715118,0.528643560835,1.04662883654,0.686554032225,0.375366768305
0.176554681916,0.883051209622,0.931102563356,0.0218187491256,0.528790288282,1.04700965299,0.686447166006,0.375175938349
0.177269478199,0.882150545377,0.930557366706,0.0220771299933,0.52893758215,1.04739191631,0.686339870509,0.37498445159
0.177984274482,0.881246865642,0.930010095088,0.0223375420452,0.529085512453,1.04777580494,0.686232094518,0.374792217933
0.178699070765,0.880340401891,0.929460904381,0.0225998408183,0.529234032337,1.04816119879,0.686123871952,0.374599299209
0.179413867048,0.879431048804,0.928909718766,0.0228641085083,0.529383166004,1.04854815925,0.68601518496,0.374405664913
0.180128663331,0.878518821116,0.928356544834,0.0231303470706,0.529532912432,1.04893668327,0.685906034066,0.374211317322
0.180843459614,0.877603829063,0.927801455704,0.0233984913848,0.52968324997,1.0493267152,0.685796434834,0.374016285474
0.181558255897,0.876685873216,0.927244309464,0.0236686913938,0.529834223468,1.04971836899,0.685686354343,0.373820512139
0.18227305218,0.875765276786,0.926685327379,0.0239407331033,0.529985765385,1.05011147199,0.685575841621,0.373624085846
0.182987848463,0.874841628767,0.926124219828,0.024214915989,0.530137966482,1.05050625511,0.685464830256,0.373426889915
0.183702644746,0.873915415545,0.925561322439,0.0244909091443,0.53029072355,1.05090245489,0.685353395301,0.373229059021
0.184417441029,0.872986158745,0.924996297646,0.0247690626119,0.530444142509,1.05130034073,0.685241459262,0.373030456952
0.185132237312,0.87205430628,0.924429455157,0.0250490695288,0.530598127945,1.05169966915,0.685129091526,0.372831208194
0.185847033595,0.871119534526,0.923860564798,0.0253311725709,0.530752752585,1.05210062489,0.685016238796,0.372631219599
0.186561829878,0.870182079313,0.923289788411,0.0256152141121,0.530907966918,1.05250308143,0.684902936979,0.372430556183
0.187276626162,0.869241827884,0.922717043325,0.025901286724,0.531063797748,1.05290710655,0.684789166278,0.372229184253
0.187991422445,0.868298806618,0.922142344322,0.0261893835204,0.531220241505,1.05331269065,0.684674929069,0.372027109408
0.188706218728,0.867353110985,0.921565755426,0.0264794454768,0.531377279033,1.05371978459,0.684560239107,0.371824357356
0.189421015011,0.866404560561,0.920987145175,0.0267716179259,0.531534952741,1.05412849567,0.684445065187,0.371620874334
0.190135811294,0.865453456384,0.920406723463,0.02706568878,0.531693197477,1.05453865785,0.684329454666,0.371416745396
0.190850607577,0.864499413897,0.91982421341,0.0273619570447,0.531852101664,1.05495049526,0.684213342705,0.371211857475
0.19156540386,0.863542897154,0.919239941512,0.0276600862837,0.532011563126,1.05536374792,0.68409680373,0.3710063433
0.192280200143,0.862583439762,0.918653571631,0.0279604401341,0.532171689308,1.05577868814,0.683979758978,0.37080006539
0.192994996426,0.861621485484,0.918065416798,0.0282626942111,0.532332382019,1.05619506614,0.683862279981,0.37059315124
0.193709792709,0.860656711675,0.917475242597,0.0285671059908,0.532493716708,1.05661307291,0.683744311341,0.370385504685
0.194424588992,0.859689357438,0.916883216479,0.0288735044846,0.532655641195,1.05703257554,0.683625890971,0.370177193895
0.195139385275,0.858719303529,0.916289249229,0.0291819929476,0.532818184898,1.05745364814,0.683506997112,0.369968182012
0.195854181558,0.857746587101,0.915693363557,0.0294925551986,0.532981341685,1.05787627461,0.683387634008,0.36975847794
0.196568977841,0.856771289591,0.915095614606,0.0298051388721,0.53314509491,1.05830041229,0.683267813591,0.369548104069
0.197283774124,0.855793248931,0.914495881191,0.0301198839804,0.533309484524,1.0587261618,0.683147506382,0.369337010097
0.197998570407,0.854812744498,0.913894361964,0.0304365811638,0.533474447776,1.05915336374,0.683026758059,0.369125277602
0.19871336669,0.853829417751,0.913290792701,0.0307555279886,0.53364007074,1.05958223544,0.682905505367,0.368912797134
0.199428162974,0.852843710331,0.912685490689,0.0310763832949,0.533806252278,1.06001252042,0.682783822101,0.36869969946
0.200142959257,0.85185516875,0.912078121562,0.0313995239101,0.533973101362,1.06044449379,0.682661628216,0.368485845866
0.20085775554,0.850864231289,0.911469001217,0.0317246080393,0.534140517015,1.06087789962,0.68253899741,0.368271366811
0.201572551823,0.849870577476,0.910857891408,0.0320519079582,0.534308577417,1.06131293502,0.682415872165,0.368056163153
0.202287348106,0.848874448575,0.910244964824,0.0323812391694,0.534477227706,1.06174946074,0.682292292418,0.367840306181
0.203002144389,0.847875719832,0.909630126031,0.0327127158705,0.53464649993,1.06218755721,0.682168234434,0.3676237559
0.203716940672,0.846874438276,0.909013405382,0.0330463121777,0.534816385377,1.06262720182,0.682043704335,0.367406524498
0.204431736955,0.845870672076,0.908394849379,0.0333819829066,0.534986869922,1.06306835837,0.681918712221,0.367188631062
0.205146533238,0.844864276827,0.907774346919,0.0337198620776,0.535157991046,1.06351112081,0.681793230352,0.366970028738
0.205861329521,0.843855510812,0.907152085557,0.0340597438458,0.535329688414,1.06395533639,0.681667302711,0.366750795634
0.206576125804,0.84284404101,0.906527813622,0.034401923401,0.535502045733,1.06440121555,0.681540867642,0.366530825923
0.207290922087,0.841830286616,0.905901839129,0.0347460556597,0.535674962912,1.06484850544,0.681413998306,0.366310248386
0.20800571837,0.840813807952,0.905273829833,0.0350925301965,0.535848550453,1.06529748382,0.681286613362,0.366088923118
0.208720514653,0.839795036483,0.904644104024,0.0354409879797,0.536022704581,1.06574788873,0.681158788697,0.365866983497
0.209435310936,0.838773655116,0.90401242005,0.0357917160274,0.536197506218,1.06619992328,0.68103046465,0.365644327438
0.210150107219,0.837749906142,0.903378955457,0.0361445162404,0.536372897809,1.06665344199,0.680901683205,0.365421029322
0.210864903503,0.836723660301,0.902743608927,0.0364995139693,0.536548914037,1.0671085315,0.680772418627,0.365197046041
0.211579699786,0.835694973564,0.902106418164,0.0368566732663,0.536725543603,1.06756516273,0.680642678941,0.364972393043
0.212294496069,0.834663901639,0.901467421274,0.037215956608,0.536902774915,1.06802330594,0.680512472395,0.364747086129
0.213009292352,0.833630317046,0.900826517033,0.0375774913912,0.537080642968,1.06848304837,0.680381773001,0.364521081887
0.213724088635,0.832594457588,0.900183882055,0.0379410760379,0.537259089854,1.06894424399,0.68025062304,0.364294454953
0.214438884918,0.831556015215,0.899539277108,0.0383070024564,0.537438196901,1.06940709623,0.680118962461,0.364067103125
0.215153681201,0.830515386681,0.898893000875,0.0386749224331,0.537617865071,1.06987135598,0.679986863792,0.363839153186
0.215868477484,0.829472147015,0.898244723589,0.0390452378082,0.537798206398,1.07033730352,0.67985424438,0.363610464076
0.216583273767,0.828426719524,0.897594765446,0.0394175725472,0.537979114301,1.07080467097,0.679721182323,0.363381172041
0.21729807005,0.827378791709,0.896942881829,0.0397922282968,0.538160672451,1.07127366734,0.6795876158,0.363151172102
0.218012866333,0.826328605741,0.896289254743,0.0401689933178,0.53834282059,1.07174414098,0.679453588857,0.362920541688
0.218727662616,0.825276028876,0.895633777336,0.0405480042735,0.538525596046,1.07221618469,0.679319073745,0.36268923461
0.219442458899,0.824221125065,0.894976494354,0.0409292148398,0.53870898492,1.07268976296,0.679184080408,0.362457269557
0.220157255182,0.8231639384,0.894317435772,0.0413125955894,0.538892978163,1.07316485247,0.679048615224,0.362224659055
0.220872051465,0.822104357542,0.893656510019,0.0416982667065,0.539077608271,1.07364153373,0.678912653976,0.361991363124
0.221586847748,0.821042600473,0.89299388295,0.0420860315932,0.539262819779,1.07411966745,0.678776237224,0.361757452933
0.222301644031,0.819978383517,0.89232932763,0.0424761780081,0.539448691616,1.07459945002,0.678639306542,0.36152282991
0.223016440315,0.818912081033,0.891663133369,0.0428683553916,0.53963512581,1.07508063614,0.678501933815,0.361287618815
0.223731236598,0.817843283637,0.890994973235,0.0432629773296,0.539822235924,1.07556350843,0.67836403507,0.361051677481
0.224446032881,0.816772405135,0.890325168832,0.0436596510809,0.540009912563,1.07604779329,0.678225690634,0.360815144968
0.225160829164,0.815699138844,0.889653473032,0.0440586927492,0.540198242156,1.07653370545,0.678086836507,0.360577913446
0.225875625447,0.814623725647,0.888980071885,0.044459876973,0.54038716173,1.07702108723,0.677947518817,0.360340063357
0.22659042173,0.81354603037,0.888304853372,0.0448633518363,0.540576711269,1.07751003746,0.677807707784,0.360101545461
0.227305218013,0.81246612395,0.887627868956,0.0452690603757,0.540766874262,1.07800051425,0.677667415285,0.35986238166
0.228020014296,0.811384039736,0.886949140759,0.0456769816501,0.540957644213,1.0784925007,0.677526645813,0.359622581226
0.228734810579,0.81029968171,0.886268586627,0.0460872280854,0.541149051106,1.07898607055,0.677385376942,0.359382107599
0.229449606862,0.809213248742,0.885586361847,0.0464996087375,0.541341041932,1.07948109131,0.677243647492,0.359141028485
0.230164403145,0.808124480871,0.88490225163,0.0469144063853,0.541533693203,1.0799777522,0.677101400676,0.358899248941
0.230879199428,0.807033730155,0.884216535875,0.047331268896,0.541726908024,1.08047581189,0.676958707734,0.358656891688
0.231593995711,0.805940603659,0.883528890848,0.047750621044,0.541920801485,1.08097555514,0.676815483359,0.358413813497
0.232308791994,0.804845504342,0.882839639055,0.0481720537397,0.542115261376,1.0814767028,0.67667181013,0.358170156186
0.233023588277,0.803748132569,0.882148531316,0.0485958973139,0.54231037688,1.08197947518,0.676527621845,0.357925809123
0.23373838456,0.802648726757,0.881455757306,0.0490219128569,0.542506082309,1.08248370864,0.676382966736,0.357680855718
0.234453180843,0.801547150364,0.880761200216,0.0494502599292,0.542702420306,1.082989508,0.676237812972,0.357435243718
0.235167977127,0.8004434803,0.880064917888,0.0498808707156,0.542899371738,1.08349682501,0.676092174383,0.357188998207
0.23588277341,0.799337740074,0.879366924884,0.0503137331045,0.543096932674,1.08400564916,0.675946053562,0.356942125226
0.236597569693,0.798229848134,0.878667148214,0.0507489512628,0.543295130571,1.08451604741,0.675799429882,0.356694591619
0.237312365976,0.797119984986,0.877965732803,0.0511863405333,0.543493914888,1.08502789408,0.675652340418,0.356446461635
0.238027162259,0.796007913679,0.877262475842,0.051626177924,0.543693359705,1.08554137118,0.675504730031,0.356197643963
0.238741958542,0.794893964099,0.876557647791,0.0520681104907,0.543893369217,1.08605624143,0.675356669311,0.355948259263
0.239456754825,0.793777760609,0.875850928483,0.0525125736011,0.544094060033,1.08657279154,0.67520807161,0.355698163295
0.240171551108,0.792659693976,0.875142640802,0.0529591422378,0.544295317125,1.08709073703,0.675059021772,0.355447500569
0.240886347391,0.791539472847,0.874432533995,0.0534081606707,0.544497232436,1.08761030356,0.674909451382,0.355196157711
0.241601143674,0.790417331985,0.873720800923,0.0538593765728,0.544699737554,1.08813132174,0.674759410788,0.354944221047
0.242315939957,0.789293134561,0.873007320382,0.0543129609833,0.544902877787,1.08865390219,0.674608866094,0.354691635353
0.24303073624,0.788166962418,0.872292156237,0.0547688350753,0.545106631372,1.08917799042,0.674457833098,0.354438428861
0.243745532523,0.78703883016,0.8715753158,0.0552269958614,0.545310996952,1.08970358222,0.674306312478,0.354184604406
0.244460328806,0.785908669807,0.870856734973,0.0556875387961,0.545515999441,1.09023073779,0.674154285427,0.353930132218
0.245175125089,0.784776644289,0.870136548548,0.056150286098,0.545721590784,1.09075933829,0.67400178725,0.353675073099
0.245889921372,0.783642538916,0.869414565507,0.0566155082561,0.545927842608,1.09128955842,0.673848764481,0.353419339368
0.246604717655,0.782506661573,0.868691046855,0.0570828522617,0.54613466021,1.0918211651,0.673695287047,0.353163049602
0.247319513939,0.781368654741,0.867965676364,0.0575527634447,0.546342161714,1.09235444673,0.673541266951,0.352906058606
0.248034310222,0.780228895666,0.867238776762,0.058024801343,0.546550229273,1.09288911378,0.673386791322,0.352648513515
0.248749106505,0.779087102503,0.866510096212,0.0584993238184,0.54675895759,1.09342539701,0.673231789512,0.352390298268
0.249463902788,0.777943505171,0.865779830314,0.0589760653151,0.546968275524,1.09396312144,0.673076314006,0.35213150206
0.250178699071,0.776797967642,0.865047853868,0.0594552082998,0.547178231054,1.09450240338,0.672920328825,0.351872066735
0.250893495354,0.775650575642,0.864314236401,0.0599366628259,0.547388799776,1.09504318214,0.672763851752,0.351612023641
0.251608291637,0.774501335819,0.863578978293,0.0604204352762,0.547599982916,1.09558545979,0.672606881532,0.351351372431
0.25232308792,0.773350192847,0.862842024059,0.0609066119874,0.547811802834,1.09612928976,0.672449401194,0.351090086703
0.253037884203,0.772197292904,0.862103498593,0.061395022598,0.548024213973,1.09667456007,0.672291444261,0.350828223822
0.253752680486,0.771042442765,0.86136322247,0.061885930374,0.548237285489,1.09722143803,0.672132958953,0.350565699733
0.254467476769,0.769885924976,0.86062144402,0.0623789875781,0.548450925013,1.09776969787,0.671974013625,0.350302629416
0.255182273052,0.768727411581,0.859877860957,0.062874635022,0.548665248522,1.09831962052,0.671814521634,0.350038871263
0.255897069335,0.767567254336,0.859132785686,0.0633724311574,0.548880139004,1.09887092055,0.671654569698,0.349774570477
0.256611865618,0.76640518568,0.858385968992,0.0638727424278,0.549095692702,1.09942383064,0.671494085825,0.349509609866
0.257326661901,0.765241429491,0.857637608749,0.064375290295,0.549311835745,1.0999781704,0.671333124652,0.349244081441
0.258041458184,0.764075851644,0.856887576186,0.0648802685472,0.549528618787,1.10053406163,0.6711716481,0.348977924159
0.258756254467,0.762908540672,0.856135946105,0.0653875760641,0.549746014772,1.10109143761,0.671009675957,0.348711172446
0.259471050751,0.761739496249,0.855382712295,0.0658972287939,0.54996402752,1.10165030656,0.670847205018,0.348443822801
0.260185847034,0.760568674749,0.854627827582,0.0664093036,0.550182676822,1.10221071518,0.670684220165,0.348175852169
0.260900643317,0.759396206459,0.853871407218,0.0669236380388,0.550401919635,1.10277255834,0.670520753121,0.347907314491
0.2616154396,0.758221918782,0.853113283152,0.0674404874942,0.55062182262,1.10333599592,0.670356753811,0.347638129335
0.262330235883,0.757046069419,0.852353690996,0.0679595106087,0.55084229585,1.10390080971,0.670192288937,0.347368407974
0.263045032166,0.755868360008,0.851592342929,0.0684811417938,0.551063452881,1.10446727247,0.670027273415,0.347098012707
0.263759828449,0.754689116255,0.85082954033,0.0690049402016,0.551285177802,1.10503510361,0.669861793356,0.346827086468
0.264474624732,0.753508085845,0.850065037168,0.0695312800001,0.551507568302,1.10560453731,0.669695775482,0.346555511093
0.265189421015,0.752325485428,0.84929903312,0.0700598699725,0.551730547783,1.10617538798,0.669529276595,0.346283381343
0.265904217298,0.751141183879,0.848531396266,0.0705909150681,0.551954169569,1.10674778273,0.669362256503,0.346010633341
0.266619013581,0.74995527146,0.847762206298,0.071124302993,0.552178403954,1.10732164893,0.669194737013,0.345737304547
0.267333809864,0.748767741866,0.846991450759,0.0716600594049,0.552403257354,1.10789700085,0.669026712954,0.345463388342
0.268048606147,0.747578562192,0.846219090475,0.0721982513888,0.552628746979,1.10847387849,0.66885817108,0.345188864993
0.26876340243,0.746387847725,0.845445231326,0.0727387248695,0.552854832315,1.10905218358,0.668689141295,0.344913785029
0.269478198713,0.745195445623,0.8446697164,0.073281726737,0.553081577509,1.10963206849,0.668519575249,0.344638071634
0.270192994996,0.744001589533,0.843892768781,0.0738269227713,0.553308895093,1.11021332269,0.668349537972,0.344361832375
0.270907791279,0.742806009911,0.843114114959,0.0743747400646,0.553536896178,1.11079621058,0.668178945958,0.344084933465
0.271622587563,0.741609006644,0.842334045262,0.0749247393207,0.553765465975,1.11138045663,0.668007884703,0.343807515544
0.272337383846,0.740410343363,0.841552317181,0.0754773018481,0.553994703606,1.11196629623,0.667836279633,0.343529459524
0.273052180129,0.7392102283,0.840769131712,0.0760321241137,0.554224529749,1.11255353885,0.667664189732,0.343250862859
0.273766976412,0.738008534436,0.839984354231,0.0765894220124,0.554455000398,1.11314231671,0.667491572682,0.342971658888
0.274481772695,0.73680535267,0.839198068912,0.0771490721312,0.554686083189,1.11373255138,0.667318452323,0.342691888061
0.275196568978,0.735600671726,0.838410257413,0.0777111099303,0.554917787143,1.11432426309,0.667144821502,0.342411540676
0.275911365261,0.734394468423,0.837620888234,0.0782755924621,0.555150126876,1.11491748519,0.666970668863,0.342130600292
0.276626161544,0.73318684397,0.836830058166,0.0788423744214,0.555383064414,1.11551212627,0.666796022473,0.341849114048
0.277340957827,0.731977664363,0.836037621192,0.0794116936419,0.555616661374,1.11610833108,0.666620835727,0.341567008733
0.27805575411,0.730767140036,0.83524378807,0.079983223752,0.555850832768,1.11670589691,0.666445171963,0.341284388207
0.278770550393,0.729555029426,0.834448299431,0.0805573836521,0.556085687231,1.11730507963,0.666268949275,0.341001122606
0.279485346676,0.728341606891,0.833651434532,0.0811337364296,0.556321111122,1.11790560895,0.666092252528,0.340717350246
0.280200142959,0.727126652673,0.832852954737,0.0817126699195,0.556557204979,1.11850772121,0.665915005854,0.340432951174
0.280914939242,0.725910365409,0.83205306186,0.0822938686914,0.556793886762,1.1191112212,0.665737270429,0.340148025467
0.281629735525,0.724692623286,0.831251619028,0.0828775593154,0.557031215131,1.119716246,0.665559001794,0.33986250374
0.282344531808,0.723473516748,0.830448714476,0.0834636073693,0.557269155062,1.12032271157,0.665380225839,0.339576429383
0.283059328091,0.722253030567,0.829644324359,0.0840520581553,0.557507718184,1.12093064398,0.665200933415,0.339289789648
0.283774124375,0.721031150267,0.828838424506,0.0846429584928,0.557746916508,1.12154006995,0.665021115072,0.339002571361
0.284488920658,0.719807963926,0.828031102918,0.0852361721978,0.557986714616,1.1221509049,0.664840797021,0.338714818284
0.285203716941,0.718583355432,0.827222224207,0.0858319275349,0.558227171571,1.12276328598,0.664659934424,0.338426460803
0.285918513224,0.717357512883,0.82641198703,0.0864299066448,0.558468204889,1.12337701832,0.664478588903,0.338137599071
0.286633309507,0.716130221817,0.825600145969,0.0870305194111,0.558709920701,1.1239923491,0.66429668018,0.337848107157
0.28734810579,0.714901731389,0.824786969205,0.0876333321172,0.558952206537,1.12460901353,0.66411429247,0.337558121022
0.288062902073,0.713671839094,0.823972222319,0.088238738479,0.559195164331,1.12522724854,0.663931348612,0.337267519907
0.288777698356,0.712440732813,0.823156107442,0.0888464116459,0.559438709338,1.12584685458,0.663747911983,0.336976406443
0.289492494639,0.711208297033,0.822338485912,0.0894565885378,0.559682902873,1.12646797331,0.663563935975,0.336684708579
0.290207290922,0.709974620642,0.8215194496,0.0900691238878,0.559927707256,1.12709051528,0.663379448539,0.336392472596
0.290922087205,0.708739685491,0.820698969538,0.090684072828,0.560173136723,1.12771451219,0.663194438515,0.336099682738
0.291636883488,0.707503484778,0.819877028537,0.0913014717964,0.560419200673,1.12833998429,0.663008898377,0.335806329065
0.292351679771,0.706266094416,0.819053706118,0.091921194031,0.560665866253,1.12896685376,0.662822852463,0.335512451988
0.293066476054,0.705027415211,0.818228877241,0.0925434577659,0.560913189954,1.12959525007,0.662636257721,0.335217985477
0.293781272337,0.703787613834,0.817402728703,0.0931679542686,0.561161091819,1.13022498634,0.662449174036,0.334923025974
0.29449606862,0.702546502007,0.81657502883,0.0937950836305,0.561409675443,1.13085630085,0.662261522782,0.334627451495
0.295210864904,0.701304304041,0.81574603473,0.094424416122,0.561658829554,1.13148893455,0.662073387508,0.334331395611
0.295925661187,0.700060835307,0.814915516552,0.0950563506648,0.561908657462,1.13212312461,0.661884689759,0.334034736824
0.29664045747,0.698816271777,0.814083676229,0.0956905495217,0.562159071729,1.13275866749,0.661695495127,0.333737580238
0.297355253753,0.697570505323,0.813250373785,0.0963272595827,0.562410136314,1.13339570913,0.66150575484,0.333439851206
0.298070050036,0.696323622186,0.812415704283,0.0969663249559,0.562661810882,1.13403415486,0.661315498925,0.333141598839
0.298784846319,0.695075602329,0.811579634035,0.0976078105377,0.562914112279,1.13467404191,0.661124714196,0.332842804423
0.299499642602,0.693826445575,0.810742152464,0.0982517422902,0.563167047284,1.13531538407,0.660933395068,0.332543461215
0.300214438885,0.692576216662,0.809903330937,0.0988980031225,0.563420585618,1.13595811026,0.660741563989,0.332243606298
0.300929235168,0.691324832309,0.809063054472,0.0995468008292,0.563674781181,1.13660234227,0.660549179712,0.331943177208
0.301644031451,0.690072438711,0.808221498253,0.100197836369,0.563929556566,1.13724790123,0.660356300367,0.331642266688
0.302358827734,0.688818872804,0.807378444134,0.100851499317,0.564185012801,1.1378950164,0.660162848999,0.331340756698
0.303073624017,0.687564334464,0.806534138161,0.101507364697,0.564441039842,1.13854343469,0.659968908478,0.331038778394
0.3037884203,0.686308657525,0.805688355405,0.102165835935,0.564697742346,1.13919339315,0.659774399059,0.330736209602
0.304503216583,0.685052004919,0.804841297075,0.102826564996,0.564955030201,1.1398446846,0.659579388549,0.330433157822
0.305218012866,0.683794276979,0.803992822365,0.103489808305,0.565212969997,1.14049745894,0.65938382601,0.330129545877
0.305932809149,0.682535556207,0.803143029077,0.104155399622,0.565471518749,1.14115161656,0.659187743553,0.32982542565
0.306647605432,0.681275821715,0.802291879218,0.104823413488,0.56573069591,1.14180719996,0.658991125957,0.329520775518
0.307362401716,0.680015078893,0.801439368438,0.105493865348,0.56599050563,1.14246421663,0.658793969592,0.329215591892
0.308077197999,0.67875338231,0.800585560295,0.10616664798,0.566250920219,1.14312260216,0.658596294995,0.328909908558
0.308791994282,0.677490663571,0.799730349551,0.106841958384,0.566511990965,1.14378247061,0.658398062752,0.328603666601
0.309506790565,0.676227049373,0.798873900049,0.10751950772,0.566773643032,1.1444436512,0.658199329206,0.328296955067
0.310221586848,0.674962400861,0.798016006933,0.108199674377,0.567035974852,1.14510636405,0.65800001911,0.327989659866
0.310936383131,0.673696893922,0.797156905208,0.108882038877,0.567298877636,1.14577036221,0.657800214628,0.327681909709
0.311651179414,0.672430381407,0.796296375225,0.109567008417,0.567562457361,1.14643588224,0.657599834731,0.327373581816
0.312365975697,0.671163012107,0.795434616933,0.110254225309,0.567826621263,1.14710271377,0.65739894945,0.327064785996
0.31308077198,0.669894695868,0.79457148919,0.110943955028,0.568091438542,1.14777101023,0.657197505669,0.326755442616
0.313795568263,0.668625510372,0.793707092077,0.111636021312,0.568356863575,1.14844066739,0.656995537599,0.326445606268
0.314510364546,0.667355434913,0.792841383713,0.112330508177,0.568622918415,1.14911173278,0.656793027966,0.32613525247
0.315225160829,0.666084479391,0.791974365589,0.113027420565,0.568889604581,1.14978420772,0.656589975113,0.325824380747
0.315939957112,0.66481268922,0.7911060938,0.113726661266,0.569156896977,1.15045803438,0.656386397652,0.325513021617
0.316654753395,0.663540009843,0.790236472534,0.114428416182,0.569424844264,1.15113331911,0.656182258017,0.325201119692
0.317369549678,0.662266549467,0.789365654577,0.115132407139,0.569693374199,1.15180989928,0.655977610747,0.324888760334
0.318084345961,0.660992192408,0.788493448103,0.115839000719,0.569962582581,1.15248798566,0.655772382324,0.324575833401
0.318799142244,0.659717091039,0.787620077116,0.11654778366,0.570232361915,1.15316733777,0.65556665419,0.324262465128
0.319513938528,0.658441117756,0.7867453276,0.117259166172,0.570502819461,1.1538481912,0.655360344039,0.323948532205
0.320228734811,0.657164406127,0.785869397705,0.117972781615,0.570773859828,1.15453033283,0.655153524124,0.323634146656
0.320943531094,0.655886876551,0.784992146453,0.118688903973,0.571045554808,1.15521391927,0.654946139154,0.323319226475
0.321658327377,0.65460860082,0.784113675731,0.119407347346,0.571317856148,1.15589884193,0.654738225439,0.323003828888
0.32237312366,0.65332955944,0.783233940205,0.120128204999,0.571590788497,1.15658515314,0.65452976365,0.322687926617
0.323087919943,0.652049765754,0.7823529468,0.12085147144,0.571864350737,1.15727284822,0.654320754113,0.32237152225
0.323802716226,0.65076925705,0.781470744517,0.121577059563,0.572138520375,1.15796187581,0.654111213499,0.322054643074
0.324517512509,0.649487991545,0.780587246631,0.122305143926,0.572413343426,1.15865233452,0.653901106112,0.321737237203
0.325232308792,0.648206059983,0.779702595166,0.123035457422,0.572688750262,1.15934406996,0.653690484662,0.321419386324
0.325947105075,0.64692336878,0.778816611062,0.123768354271,0.572964834022,1.16003728341,0.65347927739,0.321100984244
0.326661901358,0.645640047315,0.777929507364,0.124503428109,0.573241488531,1.16073174107,0.653267564991,0.320782154693
0.327376697641,0.644355988015,0.777041076044,0.125241091385,0.573518822299,1.16142767714,0.653055263895,0.320462773907
0.328091493924,0.643071308178,0.776151512906,0.125980969256,0.573796737339,1.16212487623,0.652842448575,0.320142956028
0.328806290207,0.641785939768,0.775260677646,0.126723343622,0.574075308006,1.1628234977,0.652629061561,0.31982261676
0.32952108649,0.640499947633,0.774368673475,0.127468019382,0.574354483436,1.16352342895,0.652415141274,0.319501815893
0.330235882773,0.639213314514,0.773475452048,0.128215098774,0.574634290859,1.16422472679,0.652200666315,0.319180523409
0.330950679056,0.637926056131,0.772581025309,0.128964565996,0.574914726524,1.16492738074,0.65198563901,0.318858744913
0.33166547534,0.636638202682,0.771685435544,0.129716344079,0.575195770545,1.16563134579,0.651770074071,0.318536504494
0.332380271623,0.635349724076,0.770788604761,0.130470596049,0.575477466275,1.16633671287,0.651553937694,0.318213753744
0.333095067906,0.63406069465,0.76989066454,0.131227066218,0.575759746722,1.1670433358,0.651337280737,0.317890570689
0.333809864189,0.632771041816,0.768991448295,0.131986095936,0.57604270233,1.16775140626,0.651120033227,0.317566853081
0.334524660472,0.631480872509,0.76809115817,0.132747286402,0.576326228284,1.16846069742,0.650902275089,0.317242722115
0.335239456755,0.630190099641,0.767189592485,0.133511051496,0.576610434299,1.16917144155,0.650683921502,0.316918053652
0.335954253038,0.628898823225,0.766286944137,0.134277008974,0.576895219829,1.16988342158,0.650465049154,0.316592963853
0.336669049321,0.627606987775,0.765383074018,0.135045448013,0.577180661761,1.17059679909,0.650245598401,0.31626736622
0.337383845604,0.626314650164,0.764478086167,0.135816164801,0.577466706641,1.17131145786,0.650025609772,0.315941323027
0.338098641887,0.625021796375,0.763571929687,0.136589270218,0.577753384263,1.17202745889,0.649805059797,0.315614801583
0.33881343817,0.623728443447,0.762664621112,0.137364738327,0.578040688249,1.17274478612,0.649583952812,0.315287810452
0.339528234453,0.622434615524,0.761756196399,0.138142502285,0.57832860132,1.17346340069,0.649362301554,0.314960370573
0.340243030736,0.621140293115,0.76084658593,0.138922713445,0.578617164154,1.17418338591,0.649140074134,0.31463243698
0.340957827019,0.619845535223,0.759935911163,0.139705127839,0.578906312414,1.17490460387,0.64891731953,0.314304084057
0.341672623302,0.61855028913,0.759024017689,0.140490073495,0.579196133819,1.17562723649,0.648693969589,0.313975213492
0.342387419585,0.617254639907,0.758111096816,0.141277159809,0.579486524949,1.17635106418,0.648470103437,0.313645943919
0.343102215868,0.615958521365,0.757196953564,0.142066801264,0.579777596678,1.17707631677,0.64824563502,0.313316150908
0.343817012152,0.614662015258,0.756281777369,0.14285860907,0.580069245944,1.17780277607,0.648020643233,0.31298595253
0.344531808435,0.613365079605,0.755365430835,0.143652878988,0.580361552128,1.17853060537,0.647795066261,0.312655260179
0.345246604718,0.612067762292,0.754448018339,0.144449399035,0.580654459212,1.17925968526,0.647568946745,0.312324138531
0.345961401001,0.610770053537,0.753529486886,0.145248288356,0.580947999535,1.17999008057,0.647342259137,0.311992552291
0.346676197284,0.609471970646,0.752609857166,0.146049511107,0.581242164099,1.18072176987,0.647115009794,0.311660512924
0.347390993567,0.608173532747,0.751689159209,0.146853010503,0.581536938229,1.18145472033,0.646887209466,0.311328038261
0.34810578985,0.606874729854,0.750767331392,0.147658926143,0.581832359919,1.18218900769,0.646658828194,0.310995086746
0.348820586133,0.605575606718,0.749844485395,0.14846702602,0.582128367504,1.18292450228,0.646429913057,0.310661729142
0.349535382416,0.60427612934,0.748920478664,0.149277624451,0.582425045948,1.18366137618,0.64620039775,0.310327871065
0.350250178699,0.602976361546,0.74799549175,0.150090339628,0.582722293261,1.18439941732,0.645970360573,0.309993628556
0.350964974982,0.601676258416,0.74706933673,0.150905585792,0.583020221428,1.18513885248,0.645739714259,0.309658876983
0.351679771265,0.600375882509,0.74614219901,0.151722968508,0.583318724919,1.18587946303,0.645508539898,0.309323736214
0.352394567548,0.599075206274,0.745213943439,0.152542789382,0.583617885566,1.18662141339,0.645276773512,0.308988115634
0.353109363831,0.597774267624,0.744284674223,0.153364828849,0.583917644815,1.18736458142,0.645044459851,0.308652082232
0.353824160114,0.596473061986,0.743354336742,0.154189213891,0.584218037531,1.18810903537,0.644811571289,0.308315598186
0.354538956397,0.595171605896,0.742422955392,0.15501589904,0.584519052102,1.18885474876,0.644578116211,0.307978677796
0.35525375268,0.593869914495,0.741490554688,0.155844837447,0.584820676456,1.18960169455,0.644344103367,0.307641335837
0.355968548964,0.5925679862,0.740557080615,0.156676156932,0.585122945893,1.19034994101,0.644109504748,0.307303534121
0.356683345247,0.591265852609,0.739622635426,0.157509637634,0.585425801437,1.1910993667,0.643874365512,0.306965339818
0.35739814153,0.589963497277,0.738687088093,0.15834557983,0.585729325264,1.19185013376,0.643638621228,0.306626662454
0.358112937813,0.588660963422,0.737750608495,0.159183611074,0.586033416858,1.1926020379,0.643402349344,0.306287615456
0.358827734096,0.587358227727,0.736813016121,0.160024144501,0.586338189256,1.19335530229,0.643165461405,0.305948074076
0.359542530379,0.586055332667,0.735874491776,0.160866780979,0.586643534512,1.19410970851,0.642928040676,0.305608159862
0.360257326662,0.584752266004,0.734934903091,0.16171182717,0.586949536867,1.1948654215,0.642690021031,0.305267780296
0.360972122945,0.583449054722,0.733994353585,0.162559056573,0.587256135262,1.1956223169,0.642451449323,0.304927004585
0.361686919228,0.582145700415,0.733052787493,0.163408603526,0.587563367061,1.19638046596,0.642212295848,0.304585792457
0.362401715511,0.580842217815,0.732110232458,0.164260413271,0.587871218051,1.19713983745,0.641972571025,0.304244160984
0.363116511794,0.579538619109,0.731166707907,0.16511444872,0.58817967876,1.19790040987,0.641732281594,0.303902121933
0.363831308077,0.578234910014,0.730222167026,0.165970825946,0.588488781782,1.19866224418,0.641491401515,0.303559640447
0.36454610436,0.576931110079,0.729276703011,0.166829337366,0.588798470848,1.19942522709,0.641249973997,0.303216780127
0.365260900643,0.575627219228,0.728330196012,0.16769026894,0.589108825318,1.20018951076,0.64100793652,0.302873454396
0.365975696926,0.574323260742,0.727382805335,0.168553258122,0.589419746186,1.20095489893,0.640765365648,0.302529774036
0.366690493209,0.573019233197,0.726434358233,0.16941871606,0.589731347482,1.20172161051,0.640522171762,0.302185614281
0.367405289492,0.57171515814,0.725485030338,0.170286239915,0.590043518907,1.20248942806,0.640278440284,0.301841098234
0.368120085776,0.570411039491,0.724534692597,0.17115614058,0.590356347056,1.20325851638,0.640034102954,0.301496131582
0.368834882059,0.569106892383,0.723583447328,0.172028185301,0.590669768403,1.2040287494,0.639789208722,0.301150785654
0.369549678342,0.567802725502,0.722631238101,0.172902515244,0.590983822781,1.20480020094,0.639543725807,0.300805017812
0.370264474625,0.566498550774,0.721678095349,0.17377906675,0.591298493395,1.20557283534,0.639297666666,0.300458847824
0.370979270908,0.565194378443,0.720724033833,0.174657812267,0.591613773359,1.20634663642,0.639051036022,0.300112284511
0.371694067191,0.563890220428,0.719769013534,0.175538856206,0.59192969256,1.20712165791,0.638803809819,0.299765296298
0.372408863474,0.562586085339,0.718813118968,0.176422003334,0.592246197447,1.20789779466,0.638556029298,0.299417943249
0.373123659757,0.561281963129,0.717886029052,0.177307544366,0.592563364548,1.20867521619,0.638307633866,0.299070142652
0.37383845604,0.559977836915,0.716960169209,0.178195143202,0.592881096448,1.20945375732,0.638058699143,0.298722002576
0.374553252323,0.558673716512,0.716033257477,0.179085216483,0.593199508179,1.21023364384,0.637809134319,0.298373398251
0.375268048606,0.557369610893,0.715105471844,0.179977351697,0.593518487196,1.21101465002,0.637559026918,0.298024454166
0.375982844889,0.556065533131,0.714176679425,0.180871869104,0.593838122468,1.21179694822,0.637308306498,0.297675074235
0.376697641172,0.554761490914,0.713246985402,0.181768526392,0.594158348091,1.21258040549,0.637057024064,0.297325331767
0.377412437455,0.553457497021,0.712316329094,0.182667474,0.5944792064,1.21336510181,0.636805145708,0.296975181762
0.378127233738,0.552153560937,0.71138474413,0.183568638785,0.594800678094,1.21415099598,0.636552685884,0.296624646553
0.378842030021,0.550849692067,0.71045224078,0.184472002409,0.595122758915,1.21493807666,0.636299647246,0.296273732021
0.379556826305,0.549545904771,0.709518782377,0.185377659844,0.595445476124,1.21572639338,0.636046007673,0.29592240973
0.380271622588,0.548242202004,0.708584448883,0.186285425042,0.595768778907,1.21651584448,0.635791806406,0.295570736234
0.380986418871,0.546938606071,0.707649134595,0.187195560005,0.596092741051,1.21730656918,0.635536984722,0.295218632537
0.381701215154,0.545635110687,0.706712985811,0.188107717158,0.596417266645,1.21809837928,0.635281617359,0.294866204117
0.382416011437,0.544331748332,0.705775835335,0.189022309177,0.596742471703,1.21889149448,0.635025612316,0.294513326247
0.38313080772,0.543028506341,0.704837856395,0.189938921288,0.597068241342,1.21968569093,0.63476905931,0.294160124846
0.383845604003,0.541725414885,0.703898919245,0.190857876743,0.597394666859,1.22048114,0.634511885736,0.293806502162
0.384560400286,0.540422468654,0.702959127831,0.191778928023,0.597721679906,1.22127770774,0.63425414472,0.293452533497
0.385275196569,0.539119688894,0.702018421075,0.192702231557,0.598049325255,1.22207547605,0.633995800259,0.293098171616
0.385989992852,0.5378170807,0.701076834916,0.193627705949,0.598377581045,1.22287439982,0.633736868862,0.292743441422
0.386704789135,0.536514653346,0.700134375671,0.194555341952,0.598706445576,1.22367447257,0.633477351153,0.292388345977
0.387419585418,0.535212425378,0.699191012548,0.19548522313,0.599035943424,1.2244757369,0.633217227005,0.292032860002
0.388134381701,0.533910391054,0.698246817975,0.196417175736,0.599366026463,1.22527809908,0.632956533687,0.291677036642
0.388849177984,0.532608585405,0.697301695717,0.197351447105,0.599696765658,1.2260816883,0.632695214413,0.291320800652
0.389563974267,0.531306984693,0.696355782848,0.198287700647,0.600028066637,1.22688632493,0.63243334302,0.290964254902
0.39027877055,0.530005643313,0.695408919513,0.199226344895,0.600360046315,1.22769222292,0.632170826348,0.290607274816
0.390993566833,0.528704526225,0.694461273635,0.200166963913,0.600692587557,1.22849916118,0.631907756277,0.290249987604
0.391708363117,0.527403681445,0.693512719116,0.201109883002,0.601025783913,1.22930730928,0.631644058064,0.289892293969
0.3924231594,0.526103089834,0.69256335818,0.202054850243,0.601359564646,1.23011653297,0.631379786938,0.289534271099
0.393137955683,0.524802781949,0.691613129804,0.203002027407,0.601693976923,1.23092691548,0.631114904813,0.289175869617
0.393852751966,0.523502757566,0.690662071807,0.203951325354,0.60202899635,1.23173840821,0.630849430252,0.28881711691
0.394567548249,0.522203026771,0.689710186946,0.204902743577,0.602364623766,1.23255100921,0.630583361843,0.288458013293
0.395282344532,0.520903611266,0.688757449933,0.20585635445,0.602700881064,1.23336475436,0.630316681467,0.288098536585
0.395997140815,0.519604497658,0.687803926003,0.206811996466,0.603037722814,1.23417955775,0.630049424399,0.287738736564
0.396711937098,0.518305732569,0.686849528065,0.207769902218,0.603375217135,1.2349955385,0.629781535824,0.287378541707
0.397426733381,0.517007276143,0.685894382527,0.208729750513,0.603713272389,1.23581252794,0.62951308772,0.287018051023
0.398141529664,0.515709202905,0.684938341802,0.209691932836,0.604052002856,1.23663072726,0.629243988564,0.286657143884
0.398856325947,0.514411456714,0.683981563374,0.210656045197,0.604391292693,1.23744992527,0.628974329609,0.286295944954
0.39957112223,0.513114103483,0.683023926833,0.21162240997,0.604731236475,1.23827028686,0.62870403492,0.285934354754
0.400285918513,0.51181710945,0.682065532191,0.212590771692,0.605071761135,1.23909167816,0.628433161812,0.285572452238
0.401000714796,0.510520515294,0.681106318937,0.213561296778,0.605412916183,1.23991418311,0.628161670127,0.285210185986
0.401715511079,0.509224314573,0.680146326331,0.214533888909,0.605754674727,1.24073775012,0.627889580478,0.284847585787
0.402430307362,0.507928519104,0.679185553978,0.215508555911,0.606097040124,1.24156238138,0.627616889412,0.284484649276
0.403145103645,0.50663315273,0.678223981705,0.216485359239,0.606440031586,1.24238810631,0.627343580834,0.284121357312
0.403859899929,0.50533819545,0.67726166791,0.217464149514,0.606783606387,1.24321484663,0.627069688004,0.283757756346
0.404574696212,0.50404370434,0.676298534309,0.218445144569,0.607127829774,1.24404271145,0.626795158107,0.283393778553
0.405289492495,0.502749624634,0.675334696773,0.21942803923,0.607472613009,1.24487154335,0.626520061124,0.283029518951
0.406004288778,0.501456049582,0.674370020228,0.220413206283,0.607818067301,1.24570152983,0.626244307518,0.282664861274
0.406719085061,0.500162902854,0.673404651258,0.221400255564,0.608164078539,1.24653247075,0.625967987569,0.282299927191
0.407433881344,0.498870268397,0.672438475629,0.222389505266,0.608510742125,1.24736452532,0.625691024289,0.281934617272
0.408148677627,0.497578097081,0.671471590642,0.22338069727,0.608857982728,1.24819756087,0.625413477047,0.281569012116
0.40886347391,0.496286440478,0.670503936764,0.224374001903,0.609205852149,1.24903166135,0.625135303635,0.281203058367
0.409578270193,0.494995285057,0.669535554251,0.22536931627,0.60955432103,1.24986677272,0.624856526709,0.280836788121
0.410293066476,0.493704645271,0.668566439968,0.226366656082,0.609903395223,1.25070290088,0.624577140774,0.280470196408
0.411007862759,0.492414546098,0.667596578461,0.227366072198,0.610253091265,1.25154006907,0.624297131769,0.280103267069
0.411722659042,0.491124961964,0.666626021659,0.228367427197,0.610603369141,1.25237820648,0.624016530918,0.27973604327
0.412437455325,0.489835959262,0.665654699733,0.229370924196,0.610954291201,1.25321741223,0.623735287441,0.279368460849
0.413152251608,0.48854746949,0.664682718335,0.230376274151,0.611305771645,1.25405754023,0.623453469278,0.279000610855
0.413867047891,0.487259603343,0.663709954605,0.231383830911,0.61165791855,1.25489876409,0.623170988935,0.278632381377
0.414581844174,0.485972265094,0.662736544309,0.23239321863,0.612010619608,1.25574089509,0.622887935661,0.27826389105
0.415296640457,0.484685556873,0.661762379696,0.233404750503,0.612363970968,1.25658408605,0.62260423146,0.277895040595
0.416011436741,0.483399413477,0.660787554858,0.234418166687,0.612717895107,1.25742820629,0.622319937728,0.277525912129
0.416726233024,0.482113898112,0.659812011705,0.235433640643,0.613072446054,1.2582733391,0.622035010226,0.277156450468
0.417441029307,0.480828989313,0.658835791039,0.236451063555,0.613427592031,1.25911942854,0.621749473638,0.276786689921
0.41815582559,0.479544705046,0.657858887408,0.237470458518,0.613783341352,1.25996648376,0.621463320437,0.276416622991
0.418870621873,0.478261070445,0.656881289668,0.238491866171,0.614139707894,1.26081452214,0.621176538599,0.276046236434
0.419585418156,0.476978055382,0.655903043656,0.239515160828,0.614496654349,1.26166348011,0.620889157299,0.275675570181
0.420300214439,0.475695734435,0.654924087638,0.240540530989,0.614854240154,1.2625134469,0.620601127815,0.275304563697
0.421015010722,0.474414026543,0.653944517379,0.241567703796,0.615212382474,1.26336428776,0.620312516016,0.274933304081
0.421729807005,0.47313305856,0.652964221914,0.242597013986,0.615571186211,1.26421616223,0.620023236491,0.274561683768
0.422444603288,0.471852716174,0.651983326289,0.243628100483,0.615930540918,1.26506889345,0.619733377415,0.274189818327
0.423159399571,0.470573119804,0.651001729537,0.244661270657,0.616290543406,1.26592262704,0.619442859829,0.273817608726
0.423874195854,0.469294187522,0.650019522038,0.24569626391,0.616651114046,1.26677723522,0.619151747114,0.273445138475
0.424588992137,0.46801599486,0.649036647623,0.246733256023,0.617012309023,1.2676327998,0.618859993033,0.273072350676
0.42530378842,0.466738511616,0.648053147175,0.247772132951,0.617374094189,1.26848926362,0.618567624283,0.272699281744
0.426018584703,0.465461760121,0.647069013358,0.248812924633,0.617736480285,1.26934663851,0.618274631305,0.272325921745
0.426733380986,0.464185764697,0.646084238923,0.24985566191,0.618099478543,1.2702049364,0.617981004123,0.271952260273
0.427448177269,0.462910491676,0.645098863999,0.250900230562,0.618463054358,1.27106410071,0.617686769846,0.271578334084
0.428162973553,0.461636022696,0.644112834575,0.251946804624,0.618827264239,1.27192421087,0.617391881839,0.271204086226
0.428877769836,0.460362265308,0.643126236876,0.252995127418,0.619192028346,1.27278514347,0.617096403858,0.27082959987
0.429592566119,0.459089361235,0.642138971496,0.254045514459,0.619557448354,1.27364704386,0.616800252631,0.27045477179
0.430307362402,0.457817178417,0.641151152871,0.255097619856,0.619923415743,1.27450974739,0.616503515202,0.27007971445
0.431022158685,0.456545855624,0.640162687118,0.256151744319,0.6202900279,1.27537339173,0.616206111703,0.269704329175
0.431736954968,0.455275293597,0.639173660399,0.257207627498,0.620657203172,1.27623785287,0.615908107454,0.269328700728
0.432451751251,0.454005580853,0.638184018942,0.258265446642,0.621024999831,1.27710321038,0.615609454256,0.268952770614
0.433166547534,0.452736677679,0.637193803248,0.259325083213,0.621393381411,1.2779694065,0.615310180794,0.268576577253
0.433881343817,0.451468611591,0.636203004533,0.260386573409,0.621762361037,1.27883645523,0.615010275494,0.26820010836
0.4345961401,0.450201405164,0.635211619018,0.261449938744,0.622131947319,1.27970436344,0.614709730426,0.267823356293
0.435310936383,0.44893502218,0.634219681524,0.26251507614,0.622502108349,1.28057308123,0.61440857062,0.26744635469
0.436025732666,0.447669550223,0.633227145374,0.263582145378,0.622872897695,1.2814426784,0.614106751555,0.267069050133
0.436740528949,0.44640488663,0.632234087611,0.264650905902,0.623244238534,1.28231304285,0.613804334838,0.266691521901
0.437455325232,0.445141186697,0.631240420045,0.265721653949,0.623616229272,1.28318430563,0.613501239386,0.266313671084
0.438170121515,0.443878301471,0.630246246617,0.26679405919,0.62398876338,1.28405631469,0.613197551055,0.265935607012
0.438884917798,0.442616388089,0.629251480824,0.267868414837,0.624361938725,1.28492919886,0.612893189124,0.265557231476
0.439599714081,0.441355329418,0.628256204106,0.268944461822,0.624735671728,1.28580283895,0.612588220808,0.265178630346
0.440314510365,0.440095227558,0.627260365563,0.270022377976,0.625110022661,1.28667731138,0.612282595979,0.264799743659
0.441029306648,0.438836032563,0.626264004853,0.271102041041,0.625484952808,1.28755255853,0.611976345288,0.264420611726
0.441744102931,0.437577777921,0.625267112178,0.27218349285,0.625860477627,1.28842859597,0.611669455157,0.264041220005
0.442458899214,0.436320483545,0.624269686803,0.273266746106,0.626236603135,1.28930542596,0.611361919705,0.263661563536
0.443173695497,0.435064111643,0.623271758642,0.274351708504,0.626613300104,1.29018300496,0.61105376187,0.263281672905
0.44388849178,0.433808754646,0.62227328796,0.275438525831,0.626990619155,1.29106139332,0.610744939271,0.262901498177
0.444603288063,0.432554300838,0.621274342987,0.276526973536,0.627368486508,1.29194049018,0.61043551133,0.26252111477
0.445318084346,0.431300917798,0.620274846386,0.277617328593,0.627746997253,1.29282041219,0.610125399199,0.26214042807
0.446032880629,0.430048440547,0.619274891733,0.278709276568,0.628126046917,1.29370102032,0.609814687494,0.261759544245
0.446747676912,0.428797044569,0.618274400199,0.279803102329,0.628505733746,1.29458243368,0.609503294704,0.261378365658
0.447462473195,0.427546594361,0.617273447993,0.280898549157,0.628885972341,1.29546453891,0.609191289874,0.260996979144
0.448177269478,0.426297206166,0.616271987571,0.281995794545,0.629266824886,1.29634740838,0.608878621003,0.260615323399
0.448892065761,0.425048819118,0.615270057271,0.283094713332,0.629648250479,1.2972309854,0.608565320669,0.260233440508
0.449606862044,0.423801473426,0.614267646733,0.284195352314,0.63003026686,1.29811528644,0.608251373315,0.259851313773
0.450321658327,0.422555185465,0.613264757824,0.285297715946,0.630412877484,1.29900030966,0.607936775097,0.259468940826
0.45103645461,0.421309916816,0.612261415965,0.286401722279,0.630796055788,1.29988601749,0.607621546863,0.259086349275
0.451751250893,0.420065763675,0.611257587958,0.287507503424,0.631179849441,1.30077246108,0.607305648384,0.258703492605
0.452466047177,0.418822606426,0.610253333601,0.288614850659,0.631564187722,1.30165955069,0.60698913687,0.25832044242
0.45318084346,0.417580623646,0.609248586035,0.289724021766,0.631949162368,1.30254738857,0.606671935755,0.257937108369
0.453895639743,0.416339635215,0.608243428613,0.290834718506,0.632334671027,1.30343584902,0.606354128355,0.257553593432
0.454610436026,0.415099834892,0.607237790464,0.291947216553,0.632720812215,1.30432504055,0.606035632438,0.257169800659
0.455325232309,0.413861068371,0.606231742064,0.29306126263,0.633107498831,1.30521485674,0.605716518818,0.256785817696
0.456040028592,0.412623466541,0.605225239704,0.294177032945,0.633494794866,1.30610536493,0.605396733666,0.256401582035
0.456754824875,0.411386956982,0.604218319927,0.295294400279,0.633882657316,1.30699651017,0.605076311455,0.256017137409
0.457469621158,0.410151587334,0.603210972262,0.296413415687,0.634271106135,1.30788830915,0.604755234673,0.255632465071
0.458184417441,0.408917369587,0.602203200733,0.297534075985,0.634660142261,1.30878075648,0.604433501503,0.255247565155
0.458899213724,0.407684265618,0.601195026692,0.298656309111,0.635049741767,1.30967382015,0.604111130697,0.254862462359
0.459614010007,0.406452374329,0.60018642306,0.29978023387,0.635439949376,1.31056754237,0.603788084201,0.254477113535
0.46032880629,0.40522156934,0.599177441593,0.30090565714,0.635830697439,1.31146184439,0.60346441698,0.254091586509
0.461043602573,0.403992038951,0.598168025528,0.302032817647,0.636222074303,1.31235681404,0.603140054794,0.253705795165
0.461758398856,0.402763588796,0.597158248143,0.303161433594,0.636613979802,1.31325233932,0.602815079604,0.25331983927
0.462473195139,0.401536430795,0.596148046805,0.304291770625,0.63700651261,1.3141485172,0.602489408529,0.252933622677
0.463187991422,0.400310391466,0.595137485756,0.305423580013,0.637399584044,1.31504524935,0.602163114078,0.252547233685
0.463902787706,0.399085616796,0.594126525598,0.30655703571,0.6377932598,1.31594259705,0.601836140656,0.25216060872
0.464617583989,0.397862022219,0.593115200611,0.307692009317,0.638187494851,1.31684050799,0.601508524585,0.251773793039
0.465332380272,0.396639663478,0.592103500658,0.308828555409,0.638582311302,1.31773899832,0.60118024643,0.251386765954
0.466047176555,0.395418547367,0.591091431477,0.309966663809,0.638977707616,1.31863805972,0.600851306385,0.250999530002
0.466761972838,0.394198636952,0.590079010772,0.311106271834,0.639373662475,1.31953766524,0.60052172111,0.250612107056
0.467476769121,0.392980032808,0.589066217163,0.312247485399,0.63977021766,1.32043784851,0.600191454737,0.250224457259
0.468191565404,0.391762602911,0.588053094769,0.313390126703,0.640167308606,1.32133854155,0.599860559959,0.249836644717
0.468906361687,0.390546544018,0.587039596518,0.314534415605,0.640565020236,1.32223981784,0.599528964909,0.249448587508
0.46962115797,0.389331648426,0.586025785777,0.315680086969,0.640963254636,1.32314157941,0.599196750128,0.249060382165
0.470335954253,0.388118146052,0.585011608425,0.316827395559,0.64136211052,1.32404391072,0.598863832169,0.24867193346
0.471050750536,0.386905843929,0.58399712197,0.317976098339,0.641761497753,1.32494672273,0.598530285154,0.248283330183
0.471765546819,0.385694903538,0.582982291804,0.319126366005,0.642161483621,1.32585006962,0.598196051792,0.247894507841
0.472480343102,0.384485227628,0.581967149464,0.320278069887,0.642562021166,1.32675390263,0.597861170201,0.24750551308
0.473195139385,0.383276880672,0.580951685608,0.321431267307,0.64296313457,1.32765823657,0.597525619057,0.247116323388
0.473909935668,0.382069863497,0.579935907231,0.322585941781,0.643364819872,1.32856306084,0.597189400549,0.246726943601
0.474624731951,0.380864141218,0.578919828825,0.323742039453,0.643767058329,1.32946835307,0.596852529249,0.246337392851
0.475339528234,0.379659815077,0.577903434274,0.324899653816,0.644169888792,1.33037413863,0.596514971486,0.245947634502
0.476054324518,0.378456748503,0.576886760472,0.326058622053,0.644573249784,1.33128036014,0.596176777656,0.245557728993
0.476769120801,0.377255145467,0.575869769627,0.327219145411,0.644977222777,1.33218707678,0.595837878305,0.245167598551
0.477483917084,0.376054785838,0.574852515368,0.328380975581,0.645381712174,1.33309420493,0.595498352497,0.244777336461
0.478198713367,0.374855917326,0.573834952353,0.329544355616,0.6457868166,1.33400181555,0.595158116302,0.244386848531
0.47891350965,0.373658327231,0.572817130858,0.330709049321,0.646192444613,1.33490983018,0.594817245368,0.243996223876
0.479628305933,0.372462192866,0.571799021544,0.331875223117,0.646598664963,1.33581829474,0.594475680779,0.24360539723
0.480343102216,0.371267403812,0.570780652729,0.333042748998,0.647005428865,1.33672716501,0.594133462393,0.243214416496
0.481057898499,0.37007403385,0.569762016319,0.334211686232,0.64741276249,1.33763645365,0.593790567043,0.242823257453
0.481772694782,0.368882077113,0.568743120111,0.335382012747,0.647820659517,1.33854614845,0.593446998883,0.24243192713
0.482487491065,0.367691501589,0.567723975822,0.336553682924,0.648229103733,1.33945623107,0.593102770409,0.24204044201
0.483202287348,0.36650240821,0.566704572163,0.337726778346,0.64863813108,1.34036671907,0.592757850155,0.241648768596
0.483917083631,0.365314656936,0.565684939222,0.338901150798,0.649047683166,1.34127756534,0.592412286194,0.241256963725
0.484631879914,0.364128457722,0.564665048064,0.340076983217,0.649457837991,1.34218881493,0.59206601153,0.240864953722
0.485346676197,0.362943578929,0.563644942765,0.34125404426,0.649868502336,1.34310039887,0.591719103683,0.240472828607
0.48606147248,0.361760285807,0.562624587017,0.342432564435,0.650279774609,1.34401237362,0.591371478337,0.240080495345
0.486776268763,0.360578345743,0.561604023379,0.343612315552,0.650691562209,1.34492467256,0.591023212565,0.239688043209
0.487491065046,0.35939795216,0.560583228246,0.344793458723,0.651103935218,1.34583733224,0.59067424591,0.239295406312
0.48820586133,0.358218981042,0.559562226248,0.345975867567,0.651516843134,1.34675031397,0.590324619905,0.238902633668
0.488920657613,0.357041516008,0.558541010994,0.347159602462,0.651930314026,1.34766362739,0.589974309588,0.238509699475
0.489635453896,0.355865543813,0.557519590625,0.348344636509,0.652344339279,1.34857725945,0.589623321046,0.238116612844
0.490350250179,0.354691036106,0.556497974522,0.349530931695,0.652758905162,1.34949119521,0.589271664717,0.2377233877
0.491065046462,0.353518092569,0.555476155778,0.350718558248,0.653174044732,1.35040544489,0.588919311339,0.237329993604
0.491779842745,0.352346570738,0.554454158106,0.351907382123,0.653589702678,1.35131997133,0.588566306649,0.236936483856
0.492494639028,0.351176685348,0.553431960994,0.353097568314,0.654005953507,1.35223480569,0.588212586139,0.236542788825
0.493209435311,0.350008194176,0.552409599157,0.354288902528,0.654422706445,1.35314989384,0.587858225727,0.236148995253
0.493924231594,0.348841379712,0.551387045572,0.355481601909,0.65484005954,1.35406527676,0.587503140809,0.235755011386
0.494639027877,0.347675989313,0.550364334596,0.356675447453,0.655257919197,1.35498090101,0.587147409773,0.235360926478
0.49535382416,0.346512232738,0.549341448826,0.357870593907,0.655676356686,1.35589679256,0.586790970716,0.234966674179
0.496068620443,0.345349971993,0.548318408732,0.359066917497,0.656095319905,1.35681291934,0.58643386677,0.23457230447
0.496783416726,0.344189301021,0.547295210081,0.360264478857,0.656514838723,1.35772928704,0.586076071237,0.234177790097
0.497498213009,0.34303019856,0.546271860896,0.361463247045,0.656934902307,1.35864588256,0.585717592098,0.23378314213
0.498213009292,0.341872640668,0.54524836867,0.362663190988,0.657355499352,1.35956269371,0.585358437753,0.233388372042
0.498927805575,0.340716724871,0.544224730427,0.363864370163,0.657776660061,1.36047972391,0.584998581143,0.232993452361
0.499642601858,0.339562307298,0.543200963939,0.365066664212,0.658198332192,1.36139694557,0.584638065651,0.232598432921
0.500357398142,0.33840960629,0.542177056673,0.366270220602,0.658620586747,1.36231437616,0.584276829296,0.232203248074
0.501072194425,0.337258369958,0.54115303419,0.367474842142,0.659043335456,1.36323197671,0.583914946327,0.231807981279
0.501786990708,0.336108897687,0.540128878988,0.368680731803,0.659466675866,1.36414977164,0.583552331959,0.231412542183
0.502501786991,0.334960916764,0.539104616749,0.369887680948,0.659890513557,1.36506772207,0.583189065778,0.231017019842
0.503216583274,0.333814653434,0.538080236732,0.371095836898,0.660314920837,1.36598584217,0.582825084535,0.230621347607
0.503931379557,0.332669955417,0.537055754779,0.372305079486,0.660739844131,1.36690410761,0.582460432879,0.230225576275
0.50464617584,0.331526927404,0.536031169267,0.373515468719,0.661165315,1.36782251914,0.582095082439,0.22982967727
0.505360972123,0.33038553953,0.535006487644,0.374726970434,0.661591320475,1.36874106446,0.581729043048,0.229433663504
0.506075768406,0.329245772965,0.533981715959,0.375939559795,0.662017851615,1.36965973345,0.581362321091,0.229037544099
0.506790564689,0.328107722215,0.53295685471,0.377153286169,0.662444935808,1.3705785233,0.580994891709,0.228641294457
0.507505360972,0.326971242983,0.531931916173,0.378368042361,0.662872523862,1.37149741556,0.580626795918,0.228244961023
0.508220157255,0.325836556074,0.530906895341,0.379583958776,0.663300683269,1.37241641435,0.580257974293,0.227848482067
0.508934953538,0.324703400849,0.529881808835,0.380800855338,0.663729328319,1.373335496,0.579888499352,0.227451937757
0.509649749821,0.323572093201,0.528856648903,0.382018920048,0.664158555913,1.37425466737,0.579518286241,0.227055239267
0.510364546104,0.322442340367,0.527831432086,0.383237955826,0.664588270983,1.37517390556,0.579147415618,0.226658475276
0.511079342387,0.321314385177,0.526806154756,0.384458101495,0.665018546715,1.37609321166,0.578775822996,0.226261578996
0.51179413867,0.320188060805,0.525780827667,0.385679241507,0.665449328198,1.37701257022,0.578403554451,0.225864601887
0.512508934954,0.319063483069,0.524755452255,0.386901434343,0.66588064857,1.37793197609,0.578030580013,0.225467514191
0.513223731237,0.317940612962,0.523730034932,0.388124643465,0.666312492816,1.37885141863,0.57765691131,0.22507033053
0.51393852752,0.316819437425,0.522704580751,0.389348849539,0.666744854289,1.37977088906,0.577282552751,0.224673057791
0.514653323803,0.315700047122,0.521679093226,0.390574092506,0.667177757607,1.38069037895,0.576907481658,0.224275674146
0.515368120086,0.314582298275,0.520653579586,0.391800277759,0.667611156603,1.38160987853,0.576531736678,0.223878222737
0.516082916369,0.313466413045,0.519628041889,0.393027519165,0.668045115259,1.38252937894,0.576155260968,0.223480645676
0.516797712652,0.312352122953,0.518602488037,0.394255653732,0.668479550485,1.38344887196,0.575778125249,0.223083019842
0.517512508935,0.311239759971,0.517576920247,0.39548485371,0.668914558376,1.38436834587,0.57540024472,0.22268525806
0.518227305218,0.310129011373,0.516551345463,0.396714934763,0.669350043411,1.38528779518,0.575021700972,0.222287448444
0.518942101501,0.30902013661,0.515525767616,0.397946026142,0.669786079483,1.38620720662,0.5746424284,0.22188952424
0.519656897784,0.307912954112,0.514500191915,0.399178017943,0.670222610488,1.38712657481,0.574262474407,0.22149153741
0.520371694067,0.306807591148,0.5134746233,0.400410966204,0.670659671018,1.38804588762,0.573881807502,0.221093457155
0.52108649035,0.30570399908,0.512449066687,0.401644832881,0.671097244113,1.38896513706,0.573500441053,0.22069529968
0.521801286633,0.304602171236,0.511423526586,0.402879603382,0.67153532534,1.38988431487,0.573118377528,0.220297069746
0.522516082916,0.303502193658,0.510398009061,0.404115308933,0.6719739366,1.39080340771,0.572735596415,0.219898748193
0.523230879199,0.302403923997,0.509372516748,0.40535186691,0.672413034721,1.39172241393,0.572352133986,0.219500374947
0.523945675482,0.301307584691,0.508347058299,0.406589375207,0.67285268018,1.39264131213,0.571967936007,0.219101895885
0.524660471766,0.300212900332,0.507321633136,0.407827687844,0.673292792565,1.39356010969,0.571583071333,0.218703384599
0.525375268049,0.299120218492,0.506296253645,0.409066960562,0.673733467002,1.39447877525,0.57119745535,0.21830475569
0.526090064332,0.298029206646,0.505270916735,0.410307022955,0.674174607716,1.39539732219,0.570811170427,0.217906096522
0.526804860615,0.29694014083,0.504245634325,0.411547993618,0.674616289129,1.39631572159,0.570424149972,0.21750734054
0.527519656898,0.2958528246,0.503220405631,0.41278976933,0.6750584541,1.39723397932,0.570036442607,0.217108540053
0.528234453181,0.294767396939,0.502195239539,0.414032402756,0.675501138541,1.39815207526,0.569648015408,0.216709663363
0.528949249464,0.293683799149,0.501170139013,0.415275855231,0.675944323653,1.39907000499,0.569258883415,0.216310728121
0.529664045747,0.292602031508,0.500145108467,0.416520116122,0.676388007135,1.39998775997,0.568869047202,0.215911737083
0.53037884203,0.291522174703,0.499120156049,0.417765208688,0.67683220823,1.40090532269,0.568478488397,0.215512673649
0.531093638313,0.290444088682,0.498095280263,0.419011061636,0.677276886723,1.40182269902,0.568087240903,0.215113574621
0.531808434596,0.289367995127,0.497070495879,0.420257757501,0.677722099598,1.40273985553,0.567695253109,0.214714389554
0.532523230879,0.288293612593,0.496045794081,0.42150516721,0.678167769174,1.40365681525,0.567302591944,0.214315188764
0.533238027162,0.287221303738,0.495021197615,0.422753429251,0.678613989442,1.40457352619,0.566909173111,0.21391588875
0.533952823445,0.286150716466,0.493996692925,0.424002388325,0.679060664584,1.40549002208,0.566515079602,0.213516575937
0.534667619728,0.285082143306,0.492972300341,0.425252151298,0.679507869363,1.406406257,0.566120243974,0.213117184145
0.535382416011,0.284015372863,0.491948012649,0.426502622669,0.679955545761,1.40732224934,0.565724715952,0.212717765863
0.536097212294,0.282950556047,0.49092384311,0.427753850788,0.680403730875,1.40823796987,0.565328461273,0.212318288641
0.536812008578,0.281887623721,0.489899792289,0.42900579728,0.680852404178,1.40915341877,0.564931496575,0.211918771441
0.537526804861,0.280826583627,0.488875864944,0.430258454656,0.681301565409,1.41006858635,0.564533820591,0.211519215135
0.538241601144,0.279767510419,0.487852070847,0.431511838987,0.68175123122,1.4109834517,0.564135417058,0.211119605565
0.538956397427,0.278710267157,0.486828404828,0.432765889631,0.68220136431,1.41189802759,0.563736317519,0.210719976514
0.53967119371,0.277655073782,0.485804887294,0.434020674415,0.682652018191,1.41281226912,0.563336472997,0.210320281121
0.540385989993,0.276601647191,0.484781501713,0.435276082241,0.683103118841,1.4137262144,0.562935947652,0.20992058566
0.541100786276,0.275550354079,0.48375828056,0.43653222999,0.683554756307,1.41463979162,0.562534659993,0.209520810987
0.541815582559,0.274500833566,0.48273520021,0.437788982271,0.684006837584,1.41555305451,0.562132691112,0.209121040062
0.542530378842,0.27345339102,0.48171228954,0.439046431941,0.684459436701,1.41646593946,0.561729973652,0.208721208033
0.543245175125,0.272407800088,0.480689534478,0.440304492257,0.684912494936,1.41737847859,0.56132655831,0.208321367401
0.543959971408,0.271364223754,0.479666953088,0.441563206308,0.685366050418,1.4182906325,0.560922409591,0.20792148512
0.544674767691,0.270322582124,0.478644543082,0.442822536929,0.685820081022,1.41920240696,0.560517545647,0.207521581315
0.545389563974,0.269282890868,0.477622310016,0.444082478943,0.686274588422,1.42011379028,0.560111963431,0.207121655102
0.546104360257,0.268245217972,0.476600264813,0.445343042044,0.686729586759,1.42102475896,0.559705648749,0.206721694651
0.54681915654,0.267209430389,0.475578399094,0.446604175517,0.687185041588,1.42193533199,0.559298630798,0.206321730822
0.547533952823,0.266175745367,0.474556738416,0.447865933181,0.687641002978,1.4228454536,0.558890863248,0.205921720248
0.548248749107,0.265143879775,0.473535259046,0.449128221521,0.688097400706,1.42375517647,0.558482407327,0.205521725112
0.54896354539,0.264114201479,0.472514002593,0.450391135742,0.688554320429,1.42466440956,0.558073184781,0.205121670935
0.549678341673,0.263086343447,0.471492935721,0.451654560892,0.68901167245,1.42557322649,0.557663274342,0.204721636838
0.550393137956,0.262060622912,0.470472095998,0.452918574958,0.689469529771,1.42648154516,0.557252608993,0.204321559531
0.551107934239,0.261036798612,0.469451462076,0.454183101,0.689927833147,1.42738941272,0.556841240259,0.203921491363
0.551822730522,0.2600150457,0.468431057234,0.455448175891,0.690386621582,1.42829677842,0.556429131533,0.20352139884
0.552537526805,0.258995273264,0.4674108759,0.456713764609,0.690845871482,1.42920365475,0.556016302385,0.203121303108
0.553252323088,0.257977505311,0.466390924857,0.457979863443,0.691305586351,1.43011002704,0.555602748058,0.202721201659
0.553967119371,0.256961802578,0.465371215721,0.459246476537,0.691765777901,1.4310158701,0.555188456382,0.202321084862
0.554681915654,0.255948036639,0.464351737367,0.460513562357,0.692226414484,1.4319212084,0.554773454228,0.201920980769
0.555396711937,0.254936421155,0.463332520012,0.461781161448,0.692687542765,1.43282597599,0.554357697913,0.201520849402
0.55611150822,0.25392667401,0.462313533211,0.463049197221,0.693149096301,1.43373023956,0.55394124571,0.201120748941
0.556826304503,0.252919163027,0.461294827193,0.464317743852,0.693611156349,1.43463388935,0.55352402265,0.200720609492
0.557541100786,0.251913516034,0.460276359191,0.465586706646,0.694073636592,1.43553701892,0.553106105018,0.200320506344
0.558255897069,0.250910061652,0.459258175624,0.466856148113,0.694536608846,1.4364395268,0.552687426268,0.199920377883
0.558970693352,0.249908541227,0.458244322695,0.468126005748,0.69500001353,1.43734148128,0.55226803861,0.199520276132
0.559685489635,0.248909099959,0.457265060825,0.469396367668,0.695463890387,1.4382428976,0.55184790442,0.199120167284
0.560400285919,0.247911603965,0.456286419946,0.470667246051,0.695928214594,1.43914385523,0.5514270445,0.198720073272
0.561115082202,0.246916084816,0.455307891571,0.471938639531,0.696392991472,1.44004433797,0.551005452357,0.198319990007
0.561829878485,0.245922593728,0.454329482791,0.473210550191,0.696858230525,1.44094432332,0.550583117681,0.197919909822
0.562544674768,0.244931012431,0.45335119017,0.474482938316,0.697323902914,1.44184383164,0.550160064968,0.197519858006
0.563259471051,0.243941542558,0.452373030259,0.475755842744,0.69779005211,1.44274280203,0.549736253025,0.197119797718
0.563974267334,0.242953914715,0.451394989556,0.477029188345,0.698256615454,1.4436412947,0.549311737127,0.196719783214
0.564689063617,0.241968482113,0.450417095284,0.478303047933,0.698723670043,1.44453920727,0.548886445412,0.19631974889
0.5654038599,0.240984882667,0.449439326859,0.479577327094,0.699191132958,1.44543662659,0.548460451666,0.195919766257
0.566118656183,0.240003443561,0.448461710791,0.480852089786,0.699659074933,1.44633345459,0.548033689719,0.195519775262
0.566833452466,0.239023904377,0.447484232486,0.48212726754,0.700127436222,1.44722975317,0.547606212326,0.19511982746
0.567548248749,0.238046457575,0.4465069097,0.483402892142,0.700596257293,1.44812545922,0.547177980831,0.194719888752
0.568263045032,0.237070994081,0.445529738274,0.484678929639,0.701065512094,1.44902059375,0.546749017289,0.19431998184
0.568977841315,0.236097554328,0.444552724921,0.485955378653,0.701535207552,1.44991513601,0.546319313633,0.19392010127
0.569692637598,0.235126181699,0.443575877128,0.487232236947,0.702005350954,1.45080906301,0.545888861442,0.193520241305
0.570407433881,0.2341567635,0.442599189356,0.488509472789,0.702475916044,1.4517023995,0.545457683012,0.193120424719
0.571122230164,0.233189496653,0.441622681942,0.489787112843,0.702946943092,1.45259507532,0.545025739674,0.192720617754
0.571837026447,0.232224114271,0.440646335893,0.491065097839,0.703418373015,1.45348716388,0.544593083857,0.192320870994
0.572551822731,0.231260967866,0.4396701856,0.492343480527,0.703890278709,1.45437854472,0.544159646879,0.191921123077
0.573266619014,0.230299691803,0.438694202557,0.493622186414,0.704362580535,1.45526932464,0.543725500106,0.191521441905
0.573981415297,0.22934062376,0.437718420968,0.494901263026,0.704835347913,1.45615938491,0.543290577948,0.191121769157
0.57469621158,0.228383489087,0.436742819483,0.496180654245,0.705308520996,1.45704880555,0.542854933665,0.190722155867
0.575411007863,0.227428492253,0.435767420902,0.497460383202,0.705782140725,1.45793750929,0.542418527776,0.190322567867
0.576125804146,0.226475512995,0.434792217695,0.498740420412,0.706256179948,1.45882552645,0.541981383492,0.189923028496
0.576840600429,0.225524600762,0.433817218237,0.500020763749,0.706730647075,1.45971283095,0.541543491259,0.189523531069
0.577555396712,0.224575790685,0.432842430022,0.501301407526,0.707205547277,1.46059940026,0.541104844483,0.189124071651
0.578270192995,0.223628976199,0.431867845791,0.502582327202,0.707680856803,1.46148526269,0.540665463292,0.188724670615
0.578984989278,0.222684348809,0.430893489272,0.503863538043,0.708156612775,1.46237033963,0.540225311537,0.188325297179
0.579699785561,0.22174164497,0.429919336365,0.50514499594,0.708632759659,1.46325471701,0.539784438773,0.187925998348
0.580414581844,0.220801213514,0.428945428233,0.506426734261,0.709109366147,1.46413825691,0.539342779551,0.187526716917
0.581129378127,0.219862686101,0.427971728647,0.50770869824,0.709586355951,1.46502108604,0.538900402718,0.18712751719
0.58184417441,0.218926410436,0.426998279673,0.508990918332,0.710063797006,1.46590306416,0.538457243422,0.18672834269
0.582558970693,0.217992097833,0.426025052833,0.510273351844,0.71054162957,1.46678429077,0.538013355252,0.186329243756
0.583273766976,0.217059964708,0.425052076336,0.511556012258,0.711019894879,1.46766467319,0.537568698048,0.185930186311
0.583988563259,0.216129879518,0.424079338904,0.512838875537,0.711498564834,1.46854425226,0.537123296056,0.185531194179
0.584703359543,0.215201900951,0.42310685094,0.514121937902,0.711977649199,1.46942299552,0.536677138326,0.18513225958
0.585418155826,0.214276055514,0.422134619567,0.515405191108,0.712457151132,1.47030088189,0.536230220025,0.184733380253
0.586132952109,0.213352243276,0.42116263618,0.516688616987,0.712937049311,1.47117794242,0.53578255915,0.184334574285
0.586847748392,0.21243064967,0.420190927501,0.517972220212,0.713417377763,1.47205409082,0.535334122056,0.18393581376
0.587562544675,0.211511015283,0.419219464721,0.519255971103,0.713898084472,1.4729294249,0.534884955413,0.183537142198
0.588277340958,0.210593685326,0.418248295357,0.520539884372,0.714379233936,1.47380378993,0.534434997042,0.183138506465
0.588992137241,0.20967828959,0.417277375676,0.521823924742,0.714860753278,1.47467733245,0.53398431318,0.182739967281
0.589706933524,0.208765185307,0.416306755758,0.523108104985,0.715342708774,1.47554988987,0.533532839875,0.182341470123
0.590421729807,0.207854070002,0.41533639964,0.5243923969,0.715825041005,1.47642158249,0.533080630857,0.181943064462
0.59113652609,0.206945171925,0.414366341293,0.525676803322,0.716307791308,1.47729230106,0.532627645445,0.18154471647
0.591851322373,0.206038348218,0.413396565319,0.52696130665,0.716790930809,1.47816209808,0.532173908784,0.181146450305
0.592566118656,0.205133666981,0.41242708452,0.528245900536,0.71727447048,1.4790309337,0.531719408635,0.180748257231
0.593280914939,0.204231145775,0.411457905255,0.529530575087,0.717758411588,1.47989878931,0.531264141847,0.180350136526
0.593995711222,0.203330691761,0.410489017962,0.530815317667,0.718242735145,1.48076569776,0.53080812433,0.179952104111
0.594710507505,0.202432483693,0.409520451953,0.532100123192,0.71872747215,1.48163156605,0.530351324926,0.179554134823
0.595425303788,0.201536267035,0.408552174109,0.533384975642,0.719212574068,1.48249650303,0.529893787407,0.179156268801
0.596140100071,0.20064238248,0.407584237883,0.534669871836,0.719698101214,1.48336033797,0.529435452899,0.17875845688
0.596854896355,0.199750458768,0.40661659226,0.535954795722,0.72018398418,1.48422323705,0.528976384936,0.178360756221
0.597569692638,0.198860862127,0.405649295476,0.537239741788,0.720670287412,1.48508501455,0.528516520639,0.177963114361
0.598284488921,0.197973276602,0.404682303738,0.538524697387,0.721156952033,1.4859458129,0.528055913675,0.177565579732
0.598999285204,0.197087942109,0.403715657124,0.539809653715,0.721644019287,1.48680550509,0.527594523013,0.177168118914
0.599714081487,0.196204704491,0.40274933575,0.541094600596,0.722131459696,1.48766415646,0.527132374555,0.176770756243
0.60042887777,0.195323641385,0.401783355178,0.542379528189,0.722619285294,1.48852171869,0.526669454882,0.17637348217
0.601143674053,0.19444476113,0.400817720625,0.543664425873,0.723107495579,1.48937817674,0.526205762436,0.175976297375
0.601858470336,0.193567978397,0.399852421949,0.544949285689,0.723596073801,1.49023356432,0.525741311102,0.175579215738
0.602573266619,0.192693464695,0.398887490649,0.546234093653,0.724085048004,1.49108778263,0.525276072172,0.175182214729
0.603288062902,0.191820971071,0.3979228897,0.547518846607,0.724574373086,1.49194095076,0.52481008652,0.174785331211
0.604002859185,0.190950832846,0.396958678066,0.548803524283,0.725064105207,1.49279288283,0.524343298606,0.174388519888
0.604717655468,0.190082678506,0.395994797683,0.550088129545,0.725554178479,1.49364376439,0.523875769168,0.173991834389
0.605432451751,0.189216882725,0.395031315072,0.551372638032,0.726044655334,1.49449338591,0.523407436579,0.173595224415
0.606147248034,0.188353116418,0.394068178278,0.552657053686,0.726535477677,1.4953419132,0.522938354228,0.173198737186
0.606862044317,0.187491630958,0.393105433815,0.553941355089,0.727026686447,1.49618920032,0.522468480918,0.172802339851
0.6075768406,0.186632260952,0.392143056962,0.55522554047,0.727518251748,1.49703532665,0.521997843149,0.172406056768
0.608291636883,0.185775093651,0.391181066396,0.556509595573,0.728010186519,1.49788023436,0.521526426445,0.172009877717
0.609006433167,0.18492012795,0.390219465809,0.557793509981,0.728502488622,1.49872391301,0.521054230745,0.171613804645
0.60972122945,0.184067286395,0.389258244863,0.559077279532,0.728995143438,1.49956639624,0.520581267971,0.171217849515
0.610436025733,0.183216732735,0.388297436841,0.560360882233,0.729488176142,1.50040758042,0.520107511826,0.170821992307
0.611150822016,0.18236822426,0.387337001215,0.561644326953,0.729981545005,1.50124759404,0.519633000295,0.17042626672
0.611865618299,0.181522090114,0.386377002029,0.56292757718,0.730475302065,1.50208623692,0.519157681187,0.17003063122
0.612580414582,0.180677959306,0.385417374412,0.564210654354,0.730969385005,1.50292371375,0.518681612355,0.169635135932
0.613295210865,0.179836214373,0.384458193289,0.565493514719,0.731463854062,1.50375979046,0.518204733612,0.169239732828
0.614010007148,0.178996513512,0.383499398221,0.566776179833,0.731958652158,1.5045946575,0.517727097844,0.168844467743
0.614724803431,0.178159119285,0.38254104248,0.568058614692,0.732453819719,1.5054281489,0.517248663876,0.168449308553
0.615439599714,0.177323855185,0.381583096162,0.569340826912,0.732949326618,1.50626035923,0.516769458639,0.168054279484
0.616154395997,0.176490818102,0.380625581406,0.570622796893,0.733445186536,1.50709122006,0.516289466737,0.167659369792
0.61686919228,0.175659997313,0.379668500009,0.571904515362,0.733941395842,1.50792072669,0.515808689494,0.167264582542
0.617583988563,0.174831323559,0.378711841811,0.573185981069,0.734437941931,1.50874891166,0.515327136942,0.166869927917
0.618298784846,0.174004952366,0.377755641475,0.57446716491,0.734934847203,1.50957566761,0.514844785151,0.166475388277
0.619013581129,0.173180647875,0.376799855378,0.575748086929,0.735432073233,1.5104011314,0.514361669224,0.166080994276
0.619728377412,0.172358732297,0.375844552212,0.577028695244,0.735929667988,1.51122508964,0.513877740335,0.165686708024
0.620443173695,0.171538835922,0.374889660545,0.578309029495,0.736427572758,1.51204776571,0.513393053364,0.165292576185
0.621157969979,0.170721348543,0.37393526381,0.579589026018,0.736925845403,1.51286890044,0.512907549756,0.164898553095
0.621872766262,0.169905916096,0.372981292779,0.580868724985,0.73742443011,1.5136887101,0.512421281652,0.164504683035
0.622587562545,0.169092812024,0.372027807794,0.582148076858,0.737923366569,1.51450700759,0.511934208108,0.164110934772
0.623302358828,0.168281848871,0.371074773429,0.583427099605,0.738422624623,1.51532390381,0.511446356304,0.163717332239
0.624017155111,0.167473133144,0.370122215626,0.584705767361,0.738922218523,1.51613931871,0.510957710067,0.163323864314
0.624731951394,0.166666644385,0.369170133918,0.585984072942,0.739422143293,1.51695325443,0.510468271989,0.16293053504
0.625446747677,0.165862321793,0.368218518698,0.587262017106,0.73992238822,1.51776574139,0.509978050292,0.162537352951
0.62616154396,0.165060312263,0.367267405606,0.588539564565,0.740422973032,1.51857666956,0.509487023356,0.162144302656
0.626876340243,0.164260387344,0.366316748335,0.589816745653,0.740923862533,1.51938618323,0.508995223422,0.161751411886
0.627591136526,0.163462861617,0.365366619781,0.591093494027,0.741425100671,1.52019405682,0.508502605036,0.161358646274
0.628305932809,0.162667367374,0.364416942214,0.592369867119,0.74192663238,1.52100053196,0.508009220015,0.160966049063
0.629020729092,0.161874301041,0.363467807662,0.593645780872,0.742428512959,1.52180532385,0.507515011641,0.160573577056
0.629735525375,0.161083296802,0.362519137821,0.594921295046,0.74293068811,1.52260867573,0.507020031054,0.160181272808
0.630450321658,0.160294638619,0.361571000395,0.596196344636,0.743433196565,1.52341037832,0.506524237757,0.159789106134
0.631165117941,0.159508128306,0.360623354111,0.597470958922,0.743936008338,1.52421055996,0.506027658989,0.159397100517
0.631879914224,0.158723881921,0.359676229051,0.598745104854,0.744439138074,1.52500912795,0.505530277952,0.159005244609
0.632594710508,0.157941869193,0.358729622117,0.600018778283,0.74494257961,1.52580609238,0.505032098376,0.158613543279
0.633309506791,0.157162038005,0.357783524628,0.601291981065,0.745446323993,1.52660148053,0.504533126768,0.158222003553
0.634024303074,0.156384526258,0.356837972797,0.602564672668,0.745950388391,1.52739518083,0.504033343747,0.157830612151
0.634739099357,0.155609113419,0.355892918045,0.603836892812,0.74645474075,1.52818734392,0.503532778724,0.157439394009
0.63545389564,0.154836105787,0.35494843703,0.605108561628,0.746959421067,1.52897773319,0.50303138961,0.157048318159
0.636168691923,0.154065138362,0.354004445987,0.6063797539,0.747464377948,1.52976660798,0.502529225072,0.156657424468
0.636883488206,0.153296613555,0.353061045618,0.607650364724,0.747969663946,1.53055365745,0.502026230444,0.156266672299
0.637598284489,0.152530154352,0.352118148266,0.6089204744,0.748475226534,1.53133915282,0.501522455595,0.155876102313
0.638313080772,0.151766054829,0.351175829282,0.610190001538,0.748981103255,1.53212286168,0.501017860705,0.155485685534
0.639027877055,0.151004106337,0.350234041232,0.611458987677,0.749487264509,1.53290493088,0.500512472862,0.155095444838
0.639742673338,0.150244434367,0.349292818659,0.612727391671,0.749993725145,1.53368525408,0.500006274816,0.154705368795
0.640457469621,0.149486998816,0.34835215548,0.613995213347,0.750500477983,1.5344638504,0.499499271287,0.154315462959
0.641172265904,0.148731756422,0.347412044305,0.615262454751,0.751007515689,1.53524074296,0.498991467173,0.153925732982
0.641887062187,0.14797883578,0.346472521522,0.616529071052,0.75151485299,1.53601581977,0.498482845252,0.153536167558
0.64260185847,0.147228024738,0.34553353669,0.617795110437,0.752022460881,1.53678923677,0.497973432141,0.153146788959
0.643316654753,0.146479620717,0.344595169784,0.619060480468,0.752530375485,1.53756074751,0.497463189105,0.152757569483
0.644031451036,0.145733262097,0.343657331278,0.620325272818,0.753038549101,1.53833062844,0.49695216158,0.152368545678
0.64474624732,0.14498935661,0.342720130606,0.621589361309,0.75354703135,1.5390985423,0.496440297166,0.15197967955
0.645461043603,0.144247516642,0.341783470505,0.622852847699,0.75405577174,1.5398647893,0.495927644178,0.151591009709
0.646175839886,0.143508045937,0.340847434236,0.624115633327,0.754564806388,1.54062911297,0.495414163718,0.151202508538
0.646890636169,0.142770725695,0.339911967909,0.625377772916,0.755074106297,1.5413916797,0.494899882505,0.150814198154
0.647605432452,0.142035690678,0.338977110836,0.626639216323,0.755583686329,1.54215236853,0.494384783009,0.150426067193
0.648320228735,0.141302890978,0.338042853605,0.627899968294,0.756093538462,1.54291120873,0.493868870793,0.150038121741
0.649035025018,0.140572292311,0.337109190474,0.629160030146,0.756603656829,1.5436682182,0.493352149251,0.149650366223
0.649749821301,0.139844013712,0.336176157613,0.630419353708,0.757114053853,1.54442328571,0.492834603236,0.149262791162
0.650464617584,0.139117851814,0.335243703126,0.631677994699,0.757624703469,1.54517657136,0.492316256619,0.148875416303
0.651179413867,0.138394094622,0.334311909862,0.632935849092,0.758135638014,1.54592782014,0.491797073991,0.148488217072
0.65189421015,0.137672384536,0.333380682809,0.63419302495,0.758646813495,1.54667732491,0.491277097477,0.148101226754
0.652609006433,0.136953133932,0.332450140181,0.635449374438,0.759158276416,1.54742472176,0.490756277172,0.147714410089
0.653323802716,0.136235945238,0.331520174874,0.636705021655,0.759669978587,1.54817034075,0.490234659539,0.147327803469
0.654038598999,0.135521131376,0.330590878309,0.637959849805,0.760181954458,1.54891390052,0.489712206855,0.146941380795
0.654753395282,0.13480846375,0.32966218985,0.639213927702,0.760694175857,1.54965558797,0.489188945238,0.146555163266
0.655468191565,0.13409808619,0.328734153881,0.64046719532,0.761206657466,1.55039526662,0.488664857069,0.146169139733
0.656182987848,0.133389939056,0.327806757324,0.641719663255,0.761719390595,1.55113297692,0.488139948585,0.145783316669
0.656897784132,0.132683997119,0.326879996437,0.642971331183,0.762232370697,1.55186873053,0.487614221802,0.145397697409
0.657612580415,0.131980369649,0.325953906782,0.644222148555,0.762745608023,1.55260241817,0.487087663545,0.145012274164
0.658327376698,0.131278862419,0.325028435413,0.645472177672,0.763259079336,1.55333420296,0.486560294993,0.144627064288
0.659042172981,0.130579753532,0.324103667609,0.646721303919,0.763772813288,1.55406382261,0.486032084035,0.144242046197
0.659756969264,0.129882690024,0.323179503161,0.647969651227,0.764286769599,1.55479158565,0.485503069405,0.143857249976
0.660471765547,0.129188088222,0.322256069087,0.649217049752,0.764800991474,1.55551710139,0.484973203926,0.143472643177
0.66118656183,0.12849554127,0.321333248226,0.650463646776,0.765315433291,1.55624073047,0.484442531895,0.143088259819
0.661901358113,0.127805370746,0.320411140393,0.651709306544,0.765830127592,1.55696216595,0.483911017035,0.142704075469
0.662616154396,0.127117338656,0.319489677937,0.652954112837,0.766345047259,1.55768161611,0.483378684616,0.14232011026
0.663330950679,0.12643159765,0.318568910599,0.654197994881,0.766860206587,1.55839892807,0.48284551713,0.141936353402
0.664045746962,0.125748078478,0.317648821308,0.655440970042,0.767375596412,1.5591141545,0.482311521309,0.141552811605
0.664760543245,0.125066764995,0.316729408668,0.656683035442,0.767891213337,1.55982729983,0.481776697924,0.141169487261
0.665475339528,0.12438775655,0.31581070725,0.657924139122,0.768407065595,1.5605382579,0.481241035662,0.140786374121
0.666190135811,0.123710868362,0.314892663458,0.659164349008,0.768923132654,1.56124719366,0.480704553074,0.14040348729
0.666904932094,0.123036368207,0.313975364561,0.660403540913,0.769439439585,1.5619538389,0.480167221304,0.140020808029
0.667619728377,0.122363908326,0.313058705438,0.661641854084,0.769955949823,1.56265851702,0.479629075617,0.139638363291
0.66833452466,0.121693908306,0.31214282193,0.662879096356,0.770472703095,1.56336081048,0.479090071808,0.139256123512
0.669049320944,0.121025952716,0.311227586622,0.664115439002,0.770989656614,1.56406111118,0.478550251683,0.138874120192
0.669764117227,0.120360371227,0.310313107934,0.665350726504,0.771506840772,1.56475908595,0.478009580687,0.138492330708
0.67047891351,0.119696916888,0.309399310948,0.666585058471,0.772024229732,1.56545496525,0.477468082984,0.138110773974
0.671193709793,0.119035750879,0.308486251036,0.667818352528,0.772541837201,1.56614857902,0.476925741389,0.137729439711
0.671908506076,0.118376794509,0.307573906821,0.669050633721,0.773059653729,1.56683999313,0.476382562938,0.137348334713
0.672623302359,0.117720040697,0.306662279584,0.670281895715,0.773577676904,1.5675292038,0.4758385473,0.136967460575
0.673338098642,0.117065578771,0.30575140253,0.671512086105,0.774095913094,1.56821610913,0.4752936849,0.136586812437
0.674052894925,0.116413233646,0.304841221811,0.672741277478,0.77461434434,1.56890087477,0.474747991739,0.136206403305
0.674767691208,0.115763262401,0.303931826248,0.6739693371,0.775132992256,1.56958322796,0.474201442157,0.135826217132
0.675482487491,0.115115323028,0.303023106101,0.675196418968,0.775651823979,1.57026350604,0.473654067881,0.135446277812
0.676197283774,0.114469837659,0.302115206029,0.676422308314,0.776170875582,1.57094126477,0.473105827927,0.135066558738
0.676912080057,0.113826383039,0.30120798819,0.677647201168,0.776690107384,1.57161692776,0.472556761264,0.134687088739
0.67762687634,0.113185296339,0.300301569807,0.678870921489,0.777209547379,1.57229013512,0.472006835354,0.13430784715
0.678341672623,0.112546322122,0.299395868456,0.680093585534,0.777729171247,1.57296114022,0.471456072983,0.133928851519
0.679056468906,0.111909629776,0.298490945397,0.681315098506,0.778248991896,1.57362975506,0.470904457512,0.133550092216
0.679771265189,0.111275131374,0.297586774648,0.68253549402,0.778768999788,1.57429605967,0.470351996076,0.133171575977
0.680486061472,0.110642828843,0.296683360491,0.683754761388,0.779289193322,1.57496004108,0.469798687395,0.132793303742
0.681200857756,0.110012801434,0.295780734398,0.684972848724,0.779809577165,1.57562160286,0.4692445235,0.132415271894
0.681915654039,0.109384883958,0.294878842657,0.686189832306,0.78033013579,1.57628091013,0.468689517922,0.132037491481
0.682630450322,0.108759322485,0.293977775209,0.687405571893,0.780850887483,1.576937687,0.468133648136,0.131659949002
0.683345246605,0.108135785085,0.29307741934,0.68862023358,0.781371803376,1.57759227967,0.46757694193,0.131282665145
0.684060042888,0.107514684259,0.292177924461,0.689833585926,0.781892914788,1.5782442298,0.46701936278,0.130905616987
0.684774839171,0.106895601169,0.2912791462,0.691045844271,0.782414186341,1.57889398069,0.466460945481,0.130528829886
0.685489635454,0.106278876035,0.290381209409,0.69225681338,0.782935643074,1.57954114946,0.465901660145,0.130152285486
0.686204431737,0.105664245451,0.289484023935,0.693466626955,0.783457262422,1.58018601299,0.465341527889,0.129775999835
0.68691922802,0.105051886645,0.288587657176,0.694675176973,0.783979056278,1.58082836473,0.464780532857,0.129399964089
0.687634024303,0.104441702711,0.287692078254,0.69588250649,0.784501015222,1.5814682997,0.464218682065,0.129024184779
0.688348820586,0.103833704474,0.286797294762,0.697088599587,0.785023138283,1.58210579487,0.463655973451,0.128648662336
0.689063616869,0.103227961106,0.285903336085,0.698293405846,0.785545428598,1.58274076039,0.463092400501,0.128273394235
0.689778413152,0.102624317466,0.285010149031,0.699497004274,0.786067872923,1.58337335967,0.462527974372,0.127898389718
0.690493209435,0.102023008353,0.28411782423,0.700699248161,0.786590486356,1.58400331513,0.461962675596,0.12752363767
0.691208005718,0.101423713123,0.28322624672,0.701900314258,0.787113243977,1.58463097952,0.46139652797,0.127149155677
0.691922802001,0.100826831729,0.282335569355,0.703099956751,0.78763617225,1.58525588458,0.460829499652,0.126774924499
0.692637598284,0.100231952752,0.281445642376,0.704298408461,0.788159240298,1.58587848969,0.460261620931,0.126400965945
0.693352394568,0.0996394180769,0.280556597994,0.70549545511,0.788682469984,1.58649838996,0.459692864873,0.126027264088
0.694067190851,0.0990489568701,0.279668338132,0.706691248602,0.789205840735,1.58711588632,0.459123250625,0.12565383333
0.694781987134,0.0984607538032,0.278780936547,0.707885666916,0.789729363214,1.5877307531,0.458552763361,0.125280665755
0.695496783417,0.0978747032827,0.277894357194,0.7090787634,0.790253028327,1.58834310112,0.457981409746,0.124907767545
0.6962115797,0.0972908248857,0.27700861128,0.710270516034,0.790776835546,1.5889528964,0.457409187112,0.124535138762
0.696926375983,0.0967091777467,0.276123725755,0.711460876816,0.791300786656,1.58956005681,0.456836090238,0.124162777829
0.697641172266,0.0961296168739,0.275239648319,0.712649926518,0.79182487054,1.59016474288,0.456262128014,0.123790692324
0.698355968549,0.0955523655933,0.274356469873,0.713837513005,0.792349099258,1.59076667673,0.455687283937,0.123418873368
0.699070764832,0.0949771148926,0.273474073655,0.715023822619,0.792873451709,1.5913662162,0.455111577848,0.123047335601
0.699785561115,0.09440425173,0.272592615467,0.71620859632,0.793397949623,1.59196288486,0.454534982567,0.122676063299
0.700500357398,0.0938333726579,0.271711940501,0.717392083727,0.793922566605,1.59255715692,0.453957523778,0.122305074815
0.701215153681,0.0932648206442,0.270832188316,0.718574051314,0.794447321196,1.59314860581,0.453379177735,0.121934356702
0.701929949964,0.0926983179976,0.269953252726,0.719754669906,0.794972195047,1.59373755686,0.452799961299,0.121563921583
0.702644746247,0.0921340564058,0.269075214059,0.720933802744,0.79549719738,1.59432376483,0.452219860931,0.121193762606
0.70335954253,0.0915719219156,0.268198030845,0.722111514289,0.796022319632,1.59490735708,0.451638882702,0.120823885461
0.704074338813,0.09101194267,0.267321718193,0.723287775577,0.796547561532,1.59548828788,0.451057023521,0.120454289987
0.704789135096,0.0904541678558,0.266446300284,0.724462541953,0.797072923697,1.59606648386,0.450474279292,0.120084975398
0.70550393138,0.0898984626811,0.265571726074,0.725635894993,0.797598396972,1.59664210154,0.449890656747,0.119715947767
0.706218727663,0.0893450388521,0.264698086322,0.726807678186,0.798123990537,1.59721486416,0.449306142249,0.119347200288
0.706933523946,0.0887935992747,0.263825262911,0.727978086387,0.798649686974,1.59778513312,0.448720751722,0.118978744814
0.707648320229,0.0882445175321,0.262953414098,0.729146848496,0.799175503411,1.59835242563,0.448134462622,0.118610568971
0.708363116512,0.0876973986591,0.262082380369,0.730314230221,0.799701417908,1.59891722941,0.447547295928,0.118242687751
0.709077912795,0.0871525861197,0.261212308602,0.731479978616,0.800227445534,1.59947909663,0.446959231324,0.117875090233
0.709792709078,0.0866097959641,0.26034308434,0.732644284113,0.800753570407,1.6000383773,0.446370283053,0.117507787137
0.710507505361,0.0860692264386,0.259474794678,0.733806994501,0.801279800086,1.60059480624,0.445780439133,0.117140772802
0.711222301644,0.0855307555943,0.258607392479,0.734968186156,0.801806126757,1.60114852797,0.445189704781,0.11677405229
0.711937097927,0.0849944199154,0.257740897026,0.736127822338,0.80233255021,1.60169948427,0.444598076683,0.116407625353
0.71265189421,0.0844602587737,0.256875329407,0.737285862656,0.802859070081,1.60224761159,0.444005551676,0.116041491853
0.713366690493,0.0839281475829,0.256010640194,0.738442388546,0.803385679012,1.60279306126,0.443412134462,0.115675656505
0.714081486776,0.0833982863343,0.255146919598,0.739597240156,0.803912383468,1.6033355591,0.442817814154,0.115310114418
0.714796283059,0.0828703900832,0.254284048583,0.740750619785,0.804439169563,1.60387546852,0.442222602811,0.11494487482
0.715511079342,0.082344818719,0.253422187375,0.741902245436,0.804966049971,1.60441230219,0.441626482481,0.114579928517
0.716225875625,0.0818211862275,0.252561172098,0.74305239818,0.805493007168,1.60494655999,0.441029469346,0.114215287235
0.716940671909,0.0812998359855,0.25170115691,0.744200805519,0.806020052613,1.60547777332,0.440431546766,0.113850942627
0.717655468192,0.0807804784054,0.25084201894,0.74534767813,0.806547173124,1.60600631702,0.439832726018,0.113486903387
0.718370264475,0.0802633178093,0.249983852225,0.746492847678,0.807074374382,1.60653190573,0.43923299696,0.113123165166
0.719085060758,0.0797482246479,0.249126603734,0.747636403218,0.807601649534,1.60705470164,0.438632363679,0.112759732268
0.719799857041,0.0792352434872,0.248270297187,0.748778299433,0.808128998236,1.60757463343,0.438030822847,0.112396604497
0.720514653324,0.0787244040585,0.247414950271,0.749918501095,0.80865641934,1.60809164826,0.437428372033,0.112033782211
0.721229449607,0.0782155919408,0.246560515512,0.75105708856,0.809183907105,1.60860589126,0.436825014045,0.111671268921
0.72194424589,0.0777089953677,0.245707082186,0.752193899669,0.809711465457,1.60911709215,0.436220740615,0.111309061489
0.722659042173,0.0772043417197,0.244854530762,0.753329143091,0.810239083887,1.60962561486,0.435615559999,0.110947166685
0.723373838456,0.0767019769356,0.244003022961,0.754462527107,0.810766770771,1.61013096936,0.435009458782,0.110585578317
0.724088634739,0.0762015243771,0.243152390886,0.755594347405,0.811294512949,1.61063366623,0.434402448257,0.110224304953
0.724803431022,0.0757033267559,0.242302795923,0.756724311839,0.811822318138,1.61113321677,0.433794515712,0.109863340853
0.725518227305,0.0752070894861,0.241454106661,0.757852651922,0.81235017609,1.61163002063,0.433185669095,0.10950269257
0.726233023588,0.0747130224597,0.240606424241,0.758979182562,0.812878090393,1.61212377211,0.4325759004,0.109142357192
0.726947819871,0.074220988952,0.23975968953,0.760104006227,0.813406055369,1.61261465157,0.431965212292,0.108782338129
0.727662616154,0.0737310413183,0.238913930928,0.761227068245,0.813934070344,1.61310257396,0.43135360165,0.108422635372
0.728377412437,0.0732431998633,0.238069162425,0.762348339428,0.814462133581,1.61358749807,0.430741066558,0.108063249634
0.729092208721,0.0727573602476,0.237225338838,0.76346789813,0.814990240775,1.61406956175,0.430127608072,0.107704183371
0.729807005004,0.0722736989544,0.23638254812,0.764585580911,0.815518393498,1.61454850001,0.429513220404,0.107345435035
0.730521801287,0.0717919558109,0.235540670669,0.765701601736,0.816046584448,1.61502467578,0.428897908076,0.106987009105
0.73123659757,0.0713124626095,0.234699869229,0.766815660339,0.816574817872,1.61549759813,0.428281662143,0.106628902216
0.731951393853,0.0708348524695,0.233859972226,0.767928066265,0.817103084918,1.61596778693,0.427664488918,0.106271119881
0.732666190136,0.0703594668662,0.233021148207,0.769038507658,0.817631389434,1.61643473407,0.427046379877,0.105913659004
0.733380986419,0.0698860068706,0.232183257121,0.770147237419,0.818159724332,1.61689886389,0.42642733926,0.105556523886
0.734095782702,0.0694146874192,0.23134640735,0.771254053101,0.818688090894,1.61735985035,0.425807361498,0.105199713163
0.734810578985,0.0689453650635,0.230510533471,0.772359071283,0.819216484834,1.61781789227,0.425186447533,0.104843229231
0.735525375268,0.0684780996242,0.229675668791,0.773462227193,0.819744904947,1.61827289041,0.424564594677,0.104487072398
0.736240171551,0.0680129022311,0.228841823327,0.774563498532,0.820273349109,1.61872481597,0.423941801302,0.104131243588
0.736954967834,0.0675496785011,0.228008954501,0.775662960749,0.820801814267,1.61917379857,0.423318066864,0.103775744348
0.737669764117,0.0670885932226,0.227177148578,0.776760450134,0.821330299825,1.61961957979,0.422693387901,0.103420574567
0.7383845604,0.0666293987384,0.226346286292,0.777856184884,0.821858801515,1.6200625201,0.422067765276,0.103065736596
0.739099356683,0.0661724125576,0.225516530949,0.778949857357,0.822387319634,1.62050212947,0.421441194434,0.102711229716
0.739814152966,0.065717277896,0.224687707644,0.780041790183,0.822915849567,1.62093893554,0.420813676623,0.102357056501
0.740528949249,0.0652643344298,0.223859992004,0.781131651771,0.823444391174,1.62137241168,0.420185207767,0.102003216521
0.741243745533,0.0648132795553,0.223033235254,0.782219716912,0.823972940753,1.6218030066,0.419555788004,0.101649711725
0.741958541816,0.0643643327107,0.222207553142,0.78330576525,0.824501497071,1.62223037403,0.418925414518,0.101296542405
0.742673338099,0.0639173441984,0.221382873781,0.784389928135,0.825030057444,1.62265473148,0.418294086208,0.100943709822
0.743388134382,0.0634723809534,0.220559235598,0.785472129978,0.825558619938,1.62307596509,0.417661801056,0.100591214728
0.744102930665,0.0630294452166,0.219736644374,0.786552356197,0.826087182249,1.62349405924,0.417028557477,0.100239058121
0.744817726948,0.0625884523968,0.218915060442,0.787630678453,0.82661574238,1.62390913438,0.416394353492,0.0998872407867
0.745532523231,0.0621495360796,0.218116287089,0.788706984148,0.827144297781,1.6243210047,0.415759187774,0.0995357638764
0.746247319514,0.0617124349289,0.217323770882,0.789781562238,0.827672847101,1.62473011353,0.415123057537,0.0991846277398
0.746962115797,0.0612774419426,0.216532142885,0.790854125525,0.828201387013,1.62513600753,0.414485962352,0.0988338340352
0.74767691208,0.0608442199985,0.215741264312,0.79192498543,0.828729917128,1.62553919021,0.413847898233,0.0984833824664
0.748391708363,0.0604130981297,0.21495127826,0.792993812691,0.829258433374,1.62593914532,0.413208865618,0.0981332751753
0.749106504646,0.0599837788677,0.214162061772,0.794060883747,0.829786935697,1.62633631884,0.412568860074,0.0977835116384
0.749821300929,0.0595564802868,0.213373711548,0.795125974202,0.830315420312,1.62673036263,0.411927881659,0.0974340937983
0.750536097212,0.0591310512054,0.212586166438,0.796189220112,0.830843886408,1.62712149906,0.41128592681,0.097085021625
0.751250893495,0.0587075637936,0.211799460976,0.797250538826,0.831372331254,1.62750960481,0.410642994273,0.0967362963548
0.751965689778,0.0582860122553,0.211013596484,0.798309923404,0.831900752679,1.62789467666,0.409999082098,0.096387918851
0.752680486061,0.0578663237656,0.210228544663,0.799367435549,0.832429149613,1.62827681808,0.409354186967,0.0960398892448
0.753395282345,0.0574486369988,0.209444369976,0.800422922721,0.832957517912,1.62865579829,0.408708309297,0.0956922096901
0.754110078628,0.0570327350575,0.208660980626,0.801476593576,0.83348585878,1.6290319495,0.408061442947,0.0953448788164
0.754824874911,0.0566189001575,0.207878504874,0.802528147381,0.834014165492,1.62940481145,0.407413591462,0.0949979004645
0.755539671194,0.0562068049003,0.207096801318,0.803577908501,0.834542441524,1.62977489466,0.406764745862,0.0946512717678
0.756254467477,0.0557967761968,0.20631601903,0.804625526927,0.83507067879,1.63014166448,0.406114911336,0.0943049974448
0.75696926376,0.0553885137234,0.205536027645,0.805671302372,0.835598880863,1.63050559135,0.405464078726,0.0939590745659
0.757684060043,0.0549822393278,0.204756930188,0.806714991131,0.836127041163,1.63086630663,0.404812251343,0.0936135068495
0.758398856326,0.0545777964122,0.203978659968,0.807756745228,0.836655160797,1.63122405163,0.404159423004,0.0932682929766
0.759113652609,0.0541752635111,0.203201255986,0.808796469994,0.837183235952,1.63157868797,0.403505593577,0.0929234348451
0.759828448892,0.0537746267996,0.202424715869,0.80983416719,0.837711264662,1.63193022604,0.402850760628,0.0925789331394
0.760543245175,0.0533758224593,0.201649013951,0.810869893749,0.838239246489,1.63227875951,0.402194919798,0.0922347875453
0.761258041458,0.0529789784718,0.200874212818,0.811903498614,0.838767175783,1.63262406603,0.401538073185,0.0918910011415
0.761972837741,0.0525838896398,0.200100221499,0.812935192869,0.839295056094,1.63296647312,0.400880211417,0.0915475710111
0.762687634024,0.0521908247718,0.199327168178,0.813964670094,0.839822877476,1.63330552394,0.400221341915,0.0912045030169
0.763402430307,0.0517994663871,0.198554909077,0.814992266908,0.840350647195,1.63364173463,0.399561450599,0.0908617918241
0.76411722659,0.0514101388019,0.197783599198,0.816017612465,0.840878353046,1.63397455301,0.398900547698,0.0905194447465
0.764832022873,0.0510225394464,0.197013100695,0.817041030296,0.841406002436,1.63430447357,0.398238618875,0.090177456362
0.765546819157,0.0506368934269,0.196243523019,0.818062256807,0.841933585793,1.6346311074,0.397575671045,0.0898358322581
0.76626161544,0.0502530391951,0.1954747938,0.819081460657,0.842461106347,1.63495471484,0.396911695032,0.0894945697221
0.766976411723,0.0498710612769,0.194706956672,0.820098534447,0.842988559007,1.63527514219,0.39624669209,0.0891536714256
0.767691208006,0.0494909381441,0.193940005365,0.821113489444,0.843515942215,1.63559241397,0.395580659013,0.0888131377511
0.768406004289,0.0491126147506,0.193173917073,0.822126376962,0.844043255975,1.63590661336,0.39491359058,0.088472968069
0.769120800572,0.0487362085742,0.192408752248,0.823137048365,0.844570493324,1.63621752745,0.394245490369,0.0881331662415
0.769835596855,0.0483615260181,0.191644421028,0.824145716182,0.845097659978,1.63652547786,0.393576345862,0.0877937279545
0.770550393138,0.0479888225396,0.1908810512,0.825152069381,0.845624742954,1.63683001269,0.392906168246,0.0874546609318
0.771265189421,0.047617790737,0.190118496848,0.826156456138,0.846151753233,1.63713165234,0.392234938229,0.0871159574748
0.771979985704,0.0472487518703,0.189356918854,0.827158484711,0.846678674381,1.63742982806,0.391562671381,0.0867776275059
0.772694781987,0.0468814017355,0.188596171828,0.828158502956,0.84720551785,1.63772505783,0.390889347706,0.0864396630306
0.77340957827,0.0465159681754,0.187836371735,0.829156226835,0.84773227088,1.63801693285,0.390214978083,0.0861020715933
0.774124374553,0.04615228517,0.187077440403,0.830151842288,0.848258939024,1.6383057324,0.389539549951,0.0857648489884
0.774839170836,0.0457904428465,0.186319426251,0.831145228497,0.848785515726,1.63859128733,0.388863066226,0.0854279987682
0.775553967119,0.0454304123215,0.185562318926,0.832136407014,0.849312000028,1.63887363679,0.388185522621,0.0850915208948
0.776268763402,0.0450721470604,0.184806098698,0.833125422706,0.849838392193,1.63915285274,0.387506913238,0.0847554145503
0.776983559685,0.0447157542577,0.184050823633,0.834112130283,0.850364684138,1.63942873274,0.386827242916,0.0844196842409
0.777698355969,0.0443610517822,0.183296405258,0.835096742742,0.850890883559,1.63970159127,0.386146496088,0.0840843244037
0.778413152252,0.0440082818364,0.182542970649,0.836078945512,0.851416974634,1.63997098294,0.385464687574,0.0837493444627
0.779127948535,0.0436571472273,0.181790371989,0.837059097617,0.851942971963,1.64023743094,0.384781792756,0.0834147344621
0.779842744818,0.0433079657085,0.181038775982,0.838036786394,0.852468854796,1.64050035107,0.384097832855,0.0830805069405
0.780557541101,0.0429604320559,0.18028802964,0.839012384486,0.852994638824,1.64076028409,0.383412781706,0.0827466512586
0.781272337384,0.0426147763212,0.179538255527,0.839985586899,0.853520307911,1.64101680178,0.382726654531,0.082413176999
0.781987133667,0.0422708285015,0.178789369552,0.840956597462,0.854045870131,1.64127020221,0.382039434966,0.0820800783698
0.78270192995,0.0419286839212,0.178041425064,0.841925281275,0.854571317272,1.64152030073,0.38135112787,0.0817473599067
0.783416726233,0.0415883067091,0.177294407448,0.842891670937,0.855096649178,1.64176715146,0.380661727551,0.0814150210357
0.784131522516,0.0412496585576,0.176548300259,0.843855804054,0.855621866179,1.64201081457,0.379971227623,0.0810830608761
0.784846318799,0.0409128366276,0.175803158933,0.844817539591,0.856146959271,1.64225109899,0.37927963395,0.0807514844401
0.785561115082,0.0405776700852,0.17505889666,0.845777090051,0.856671937938,1.64248831092,0.378586928012,0.0804202850635
0.786275911365,0.0402443880135,0.174315639498,0.846734138384,0.857196783721,1.64272201296,0.377893128119,0.0800894737104
0.786990707648,0.0399127035259,0.173573237965,0.84768905375,0.857721514744,1.64295272966,0.377198204206,0.0797590382761
0.787705503931,0.0395829304336,0.172831864519,0.848641402572,0.85824610585,1.64317986255,0.376502183459,0.0794289939174
0.788420300214,0.0392547631043,0.17209135854,0.849591582694,0.858770577166,1.64340397431,0.375805033008,0.0790993272853
0.789135096497,0.0389284332686,0.171351849256,0.8505392677,0.859294908993,1.64362461793,0.375106772809,0.0787700500752
0.789849892781,0.0386037674375,0.170613246558,0.851484679871,0.859819112119,1.64384210995,0.374407382247,0.0784411548217
0.790564689064,0.038280865716,0.169875608853,0.852427669606,0.860343176494,1.6440562503,0.373706868422,0.0781126471412
0.791279485347,0.0379596856305,0.169138917104,0.853368281272,0.860867102956,1.64426710831,0.373005223882,0.0777845258133
0.79199428163,0.0376401967934,0.168403158342,0.854306544431,0.861390891714,1.64447473189,0.372302441956,0.0774567900154
0.792709077913,0.0373224866095,0.167668385149,0.85524232319,0.861914533044,1.64467894214,0.37159852927,0.0771294451313
0.793423874196,0.0370063953418,0.166934512635,0.856175828611,0.862438038025,1.64488003593,0.370893464455,0.0768024835409
0.794138670479,0.0366921391262,0.166201665547,0.857106742219,0.862961385764,1.64507758521,0.370187269143,0.0764759175892
0.794853466762,0.0363794414498,0.165469692967,0.85803544258,0.863484597806,1.64527211452,0.3694799077,0.0761497331331
0.795568263045,0.03606861176,0.164738773037,0.858961475257,0.864007644514,1.64546301233,0.368771413596,0.0758239479435
0.796283059328,0.0357593446243,0.164008737481,0.859885263655,0.864530550626,1.64565086231,0.368061746687,0.0754985459047
0.796997855611,0.0354518729219,0.163279722244,0.860806459509,0.86505329271,1.64583519935,0.367350932066,0.0751735408928
0.797712651894,0.03514602018,0.162551631113,0.861725304088,0.865575884454,1.64601635809,0.366638944394,0.0748489236874
0.798427448177,0.0348418908575,0.161824527676,0.862641632494,0.866098313786,1.64619412315,0.365925793316,0.0745247010784
0.79914224446,0.0345394362787,0.161098388314,0.863555501557,0.866620582734,1.64636857928,0.365211469242,0.0742008710928
0.799857040743,0.03423863365,0.160373203726,0.864466932038,0.867142691196,1.64653976165,0.364495965416,0.0738774330835
0.800571837026,0.0339395609216,0.159649023417,0.865375794052,0.867664628932,1.64670750434,0.363779288948,0.0735543926747
0.80128663331,0.033642069224,0.158925764672,0.866282296287,0.868186408415,1.64687209385,0.363061415721,0.0732317414335
0.802001429593,0.033346361953,0.158203550641,0.86718611988,0.868708006534,1.6470331128,0.362342370509,0.0729094929287
0.802716225876,0.0330521730063,0.157482229199,0.868087652082,0.869229448139,1.64719108434,0.361622111963,0.0725876310899
0.803431022159,0.0327598070627,0.156761984092,0.868986417669,0.869750699048,1.64734538521,0.360900680176,0.0722661762925
0.804145818442,0.0324689594909,0.156042639374,0.869882865929,0.870271788782,1.64749661895,0.360178027118,0.0719451096051
0.804860614725,0.0321798637898,0.155324337758,0.870776626367,0.870792690008,1.6476443032,0.359454183439,0.0716244471454
0.805575411008,0.0318923410087,0.154606976845,0.871667959722,0.871313419494,1.64778879018,0.358729118564,0.0713041778631
0.806290207291,0.0316064995258,0.153890625516,0.872556685248,0.871833962972,1.64792984945,0.358002845,0.0709843098087
0.807005003574,0.0313222848768,0.15317525543,0.873442872904,0.872354323849,1.64806758124,0.357275350607,0.0706648401552
0.807719799857,0.031039681518,0.152460861127,0.874326533915,0.872874501523,1.64820200769,0.356546628756,0.0703457685449
0.80843459614,0.0307587582695,0.15174748883,0.875207545245,0.873394485443,1.64833297644,0.355816686732,0.0700271007142
0.809149392423,0.0304793768722,0.151035058238,0.876086112299,0.873914289274,1.64846076272,0.35508549777,0.0697088275582
0.809864188706,0.0302017282214,0.150323690636,0.876961916848,0.874433887903,1.64858496109,0.354353089583,0.0693909637143
0.810578984989,0.0299255566336,0.149613232907,0.877835354094,0.874953309368,1.64870609191,0.353619414953,0.0690734912971
0.811293781272,0.0296511616313,0.148903874323,0.878705928148,0.875472514884,1.64882352163,0.352884520936,0.0687564332711
0.812008577555,0.0293782399768,0.148195431269,0.879574114443,0.875991538914,1.64893787236,0.352148350963,0.0684397678481
0.812723373838,0.0291070252646,0.147488053257,0.880439519919,0.87651035007,1.64904864552,0.351410941676,0.0681235134414
0.813438170122,0.0288373365722,0.146781631639,0.881302425234,0.877028968372,1.64915621019,0.350672256713,0.0678076571023
0.814152966405,0.0285692857571,0.146076240687,0.882162633274,0.87754737718,1.64926032131,0.349932311769,0.0674922082233
0.814867762688,0.0283028129901,0.14537184721,0.883020227755,0.878065581473,1.6493610945,0.349191091707,0.0671771630277
0.815582558971,0.0280379096179,0.144668449755,0.883875209666,0.878583579961,1.64945853862,0.348448590238,0.0668625215561
0.816297355254,0.027774635676,0.143966091066,0.884727463636,0.879101361984,1.64955251545,0.347704814485,0.0665482895333
0.817012151537,0.027512863233,0.143264693487,0.885577190895,0.879618942196,1.64964328814,0.346959735133,0.0662344573199
0.81772694782,0.0272527709536,0.142564376178,0.886424074854,0.880136293705,1.64973046429,0.346213382605,0.0659210404693
0.818441744103,0.0269941135526,0.141864985246,0.887268517936,0.880653447608,1.64981456015,0.34546570364,0.0656080193939
0.819156540386,0.0267371850284,0.141166715406,0.888110003735,0.881170360473,1.64989493332,0.344716752606,0.0652954196266
0.819871336669,0.0264816841167,0.140469375377,0.888949034046,0.881687071855,1.64997222317,0.343966463692,0.0649832164892
0.820586132952,0.0262278439904,0.139773121502,0.889785192955,0.882203546159,1.65004591592,0.343214879981,0.0646714307373
0.821300929235,0.0259754822596,0.139077838828,0.89061878144,0.882719806823,1.6501163968,0.34246195873,0.0643600474624
0.822015725518,0.0257247138177,0.138383607109,0.891449585543,0.883235834674,1.65018340656,0.341707719149,0.0640490774743
0.822730521801,0.0254754739029,0.137690388185,0.892277703331,0.883751636441,1.65024707606,0.340952142623,0.063738515956
0.823445318084,0.0252277603795,0.136998184761,0.893103124886,0.884267209965,1.65030740077,0.340195223416,0.0634283634512
0.824160114367,0.0249816248614,0.136307035927,0.893925743287,0.884782544677,1.65036425703,0.339436968115,0.0631186255534
0.82487491065,0.0247369494394,0.135616866883,0.894745754728,0.88529765602,1.65041789517,0.338677344946,0.0628092922225
0.825589706934,0.0244939008456,0.134927794425,0.89556284524,0.885812515541,1.65046793688,0.337916386787,0.0625003797788
0.826304503217,0.0242522466586,0.134239665796,0.896377419175,0.88632715687,1.65051488742,0.337154034723,0.0621918672836
0.8270192995,0.0240122674653,0.133552675946,0.897188953481,0.886841533084,1.65055811383,0.336390349024,0.0618837820971
0.827734095783,0.0237736720803,0.132866631066,0.897997962794,0.887355687774,1.6505982545,0.335625255644,0.0615760973409
0.828448892066,0.0235366902328,0.132181692647,0.898804012667,0.887869581398,1.65063478721,0.334858803979,0.0612688359139
0.829163688349,0.0233011385663,0.131497739378,0.899607424757,0.888383240968,1.65066811246,0.334090944253,0.0609619808934
0.829878484632,0.0230671345657,0.130814856586,0.900407967823,0.88889664462,1.65069795739,0.333321699534,0.0606555445756
0.830593280915,0.0228346089744,0.130133001026,0.90120575484,0.88940980101,1.65072446784,0.332551047194,0.060349521019
0.831308077198,0.0226035657904,0.129452179713,0.902000764346,0.889922706931,1.65074762584,0.331778982259,0.0600439113693
0.832022873481,0.0223740485854,0.128772427909,0.902792898629,0.890435352105,1.65076732264,0.331005510369,0.0597387209741
0.832737669764,0.0221459491453,0.128093673879,0.903582348001,0.89094775256,1.65078379509,0.330230597372,0.0594339395227
0.833452466047,0.0219194225935,0.127416031823,0.904368802083,0.891459878504,1.65079667995,0.329454278308,0.0591295839562
0.83416726233,0.0216942497837,0.12673935083,0.905152664934,0.891971765779,1.65080646875,0.328676488695,0.0588256322041
0.834882058613,0.0214706961095,0.126063824465,0.90593341154,0.892483364506,1.65081254392,0.327897294124,0.0585221131033
0.835596854896,0.0212484824686,0.125389257953,0.906711565028,0.892994721875,1.65081553691,0.327116612426,0.0582189978771
0.836311651179,0.0210278341642,0.124715817433,0.907486673716,0.893505794458,1.6508149198,0.326334499467,0.0579163114939
0.837026447462,0.0208085673675,0.124043375199,0.908259080247,0.894016612988,1.65081110739,0.325550897729,0.0576140349688
0.837741243746,0.0205908017111,0.123372022225,0.909028535707,0.894527152756,1.65080381386,0.324765834477,0.0573121821476
0.838456040029,0.0203744638854,0.122701710086,0.909795168493,0.895037424522,1.65079319967,0.323979282483,0.0570107458851
0.839170836312,0.0201595636294,0.122032450242,0.910558944997,0.895547423849,1.65077923348,0.323191237738,0.0567097280242
0.839885632595,0.0199461368649,0.121364273967,0.911319777444,0.896057140951,1.65076182167,0.322401704476,0.0564091335558
0.840600428878,0.0197340847279,0.12069711279,0.912077849453,0.896566592235,1.65074118709,0.321610646224,0.0561089520246
0.841315225161,0.0195235510793,0.1200310781,0.912832855169,0.897075746801,1.65071698236,0.320818099862,0.0558092008511
0.842030021444,0.0193143297471,0.11936602108,0.913585197334,0.897584642467,1.65068968418,0.320023995246,0.0555098569904
0.842744817727,0.0191066712355,0.118702133647,0.914334350127,0.898093226652,1.6506586918,0.319228403103,0.0552109505823
0.84345961401,0.0189003084472,0.118039220265,0.915080844323,0.89860154999,1.65062462819,0.31843123278,0.0549124510804
0.844174410293,0.0186954619775,0.117377451681,0.915824211169,0.899109565138,1.65058696108,0.317632546919,0.0546143855012
0.844889206576,0.0184919480115,0.116716693756,0.916564814555,0.899617306689,1.65054611846,0.316832279465,0.0543167327571
0.845604002859,0.0182898878887,0.116057043185,0.917302387544,0.900124746947,1.65050180236,0.316030462223,0.0540195083004
0.846318799142,0.01808920469,0.115398446273,0.91803707443,0.900631898937,1.65045418733,0.315227062707,0.0537227037098
0.847033595425,0.0178899134957,0.11474091905,0.918768828897,0.901138756826,1.65040322886,0.314422078064,0.0534263216137
0.847748391708,0.017692042981,0.114084488665,0.919497573798,0.90164531151,1.65034884857,0.313615510602,0.0531303665416
0.848463187991,0.0174955032706,0.113429090084,0.920223485276,0.902151579577,1.65029125487,0.312807321562,0.0528348280153
0.849177984274,0.0173004273302,0.112774831694,0.920946262914,0.902657529239,1.65023011697,0.311997549287,0.0525397237966
0.849892780558,0.0171066216348,0.112121567007,0.921666307132,0.903163200061,1.65016589569,0.311186117844,0.0522450300208
0.850607576841,0.0169143221337,0.11146948604,0.922383092438,0.903668537017,1.65009800842,0.310373102867,0.05195077796
0.851322373124,0.0167232736282,0.1108183927,0.923097156415,0.904173594019,1.65002706823,0.309558404798,0.0516569354259
0.852037169407,0.0165336917409,0.110168462299,0.923808013434,0.904678319795,1.64995253982,0.308742093348,0.0513635314578
0.85275196569,0.0163453931473,0.109519554231,0.924516048845,0.905182752923,1.64987486321,0.307924093043,0.0510705428321
0.853466761973,0.0161585004576,0.108871770986,0.925220977382,0.905686862587,1.64979372912,0.307104440562,0.0507779866573
0.854181558256,0.0159729335856,0.108225053515,0.925922959674,0.906190664233,1.64970932564,0.306283097423,0.0504858531697
0.854896354539,0.0157887125489,0.107579422542,0.926621936169,0.906694150466,1.64962159532,0.305460062093,0.0501941458668
0.855611150822,0.0156058591886,0.106934900954,0.927317841007,0.907197313055,1.64953047504,0.304635334367,0.049902868717
0.856325947105,0.015424292242,0.106291427329,0.928010842103,0.90770016857,1.64943615846,0.303808873191,0.0496120113358
0.857040743388,0.015244134165,0.105649106873,0.928700645363,0.908202684559,1.64933833197,0.302980717936,0.0493215916932
0.857755539671,0.0150652037293,0.105007795638,0.929387647905,0.908704902101,1.64923743959,0.302150786693,0.0490315852552
0.858470335954,0.0148877226904,0.104367681524,0.930071325682,0.90920676398,1.64913291804,0.30131915973,0.0487420242592
0.859185132237,0.0147114476165,0.103728568059,0.930752222246,0.909708327222,1.64902536912,0.300485728077,0.0484528750026
0.85989992852,0.0145365889098,0.103090635092,0.931429835325,0.910209536617,1.64891425586,0.299650568801,0.0481641685171
0.860614724803,0.0143629642007,0.102453735518,0.932104571883,0.910710434843,1.64880002907,0.298813596004,0.0478758794167
0.861329521086,0.0141906969405,0.101817977695,0.932776128079,0.911210987838,1.64868236908,0.29797485156,0.0475880265103
0.86204431737,0.0140197043159,0.101183297138,0.933444681263,0.911711213621,1.64856147687,0.297134290143,0.0473005986314
0.862759113653,0.0138500108748,0.100549719384,0.93411015816,0.912211103075,1.64843728238,0.296291911677,0.0470136002242
0.863473909936,0.0136816320428,0.0999172629405,0.934772504822,0.912710649025,1.64830973768,0.29544771276,0.0467270346019
0.864188706219,0.013514494783,0.099285870154,0.935431880214,0.913209867829,1.64817902144,0.294601649979,0.0464408915854
0.864903502502,0.0133487114415,0.0986556428878,0.936087997429,0.913708726591,1.64804483773,0.293753763225,0.046155189225
0.865618298785,0.0131841127161,0.0980264399368,0.936741249319,0.914207267673,1.64790761296,0.292903964342,0.0458699024628
0.866333095068,0.0130209065542,0.0973984468846,0.937391114387,0.914705431927,1.64776680422,0.2920523379,0.0455850643394
0.867047891351,0.0128588611341,0.0967714670417,0.938038141307,0.915203279321,1.64762300078,0.2911987649,0.0453006397636
0.867762687634,0.0126981814079,0.0961456847826,0.938681811437,0.915700750708,1.64747566537,0.290343330028,0.0450166617257
0.868477483917,0.012538686412,0.0955209464607,0.939322553461,0.91619789297,1.64732525827,0.289485935807,0.044733102658
0.8691922802,0.0123805000174,0.0948973663836,0.939960044762,0.916694668685,1.64717145041,0.288626629602,0.0444499831066
0.869907076483,0.012223537119,0.0942748745555,0.940594479749,0.917191098585,1.64701445489,0.287765358261,0.0441672904488
0.870621872766,0.0120678263876,0.0936535014424,0.941225770988,0.917687171676,1.64685418955,0.286902123247,0.0438850301469
0.871336669049,0.0119133772562,0.0930332610583,0.941853877024,0.918182882023,1.64669062139,0.286036917157,0.043603204771
0.872051465332,0.0117601245166,0.0924140996711,0.942478947189,0.918678245578,1.64652391399,0.285169694081,0.0433218044535
0.872766261615,0.011608170819,0.0917961156608,0.943100702592,0.919173229218,1.64635378946,0.284300493813,0.0430408472019
0.873481057898,0.011457358398,0.0911791707425,0.943719530889,0.919667876356,1.64618065592,0.283429221577,0.042760307576
0.874195854182,0.0113078817998,0.0905634480171,0.944334914208,0.920162126174,1.6460039918,0.282555965829,0.0424802192613
0.874910650465,0.0111595206342,0.0899487507166,0.944947405504,0.920656041404,1.64582437257,0.281680596768,0.0422005459029
0.875625446748,0.0110124741907,0.0893352677483,0.945556470083,0.921149558975,1.6456412621,0.280803206934,0.0419213224115
0.876340243031,0.0108665633485,0.0887228388761,0.94616255839,0.921642730062,1.64545512868,0.279923685919,0.041642519025
0.877055039314,0.0107219119859,0.0881115844469,0.946765328886,0.922135513779,1.645265635,0.279042086828,0.0413641580575
0.877769835597,0.0105784331357,0.0875014288776,0.947364993335,0.922627933703,1.64507300539,0.278158347524,0.0410862253829
0.87848463188,0.0104361591844,0.0868924076806,0.947961449747,0.92311997682,1.64487714611,0.27727247101,0.0408087275472
0.879199428163,0.0102950939979,0.0862845302782,0.948554669706,0.923611638603,1.64467803884,0.276384444925,0.040531666295
0.879914224446,0.0101551797925,0.0856777469978,0.949144792263,0.924102934413,1.64447583202,0.275494220605,0.0402550321712
0.880629020729,0.0100165097576,0.0850732504735,0.949731548155,0.924593831117,1.64427026698,0.274601836999,0.0399788430229
0.881343817012,0.00987893151436,0.0844765470286,0.95031534382,0.925084372955,1.64406176071,0.273707192169,0.0397030731606
0.882058613295,0.00974261582443,0.0838832268156,0.950895713098,0.925574497733,1.64384986598,0.272810377859,0.0394277567394
0.882773409578,0.00960735591803,0.0832907967126,0.951473202331,0.926064270804,1.64363513195,0.271911252426,0.0391528562442
0.883488205861,0.00947334287848,0.0826994225542,0.952047271778,0.926553625258,1.6434170366,0.271009916317,0.0388784084279
0.884203002144,0.00934040240869,0.0821089610212,0.952618382754,0.927042616665,1.64319604248,0.270106244532,0.0386043813159
0.884917798427,0.00920865661565,0.08151952045,0.95318618115,0.927531200647,1.64297181205,0.269200295975,0.0383307989789
0.885632594711,0.00907801846119,0.0809310309969,0.953750890627,0.928019403773,1.64274457345,0.268291998067,0.0380576457312
0.886347390994,0.00894852341526,0.0803435273865,0.95431239566,0.928507210923,1.64251422319,0.267381355142,0.037784929235
0.887062187277,0.00882017046494,0.0797570135044,0.954870680581,0.928994619187,1.64228075614,0.266468348613,0.0375126503082
0.88777698356,0.00869290967678,0.0791714502119,0.955425870116,0.929481643179,1.64204430174,0.265552926592,0.0372407999908
0.888491779843,0.00856682483055,0.0785869153748,0.955977707613,0.929968250037,1.64180462272,0.264635126094,0.0369693958168
0.889206576126,0.00844178182189,0.0780032957415,0.956526559693,0.930454484578,1.64156208025,0.263714837318,0.0366984119933
0.889921372409,0.0083179479919,0.0774207434082,0.957071927088,0.930940283523,1.64131620618,0.26279215452,0.0364278829792
0.890636168692,0.00819512766636,0.0768390897974,0.957614357683,0.93142571454,1.641067533,0.261866923188,0.0361577702892
0.891350964975,0.00807350640807,0.0762585043777,0.958153294742,0.931910706915,1.64081554038,0.260939251715,0.0358881124704
0.892065761258,0.00795291216672,0.0756788382983,0.958689222457,0.932395320579,1.64056069763,0.260008998731,0.0356188753939
0.892780557541,0.00783346656537,0.0751002050329,0.959221766683,0.932879507557,1.64030266001,0.25907622902,0.0353500849175
0.893495353824,0.00771508135482,0.0745225299139,0.959751169312,0.933363297452,1.64004166566,0.25814085796,0.0350817238016
0.894210150107,0.00759779497926,0.0739458521037,0.960277299397,0.933846672866,1.63977760057,0.257202890991,0.0348138009006
0.89492494639,0.00748160176183,0.0733701713655,0.960800154927,0.934329632612,1.63951047304,0.256262301925,0.0345463160678
0.895639742673,0.00736645819628,0.0727954523045,0.961319849745,0.934812190332,1.63924039842,0.255319035067,0.0342792609524
0.896354538956,0.00725243995098,0.0722217693614,0.961836136361,0.935294313589,1.63896715652,0.254373124388,0.0340126527011
0.897069335239,0.00713942279596,0.0716490123386,0.962349374974,0.93577604752,1.63869109073,0.253424451227,0.0337464655587
0.897784131523,0.00702756251946,0.0710773306007,0.962859071055,0.936257327985,1.63841175372,0.25247311147,0.0334807341629
0.898498927806,0.00691667365671,0.0705065560383,0.963365776171,0.936738224803,1.6381296636,0.251518936061,0.0332154191657
0.899213724089,0.00680693610029,0.0699368617785,0.963868916835,0.937218663478,1.63784430302,0.250562041263,0.0329505608678
0.899928520372,0.00669818040751,0.0693680933999,0.964369000199,0.93769870837,1.63755614666,0.249602266878,0.0326861229868
0.900643316655,0.00659052736412,0.0688003695905,0.964865631917,0.938178307824,1.63726484366,0.24863968343,0.0324221331836
0.901358112938,0.00648388788569,0.0682336108069,0.965359072401,0.938657494582,1.63697064131,0.24767419207,0.0321585726336
0.902072909221,0.00637830302107,0.0676678607386,0.965849174907,0.939136248853,1.63667341564,0.246705798771,0.0318954514316
0.902787705504,0.0062737628223,0.0671031149665,0.966335951585,0.939614571312,1.636373188,0.245734467846,0.0316327684033
0.903502501787,0.00617022982247,0.066539341936,0.966819504805,0.940092474473,1.6360700598,0.244760138762,0.0313705158867
0.90421729807,0.00606777199055,0.0659766125999,0.967299596956,0.940569926508,1.63576382795,0.243782840849,0.0311087105468
0.904932094353,0.00596627456269,0.0654148199135,0.96777658101,0.941046972673,1.63545481774,0.242802445061,0.0308473267772
0.905646890636,0.00586588220752,0.0648541104495,0.968249968116,0.941523548195,1.63514260319,0.241819047646,0.0305863992686
0.906361686919,0.00576641943609,0.0642943166238,0.968720312789,0.941999724879,1.63482768715,0.240832462763,0.0303258879151
0.907076483202,0.00566806033589,0.0637356152841,0.969187025073,0.942475424482,1.63450955651,0.239842814189,0.0300658347275
0.907791279485,0.00557063841672,0.063177846376,0.969650635111,0.942950715839,1.63418868988,0.238849919742,0.0298062012763
0.908506075768,0.00547427328557,0.0626211339066,0.970110728239,0.943425543553,1.6338647315,0.237853855228,0.0295470170358
0.909220872051,0.00537887538845,0.0620653933951,0.97056758364,0.943899943599,1.63353793677,0.23685450471,0.0292882615716
0.909935668335,0.00528448801542,0.0615106731609,0.971021038435,0.944373893675,1.63320817252,0.235851873694,0.0290299462606
0.910650464618,0.00519109733584,0.0609569645486,0.971471119407,0.944847396465,1.63287547258,0.234845914452,0.0287720688441
0.911365260901,0.00509867153475,0.0604042399392,0.971917916896,0.945320463194,1.63253992471,0.233836560028,0.028514622423
0.912080057184,0.00500727129478,0.0598525667572,0.972361203863,0.945793062827,1.63220134282,0.232823832914,0.0282576230916
0.912794853467,0.00491679090499,0.059301841191,0.972801325273,0.94626524054,1.63186003394,0.231807591463,0.0280010454986
0.91350964975,0.00482736435402,0.0587522070027,0.973237798873,0.946736931156,1.63151559377,0.230787930455,0.0277449242664
0.914224446033,0.00473882588407,0.0582034971565,0.973671181389,0.947208208294,1.63116850915,0.22976464416,0.0274892186339
0.914939242316,0.00465134365674,0.0576558923369,0.974100866729,0.947678990005,1.63081827248,0.228737863055,0.0272339722754
0.915654038599,0.00456475446306,0.0571092267572,0.974527407993,0.948149349644,1.63046536484,0.22770737879,0.0269791446268
0.916368834882,0.00447917640198,0.0565636298916,0.974950370146,0.94861922801,1.63010942674,0.22667327145,0.0267247669805
0.917083631165,0.00439451980475,0.056019012243,0.975370051337,0.949088664397,1.62975072068,0.225635404144,0.0264708172725
0.917798427448,0.00431082984613,0.0554754268884,0.975786272273,0.949557633892,1.62938910506,0.224593780209,0.026217308199
0.918513223731,0.00422808919551,0.0549328608858,0.976199074795,0.950026141314,1.6290246256,0.223548336353,0.0259642363648
0.919228020014,0.00414627130427,0.0543912906498,0.976608536694,0.950494196453,1.62865735674,0.222498996732,0.0257115957028
0.919942816297,0.0040654299811,0.0538507800644,0.977014442174,0.950961769244,1.62828712924,0.221445773851,0.025459401653
0.92065761258,0.00398546815161,0.0533112286108,0.977417127434,0.951428904585,1.62791423178,0.22038851017,0.0252076292199
0.921372408863,0.00390650956808,0.0527727772764,0.977816117729,0.951895537119,1.62753828198,0.219327296251,0.0249563128417
0.922087205147,0.00382839794981,0.0522352595517,0.978211971252,0.952361742112,1.62715974998,0.218261902053,0.024705411203
0.92280200143,0.00375129542506,0.0516988601512,0.978604066159,0.952827433959,1.62677813495,0.217192463132,0.0244549695913
0.923516797713,0.00367504237846,0.0511634074036,0.978992978415,0.953292690561,1.62639391893,0.216118739213,0.0242049453263
0.924231593996,0.00359975508398,0.0506290364638,0.97937825262,0.953757448867,1.62600673997,0.215040812715,0.0239553715178
0.924946390279,0.00352534410143,0.0500956527119,0.979760206038,0.954221751564,1.6256168666,0.213958520363,0.0237062244579
0.925661186562,0.00345185614127,0.04956331415,0.980138642723,0.954685571035,1.62522414959,0.212871860434,0.0234575181934
0.926375982845,0.00337927074871,0.0490320035009,0.980513619972,0.955148914358,1.6248286459,0.211780748989,0.0232092481469
0.927090779128,0.00330756625898,0.0485017013219,0.980885202548,0.955611789743,1.62443041709,0.210685097377,0.0229614091464
0.927805575411,0.0032367900165,0.04797246798,0.981253186537,0.956074168265,1.62402931047,0.209584903403,0.0227140158993
0.928520371694,0.00316685316593,0.0474442062859,0.981617898641,0.956536094358,1.62362559643,0.20847998859,0.0224670438614
0.929235167977,0.00309786966827,0.0469170545623,0.981978872523,0.9569975027,1.62321891465,0.207370434971,0.0222205271769
0.92994996426,0.00302969245845,0.0463908467431,0.982336667096,0.957458470036,1.62280971792,0.206255981645,0.0219744240729
0.930664760543,0.00296247753578,0.0458657718836,0.982690645205,0.957918907161,1.62239751347,0.205136766179,0.0217287813984
0.931379556826,0.002896069175,0.0453416521928,0.983041405514,0.958378896543,1.62198278276,0.204012508089,0.0214835543803
0.932094353109,0.00283058151998,0.0448186288233,0.983388472342,0.958838371241,1.62156516268,0.202883288517,0.0212387779392
0.932809149392,0.00276592569065,0.0442966018812,0.983732182158,0.959297377401,1.62114492664,0.201748909783,0.0209944267152
0.933523945675,0.00270214959192,0.0437756345274,0.984072322192,0.959755884617,1.62072191871,0.200609360158,0.0207505161316
0.934238741959,0.00263923001274,0.0432557051004,0.984408965543,0.960213902336,1.62029620633,0.199464527332,0.0205070403878
0.934953538242,0.00257714979353,0.0427367984328,0.984742163511,0.960671437061,1.61986783869,0.198314303416,0.020263995265
0.935668334525,0.00251595019075,0.0422191606872,0.985071724845,0.961128461165,1.6194366795,0.197158664114,0.0200213946652
0.936383130808,0.00245554875382,0.0417047563442,0.985397973674,0.961585018434,1.61900298868,0.195997401937,0.0197792145852
0.937097927091,0.00239604657359,0.0411925119169,0.985720472287,0.962041043811,1.61856644766,0.1948305833,0.0195374887633
0.937812723374,0.00233730603797,0.0406811360839,0.986039776926,0.962496615362,1.61812748855,0.193657906212,0.0192961750581
0.938527519657,0.00227947620433,0.0401708044715,0.986355239832,0.962951640372,1.61768563204,0.192479504437,0.0190553218125
0.93924231594,0.0022224064963,0.0396613492524,0.986667476856,0.963406205882,1.61724135201,0.191295044678,0.0188148821862
0.939957112223,0.00216620815183,0.0391529039007,0.986975995055,0.963860241062,1.6167942883,0.19010459999,0.018574892887
0.940671908506,0.00211079377078,0.0386453722789,0.987281146917,0.964313795582,1.61634471472,0.188907925769,0.018335326896
0.941386704789,0.00205621199403,0.0381388161156,0.987582703603,0.964766836184,1.61589247033,0.187704991452,0.0180962010233
0.942101501072,0.00200243748031,0.0376332111805,0.98788075297,0.965219374806,1.61543763085,0.1864956439,0.0178575082042
0.942816297355,0.00194945738885,0.0371285472392,0.988175331539,0.965671416123,1.6149802326,0.18527974492,0.0176192452201
0.943531093638,0.0018973073241,0.0366248721973,0.988466261294,0.966122933986,1.61452015519,0.184057235702,0.0173814250902
0.944245889921,0.0018459140748,0.0361221036288,0.98875384535,0.966573971349,1.61405763019,0.182827866176,0.017144024439
0.944960686204,0.00179537308232,0.0356203618172,0.989037638597,0.967024463635,1.61359234312,0.181591674822,0.0169070764962
0.945675482487,0.0017455555724,0.0351194964112,0.989318195298,0.967474490022,1.61312470671,0.180348301843,0.0166705388653
0.946390278771,0.00169660461655,0.0346196868031,0.98959485202,0.967923954358,1.61265425061,0.179097866101,0.016434461327
0.947105075054,0.00164837379722,0.034120759766,0.98986824794,0.968372948211,1.61218144639,0.177839961169,0.0161987950278
0.947819871337,0.00160097187033,0.0336228542224,0.990137869145,0.968821396842,1.61170593421,0.176574639056,0.0159635784506
0.94853466762,0.00155431246862,0.0331258692782,0.990404087948,0.969269353454,1.61122799119,0.175301587404,0.015728782934
0.949249463903,0.00150844486947,0.0326298714808,0.990666658006,0.969716781864,1.61074745108,0.174020740533,0.0154944266981
0.949964260186,0.00146334165476,0.0321348325407,0.990925683588,0.970163696571,1.61026439858,0.17273188307,0.0152605013956
0.950679056469,0.00141899372232,0.0316407463588,0.991181187091,0.970610100288,1.60977885893,0.171434826427,0.0150270048638
0.951393852752,0.00137543150647,0.0311476575424,0.991433003589,0.971055968472,1.60929072657,0.170129455204,0.0147939491883
0.952108649035,0.00133258862,0.0306554870532,0.991681425361,0.971501343065,1.60880021609,0.168815452299,0.0145613117057
0.952823445318,0.00129055225734,0.0301643527114,0.991926017154,0.971946160154,1.60830703377,0.167492805357,0.014329125051
0.953538241601,0.00124920178199,0.0296741047533,0.992167332901,0.972390499872,1.60781157496,0.166161066824,0.0140973466564
0.954253037884,0.00120867422373,0.0291849269644,0.992404693969,0.972834262702,1.60731337938,0.16482031822,0.0138660276864
0.954967834167,0.00116882755835,0.0286966403064,0.99263876265,0.973277544728,1.60681291485,0.163470043958,0.0136351173079
0.95568263045,0.00112976780464,0.0282093897611,0.992869004216,0.973720267291,1.60630982318,0.162110248624,0.0134046557611
0.956397426733,0.00109140990821,0.0277230694441,0.993095810839,0.974162487166,1.60580438359,0.160740513978,0.0131746127464
0.957112223016,0.00105380348139,0.0272377511672,0.993318918583,0.974604165186,1.60529642552,0.15936070662,0.0129450079059
0.957827019299,0.00101691935499,0.0267534025691,0.993538448423,0.975045318495,1.60478604183,0.15797050834,0.0127158315842
0.958541815583,0.000980751817166,0.026270021924,0.993754408284,0.975485947739,1.60427324734,0.15656964029,0.0124870827154
0.959256611866,0.000945326503714,0.0257876508002,0.993966646887,0.975926030116,1.60375795081,0.155157886955,0.0122587723974
0.959971408149,0.000910583456428,0.0253062135288,0.994175445066,0.976365606397,1.60324035019,0.153734815847,0.0120308787489
0.960686204432,0.000876602040202,0.0248258260578,0.994380378263,0.976804613519,1.60272017238,0.152300316747,0.0118034337267
0.961401000715,0.000843269486756,0.0243463388331,0.994581999369,0.977243132417,1.60219779496,0.150853795387,0.0115763946723
0.962115796998,0.000810716730151,0.0238679411624,0.994779615146,0.977681060286,1.60167276898,0.149395246626,0.0113498140772
0.962830593281,0.000778806363414,0.0233904474861,0.994973910679,0.978118497703,1.60114555694,0.147923974719,0.0111236391678
0.963545389564,0.000747641417889,0.0229140099473,0.995164330713,0.978555362089,1.60061580366,0.146439878143,0.010897911919
0.964260185847,0.000717138421705,0.0224385172845,0.995351287242,0.978991713821,1.60008378933,0.144942354677,0.0106726004016
0.96497498213,0.000687347024858,0.0219640473893,0.995534498748,0.979427510695,1.59954934007,0.14343113088,0.0104477256864
0.965689778413,0.000658236621975,0.021490563849,0.995714103164,0.979862772581,1.5990125561,0.141905699035,0.0102232767899
0.966404574696,0.000629804547764,0.0210180697608,0.995890093666,0.980297497958,1.5984734425,0.140365601349,0.00999925377906
0.967119370979,0.000602071053749,0.0205480843009,0.996062339097,0.980731665891,1.59793192753,0.138810425074,0.00977566671347
0.967834167262,0.000574981071779,0.0200792880895,0.996231115476,0.981165315838,1.59738819976,0.137239513852,0.00955249455687
0.968548963545,0.000548606292522,0.0196114693775,0.996396011495,0.981598385775,1.59684200807,0.135652549645,0.00932976850366
0.969263759828,0.000522843041958,0.0191444916388,0.996557569758,0.982030956426,1.59629370571,0.134048661215,0.00910744632371
0.969978556112,0.000497812694848,0.0186785285146,0.996715102225,0.982462924384,1.59574286876,0.132427624069,0.00888558044153
0.970693352395,0.000473386323245,0.0182134071549,0.996869295918,0.982894392098,1.59518993898,0.130788408897,0.00866411751456
0.971408148678,0.000449662517409,0.0177492712898,0.997019582376,0.983325273957,1.59463457026,0.129130654933,0.00844310077556
0.972122944961,0.000426559980033,0.0172860130333,0.997166391209,0.983755633953,1.59407704054,0.127453387741,0.00822249667977
0.972837741244,0.000404128103737,0.016823708362,0.997309423547,0.984185426821,1.59351717378,0.125756006533,0.00800232772329
0.973552537527,0.000382335351081,0.0163623191051,0.997448833259,0.984614675226,1.59295507546,0.124037594196,0.00778258157777
0.97426733381,0.000361181882236,0.0159018516565,0.997584597867,0.985043375391,1.59239074103,0.122297279647,0.00756325947145
0.974982130093,0.000340684907444,0.0154423380303,0.99771659448,0.985471508376,1.59182410575,0.120534192759,0.00734437037926
0.975696926376,0.00032079636372,0.0149837145911,0.997845078024,0.985899112169,1.59125533427,0.118747159254,0.00712589417603
0.976411722659,0.000301581201088,0.0145260840985,0.997969647858,0.986326125951,1.59068419394,0.116935341318,0.00690786122426
0.977126518942,0.000282944138349,0.0140693123556,0.998090837294,0.986752629746,1.5901110163,0.115097220877,0.00669022996242
0.977841315225,0.000264996861458,0.0136135735425,0.998207966988,0.987178520587,1.58953540313,0.11323197169,0.00647305222227
0.978556111508,0.000247618985117,0.0131586943804,0.998321723778,0.98760390178,1.5889577757,0.111337766371,0.00625627461649
0.979270907791,0.000230904591214,0.0127048249327,0.998431526114,0.98802868501,1.58837779702,0.109413504604,0.00603994145225
0.979985704074,0.000214774327505,0.0122518522814,0.998537823868,0.988452937886,1.58779574435,0.10745725715,0.00582401759304
0.980700500357,0.000199277160912,0.0117998596816,0.998640300177,0.988876612035,1.58721143993,0.105467473493,0.00560852696278
0.98141529664,0.000184380669076,0.0113488057256,0.99873912642,0.989299732969,1.58662499502,0.103442095063,0.00539345588246
0.982130092924,0.00017008740232,0.0108987026977,0.998834264877,0.989722294566,1.58603639685,0.101379018708,0.00517880677203
0.982844889207,0.00015641086988,0.0104495817348,0.99892560755,0.990144279981,1.58544559306,0.0992759790652,0.0049645874871
0.98355968549,0.000143308199956,0.0100013832499,0.999013396742,0.990565725598,1.58485273348,0.0971301930495,0.00475077886777
0.984274481773,0.000130837837446,0.00955421224985,0.999097244247,0.990986571962,1.58425760457,0.0949390753988,0.00453741037889
0.984989278056,0.000118912480244,0.00910793613368,0.999177673223,0.991406898218,1.58366051633,0.0926989847938,0.00432444120737
0.985704074339,0.000107634514377,0.00866273550742,0.999254014478,0.991826602048,1.5830610965,0.0904068468221,0.00411192249929
0.986418870622,9.68917654866e-05,0.0082186690129,0.999326954103,0.992245787444,1.58245974583,0.0880580067677,0.00389980090431
0.987133666905,8.67730058434e-05,0.00777616422314,0.999395903169,0.992664363464,1.58185614211,0.0856483306113,0.00368812175847
0.987848463188,7.72009829529e-05,0.00733451667971,0.999461332174,0.993082401328,1.58125056123,0.0831721027263,0.00347684835188
0.988563259471,6.8223969602e-05,0.0068938106746,0.999522906534,0.993499849545,1.58064282485,0.0806235105612,0.00326600602838
0.989278055754,5.98090826614e-05,0.00645400372856,0.999580814317,0.993916736523,1.58003304819,0.077995278555,0.00305557974973
0.989992852037,5.19610279387e-05,0.00601511272495,0.999635001923,0.994333053726,1.57942121063,0.0752791224306,0.00284557314728
0.99070764832,4.46900193081e-05,0.00557716563842,0.999685376232,0.994748786509,1.57880727105,0.0724652571297,0.00263599292161
0.991422444603,3.79581484267e-05,0.00514011106578,0.999732165534,0.99516396953,1.57819136421,0.0695415736799,0.00242682092578
0.992137240886,3.18177668998e-05,0.00470404988433,0.999774994692,0.995578544854,1.57757329506,0.0664940233839,0.00221808566372
0.992852037169,2.61893030738e-05,0.00426886115068,0.999814374747,0.995992590568,1.57695335134,0.063304102803,0.00200974714685
0.993566833452,2.11661567549e-05,0.00383494064086,0.999849648704,0.996406005216,1.57633118741,0.0599499356474,0.00180185574443
0.994281629736,1.66441914351e-05,0.00340191487463,0.999881500218,0.996818893307,1.5757071825,0.0564013004513,0.001594358224
0.994996426019,1.27082694583e-05,0.00296986511557,0.999909323854,0.997231161346,1.57508102112,0.0526197553602,0.00138730090201
0.995711222302,9.28383801946e-06,0.00253868326595,0.999933607722,0.99764288415,1.57445297409,0.0485501374828,0.00118064552397
0.996426018585,6.41828000814e-06,0.0021084857521,0.999953999353,0.99805400709,1.57382286327,0.0441134096369,0.000974418844871
0.997140814868,4.07829076636e-06,0.00167932081964,0.999970705073,0.998464561508,1.57319080831,0.039184671642,0.000768604467849
0.997855611151,2.27033134405e-06,0.00125109392705,0.999983655939,0.998874536385,1.5725567822,0.0335479301163,0.000563207254111
0.998570407434,1.00172151358e-06,0.000823902686147,0.99999277346,0.999283919365,1.57192075384,0.0267596830219,0.000358232721837
0.999285203717,2.39820279855e-07,0.000398719065662,0.999998266602,0.999692743259,1.57128283915,0.0175287404349,0.000153663782198
1,0,0,1,1,1.57064298979,0,0
