x_coordinate_over_R,y_coordinate_over_R,x_proper_over_R,y_proper_over_R,q_coordinate,q_proper,delta_coordinate_deg,delta_proper_deg
0.707106743299,-0.707106819074,0.707106752597,-0.707106809776,0.663364504667,0.542174935059,90.0000061399,90.0000046332
0.707106561946,-0.707106637473,0.707106505877,-0.707106562877,0.663364504667,0.542174935059,90.0000061399,90.0000046332
0.707106018133,-0.707106092423,0.707105765901,-0.707105821998,0.663364504667,0.542174935059,90.0000061399,90.0000046332
0.707105112357,-0.707105183432,0.707104533029,-0.707104586782,0.663364504667,0.542174935059,90.0000061399,90.0000046332
0.707103845116,-0.707103910007,0.707102807627,-0.707102856872,0.663364504667,0.542174935059,90.0000061399,90.0000046332
0.707102216907,-0.707102271658,0.707100590061,-0.707100631912,0.663364504667,0.542174935059,90.0000061399,90.0000046332
0.707100228231,-0.707100267895,0.707097880699,-0.707097911548,0.663364504667,0.542174935059,90.0000061399,90.0000046332
0.707097879589,-0.707097898229,0.707094679908,-0.707094695429,0.663364504667,0.542174935059,90.0000061399,90.0000046332
0.707095171481,-0.707095162174,0.70709098806,-0.707090983202,0.663364504667,0.542174935059,90.0000061399,90.0000046332
0.707092104412,-0.707092059242,0.707086805526,-0.70708677452,0.663364504667,0.542174935059,90.0000061399,90.0000046332
0.707088678884,-0.707088588949,0.707082132681,-0.707082069033,0.663364504667,0.542174935059,90.0000061399,90.0000046332
0.707084895404,-0.707084750811,0.707076969898,-0.707076866396,0.663364504667,0.542174935059,90.0000061399,90.0000046332
0.707080754476,-0.707080544344,0.707071317554,-0.707071166264,0.663364504667,0.542174935059,90.0000061399,90.0000046332
0.70707625661,-0.707075969067,0.707065176028,-0.707064968293,0.663364504667,0.542174935059,90.0000061399,90.0000046332
0.707071402311,-0.707071024499,0.707058545698,-0.707058272142,0.663364504667,0.542174935059,90.0000061399,90.0000046332
0.707066192092,-0.707065710161,0.707051426946,-0.707051077471,0.663364504667,0.542174935059,90.0000061399,90.0000046332
0.70706062646,-0.707060025574,0.707043820154,-0.70704338394,0.663364504667,0.542174935059,90.0000061399,90.0000046332
0.707054705929,-0.707053970261,0.707035725705,-0.707035191213,0.663364504667,0.542174935059,90.0000061399,90.0000046332
0.707048431011,-0.707047543746,0.707027143986,-0.707026498954,0.663364504667,0.542174935059,90.0000061399,90.0000046332
0.707041802219,-0.707040745555,0.707018075382,-0.707017306828,0.663364504667,0.542174935059,90.0000061399,90.0000046332
0.707034820069,-0.707033575212,0.707008520283,-0.707007614504,0.663364504667,0.542174935059,90.0000061399,90.0000046332
0.707027485076,-0.707026032246,0.706998479079,-0.706997421649,0.663364504667,0.542174935059,90.0000061399,90.0000046332
0.707019797756,-0.707018116185,0.706987952159,-0.706986727934,0.663364504667,0.542174935059,90.0000061399,90.0000046332
0.707011758629,-0.707009826558,0.706976939918,-0.706975533032,0.663364504667,0.542174935059,90.0000061399,90.0000046332
0.707003368212,-0.707001162897,0.706965442749,-0.706963836615,0.663364504667,0.542174935059,90.0000061399,90.0000046332
0.706994627026,-0.706992124734,0.706953461049,-0.706951638359,0.663364504667,0.542174935059,90.0000061399,90.0000046332
0.706985535593,-0.7069827116,0.706940995214,-0.706938937939,0.663364504667,0.542174935059,90.0000061399,90.0000046332
0.706976094433,-0.706972923032,0.706928045644,-0.706925735035,0.663364504667,0.542174935059,90.0000061399,90.0000046332
0.706966304071,-0.706962758563,0.706914612738,-0.706912029326,0.663364504667,0.542174935059,90.0000061399,90.0000046332
0.706956165031,-0.706952217732,0.706900696898,-0.706897820492,0.663364504667,0.542174935059,90.0000061399,90.0000046332
0.706945677837,-0.706941300075,0.706886298527,-0.706883108217,0.663364504667,0.542174935059,90.0000061399,90.0000046332
0.706934843017,-0.706930005131,0.70687141803,-0.706867892184,0.663364504667,0.542174935059,90.0000061399,90.0000046332
0.706923661097,-0.706918332441,0.706856055813,-0.706852172079,0.663364504667,0.542174935059,90.0000061399,90.0000046332
0.706912132606,-0.706906281545,0.706840212283,-0.70683594759,0.663364504667,0.542174935059,90.0000061399,90.0000046332
0.706900258074,-0.706893851987,0.706823887849,-0.706819218405,0.663364504667,0.542174935059,90.0000061399,90.0000046332
0.706888038031,-0.706881043309,0.706807082923,-0.706801984215,0.663364504667,0.542174935059,90.0000061399,90.0000046332
0.706875473008,-0.706867855057,0.706789797915,-0.706784244711,0.663364504667,0.542174935059,90.0000061399,90.0000046332
0.706862563538,-0.706854286777,0.70677203324,-0.706765999586,0.663364504667,0.542174935059,90.0000061399,90.0000046332
0.706849310154,-0.706840338015,0.706753789312,-0.706747248537,0.663364504667,0.542174935059,90.0000061399,90.0000046332
0.706835713392,-0.706826008321,0.706735066547,-0.706727991258,0.663364504667,0.542174935059,90.0000061399,90.0000046332
0.706821773786,-0.706811297242,0.706715865364,-0.706708227448,0.663364504667,0.542174935059,90.0000061399,90.0000046332
0.706807491873,-0.706796204331,0.706696186181,-0.706687956807,0.663364504667,0.542174935059,90.0000061399,90.0000046332
0.706792868191,-0.70678072914,0.706676029419,-0.706667179036,0.663364504667,0.542174935059,90.0000061399,90.0000046332
0.706777903279,-0.70676487122,0.706655395501,-0.706645893836,0.663364504667,0.542174935059,90.0000061399,90.0000046332
0.706762597676,-0.706748630127,0.70663428485,-0.706624100914,0.663364504667,0.542174935059,90.0000061399,90.0000046332
0.706746951922,-0.706732005416,0.706612697891,-0.706601799973,0.663364504667,0.542174935059,90.0000061399,90.0000046332
0.70673096656,-0.706714996643,0.70659063505,-0.706578990722,0.663364504667,0.542174935059,90.0000061399,90.0000046332
0.706714642132,-0.706697603367,0.706568096757,-0.706555672869,0.663364504667,0.542174935059,90.0000061399,90.0000046332
0.706697979181,-0.706679825147,0.706545083439,-0.706531846124,0.663364504667,0.542174935059,90.0000061399,90.0000046332
0.706680978253,-0.706661661542,0.706521595528,-0.7065075102,0.663364504667,0.542174935059,90.0000061399,90.0000046332
0.706663639892,-0.706643112115,0.706497633457,-0.70648266481,0.663364504667,0.542174935059,90.0000061399,90.0000046332
0.706645964646,-0.706624176427,0.706473197659,-0.706457309668,0.663364504667,0.542174935059,90.0000061399,90.0000046332
0.706627953062,-0.706604854044,0.706448288569,-0.706431444492,0.663364504667,0.542174935059,90.0000061399,90.0000046332
0.706609605689,-0.706585144529,0.706422906624,-0.706405069,0.663364504667,0.542174935059,90.0000061399,90.0000046332
0.706590923077,-0.70656504745,0.706397052263,-0.70637818291,0.663364504667,0.542174935059,90.0000061399,90.0000046332
0.706571905775,-0.706544562374,0.706370725923,-0.706350785944,0.663364504667,0.542174935059,90.0000061399,90.0000046332
0.706552554335,-0.706523688869,0.706343928048,-0.706322877826,0.663364504667,0.542174935059,90.0000061399,90.0000046332
0.706532869311,-0.706502426505,0.706316659079,-0.706294458279,0.663364504667,0.542174935059,90.0000061399,90.0000046332
0.706512851255,-0.706480774855,0.70628891946,-0.706265527029,0.663364504667,0.542174935059,90.0000061399,90.0000046332
0.706492500722,-0.706458733489,0.706260709636,-0.706236083804,0.663364504667,0.542174935059,90.0000061399,90.0000046332
0.706471818267,-0.706436301982,0.706232030054,-0.706206128332,0.663364504667,0.542174935059,90.0000061399,90.0000046332
0.706450804447,-0.706413479908,0.706202884368,-0.706175657137,0.663364504667,0.542174935059,90.0000061399,90.0000046332
0.706429459819,-0.706390266844,0.706173276709,-0.706144666272,0.663364504667,0.542174935059,90.0000061399,90.0000046332
0.706407784941,-0.706366662367,0.706143208025,-0.706113154971,0.663364504667,0.542174935059,90.0000061399,90.0000046332
0.706385780373,-0.706342666056,0.706112678825,-0.706081122916,0.663364504667,0.542174935059,90.0000061399,90.0000046332
0.706363446675,-0.706318277489,0.706081689619,-0.706048569783,0.663364504667,0.542174935059,90.0000061399,90.0000046332
0.706340784408,-0.706293496249,0.706050240926,-0.70601549525,0.663364504667,0.542174935059,90.0000061399,90.0000046332
0.706317794135,-0.706268321917,0.706018333269,-0.705981898989,0.663364504667,0.542174935059,90.0000061399,90.0000046332
0.706294476417,-0.706242754077,0.705985967175,-0.705947780673,0.663364504667,0.542174935059,90.0000061399,90.0000046332
0.70627083182,-0.706216792313,0.705953143177,-0.705913139972,0.663364504667,0.542174935059,90.0000061399,90.0000046332
0.706246860908,-0.706190436212,0.705919861811,-0.705877976555,0.663364504667,0.542174935059,90.0000061399,90.0000046332
0.706222569345,-0.706163680262,0.705886123615,-0.705842290091,0.663364504667,0.542174935059,90.0000061399,90.0000046332
0.706197963567,-0.706136518183,0.705851929135,-0.705806080247,0.663364504667,0.542174935059,90.0000061399,90.0000046332
0.706173044947,-0.706108948758,0.705817278917,-0.705769346692,0.663364504667,0.542174935059,90.0000061399,90.0000046332
0.706147814125,-0.706080971507,0.70578217351,-0.705732089093,0.663364504667,0.542174935059,90.0000061399,90.0000046332
0.706122271745,-0.706052585947,0.705746613467,-0.705694307117,0.663364504667,0.542174935059,90.0000061399,90.0000046332
0.70609641846,-0.70602379159,0.705710599345,-0.705656000432,0.663364504667,0.542174935059,90.0000061399,90.0000046332
0.706070254927,-0.705994587944,0.705674131702,-0.705617168706,0.663364504667,0.542174935059,90.0000061399,90.0000046332
0.706043781808,-0.705964974515,0.705637211098,-0.705577811606,0.663364504667,0.542174935059,90.0000061399,90.0000046332
0.706016999771,-0.705934950806,0.705599838099,-0.705537928801,0.663364504667,0.542174935059,90.0000061399,90.0000046332
0.705989909488,-0.705904516318,0.705562013269,-0.70549751996,0.663364504667,0.542174935059,90.0000061399,90.0000046332
0.705962511634,-0.70587367055,0.705523737177,-0.705456584753,0.663364504667,0.542174935059,90.0000061399,90.0000046332
0.705934806888,-0.705842412998,0.705485010394,-0.70541512285,0.663364504667,0.542174935059,90.0000061399,90.0000046332
0.705906795933,-0.70581074316,0.705445833493,-0.705373133923,0.663364504667,0.542174935059,90.0000061399,90.0000046332
0.705878479456,-0.70577866053,0.705406207049,-0.705330617643,0.663364504667,0.542174935059,90.0000061399,90.0000046332
0.705849858145,-0.705746164603,0.705366131639,-0.705287573683,0.663364504667,0.542174935059,90.0000061399,90.0000046332
0.705820932694,-0.70571325487,0.705325607843,-0.705244001717,0.663364504667,0.542174935059,90.0000061399,90.0000046332
0.705791703796,-0.705679930825,0.70528463624,-0.70519990142,0.663364504667,0.542174935059,90.0000061399,90.0000046332
0.70576217215,-0.705646191961,0.705243217415,-0.705155272467,0.663364504667,0.542174935059,90.0000061399,90.0000046332
0.705732338456,-0.705612037768,0.705201351952,-0.705110114535,0.663364504667,0.542174935059,90.0000061399,90.0000046332
0.705702203415,-0.705577467738,0.705159040439,-0.705064427302,0.663364504667,0.542174935059,90.0000061399,90.0000046332
0.705671767733,-0.705542481364,0.705116283463,-0.705018210448,0.663364504667,0.542174935059,90.0000061399,90.0000046332
0.705641032116,-0.705507078136,0.705073081617,-0.704971463651,0.663364504667,0.542174935059,90.0000061399,90.0000046332
0.705609997273,-0.705471257546,0.70502943549,-0.704924186594,0.663364504667,0.542174935059,90.0000061399,90.0000046332
0.705578663915,-0.705435019086,0.704985346562,-0.704876378076,0.663364504667,0.542174935059,90.0000061399,90.0000046332
0.705547032753,-0.705398362249,0.704940817878,-0.70482803533,0.663364504667,0.542174935059,90.0000061399,90.0000046332
0.705515104503,-0.705361286526,0.704895851609,-0.704779156465,0.663364504667,0.542174935059,90.0000061399,90.0000046332
0.705482879881,-0.705323791411,0.704850448379,-0.704729741146,0.663364504667,0.542174935059,90.0000061399,90.0000046332
0.705450359604,-0.705285876397,0.704804608811,-0.704679789035,0.663364504667,0.542174935059,90.0000061399,90.0000046332
0.705417544391,-0.705247540977,0.704758333533,-0.704629299798,0.663364504667,0.542174935059,90.0000061399,90.0000046332
0.705384434964,-0.705208784647,0.704711623174,-0.704578273098,0.663364504667,0.542174935059,90.0000061399,90.0000046332
0.705351032045,-0.705169606901,0.704664478367,-0.704526708599,0.663364504667,0.542174935059,90.0000061399,90.0000046332
0.705317336358,-0.705130007235,0.704616899747,-0.704474605967,0.663364504667,0.542174935059,90.0000061399,90.0000046332
0.705283348628,-0.705089985146,0.704568887951,-0.704421964866,0.663364504667,0.542174935059,90.0000061399,90.0000046332
0.705249069582,-0.70504954013,0.704520443621,-0.704368784963,0.663364504667,0.542174935059,90.0000061399,90.0000046332
0.705214499947,-0.705008671686,0.704471567399,-0.704315065923,0.663364504667,0.542174935059,90.0000061399,90.0000046332
0.705179640454,-0.704967379311,0.704422259929,-0.704260807413,0.663364504667,0.542174935059,90.0000061399,90.0000046332
0.705144491832,-0.704925662507,0.704372521858,-0.7042060091,0.663364504667,0.542174935059,90.0000061399,90.0000046332
0.705109054814,-0.704883520773,0.704322353837,-0.704150670653,0.663364504667,0.542174935059,90.0000061399,90.0000046332
0.705073330133,-0.704840953611,0.704271756516,-0.704094791741,0.663364504667,0.542174935059,90.0000061399,90.0000046332
0.705037321465,-0.704797957579,0.70422073055,-0.704038372032,0.663364504667,0.542174935059,90.0000061399,90.0000046332
0.705001033453,-0.704754528272,0.704169276593,-0.703981411199,0.663364504667,0.542174935059,90.0000061399,90.0000046332
0.704964467808,-0.704710664219,0.704117395304,-0.703923908911,0.663364504667,0.542174935059,90.0000061399,90.0000046332
0.704927625299,-0.704666364896,0.704065087342,-0.703865864842,0.663364504667,0.542174935059,90.0000061399,90.0000046332
0.704890506693,-0.704621629776,0.704012353368,-0.703807278665,0.663364504667,0.542174935059,90.0000061399,90.0000046332
0.704853112764,-0.704576458335,0.703959194047,-0.703748150055,0.663364504667,0.542174935059,90.0000061399,90.0000046332
0.704815444286,-0.704530850047,0.703905610044,-0.703688478686,0.663364504667,0.542174935059,90.0000061399,90.0000046332
0.704777502035,-0.704484804387,0.703851602025,-0.703628264235,0.663364504667,0.542174935059,90.0000061399,90.0000046332
0.704739286791,-0.704438320828,0.703797170661,-0.703567506379,0.663364504667,0.542174935059,90.0000061399,90.0000046332
0.704700799335,-0.704391398844,0.70374231668,-0.703506204739,0.663364504667,0.542174935059,90.0000061399,90.0000046332
0.70466204045,-0.704344037909,0.703687040818,-0.703444358933,0.663364504667,0.542174935059,90.0000061399,90.0000046332
0.704623010921,-0.704296237497,0.703631343751,-0.703381968637,0.663364504667,0.542174935059,90.0000061399,90.0000046332
0.704583711536,-0.704247997083,0.703575226156,-0.703319033534,0.663364504667,0.542174935059,90.0000061399,90.0000046332
0.704544143084,-0.70419931614,0.703518688713,-0.703255553305,0.663364504667,0.542174935059,90.0000061399,90.0000046332
0.704504306354,-0.704150194144,0.703461732101,-0.703191527635,0.663364504667,0.542174935059,90.0000061399,90.0000046332
0.704464202141,-0.704100630569,0.703404357002,-0.703126956209,0.663364504667,0.542174935059,90.0000061399,90.0000046332
0.704423831237,-0.70405062489,0.7033465641,-0.703061838712,0.663364504667,0.542174935059,90.0000061399,90.0000046332
0.704383194438,-0.704000176585,0.70328835408,-0.702996174832,0.663364504667,0.542174935059,90.0000061399,90.0000046332
0.704342292542,-0.703949285129,0.703229727628,-0.702929964257,0.663364504667,0.542174935059,90.0000061399,90.0000046332
0.704301126348,-0.703897949998,0.703170685434,-0.702863206679,0.663364504667,0.542174935059,90.0000061399,90.0000046332
0.704259696656,-0.703846170671,0.703111228187,-0.702795901786,0.663364504667,0.542174935059,90.0000061399,90.0000046332
0.704218004267,-0.703793946626,0.703051356579,-0.702728049273,0.663364504667,0.542174935059,90.0000061399,90.0000046332
0.704176049985,-0.703741277342,0.702991071304,-0.702659648833,0.663364504667,0.542174935059,90.0000061399,90.0000046332
0.704133834614,-0.703688162297,0.702930373055,-0.702590700161,0.663364504667,0.542174935059,90.0000061399,90.0000046332
0.70409135896,-0.703634600972,0.702869262529,-0.702521202952,0.663364504667,0.542174935059,90.0000061399,90.0000046332
0.70404862383,-0.703580592849,0.702807740425,-0.702451156906,0.663364504667,0.542174935059,90.0000061399,90.0000046332
0.704005630032,-0.703526137408,0.702745807441,-0.702380561721,0.663364504667,0.542174935059,90.0000061399,90.0000046332
0.703962378375,-0.703471234133,0.702683464279,-0.702309417097,0.663364504667,0.542174935059,90.0000061399,90.0000046332
0.703918869695,-0.703415882482,0.702620711641,-0.702237722736,0.663364504667,0.542174935059,90.0000061399,90.0000046332
0.703875104901,-0.703360081843,0.702557550283,-0.702165478289,0.663364504667,0.542174935059,90.0000061399,90.0000046332
0.703831084881,-0.703303831625,0.702493980981,-0.702092683389,0.663364504667,0.542174935059,90.0000061399,90.0000046332
0.703786810448,-0.703247131315,0.702430004461,-0.702019337724,0.663364504667,0.542174935059,90.0000061399,90.0000046332
0.703742282419,-0.703189980398,0.702365621433,-0.701945441,0.663364504667,0.542174935059,90.0000061399,90.0000046332
0.703697501611,-0.703132378362,0.702300832607,-0.701870992924,0.663364504667,0.542174935059,90.0000061399,90.0000046332
0.703652468843,-0.703074324695,0.702235638694,-0.701795993205,0.663364504667,0.542174935059,90.0000061399,90.0000046332
0.703607184933,-0.703015818885,0.702170040409,-0.701720441555,0.663364504667,0.542174935059,90.0000061399,90.0000046332
0.703561650702,-0.702956860422,0.702104038467,-0.701644337685,0.663364504667,0.542174935059,90.0000061399,90.0000046332
0.703515866971,-0.702897448798,0.702037633584,-0.701567681308,0.663364504667,0.542174935059,90.0000061399,90.0000046332
0.703469834563,-0.702837583504,0.701970826478,-0.70149047214,0.663364504667,0.542174935059,90.0000061399,90.0000046332
0.7034235543,-0.702777264034,0.701903617868,-0.701412709895,0.663364504667,0.542174935059,90.0000061399,90.0000046332
0.703377027006,-0.702716489881,0.701836008476,-0.701334394293,0.663364504667,0.542174935059,90.0000061399,90.0000046332
0.703330253507,-0.702655260541,0.701767999022,-0.701255525051,0.663364504667,0.542174935059,90.0000061399,90.0000046332
0.703283234629,-0.702593575509,0.701699590231,-0.70117610189,0.663364504667,0.542174935059,90.0000061399,90.0000046332
0.703235971198,-0.702531434284,0.701630782828,-0.701096124532,0.663364504667,0.542174935059,90.0000061399,90.0000046332
0.703188464042,-0.702468836364,0.701561577539,-0.7010155927,0.663364504667,0.542174935059,90.0000061399,90.0000046332
0.70314071399,-0.702405781247,0.701491975092,-0.700934506118,0.663364504667,0.542174935059,90.0000061399,90.0000046332
0.703092721871,-0.702342268435,0.701421976222,-0.700852864507,0.663364504667,0.542174935059,90.0000061399,90.0000046332
0.703044488516,-0.70227829743,0.701351581739,-0.700770667513,0.663364504667,0.542174935059,90.0000061399,90.0000046332
0.702996014756,-0.702213867733,0.701280792448,-0.700687914795,0.663364504667,0.542174935059,90.0000061399,90.0000046332
0.702947301423,-0.702148978851,0.701209609083,-0.700604606081,0.663364504667,0.542174935059,90.0000061399,90.0000046332
0.702898349348,-0.702083630287,0.701138032378,-0.700520741102,0.663364504667,0.542174935059,90.0000061399,90.0000046332
0.702849159367,-0.702017821548,0.701066063072,-0.700436319591,0.663364504667,0.542174935059,90.0000061399,90.0000046332
0.702799732382,-0.701951552072,0.700993701902,-0.700351341281,0.663364504667,0.542174935059,90.0000061399,90.0000046332
0.702750069341,-0.701884821256,0.700920949607,-0.700265805907,0.663364504667,0.542174935059,90.0000061399,90.0000046332
0.702700171122,-0.701817628566,0.700847806929,-0.700179713207,0.663364504667,0.542174935059,90.0000061399,90.0000046332
0.702650038563,-0.701749973514,0.70077427461,-0.700093062917,0.663364504667,0.542174935059,90.0000061399,90.0000046332
0.702599672503,-0.70168185561,0.700700353394,-0.700005854779,0.663364504667,0.542174935059,90.0000061399,90.0000046332
0.70254907378,-0.701613274367,0.700626044025,-0.699918088533,0.663364504667,0.542174935059,90.0000061399,90.0000046332
0.702498243234,-0.701544229298,0.700551347249,-0.699829763921,0.663364504667,0.542174935059,90.0000061399,90.0000046332
0.702447181705,-0.701474719919,0.700476263816,-0.699740880688,0.663364504667,0.542174935059,90.0000061399,90.0000046332
0.702395890036,-0.701404745745,0.700400794472,-0.699651438578,0.663364504667,0.542174935059,90.0000061399,90.0000046332
0.702344369066,-0.701334306295,0.700324939969,-0.699561437338,0.663364504667,0.542174935059,90.0000061399,90.0000046332
0.70229261964,-0.701263401087,0.700248701074,-0.699470876701,0.663364504667,0.542174935059,90.0000061399,90.0000046332
0.7022406426,-0.701192029641,0.700172078628,-0.699379756328,0.663364504667,0.542174935059,90.0000061399,90.0000046332
0.702188438791,-0.701120191478,0.700095073455,-0.699288075901,0.663364504667,0.542174935059,90.0000061399,90.0000046332
0.702136009056,-0.70104788612,0.700017686312,-0.699195835171,0.663364504667,0.542174935059,90.0000061399,90.0000046332
0.702083354241,-0.700975113092,0.699939917956,-0.699103033891,0.663364504667,0.542174935059,90.0000061399,90.0000046332
0.702030475191,-0.700901871919,0.699861769146,-0.699009671816,0.663364504667,0.542174935059,90.0000061399,90.0000046332
0.701977372754,-0.700828162126,0.699783240643,-0.698915748702,0.663364504667,0.542174935059,90.0000061399,90.0000046332
0.701924047776,-0.700753983241,0.699704333207,-0.698821264307,0.663364504667,0.542174935059,90.0000061399,90.0000046332
0.701870501105,-0.700679334792,0.699625047603,-0.69872621839,0.663364504667,0.542174935059,90.0000061399,90.0000046332
0.701816733589,-0.700604216311,0.699545384594,-0.69863061071,0.663364504667,0.542174935059,90.0000061399,90.0000046332
0.701762746076,-0.700528627329,0.699465344945,-0.69853444103,0.663364504667,0.542174935059,90.0000061399,90.0000046332
0.701708539538,-0.700452567257,0.699384929424,-0.698437709114,0.663364504667,0.542174935059,90.0000061399,90.0000046332
0.70165411495,-0.700376035504,0.699304138798,-0.698340414726,0.663364504667,0.542174935059,90.0000061399,90.0000046332
0.701599473166,-0.7002990316,0.699222973836,-0.698242557632,0.663364504667,0.542174935059,90.0000061399,90.0000046332
0.701544615039,-0.70022155508,0.69914143531,-0.698144137601,0.663364504667,0.542174935059,90.0000061399,90.0000046332
0.701489541422,-0.700143605482,0.699059524048,-0.698045154343,0.663364504667,0.542174935059,90.0000061399,90.0000046332
0.701434253169,-0.700065182344,0.698977240918,-0.697945607535,0.663364504667,0.542174935059,90.0000061399,90.0000046332
0.701378751133,-0.699986285205,0.698894586732,-0.697845496911,0.663364504667,0.542174935059,90.0000061399,90.0000046332
0.701323036169,-0.699906913605,0.698811562266,-0.697744822244,0.663364504667,0.542174935059,90.0000061399,90.0000046332
0.701267109131,-0.699827067087,0.698728168299,-0.697643583309,0.663364504667,0.542174935059,90.0000061399,90.0000046332
0.701210970877,-0.699746745194,0.698644405608,-0.69754177988,0.663364504667,0.542174935059,90.0000061399,90.0000046332
0.70115462226,-0.69966594747,0.698560274974,-0.697439411735,0.663364504667,0.542174935059,90.0000061399,90.0000046332
0.701098064139,-0.699584673462,0.69847577718,-0.697336478653,0.663364504667,0.542174935059,90.0000061399,90.0000046332
0.701041297371,-0.699502922718,0.698390913006,-0.697232980412,0.663364504667,0.542174935059,90.0000061399,90.0000046332
0.700984322812,-0.699420694784,0.698305683239,-0.697128916795,0.663364504667,0.542174935059,90.0000061399,90.0000046332
0.700927141322,-0.699337989212,0.698220088661,-0.697024287585,0.663364504667,0.542174935059,90.0000061399,90.0000046332
0.700869753758,-0.699254805553,0.698134130062,-0.696919092565,0.663364504667,0.542174935059,90.0000061399,90.0000046332
0.70081216098,-0.69917114336,0.698047808227,-0.696813331522,0.663364504667,0.542174935059,90.0000061399,90.0000046332
0.700754363847,-0.699087002186,0.697961123951,-0.696707004236,0.663364504667,0.542174935059,90.0000061399,90.0000046332
0.70069636327,-0.699002381536,0.697874078128,-0.696600110394,0.663364504667,0.542174935059,90.0000061399,90.0000046332
0.700638160246,-0.698917280831,0.697786671642,-0.696492649692,0.663364504667,0.542174935059,90.0000061399,90.0000046332
0.700579755723,-0.69883169954,0.697698905289,-0.696384621919,0.663364504667,0.542174935059,90.0000061399,90.0000046332
0.700521150564,-0.698745637222,0.697610779863,-0.696276026867,0.663364504667,0.542174935059,90.0000061399,90.0000046332
0.700462345632,-0.698659093435,0.697522296159,-0.696166864331,0.663364504667,0.542174935059,90.0000061399,90.0000046332
0.70040334179,-0.698572067742,0.697433454975,-0.696057134104,0.663364504667,0.542174935059,90.0000061399,90.0000046332
0.700344139903,-0.698484559703,0.697344257109,-0.695946835984,0.663364504667,0.542174935059,90.0000061399,90.0000046332
0.700284740835,-0.698396568883,0.697254703361,-0.695835969767,0.663364504667,0.542174935059,90.0000061399,90.0000046332
0.70022514545,-0.698308094847,0.697164794532,-0.695724535255,0.663364504667,0.542174935059,90.0000061399,90.0000046332
0.700165354614,-0.69821913716,0.697074531423,-0.695612532246,0.663364504667,0.542174935059,90.0000061399,90.0000046332
0.700105369192,-0.698129695391,0.696983914838,-0.695499960544,0.663364504667,0.542174935059,90.0000061399,90.0000046332
0.700045190051,-0.698039769109,0.696892945581,-0.695386819952,0.663364504667,0.542174935059,90.0000061399,90.0000046332
0.699984818057,-0.697949357883,0.696801624494,-0.695273110238,0.663364504667,0.542174935059,90.0000061399,90.0000046332
0.699924254076,-0.697858461285,0.696709952492,-0.695158831101,0.663364504667,0.542174935059,90.0000061399,90.0000046332
0.699863498976,-0.697767078889,0.696617930456,-0.695043982276,0.663364504667,0.542174935059,90.0000061399,90.0000046332
0.699802553625,-0.697675210268,0.696525559195,-0.694928563571,0.663364504667,0.542174935059,90.0000061399,90.0000046332
0.699741418891,-0.697582855,0.696432839522,-0.694812574796,0.663364504667,0.542174935059,90.0000061399,90.0000046332
0.699680095684,-0.697490012617,0.696339772247,-0.694696015763,0.663364504667,0.542174935059,90.0000061399,90.0000046332
0.699618585022,-0.69739668255,0.696246358186,-0.694578886284,0.663364504667,0.542174935059,90.0000061399,90.0000046332
0.69955688788,-0.697302864272,0.696152598153,-0.694461186173,0.663364504667,0.542174935059,90.0000061399,90.0000046332
0.699495005129,-0.697208557363,0.696058492963,-0.694342915246,0.663364504667,0.542174935059,90.0000061399,90.0000046332
0.699432937639,-0.697113761405,0.695964043434,-0.69422407332,0.663364504667,0.542174935059,90.0000061399,90.0000046332
0.699370686283,-0.697018475979,0.695869250384,-0.694104660213,0.663364504667,0.542174935059,90.0000061399,90.0000046332
0.699308251931,-0.696922700671,0.695774114632,-0.693984675746,0.663364504667,0.542174935059,90.0000061399,90.0000046332
0.699245635457,-0.696826435066,0.695678637034,-0.693864119706,0.663364504667,0.542174935059,90.0000061399,90.0000046332
0.699182837732,-0.69672967875,0.695582818527,-0.693742991798,0.663364504667,0.542174935059,90.0000061399,90.0000046332
0.699119859629,-0.696632431312,0.695486660013,-0.693621291768,0.663364504667,0.542174935059,90.0000061399,90.0000046332
0.699056702021,-0.696534692341,0.695390162319,-0.693499019439,0.663364504667,0.542174935059,90.0000061399,90.0000046332
0.698993365782,-0.696436461428,0.695293326271,-0.693376174637,0.663364504667,0.542174935059,90.0000061399,90.0000046332
0.698929851785,-0.696337738166,0.695196152695,-0.693252757189,0.663364504667,0.542174935059,90.0000061399,90.0000046332
0.698866160905,-0.696238522149,0.695098642421,-0.693128766926,0.663364504667,0.542174935059,90.0000061399,90.0000046332
0.698802294015,-0.696138812971,0.695000796278,-0.693004203676,0.663364504667,0.542174935059,90.0000061399,90.0000046332
0.69873825199,-0.696038610229,0.694902615096,-0.692879067272,0.663364504667,0.542174935059,90.0000061399,90.0000046332
0.698674035768,-0.695937913457,0.694804099707,-0.692753357547,0.663364504667,0.542174935059,90.0000061399,90.0000046332
0.698609646385,-0.695836722094,0.694705250945,-0.692627074336,0.663364504667,0.542174935059,90.0000061399,90.0000046332
0.69854508481,-0.695735035645,0.694606069644,-0.692500217475,0.663364504667,0.542174935059,90.0000061399,90.0000046332
0.698480351923,-0.69563285371,0.69450655674,-0.692372786698,0.663364504667,0.542174935059,90.0000061399,90.0000046332
0.698415448599,-0.695530175892,0.694406713192,-0.692244781723,0.663364504667,0.542174935059,90.0000061399,90.0000046332
0.698350375717,-0.695427001793,0.694306539856,-0.692116202371,0.663364504667,0.542174935059,90.0000061399,90.0000046332
0.698285134153,-0.695323331018,0.694206037573,-0.691987048482,0.663364504667,0.542174935059,90.0000061399,90.0000046332
0.698219724787,-0.695219163174,0.694105207182,-0.691857319898,0.663364504667,0.542174935059,90.0000061399,90.0000046332
0.698154148496,-0.695114497868,0.694004049525,-0.691727016464,0.663364504667,0.542174935059,90.0000061399,90.0000046332
0.698088406159,-0.695009334709,0.693902565446,-0.691596138023,0.663364504667,0.542174935059,90.0000061399,90.0000046332
0.698022498655,-0.694903673308,0.693800755788,-0.691464684423,0.663364504667,0.542174935059,90.0000061399,90.0000046332
0.697956426862,-0.694797513277,0.693698621396,-0.691332655511,0.663364504667,0.542174935059,90.0000061399,90.0000046332
0.69789019166,-0.694690854227,0.693596163117,-0.691200051135,0.663364504667,0.542174935059,90.0000061399,90.0000046332
0.697823793928,-0.694583695775,0.693493381798,-0.691066871148,0.663364504667,0.542174935059,90.0000061399,90.0000046332
0.697757234546,-0.694476037535,0.693390278398,-0.690933115288,0.663364504667,0.542174935059,90.0000061399,90.0000046332
0.697690514474,-0.694367879045,0.693286853893,-0.690798783284,0.663364504667,0.542174935059,90.0000061399,90.0000046332
0.697623634761,-0.694259219754,0.693183109147,-0.690663874976,0.663364504667,0.542174935059,90.0000061399,90.0000046332
0.697556596377,-0.69415005919,0.693079045012,-0.690528390219,0.663364504667,0.542174935059,90.0000061399,90.0000046332
0.697489400206,-0.694040396973,0.692974662343,-0.69039232887,0.663364504667,0.542174935059,90.0000061399,90.0000046332
0.697422047128,-0.693930232725,0.692869961993,-0.690255690787,0.663364504667,0.542174935059,90.0000061399,90.0000046332
0.697354538026,-0.693819566068,0.692764944819,-0.69011847583,0.663364504667,0.542174935059,90.0000061399,90.0000046332
0.697286873782,-0.693708396628,0.692659611678,-0.689980683858,0.663364504667,0.542174935059,90.0000061399,90.0000046332
0.697219055278,-0.693596724028,0.692553963427,-0.689842314735,0.663364504667,0.542174935059,90.0000061399,90.0000046332
0.697151083398,-0.693484547898,0.692448000925,-0.689703368323,0.663364504667,0.542174935059,90.0000061399,90.0000046332
0.697082959024,-0.693371867864,0.692341725081,-0.68956384444,0.663364504667,0.542174935059,90.0000061399,90.0000046332
0.697014683039,-0.693258683556,0.692235136883,-0.689423742823,0.663364504667,0.542174935059,90.0000061399,90.0000046332
0.696946256326,-0.693144994606,0.692128237275,-0.689283063261,0.663364504667,0.542174935059,90.0000061399,90.0000046332
0.696877679769,-0.693030800647,0.692021027119,-0.68914180562,0.663364504667,0.542174935059,90.0000061399,90.0000046332
0.696808954251,-0.692916101311,0.691913507281,-0.68899996977,0.663364504667,0.542174935059,90.0000061399,90.0000046332
0.696740080715,-0.692800896174,0.691805678626,-0.688857555584,0.663364504667,0.542174935059,90.0000061399,90.0000046332
0.696671060227,-0.692685184692,0.691697542023,-0.688714562932,0.663364504667,0.542174935059,90.0000061399,90.0000046332
0.696601893788,-0.692568966382,0.69158909834,-0.688570991689,0.663364504667,0.542174935059,90.0000061399,90.0000046332
0.696532582284,-0.692452240882,0.691480348444,-0.688426841731,0.663364504667,0.542174935059,90.0000061399,90.0000046332
0.696463126601,-0.692335007832,0.691371293208,-0.688282112933,0.663364504667,0.542174935059,90.0000061399,90.0000046332
0.696393527623,-0.692217266873,0.691261933534,-0.688136805141,0.663364504667,0.542174935059,90.0000061399,90.0000046332
0.696323786237,-0.692099017647,0.691152270424,-0.687990918104,0.663364504667,0.542174935059,90.0000061399,90.0000046332
0.696253903328,-0.691980259797,0.69104230485,-0.687844451604,0.663364504667,0.542174935059,90.0000061399,90.0000046332
0.696183879782,-0.691860992969,0.690932037688,-0.687697405522,0.663364504667,0.542174935059,90.0000061399,90.0000046332
0.696113716485,-0.691741216809,0.690821469812,-0.687549779742,0.663364504667,0.542174935059,90.0000061399,90.0000046332
0.696043414323,-0.691620930965,0.690710602101,-0.687401574146,0.663364504667,0.542174935059,90.0000061399,90.0000046332
0.695972974182,-0.691500135085,0.690599435432,-0.687252788621,0.663364504667,0.542174935059,90.0000061399,90.0000046332
0.695902396949,-0.69137882882,0.690487970684,-0.687103423052,0.663364504667,0.542174935059,90.0000061399,90.0000046332
0.695831683509,-0.691257011822,0.690376208738,-0.686953477329,0.663364504667,0.542174935059,90.0000061399,90.0000046332
0.695760834914,-0.691134683578,0.690264150475,-0.68680295134,0.663364504667,0.542174935059,90.0000061399,90.0000046332
0.69568985224,-0.691011843553,0.690151796837,-0.686651844916,0.663364504667,0.542174935059,90.0000061399,90.0000046332
0.695618736395,-0.690888491378,0.690039148839,-0.686500157816,0.663364504667,0.542174935059,90.0000061399,90.0000046332
0.695547488269,-0.69076462671,0.689926207436,-0.686347889863,0.663364504667,0.542174935059,90.0000061399,90.0000046332
0.695476108748,-0.690640249206,0.689812973513,-0.686195040952,0.663364504667,0.542174935059,90.0000061399,90.0000046332
0.695404598721,-0.690515358526,0.689699447957,-0.686041610977,0.663364504667,0.542174935059,90.0000061399,90.0000046332
0.695332959075,-0.690389954328,0.689585631656,-0.685887599836,0.663364504667,0.542174935059,90.0000061399,90.0000046332
0.695261190699,-0.690264036275,0.689471525499,-0.685733007427,0.663364504667,0.542174935059,90.0000061399,90.0000046332
0.69518929448,-0.690137604029,0.689357130375,-0.685577833649,0.663364504667,0.542174935059,90.0000061399,90.0000046332
0.695117271307,-0.690010657255,0.689242447174,-0.685422078404,0.663364504667,0.542174935059,90.0000061399,90.0000046332
0.695045122067,-0.689883195619,0.689127476789,-0.685265741593,0.663364504667,0.542174935059,90.0000061399,90.0000046332
0.694972847648,-0.689755218786,0.68901222024,-0.685108822991,0.663364504667,0.542174935059,90.0000061399,90.0000046332
0.694900448939,-0.689626726426,0.688896678553,-0.684951322371,0.663364504667,0.542174935059,90.0000061399,90.0000046332
0.694827927022,-0.689497718014,0.688780852624,-0.684793239637,0.663364504667,0.542174935059,90.0000061399,90.0000046332
0.694755282978,-0.689368193024,0.688664743349,-0.684634574695,0.663364504667,0.542174935059,90.0000061399,90.0000046332
0.694682517696,-0.689238151128,0.688548351625,-0.684475327454,0.663364504667,0.542174935059,90.0000061399,90.0000046332
0.694609632066,-0.689107591999,0.68843167835,-0.684315497823,0.663364504667,0.542174935059,90.0000061399,90.0000046332
0.694536626977,-0.68897651531,0.688314724422,-0.684155085715,0.663364504667,0.542174935059,90.0000061399,90.0000046332
0.694463503317,-0.688844920737,0.688197490742,-0.683994091041,0.663364504667,0.542174935059,90.0000061399,90.0000046332
0.694390261977,-0.688712807957,0.688079978209,-0.683832513715,0.663364504667,0.542174935059,90.0000061399,90.0000046332
0.694316903845,-0.688580176647,0.687962187828,-0.68367035355,0.663364504667,0.542174935059,90.0000061399,90.0000046332
0.69424342981,-0.688447026487,0.687844120631,-0.683507610329,0.663364504667,0.542174935059,90.0000061399,90.0000046332
0.694169840762,-0.688313357158,0.687725777552,-0.683344283942,0.663364504667,0.542174935059,90.0000061399,90.0000046332
0.694096137588,-0.688179168342,0.687607159494,-0.683180374307,0.663364504667,0.542174935059,90.0000061399,90.0000046332
0.694022321179,-0.688044459722,0.687488267363,-0.683015881345,0.663364504667,0.542174935059,90.0000061399,90.0000046332
0.693948392546,-0.687909230859,0.687369102066,-0.682850804976,0.663364504667,0.542174935059,90.0000061399,90.0000046332
0.693874352776,-0.68777348124,0.68724966451,-0.682685145123,0.663364504667,0.542174935059,90.0000061399,90.0000046332
0.693800202833,-0.687637210475,0.687129955603,-0.682518901711,0.663364504667,0.542174935059,90.0000061399,90.0000046332
0.693725943607,-0.687500418253,0.687009976255,-0.682352074664,0.663364504667,0.542174935059,90.0000061399,90.0000046332
0.693651575986,-0.687363104264,0.686889727483,-0.682184663799,0.663364504667,0.542174935059,90.0000061399,90.0000046332
0.69357710086,-0.687225268197,0.686769210329,-0.682016668914,0.663364504667,0.542174935059,90.0000061399,90.0000046332
0.69350251912,-0.687086909745,0.686648425727,-0.681848089917,0.663364504667,0.542174935059,90.0000061399,90.0000046332
0.693427831653,-0.6869480286,0.686527374588,-0.681678926736,0.663364504667,0.542174935059,90.0000061399,90.0000046332
0.69335303935,-0.686808624458,0.686406057828,-0.681509179305,0.663364504667,0.542174935059,90.0000061399,90.0000046332
0.6932781431,-0.686668697014,0.68628447636,-0.681338847555,0.663364504667,0.542174935059,90.0000061399,90.0000046332
0.693203143791,-0.686528245966,0.686162631101,-0.68116793142,0.663364504667,0.542174935059,90.0000061399,90.0000046332
0.693128042312,-0.686387271012,0.686040522966,-0.680996430837,0.663364504667,0.542174935059,90.0000061399,90.0000046332
0.693052839691,-0.686245771712,0.685918152889,-0.680824345725,0.663364504667,0.542174935059,90.0000061399,90.0000046332
0.692977537018,-0.686103747565,0.685795521916,-0.680651675896,0.663364504667,0.542174935059,90.0000061399,90.0000046332
0.692902135243,-0.68596119821,0.685672631077,-0.680478421173,0.663364504667,0.542174935059,90.0000061399,90.0000046332
0.692826635254,-0.685818123351,0.685549481294,-0.680304581498,0.663364504667,0.542174935059,90.0000061399,90.0000046332
0.692751037942,-0.685674522691,0.685426073487,-0.680130156813,0.663364504667,0.542174935059,90.0000061399,90.0000046332
0.692675344194,-0.685530395938,0.685302408578,-0.679955147059,0.663364504667,0.542174935059,90.0000061399,90.0000046332
0.6925995549,-0.685385742798,0.68517848749,-0.679779552181,0.663364504667,0.542174935059,90.0000061399,90.0000046332
0.692523670949,-0.685240562979,0.685054311145,-0.679603372126,0.663364504667,0.542174935059,90.0000061399,90.0000046332
0.692447693228,-0.685094856191,0.684929880468,-0.679426606839,0.663364504667,0.542174935059,90.0000061399,90.0000046332
0.692371622627,-0.684948622145,0.684805196461,-0.679249256192,0.663364504667,0.542174935059,90.0000061399,90.0000046332
0.692295460033,-0.684801860554,0.684680260175,-0.679071320007,0.663364504667,0.542174935059,90.0000061399,90.0000046332
0.692219206366,-0.684654571099,0.684555072584,-0.678892798188,0.663364504667,0.542174935059,90.0000061399,90.0000046332
0.692142862716,-0.684506753292,0.684429634615,-0.678713690686,0.663364504667,0.542174935059,90.0000061399,90.0000046332
0.69206643014,-0.684358406676,0.684303947198,-0.678533997455,0.663364504667,0.542174935059,90.0000061399,90.0000046332
0.691989909526,-0.68420953097,0.684178011261,-0.678353718447,0.663364504667,0.542174935059,90.0000061399,90.0000046332
0.691913301761,-0.684060125891,0.684051827734,-0.678172853621,0.663364504667,0.542174935059,90.0000061399,90.0000046332
0.691836607734,-0.68391019116,0.683925397548,-0.677991402931,0.663364504667,0.542174935059,90.0000061399,90.0000046332
0.691759828332,-0.683759726496,0.68379872167,-0.6778093663,0.663364504667,0.542174935059,90.0000061399,90.0000046332
0.691682964442,-0.683608731623,0.683671801155,-0.677626743566,0.663364504667,0.542174935059,90.0000061399,90.0000046332
0.691606016952,-0.683457206263,0.683544637017,-0.677443534606,0.663364504667,0.542174935059,90.0000061399,90.0000046332
0.691528986747,-0.683305150143,0.68341723019,-0.677259739382,0.663364504667,0.542174935059,90.0000061399,90.0000046332
0.691451874716,-0.683152562987,0.683289581609,-0.677075357857,0.663364504667,0.542174935059,90.0000061399,90.0000046332
0.691374681743,-0.682999444525,0.68316169221,-0.676890389995,0.663364504667,0.542174935059,90.0000061399,90.0000046332
0.691297408911,-0.682845794285,0.683033562927,-0.676704835764,0.663364504667,0.542174935059,90.0000061399,90.0000046332
0.691220057306,-0.682691611796,0.682905194699,-0.67651869513,0.663364504667,0.542174935059,90.0000061399,90.0000046332
0.69114262782,-0.682536896784,0.682776588474,-0.676331968049,0.663364504667,0.542174935059,90.0000061399,90.0000046332
0.691065121338,-0.68238164898,0.682647745258,-0.676144654423,0.663364504667,0.542174935059,90.0000061399,90.0000046332
0.690987538745,-0.682225868119,0.682518666046,-0.675956754168,0.663364504667,0.542174935059,90.0000061399,90.0000046332
0.690909880928,-0.682069553935,0.682389351774,-0.675768267257,0.663364504667,0.542174935059,90.0000061399,90.0000046332
0.69083214877,-0.681912706165,0.682259803383,-0.675579193665,0.663364504667,0.542174935059,90.0000061399,90.0000046332
0.690754343157,-0.681755324545,0.682130021811,-0.67538953337,0.663364504667,0.542174935059,90.0000061399,90.0000046332
0.690676464973,-0.681597408815,0.682000008,-0.675199286348,0.663364504667,0.542174935059,90.0000061399,90.0000046332
0.690598515102,-0.681438958716,0.681869762889,-0.675008452578,0.663364504667,0.542174935059,90.0000061399,90.0000046332
0.690520494451,-0.681279973964,0.68173928739,-0.674817032072,0.663364504667,0.542174935059,90.0000061399,90.0000046332
0.690442404102,-0.681120454102,0.681608582304,-0.674625024954,0.663364504667,0.542174935059,90.0000061399,90.0000046332
0.690364245117,-0.680960398693,0.681477648458,-0.674432431323,0.663364504667,0.542174935059,90.0000061399,90.0000046332
0.690286018378,-0.680799807483,0.68134648679,-0.67423925117,0.663364504667,0.542174935059,90.0000061399,90.0000046332
0.690207724769,-0.680638680217,0.681215098237,-0.674045484487,0.663364504667,0.542174935059,90.0000061399,90.0000046332
0.690129365171,-0.680477016644,0.681083483737,-0.673851131269,0.663364504667,0.542174935059,90.0000061399,90.0000046332
0.690050940468,-0.680314816511,0.680951644228,-0.67365619151,0.663364504667,0.542174935059,90.0000061399,90.0000046332
0.68997245154,-0.68015207957,0.68081958065,-0.673460665207,0.663364504667,0.542174935059,90.0000061399,90.0000046332
0.689893899271,-0.679988805571,0.68068729395,-0.673264552349,0.663364504667,0.542174935059,90.0000061399,90.0000046332
0.68981528454,-0.679824994268,0.68055478509,-0.673067852915,0.663364504667,0.542174935059,90.0000061399,90.0000046332
0.689736608229,-0.679660645414,0.680422055021,-0.672870566894,0.663364504667,0.542174935059,90.0000061399,90.0000046332
0.689657871324,-0.679495758657,0.680289104682,-0.67267269429,0.663364504667,0.542174935059,90.0000061399,90.0000046332
0.689579074904,-0.679330333553,0.680155935013,-0.672474235109,0.663364504667,0.542174935059,90.0000061399,90.0000046332
0.68950021994,-0.679164369767,0.680022546955,-0.672275189357,0.663364504667,0.542174935059,90.0000061399,90.0000046332
0.689421307309,-0.678997867058,0.679888941449,-0.672075557041,0.663364504667,0.542174935059,90.0000061399,90.0000046332
0.689342337892,-0.678830825188,0.679755119436,-0.671875338171,0.663364504667,0.542174935059,90.0000061399,90.0000046332
0.689263312568,-0.678663243916,0.679621081879,-0.671674532737,0.663364504667,0.542174935059,90.0000061399,90.0000046332
0.689184232215,-0.678495123007,0.679486829747,-0.671473140724,0.663364504667,0.542174935059,90.0000061399,90.0000046332
0.68910509771,-0.678326462223,0.679352363986,-0.671271162141,0.663364504667,0.542174935059,90.0000061399,90.0000046332
0.689025909932,-0.678157261332,0.679217685541,-0.671068597004,0.663364504667,0.542174935059,90.0000061399,90.0000046332
0.688946669758,-0.677987520098,0.679082795352,-0.670865445331,0.663364504667,0.542174935059,90.0000061399,90.0000046332
0.688867378108,-0.677817238245,0.678947694363,-0.67066170714,0.663364504667,0.542174935059,90.0000061399,90.0000046332
0.688788036054,-0.677646415346,0.678812383518,-0.670457382451,0.663364504667,0.542174935059,90.0000061399,90.0000046332
0.688708644619,-0.677475051018,0.678676863763,-0.670252471283,0.663364504667,0.542174935059,90.0000061399,90.0000046332
0.68862920468,-0.677303145034,0.67854113606,-0.670046973643,0.663364504667,0.542174935059,90.0000061399,90.0000046332
0.688549717111,-0.677130697168,0.678405201361,-0.669840889546,0.663364504667,0.542174935059,90.0000061399,90.0000046332
0.688470182787,-0.676957707192,0.67826906061,-0.669634219018,0.663364504667,0.542174935059,90.0000061399,90.0000046332
0.688390602581,-0.676784174883,0.678132714753,-0.66942696209,0.663364504667,0.542174935059,90.0000061399,90.0000046332
0.688310977369,-0.676610100017,0.677996164732,-0.669219118791,0.663364504667,0.542174935059,90.0000061399,90.0000046332
0.688231308021,-0.676435482373,0.677859411494,-0.669010689152,0.663364504667,0.542174935059,90.0000061399,90.0000046332
0.688151595412,-0.67626032173,0.677722455984,-0.668801673205,0.663364504667,0.542174935059,90.0000061399,90.0000046332
0.688071840445,-0.676084617837,0.677585299149,-0.668592070983,0.663364504667,0.542174935059,90.0000061399,90.0000046332
0.687992044179,-0.675908370284,0.67744794194,-0.668381882518,0.663364504667,0.542174935059,90.0000061399,90.0000046332
0.687912207643,-0.675731578694,0.677310385301,-0.668171107848,0.663364504667,0.542174935059,90.0000061399,90.0000046332
0.687832331708,-0.675554242852,0.677172630178,-0.667959747013,0.663364504667,0.542174935059,90.0000061399,90.0000046332
0.687752417243,-0.675376362544,0.677034677515,-0.667747800055,0.663364504667,0.542174935059,90.0000061399,90.0000046332
0.687672465118,-0.675197937557,0.67689652826,-0.667535267017,0.663364504667,0.542174935059,90.0000061399,90.0000046332
0.687592476203,-0.675018967678,0.676758183357,-0.667322147941,0.663364504667,0.542174935059,90.0000061399,90.0000046332
0.687512451364,-0.674839452698,0.676619643751,-0.667108442879,0.663364504667,0.542174935059,90.0000061399,90.0000046332
0.687432391471,-0.674659392408,0.676480910382,-0.666894151883,0.663364504667,0.542174935059,90.0000061399,90.0000046332
0.687352297391,-0.674478786599,0.676341984191,-0.666679275006,0.663364504667,0.542174935059,90.0000061399,90.0000046332
0.687272170049,-0.674297635006,0.676202866125,-0.666463812301,0.663364504667,0.542174935059,90.0000061399,90.0000046332
0.687192010491,-0.674115937239,0.67606355713,-0.666247763819,0.663364504667,0.542174935059,90.0000061399,90.0000046332
0.687111819706,-0.673933692969,0.675924058152,-0.666031129615,0.663364504667,0.542174935059,90.0000061399,90.0000046332
0.687031598558,-0.673750901995,0.675784370139,-0.665813909745,0.663364504667,0.542174935059,90.0000061399,90.0000046332
0.686951347912,-0.673567564114,0.675644494031,-0.665596104272,0.663364504667,0.542174935059,90.0000061399,90.0000046332
0.686871068632,-0.673383679126,0.675504430761,-0.665377713269,0.663364504667,0.542174935059,90.0000061399,90.0000046332
0.68679076158,-0.673199246833,0.675364181265,-0.665158736807,0.663364504667,0.542174935059,90.0000061399,90.0000046332
0.686710427618,-0.673014267038,0.67522374649,-0.664939174949,0.663364504667,0.542174935059,90.0000061399,90.0000046332
0.68663006761,-0.672828739543,0.675083127382,-0.66471902776,0.663364504667,0.542174935059,90.0000061399,90.0000046332
0.686549682415,-0.672642664155,0.674942324888,-0.664498295304,0.663364504667,0.542174935059,90.0000061399,90.0000046332
0.686469272964,-0.672456040608,0.674801339954,-0.664276977649,0.663364504667,0.542174935059,90.0000061399,90.0000046332
0.686388840217,-0.672268868609,0.674660173521,-0.664055074872,0.663364504667,0.542174935059,90.0000061399,90.0000046332
0.686308385061,-0.672081147936,0.674518826512,-0.663832587065,0.663364504667,0.542174935059,90.0000061399,90.0000046332
0.686227908355,-0.671892878402,0.674377299861,-0.663609514316,0.663364504667,0.542174935059,90.0000061399,90.0000046332
0.686147410953,-0.671704059819,0.674235594512,-0.663385856698,0.663364504667,0.542174935059,90.0000061399,90.0000046332
0.686066893711,-0.671514692002,0.674093711413,-0.663161614288,0.663364504667,0.542174935059,90.0000061399,90.0000046332
0.685986357485,-0.671324774768,0.673951651509,-0.662936787164,0.663364504667,0.542174935059,90.0000061399,90.0000046332
0.685905803127,-0.671134307933,0.673809415748,-0.662711375403,0.663364504667,0.542174935059,90.0000061399,90.0000046332
0.685825231492,-0.670943291317,0.673667005065,-0.662485379097,0.663364504667,0.542174935059,90.0000061399,90.0000046332
0.68574464338,-0.670751724791,0.673524420376,-0.662258798359,0.663364504667,0.542174935059,90.0000061399,90.0000046332
0.685664039424,-0.6705596084,0.673381662612,-0.662031633289,0.663364504667,0.542174935059,90.0000061399,90.0000046332
0.685583420305,-0.670366942143,0.673238732719,-0.661803883973,0.663364504667,0.542174935059,90.0000061399,90.0000046332
0.685502786863,-0.670173725851,0.673095631641,-0.661575550499,0.663364504667,0.542174935059,90.0000061399,90.0000046332
0.685422139942,-0.669979959359,0.672952360325,-0.661346632955,0.663364504667,0.542174935059,90.0000061399,90.0000046332
0.685341480379,-0.669785642502,0.672808919718,-0.661117131432,0.663364504667,0.542174935059,90.0000061399,90.0000046332
0.685260809016,-0.669590775117,0.672665310746,-0.66088704604,0.663364504667,0.542174935059,90.0000061399,90.0000046332
0.68518012669,-0.669395357042,0.672521534322,-0.660656376906,0.663364504667,0.542174935059,90.0000061399,90.0000046332
0.68509943424,-0.669199388116,0.672377591378,-0.660425124141,0.663364504667,0.542174935059,90.0000061399,90.0000046332
0.685018732502,-0.66900286818,0.672233482858,-0.660193287843,0.663364504667,0.542174935059,90.0000061399,90.0000046332
0.684938022342,-0.668805797048,0.672089209708,-0.659960868109,0.663364504667,0.542174935059,90.0000061399,90.0000046332
0.684857304621,-0.668608174535,0.671944772873,-0.659727865041,0.663364504667,0.542174935059,90.0000061399,90.0000046332
0.684776580172,-0.668410000489,0.671800173298,-0.659494278739,0.663364504667,0.542174935059,90.0000061399,90.0000046332
0.684695849827,-0.668211274756,0.671655411897,-0.659260109339,0.663364504667,0.542174935059,90.0000061399,90.0000046332
0.684615114416,-0.668011997189,0.671510489576,-0.659025356987,0.663364504667,0.542174935059,90.0000061399,90.0000046332
0.684534374767,-0.667812167637,0.671365407272,-0.658790021795,0.663364504667,0.542174935059,90.0000061399,90.0000046332
0.684453631711,-0.667611785954,0.67122016593,-0.658554103873,0.663364504667,0.542174935059,90.0000061399,90.0000046332
0.684372886075,-0.667410851994,0.671074766493,-0.658317603332,0.663364504667,0.542174935059,90.0000061399,90.0000046332
0.684292138685,-0.667209365612,0.670929209906,-0.658080520283,0.663364504667,0.542174935059,90.0000061399,90.0000046332
0.684211390401,-0.667007326631,0.670783497106,-0.657842854846,0.663364504667,0.542174935059,90.0000061399,90.0000046332
0.684130642084,-0.666804734872,0.670637628996,-0.657604607177,0.663364504667,0.542174935059,90.0000061399,90.0000046332
0.684049894561,-0.666601590192,0.670491606482,-0.657365777431,0.663364504667,0.542174935059,90.0000061399,90.0000046332
0.683969148652,-0.666397892454,0.670345430509,-0.657126365727,0.663364504667,0.542174935059,90.0000061399,90.0000046332
0.683888405179,-0.666193641522,0.670199102018,-0.656886372184,0.663364504667,0.542174935059,90.0000061399,90.0000046332
0.683807664961,-0.665988837262,0.670052621952,-0.656645796924,0.663364504667,0.542174935059,90.0000061399,90.0000046332
0.683726928815,-0.665783479541,0.669905991255,-0.656404640071,0.663364504667,0.542174935059,90.0000061399,90.0000046332
0.68364619756,-0.665577568226,0.669759210842,-0.656162901776,0.663364504667,0.542174935059,90.0000061399,90.0000046332
0.683565472013,-0.665371103188,0.669612281609,-0.655920582213,0.663364504667,0.542174935059,90.0000061399,90.0000046332
0.683484753006,-0.665164084278,0.669465204476,-0.655677681533,0.663364504667,0.542174935059,90.0000061399,90.0000046332
0.683404041374,-0.664956511351,0.669317980384,-0.655434199865,0.663364504667,0.542174935059,90.0000061399,90.0000046332
0.683323337928,-0.664748384281,0.669170610276,-0.655190137342,0.663364504667,0.542174935059,90.0000061399,90.0000046332
0.683242643478,-0.664539702946,0.669023095091,-0.654945494095,0.663364504667,0.542174935059,90.0000061399,90.0000046332
0.683161958836,-0.664330467223,0.668875435769,-0.654700270263,0.663364504667,0.542174935059,90.0000061399,90.0000046332
0.683081284808,-0.664120676994,0.668727633201,-0.654454466031,0.663364504667,0.542174935059,90.0000061399,90.0000046332
0.683000622202,-0.66391033214,0.66857968828,-0.654208081586,0.663364504667,0.542174935059,90.0000061399,90.0000046332
0.682919971826,-0.663699432543,0.668431601948,-0.653961117067,0.663364504667,0.542174935059,90.0000061399,90.0000046332
0.682839334484,-0.663487978086,0.668283375142,-0.653713572615,0.663364504667,0.542174935059,90.0000061399,90.0000046332
0.682758710984,-0.663275968654,0.668135008803,-0.653465448374,0.663364504667,0.542174935059,90.0000061399,90.0000046332
0.682678102129,-0.663063404132,0.66798650387,-0.653216744486,0.663364504667,0.542174935059,90.0000061399,90.0000046332
0.682597508719,-0.662850284411,0.667837861247,-0.652967461135,0.663364504667,0.542174935059,90.0000061399,90.0000046332
0.682516931553,-0.662636609384,0.667689081818,-0.652717598524,0.663364504667,0.542174935059,90.0000061399,90.0000046332
0.682436371429,-0.662422378943,0.6675401665,-0.652467156824,0.663364504667,0.542174935059,90.0000061399,90.0000046332
0.682355829143,-0.662207592984,0.667391116231,-0.652216136185,0.663364504667,0.542174935059,90.0000061399,90.0000046332
0.682275305492,-0.661992251401,0.667241931947,-0.65196453676,0.663364504667,0.542174935059,90.0000061399,90.0000046332
0.682194801271,-0.661776354093,0.667092614588,-0.651712358704,0.663364504667,0.542174935059,90.0000061399,90.0000046332
0.682114317267,-0.661559900963,0.666943165073,-0.651459602187,0.663364504667,0.542174935059,90.0000061399,90.0000046332
0.68203385426,-0.661342891926,0.666793584283,-0.651206267426,0.663364504667,0.542174935059,90.0000061399,90.0000046332
0.681953413032,-0.661125326892,0.666643873112,-0.650952354622,0.663364504667,0.542174935059,90.0000061399,90.0000046332
0.681872994371,-0.660907205767,0.666494032496,-0.650697863937,0.663364504667,0.542174935059,90.0000061399,90.0000046332
0.681792599064,-0.660688528456,0.666344063369,-0.650442795531,0.663364504667,0.542174935059,90.0000061399,90.0000046332
0.681712227897,-0.660469294869,0.666193966668,-0.65018714957,0.663364504667,0.542174935059,90.0000061399,90.0000046332
0.681631881653,-0.660249504914,0.666043743327,-0.649930926217,0.663364504667,0.542174935059,90.0000061399,90.0000046332
0.681551561118,-0.660029158503,0.66589339422,-0.649674125702,0.663364504667,0.542174935059,90.0000061399,90.0000046332
0.681471267073,-0.659808255546,0.665742920221,-0.649416748256,0.663364504667,0.542174935059,90.0000061399,90.0000046332
0.681391000277,-0.659586795981,0.665592322263,-0.649158794049,0.663364504667,0.542174935059,90.0000061399,90.0000046332
0.681310761482,-0.659364779751,0.665441601277,-0.648900263254,0.663364504667,0.542174935059,90.0000061399,90.0000046332
0.681230551463,-0.659142206776,0.665290758197,-0.648641156044,0.663364504667,0.542174935059,90.0000061399,90.0000046332
0.681150370995,-0.658919076976,0.665139793956,-0.648381472593,0.663364504667,0.542174935059,90.0000061399,90.0000046332
0.681070220853,-0.658695390274,0.664988709435,-0.64812121313,0.663364504667,0.542174935059,90.0000061399,90.0000046332
0.680990101808,-0.658471146591,0.664837505499,-0.647860377902,0.663364504667,0.542174935059,90.0000061399,90.0000046332
0.680910014634,-0.658246345851,0.664686183062,-0.647598967105,0.663364504667,0.542174935059,90.0000061399,90.0000046332
0.680829960101,-0.658020987981,0.664534743055,-0.64733698092,0.663364504667,0.542174935059,90.0000061399,90.0000046332
0.680749938961,-0.657795072924,0.664383186409,-0.64707441953,0.663364504667,0.542174935059,90.0000061399,90.0000046332
0.680669951944,-0.657568600647,0.664231514054,-0.646811283119,0.663364504667,0.542174935059,90.0000061399,90.0000046332
0.680589999798,-0.6573415711,0.664079726874,-0.646547571919,0.663364504667,0.542174935059,90.0000061399,90.0000046332
0.680510083286,-0.657113984217,0.663927825726,-0.646283286193,0.663364504667,0.542174935059,90.0000061399,90.0000046332
0.68043020317,-0.656885839932,0.663775811509,-0.646018426158,0.663364504667,0.542174935059,90.0000061399,90.0000046332
0.680350360211,-0.656657138183,0.663623685151,-0.645752992007,0.663364504667,0.542174935059,90.0000061399,90.0000046332
0.680270555169,-0.656427878905,0.663471447579,-0.645486983931,0.663364504667,0.542174935059,90.0000061399,90.0000046332
0.680190788801,-0.656198062037,0.66331909972,-0.645220402125,0.663364504667,0.542174935059,90.0000061399,90.0000046332
0.680111061858,-0.65596768753,0.663166642461,-0.644953246825,0.663364504667,0.542174935059,90.0000061399,90.0000046332
0.680031375048,-0.655736755371,0.663014076648,-0.644685518311,0.663364504667,0.542174935059,90.0000061399,90.0000046332
0.679951729087,-0.655505265544,0.662861403168,-0.64441721682,0.663364504667,0.542174935059,90.0000061399,90.0000046332
0.679872124727,-0.655273217996,0.662708622945,-0.644148342554,0.663364504667,0.542174935059,90.0000061399,90.0000046332
0.679792562716,-0.655040612675,0.662555736904,-0.643878895714,0.663364504667,0.542174935059,90.0000061399,90.0000046332
0.679713043804,-0.654807449529,0.662402745968,-0.643608876503,0.663364504667,0.542174935059,90.0000061399,90.0000046332
0.679633568738,-0.654573728511,0.662249651022,-0.64333828517,0.663364504667,0.542174935059,90.0000061399,90.0000046332
0.679554138264,-0.654339449571,0.662096452901,-0.643067122006,0.663364504667,0.542174935059,90.0000061399,90.0000046332
0.679474753125,-0.654104612663,0.661943152484,-0.642795387268,0.663364504667,0.542174935059,90.0000061399,90.0000046332
0.679395414014,-0.653869217796,0.661789750693,-0.642523081165,0.663364504667,0.542174935059,90.0000061399,90.0000046332
0.679316121619,-0.653633264981,0.661636248447,-0.642250203909,0.663364504667,0.542174935059,90.0000061399,90.0000046332
0.679236876679,-0.653396754179,0.661482646669,-0.641976755712,0.663364504667,0.542174935059,90.0000061399,90.0000046332
0.679157679929,-0.653159685351,0.661328946232,-0.641702736836,0.663364504667,0.542174935059,90.0000061399,90.0000046332
0.679078532107,-0.652922058458,0.661175147967,-0.641428147588,0.663364504667,0.542174935059,90.0000061399,90.0000046332
0.678999433946,-0.652683873466,0.661021252747,-0.641152988234,0.663364504667,0.542174935059,90.0000061399,90.0000046332
0.67892038618,-0.652445130339,0.66086726149,-0.640877258993,0.663364504667,0.542174935059,90.0000061399,90.0000046332
0.678841389539,-0.652205829044,0.660713175112,-0.640600960086,0.663364504667,0.542174935059,90.0000061399,90.0000046332
0.678762444701,-0.651965969605,0.660558994532,-0.640324091736,0.663364504667,0.542174935059,90.0000061399,90.0000046332
0.678683552331,-0.651725552057,0.660404720618,-0.640046654215,0.663364504667,0.542174935059,90.0000061399,90.0000046332
0.678604713152,-0.651484576376,0.660250354202,-0.639768647837,0.663364504667,0.542174935059,90.0000061399,90.0000046332
0.678525927885,-0.651243042539,0.660095896162,-0.639490072865,0.663364504667,0.542174935059,90.0000061399,90.0000046332
0.678447197254,-0.65100095052,0.659941347412,-0.63921092953,0.663364504667,0.542174935059,90.0000061399,90.0000046332
0.678368521981,-0.650758300296,0.659786708867,-0.63893121806,0.663364504667,0.542174935059,90.0000061399,90.0000046332
0.678289902784,-0.650515091847,0.659631981441,-0.638650938687,0.663364504667,0.542174935059,90.0000061399,90.0000046332
0.678211340382,-0.65027132515,0.659477165985,-0.638370091707,0.663364504667,0.542174935059,90.0000061399,90.0000046332
0.678132835434,-0.650027000251,0.659322263324,-0.638088677446,0.663364504667,0.542174935059,90.0000061399,90.0000046332
0.678054388588,-0.6497821172,0.659167274343,-0.637806696166,0.663364504667,0.542174935059,90.0000061399,90.0000046332
0.67797600055,-0.649536675988,0.659012199952,-0.637524148106,0.663364504667,0.542174935059,90.0000061399,90.0000046332
0.677897672032,-0.649290676604,0.658857041063,-0.637241033506,0.663364504667,0.542174935059,90.0000061399,90.0000046332
0.677819403742,-0.649044119036,0.658701798584,-0.636957352606,0.663364504667,0.542174935059,90.0000061399,90.0000046332
0.677741196389,-0.648797003273,0.658546473344,-0.63667310573,0.663364504667,0.542174935059,90.0000061399,90.0000046332
0.677663050678,-0.648549329308,0.658391066161,-0.636388293218,0.663364504667,0.542174935059,90.0000061399,90.0000046332
0.677584967314,-0.648301097134,0.658235577929,-0.636102915327,0.663364504667,0.542174935059,90.0000061399,90.0000046332
0.677506946928,-0.648052306821,0.658080009556,-0.635816972305,0.663364504667,0.542174935059,90.0000061399,90.0000046332
0.677428990148,-0.64780295844,0.657924361947,-0.635530464401,0.663364504667,0.542174935059,90.0000061399,90.0000046332
0.677351097674,-0.64755305199,0.657768635999,-0.635243391873,0.663364504667,0.542174935059,90.0000061399,90.0000046332
0.677273270201,-0.647302587471,0.657612832522,-0.634955755071,0.663364504667,0.542174935059,90.0000061399,90.0000046332
0.677195508426,-0.647051564886,0.657456952331,-0.63466755434,0.663364504667,0.542174935059,90.0000061399,90.0000046332
0.677117813043,-0.646799984236,0.657300996331,-0.634378789935,0.663364504667,0.542174935059,90.0000061399,90.0000046332
0.677040184744,-0.646547845527,0.657144965422,-0.634089462111,0.663364504667,0.542174935059,90.0000061399,90.0000046332
0.676962624205,-0.646295148779,0.656988860509,-0.633799571127,0.663364504667,0.542174935059,90.0000061399,90.0000046332
0.676885132041,-0.646041894078,0.656832682456,-0.633509117277,0.663364504667,0.542174935059,90.0000061399,90.0000046332
0.676807708877,-0.645788081497,0.656676432064,-0.633218100926,0.663364504667,0.542174935059,90.0000061399,90.0000046332
0.6767303554,-0.645533711047,0.656520110168,-0.632926522403,0.663364504667,0.542174935059,90.0000061399,90.0000046332
0.67665307229,-0.645278782742,0.656363717669,-0.632634381971,0.663364504667,0.542174935059,90.0000061399,90.0000046332
0.676575860231,-0.645023296597,0.656207255463,-0.632341679895,0.663364504667,0.542174935059,90.0000061399,90.0000046332
0.676498719901,-0.644767252626,0.65605072445,-0.632048416442,0.663364504667,0.542174935059,90.0000061399,90.0000046332
0.67642165198,-0.644510650846,0.655894125456,-0.63175459195,0.663364504667,0.542174935059,90.0000061399,90.0000046332
0.676344657106,-0.644253491317,0.655737459277,-0.631460206796,0.663364504667,0.542174935059,90.0000061399,90.0000046332
0.676267735869,-0.643995774147,0.655580726774,-0.631165261284,0.663364504667,0.542174935059,90.0000061399,90.0000046332
0.676190888898,-0.643737499405,0.655423928842,-0.630869755688,0.663364504667,0.542174935059,90.0000061399,90.0000046332
0.676114116863,-0.643478667116,0.655267066374,-0.630573690281,0.663364504667,0.542174935059,90.0000061399,90.0000046332
0.676037420432,-0.643219277305,0.655110140262,-0.630277065342,0.663364504667,0.542174935059,90.0000061399,90.0000046332
0.675960800273,-0.642959329999,0.65495315129,-0.629979881257,0.663364504667,0.542174935059,90.0000061399,90.0000046332
0.675884257051,-0.642698825226,0.654796100248,-0.629682138412,0.663364504667,0.542174935059,90.0000061399,90.0000046332
0.675807791432,-0.642437763017,0.654638988026,-0.629383837087,0.663364504667,0.542174935059,90.0000061399,90.0000046332
0.675731404006,-0.642176143475,0.654481815514,-0.629084977564,0.663364504667,0.542174935059,90.0000061399,90.0000046332
0.675655095349,-0.641913966726,0.654324583602,-0.628785560123,0.663364504667,0.542174935059,90.0000061399,90.0000046332
0.675578866101,-0.64165123282,0.654167293131,-0.6284855851,0.663364504667,0.542174935059,90.0000061399,90.0000046332
0.675502716919,-0.641387941794,0.654009944878,-0.628185052894,0.663364504667,0.542174935059,90.0000061399,90.0000046332
0.675426648457,-0.641124093688,0.653852539666,-0.627883963858,0.663364504667,0.542174935059,90.0000061399,90.0000046332
0.675350661368,-0.64085968854,0.653695078383,-0.627582318281,0.663364504667,0.542174935059,90.0000061399,90.0000046332
0.675274756303,-0.640594726391,0.653537561912,-0.627280116451,0.663364504667,0.542174935059,90.0000061399,90.0000046332
0.67519893389,-0.640329207305,0.653379991138,-0.626977358661,0.663364504667,0.542174935059,90.0000061399,90.0000046332
0.675123194685,-0.640063131424,0.653222366846,-0.626674045307,0.663364504667,0.542174935059,90.0000061399,90.0000046332
0.675047539265,-0.639796498864,0.653064689803,-0.626370176803,0.663364504667,0.542174935059,90.0000061399,90.0000046332
0.674971968273,-0.639529309675,0.652906960877,-0.62606575346,0.663364504667,0.542174935059,90.0000061399,90.0000046332
0.674896482349,-0.639261563906,0.652749180948,-0.625760775575,0.663364504667,0.542174935059,90.0000061399,90.0000046332
0.674821082134,-0.638993261607,0.652591350896,-0.625455243447,0.663364504667,0.542174935059,90.0000061399,90.0000046332
0.674745768265,-0.63872440283,0.65243347156,-0.625149157418,0.663364504667,0.542174935059,90.0000061399,90.0000046332
0.674670541379,-0.638454987627,0.652275543699,-0.624842517913,0.663364504667,0.542174935059,90.0000061399,90.0000046332
0.674595402039,-0.638185016131,0.652117568114,-0.624535325317,0.663364504667,0.542174935059,90.0000061399,90.0000046332
0.674520350776,-0.637914488502,0.651959545681,-0.624227579934,0.663364504667,0.542174935059,90.0000061399,90.0000046332
0.674445388195,-0.637643404827,0.651801477275,-0.623919282069,0.663364504667,0.542174935059,90.0000061399,90.0000046332
0.674370514924,-0.637371765166,0.651643363773,-0.623610432029,0.663364504667,0.542174935059,90.0000061399,90.0000046332
0.674295731589,-0.63709956958,0.651485205942,-0.623301030233,0.663364504667,0.542174935059,90.0000061399,90.0000046332
0.674221038815,-0.636826818133,0.651327004534,-0.622991077118,0.663364504667,0.542174935059,90.0000061399,90.0000046332
0.674146437225,-0.636553510887,0.651168760404,-0.622680573014,0.663364504667,0.542174935059,90.0000061399,90.0000046332
0.674071927408,-0.636279647943,0.651010474424,-0.622369518234,0.663364504667,0.542174935059,90.0000061399,90.0000046332
0.673997509876,-0.636005229481,0.650852147463,-0.62205791309,0.663364504667,0.542174935059,90.0000061399,90.0000046332
0.673923185169,-0.635730255651,0.65069378034,-0.621745757953,0.663364504667,0.542174935059,90.0000061399,90.0000046332
0.673848953904,-0.635454726524,0.650535373798,-0.621433053271,0.663364504667,0.542174935059,90.0000061399,90.0000046332
0.673774816692,-0.635178642172,0.650376928632,-0.621119799439,0.663364504667,0.542174935059,90.0000061399,90.0000046332
0.673700774144,-0.634902002669,0.650218445708,-0.620805996777,0.663364504667,0.542174935059,90.0000061399,90.0000046332
0.673626826871,-0.634624808089,0.650059925892,-0.620491645606,0.663364504667,0.542174935059,90.0000061399,90.0000046332
0.67355297548,-0.634347058509,0.649901370049,-0.620176746248,0.663364504667,0.542174935059,90.0000061399,90.0000046332
0.673479220468,-0.63406875412,0.649742778914,-0.619861299163,0.663364504667,0.542174935059,90.0000061399,90.0000046332
0.673405562323,-0.633789895127,0.649584153222,-0.619545304809,0.663364504667,0.542174935059,90.0000061399,90.0000046332
0.673332001638,-0.63351048162,0.649425493834,-0.619228763516,0.663364504667,0.542174935059,90.0000061399,90.0000046332
0.673258539011,-0.633230513681,0.649266801612,-0.61891167561,0.663364504667,0.542174935059,90.0000061399,90.0000046332
0.673185175041,-0.632949991396,0.649108077415,-0.61859404142,0.663364504667,0.542174935059,90.0000061399,90.0000046332
0.673111910322,-0.632668914849,0.648949322021,-0.618275861365,0.663364504667,0.542174935059,90.0000061399,90.0000046332
0.67303874545,-0.632387284128,0.648790536155,-0.617957135916,0.663364504667,0.542174935059,90.0000061399,90.0000046332
0.672965680938,-0.632105099404,0.648631720623,-0.617637865459,0.663364504667,0.542174935059,90.0000061399,90.0000046332
0.672892717253,-0.631822360898,0.648472876283,-0.617318050329,0.663364504667,0.542174935059,90.0000061399,90.0000046332
0.672819854933,-0.631539068754,0.64831400399,-0.616997690862,0.663364504667,0.542174935059,90.0000061399,90.0000046332
0.672747094566,-0.631255223064,0.648155104559,-0.616676787435,0.663364504667,0.542174935059,90.0000061399,90.0000046332
0.672674436734,-0.630970823925,0.647996178709,-0.616355340532,0.663364504667,0.542174935059,90.0000061399,90.0000046332
0.672601882019,-0.630685871433,0.647837227192,-0.616033350595,0.663364504667,0.542174935059,90.0000061399,90.0000046332
0.672529431001,-0.630400365684,0.64767825086,-0.615710817968,0.663364504667,0.542174935059,90.0000061399,90.0000046332
0.67245708421,-0.630114306831,0.647519250563,-0.615387742993,0.663364504667,0.542174935059,90.0000061399,90.0000046332
0.672384842089,-0.629827695114,0.647360227151,-0.615064126014,0.663364504667,0.542174935059,90.0000061399,90.0000046332
0.672312705132,-0.629540530723,0.647201181337,-0.614739967519,0.663364504667,0.542174935059,90.0000061399,90.0000046332
0.672240673909,-0.629252813762,0.647042113828,-0.614415268003,0.663364504667,0.542174935059,90.0000061399,90.0000046332
0.672168748989,-0.628964544336,0.646883025464,-0.61409002782,0.663364504667,0.542174935059,90.0000061399,90.0000046332
0.672096930941,-0.628675722554,0.646723917091,-0.61376424732,0.663364504667,0.542174935059,90.0000061399,90.0000046332
0.672025220331,-0.628386348522,0.646564789554,-0.613437926853,0.663364504667,0.542174935059,90.0000061399,90.0000046332
0.671953617699,-0.628096422375,0.646405643597,-0.613111066876,0.663364504667,0.542174935059,90.0000061399,90.0000046332
0.671882123486,-0.627805944355,0.646246479919,-0.612783667894,0.663364504667,0.542174935059,90.0000061399,90.0000046332
0.671810738152,-0.627514914679,0.646087299315,-0.61245573031,0.663364504667,0.542174935059,90.0000061399,90.0000046332
0.671739462255,-0.627223333464,0.645928102624,-0.612127254482,0.663364504667,0.542174935059,90.0000061399,90.0000046332
0.67166829635,-0.626931200824,0.645768890686,-0.611798240766,0.663364504667,0.542174935059,90.0000061399,90.0000046332
0.671597240991,-0.626638516877,0.645609664276,-0.611468689588,0.663364504667,0.542174935059,90.0000061399,90.0000046332
0.671526296729,-0.626345281742,0.645450424083,-0.611138601465,0.663364504667,0.542174935059,90.0000061399,90.0000046332
0.671455464107,-0.626051495545,0.645291170858,-0.610807976847,0.663364504667,0.542174935059,90.0000061399,90.0000046332
0.671384743549,-0.625757158543,0.645131905435,-0.610476816098,0.663364504667,0.542174935059,90.0000061399,90.0000046332
0.67131413548,-0.625462270986,0.644972628649,-0.610145119582,0.663364504667,0.542174935059,90.0000061399,90.0000046332
0.671243640443,-0.625166832999,0.644813341301,-0.609812887696,0.663364504667,0.542174935059,90.0000061399,90.0000046332
0.67117325898,-0.624870844708,0.644654044072,-0.609480120967,0.663364504667,0.542174935059,90.0000061399,90.0000046332
0.67110299163,-0.624574306241,0.644494737671,-0.609146819892,0.663364504667,0.542174935059,90.0000061399,90.0000046332
0.671032838931,-0.624277217726,0.644335422928,-0.608812984839,0.663364504667,0.542174935059,90.0000061399,90.0000046332
0.670962801419,-0.623979579292,0.64417610067,-0.60847861618,0.663364504667,0.542174935059,90.0000061399,90.0000046332
0.670892879499,-0.623681391209,0.644016771724,-0.608143714287,0.663364504667,0.542174935059,90.0000061399,90.0000046332
0.67082307357,-0.623382653752,0.643857436761,-0.607808279698,0.663364504667,0.542174935059,90.0000061399,90.0000046332
0.670753384158,-0.623083367059,0.643698096453,-0.607472312949,0.663364504667,0.542174935059,90.0000061399,90.0000046332
0.670683811791,-0.622783531267,0.643538751622,-0.607135814418,0.663364504667,0.542174935059,90.0000061399,90.0000046332
0.670614356992,-0.622483146513,0.643379403092,-0.606798784481,0.663364504667,0.542174935059,90.0000061399,90.0000046332
0.670545020287,-0.622182212935,0.643220051684,-0.606461223517,0.663364504667,0.542174935059,90.0000061399,90.0000046332
0.670475802195,-0.621880730672,0.643060698086,-0.606123132045,0.663364504667,0.542174935059,90.0000061399,90.0000046332
0.670406703107,-0.621578700007,0.642901342958,-0.605784510614,0.663364504667,0.542174935059,90.0000061399,90.0000046332
0.670337723402,-0.62127612123,0.642741987094,-0.605445359635,0.663364504667,0.542174935059,90.0000061399,90.0000046332
0.670268863587,-0.620972994494,0.64258263131,-0.605105679491,0.663364504667,0.542174935059,90.0000061399,90.0000046332
0.670200124174,-0.620669319947,0.642423276422,-0.604765470566,0.663364504667,0.542174935059,90.0000061399,90.0000046332
0.670131505673,-0.620365097734,0.642263923132,-0.604424733366,0.663364504667,0.542174935059,90.0000061399,90.0000046332
0.670063008595,-0.620060328005,0.642104572092,-0.604083468449,0.663364504667,0.542174935059,90.0000061399,90.0000046332
0.669994633446,-0.619755010907,0.641945224066,-0.603741676257,0.663364504667,0.542174935059,90.0000061399,90.0000046332
0.669926380595,-0.619449146742,0.641785879864,-0.60339935718,0.663364504667,0.542174935059,90.0000061399,90.0000046332
0.6698582504,-0.619142735814,0.641626540296,-0.603056511608,0.663364504667,0.542174935059,90.0000061399,90.0000046332
0.669790243357,-0.618835778285,0.641467206076,-0.602713140034,0.663364504667,0.542174935059,90.0000061399,90.0000046332
0.669722359965,-0.618528274311,0.641307877847,-0.602369243029,0.663364504667,0.542174935059,90.0000061399,90.0000046332
0.669654600718,-0.618220224048,0.641148556345,-0.60202482106,0.663364504667,0.542174935059,90.0000061399,90.0000046332
0.669586966112,-0.617911627655,0.640989242375,-0.601679874525,0.663364504667,0.542174935059,90.0000061399,90.0000046332
0.669519456636,-0.617602485294,0.640829936742,-0.60133440382,0.663364504667,0.542174935059,90.0000061399,90.0000046332
0.669452072635,-0.617292797283,0.640670640167,-0.600988409429,0.663364504667,0.542174935059,90.0000061399,90.0000046332
0.669384814456,-0.616982563938,0.640511353284,-0.600641891933,0.663364504667,0.542174935059,90.0000061399,90.0000046332
0.669317682584,-0.616671785422,0.640352076807,-0.600294851824,0.663364504667,0.542174935059,90.0000061399,90.0000046332
0.669250677503,-0.616360461902,0.640192811533,-0.599947289506,0.663364504667,0.542174935059,90.0000061399,90.0000046332
0.669183799695,-0.616048593544,0.640033558262,-0.59959920538,0.663364504667,0.542174935059,90.0000061399,90.0000046332
0.66911704964,-0.615736180515,0.63987431772,-0.599250599927,0.663364504667,0.542174935059,90.0000061399,90.0000046332
0.669050427794,-0.615423223005,0.639715090531,-0.598901473736,0.663364504667,0.542174935059,90.0000061399,90.0000046332
0.668983934485,-0.615109721349,0.639555877388,-0.598551827322,0.663364504667,0.542174935059,90.0000061399,90.0000046332
0.668917570055,-0.614795675858,0.639396679085,-0.598201661091,0.663364504667,0.542174935059,90.0000061399,90.0000046332
0.668851334976,-0.614481086708,0.639237496414,-0.597850975454,0.663364504667,0.542174935059,90.0000061399,90.0000046332
0.668785229716,-0.614165954072,0.639078330101,-0.59749977089,0.663364504667,0.542174935059,90.0000061399,90.0000046332
0.668719254742,-0.613850278127,0.638919180762,-0.597148047996,0.663364504667,0.542174935059,90.0000061399,90.0000046332
0.66865341052,-0.61353405905,0.638760049074,-0.596795807304,0.663364504667,0.542174935059,90.0000061399,90.0000046332
0.668587697469,-0.613217297066,0.638600935824,-0.596443049229,0.663364504667,0.542174935059,90.0000061399,90.0000046332
0.668522115894,-0.612899992524,0.638441841798,-0.596089774184,0.663364504667,0.542174935059,90.0000061399,90.0000046332
0.668456666142,-0.612582145728,0.638282767719,-0.595735982653,0.663364504667,0.542174935059,90.0000061399,90.0000046332
0.668391348671,-0.61226375686,0.638123714193,-0.595381675243,0.663364504667,0.542174935059,90.0000061399,90.0000046332
0.668326163934,-0.611944826105,0.637964681884,-0.5950268525,0.663364504667,0.542174935059,90.0000061399,90.0000046332
0.668261112383,-0.611625353647,0.637805671572,-0.594671514842,0.663364504667,0.542174935059,90.0000061399,90.0000046332
0.66819619447,-0.611305339672,0.637646684038,-0.594315662692,0.663364504667,0.542174935059,90.0000061399,90.0000046332
0.668131410565,-0.610984784451,0.637487719997,-0.593959296537,0.663364504667,0.542174935059,90.0000061399,90.0000046332
0.668066760956,-0.61066368835,0.637328780044,-0.593602416999,0.663364504667,0.542174935059,90.0000061399,90.0000046332
0.668002246001,-0.610342051651,0.637169864833,-0.593245024629,0.663364504667,0.542174935059,90.0000061399,90.0000046332
0.667937866141,-0.610019874545,0.63701097514,-0.592887119854,0.663364504667,0.542174935059,90.0000061399,90.0000046332
0.667873621817,-0.609697157226,0.636852111738,-0.592528703101,0.663364504667,0.542174935059,90.0000061399,90.0000046332
0.667809513466,-0.609373899888,0.63669327533,-0.592169774869,0.663364504667,0.542174935059,90.0000061399,90.0000046332
0.667745541524,-0.609050102727,0.636534466503,-0.591810335789,0.663364504667,0.542174935059,90.0000061399,90.0000046332
0.667681706307,-0.608725766067,0.636375685906,-0.591450386416,0.663364504667,0.542174935059,90.0000061399,90.0000046332
0.66761800808,-0.608400890288,0.636216934308,-0.591089927183,0.663364504667,0.542174935059,90.0000061399,90.0000046332
0.667554447225,-0.608075475644,0.636058212475,-0.590728958522,0.663364504667,0.542174935059,90.0000061399,90.0000046332
0.667491024167,-0.607749522335,0.635899521097,-0.590367480948,0.663364504667,0.542174935059,90.0000061399,90.0000046332
0.667427739332,-0.607423030565,0.635740860749,-0.590005495101,0.663364504667,0.542174935059,90.0000061399,90.0000046332
0.667364593142,-0.607096000534,0.635582232081,-0.589643001536,0.663364504667,0.542174935059,90.0000061399,90.0000046332
0.667301586019,-0.606768432449,0.635423635854,-0.589280000691,0.663364504667,0.542174935059,90.0000061399,90.0000046332
0.667238718214,-0.606440326698,0.63526507283,-0.588916493003,0.663364504667,0.542174935059,90.0000061399,90.0000046332
0.667175989974,-0.606111683673,0.635106543676,-0.588552479009,0.663364504667,0.542174935059,90.0000061399,90.0000046332
0.66711340171,-0.605782503589,0.63494804896,-0.588187959355,0.663364504667,0.542174935059,90.0000061399,90.0000046332
0.667050953833,-0.605452786656,0.634789589334,-0.587822934593,0.663364504667,0.542174935059,90.0000061399,90.0000046332
0.666988646753,-0.605122533084,0.634631165553,-0.587457405167,0.663364504667,0.542174935059,90.0000061399,90.0000046332
0.666926480877,-0.604791743086,0.634472778372,-0.587091371518,0.663364504667,0.542174935059,90.0000061399,90.0000046332
0.666864456564,-0.604460416928,0.634314428436,-0.586724834207,0.663364504667,0.542174935059,90.0000061399,90.0000046332
0.666802574043,-0.604128555017,0.634156116301,-0.586357793891,0.663364504667,0.542174935059,90.0000061399,90.0000046332
0.666740833591,-0.603796157706,0.633997842628,-0.58599025111,0.663364504667,0.542174935059,90.0000061399,90.0000046332
0.666679235608,-0.603463225211,0.633839608166,-0.585622206314,0.663364504667,0.542174935059,90.0000061399,90.0000046332
0.66661778049,-0.603129757753,0.633681413661,-0.585253659952,0.663364504667,0.542174935059,90.0000061399,90.0000046332
0.666556468632,-0.602795755551,0.633523259731,-0.584884612609,0.663364504667,0.542174935059,90.0000061399,90.0000046332
0.666495300428,-0.602461218825,0.633365146924,-0.584515064953,0.663364504667,0.542174935059,90.0000061399,90.0000046332
0.666434276157,-0.602126147921,0.63320707591,-0.584145017512,0.663364504667,0.542174935059,90.0000061399,90.0000046332
0.66637339603,-0.601790543257,0.633049047433,-0.583774470738,0.663364504667,0.542174935059,90.0000061399,90.0000046332
0.666312660367,-0.601454405134,0.632891062232,-0.583403425085,0.663364504667,0.542174935059,90.0000061399,90.0000046332
0.666252069551,-0.601117733778,0.632733120893,-0.583031881175,0.663364504667,0.542174935059,90.0000061399,90.0000046332
0.666191623965,-0.600780529415,0.632575223953,-0.58265983968,0.663364504667,0.542174935059,90.0000061399,90.0000046332
0.666131323988,-0.600442792276,0.632417372101,-0.582287301111,0.663364504667,0.542174935059,90.0000061399,90.0000046332
0.666071169999,-0.600104522587,0.63225956607,-0.581914265927,0.663364504667,0.542174935059,90.0000061399,90.0000046332
0.666011162192,-0.599765720783,0.632101806595,-0.581540734585,0.663364504667,0.542174935059,90.0000061399,90.0000046332
0.665951300758,-0.599426387297,0.631944094225,-0.581166707744,0.663364504667,0.542174935059,90.0000061399,90.0000046332
0.665891586067,-0.599086522363,0.631786429487,-0.580792186087,0.663364504667,0.542174935059,90.0000061399,90.0000046332
0.665832018489,-0.598746126217,0.631628813089,-0.580417170099,0.663364504667,0.542174935059,90.0000061399,90.0000046332
0.665772598391,-0.598405199095,0.63147124576,-0.580041660244,0.663364504667,0.542174935059,90.0000061399,90.0000046332
0.665713326138,-0.598063741233,0.631313728215,-0.579665656997,0.663364504667,0.542174935059,90.0000061399,90.0000046332
0.665654202018,-0.597721752952,0.631156260974,-0.579289161047,0.663364504667,0.542174935059,90.0000061399,90.0000046332
0.665595226204,-0.597379234699,0.630998844565,-0.578912173074,0.663364504667,0.542174935059,90.0000061399,90.0000046332
0.665536398945,-0.597036186839,0.630841479709,-0.578534693547,0.663364504667,0.542174935059,90.0000061399,90.0000046332
0.665477720595,-0.596692609615,0.630684167127,-0.578156722933,0.663364504667,0.542174935059,90.0000061399,90.0000046332
0.66541919151,-0.59634850327,0.630526907494,-0.577778261751,0.663364504667,0.542174935059,90.0000061399,90.0000046332
0.66536081204,-0.596003868047,0.630369701319,-0.577399310699,0.663364504667,0.542174935059,90.0000061399,90.0000046332
0.665302582537,-0.595658704193,0.630212549155,-0.577019870427,0.663364504667,0.542174935059,90.0000061399,90.0000046332
0.665244503188,-0.59531301213,0.630055451717,-0.576639941409,0.663364504667,0.542174935059,90.0000061399,90.0000046332
0.665186574147,-0.594966792321,0.629898409719,-0.576259524117,0.663364504667,0.542174935059,90.0000061399,90.0000046332
0.665128795729,-0.59462004505,0.629741423788,-0.575878619118,0.663364504667,0.542174935059,90.0000061399,90.0000046332
0.665071168273,-0.594272770565,0.62958449442,-0.575497227123,0.663364504667,0.542174935059,90.0000061399,90.0000046332
0.665013692118,-0.59392496912,0.629427622198,-0.575115348747,0.663364504667,0.542174935059,90.0000061399,90.0000046332
0.664956367602,-0.593576640966,0.629270807828,-0.57473298447,0.663364504667,0.542174935059,90.0000061399,90.0000046332
0.664899195,-0.593227786423,0.629114052018,-0.574350134767,0.663364504667,0.542174935059,90.0000061399,90.0000046332
0.664842174452,-0.592878405963,0.628957355343,-0.573966800262,0.663364504667,0.542174935059,90.0000061399,90.0000046332
0.66478530615,-0.592528499995,0.628800718288,-0.573582981673,0.663364504667,0.542174935059,90.0000061399,90.0000046332
0.664728590424,-0.592178068777,0.62864414147,-0.573198679577,0.663364504667,0.542174935059,90.0000061399,90.0000046332
0.664672027599,-0.591827112566,0.628487625588,-0.572813894455,0.663364504667,0.542174935059,90.0000061399,90.0000046332
0.664615618,-0.591475631622,0.628331171344,-0.572428626791,0.663364504667,0.542174935059,90.0000061399,90.0000046332
0.664559361948,-0.591123626206,0.628174779256,-0.572042877264,0.663364504667,0.542174935059,90.0000061399,90.0000046332
0.664503259606,-0.590771096757,0.628018449799,-0.571656646602,0.663364504667,0.542174935059,90.0000061399,90.0000046332
0.664447311092,-0.590418043761,0.627862183629,-0.571269935336,0.663364504667,0.542174935059,90.0000061399,90.0000046332
0.664391516681,-0.590064467528,0.627705981439,-0.570882743951,0.663364504667,0.542174935059,90.0000061399,90.0000046332
0.664335876686,-0.589710368324,0.627549843912,-0.570495072947,0.663364504667,0.542174935059,90.0000061399,90.0000046332
0.664280391418,-0.589355746415,0.627393771516,-0.570106923056,0.663364504667,0.542174935059,90.0000061399,90.0000046332
0.664225061186,-0.589000602068,0.627237764728,-0.569718295003,0.663364504667,0.542174935059,90.0000061399,90.0000046332
0.664169886234,-0.588644935624,0.627081824235,-0.569329189278,0.663364504667,0.542174935059,90.0000061399,90.0000046332
0.664114866663,-0.588288747581,0.626925950724,-0.568939606371,0.663364504667,0.542174935059,90.0000061399,90.0000046332
0.664060002638,-0.587932038367,0.626770144816,-0.568549546847,0.663364504667,0.542174935059,90.0000061399,90.0000046332
0.664005294458,-0.587574808253,0.626614406969,-0.568159011446,0.663364504667,0.542174935059,90.0000061399,90.0000046332
0.663950742422,-0.587217057513,0.626458737704,-0.56776800084,0.663364504667,0.542174935059,90.0000061399,90.0000046332
0.663896346826,-0.586858786421,0.626303137702,-0.567376515524,0.663364504667,0.542174935059,90.0000061399,90.0000046332
0.663842107965,-0.586499995251,0.626147607643,-0.566984555992,0.663364504667,0.542174935059,90.0000061399,90.0000046332
0.663788025952,-0.586140684482,0.62599214808,-0.566592122878,0.663364504667,0.542174935059,90.0000061399,90.0000046332
0.66373410087,-0.585780854625,0.625836759462,-0.566199216932,0.663364504667,0.542174935059,90.0000061399,90.0000046332
0.663680332979,-0.585420505991,0.62568144236,-0.565805838766,0.663364504667,0.542174935059,90.0000061399,90.0000046332
0.663626722563,-0.58505963886,0.625526197447,-0.56541198888,0.663364504667,0.542174935059,90.0000061399,90.0000046332
0.663573269906,-0.584698253513,0.625371025396,-0.565017667772,0.663364504667,0.542174935059,90.0000061399,90.0000046332
0.66351997529,-0.584336350231,0.625215926689,-0.564622876152,0.663364504667,0.542174935059,90.0000061399,90.0000046332
0.663466838903,-0.5839739294,0.625060901765,-0.564227614777,0.663364504667,0.542174935059,90.0000061399,90.0000046332
0.663413860812,-0.583610991543,0.624905951249,-0.563831884195,0.663364504667,0.542174935059,90.0000061399,90.0000046332
0.663361041171,-0.583247537081,0.624751075806,-0.563435684911,0.663364504667,0.542174935059,90.0000061399,90.0000046332
0.663308380254,-0.582883566301,0.62459627608,-0.563039017453,0.663364504667,0.542174935059,90.0000061399,90.0000046332
0.663255878331,-0.582519079489,0.624441552499,-0.562641882585,0.663364504667,0.542174935059,90.0000061399,90.0000046332
0.66320353567,-0.582154076934,0.624286905516,-0.562244281044,0.663364504667,0.542174935059,90.0000061399,90.0000046332
0.663151352532,-0.581788558932,0.624132335792,-0.561846213339,0.663364504667,0.542174935059,90.0000061399,90.0000046332
0.663099328969,-0.581422526016,0.623977843985,-0.561447679975,0.663364504667,0.542174935059,90.0000061399,90.0000046332
0.663047465032,-0.581055978715,0.62382343066,-0.561048681565,0.663364504667,0.542174935059,90.0000061399,90.0000046332
0.662995760983,-0.580688917323,0.623669096236,-0.560649218878,0.663364504667,0.542174935059,90.0000061399,90.0000046332
0.662944217079,-0.580321342134,0.623514841226,-0.560249292582,0.663364504667,0.542174935059,90.0000061399,90.0000046332
0.662892833576,-0.579953253441,0.623360666284,-0.559848903189,0.663364504667,0.542174935059,90.0000061399,90.0000046332
0.662841610726,-0.579584651541,0.623206572059,-0.559448051209,0.663364504667,0.542174935059,90.0000061399,90.0000046332
0.662790548643,-0.579215536889,0.623052559036,-0.55904673734,0.663364504667,0.542174935059,90.0000061399,90.0000046332
0.662739647359,-0.578845910032,0.622898627625,-0.558644962359,0.663364504667,0.542174935059,90.0000061399,90.0000046332
0.662688907042,-0.578475771358,0.622744778402,-0.55824272686,0.663364504667,0.542174935059,90.0000061399,90.0000046332
0.662638327937,-0.578105121168,0.622591012014,-0.557840031356,0.663364504667,0.542174935059,90.0000061399,90.0000046332
0.662587910288,-0.577733959762,0.622437329097,-0.557436876369,0.663364504667,0.542174935059,90.0000061399,90.0000046332
0.662537654335,-0.577362287443,0.622283730055,-0.557033262681,0.663364504667,0.542174935059,90.0000061399,90.0000046332
0.662487560256,-0.576990104583,0.622130215294,-0.556629191072,0.663364504667,0.542174935059,90.0000061399,90.0000046332
0.662437628066,-0.57661741174,0.621976785455,-0.556224662059,0.663364504667,0.542174935059,90.0000061399,90.0000046332
0.662387857842,-0.576244209402,0.621823441174,-0.555819676159,0.663364504667,0.542174935059,90.0000061399,90.0000046332
0.662338249815,-0.575870497876,0.621670183003,-0.555414233988,0.663364504667,0.542174935059,90.0000061399,90.0000046332
0.662288804215,-0.575496277467,0.621517011335,-0.555008336335,0.663364504667,0.542174935059,90.0000061399,90.0000046332
0.66223952127,-0.575121548486,0.621363926647,-0.554601983897,0.663364504667,0.542174935059,90.0000061399,90.0000046332
0.662190401208,-0.574746311239,0.62121092957,-0.554195177194,0.663364504667,0.542174935059,90.0000061399,90.0000046332
0.662141444042,-0.57437056628,0.621058020735,-0.553787916747,0.663364504667,0.542174935059,90.0000061399,90.0000046332
0.66209264977,-0.573994314177,0.6209052006,-0.553380203272,0.663364504667,0.542174935059,90.0000061399,90.0000046332
0.662044018598,-0.573617555259,0.620752469546,-0.552972037568,0.663364504667,0.542174935059,90.0000061399,90.0000046332
0.661995550743,-0.573240289839,0.620599828124,-0.552563420242,0.663364504667,0.542174935059,90.0000061399,90.0000046332
0.66194724642,-0.572862518232,0.620447276959,-0.552154351818,0.663364504667,0.542174935059,90.0000061399,90.0000046332
0.661899105845,-0.572484240752,0.620294816662,-0.551744832837,0.663364504667,0.542174935059,90.0000061399,90.0000046332
0.661851129087,-0.572105457877,0.620142447601,-0.551334864106,0.663364504667,0.542174935059,90.0000061399,90.0000046332
0.66180331613,-0.571726170185,0.619990170158,-0.550924446422,0.663364504667,0.542174935059,90.0000061399,90.0000046332
0.661755667094,-0.571346378098,0.619837984951,-0.550513580312,0.663364504667,0.542174935059,90.0000061399,90.0000046332
0.661708182183,-0.570966081934,0.619685892596,-0.550102266305,0.663364504667,0.542174935059,90.0000061399,90.0000046332
0.6616608616,-0.570585282013,0.619533893605,-0.549690505046,0.663364504667,0.542174935059,90.0000061399,90.0000046332
0.661613705547,-0.570203978655,0.619381988337,-0.549278297351,0.663364504667,0.542174935059,90.0000061399,90.0000046332
0.661566714151,-0.569822172267,0.619230177255,-0.548865643919,0.663364504667,0.542174935059,90.0000061399,90.0000046332
0.661519887376,-0.569439863439,0.619078460969,-0.548452545281,0.663364504667,0.542174935059,90.0000061399,90.0000046332
0.66147322526,-0.569057052679,0.618926840089,-0.548039001969,0.663364504667,0.542174935059,90.0000061399,90.0000046332
0.661426727994,-0.568673740314,0.618775315021,-0.547625014741,0.663364504667,0.542174935059,90.0000061399,90.0000046332
0.66138039577,-0.568289926669,0.618623886116,-0.547210584418,0.663364504667,0.542174935059,90.0000061399,90.0000046332
0.661334228775,-0.56790561207,0.618472553923,-0.546795711599,0.663364504667,0.542174935059,90.0000061399,90.0000046332
0.66128822719,-0.567520796852,0.618321319044,-0.546380396816,0.663364504667,0.542174935059,90.0000061399,90.0000046332
0.661242390964,-0.567135481618,0.618170182039,-0.545964640653,0.663364504667,0.542174935059,90.0000061399,90.0000046332
0.66119672005,-0.566749666965,0.618019143249,-0.545548443937,0.663364504667,0.542174935059,90.0000061399,90.0000046332
0.661151214628,-0.566363353224,0.617868203057,-0.545131807449,0.663364504667,0.542174935059,90.0000061399,90.0000046332
0.661105874876,-0.565976540726,0.61771736206,-0.544714731725,0.663364504667,0.542174935059,90.0000061399,90.0000046332
0.661060700971,-0.565589229805,0.617566620853,-0.544297217303,0.663364504667,0.542174935059,90.0000061399,90.0000046332
0.661015693086,-0.565201420792,0.617415979886,-0.543879264885,0.663364504667,0.542174935059,90.0000061399,90.0000046332
0.660970851214,-0.564813114233,0.617265439491,-0.543460875303,0.663364504667,0.542174935059,90.0000061399,90.0000046332
0.660926175285,-0.564424310742,0.617115000142,-0.54304204923,0.663364504667,0.542174935059,90.0000061399,90.0000046332
0.660881665409,-0.564035010724,0.616964662429,-0.542622787206,0.663364504667,0.542174935059,90.0000061399,90.0000046332
0.660837321753,-0.563645214517,0.616814426939,-0.542203089769,0.663364504667,0.542174935059,90.0000061399,90.0000046332
0.660793144479,-0.563254922457,0.616664294008,-0.541782957747,0.663364504667,0.542174935059,90.0000061399,90.0000046332
0.660749133751,-0.562864134883,0.61651426396,-0.541362391977,0.663364504667,0.542174935059,90.0000061399,90.0000046332
0.660705289606,-0.562472852278,0.616364337365,-0.540941393018,0.663364504667,0.542174935059,90.0000061399,90.0000046332
0.660661611961,-0.562081075265,0.616214514803,-0.540519961411,0.663364504667,0.542174935059,90.0000061399,90.0000046332
0.660618100851,-0.561688804327,0.61606479676,-0.540098097809,0.663364504667,0.542174935059,90.0000061399,90.0000046332
0.66057475643,-0.561296039808,0.615915183551,-0.539675803056,0.663364504667,0.542174935059,90.0000061399,90.0000046332
0.660531578849,-0.56090278205,0.615765675583,-0.53925307789,0.663364504667,0.542174935059,90.0000061399,90.0000046332
0.660488568259,-0.560509031398,0.615616273431,-0.538829922856,0.663364504667,0.542174935059,90.0000061399,90.0000046332
0.660445724742,-0.560114788272,0.61546697767,-0.5384063385,0.663364504667,0.542174935059,90.0000061399,90.0000046332
0.660403048201,-0.559720053306,0.615317788665,-0.537982325602,0.663364504667,0.542174935059,90.0000061399,90.0000046332
0.660360538598,-0.559324827058,0.615168706721,-0.537557885015,0.663364504667,0.542174935059,90.0000061399,90.0000046332
0.660318196075,-0.558929109878,0.615019732348,-0.537133017354,0.663364504667,0.542174935059,90.0000061399,90.0000046332
0.660276020772,-0.558532902114,0.614870866112,-0.536707723166,0.663364504667,0.542174935059,90.0000061399,90.0000046332
0.660234012825,-0.558136204115,0.614722108528,-0.536282003061,0.663364504667,0.542174935059,90.0000061399,90.0000046332
0.660192172362,-0.557739016243,0.614573459892,-0.535855857894,0.663364504667,0.542174935059,90.0000061399,90.0000046332
0.660150499269,-0.55734133914,0.614424920552,-0.535429288461,0.663364504667,0.542174935059,90.0000061399,90.0000046332
0.660108993441,-0.556943173439,0.614276491069,-0.535002295313,0.663364504667,0.542174935059,90.0000061399,90.0000046332
0.660067655006,-0.556544519495,0.614128172003,-0.534574878999,0.663364504667,0.542174935059,90.0000061399,90.0000046332
0.660026484092,-0.556145377662,0.613979963744,-0.534147040264,0.663364504667,0.542174935059,90.0000061399,90.0000046332
0.659985480824,-0.555745748292,0.61383186658,-0.533718779971,0.663364504667,0.542174935059,90.0000061399,90.0000046332
0.659944645327,-0.555345631743,0.613683880964,-0.533290098785,0.663364504667,0.542174935059,90.0000061399,90.0000046332
0.659903977516,-0.554945028614,0.61353600745,-0.53286099726,0.663364504667,0.542174935059,90.0000061399,90.0000046332
0.65986347726,-0.55454393956,0.613388246573,-0.532431475969,0.663364504667,0.542174935059,90.0000061399,90.0000046332
0.659823144635,-0.55414236499,0.613240598613,-0.532001535777,0.663364504667,0.542174935059,90.0000061399,90.0000046332
0.659782979755,-0.553740305263,0.613093063865,-0.531571177531,0.663364504667,0.542174935059,90.0000061399,90.0000046332
0.659742982735,-0.55333776074,0.612945642876,-0.531140401786,0.663364504667,0.542174935059,90.0000061399,90.0000046332
0.659703153685,-0.552934731779,0.612798336193,-0.530709209095,0.663364504667,0.542174935059,90.0000061399,90.0000046332
0.659663492559,-0.552531218931,0.612651144221,-0.530277600175,0.663364504667,0.542174935059,90.0000061399,90.0000046332
0.659623999211,-0.552127222858,0.61250406723,-0.529845575895,0.663364504667,0.542174935059,90.0000061399,90.0000046332
0.659584673654,-0.551722744036,0.612357105628,-0.529413136968,0.663364504667,0.542174935059,90.0000061399,90.0000046332
0.659545515992,-0.551317782828,0.612210259954,-0.528980283951,0.663364504667,0.542174935059,90.0000061399,90.0000046332
0.659506526326,-0.5509123396,0.612063530746,-0.5285470174,0.663364504667,0.542174935059,90.0000061399,90.0000046332
0.659467704756,-0.550506414715,0.611916918278,-0.528113338177,0.663364504667,0.542174935059,90.0000061399,90.0000046332
0.659429051269,-0.550100008674,0.611770422812,-0.527679247159,0.663364504667,0.542174935059,90.0000061399,90.0000046332
0.659390565705,-0.54969312215,0.611624044868,-0.527244744916,0.663364504667,0.542174935059,90.0000061399,90.0000046332
0.659352248018,-0.549285755679,0.61147778498,-0.526809832009,0.663364504667,0.542174935059,90.0000061399,90.0000046332
0.659314098299,-0.548877909631,0.611331643563,-0.526374509127,0.663364504667,0.542174935059,90.0000061399,90.0000046332
0.659276116639,-0.548469584375,0.611185620871,-0.525938777153,0.663364504667,0.542174935059,90.0000061399,90.0000046332
0.659238303125,-0.548060780281,0.611039717268,-0.525502636834,0.663364504667,0.542174935059,90.0000061399,90.0000046332
0.659200657776,-0.547651497802,0.610893933281,-0.52506608873,0.663364504667,0.542174935059,90.0000061399,90.0000046332
0.659163180421,-0.547241737617,0.610748269435,-0.524629133403,0.663364504667,0.542174935059,90.0000061399,90.0000046332
0.659125870953,-0.546831500325,0.610602726004,-0.524191771701,0.663364504667,0.542174935059,90.0000061399,90.0000046332
0.659088729452,-0.546420786302,0.61045730323,-0.523754004513,0.663364504667,0.542174935059,90.0000061399,90.0000046332
0.659051755998,-0.546009595919,0.610312001596,-0.523315832442,0.663364504667,0.542174935059,90.0000061399,90.0000046332
0.659014950667,-0.545597929553,0.610166821621,-0.522877256052,0.663364504667,0.542174935059,90.0000061399,90.0000046332
0.658978313508,-0.545185787609,0.610021763724,-0.522438276018,0.663364504667,0.542174935059,90.0000061399,90.0000046332
0.658941844336,-0.544773170776,0.609876828133,-0.521998893238,0.663364504667,0.542174935059,90.0000061399,90.0000046332
0.658905542989,-0.544360079713,0.609732015173,-0.521559108497,0.663364504667,0.542174935059,90.0000061399,90.0000046332
0.658869409535,-0.543946514798,0.609587325357,-0.521118922357,0.663364504667,0.542174935059,90.0000061399,90.0000046332
0.658833444042,-0.543532476409,0.609442759196,-0.520678335383,0.663364504667,0.542174935059,90.0000061399,90.0000046332
0.658797646575,-0.543117964927,0.609298316963,-0.520237348413,0.663364504667,0.542174935059,90.0000061399,90.0000046332
0.658762017197,-0.542702980729,0.609153998879,-0.51979596235,0.663364504667,0.542174935059,90.0000061399,90.0000046332
0.658726555722,-0.542287524499,0.609009805396,-0.519354177822,0.663364504667,0.542174935059,90.0000061399,90.0000046332
0.658691261945,-0.54187159694,0.608865737017,-0.518911995395,0.663364504667,0.542174935059,90.0000061399,90.0000046332
0.658656135907,-0.541455198453,0.608721794163,-0.518469415733,0.663364504667,0.542174935059,90.0000061399,90.0000046332
0.658621177667,-0.541038329419,0.608577977044,-0.518026439742,0.663364504667,0.542174935059,90.0000061399,90.0000046332
0.658586387276,-0.540620990224,0.608434285954,-0.517583068231,0.663364504667,0.542174935059,90.0000061399,90.0000046332
0.658551764788,-0.540203181251,0.608290721393,-0.517139301766,0.663364504667,0.542174935059,90.0000061399,90.0000046332
0.658517310041,-0.539784903143,0.608147283856,-0.516695140914,0.663364504667,0.542174935059,90.0000061399,90.0000046332
0.658483022815,-0.539366156613,0.608003973615,-0.516250586508,0.663364504667,0.542174935059,90.0000061399,90.0000046332
0.658448903102,-0.538946942114,0.607860790872,-0.515805639457,0.663364504667,0.542174935059,90.0000061399,90.0000046332
0.658414950948,-0.538527260035,0.607717736051,-0.51536030041,0.663364504667,0.542174935059,90.0000061399,90.0000046332
0.658381166394,-0.538107110762,0.607574809645,-0.514914569933,0.663364504667,0.542174935059,90.0000061399,90.0000046332
0.658347549483,-0.537686494684,0.607432012066,-0.514468448685,0.663364504667,0.542174935059,90.0000061399,90.0000046332
0.658314100076,-0.537265412406,0.60728934351,-0.514021937579,0.663364504667,0.542174935059,90.0000061399,90.0000046332
0.658280817942,-0.536843864648,0.607146804245,-0.513575037443,0.663364504667,0.542174935059,90.0000061399,90.0000046332
0.658247703025,-0.536421851915,0.607004394755,-0.513127748845,0.663364504667,0.542174935059,90.0000061399,90.0000046332
0.658214755356,-0.535999374599,0.606862115524,-0.512680072356,0.663364504667,0.542174935059,90.0000061399,90.0000046332
0.658181974969,-0.535576433091,0.606719966813,-0.512232008805,0.663364504667,0.542174935059,90.0000061399,90.0000046332
0.658149361892,-0.535153027785,0.606577948808,-0.511783559111,0.663364504667,0.542174935059,90.0000061399,90.0000046332
0.658116916014,-0.534729159247,0.606436061913,-0.511334723933,0.663364504667,0.542174935059,90.0000061399,90.0000046332
0.658084637089,-0.534304828206,0.606294306604,-0.510885503843,0.663364504667,0.542174935059,90.0000061399,90.0000046332
0.658052525012,-0.533880035215,0.606152683286,-0.510435899493,0.663364504667,0.542174935059,90.0000061399,90.0000046332
0.658020579806,-0.533454780671,0.606011192137,-0.509985911808,0.663364504667,0.542174935059,90.0000061399,90.0000046332
0.657988801492,-0.53302906497,0.605869833405,-0.509535541626,0.663364504667,0.542174935059,90.0000061399,90.0000046332
0.657957190089,-0.532602888509,0.60572860756,-0.509084789518,0.663364504667,0.542174935059,90.0000061399,90.0000046332
0.657925745507,-0.532176251818,0.605587515072,-0.508633656057,0.663364504667,0.542174935059,90.0000061399,90.0000046332
0.657894467488,-0.531749155633,0.60544655619,-0.508182142074,0.663364504667,0.542174935059,90.0000061399,90.0000046332
0.657863355881,-0.531321600556,0.605305731082,-0.507730248496,0.663364504667,0.542174935059,90.0000061399,90.0000046332
0.657832410698,-0.530893586988,0.605165040136,-0.50727797599,0.663364504667,0.542174935059,90.0000061399,90.0000046332
0.657801631949,-0.530465115328,0.605024483814,-0.506825325127,0.663364504667,0.542174935059,90.0000061399,90.0000046332
0.657771019643,-0.530036185977,0.604884062508,-0.506372296565,0.663364504667,0.542174935059,90.0000061399,90.0000046332
0.657740573712,-0.529606799431,0.604743776379,-0.505918891233,0.663364504667,0.542174935059,90.0000061399,90.0000046332
0.657710293885,-0.529176956431,0.604603625658,-0.505465109976,0.663364504667,0.542174935059,90.0000061399,90.0000046332
0.657680179966,-0.528746657629,0.604463610802,-0.50501095337,0.663364504667,0.542174935059,90.0000061399,90.0000046332
0.657650231957,-0.528315903427,0.604323732268,-0.504556421987,0.663364504667,0.542174935059,90.0000061399,90.0000046332
0.657620449858,-0.52788469423,0.604183990286,-0.504101516665,0.663364504667,0.542174935059,90.0000061399,90.0000046332
0.657590833666,-0.527453030442,0.604044385012,-0.503646238337,0.663364504667,0.542174935059,90.0000061399,90.0000046332
0.657561383333,-0.527020912523,0.603904916817,-0.503190587674,0.663364504667,0.542174935059,90.0000061399,90.0000046332
0.657532098579,-0.526588341223,0.60376558615,-0.502734565248,0.663364504667,0.542174935059,90.0000061399,90.0000046332
0.657502979163,-0.526155317239,0.603626393388,-0.502278171721,0.663364504667,0.542174935059,90.0000061399,90.0000046332
0.657474025076,-0.525721840977,0.603487338675,-0.50182140803,0.663364504667,0.542174935059,90.0000061399,90.0000046332
0.657445236308,-0.525287912845,0.603348422229,-0.501364275023,0.663364504667,0.542174935059,90.0000061399,90.0000046332
0.657416612846,-0.524853533253,0.603209644493,-0.500906773277,0.663364504667,0.542174935059,90.0000061399,90.0000046332
0.657388154663,-0.524418702624,0.603071005909,-0.500448903364,0.663364504667,0.542174935059,90.0000061399,90.0000046332
0.657359861465,-0.523983421716,0.602932506692,-0.499990666134,0.663364504667,0.542174935059,90.0000061399,90.0000046332
0.657331732969,-0.523547691271,0.602794146979,-0.499532062525,0.663364504667,0.542174935059,90.0000061399,90.0000046332
0.657303769157,-0.523111511699,0.60265592713,-0.499073093204,0.663364504667,0.542174935059,90.0000061399,90.0000046332
0.657275970008,-0.522674883412,0.602517847583,-0.498613758748,0.663364504667,0.542174935059,90.0000061399,90.0000046332
0.657248335499,-0.522237806822,0.602379908694,-0.498154059825,0.663364504667,0.542174935059,90.0000061399,90.0000046332
0.657220865605,-0.521800282341,0.602242110593,-0.497693997378,0.663364504667,0.542174935059,90.0000061399,90.0000046332
0.657193560038,-0.521362310711,0.602104453485,-0.497233572256,0.663364504667,0.542174935059,90.0000061399,90.0000046332
0.657166418491,-0.520923892698,0.601966937802,-0.496772785033,0.663364504667,0.542174935059,90.0000061399,90.0000046332
0.657139440918,-0.520485028738,0.601829563972,-0.496311636286,0.663364504667,0.542174935059,90.0000061399,90.0000046332
0.657112627288,-0.520045719245,0.601692332188,-0.495850126874,0.663364504667,0.542174935059,90.0000061399,90.0000046332
0.657085977568,-0.519605964634,0.601555242572,-0.495388257742,0.663364504667,0.542174935059,90.0000061399,90.0000046332
0.657059491723,-0.519165765321,0.601418295476,-0.494926029553,0.663364504667,0.542174935059,90.0000061399,90.0000046332
0.657033169484,-0.518725122018,0.601281491325,-0.494463442882,0.663364504667,0.542174935059,90.0000061399,90.0000046332
0.657007010531,-0.518284035497,0.601144830453,-0.49400049841,0.663364504667,0.542174935059,90.0000061399,90.0000046332
0.656981014779,-0.517842506235,0.601008312975,-0.493537197083,0.663364504667,0.542174935059,90.0000061399,90.0000046332
0.656955182188,-0.517400534649,0.600871939089,-0.493073539747,0.663364504667,0.542174935059,90.0000061399,90.0000046332
0.656929512714,-0.516958121158,0.600735709212,-0.492609526977,0.663364504667,0.542174935059,90.0000061399,90.0000046332
0.656904006314,-0.51651526618,0.600599623759,-0.49214515935,0.663364504667,0.542174935059,90.0000061399,90.0000046332
0.656878662734,-0.516071970398,0.600463682902,-0.491680437739,0.663364504667,0.542174935059,90.0000061399,90.0000046332
0.656853481645,-0.515628234589,0.600327886745,-0.491215363094,0.663364504667,0.542174935059,90.0000061399,90.0000046332
0.656828462923,-0.51518405927,0.600192235636,-0.49074993607,0.663364504667,0.542174935059,90.0000061399,90.0000046332
0.656803606518,-0.514739444864,0.600056729986,-0.490284157242,0.663364504667,0.542174935059,90.0000061399,90.0000046332
0.656778912376,-0.51429439179,0.599921370105,-0.489818027304,0.663364504667,0.542174935059,90.0000061399,90.0000046332
0.656754380444,-0.513848900472,0.599786156089,-0.489351547215,0.663364504667,0.542174935059,90.0000061399,90.0000046332
0.656730010487,-0.513402971559,0.599651088126,-0.488884717815,0.663364504667,0.542174935059,90.0000061399,90.0000046332
0.656705802165,-0.512956605836,0.599516166621,-0.488417539682,0.663364504667,0.542174935059,90.0000061399,90.0000046332
0.656681755316,-0.512509803862,0.599381391974,-0.487950013391,0.663364504667,0.542174935059,90.0000061399,90.0000046332
0.656657869878,-0.512062566059,0.599246764328,-0.487482139838,0.663364504667,0.542174935059,90.0000061399,90.0000046332
0.656634145789,-0.511614892854,0.599112283764,-0.487013919988,0.663364504667,0.542174935059,90.0000061399,90.0000046332
0.656610582987,-0.511166784669,0.598977950623,-0.486545354488,0.663364504667,0.542174935059,90.0000061399,90.0000046332
0.656587181254,-0.510718242127,0.598843765302,-0.486076443915,0.663364504667,0.542174935059,90.0000061399,90.0000046332
0.656563940236,-0.510269266021,0.598709728089,-0.485607188974,0.663364504667,0.542174935059,90.0000061399,90.0000046332
0.656540859732,-0.50981985695,0.59857583906,-0.485137590634,0.663364504667,0.542174935059,90.0000061399,90.0000046332
0.656517939672,-0.509370015341,0.598442098395,-0.484667649733,0.663364504667,0.542174935059,90.0000061399,90.0000046332
0.656495179984,-0.508919741623,0.598308506484,-0.484197366847,0.663364504667,0.542174935059,90.0000061399,90.0000046332
0.656472580595,-0.508469036222,0.598175063718,-0.48372674255,0.663364504667,0.542174935059,90.0000061399,90.0000046332
0.656450141305,-0.50801789973,0.598041770212,-0.483255777754,0.663364504667,0.542174935059,90.0000061399,90.0000046332
0.656427861747,-0.507566332951,0.597908626033,-0.482784473431,0.663364504667,0.542174935059,90.0000061399,90.0000046332
0.656405741678,-0.507114336528,0.597775631519,-0.482312830214,0.663364504667,0.542174935059,90.0000061399,90.0000046332
0.656383781018,-0.506661910893,0.597642787053,-0.481840848681,0.663364504667,0.542174935059,90.0000061399,90.0000046332
0.656361979687,-0.506209056477,0.5975100929,-0.48136852955,0.663364504667,0.542174935059,90.0000061399,90.0000046332
0.656340337602,-0.505755773708,0.59737754912,-0.480895873794,0.663364504667,0.542174935059,90.0000061399,90.0000046332
0.656318854583,-0.505302063144,0.597245155889,-0.480422882243,0.663364504667,0.542174935059,90.0000061399,90.0000046332
0.656297530253,-0.504847925596,0.597112913585,-0.479949555471,0.663364504667,0.542174935059,90.0000061399,90.0000046332
0.656276364329,-0.504393361752,0.596980822584,-0.479475894053,0.663364504667,0.542174935059,90.0000061399,90.0000046332
0.656255356722,-0.503938372043,0.596848882978,-0.479001898915,0.663364504667,0.542174935059,90.0000061399,90.0000046332
0.656234507343,-0.503482956904,0.59671709482,-0.478527571034,0.663364504667,0.542174935059,90.0000061399,90.0000046332
0.6562138161,-0.503027116768,0.596585458442,-0.478052911032,0.663364504667,0.542174935059,90.0000061399,90.0000046332
0.656193282834,-0.502570852155,0.596453974216,-0.477577919484,0.663364504667,0.542174935059,90.0000061399,90.0000046332
0.656172907158,-0.502114163884,0.596322642384,-0.477102597122,0.663364504667,0.542174935059,90.0000061399,90.0000046332
0.656152688748,-0.501657052684,0.596191462991,-0.476626944923,0.663364504667,0.542174935059,90.0000061399,90.0000046332
0.656132627508,-0.501199518992,0.596060436208,-0.476150963708,0.663364504667,0.542174935059,90.0000061399,90.0000046332
0.65611272334,-0.500741563243,0.5959295624,-0.47567465405,0.663364504667,0.542174935059,90.0000061399,90.0000046332
0.656092976142,-0.500283185874,0.595798841929,-0.475198016522,0.663364504667,0.542174935059,90.0000061399,90.0000046332
0.656073385778,-0.499824387368,0.595668274868,-0.474721052065,0.663364504667,0.542174935059,90.0000061399,90.0000046332
0.656053951849,-0.499365168549,0.595537861251,-0.474243761658,0.663364504667,0.542174935059,90.0000061399,90.0000046332
0.656034673993,-0.498905530192,0.595407601408,-0.473766145914,0.663364504667,0.542174935059,90.0000061399,90.0000046332
0.656015552105,-0.498445472736,0.595277495697,-0.473288205407,0.663364504667,0.542174935059,90.0000061399,90.0000046332
0.655996586077,-0.49798499662,0.59514754434,-0.472809940876,0.663364504667,0.542174935059,90.0000061399,90.0000046332
0.655977775801,-0.497524102281,0.595017747368,-0.472331353305,0.663364504667,0.542174935059,90.0000061399,90.0000046332
0.65595912116,-0.497062790164,0.594888104944,-0.471852443505,0.663364504667,0.542174935059,90.0000061399,90.0000046332
0.655940621749,-0.4966010611,0.594758617421,-0.471373212049,0.663364504667,0.542174935059,90.0000061399,90.0000046332
0.655922277164,-0.496138915909,0.594629285149,-0.470893659508,0.663364504667,0.542174935059,90.0000061399,90.0000046332
0.655904087291,-0.495676355034,0.594500108179,-0.470413786834,0.663364504667,0.542174935059,90.0000061399,90.0000046332
0.655886052013,-0.495213378914,0.594371086534,-0.469933595009,0.663364504667,0.542174935059,90.0000061399,90.0000046332
0.655868171215,-0.494749987991,0.594242220533,-0.469453084638,0.663364504667,0.542174935059,90.0000061399,90.0000046332
0.655850444776,-0.494286182705,0.594113510525,-0.468972256292,0.663364504667,0.542174935059,90.0000061399,90.0000046332
0.655832872309,-0.493821963853,0.593984956712,-0.468491110717,0.663364504667,0.542174935059,90.0000061399,90.0000046332
0.655815453397,-0.493357332272,0.593856559111,-0.4680096489,0.663364504667,0.542174935059,90.0000061399,90.0000046332
0.655798187888,-0.492892288439,0.593728317877,-0.467527871648,0.663364504667,0.542174935059,90.0000061399,90.0000046332
0.655781075659,-0.492426832799,0.593600233351,-0.467045779531,0.663364504667,0.542174935059,90.0000061399,90.0000046332
0.655764116585,-0.491960965794,0.59347230587,-0.466563373119,0.663364504667,0.542174935059,90.0000061399,90.0000046332
0.655747310538,-0.491494687867,0.593344535467,-0.466080653369,0.663364504667,0.542174935059,90.0000061399,90.0000046332
0.655730657156,-0.491027999775,0.593216922151,-0.465597621269,0.663364504667,0.542174935059,90.0000061399,90.0000046332
0.655714156011,-0.490560902359,0.593089466233,-0.465114277415,0.663364504667,0.542174935059,90.0000061399,90.0000046332
0.655697806911,-0.490093396145,0.592962168049,-0.464630622377,0.663364504667,0.542174935059,90.0000061399,90.0000046332
0.655681609725,-0.489625481579,0.592835027786,-0.464146656904,0.663364504667,0.542174935059,90.0000061399,90.0000046332
0.655665564319,-0.489157159106,0.592708045448,-0.463662381985,0.663364504667,0.542174935059,90.0000061399,90.0000046332
0.655649670557,-0.48868842917,0.592581221177,-0.463177798425,0.663364504667,0.542174935059,90.0000061399,90.0000046332
0.655633928104,-0.488219292486,0.592454555303,-0.462692906791,0.663364504667,0.542174935059,90.0000061399,90.0000046332
0.655618336524,-0.4877497499,0.592328048151,-0.462207707652,0.663364504667,0.542174935059,90.0000061399,90.0000046332
0.655602895581,-0.487279801988,0.59220169974,-0.461722201967,0.663364504667,0.542174935059,90.0000061399,90.0000046332
0.655587605136,-0.486809449197,0.592075510065,-0.461236390726,0.663364504667,0.542174935059,90.0000061399,90.0000046332
0.655572465047,-0.486338691974,0.591949479425,-0.460750274524,0.663364504667,0.542174935059,90.0000061399,90.0000046332
0.655557475171,-0.485867530767,0.591823608143,-0.460263853926,0.663364504667,0.542174935059,90.0000061399,90.0000046332
0.655542635201,-0.485395966243,0.591697896397,-0.45977712968,0.663364504667,0.542174935059,90.0000061399,90.0000046332
0.655527944692,-0.484923999253,0.591572344175,-0.459290102777,0.663364504667,0.542174935059,90.0000061399,90.0000046332
0.655513403365,-0.484451630427,0.591446951606,-0.458802774024,0.663364504667,0.542174935059,90.0000061399,90.0000046332
0.655499011072,-0.483978860212,0.591321719007,-0.458315143986,0.663364504667,0.542174935059,90.0000061399,90.0000046332
0.655484767663,-0.48350568906,0.591196646693,-0.457827213228,0.663364504667,0.542174935059,90.0000061399,90.0000046332
0.655470672988,-0.483032117417,0.59107173467,-0.457338982706,0.663364504667,0.542174935059,90.0000061399,90.0000046332
0.655456726771,-0.482558145903,0.590946982922,-0.456850453412,0.663364504667,0.542174935059,90.0000061399,90.0000046332
0.655442928559,-0.482083775373,0.590822391732,-0.456361625944,0.663364504667,0.542174935059,90.0000061399,90.0000046332
0.655429278026,-0.481609006513,0.590697961411,-0.455872500864,0.663364504667,0.542174935059,90.0000061399,90.0000046332
0.655415775016,-0.481133839772,0.59057369213,-0.45538307891,0.663364504667,0.542174935059,90.0000061399,90.0000046332
0.655402419372,-0.480658275602,0.590449583865,-0.454893361076,0.663364504667,0.542174935059,90.0000061399,90.0000046332
0.655389210938,-0.480182314454,0.590325636725,-0.454403348176,0.663364504667,0.542174935059,90.0000061399,90.0000046332
0.655376149468,-0.479705956892,0.590201851015,-0.453913040772,0.663364504667,0.542174935059,90.0000061399,90.0000046332
0.655363234504,-0.479229203777,0.590078227038,-0.453422439424,0.663364504667,0.542174935059,90.0000061399,90.0000046332
0.655350465671,-0.478752055852,0.589954764798,-0.452931545081,0.663364504667,0.542174935059,90.0000061399,90.0000046332
0.655337842804,-0.478274513571,0.589831464262,-0.452440358736,0.663364504667,0.542174935059,90.0000061399,90.0000046332
0.655325365742,-0.477796577386,0.589708325696,-0.451948880993,0.663364504667,0.542174935059,90.0000061399,90.0000046332
0.655313034317,-0.477318247749,0.589585349398,-0.451457112412,0.663364504667,0.542174935059,90.0000061399,90.0000046332
0.655300848323,-0.476839525168,0.589462535538,-0.450965053716,0.663364504667,0.542174935059,90.0000061399,90.0000046332
0.655288807293,-0.476360410507,0.589339884077,-0.450472705898,0.663364504667,0.542174935059,90.0000061399,90.0000046332
0.655276910801,-0.475880904574,0.589217395104,-0.449980069787,0.663364504667,0.542174935059,90.0000061399,90.0000046332
0.655265158677,-0.475401007823,0.589095068911,-0.449487145942,0.663364504667,0.542174935059,90.0000061399,90.0000046332
0.655253550748,-0.474920720708,0.588972905789,-0.448993934918,0.663364504667,0.542174935059,90.0000061399,90.0000046332
0.655242086844,-0.474440043681,0.588850905743,-0.448500437648,0.663364504667,0.542174935059,90.0000061399,90.0000046332
0.655230766791,-0.473958977198,0.588729068728,-0.448006655125,0.663364504667,0.542174935059,90.0000061399,90.0000046332
0.655219590119,-0.473477522118,0.588607394981,-0.447512587971,0.663364504667,0.542174935059,90.0000061399,90.0000046332
0.655208556354,-0.472995679311,0.588485884791,-0.447018236741,0.663364504667,0.542174935059,90.0000061399,90.0000046332
0.655197665315,-0.472513449238,0.58836453833,-0.446523602134,0.663364504667,0.542174935059,90.0000061399,90.0000046332
0.655186916822,-0.472030832354,0.588243355542,-0.446028685155,0.663364504667,0.542174935059,90.0000061399,90.0000046332
0.655176310697,-0.471547829115,0.588122336479,-0.445533486662,0.663364504667,0.542174935059,90.0000061399,90.0000046332
0.655165846759,-0.471064439975,0.588001481422,-0.445038007207,0.663364504667,0.542174935059,90.0000061399,90.0000046332
0.655155524582,-0.470580665732,0.587880790652,-0.444542247344,0.663364504667,0.542174935059,90.0000061399,90.0000046332
0.655145343682,-0.470096507258,0.587760264175,-0.444046207985,0.663364504667,0.542174935059,90.0000061399,90.0000046332
0.655135303824,-0.469611965085,0.587639901924,-0.443549890136,0.663364504667,0.542174935059,90.0000061399,90.0000046332
0.655125404821,-0.469127039669,0.587519704106,-0.443053294445,0.663364504667,0.542174935059,90.0000061399,90.0000046332
0.655115646489,-0.468641731466,0.587399670995,-0.44255642146,0.663364504667,0.542174935059,90.0000061399,90.0000046332
0.65510602864,-0.468156040932,0.587279802778,-0.44205927185,0.663364504667,0.542174935059,90.0000061399,90.0000046332
0.655096550889,-0.4676699688,0.587160099382,-0.44156184662,0.663364504667,0.542174935059,90.0000061399,90.0000046332
0.655087212743,-0.467183515952,0.587040560823,-0.441064146662,0.663364504667,0.542174935059,90.0000061399,90.0000046332
0.655078013904,-0.466696682996,0.586921187371,-0.440566172526,0.663364504667,0.542174935059,90.0000061399,90.0000046332
0.655068954182,-0.466209470389,0.586801979294,-0.44006792476,0.663364504667,0.542174935059,90.0000061399,90.0000046332
0.655060033384,-0.465721878589,0.586682936616,-0.439569404236,0.663364504667,0.542174935059,90.0000061399,90.0000046332
0.655051251316,-0.465233908053,0.586564059258,-0.439070611964,0.663364504667,0.542174935059,90.0000061399,90.0000046332
0.655042607642,-0.464745559439,0.586445347384,-0.438571548625,0.663364504667,0.542174935059,90.0000061399,90.0000046332
0.655034101859,-0.464256833639,0.58632680126,-0.438072214764,0.663364504667,0.542174935059,90.0000061399,90.0000046332
0.655025733605,-0.463767731343,0.586208421093,-0.437572611001,0.663364504667,0.542174935059,90.0000061399,90.0000046332
0.655017502683,-0.463278253008,0.586090206798,-0.437072738342,0.663364504667,0.542174935059,90.0000061399,90.0000046332
0.655009408894,-0.462788399095,0.585972158346,-0.436572597725,0.663364504667,0.542174935059,90.0000061399,90.0000046332
0.655001452039,-0.462298170062,0.585854275995,-0.436072189692,0.663364504667,0.542174935059,90.0000061399,90.0000046332
0.654993631834,-0.461807566483,0.585736560004,-0.435571514787,0.663364504667,0.542174935059,90.0000061399,90.0000046332
0.654985947769,-0.461316589255,0.585619010421,-0.435070573833,0.663364504667,0.542174935059,90.0000061399,90.0000046332
0.654978399418,-0.460825239154,0.585501627156,-0.434569367838,0.663364504667,0.542174935059,90.0000061399,90.0000046332
0.654970986578,-0.46033351664,0.585384410323,-0.43406789753,0.663364504667,0.542174935059,90.0000061399,90.0000046332
0.654963709042,-0.459841422174,0.585267360178,-0.433566163452,0.663364504667,0.542174935059,90.0000061399,90.0000046332
0.654956566606,-0.459348956213,0.585150476959,-0.433064166159,0.663364504667,0.542174935059,90.0000061399,90.0000046332
0.654949559044,-0.458856119246,0.585033760569,-0.432561906661,0.663364504667,0.542174935059,90.0000061399,90.0000046332
0.654942685839,-0.45836291217,0.584917210924,-0.432059385949,0.663364504667,0.542174935059,90.0000061399,90.0000046332
0.654935946496,-0.457869335856,0.584800828273,-0.431556604564,0.663364504667,0.542174935059,90.0000061399,90.0000046332
0.654929340805,-0.457375390766,0.584684612863,-0.431053563041,0.663364504667,0.542174935059,90.0000061399,90.0000046332
0.654922868555,-0.45688107736,0.584568564778,-0.430550262138,0.663364504667,0.542174935059,90.0000061399,90.0000046332
0.654916529534,-0.456386396098,0.584452683916,-0.430046702865,0.663364504667,0.542174935059,90.0000061399,90.0000046332
0.654910323531,-0.455891347439,0.584336970333,-0.429542886011,0.663364504667,0.542174935059,90.0000061399,90.0000046332
0.654904250072,-0.455395932217,0.584221424274,-0.42903881211,0.663364504667,0.542174935059,90.0000061399,90.0000046332
0.654898308635,-0.454900151334,0.58410604598,-0.428534481697,0.663364504667,0.542174935059,90.0000061399,90.0000046332
0.654892498956,-0.45440400532,0.583990835382,-0.428029895729,0.663364504667,0.542174935059,90.0000061399,90.0000046332
0.65488682082,-0.453907494638,0.583875792369,-0.427525055214,0.663364504667,0.542174935059,90.0000061399,90.0000046332
0.65488127401,-0.453410619747,0.583760917142,-0.427019960739,0.663364504667,0.542174935059,90.0000061399,90.0000046332
0.654875858306,-0.452913381108,0.583646209938,-0.426514612836,0.663364504667,0.542174935059,90.0000061399,90.0000046332
0.654870573303,-0.452415779453,0.583531670886,-0.42600901218,0.663364504667,0.542174935059,90.0000061399,90.0000046332
0.654865418473,-0.451917815687,0.583417299873,-0.425503159781,0.663364504667,0.542174935059,90.0000061399,90.0000046332
0.654860393474,-0.451419490447,0.583303096887,-0.424997056504,0.663364504667,0.542174935059,90.0000061399,90.0000046332
0.654855498087,-0.450920804195,0.583189062163,-0.424490702877,0.663364504667,0.542174935059,90.0000061399,90.0000046332
0.654850732086,-0.450421757391,0.583075195931,-0.423984099429,0.663364504667,0.542174935059,90.0000061399,90.0000046332
0.65484609525,-0.449922350497,0.582961498173,-0.42347724703,0.663364504667,0.542174935059,90.0000061399,90.0000046332
0.654841587243,-0.449422584135,0.582847968767,-0.422970146687,0.663364504667,0.542174935059,90.0000061399,90.0000046332
0.654837207531,-0.448922459215,0.582734607842,-0.42246279907,0.663364504667,0.542174935059,90.0000061399,90.0000046332
0.654832955692,-0.448421976485,0.582621415623,-0.421955204703,0.663364504667,0.542174935059,90.0000061399,90.0000046332
0.654828831499,-0.447921136407,0.582508392298,-0.421447364163,0.663364504667,0.542174935059,90.0000061399,90.0000046332
0.654824834725,-0.447419939444,0.582395537743,-0.420939278458,0.663364504667,0.542174935059,90.0000061399,90.0000046332
0.65482096514,-0.446918386056,0.582282851866,-0.420430948547,0.663364504667,0.542174935059,90.0000061399,90.0000046332
0.654817222485,-0.44641647675,0.582170334891,-0.419922374952,0.663364504667,0.542174935059,90.0000061399,90.0000046332
0.654813606222,-0.445914212436,0.582057987039,-0.419413558195,0.663364504667,0.542174935059,90.0000061399,90.0000046332
0.654810115842,-0.445411593985,0.581945808357,-0.41890449904,0.663364504667,0.542174935059,90.0000061399,90.0000046332
0.654806751114,-0.44490862186,0.58183379871,-0.418395198494,0.663364504667,0.542174935059,90.0000061399,90.0000046332
0.654803511804,-0.444405296522,0.581721958142,-0.417885657326,0.663364504667,0.542174935059,90.0000061399,90.0000046332
0.654800397678,-0.443901618435,0.581610286869,-0.417375876053,0.663364504667,0.542174935059,90.0000061399,90.0000046332
0.654797408502,-0.443397588059,0.581498785108,-0.416865855193,0.663364504667,0.542174935059,90.0000061399,90.0000046332
0.654794543789,-0.442893206225,0.581387452764,-0.416355595694,0.663364504667,0.542174935059,90.0000061399,90.0000046332
0.654791802997,-0.442388473852,0.581276289698,-0.415845098566,0.663364504667,0.542174935059,90.0000061399,90.0000046332
0.654789185831,-0.441883391484,0.581165296081,-0.415334364386,0.663364504667,0.542174935059,90.0000061399,90.0000046332
0.654786692055,-0.441377959584,0.581054472124,-0.414823393667,0.663364504667,0.542174935059,90.0000061399,90.0000046332
0.654784321429,-0.440872178615,0.580943817951,-0.414312187047,0.663364504667,0.542174935059,90.0000061399,90.0000046332
0.654782073714,-0.440366049039,0.580833333418,-0.413800745534,0.663364504667,0.542174935059,90.0000061399,90.0000046332
0.654779948511,-0.439859571553,0.580723018469,-0.413289070013,0.663364504667,0.542174935059,90.0000061399,90.0000046332
0.654777945271,-0.439352747077,0.58061287331,-0.412777160996,0.663364504667,0.542174935059,90.0000061399,90.0000046332
0.654776063606,-0.438845576293,0.580502898149,-0.412265018995,0.663364504667,0.542174935059,90.0000061399,90.0000046332
0.654774303273,-0.438338059665,0.580393092976,-0.411752644821,0.663364504667,0.542174935059,90.0000061399,90.0000046332
0.654772664029,-0.437830197655,0.580283457641,-0.411240039485,0.663364504667,0.542174935059,90.0000061399,90.0000046332
0.654771145629,-0.437321990724,0.58017399221,-0.410727203688,0.663364504667,0.542174935059,90.0000061399,90.0000046332
0.654769747767,-0.436813439428,0.580064696885,-0.41021413794,0.663364504667,0.542174935059,90.0000061399,90.0000046332
0.65476846989,-0.436304544687,0.579955571868,-0.409700842745,0.663364504667,0.542174935059,90.0000061399,90.0000046332
0.654767311509,-0.435795307331,0.579846617017,-0.409187319092,0.663364504667,0.542174935059,90.0000061399,90.0000046332
0.654766272376,-0.435285727824,0.579737832179,-0.408673567988,0.663364504667,0.542174935059,90.0000061399,90.0000046332
0.654765352243,-0.434775806626,0.579629217537,-0.408159589959,0.663364504667,0.542174935059,90.0000061399,90.0000046332
0.654764550863,-0.434265544202,0.57952077329,-0.407645385506,0.663364504667,0.542174935059,90.0000061399,90.0000046332
0.654763867985,-0.433754941012,0.579412499525,-0.407130955284,0.663364504667,0.542174935059,90.0000061399,90.0000046332
0.654763303095,-0.433243997918,0.579304396084,-0.4066163003,0.663364504667,0.542174935059,90.0000061399,90.0000046332
0.654762855636,-0.432732715845,0.579196462912,-0.406101421409,0.663364504667,0.542174935059,90.0000061399,90.0000046332
0.654762525315,-0.432221095318,0.579088700203,-0.40558631911,0.663364504667,0.542174935059,90.0000061399,90.0000046332
0.654762311882,-0.431709136799,0.578981108149,-0.405070993902,0.663364504667,0.542174935059,90.0000061399,90.0000046332
0.654762215084,-0.431196840751,0.578873686717,-0.404555446604,0.663364504667,0.542174935059,90.0000061399,90.0000046332
0.654762234666,-0.430684207634,0.57876643574,-0.404039678222,0.663364504667,0.542174935059,90.0000061399,90.0000046332
0.654762370219,-0.430171238148,0.578659355278,-0.403523689441,0.663364504667,0.542174935059,90.0000061399,90.0000046332
0.654762621183,-0.429657933219,0.578552445519,-0.403007480755,0.663364504667,0.542174935059,90.0000061399,90.0000046332
0.654762987152,-0.429144293538,0.578445706649,-0.402491052659,0.663364504667,0.542174935059,90.0000061399,90.0000046332
0.654763467871,-0.428630319568,0.578339138516,-0.401974406134,0.663364504667,0.542174935059,90.0000061399,90.0000046332
0.654764063083,-0.428116011769,0.57823274095,-0.401457542183,0.663364504667,0.542174935059,90.0000061399,90.0000046332
0.654764772532,-0.427601370603,0.578126514116,-0.400940461326,0.663364504667,0.542174935059,90.0000061399,90.0000046332
0.654765595917,-0.427086396595,0.578020458199,-0.400423164052,0.663364504667,0.542174935059,90.0000061399,90.0000046332
0.654766532675,-0.426571090673,0.577914573288,-0.399905650984,0.663364504667,0.542174935059,90.0000061399,90.0000046332
0.654767582282,-0.426055453704,0.577808859208,-0.399387923126,0.663364504667,0.542174935059,90.0000061399,90.0000046332
0.654768744479,-0.425539486151,0.577703315874,-0.39886998135,0.663364504667,0.542174935059,90.0000061399,90.0000046332
0.654770019006,-0.425023188474,0.577597943466,-0.398351826143,0.663364504667,0.542174935059,90.0000061399,90.0000046332
0.654771405601,-0.424506561136,0.577492742163,-0.397833457991,0.663364504667,0.542174935059,90.0000061399,90.0000046332
0.654772904003,-0.423989604596,0.577387711943,-0.397314877666,0.663364504667,0.542174935059,90.0000061399,90.0000046332
0.654774513724,-0.423472319662,0.577282852627,-0.396796086172,0.663364504667,0.542174935059,90.0000061399,90.0000046332
0.654776234198,-0.422954707266,0.577178164229,-0.396277084223,0.663364504667,0.542174935059,90.0000061399,90.0000046332
0.65477806508,-0.422436767994,0.577073646924,-0.395757872304,0.663364504667,0.542174935059,90.0000061399,90.0000046332
0.654780006107,-0.421918502306,0.576969300887,-0.395238450895,0.663364504667,0.542174935059,90.0000061399,90.0000046332
0.654782057014,-0.421399910664,0.576865125988,-0.394718820915,0.663364504667,0.542174935059,90.0000061399,90.0000046332
0.654784217535,-0.420880993528,0.576761122039,-0.394198983369,0.663364504667,0.542174935059,90.0000061399,90.0000046332
0.65478648731,-0.420361751507,0.576657289152,-0.393678938824,0.663364504667,0.542174935059,90.0000061399,90.0000046332
0.654788865766,-0.419842185533,0.576553627497,-0.393158687758,0.663364504667,0.542174935059,90.0000061399,90.0000046332
0.654791352429,-0.419322296395,0.576450137204,-0.392638230701,0.663364504667,0.542174935059,90.0000061399,90.0000046332
0.654793947032,-0.418802084551,0.576346818074,-0.392117568668,0.663364504667,0.542174935059,90.0000061399,90.0000046332
0.654796649306,-0.418281550463,0.576243669948,-0.391596702614,0.663364504667,0.542174935059,90.0000061399,90.0000046332
0.654799458984,-0.41776069459,0.576140692991,-0.391075633013,0.663364504667,0.542174935059,90.0000061399,90.0000046332
0.654802375795,-0.41723951739,0.576037887368,-0.390554360339,0.663364504667,0.542174935059,90.0000061399,90.0000046332
0.654805399205,-0.416718019738,0.575935253112,-0.390032885256,0.663364504667,0.542174935059,90.0000061399,90.0000046332
0.654808528642,-0.416196202569,0.575832790017,-0.389511208779,0.663364504667,0.542174935059,90.0000061399,90.0000046332
0.654811763795,-0.415674066408,0.575730498013,-0.388989331723,0.663364504667,0.542174935059,90.0000061399,90.0000046332
0.654815104391,-0.415151611714,0.575628377261,-0.388467254557,0.663364504667,0.542174935059,90.0000061399,90.0000046332
0.65481855016,-0.414628838945,0.575526427921,-0.387944977749,0.663364504667,0.542174935059,90.0000061399,90.0000046332
0.65482210083,-0.414105748561,0.575424649931,-0.387422502093,0.663364504667,0.542174935059,90.0000061399,90.0000046332
0.654825756005,-0.413582341211,0.575323043082,-0.386899828603,0.663364504667,0.542174935059,90.0000061399,90.0000046332
0.654829515104,-0.413058617842,0.575221607386,-0.386376957958,0.663364504667,0.542174935059,90.0000061399,90.0000046332
0.654833377669,-0.412534579206,0.575120343,-0.385853890623,0.663364504667,0.542174935059,90.0000061399,90.0000046332
0.654837343426,-0.412010225761,0.575019250081,-0.385330627058,0.663364504667,0.542174935059,90.0000061399,90.0000046332
0.6548414121,-0.411485557967,0.574918328477,-0.384807168184,0.663364504667,0.542174935059,90.0000061399,90.0000046332
0.654845583415,-0.41096057628,0.574817577973,-0.384283515011,0.663364504667,0.542174935059,90.0000061399,90.0000046332
0.654849857097,-0.410435281159,0.574716998661,-0.383759668091,0.663364504667,0.542174935059,90.0000061399,90.0000046332
0.654854232589,-0.409909673505,0.574616590695,-0.383235627881,0.663364504667,0.542174935059,90.0000061399,90.0000046332
0.654858709304,-0.409383754271,0.574516354209,-0.382711394864,0.663364504667,0.542174935059,90.0000061399,90.0000046332
0.654863286936,-0.408857523967,0.574416288984,-0.382186970051,0.663364504667,0.542174935059,90.0000061399,90.0000046332
0.654867965206,-0.408330983049,0.574316394818,-0.381662354423,0.663364504667,0.542174935059,90.0000061399,90.0000046332
0.654872743836,-0.407804131974,0.574216671861,-0.381137548437,0.663364504667,0.542174935059,90.0000061399,90.0000046332
0.654877622548,-0.407276971199,0.574117120261,-0.380612552545,0.663364504667,0.542174935059,90.0000061399,90.0000046332
0.654882600947,-0.406749501365,0.574017740075,-0.380087367335,0.663364504667,0.542174935059,90.0000061399,90.0000046332
0.654887678445,-0.406221723429,0.573918531079,-0.379561993814,0.663364504667,0.542174935059,90.0000061399,90.0000046332
0.654892854567,-0.405693638159,0.57381949314,-0.379036432856,0.663364504667,0.542174935059,90.0000061399,90.0000046332
0.654898129033,-0.405165246012,0.573720626403,-0.378510684909,0.663364504667,0.542174935059,90.0000061399,90.0000046332
0.654903501564,-0.404636547444,0.573621931012,-0.37798475042,0.663364504667,0.542174935059,90.0000061399,90.0000046332
0.654908971879,-0.40410754291,0.573523406952,-0.377458630075,0.663364504667,0.542174935059,90.0000061399,90.0000046332
0.654914539695,-0.403578232866,0.573425053994,-0.376932324883,0.663364504667,0.542174935059,90.0000061399,90.0000046332
0.654920204478,-0.403048618178,0.573326872068,-0.376405835609,0.663364504667,0.542174935059,90.0000061399,90.0000046332
0.654925965636,-0.402518699803,0.573228861315,-0.375879162697,0.663364504667,0.542174935059,90.0000061399,90.0000046332
0.654931822831,-0.401988478287,0.573131021874,-0.375352306587,0.663364504667,0.542174935059,90.0000061399,90.0000046332
0.654937775781,-0.401457954086,0.573033353665,-0.374825268058,0.663364504667,0.542174935059,90.0000061399,90.0000046332
0.654943824202,-0.400927127655,0.572935856453,-0.374298048117,0.663364504667,0.542174935059,90.0000061399,90.0000046332
0.654949967811,-0.400395999446,0.572838530226,-0.373770647431,0.663364504667,0.542174935059,90.0000061399,90.0000046332
0.654956206251,-0.399864570033,0.572741375121,-0.373243066438,0.663364504667,0.542174935059,90.0000061399,90.0000046332
0.654962538928,-0.399332840374,0.572644391273,-0.372715305574,0.663364504667,0.542174935059,90.0000061399,90.0000046332
0.654968965322,-0.398800811311,0.57254757854,-0.372187365698,0.663364504667,0.542174935059,90.0000061399,90.0000046332
0.654975485149,-0.398268483297,0.572450936685,-0.371659247817,0.663364504667,0.542174935059,90.0000061399,90.0000046332
0.654982098123,-0.397735856787,0.572354465746,-0.37113095251,0.663364504667,0.542174935059,90.0000061399,90.0000046332
0.654988803957,-0.397202932232,0.572258165855,-0.370602480207,0.663364504667,0.542174935059,90.0000061399,90.0000046332
0.654995602367,-0.396669710085,0.572162037146,-0.370073831338,0.663364504667,0.542174935059,90.0000061399,90.0000046332
0.655002492874,-0.396136191114,0.57206607942,-0.369545006838,0.663364504667,0.542174935059,90.0000061399,90.0000046332
0.655009474884,-0.395602376278,0.571970292436,-0.369016007712,0.663364504667,0.542174935059,90.0000061399,90.0000046332
0.655016547992,-0.395068266226,0.571874676279,-0.368486834456,0.663364504667,0.542174935059,90.0000061399,90.0000046332
0.655023711912,-0.39453386141,0.571779231076,-0.367957487497,0.663364504667,0.542174935059,90.0000061399,90.0000046332
0.655030966355,-0.39399916228,0.571683956955,-0.367427967257,0.663364504667,0.542174935059,90.0000061399,90.0000046332
0.655038311034,-0.393464169289,0.571588853673,-0.366898274737,0.663364504667,0.542174935059,90.0000061399,90.0000046332
0.655045745661,-0.392928882887,0.571493920983,-0.36636841094,0.663364504667,0.542174935059,90.0000061399,90.0000046332
0.655053269646,-0.39239330402,0.571399159007,-0.365838376291,0.663364504667,0.542174935059,90.0000061399,90.0000046332
0.655060882396,-0.391857433654,0.571304567872,-0.36530817121,0.663364504667,0.542174935059,90.0000061399,90.0000046332
0.655068583612,-0.391321272253,0.571210147665,-0.364777796167,0.663364504667,0.542174935059,90.0000061399,90.0000046332
0.655076373003,-0.39078482027,0.571115898137,-0.364247252164,0.663364504667,0.542174935059,90.0000061399,90.0000046332
0.655084250282,-0.390248078152,0.571021819071,-0.363716540151,0.663364504667,0.542174935059,90.0000061399,90.0000046332
0.655092215156,-0.38971104635,0.570927910589,-0.363185660541,0.663364504667,0.542174935059,90.0000061399,90.0000046332
0.655100267249,-0.38917372546,0.570834172811,-0.362654613749,0.663364504667,0.542174935059,90.0000061399,90.0000046332
0.655108405961,-0.388636116448,0.570740605793,-0.362123400287,0.663364504667,0.542174935059,90.0000061399,90.0000046332
0.655116630785,-0.388098220129,0.570647209281,-0.361592021155,0.663364504667,0.542174935059,90.0000061399,90.0000046332
0.655124941429,-0.387560036954,0.570553983083,-0.361060477253,0.663364504667,0.542174935059,90.0000061399,90.0000046332
0.655133337601,-0.387021567371,0.570460927316,-0.360528768992,0.663364504667,0.542174935059,90.0000061399,90.0000046332
0.655141819011,-0.386482811828,0.570368042098,-0.359996896777,0.663364504667,0.542174935059,90.0000061399,90.0000046332
0.655150385366,-0.385943770771,0.570275327459,-0.35946486115,0.663364504667,0.542174935059,90.0000061399,90.0000046332
0.6551590362,-0.385404444943,0.570182783139,-0.358932663112,0.663364504667,0.542174935059,90.0000061399,90.0000046332
0.655167770915,-0.38486483531,0.570090408966,-0.358400303525,0.663364504667,0.542174935059,90.0000061399,90.0000046332
0.655176589085,-0.384324942545,0.569998205052,-0.357867782792,0.663364504667,0.542174935059,90.0000061399,90.0000046332
0.65518549042,-0.383784767095,0.569906171511,-0.357335101313,0.663364504667,0.542174935059,90.0000061399,90.0000046332
0.655194474625,-0.383244309405,0.569814308356,-0.35680225965,0.663364504667,0.542174935059,90.0000061399,90.0000046332
0.655203541407,-0.382703569921,0.569722615323,-0.356269258799,0.663364504667,0.542174935059,90.0000061399,90.0000046332
0.655212690474,-0.382162549089,0.569631092247,-0.355736099599,0.663364504667,0.542174935059,90.0000061399,90.0000046332
0.655221921281,-0.381621247778,0.56953973924,-0.355202782446,0.663364504667,0.542174935059,90.0000061399,90.0000046332
0.655231233232,-0.381079666957,0.569448556412,-0.354669307734,0.663364504667,0.542174935059,90.0000061399,90.0000046332
0.655240625974,-0.380537807169,0.569357543764,-0.354135676029,0.663364504667,0.542174935059,90.0000061399,90.0000046332
0.655250099215,-0.37999566886,0.569266701028,-0.353601888329,0.663364504667,0.542174935059,90.0000061399,90.0000046332
0.655259652659,-0.379453252473,0.569176028043,-0.353067945457,0.663364504667,0.542174935059,90.0000061399,90.0000046332
0.655269286011,-0.378910558452,0.569085524917,-0.352533847802,0.663364504667,0.542174935059,90.0000061399,90.0000046332
0.655278998972,-0.378367587248,0.568995191755,-0.351999595754,0.663364504667,0.542174935059,90.0000061399,90.0000046332
0.65528879094,-0.377824339833,0.568905028558,-0.35146518987,0.663364504667,0.542174935059,90.0000061399,90.0000046332
0.655298661324,-0.377280817167,0.568815035051,-0.350930631148,0.663364504667,0.542174935059,90.0000061399,90.0000046332
0.655308609827,-0.376737019692,0.56872521107,-0.350395920409,0.663364504667,0.542174935059,90.0000061399,90.0000046332
0.655318636154,-0.376192947851,0.568635556719,-0.349861058038,0.663364504667,0.542174935059,90.0000061399,90.0000046332
0.655328740011,-0.375648602086,0.568546072101,-0.349326044414,0.663364504667,0.542174935059,90.0000061399,90.0000046332
0.6553389211,-0.375103982838,0.568456757219,-0.348790880078,0.663364504667,0.542174935059,90.0000061399,90.0000046332
0.655349179069,-0.374559090645,0.568367611798,-0.348255566024,0.663364504667,0.542174935059,90.0000061399,90.0000046332
0.65535951332,-0.374013926478,0.568278635659,-0.347720103088,0.663364504667,0.542174935059,90.0000061399,90.0000046332
0.655369923307,-0.373468491212,0.568189828902,-0.347184491645,0.663364504667,0.542174935059,90.0000061399,90.0000046332
0.655380408736,-0.372922785288,0.568101191627,-0.346648732071,0.663364504667,0.542174935059,90.0000061399,90.0000046332
0.65539096931,-0.372376809146,0.568012723852,-0.34611282487,0.663364504667,0.542174935059,90.0000061399,90.0000046332
0.655401604731,-0.371830563224,0.567924425298,-0.345576771035,0.663364504667,0.542174935059,90.0000061399,90.0000046332
0.655412314704,-0.371284047962,0.567836295763,-0.345040571429,0.663364504667,0.542174935059,90.0000061399,90.0000046332
0.655423098838,-0.370737263961,0.567748335345,-0.344504226421,0.663364504667,0.542174935059,90.0000061399,90.0000046332
0.655433956533,-0.370190212196,0.567660544141,-0.34396773638,0.663364504667,0.542174935059,90.0000061399,90.0000046332
0.655444887283,-0.369642893474,0.567572922192,-0.34343110176,0.663364504667,0.542174935059,90.0000061399,90.0000046332
0.65545589079,-0.369095308235,0.567485469213,-0.342894323554,0.663364504667,0.542174935059,90.0000061399,90.0000046332
0.655466966758,-0.368547456916,0.567398184975,-0.342357402664,0.663364504667,0.542174935059,90.0000061399,90.0000046332
0.655478114889,-0.367999339954,0.56731106957,-0.341820339455,0.663364504667,0.542174935059,90.0000061399,90.0000046332
0.655489334886,-0.367450957784,0.567224123093,-0.341283134288,0.663364504667,0.542174935059,90.0000061399,90.0000046332
0.655500626333,-0.366902311051,0.567137345617,-0.340745787552,0.663364504667,0.542174935059,90.0000061399,90.0000046332
0.655511988632,-0.366353400728,0.567050736854,-0.340208300237,0.663364504667,0.542174935059,90.0000061399,90.0000046332
0.655523421299,-0.365804227584,0.566964296534,-0.339670673305,0.663364504667,0.542174935059,90.0000061399,90.0000046332
0.655534924037,-0.365254792054,0.566878024747,-0.339132907113,0.663364504667,0.542174935059,90.0000061399,90.0000046332
0.655546496549,-0.364705094571,0.566791921584,-0.338595002015,0.663364504667,0.542174935059,90.0000061399,90.0000046332
0.655558138536,-0.364155135572,0.566705987134,-0.338056958363,0.663364504667,0.542174935059,90.0000061399,90.0000046332
0.655569849701,-0.363604915488,0.566620221132,-0.337518777102,0.663364504667,0.542174935059,90.0000061399,90.0000046332
0.655581629617,-0.36305443498,0.566534623285,-0.33698045922,0.663364504667,0.542174935059,90.0000061399,90.0000046332
0.655593477687,-0.362503695026,0.566449193655,-0.336442005115,0.663364504667,0.542174935059,90.0000061399,90.0000046332
0.655605393437,-0.361952696374,0.566363932327,-0.335903415134,0.663364504667,0.542174935059,90.0000061399,90.0000046332
0.65561737657,-0.361401439456,0.566278839389,-0.335364689623,0.663364504667,0.542174935059,90.0000061399,90.0000046332
0.655629426787,-0.360849924705,0.566193914627,-0.334825829428,0.663364504667,0.542174935059,90.0000061399,90.0000046332
0.655641543791,-0.360298152551,0.566109157746,-0.334286835541,0.663364504667,0.542174935059,90.0000061399,90.0000046332
0.655653727282,-0.359746123426,0.566024568746,-0.333747708443,0.663364504667,0.542174935059,90.0000061399,90.0000046332
0.655665976841,-0.359193837981,0.565940147711,-0.333208448476,0.663364504667,0.542174935059,90.0000061399,90.0000046332
0.655678291868,-0.358641297195,0.565855894727,-0.332669055978,0.663364504667,0.542174935059,90.0000061399,90.0000046332
0.655690671887,-0.358088501824,0.56577180964,-0.332129531683,0.663364504667,0.542174935059,90.0000061399,90.0000046332
0.6557031166,-0.357535452297,0.565687892151,-0.33158987658,0.663364504667,0.542174935059,90.0000061399,90.0000046332
0.655715625708,-0.356982149044,0.565604142194,-0.331050091256,0.663364504667,0.542174935059,90.0000061399,90.0000046332
0.655728198914,-0.356428592494,0.565520559849,-0.330510176047,0.663364504667,0.542174935059,90.0000061399,90.0000046332
0.655740835919,-0.355874783072,0.565437145197,-0.329970131283,0.663364504667,0.542174935059,90.0000061399,90.0000046332
0.655753536321,-0.355320721397,0.56535389816,-0.329429957566,0.663364504667,0.542174935059,90.0000061399,90.0000046332
0.655766299522,-0.354766408447,0.565270818434,-0.328889655881,0.663364504667,0.542174935059,90.0000061399,90.0000046332
0.655779125027,-0.354211845013,0.565187905872,-0.328349226943,0.663364504667,0.542174935059,90.0000061399,90.0000046332
0.655792012539,-0.353657031522,0.565105160553,-0.32780867108,0.663364504667,0.542174935059,90.0000061399,90.0000046332
0.655804961759,-0.353101968401,0.565022582555,-0.327267988616,0.663364504667,0.542174935059,90.0000061399,90.0000046332
0.655817972389,-0.352546656076,0.564940171883,-0.326727179996,0.663364504667,0.542174935059,90.0000061399,90.0000046332
0.65583104413,-0.351991094969,0.564857928228,-0.32618624621,0.663364504667,0.542174935059,90.0000061399,90.0000046332
0.655844176616,-0.351435285632,0.564775851353,-0.32564518812,0.663364504667,0.542174935059,90.0000061399,90.0000046332
0.655857369249,-0.350879229046,0.564693941332,-0.325104006047,0.663364504667,0.542174935059,90.0000061399,90.0000046332
0.655870621502,-0.350322926066,0.564612198241,-0.324562700309,0.663364504667,0.542174935059,90.0000061399,90.0000046332
0.655883933075,-0.349766377116,0.564530622154,-0.324021271219,0.663364504667,0.542174935059,90.0000061399,90.0000046332
0.655897303672,-0.34920958262,0.564449212782,-0.323479719726,0.663364504667,0.542174935059,90.0000061399,90.0000046332
0.655910732994,-0.348652543,0.564367969806,-0.322938046825,0.663364504667,0.542174935059,90.0000061399,90.0000046332
0.655924220743,-0.348095258677,0.564286893272,-0.322396252876,0.663364504667,0.542174935059,90.0000061399,90.0000046332
0.655937766603,-0.347537730104,0.564205983253,-0.321854338189,0.663364504667,0.542174935059,90.0000061399,90.0000046332
0.655951369979,-0.346979958263,0.564125239821,-0.321312303073,0.663364504667,0.542174935059,90.0000061399,90.0000046332
0.655965030292,-0.346421944106,0.564044662793,-0.320770148276,0.663364504667,0.542174935059,90.0000061399,90.0000046332
0.655978747245,-0.345863688054,0.563964251849,-0.320227874795,0.663364504667,0.542174935059,90.0000061399,90.0000046332
0.65599252054,-0.345305190527,0.563884006918,-0.319685483179,0.663364504667,0.542174935059,90.0000061399,90.0000046332
0.656006349879,-0.344746451945,0.563803928072,-0.319142973733,0.663364504667,0.542174935059,90.0000061399,90.0000046332
0.656020234965,-0.344187472725,0.563724015378,-0.318600346755,0.663364504667,0.542174935059,90.0000061399,90.0000046332
0.6560341755,-0.343628253285,0.563644268777,-0.318057602775,0.663364504667,0.542174935059,90.0000061399,90.0000046332
0.65604817094,-0.343068794513,0.563564687944,-0.317514742785,0.663364504667,0.542174935059,90.0000061399,90.0000046332
0.65606222069,-0.342509097396,0.563485272682,-0.316971767551,0.663364504667,0.542174935059,90.0000061399,90.0000046332
0.656076324403,-0.341949162446,0.563406023058,-0.31642867737,0.663364504667,0.542174935059,90.0000061399,90.0000046332
0.656090481781,-0.341388990083,0.56332693914,-0.315885472536,0.663364504667,0.542174935059,90.0000061399,90.0000046332
0.656104692527,-0.340828580721,0.563248020993,-0.315342153338,0.663364504667,0.542174935059,90.0000061399,90.0000046332
0.656118956346,-0.340267934775,0.563169268296,-0.314798720757,0.663364504667,0.542174935059,90.0000061399,90.0000046332
0.656133272939,-0.339707052661,0.563090680721,-0.314255175787,0.663364504667,0.542174935059,90.0000061399,90.0000046332
0.656147641846,-0.339145935106,0.563012258326,-0.31371151873,0.663364504667,0.542174935059,90.0000061399,90.0000046332
0.656162062469,-0.338584583109,0.562934001172,-0.313167749874,0.663364504667,0.542174935059,90.0000061399,90.0000046332
0.656176534374,-0.338022997349,0.562855909326,-0.312623869502,0.663364504667,0.542174935059,90.0000061399,90.0000046332
0.656191057266,-0.337461178239,0.562777982613,-0.312079878322,0.663364504667,0.542174935059,90.0000061399,90.0000046332
0.656205630849,-0.336899126194,0.562700220701,-0.311535777326,0.663364504667,0.542174935059,90.0000061399,90.0000046332
0.656220254825,-0.336336841624,0.562622623494,-0.310991567082,0.663364504667,0.542174935059,90.0000061399,90.0000046332
0.6562349289,-0.33577432494,0.562545191054,-0.310447247871,0.663364504667,0.542174935059,90.0000061399,90.0000046332
0.656249652718,-0.335211576668,0.562467923442,-0.309902819968,0.663364504667,0.542174935059,90.0000061399,90.0000046332
0.656264425682,-0.334648597808,0.562390820646,-0.309358283779,0.663364504667,0.542174935059,90.0000061399,90.0000046332
0.656279247253,-0.334085389246,0.562313882331,-0.308813640296,0.663364504667,0.542174935059,90.0000061399,90.0000046332
0.656294117137,-0.333521951391,0.562237108234,-0.308268890381,0.663364504667,0.542174935059,90.0000061399,90.0000046332
0.656309035039,-0.332958284655,0.562160498414,-0.307724034307,0.663364504667,0.542174935059,90.0000061399,90.0000046332
0.656324000664,-0.332394389445,0.562084052929,-0.307179072344,0.663364504667,0.542174935059,90.0000061399,90.0000046332
0.656339013717,-0.331830266168,0.562007771839,-0.306634004757,0.663364504667,0.542174935059,90.0000061399,90.0000046332
0.656354073902,-0.331265915232,0.561931654911,-0.306088832344,0.663364504667,0.542174935059,90.0000061399,90.0000046332
0.65636918069,-0.330701337509,0.561855701805,-0.305543556098,0.663364504667,0.542174935059,90.0000061399,90.0000046332
0.656384333485,-0.330136534001,0.561779912473,-0.304998176478,0.663364504667,0.542174935059,90.0000061399,90.0000046332
0.656399531929,-0.329571505246,0.561704286971,-0.304452693749,0.663364504667,0.542174935059,90.0000061399,90.0000046332
0.656414775728,-0.32900625165,0.561628825356,-0.303907108168,0.663364504667,0.542174935059,90.0000061399,90.0000046332
0.656430064587,-0.328440773617,0.561553527586,-0.303361420173,0.663364504667,0.542174935059,90.0000061399,90.0000046332
0.656445398213,-0.327875071553,0.561478393319,-0.302815630757,0.663364504667,0.542174935059,90.0000061399,90.0000046332
0.656460776313,-0.32730914586,0.561403422309,-0.302269740731,0.663364504667,0.542174935059,90.0000061399,90.0000046332
0.656476198502,-0.326742997122,0.561328614611,-0.301723750351,0.663364504667,0.542174935059,90.0000061399,90.0000046332
0.656491664186,-0.326176626345,0.561253970278,-0.30117765987,0.663364504667,0.542174935059,90.0000061399,90.0000046332
0.656507172865,-0.32561003435,0.561179489365,-0.300631469537,0.663364504667,0.542174935059,90.0000061399,90.0000046332
0.656522724246,-0.325043221542,0.561105171638,-0.300085180136,0.663364504667,0.542174935059,90.0000061399,90.0000046332
0.656538318037,-0.324476188322,0.561031016751,-0.299538792659,0.663364504667,0.542174935059,90.0000061399,90.0000046332
0.656553953945,-0.323908935092,0.560957024644,-0.298992307563,0.663364504667,0.542174935059,90.0000061399,90.0000046332
0.656569631677,-0.32334146225,0.560883195369,-0.298445725094,0.663364504667,0.542174935059,90.0000061399,90.0000046332
0.656585350943,-0.322773770195,0.560809528978,-0.297899045493,0.663364504667,0.542174935059,90.0000061399,90.0000046332
0.656601111225,-0.322205859782,0.56073602546,-0.297352269118,0.663364504667,0.542174935059,90.0000061399,90.0000046332
0.656616911934,-0.321637732018,0.560662684466,-0.296805396961,0.663364504667,0.542174935059,90.0000061399,90.0000046332
0.656632752703,-0.321069387455,0.560589505708,-0.296258429897,0.663364504667,0.542174935059,90.0000061399,90.0000046332
0.656648633242,-0.320500826492,0.560516489237,-0.295711368166,0.663364504667,0.542174935059,90.0000061399,90.0000046332
0.65666455326,-0.319932049524,0.560443635101,-0.295164212001,0.663364504667,0.542174935059,90.0000061399,90.0000046332
0.656680512468,-0.31936305695,0.560370943351,-0.294616961636,0.663364504667,0.542174935059,90.0000061399,90.0000046332
0.656696510573,-0.318793849163,0.560298413813,-0.294069617721,0.663364504667,0.542174935059,90.0000061399,90.0000046332
0.65671254725,-0.318224426634,0.560226046135,-0.293522181249,0.663364504667,0.542174935059,90.0000061399,90.0000046332
0.656728621908,-0.317654790373,0.560153840186,-0.292974652793,0.663364504667,0.542174935059,90.0000061399,90.0000046332
0.656744734,-0.317084941313,0.560081796013,-0.292427032581,0.663364504667,0.542174935059,90.0000061399,90.0000046332
0.656760883235,-0.316514879849,0.560009913662,-0.291879320837,0.663364504667,0.542174935059,90.0000061399,90.0000046332
0.656777069324,-0.315944606375,0.559938193182,-0.291331517785,0.663364504667,0.542174935059,90.0000061399,90.0000046332
0.656793291979,-0.315374121284,0.559866634253,-0.290783624344,0.663364504667,0.542174935059,90.0000061399,90.0000046332
0.656809550911,-0.314803424968,0.55979523652,-0.290235641509,0.663364504667,0.542174935059,90.0000061399,90.0000046332
0.656825845831,-0.314232517816,0.559723999991,-0.289687569572,0.663364504667,0.542174935059,90.0000061399,90.0000046332
0.656842176327,-0.31366140048,0.559652924711,-0.289139408753,0.663364504667,0.542174935059,90.0000061399,90.0000046332
0.656858541813,-0.313090073972,0.559582010725,-0.288591159266,0.663364504667,0.542174935059,90.0000061399,90.0000046332
0.656874941829,-0.312518539044,0.55951125799,-0.288042821493,0.663364504667,0.542174935059,90.0000061399,90.0000046332
0.656891376089,-0.311946796085,0.559440666147,-0.287494396427,0.663364504667,0.542174935059,90.0000061399,90.0000046332
0.656907844306,-0.311374845486,0.559370234924,-0.286945884894,0.663364504667,0.542174935059,90.0000061399,90.0000046332
0.656924346193,-0.310802687635,0.559299964365,-0.286397287105,0.663364504667,0.542174935059,90.0000061399,90.0000046332
0.656940881463,-0.310230322918,0.559229854512,-0.285848603269,0.663364504667,0.542174935059,90.0000061399,90.0000046332
0.656957449831,-0.30965775172,0.559159905408,-0.28529983359,0.663364504667,0.542174935059,90.0000061399,90.0000046332
0.656974050822,-0.309084974827,0.5590901169,-0.284750978652,0.663364504667,0.542174935059,90.0000061399,90.0000046332
0.656990683854,-0.308511993253,0.559020488627,-0.28420203945,0.663364504667,0.542174935059,90.0000061399,90.0000046332
0.657007348534,-0.307938807615,0.55895102042,-0.283653016598,0.663364504667,0.542174935059,90.0000061399,90.0000046332
0.657024044577,-0.307365418299,0.558881712321,-0.283103910298,0.663364504667,0.542174935059,90.0000061399,90.0000046332
0.657040771699,-0.30679182569,0.558812564371,-0.282554720746,0.663364504667,0.542174935059,90.0000061399,90.0000046332
0.657057529614,-0.306218030171,0.558743576609,-0.282005448139,0.663364504667,0.542174935059,90.0000061399,90.0000046332
0.65707431804,-0.305644032124,0.558674748792,-0.281456093231,0.663364504667,0.542174935059,90.0000061399,90.0000046332
0.657091136692,-0.305069831929,0.558606080555,-0.280906657019,0.663364504667,0.542174935059,90.0000061399,90.0000046332
0.65710798506,-0.304495430454,0.558537571816,-0.280357139937,0.663364504667,0.542174935059,90.0000061399,90.0000046332
0.657124862566,-0.303920828716,0.558469222614,-0.279807542175,0.663364504667,0.542174935059,90.0000061399,90.0000046332
0.657141768859,-0.303346027248,0.558401032987,-0.279257863922,0.663364504667,0.542174935059,90.0000061399,90.0000046332
0.657158703654,-0.302771026433,0.558333002975,-0.278708105362,0.663364504667,0.542174935059,90.0000061399,90.0000046332
0.65717566667,-0.302195826649,0.558265132259,-0.278158267388,0.663364504667,0.542174935059,90.0000061399,90.0000046332
0.657192657626,-0.301620428276,0.558197420474,-0.277608350998,0.663364504667,0.542174935059,90.0000061399,90.0000046332
0.657209676239,-0.30104483169,0.558129867603,-0.277058356479,0.663364504667,0.542174935059,90.0000061399,90.0000046332
0.657226722228,-0.300469037268,0.558062473683,-0.276508284014,0.663364504667,0.542174935059,90.0000061399,90.0000046332
0.657243795077,-0.299893045901,0.557995238752,-0.275958133779,0.663364504667,0.542174935059,90.0000061399,90.0000046332
0.657260894209,-0.299316858611,0.557928162846,-0.27540790595,0.663364504667,0.542174935059,90.0000061399,90.0000046332
0.657278019286,-0.298740475905,0.557861245595,-0.274857601518,0.663364504667,0.542174935059,90.0000061399,90.0000046332
0.657295170028,-0.298163898159,0.55779448663,-0.274307221483,0.663364504667,0.542174935059,90.0000061399,90.0000046332
0.657312346156,-0.297587125747,0.557727885982,-0.273756766026,0.663364504667,0.542174935059,90.0000061399,90.0000046332
0.657329547391,-0.297010159045,0.557661443686,-0.273206235318,0.663364504667,0.542174935059,90.0000061399,90.0000046332
0.657346773453,-0.296432998424,0.557595159776,-0.272655629527,0.663364504667,0.542174935059,90.0000061399,90.0000046332
0.657364024065,-0.295855644255,0.557529034263,-0.272104948868,0.663364504667,0.542174935059,90.0000061399,90.0000046332
0.657381298728,-0.295278097394,0.557463066772,-0.271554194341,0.663364504667,0.542174935059,90.0000061399,90.0000046332
0.657398596872,-0.294700358866,0.557397256953,-0.271003366896,0.663364504667,0.542174935059,90.0000061399,90.0000046332
0.657415918144,-0.294122429213,0.557331604841,-0.270452466698,0.663364504667,0.542174935059,90.0000061399,90.0000046332
0.657433262266,-0.293544308806,0.557266110467,-0.26990149391,0.663364504667,0.542174935059,90.0000061399,90.0000046332
0.657450628963,-0.292965998015,0.557200773865,-0.269350448687,0.663364504667,0.542174935059,90.0000061399,90.0000046332
0.657468017957,-0.29238749721,0.557135595036,-0.268799331249,0.663364504667,0.542174935059,90.0000061399,90.0000046332
0.657485428973,-0.291808806758,0.557070573603,-0.268248142598,0.663364504667,0.542174935059,90.0000061399,90.0000046332
0.657502861734,-0.291229927025,0.55700570922,-0.267696883673,0.663364504667,0.542174935059,90.0000061399,90.0000046332
0.657520315795,-0.290650858763,0.556941001918,-0.26714555463,0.663364504667,0.542174935059,90.0000061399,90.0000046332
0.657537790586,-0.290071603002,0.556876451729,-0.266594155619,0.663364504667,0.542174935059,90.0000061399,90.0000046332
0.657555285712,-0.289492160385,0.556812058682,-0.266042686789,0.663364504667,0.542174935059,90.0000061399,90.0000046332
0.657572800898,-0.288912531278,0.556747822796,-0.265491148313,0.663364504667,0.542174935059,90.0000061399,90.0000046332
0.657590335872,-0.288332716048,0.55668374369,-0.264939541194,0.663364504667,0.542174935059,90.0000061399,90.0000046332
0.657607890359,-0.287752715058,0.556619820998,-0.264387866412,0.663364504667,0.542174935059,90.0000061399,90.0000046332
0.657625464087,-0.287172528671,0.556556054749,-0.26383612411,0.663364504667,0.542174935059,90.0000061399,90.0000046332
0.657643056783,-0.286592157249,0.556492444973,-0.26328431443,0.663364504667,0.542174935059,90.0000061399,90.0000046332
0.65766066808,-0.286011601367,0.556428991699,-0.262732437511,0.663364504667,0.542174935059,90.0000061399,90.0000046332
0.657678297415,-0.285430862056,0.556365694955,-0.262180493486,0.663364504667,0.542174935059,90.0000061399,90.0000046332
0.657695944317,-0.284849940137,0.556302554388,-0.261628483304,0.663364504667,0.542174935059,90.0000061399,90.0000046332
0.657713608516,-0.284268835972,0.556239569613,-0.261076407974,0.663364504667,0.542174935059,90.0000061399,90.0000046332
0.65773128974,-0.283687549922,0.556176740631,-0.260524267689,0.663364504667,0.542174935059,90.0000061399,90.0000046332
0.65774898772,-0.283106082347,0.556114067469,-0.259972062583,0.663364504667,0.542174935059,90.0000061399,90.0000046332
0.657766702186,-0.282524433603,0.556051550155,-0.259419792783,0.663364504667,0.542174935059,90.0000061399,90.0000046332
0.657784432868,-0.281942604049,0.555989188717,-0.258867458413,0.663364504667,0.542174935059,90.0000061399,90.0000046332
0.657802179497,-0.281360594038,0.555926982863,-0.258315060281,0.663364504667,0.542174935059,90.0000061399,90.0000046332
0.657819941528,-0.280778404568,0.555864932208,-0.257762599397,0.663364504667,0.542174935059,90.0000061399,90.0000046332
0.657837718403,-0.280196036679,0.555803036682,-0.257210076091,0.663364504667,0.542174935059,90.0000061399,90.0000046332
0.657855509838,-0.279613490766,0.555741296312,-0.256657490486,0.663364504667,0.542174935059,90.0000061399,90.0000046332
0.657873315563,-0.279030767186,0.555679711125,-0.2561048427,0.663364504667,0.542174935059,90.0000061399,90.0000046332
0.657891135314,-0.278447866294,0.555618281145,-0.255552132847,0.663364504667,0.542174935059,90.0000061399,90.0000046332
0.657908968823,-0.277864788442,0.555557006172,-0.254999361532,0.663364504667,0.542174935059,90.0000061399,90.0000046332
0.657926815824,-0.277281533982,0.555495885819,-0.254446529767,0.663364504667,0.542174935059,90.0000061399,90.0000046332
0.65794467605,-0.276698103264,0.555434919921,-0.253893638081,0.663364504667,0.542174935059,90.0000061399,90.0000046332
0.657962549107,-0.276114496948,0.555374108502,-0.253340686585,0.663364504667,0.542174935059,90.0000061399,90.0000046332
0.657980434439,-0.275530716075,0.555313451588,-0.252787675389,0.663364504667,0.542174935059,90.0000061399,90.0000046332
0.65799833162,-0.274946761381,0.555252949201,-0.252234604599,0.663364504667,0.542174935059,90.0000061399,90.0000046332
0.658016240387,-0.274362633217,0.555192601262,-0.251681474545,0.663364504667,0.542174935059,90.0000061399,90.0000046332
0.658034160476,-0.273778331934,0.555132407379,-0.251128286248,0.663364504667,0.542174935059,90.0000061399,90.0000046332
0.658052091625,-0.273193857879,0.555072367264,-0.250575040496,0.663364504667,0.542174935059,90.0000061399,90.0000046332
0.658070033569,-0.2726092114,0.555012480941,-0.250021737394,0.663364504667,0.542174935059,90.0000061399,90.0000046332
0.658087986047,-0.272024392842,0.554952748432,-0.249468377042,0.663364504667,0.542174935059,90.0000061399,90.0000046332
0.658105948797,-0.271439402548,0.554893169761,-0.248914959534,0.663364504667,0.542174935059,90.0000061399,90.0000046332
0.658123921318,-0.270854241444,0.554833744949,-0.248361484964,0.663364504667,0.542174935059,90.0000061399,90.0000046332
0.658141903058,-0.270268910579,0.554774473648,-0.247807954251,0.663364504667,0.542174935059,90.0000061399,90.0000046332
0.658159893706,-0.269683410421,0.554715355464,-0.247254368419,0.663364504667,0.542174935059,90.0000061399,90.0000046332
0.658177893004,-0.269097741318,0.554656390372,-0.246700727665,0.663364504667,0.542174935059,90.0000061399,90.0000046332
0.65819590069,-0.268511903611,0.554597578394,-0.246147032079,0.663364504667,0.542174935059,90.0000061399,90.0000046332
0.658213916507,-0.267925897644,0.55453891955,-0.24559328175,0.663364504667,0.542174935059,90.0000061399,90.0000046332
0.658231940195,-0.267339723757,0.554480413863,-0.245039476758,0.663364504667,0.542174935059,90.0000061399,90.0000046332
0.658249971496,-0.26675338229,0.554422061163,-0.244485617615,0.663364504667,0.542174935059,90.0000061399,90.0000046332
0.65826801013,-0.26616687363,0.554363861052,-0.243931705349,0.663364504667,0.542174935059,90.0000061399,90.0000046332
0.658286055552,-0.265580198832,0.554305813323,-0.24337774056,0.663364504667,0.542174935059,90.0000061399,90.0000046332
0.658304107236,-0.264993358901,0.554247917996,-0.242823723331,0.663364504667,0.542174935059,90.0000061399,90.0000046332
0.658322164925,-0.264406354177,0.554190175091,-0.242269653738,0.663364504667,0.542174935059,90.0000061399,90.0000046332
0.658340228364,-0.263819185,0.554132584628,-0.241715531855,0.663364504667,0.542174935059,90.0000061399,90.0000046332
0.658358297297,-0.263231851708,0.554075146626,-0.241161357752,0.663364504667,0.542174935059,90.0000061399,90.0000046332
0.658376371469,-0.262644354637,0.554017860709,-0.240607132409,0.663364504667,0.542174935059,90.0000061399,90.0000046332
0.658394450625,-0.262056694121,0.553960726476,-0.24005285686,0.663364504667,0.542174935059,90.0000061399,90.0000046332
0.658412534512,-0.261468870494,0.553903743923,-0.239498531232,0.663364504667,0.542174935059,90.0000061399,90.0000046332
0.658430622825,-0.260880884214,0.553846913068,-0.238944155594,0.663364504667,0.542174935059,90.0000061399,90.0000046332
0.658448715021,-0.260292736341,0.55379023393,-0.238389730012,0.663364504667,0.542174935059,90.0000061399,90.0000046332
0.658466810611,-0.259704427811,0.553733706527,-0.237835254545,0.663364504667,0.542174935059,90.0000061399,90.0000046332
0.658484909342,-0.259115958961,0.553677330729,-0.237280729598,0.663364504667,0.542174935059,90.0000061399,90.0000046332
0.658503010963,-0.258527330122,0.553621106132,-0.23672615621,0.663364504667,0.542174935059,90.0000061399,90.0000046332
0.658521115222,-0.257938541627,0.553565032482,-0.23617153508,0.663364504667,0.542174935059,90.0000061399,90.0000046332
0.658539221868,-0.257349593807,0.553509109798,-0.235616866267,0.663364504667,0.542174935059,90.0000061399,90.0000046332
0.658557330652,-0.256760486988,0.553453338094,-0.235062149826,0.663364504667,0.542174935059,90.0000061399,90.0000046332
0.658575441322,-0.2561712215,0.55339771739,-0.234507385811,0.663364504667,0.542174935059,90.0000061399,90.0000046332
0.658593553595,-0.255581797759,0.553342247701,-0.23395257427,0.663364504667,0.542174935059,90.0000061399,90.0000046332
0.658611666931,-0.254992216834,0.553286928757,-0.233397715927,0.663364504667,0.542174935059,90.0000061399,90.0000046332
0.658629780832,-0.254402479702,0.553231760154,-0.23284281183,0.663364504667,0.542174935059,90.0000061399,90.0000046332
0.658647895051,-0.253812586692,0.553176741771,-0.232287862352,0.663364504667,0.542174935059,90.0000061399,90.0000046332
0.658666009339,-0.253222538133,0.553121873626,-0.23173286754,0.663364504667,0.542174935059,90.0000061399,90.0000046332
0.658684123449,-0.252632334349,0.553067155732,-0.231177827437,0.663364504667,0.542174935059,90.0000061399,90.0000046332
0.658702237137,-0.252041975666,0.553012588107,-0.230622742085,0.663364504667,0.542174935059,90.0000061399,90.0000046332
0.658720350154,-0.251451462406,0.552958170765,-0.230067611519,0.663364504667,0.542174935059,90.0000061399,90.0000046332
0.658738462257,-0.250860794889,0.552903903334,-0.229512436708,0.663364504667,0.542174935059,90.0000061399,90.0000046332
0.6587565732,-0.250269973436,0.552849785404,-0.228957218711,0.663364504667,0.542174935059,90.0000061399,90.0000046332
0.658774682475,-0.249678999056,0.552795816955,-0.228401957652,0.663364504667,0.542174935059,90.0000061399,90.0000046332
0.658792789551,-0.249087872828,0.552741998001,-0.227846653566,0.663364504667,0.542174935059,90.0000061399,90.0000046332
0.658810894162,-0.248496595141,0.552688328558,-0.227291306487,0.663364504667,0.542174935059,90.0000061399,90.0000046332
0.658828996063,-0.247905166316,0.552634808639,-0.22673591644,0.663364504667,0.542174935059,90.0000061399,90.0000046332
0.658847095014,-0.247313586674,0.552581438232,-0.226180483516,0.663364504667,0.542174935059,90.0000061399,90.0000046332
0.658865190771,-0.246721856533,0.552528216923,-0.225625008783,0.663364504667,0.542174935059,90.0000061399,90.0000046332
0.658883283094,-0.24612997621,0.552475144325,-0.225069493251,0.663364504667,0.542174935059,90.0000061399,90.0000046332
0.658901371742,-0.24553794602,0.55242222045,-0.224513936949,0.663364504667,0.542174935059,90.0000061399,90.0000046332
0.658919456474,-0.244945766275,0.552369445313,-0.223958339901,0.663364504667,0.542174935059,90.0000061399,90.0000046332
0.658937536898,-0.244353437698,0.552316818926,-0.223402702125,0.663364504667,0.542174935059,90.0000061399,90.0000046332
0.658955612488,-0.243760961375,0.552264341303,-0.222847023638,0.663364504667,0.542174935059,90.0000061399,90.0000046332
0.658973682872,-0.243168337987,0.55221201241,-0.222291304569,0.663364504667,0.542174935059,90.0000061399,90.0000046332
0.65899174781,-0.242575567849,0.552159831829,-0.221735545999,0.663364504667,0.542174935059,90.0000061399,90.0000046332
0.659009807066,-0.241982651276,0.552107799191,-0.221179748894,0.663364504667,0.542174935059,90.0000061399,90.0000046332
0.659027860401,-0.241389588581,0.552055914508,-0.220623913271,0.663364504667,0.542174935059,90.0000061399,90.0000046332
0.65904590758,-0.240796380075,0.552004177793,-0.220068039142,0.663364504667,0.542174935059,90.0000061399,90.0000046332
0.659063948367,-0.240203026068,0.551952589057,-0.219512126517,0.663364504667,0.542174935059,90.0000061399,90.0000046332
0.659081982524,-0.239609526867,0.551901148313,-0.218956175398,0.663364504667,0.542174935059,90.0000061399,90.0000046332
0.659100009818,-0.239015882778,0.551849855549,-0.218400185845,0.663364504667,0.542174935059,90.0000061399,90.0000046332
0.659118029738,-0.238422094864,0.551798710345,-0.21784415895,0.663364504667,0.542174935059,90.0000061399,90.0000046332
0.659136041766,-0.237828164223,0.551747712306,-0.217288095747,0.663364504667,0.542174935059,90.0000061399,90.0000046332
0.659154045655,-0.237234091199,0.551696861442,-0.216731996242,0.663364504667,0.542174935059,90.0000061399,90.0000046332
0.659172041174,-0.2366398761,0.551646157765,-0.216175860436,0.663364504667,0.542174935059,90.0000061399,90.0000046332
0.659190028089,-0.236045519235,0.551595601287,-0.215619688325,0.663364504667,0.542174935059,90.0000061399,90.0000046332
0.65920800617,-0.235451020909,0.551545192018,-0.215063479902,0.663364504667,0.542174935059,90.0000061399,90.0000046332
0.659225975183,-0.234856381426,0.551494929969,-0.214507235156,0.663364504667,0.542174935059,90.0000061399,90.0000046332
0.659243934899,-0.234261601088,0.551444814765,-0.213950955067,0.663364504667,0.542174935059,90.0000061399,90.0000046332
0.659261885087,-0.233666680195,0.551394845983,-0.213394640742,0.663364504667,0.542174935059,90.0000061399,90.0000046332
0.659279825463,-0.233071619197,0.551345023588,-0.212838292295,0.663364504667,0.542174935059,90.0000061399,90.0000046332
0.659297755512,-0.232476419206,0.551295347589,-0.212281909717,0.663364504667,0.542174935059,90.0000061399,90.0000046332
0.659315674772,-0.231881081182,0.551245817996,-0.211725492993,0.663364504667,0.542174935059,90.0000061399,90.0000046332
0.659333583015,-0.231285605429,0.55119643482,-0.211169042105,0.663364504667,0.542174935059,90.0000061399,90.0000046332
0.659351480014,-0.230689992251,0.551147198071,-0.21061255703,0.663364504667,0.542174935059,90.0000061399,90.0000046332
0.659369365543,-0.230094241947,0.551098107492,-0.210056038442,0.663364504667,0.542174935059,90.0000061399,90.0000046332
0.659387239373,-0.229498354816,0.551049162657,-0.209499487459,0.663364504667,0.542174935059,90.0000061399,90.0000046332
0.65940510128,-0.228902331156,0.55100036341,-0.208942904503,0.663364504667,0.542174935059,90.0000061399,90.0000046332
0.659422951037,-0.228306171261,0.550951709758,-0.208386289553,0.663364504667,0.542174935059,90.0000061399,90.0000046332
0.659440788421,-0.227709875425,0.550903201711,-0.207829642585,0.663364504667,0.542174935059,90.0000061399,90.0000046332
0.659458613148,-0.227113444105,0.550854839278,-0.20727296357,0.663364504667,0.542174935059,90.0000061399,90.0000046332
0.659476424707,-0.226516878431,0.550806622469,-0.206716252474,0.663364504667,0.542174935059,90.0000061399,90.0000046332
0.659494222645,-0.225920179369,0.550758551199,-0.206159509509,0.663364504667,0.542174935059,90.0000061399,90.0000046332
0.659512006739,-0.225323347218,0.55071062504,-0.205602735806,0.663364504667,0.542174935059,90.0000061399,90.0000046332
0.659529776766,-0.224726382273,0.55066284366,-0.205045932249,0.663364504667,0.542174935059,90.0000061399,90.0000046332
0.659547532505,-0.224129284828,0.550615207064,-0.204489098808,0.663364504667,0.542174935059,90.0000061399,90.0000046332
0.659565273736,-0.223532055176,0.550567715264,-0.203932235448,0.663364504667,0.542174935059,90.0000061399,90.0000046332
0.659583000238,-0.222934693606,0.550520368265,-0.20337534213,0.663364504667,0.542174935059,90.0000061399,90.0000046332
0.659600711791,-0.222337200407,0.550473166078,-0.20281841881,0.663364504667,0.542174935059,90.0000061399,90.0000046332
0.659618408175,-0.221739575865,0.550426108709,-0.202261465441,0.663364504667,0.542174935059,90.0000061399,90.0000046332
0.659636089172,-0.221141820265,0.550379195868,-0.201704482788,0.663364504667,0.542174935059,90.0000061399,90.0000046332
0.659653754283,-0.220543934727,0.550332427123,-0.201147472,0.663364504667,0.542174935059,90.0000061399,90.0000046332
0.659671403003,-0.2199459204,0.550285802346,-0.200590433412,0.663364504667,0.542174935059,90.0000061399,90.0000046332
0.659689035108,-0.219347777598,0.550239321543,-0.200033366979,0.663364504667,0.542174935059,90.0000061399,90.0000046332
0.659706650381,-0.218749506608,0.550192984721,-0.199476272652,0.663364504667,0.542174935059,90.0000061399,90.0000046332
0.659724248608,-0.218151107721,0.550146791889,-0.198919150379,0.663364504667,0.542174935059,90.0000061399,90.0000046332
0.659741829571,-0.21755258122,0.550100743053,-0.1983620001,0.663364504667,0.542174935059,90.0000061399,90.0000046332
0.659759393057,-0.21695392739,0.550054838213,-0.197804821776,0.663364504667,0.542174935059,90.0000061399,90.0000046332
0.659776938851,-0.216355146513,0.550009076936,-0.197247616567,0.663364504667,0.542174935059,90.0000061399,90.0000046332
0.65979446674,-0.215756238868,0.549963458798,-0.19669038562,0.663364504667,0.542174935059,90.0000061399,90.0000046332
0.65981197651,-0.215157204734,0.549917983805,-0.196133128879,0.663364504667,0.542174935059,90.0000061399,90.0000046332
0.659829467808,-0.214558044821,0.549872651965,-0.195575846288,0.663364504667,0.542174935059,90.0000061399,90.0000046332
0.659846940134,-0.213958760293,0.549827463283,-0.195018537784,0.663364504667,0.542174935059,90.0000061399,90.0000046332
0.659864393131,-0.213359351879,0.549782417767,-0.1944612033,0.663364504667,0.542174935059,90.0000061399,90.0000046332
0.65988182659,-0.212759819865,0.549737515422,-0.193903842763,0.663364504667,0.542174935059,90.0000061399,90.0000046332
0.6598992403,-0.212160164531,0.549692756166,-0.193346456354,0.663364504667,0.542174935059,90.0000061399,90.0000046332
0.659916634051,-0.211560386158,0.549648139564,-0.192789045253,0.663364504667,0.542174935059,90.0000061399,90.0000046332
0.659934007634,-0.210960485023,0.549603665269,-0.192231610393,0.663364504667,0.542174935059,90.0000061399,90.0000046332
0.659951360842,-0.210360461402,0.549559333289,-0.191674151707,0.663364504667,0.542174935059,90.0000061399,90.0000046332
0.659968693466,-0.209760315569,0.549515143629,-0.191116669125,0.663364504667,0.542174935059,90.0000061399,90.0000046332
0.659986005298,-0.209160047796,0.549471096294,-0.190559162569,0.663364504667,0.542174935059,90.0000061399,90.0000046332
0.660003296132,-0.208559658352,0.549427191291,-0.190001631962,0.663364504667,0.542174935059,90.0000061399,90.0000046332
0.660020565553,-0.207959148171,0.549383428626,-0.189444077216,0.663364504667,0.542174935059,90.0000061399,90.0000046332
0.660037813067,-0.207358518434,0.549339808201,-0.188886498542,0.663364504667,0.542174935059,90.0000061399,90.0000046332
0.660055038394,-0.206757769662,0.549296329578,-0.188328897142,0.663364504667,0.542174935059,90.0000061399,90.0000046332
0.660072241329,-0.206156902134,0.549252992424,-0.187771273927,0.663364504667,0.542174935059,90.0000061399,90.0000046332
0.660089421669,-0.205555916122,0.549209796743,-0.187213628817,0.663364504667,0.542174935059,90.0000061399,90.0000046332
0.660106579209,-0.2049548119,0.54916674254,-0.186655961729,0.663364504667,0.542174935059,90.0000061399,90.0000046332
0.660123713749,-0.204353589736,0.54912382982,-0.186098272575,0.663364504667,0.542174935059,90.0000061399,90.0000046332
0.660140825085,-0.203752249901,0.549081058588,-0.185540561263,0.663364504667,0.542174935059,90.0000061399,90.0000046332
0.660157913017,-0.203150792659,0.54903842885,-0.184982827694,0.663364504667,0.542174935059,90.0000061399,90.0000046332
0.660174977342,-0.202549218274,0.54899594057,-0.184425071887,0.663364504667,0.542174935059,90.0000061399,90.0000046332
0.660192017862,-0.20194752701,0.548953593307,-0.183867295066,0.663364504667,0.542174935059,90.0000061399,90.0000046332
0.660209034186,-0.201345719745,0.548911386663,-0.183309498343,0.663364504667,0.542174935059,90.0000061399,90.0000046332
0.660226025831,-0.200743797682,0.548869320642,-0.182751681626,0.663364504667,0.542174935059,90.0000061399,90.0000046332
0.6602429925,-0.20014176141,0.548827395248,-0.182193844822,0.663364504667,0.542174935059,90.0000061399,90.0000046332
0.660259933997,-0.199539611199,0.548785610486,-0.181635987829,0.663364504667,0.542174935059,90.0000061399,90.0000046332
0.660276850122,-0.198937347316,0.54874396636,-0.181078110544,0.663364504667,0.542174935059,90.0000061399,90.0000046332
0.660293740682,-0.198334970025,0.548702462874,-0.180520212857,0.663364504667,0.542174935059,90.0000061399,90.0000046332
0.660310605478,-0.197732479591,0.548661100033,-0.179962294653,0.663364504667,0.542174935059,90.0000061399,90.0000046332
0.660327444315,-0.197129876274,0.548619877498,-0.179404356864,0.663364504667,0.542174935059,90.0000061399,90.0000046332
0.660344256999,-0.196527160333,0.548578794826,-0.178846400745,0.663364504667,0.542174935059,90.0000061399,90.0000046332
0.660361043335,-0.195924332026,0.548537851918,-0.178288426511,0.663364504667,0.542174935059,90.0000061399,90.0000046332
0.660377803129,-0.195321391607,0.548497048777,-0.177730434055,0.663364504667,0.542174935059,90.0000061399,90.0000046332
0.660394536118,-0.19471833957,0.548456385408,-0.177172423267,0.663364504667,0.542174935059,90.0000061399,90.0000046332
0.660411241822,-0.194115177138,0.548415861814,-0.17661439403,0.663364504667,0.542174935059,90.0000061399,90.0000046332
0.660427919835,-0.193511905302,0.548375477998,-0.176056346224,0.663364504667,0.542174935059,90.0000061399,90.0000046332
0.660444569967,-0.192908524325,0.548335233965,-0.175498279724,0.663364504667,0.542174935059,90.0000061399,90.0000046332
0.660461192026,-0.192305034467,0.548295129607,-0.17494019475,0.663364504667,0.542174935059,90.0000061399,90.0000046332
0.660477785822,-0.191701435989,0.548255164478,-0.174382092579,0.663364504667,0.542174935059,90.0000061399,90.0000046332
0.660494351167,-0.191097729147,0.548215338246,-0.173823974152,0.663364504667,0.542174935059,90.0000061399,90.0000046332
0.660510887871,-0.190493914195,0.548175650913,-0.173265839353,0.663364504667,0.542174935059,90.0000061399,90.0000046332
0.660527395745,-0.189889991386,0.548136102482,-0.172707688061,0.663364504667,0.542174935059,90.0000061399,90.0000046332
0.660543874603,-0.189285960971,0.548096692957,-0.17214952015,0.663364504667,0.542174935059,90.0000061399,90.0000046332
0.660560324255,-0.188681823197,0.548057422341,-0.171591335489,0.663364504667,0.542174935059,90.0000061399,90.0000046332
0.660576744517,-0.188077578311,0.548018290637,-0.171033133942,0.663364504667,0.542174935059,90.0000061399,90.0000046332
0.660593135072,-0.187473227015,0.547979297847,-0.17047491537,0.663364504667,0.542174935059,90.0000061399,90.0000046332
0.660609495449,-0.186868770562,0.547940443744,-0.169916680375,0.663364504667,0.542174935059,90.0000061399,90.0000046332
0.660625825308,-0.186264209754,0.547901727879,-0.169358430272,0.663364504667,0.542174935059,90.0000061399,90.0000046332
0.660642124467,-0.185659544846,0.547863150038,-0.168800165636,0.663364504667,0.542174935059,90.0000061399,90.0000046332
0.66065839274,-0.185054776093,0.547824710222,-0.168241886336,0.663364504667,0.542174935059,90.0000061399,90.0000046332
0.660674629946,-0.184449903745,0.547786408434,-0.167683592238,0.663364504667,0.542174935059,90.0000061399,90.0000046332
0.660690835902,-0.183844928051,0.547748244677,-0.167125283202,0.663364504667,0.542174935059,90.0000061399,90.0000046332
0.660707010426,-0.183239849258,0.547710218954,-0.166566959084,0.663364504667,0.542174935059,90.0000061399,90.0000046332
0.660723153338,-0.182634667611,0.547672331267,-0.166008619733,0.663364504667,0.542174935059,90.0000061399,90.0000046332
0.660739264456,-0.182029383353,0.547634581618,-0.165450264994,0.663364504667,0.542174935059,90.0000061399,90.0000046332
0.660755343601,-0.181423996722,0.547596969761,-0.164891895535,0.663364504667,0.542174935059,90.0000061399,90.0000046332
0.660771390593,-0.180818507958,0.547559495247,-0.164333512705,0.663364504667,0.542174935059,90.0000061399,90.0000046332
0.660787405186,-0.180212917544,0.547522157875,-0.163775117039,0.663364504667,0.542174935059,90.0000061399,90.0000046332
0.660803386916,-0.179607226763,0.547484957645,-0.163216708394,0.663364504667,0.542174935059,90.0000061399,90.0000046332
0.66081933539,-0.17900143666,0.547447894562,-0.162658286623,0.663364504667,0.542174935059,90.0000061399,90.0000046332
0.660835250431,-0.178395547481,0.547410968625,-0.162099851573,0.663364504667,0.542174935059,90.0000061399,90.0000046332
0.660851131862,-0.177789559476,0.547374179838,-0.161541403086,0.663364504667,0.542174935059,90.0000061399,90.0000046332
0.660866979509,-0.177183472886,0.547337528202,-0.160982941,0.663364504667,0.542174935059,90.0000061399,90.0000046332
0.660882793195,-0.176577287956,0.547301013719,-0.160424465145,0.663364504667,0.542174935059,90.0000061399,90.0000046332
0.660898572747,-0.175971004924,0.547264636243,-0.159865975862,0.663364504667,0.542174935059,90.0000061399,90.0000046332
0.660914317991,-0.175364624029,0.54722839532,-0.159307474538,0.663364504667,0.542174935059,90.0000061399,90.0000046332
0.660930028753,-0.174758145506,0.547192290648,-0.158748962061,0.663364504667,0.542174935059,90.0000061399,90.0000046332
0.660945704861,-0.174151569587,0.547156322228,-0.158190438276,0.663364504667,0.542174935059,90.0000061399,90.0000046332
0.660961346143,-0.173544896504,0.547120490063,-0.157631903024,0.663364504667,0.542174935059,90.0000061399,90.0000046332
0.660976952427,-0.172938126484,0.547084794153,-0.157073356141,0.663364504667,0.542174935059,90.0000061399,90.0000046332
0.660992523389,-0.172331260338,0.5470492345,-0.156514797456,0.663364504667,0.542174935059,90.0000061399,90.0000046332
0.661008058576,-0.171724299392,0.547013811106,-0.155956226796,0.663364504667,0.542174935059,90.0000061399,90.0000046332
0.661023557686,-0.17111724439,0.546978523972,-0.155397643979,0.663364504667,0.542174935059,90.0000061399,90.0000046332
0.66103902055,-0.170510095574,0.5469433731,-0.154839048821,0.663364504667,0.542174935059,90.0000061399,90.0000046332
0.661054447,-0.169902853182,0.546908358113,-0.154280442474,0.663364504667,0.542174935059,90.0000061399,90.0000046332
0.661069836868,-0.169295517451,0.546873478557,-0.153721826377,0.663364504667,0.542174935059,90.0000061399,90.0000046332
0.661085189987,-0.168688088615,0.546838734354,-0.153163200641,0.663364504667,0.542174935059,90.0000061399,90.0000046332
0.661100506191,-0.168080566906,0.546804125506,-0.152604565096,0.663364504667,0.542174935059,90.0000061399,90.0000046332
0.661115785314,-0.167472952552,0.546769652015,-0.152045919568,0.663364504667,0.542174935059,90.0000061399,90.0000046332
0.661131027191,-0.166865245782,0.54673531388,-0.151487263876,0.663364504667,0.542174935059,90.0000061399,90.0000046332
0.661146231656,-0.166257446819,0.546701111103,-0.150928597835,0.663364504667,0.542174935059,90.0000061399,90.0000046332
0.661161398546,-0.165649555886,0.546667043686,-0.150369921255,0.663364504667,0.542174935059,90.0000061399,90.0000046332
0.661176527697,-0.165041573201,0.54663311163,-0.14981123394,0.663364504667,0.542174935059,90.0000061399,90.0000046332
0.661191618866,-0.164433499307,0.546599314926,-0.14925253572,0.663364504667,0.542174935059,90.0000061399,90.0000046332
0.661206671606,-0.163825335568,0.546565653118,-0.148693828076,0.663364504667,0.542174935059,90.0000061399,90.0000046332
0.661221685552,-0.163217083035,0.546532125757,-0.14813511247,0.663364504667,0.542174935059,90.0000061399,90.0000046332
0.661236660544,-0.162608741942,0.546498732845,-0.147576388723,0.663364504667,0.542174935059,90.0000061399,90.0000046332
0.661251596422,-0.162000312522,0.546465474382,-0.147017656654,0.663364504667,0.542174935059,90.0000061399,90.0000046332
0.661266493024,-0.161391795004,0.546432350368,-0.146458916073,0.663364504667,0.542174935059,90.0000061399,90.0000046332
0.661281350194,-0.160783189614,0.546399360804,-0.145900166786,0.663364504667,0.542174935059,90.0000061399,90.0000046332
0.661296167771,-0.160174496579,0.546366505692,-0.145341408595,0.663364504667,0.542174935059,90.0000061399,90.0000046332
0.661310945598,-0.159565716121,0.546333785032,-0.144782641295,0.663364504667,0.542174935059,90.0000061399,90.0000046332
0.661325683518,-0.158956848458,0.546301198824,-0.144223864675,0.663364504667,0.542174935059,90.0000061399,90.0000046332
0.661340381375,-0.15834789381,0.546268747069,-0.143665078519,0.663364504667,0.542174935059,90.0000061399,90.0000046332
0.661355039011,-0.15773885239,0.546236429371,-0.143106284123,0.663364504667,0.542174935059,90.0000061399,90.0000046332
0.661369656272,-0.157129724411,0.546204245271,-0.14254748304,0.663364504667,0.542174935059,90.0000061399,90.0000046332
0.661384233002,-0.156520510083,0.546172194706,-0.141988675318,0.663364504667,0.542174935059,90.0000061399,90.0000046332
0.661398768936,-0.155911210083,0.546140277676,-0.141429860764,0.663364504667,0.542174935059,90.0000061399,90.0000046332
0.661413263637,-0.155301825832,0.546108494181,-0.140871039178,0.663364504667,0.542174935059,90.0000061399,90.0000046332
0.661427716779,-0.154692358286,0.546076844222,-0.140312210352,0.663364504667,0.542174935059,90.0000061399,90.0000046332
0.66144212821,-0.154082807673,0.546045327799,-0.139753374076,0.663364504667,0.542174935059,90.0000061399,90.0000046332
0.661456497779,-0.153473174218,0.546013944913,-0.139194530133,0.663364504667,0.542174935059,90.0000061399,90.0000046332
0.661470825333,-0.152863458142,0.545982695564,-0.1386356783,0.663364504667,0.542174935059,90.0000061399,90.0000046332
0.661485110723,-0.152253659664,0.545951579752,-0.138076818349,0.663364504667,0.542174935059,90.0000061399,90.0000046332
0.6614993538,-0.151643779003,0.545920597331,-0.137517950627,0.663364504667,0.542174935059,90.0000061399,90.0000046332
0.661513554412,-0.151033816373,0.545889747839,-0.136959076745,0.663364504667,0.542174935059,90.0000061399,90.0000046332
0.661527712413,-0.150423771985,0.545859030961,-0.13640019775,0.663364504667,0.542174935059,90.0000061399,90.0000046332
0.661541827653,-0.149813646049,0.545828446697,-0.135841313436,0.663364504667,0.542174935059,90.0000061399,90.0000046332
0.661555899986,-0.149203438772,0.545797995047,-0.135282423593,0.663364504667,0.542174935059,90.0000061399,90.0000046332
0.661569929264,-0.148593150359,0.545767676011,-0.134723528007,0.663364504667,0.542174935059,90.0000061399,90.0000046332
0.661583915342,-0.147982781009,0.545737489589,-0.134164626455,0.663364504667,0.542174935059,90.0000061399,90.0000046332
0.661597858073,-0.147372330922,0.54570743578,-0.133605718711,0.663364504667,0.542174935059,90.0000061399,90.0000046332
0.6616117571,-0.146761801253,0.545677514586,-0.133046804543,0.663364504667,0.542174935059,90.0000061399,90.0000046332
0.661625611996,-0.146151193486,0.545647726005,-0.13248788371,0.663364504667,0.542174935059,90.0000061399,90.0000046332
0.661639422545,-0.145540508165,0.545618070039,-0.131928955969,0.663364504667,0.542174935059,90.0000061399,90.0000046332
0.661653188605,-0.144929745507,0.545588546534,-0.131370021707,0.663364504667,0.542174935059,90.0000061399,90.0000046332
0.661666910032,-0.144318905729,0.545559155025,-0.130811082613,0.663364504667,0.542174935059,90.0000061399,90.0000046332
0.661680586686,-0.143707989047,0.545529895202,-0.130252139758,0.663364504667,0.542174935059,90.0000061399,90.0000046332
0.661694218425,-0.14309699567,0.545500767065,-0.129693192925,0.663364504667,0.542174935059,90.0000061399,90.0000046332
0.661707805109,-0.142485925808,0.545471770612,-0.129134241892,0.663364504667,0.542174935059,90.0000061399,90.0000046332
0.661721346596,-0.141874779667,0.545442905845,-0.12857528643,0.663364504667,0.542174935059,90.0000061399,90.0000046332
0.661734842749,-0.14126355745,0.545414172761,-0.128016326306,0.663364504667,0.542174935059,90.0000061399,90.0000046332
0.661748293428,-0.14065225936,0.545385571362,-0.12745736128,0.663364504667,0.542174935059,90.0000061399,90.0000046332
0.661761698495,-0.140040885592,0.545357101647,-0.126898391105,0.663364504667,0.542174935059,90.0000061399,90.0000046332
0.661775057812,-0.139429436344,0.545328763616,-0.12633941553,0.663364504667,0.542174935059,90.0000061399,90.0000046332
0.661788371242,-0.138817911806,0.545300557268,-0.125780434297,0.663364504667,0.542174935059,90.0000061399,90.0000046332
0.66180163865,-0.138206312169,0.545272482605,-0.125221447139,0.663364504667,0.542174935059,90.0000061399,90.0000046332
0.66181485984,-0.1375946379,0.545244539233,-0.124662455499,0.663364504667,0.542174935059,90.0000061399,90.0000046332
0.661828034394,-0.136982890557,0.545216726688,-0.124103461168,0.663364504667,0.542174935059,90.0000061399,90.0000046332
0.661841161954,-0.136371071431,0.545189044893,-0.123544464251,0.663364504667,0.542174935059,90.0000061399,90.0000046332
0.661854242384,-0.135759180736,0.545161493847,-0.122985464515,0.663364504667,0.542174935059,90.0000061399,90.0000046332
0.661867275552,-0.135147218683,0.54513407355,-0.122426461723,0.663364504667,0.542174935059,90.0000061399,90.0000046332
0.661880261326,-0.134535185481,0.545106784,-0.121867455632,0.663364504667,0.542174935059,90.0000061399,90.0000046332
0.661893199574,-0.133923081336,0.545079625199,-0.121308445992,0.663364504667,0.542174935059,90.0000061399,90.0000046332
0.661906090164,-0.133310906451,0.545052597144,-0.120749432547,0.663364504667,0.542174935059,90.0000061399,90.0000046332
0.661918932965,-0.132698661026,0.545025699836,-0.120190415035,0.663364504667,0.542174935059,90.0000061399,90.0000046332
0.661931727847,-0.13208634526,0.544998933274,-0.119631393187,0.663364504667,0.542174935059,90.0000061399,90.0000046332
0.661944474681,-0.131473959347,0.544972297459,-0.119072366729,0.663364504667,0.542174935059,90.0000061399,90.0000046332
0.661957173339,-0.130861503479,0.544945792389,-0.118513335379,0.663364504667,0.542174935059,90.0000061399,90.0000046332
0.66196982369,-0.130248977846,0.54491941771,-0.117954300485,0.663364504667,0.542174935059,90.0000061399,90.0000046332
0.661982425609,-0.129636382633,0.544893172953,-0.117395263948,0.663364504667,0.542174935059,90.0000061399,90.0000046332
0.661994978967,-0.129023718024,0.544867058004,-0.11683622606,0.663364504667,0.542174935059,90.0000061399,90.0000046332
0.662007483639,-0.128410984198,0.544841072861,-0.116277186577,0.663364504667,0.542174935059,90.0000061399,90.0000046332
0.662019939498,-0.127798181333,0.544815217522,-0.115718145251,0.663364504667,0.542174935059,90.0000061399,90.0000046332
0.66203234626,-0.127185310431,0.544789491989,-0.115159101827,0.663364504667,0.542174935059,90.0000061399,90.0000046332
0.662044703517,-0.126572373154,0.544763896258,-0.114600056042,0.663364504667,0.542174935059,90.0000061399,90.0000046332
0.662057011021,-0.125959370355,0.544738430331,-0.11404100763,0.663364504667,0.542174935059,90.0000061399,90.0000046332
0.662069268649,-0.12534630224,0.544713094207,-0.113481956316,0.663364504667,0.542174935059,90.0000061399,90.0000046332
0.662081476278,-0.124733169014,0.544687887884,-0.112922901818,0.663364504667,0.542174935059,90.0000061399,90.0000046332
0.662093633786,-0.124119970876,0.544662811362,-0.11236384385,0.663364504667,0.542174935059,90.0000061399,90.0000046332
0.662105741052,-0.123506708028,0.544637864642,-0.111804782117,0.663364504667,0.542174935059,90.0000061399,90.0000046332
0.662117797955,-0.122893380663,0.544613047721,-0.111245716317,0.663364504667,0.542174935059,90.0000061399,90.0000046332
0.662129804374,-0.122279988975,0.54458836014,-0.110686648406,0.663364504667,0.542174935059,90.0000061399,90.0000046332
0.66214176019,-0.121666533154,0.544563801428,-0.110127580424,0.663364504667,0.542174935059,90.0000061399,90.0000046332
0.662153665285,-0.121053013387,0.544539371572,-0.109568512182,0.663364504667,0.542174935059,90.0000061399,90.0000046332
0.662165519538,-0.120439429858,0.544515070572,-0.109009443423,0.663364504667,0.542174935059,90.0000061399,90.0000046332
0.662177322833,-0.119825782747,0.544490898426,-0.108450373886,0.663364504667,0.542174935059,90.0000061399,90.0000046332
0.662189075053,-0.119212072233,0.544466855134,-0.107891303302,0.663364504667,0.542174935059,90.0000061399,90.0000046332
0.66220077608,-0.118598298489,0.544442940694,-0.107332231397,0.663364504667,0.542174935059,90.0000061399,90.0000046332
0.662212425799,-0.117984461687,0.544419155106,-0.10677315789,0.663364504667,0.542174935059,90.0000061399,90.0000046332
0.662224024094,-0.117370561994,0.544395498369,-0.106214082493,0.663364504667,0.542174935059,90.0000061399,90.0000046332
0.662235570851,-0.116756599574,0.544371970482,-0.10565500491,0.663364504667,0.542174935059,90.0000061399,90.0000046332
0.662247065808,-0.116142575431,0.544348571445,-0.10509592484,0.663364504667,0.542174935059,90.0000061399,90.0000046332
0.662258508567,-0.115528491358,0.544325301256,-0.104536841972,0.663364504667,0.542174935059,90.0000061399,90.0000046332
0.662269898881,-0.114914348326,0.544302159915,-0.103977755992,0.663364504667,0.542174935059,90.0000061399,90.0000046332
0.662281236638,-0.114300146537,0.544279147254,-0.103418667455,0.663364504667,0.542174935059,90.0000061399,90.0000046332
0.662292521726,-0.11368588619,0.544256262799,-0.10285957855,0.663364504667,0.542174935059,90.0000061399,90.0000046332
0.662303754034,-0.113071567481,0.544233506244,-0.102300490617,0.663364504667,0.542174935059,90.0000061399,90.0000046332
0.662314933452,-0.112457190603,0.544210877587,-0.101741403395,0.663364504667,0.542174935059,90.0000061399,90.0000046332
0.662326059869,-0.111842755748,0.544188376827,-0.101182316615,0.663364504667,0.542174935059,90.0000061399,90.0000046332
0.662337133177,-0.111228263101,0.544166003964,-0.100623230003,0.663364504667,0.542174935059,90.0000061399,90.0000046332
0.662348153268,-0.110613712848,0.544143758995,-0.100064143277,0.663364504667,0.542174935059,90.0000061399,90.0000046332
0.662359120032,-0.109999105169,0.544121641922,-0.09950505615,0.663364504667,0.542174935059,90.0000061399,90.0000046332
0.662370033363,-0.109384440242,0.544099652741,-0.0989459683255,0.663364504667,0.542174935059,90.0000061399,90.0000046332
0.662380893155,-0.108769718241,0.544077791453,-0.0983868795016,0.663364504667,0.542174935059,90.0000061399,90.0000046332
0.6623916993,-0.108154939339,0.544056058056,-0.0978277893685,0.663364504667,0.542174935059,90.0000061399,90.0000046332
0.662402451694,-0.107540103702,0.54403445255,-0.0972686976089,0.663364504667,0.542174935059,90.0000061399,90.0000046332
0.662413150231,-0.106925211494,0.544012974934,-0.0967096038977,0.663364504667,0.542174935059,90.0000061399,90.0000046332
0.662423794807,-0.106310262876,0.543991625207,-0.096150507902,0.663364504667,0.542174935059,90.0000061399,90.0000046332
0.662434385319,-0.105695258004,0.543970403368,-0.0955914092807,0.663364504667,0.542174935059,90.0000061399,90.0000046332
0.662444921663,-0.105080197031,0.543949309087,-0.0950323095665,0.663364504667,0.542174935059,90.0000061399,90.0000046332
0.662455403737,-0.104465080105,0.54392834189,-0.0944732111695,0.663364504667,0.542174935059,90.0000061399,90.0000046332
0.662465831257,-0.103849908529,0.543907501627,-0.0939141146601,0.663364504667,0.542174935059,90.0000061399,90.0000046332
0.66247620384,-0.103234684276,0.543886788298,-0.093355019766,0.663364504667,0.542174935059,90.0000061399,90.0000046332
0.662486521284,-0.102619408196,0.543866201902,-0.0927959262078,0.663364504667,0.542174935059,90.0000061399,90.0000046332
0.662496783487,-0.102004080487,0.543845742437,-0.0922368336996,0.663364504667,0.542174935059,90.0000061399,90.0000046332
0.662506990351,-0.101388701343,0.543825409901,-0.0916777419481,0.663364504667,0.542174935059,90.0000061399,90.0000046332
0.662517141778,-0.100773270958,0.543805204295,-0.0911186506529,0.663364504667,0.542174935059,90.0000061399,90.0000046332
0.662527237668,-0.100157789521,0.543785125617,-0.0905595595063,0.663364504667,0.542174935059,90.0000061399,90.0000046332
0.662537277925,-0.0995422572184,0.543765173866,-0.0900004681927,0.663364504667,0.542174935059,90.0000061399,90.0000046332
0.662547262451,-0.0989266742327,0.543745349041,-0.0894413763887,0.663364504667,0.542174935059,90.0000061399,90.0000046332
0.66255719115,-0.098311040744,0.543725651141,-0.0888822837629,0.663364504667,0.542174935059,90.0000061399,90.0000046332
0.662567063927,-0.0976953569286,0.543706080165,-0.0883231899756,0.663364504667,0.542174935059,90.0000061399,90.0000046332
0.662576880687,-0.0970796229596,0.543686636113,-0.0877640946787,0.663364504667,0.542174935059,90.0000061399,90.0000046332
0.662586641334,-0.0964638390063,0.543667318983,-0.087204997515,0.663364504667,0.542174935059,90.0000061399,90.0000046332
0.662596345775,-0.0958480052345,0.543648128774,-0.0866458981186,0.663364504667,0.542174935059,90.0000061399,90.0000046332
0.662605993917,-0.095232121806,0.543629065158,-0.0860867981921,0.663364504667,0.542174935059,90.0000061399,90.0000046332
0.662615585667,-0.094616188879,0.543610127655,-0.0855277004248,0.663364504667,0.542174935059,90.0000061399,90.0000046332
0.662625120933,-0.0940002066076,0.543591316115,-0.0849686054803,0.663364504667,0.542174935059,90.0000061399,90.0000046332
0.662634599624,-0.0933841751416,0.543572630537,-0.0844095130804,0.663364504667,0.542174935059,90.0000061399,90.0000046332
0.662644021648,-0.0927680946269,0.543554070921,-0.0838504229395,0.663364504667,0.542174935059,90.0000061399,90.0000046332
0.662653386916,-0.0921519652048,0.543535637264,-0.0832913347648,0.663364504667,0.542174935059,90.0000061399,90.0000046332
0.662662695337,-0.0915357870121,0.543517329566,-0.0827322482561,0.663364504667,0.542174935059,90.0000061399,90.0000046332
0.662671946824,-0.0909195601811,0.543499147825,-0.0821731631057,0.663364504667,0.542174935059,90.0000061399,90.0000046332
0.66268114124,-0.0903032851772,0.543481092041,-0.0816140789977,0.663364504667,0.542174935059,90.0000061399,90.0000046332
0.662690278215,-0.0896869642257,0.543463162211,-0.0810549956082,0.663364504667,0.542174935059,90.0000061399,90.0000046332
0.662699357426,-0.0890705992525,0.543445358337,-0.0804959126051,0.663364504667,0.542174935059,90.0000061399,90.0000046332
0.662708378786,-0.0884541904582,0.543427680415,-0.0799368296473,0.663364504667,0.542174935059,90.0000061399,90.0000046332
0.662717342208,-0.0878377380403,0.543410128446,-0.079377746385,0.663364504667,0.542174935059,90.0000061399,90.0000046332
0.662726247608,-0.0872212421932,0.543392702428,-0.0788186624593,0.663364504667,0.542174935059,90.0000061399,90.0000046332
0.662735094901,-0.0866047031084,0.54337540236,-0.0782595775015,0.663364504667,0.542174935059,90.0000061399,90.0000046332
0.662743884002,-0.0859881209742,0.543358228242,-0.0777004911333,0.663364504667,0.542174935059,90.0000061399,90.0000046332
0.662752614829,-0.0853714959753,0.543341180073,-0.0771414029663,0.663364504667,0.542174935059,90.0000061399,90.0000046332
0.662761287299,-0.0847548282935,0.543324257851,-0.0765823126015,0.663364504667,0.542174935059,90.0000061399,90.0000046332
0.662769901328,-0.0841381181066,0.543307461155,-0.0760232226432,0.663364504667,0.542174935059,90.0000061399,90.0000046332
0.662778456836,-0.0835213655891,0.543290789505,-0.0754641361851,0.663364504667,0.542174935059,90.0000061399,90.0000046332
0.662786953741,-0.0829045709116,0.543274242839,-0.0749050533759,0.663364504667,0.542174935059,90.0000061399,90.0000046332
0.662795391964,-0.0822877342408,0.543257821157,-0.0743459739342,0.663364504667,0.542174935059,90.0000061399,90.0000046332
0.662803771423,-0.0816708557395,0.543241524457,-0.0737868975718,0.663364504667,0.542174935059,90.0000061399,90.0000046332
0.66281209204,-0.0810539355663,0.543225352739,-0.0732278239923,0.663364504667,0.542174935059,90.0000061399,90.0000046332
0.662820353736,-0.0804369738755,0.543209306,-0.0726687528918,0.663364504667,0.542174935059,90.0000061399,90.0000046332
0.662828556433,-0.0798199708169,0.543193384241,-0.0721096839579,0.663364504667,0.542174935059,90.0000061399,90.0000046332
0.662836700054,-0.0792029265359,0.54317758746,-0.0715506168699,0.663364504667,0.542174935059,90.0000061399,90.0000046332
0.662844784521,-0.0785858411729,0.543161915655,-0.0709915512981,0.663364504667,0.542174935059,90.0000061399,90.0000046332
0.662852809759,-0.0779687148634,0.543146368827,-0.0704324869041,0.663364504667,0.542174935059,90.0000061399,90.0000046332
0.662860775692,-0.0773515477379,0.543130946973,-0.0698734233396,0.663364504667,0.542174935059,90.0000061399,90.0000046332
0.662868682244,-0.0767343399215,0.543115650093,-0.0693143602469,0.663364504667,0.542174935059,90.0000061399,90.0000046332
0.662876529342,-0.0761170915338,0.543100478186,-0.068755297258,0.663364504667,0.542174935059,90.0000061399,90.0000046332
0.662884316911,-0.0754998026886,0.543085431251,-0.0681962339943,0.663364504667,0.542174935059,90.0000061399,90.0000046332
0.662892044879,-0.0748824734938,0.543070509287,-0.0676371700665,0.663364504667,0.542174935059,90.0000061399,90.0000046332
0.662899713172,-0.0742651040511,0.543055712293,-0.0670781050738,0.663364504667,0.542174935059,90.0000061399,90.0000046332
0.662907321538,-0.0736476960863,0.543041040269,-0.0665190386035,0.663364504667,0.542174935059,90.0000061399,90.0000046332
0.662914869622,-0.0730302522956,0.543026493213,-0.065959970231,0.663364504667,0.542174935059,90.0000061399,90.0000046332
0.662922357251,-0.0724127738043,0.543012071125,-0.0654008995186,0.663364504667,0.542174935059,90.0000061399,90.0000046332
0.662929784356,-0.0717952608227,0.542997773797,-0.0648418277483,0.663364504667,0.542174935059,90.0000061399,90.0000046332
0.662937150866,-0.0711777135579,0.542983600745,-0.0642827585788,0.663364504667,0.542174935059,90.0000061399,90.0000046332
0.662944456713,-0.0705601322145,0.542969551694,-0.0637236940323,0.663364504667,0.542174935059,90.0000061399,90.0000046332
0.662951701829,-0.0699425169939,0.542955626642,-0.0631646338398,0.663364504667,0.542174935059,90.0000061399,90.0000046332
0.662958886145,-0.0693248680943,0.542941825587,-0.0626055777247,0.663364504667,0.542174935059,90.0000061399,90.0000046332
0.662966009595,-0.0687071857106,0.54292814853,-0.0620465254028,0.663364504667,0.542174935059,90.0000061399,90.0000046332
0.662973072112,-0.0680894700344,0.542914595468,-0.0614874765815,0.663364504667,0.542174935059,90.0000061399,90.0000046332
0.662980073629,-0.0674717212539,0.542901166402,-0.0609284309596,0.663364504667,0.542174935059,90.0000061399,90.0000046332
0.662987014083,-0.0668539395532,0.542887861328,-0.0603693882273,0.663364504667,0.542174935059,90.0000061399,90.0000046332
0.662993893408,-0.0662361251128,0.542874680248,-0.0598103480655,0.663364504667,0.542174935059,90.0000061399,90.0000046332
0.663000711539,-0.0656182781093,0.54286162316,-0.0592513101452,0.663364504667,0.542174935059,90.0000061399,90.0000046332
0.663007468414,-0.0650003987147,0.542848690062,-0.0586922741276,0.663364504667,0.542174935059,90.0000061399,90.0000046332
0.663014163969,-0.0643824870971,0.542835880954,-0.0581332396633,0.663364504667,0.542174935059,90.0000061399,90.0000046332
0.663020798142,-0.0637645434198,0.542823195835,-0.0575742063918,0.663364504667,0.542174935059,90.0000061399,90.0000046332
0.663027370872,-0.0631465678411,0.542810634704,-0.0570151739413,0.663364504667,0.542174935059,90.0000061399,90.0000046332
0.663033882097,-0.0625285605146,0.542798197561,-0.0564561419277,0.663364504667,0.542174935059,90.0000061399,90.0000046332
0.663040331757,-0.0619105215885,0.542785884404,-0.0558971099544,0.663364504667,0.542174935059,90.0000061399,90.0000046332
0.663046719791,-0.0612924512055,0.542773695232,-0.0553380776117,0.663364504667,0.542174935059,90.0000061399,90.0000046332
0.663053046141,-0.0606743495027,0.542761630045,-0.054779044476,0.663364504667,0.542174935059,90.0000061399,90.0000046332
0.663059310748,-0.060056216611,0.542749688842,-0.0542200101089,0.663364504667,0.542174935059,90.0000061399,90.0000046332
0.663065513553,-0.0594380526549,0.542737871622,-0.0536609740571,0.663364504667,0.542174935059,90.0000061399,90.0000046332
0.663071654499,-0.0588198577524,0.542726178384,-0.0531019358511,0.663364504667,0.542174935059,90.0000061399,90.0000046332
0.66307773353,-0.0582016320144,0.542714609128,-0.0525428950046,0.663364504667,0.542174935059,90.0000061399,90.0000046332
0.663083750588,-0.0575833755445,0.542703163853,-0.0519838510136,0.663364504667,0.542174935059,90.0000061399,90.0000046332
0.663089705618,-0.0569650884385,0.542691842558,-0.0514248033553,0.663364504667,0.542174935059,90.0000061399,90.0000046332
0.663095598565,-0.0563467707839,0.542680644954,-0.0508657545764,0.663364504667,0.542174935059,90.0000061399,90.0000046332
0.663101429375,-0.05572842266,0.542669570554,-0.050306709443,0.663364504667,0.542174935059,90.0000061399,90.0000046332
0.663107197993,-0.0551100441366,0.542658619163,-0.0497476697929,0.663364504667,0.542174935059,90.0000061399,90.0000046332
0.663112904367,-0.0544916352742,0.542647790778,-0.0491886353913,0.663364504667,0.542174935059,90.0000061399,90.0000046332
0.663118548442,-0.0538731961232,0.5426370854,-0.0486296059959,0.663364504667,0.542174935059,90.0000061399,90.0000046332
0.663124130168,-0.0532547267231,0.542626503028,-0.0480705813572,0.663364504667,0.542174935059,90.0000061399,90.0000046332
0.663129649388,-0.0526362284322,0.54261604366,-0.0475115612176,0.663364504667,0.542174935059,90.0000061399,90.0000046332
0.663135105766,-0.0520177049295,0.542605707295,-0.0469525453112,0.663364504667,0.542174935059,90.0000061399,90.0000046332
0.663140499075,-0.0513991586842,0.542595493934,-0.0463935333634,0.663364504667,0.542174935059,90.0000061399,90.0000046332
0.663145829266,-0.0507805899588,0.542585403574,-0.0458345250901,0.663364504667,0.542174935059,90.0000061399,90.0000046332
0.663151096289,-0.050161999015,0.542575436215,-0.0452755201974,0.663364504667,0.542174935059,90.0000061399,90.0000046332
0.663156300096,-0.0495433861137,0.542565591857,-0.0447165183811,0.663364504667,0.542174935059,90.0000061399,90.0000046332
0.66316144064,-0.048924751515,0.542555870498,-0.0441575193258,0.663364504667,0.542174935059,90.0000061399,90.0000046332
0.663166517872,-0.0483060954784,0.542546272138,-0.0435985227043,0.663364504667,0.542174935059,90.0000061399,90.0000046332
0.663171531746,-0.047687418262,0.542536796775,-0.0430395281772,0.663364504667,0.542174935059,90.0000061399,90.0000046332
0.663176482217,-0.0470687201234,0.54252744441,-0.0424805353915,0.663364504667,0.542174935059,90.0000061399,90.0000046332
0.663181369238,-0.046450001319,0.542518215041,-0.0419215439805,0.663364504667,0.542174935059,90.0000061399,90.0000046332
0.663186192764,-0.0458312621044,0.542509108668,-0.0413625535621,0.663364504667,0.542174935059,90.0000061399,90.0000046332
0.663190952752,-0.0452125027339,0.54250012529,-0.0408035637385,0.663364504667,0.542174935059,90.0000061399,90.0000046332
0.663195649158,-0.0445937234606,0.542491264906,-0.0402445740946,0.663364504667,0.542174935059,90.0000061399,90.0000046332
0.663200281937,-0.0439749245368,0.542482527516,-0.0396855841973,0.663364504667,0.542174935059,90.0000061399,90.0000046332
0.663204851049,-0.0433561062131,0.542473913119,-0.0391265935938,0.663364504667,0.542174935059,90.0000061399,90.0000046332
0.663209356451,-0.0427372687389,0.542465421715,-0.0385676018104,0.663364504667,0.542174935059,90.0000061399,90.0000046332
0.663213798102,-0.0421184123622,0.542457053302,-0.038008608351,0.663364504667,0.542174935059,90.0000061399,90.0000046332
0.663218175961,-0.0414995373294,0.542448807881,-0.0374496126957,0.663364504667,0.542174935059,90.0000061399,90.0000046332
0.663222489987,-0.0408806438855,0.54244068545,-0.0368906142984,0.663364504667,0.542174935059,90.0000061399,90.0000046332
0.663226740142,-0.0402617322734,0.542432686009,-0.0363316125855,0.663364504667,0.542174935059,90.0000061399,90.0000046332
0.663230926386,-0.0396428027345,0.542424809557,-0.0357726069535,0.663364504667,0.542174935059,90.0000061399,90.0000046332
0.663235048681,-0.039023855508,0.542417056095,-0.0352135967664,0.663364504667,0.542174935059,90.0000061399,90.0000046332
0.66323910699,-0.038404890831,0.542409425621,-0.0346545813535,0.663364504667,0.542174935059,90.0000061399,90.0000046332
0.663243101274,-0.0377859089385,0.542401918135,-0.0340955600067,0.663364504667,0.542174935059,90.0000061399,90.0000046332
0.663247031499,-0.0371669100627,0.542394533637,-0.0335365319767,0.663364504667,0.542174935059,90.0000061399,90.0000046332
0.663250897626,-0.0365478944335,0.542387272125,-0.0329774964703,0.663364504667,0.542174935059,90.0000061399,90.0000046332
0.663254699623,-0.0359288622778,0.5423801336,-0.0324184526464,0.663364504667,0.542174935059,90.0000061399,90.0000046332
0.663258437452,-0.0353098138192,0.542373118061,-0.0318593996115,0.663364504667,0.542174935059,90.0000061399,90.0000046332
0.663262111081,-0.0346907492784,0.542366225067,-0.0313003440621,0.663364504667,0.542174935059,90.0000061399,90.0000046332
0.663265720476,-0.0340716688721,0.542359454132,-0.0307412939464,0.663364504667,0.542174935059,90.0000061399,90.0000046332
0.663269265603,-0.0334525728131,0.542352805207,-0.0301822500029,0.663364504667,0.542174935059,90.0000061399,90.0000046332
0.663272746431,-0.0328334613098,0.542346278291,-0.0296232121252,0.663364504667,0.542174935059,90.0000061399,90.0000046332
0.663276162927,-0.0322143345662,0.542339873384,-0.0290641802068,0.663364504667,0.542174935059,90.0000061399,90.0000046332
0.663279515061,-0.0315951927808,0.542333590484,-0.0285051541407,0.663364504667,0.542174935059,90.0000061399,90.0000046332
0.663282802801,-0.0309760361465,0.542327429591,-0.0279461338197,0.663364504667,0.542174935059,90.0000061399,90.0000046332
0.663286026119,-0.03035686485,0.542321390705,-0.0273871191362,0.663364504667,0.542174935059,90.0000061399,90.0000046332
0.663289184983,-0.0297376790712,0.542315473825,-0.0268281099824,0.663364504667,0.542174935059,90.0000061399,90.0000046332
0.663292279366,-0.0291184789823,0.54230967895,-0.02626910625,0.663364504667,0.542174935059,90.0000061399,90.0000046332
0.66329530924,-0.0284992647473,0.542304006081,-0.0257101078307,0.663364504667,0.542174935059,90.0000061399,90.0000046332
0.663298274576,-0.0278800365206,0.542298455216,-0.0251511146157,0.663364504667,0.542174935059,90.0000061399,90.0000046332
0.663301175348,-0.0272607944464,0.542293026355,-0.0245921264961,0.663364504667,0.542174935059,90.0000061399,90.0000046332
0.663304011529,-0.0266415386576,0.542287719498,-0.0240331433625,0.663364504667,0.542174935059,90.0000061399,90.0000046332
0.663306783094,-0.0260222692737,0.542282534644,-0.0234741651055,0.663364504667,0.542174935059,90.0000061399,90.0000046332
0.663309490017,-0.0254029864002,0.542277471792,-0.0229151916151,0.663364504667,0.542174935059,90.0000061399,90.0000046332
0.663312132273,-0.0247836901262,0.542272530943,-0.0223562227814,0.663364504667,0.542174935059,90.0000061399,90.0000046332
0.663314709839,-0.0241643805224,0.542267712095,-0.0217972584941,0.663364504667,0.542174935059,90.0000061399,90.0000046332
0.663317222691,-0.0235450576389,0.542263015249,-0.0212382986425,0.663364504667,0.542174935059,90.0000061399,90.0000046332
0.663319670806,-0.0229257215024,0.542258440403,-0.020679343116,0.663364504667,0.542174935059,90.0000061399,90.0000046332
0.663322054162,-0.0223063721128,0.542253987558,-0.0201203918035,0.663364504667,0.542174935059,90.0000061399,90.0000046332
0.663324372737,-0.0216870094392,0.542249656714,-0.0195614445938,0.663364504667,0.542174935059,90.0000061399,90.0000046332
0.66332662651,-0.0210676334162,0.542245447869,-0.0190025013754,0.663364504667,0.542174935059,90.0000061399,90.0000046332
0.663328815461,-0.0204482439376,0.542241361023,-0.0184435620367,0.663364504667,0.542174935059,90.0000061399,90.0000046332
0.66333093957,-0.0198288408509,0.542237396176,-0.0178846264657,0.663364504667,0.542174935059,90.0000061399,90.0000046332
0.663332998817,-0.0192094239493,0.542233553328,-0.0173256945505,0.663364504667,0.542174935059,90.0000061399,90.0000046332
0.663334993184,-0.018589992963,0.542229832479,-0.0167667661788,0.663364504667,0.542174935059,90.0000061399,90.0000046332
0.663336922653,-0.0179705475483,0.542226233627,-0.016207841238,0.663364504667,0.542174935059,90.0000061399,90.0000046332
0.663338787206,-0.0173510872739,0.542222756774,-0.0156489196156,0.663364504667,0.542174935059,90.0000061399,90.0000046332
0.663340586826,-0.0167316116054,0.542219401918,-0.0150900011987,0.663364504667,0.542174935059,90.0000061399,90.0000046332
0.663342321498,-0.016112119885,0.542216169059,-0.0145310858744,0.663364504667,0.542174935059,90.0000061399,90.0000046332
0.663343991204,-0.015492611307,0.542213058196,-0.0139721735296,0.663364504667,0.542174935059,90.0000061399,90.0000046332
0.663345595931,-0.0148730848867,0.542210069331,-0.0134132640508,0.663364504667,0.542174935059,90.0000061399,90.0000046332
0.663347135664,-0.0142535394215,0.542207202462,-0.0128543573248,0.663364504667,0.542174935059,90.0000061399,90.0000046332
0.663348610389,-0.0136339734416,0.542204457589,-0.0122954532378,0.663364504667,0.542174935059,90.0000061399,90.0000046332
0.663350020092,-0.0130143851456,0.542201834712,-0.0117365516761,0.663364504667,0.542174935059,90.0000061399,90.0000046332
0.663351364761,-0.0123947723179,0.542199333831,-0.0111776525259,0.663364504667,0.542174935059,90.0000061399,90.0000046332
0.663352644384,-0.0117751322189,0.542196954945,-0.0106187556731,0.663364504667,0.542174935059,90.0000061399,90.0000046332
0.66335385895,-0.0111554614393,0.542194698054,-0.0100598610037,0.663364504667,0.542174935059,90.0000061399,90.0000046332
0.663355008447,-0.0105357557021,0.542192563159,-0.00950096840339,0.663364504667,0.542174935059,90.0000061399,90.0000046332
0.663356092578,-0.00991602884001,0.542190550259,-0.00894207775782,0.663364504667,0.542174935059,90.0000061399,90.0000046332
0.663357111057,-0.00929629747761,0.542188659353,-0.00838318895254,0.663364504667,0.542174935059,90.0000061399,90.0000046332
0.663358063871,-0.008676562155,0.542186890442,-0.00782430187302,0.663364504667,0.542174935059,90.0000061399,90.0000046332
0.663358951011,-0.00805682313639,0.542185243525,-0.00726541640461,0.663364504667,0.542174935059,90.0000061399,90.0000046332
0.663359772469,-0.00743708068593,0.542183718603,-0.00670653243259,0.663364504667,0.542174935059,90.0000061399,90.0000046332
0.663360528238,-0.00681733506773,0.542182315675,-0.00614764984215,0.663364504667,0.542174935059,90.0000061399,90.0000046332
0.663361218311,-0.0061975865459,0.542181034741,-0.00558876851843,0.663364504667,0.542174935059,90.0000061399,90.0000046332
0.663361842681,-0.00557783538448,0.542179875801,-0.00502988834647,0.663364504667,0.542174935059,90.0000061399,90.0000046332
0.663362401343,-0.00495808184751,0.542178838855,-0.00447100921128,0.663364504667,0.542174935059,90.0000061399,90.0000046332
0.663362894291,-0.00433832619901,0.542177923903,-0.00391213099779,0.663364504667,0.542174935059,90.0000061399,90.0000046332
0.663363321523,-0.00371856870296,0.542177130944,-0.0033532535909,0.663364504667,0.542174935059,90.0000061399,90.0000046332
0.663363683033,-0.00309880962333,0.542176459979,-0.00279437687546,0.663364504667,0.542174935059,90.0000061399,90.0000046332
0.663363978818,-0.00247904922407,0.542175911008,-0.00223550073629,0.663364504667,0.542174935059,90.0000061399,90.0000046332
0.663364208876,-0.00185928776914,0.54217548403,-0.00167662505816,0.663364504667,0.542174935059,90.0000061399,90.0000046332
0.663364373204,-0.00123952552245,0.542175179046,-0.00111774972583,0.663364504667,0.542174935059,90.0000061399,90.0000046332
0.663364471802,-0.000619762747964,0.542174996056,-0.000558874624068,0.663364504667,0.542174935059,90.0000061399,90.0000046332
0.663364504667,-0,0.542174935059,-0,0.663364504667,0.542174935059,90.0000061399,90.0000046332
0.663364471802,0.000619762747964,0.542174996056,0.000558874624068,0.663364504667,0.542174935059,90.0000061399,90.0000046332
0.663364373204,0.00123952552245,0.542175179046,0.00111774972583,0.663364504667,0.542174935059,90.0000061399,90.0000046332
0.663364208876,0.00185928776914,0.54217548403,0.00167662505816,0.663364504667,0.542174935059,90.0000061399,90.0000046332
0.663363978818,0.00247904922407,0.542175911008,0.00223550073629,0.663364504667,0.542174935059,90.0000061399,90.0000046332
0.663363683033,0.00309880962333,0.542176459979,0.00279437687546,0.663364504667,0.542174935059,90.0000061399,90.0000046332
0.663363321523,0.00371856870296,0.542177130944,0.0033532535909,0.663364504667,0.542174935059,90.0000061399,90.0000046332
0.663362894291,0.00433832619901,0.542177923903,0.00391213099779,0.663364504667,0.542174935059,90.0000061399,90.0000046332
0.663362401343,0.00495808184751,0.542178838855,0.00447100921128,0.663364504667,0.542174935059,90.0000061399,90.0000046332
0.663361842681,0.00557783538448,0.542179875801,0.00502988834647,0.663364504667,0.542174935059,90.0000061399,90.0000046332
0.663361218311,0.0061975865459,0.542181034741,0.00558876851843,0.663364504667,0.542174935059,90.0000061399,90.0000046332
0.663360528238,0.00681733506773,0.542182315675,0.00614764984215,0.663364504667,0.542174935059,90.0000061399,90.0000046332
0.663359772469,0.00743708068593,0.542183718603,0.00670653243259,0.663364504667,0.542174935059,90.0000061399,90.0000046332
0.663358951011,0.00805682313639,0.542185243525,0.00726541640461,0.663364504667,0.542174935059,90.0000061399,90.0000046332
0.663358063871,0.008676562155,0.542186890442,0.00782430187302,0.663364504667,0.542174935059,90.0000061399,90.0000046332
0.663357111057,0.00929629747761,0.542188659353,0.00838318895254,0.663364504667,0.542174935059,90.0000061399,90.0000046332
0.663356092578,0.00991602884001,0.542190550259,0.00894207775782,0.663364504667,0.542174935059,90.0000061399,90.0000046332
0.663355008447,0.0105357557021,0.542192563159,0.00950096840339,0.663364504667,0.542174935059,90.0000061399,90.0000046332
0.66335385895,0.0111554614393,0.542194698054,0.0100598610037,0.663364504667,0.542174935059,90.0000061399,90.0000046332
0.663352644384,0.0117751322189,0.542196954945,0.0106187556731,0.663364504667,0.542174935059,90.0000061399,90.0000046332
0.663351364761,0.0123947723179,0.542199333831,0.0111776525259,0.663364504667,0.542174935059,90.0000061399,90.0000046332
0.663350020092,0.0130143851456,0.542201834712,0.0117365516761,0.663364504667,0.542174935059,90.0000061399,90.0000046332
0.663348610389,0.0136339734416,0.542204457589,0.0122954532378,0.663364504667,0.542174935059,90.0000061399,90.0000046332
0.663347135664,0.0142535394215,0.542207202462,0.0128543573248,0.663364504667,0.542174935059,90.0000061399,90.0000046332
0.663345595931,0.0148730848867,0.542210069331,0.0134132640508,0.663364504667,0.542174935059,90.0000061399,90.0000046332
0.663343991204,0.015492611307,0.542213058196,0.0139721735296,0.663364504667,0.542174935059,90.0000061399,90.0000046332
0.663342321498,0.016112119885,0.542216169059,0.0145310858744,0.663364504667,0.542174935059,90.0000061399,90.0000046332
0.663340586826,0.0167316116054,0.542219401918,0.0150900011987,0.663364504667,0.542174935059,90.0000061399,90.0000046332
0.663338787206,0.0173510872739,0.542222756774,0.0156489196156,0.663364504667,0.542174935059,90.0000061399,90.0000046332
0.663336922653,0.0179705475483,0.542226233627,0.016207841238,0.663364504667,0.542174935059,90.0000061399,90.0000046332
0.663334993184,0.018589992963,0.542229832479,0.0167667661788,0.663364504667,0.542174935059,90.0000061399,90.0000046332
0.663332998817,0.0192094239493,0.542233553328,0.0173256945505,0.663364504667,0.542174935059,90.0000061399,90.0000046332
0.66333093957,0.0198288408509,0.542237396176,0.0178846264657,0.663364504667,0.542174935059,90.0000061399,90.0000046332
0.663328815461,0.0204482439376,0.542241361023,0.0184435620367,0.663364504667,0.542174935059,90.0000061399,90.0000046332
0.66332662651,0.0210676334162,0.542245447869,0.0190025013754,0.663364504667,0.542174935059,90.0000061399,90.0000046332
0.663324372737,0.0216870094392,0.542249656714,0.0195614445938,0.663364504667,0.542174935059,90.0000061399,90.0000046332
0.663322054162,0.0223063721128,0.542253987558,0.0201203918035,0.663364504667,0.542174935059,90.0000061399,90.0000046332
0.663319670806,0.0229257215024,0.542258440403,0.020679343116,0.663364504667,0.542174935059,90.0000061399,90.0000046332
0.663317222691,0.0235450576389,0.542263015249,0.0212382986425,0.663364504667,0.542174935059,90.0000061399,90.0000046332
0.663314709839,0.0241643805224,0.542267712095,0.0217972584941,0.663364504667,0.542174935059,90.0000061399,90.0000046332
0.663312132273,0.0247836901262,0.542272530943,0.0223562227814,0.663364504667,0.542174935059,90.0000061399,90.0000046332
0.663309490017,0.0254029864002,0.542277471792,0.0229151916151,0.663364504667,0.542174935059,90.0000061399,90.0000046332
0.663306783094,0.0260222692737,0.542282534644,0.0234741651055,0.663364504667,0.542174935059,90.0000061399,90.0000046332
0.663304011529,0.0266415386576,0.542287719498,0.0240331433625,0.663364504667,0.542174935059,90.0000061399,90.0000046332
0.663301175348,0.0272607944464,0.542293026355,0.0245921264961,0.663364504667,0.542174935059,90.0000061399,90.0000046332
0.663298274576,0.0278800365206,0.542298455216,0.0251511146157,0.663364504667,0.542174935059,90.0000061399,90.0000046332
0.66329530924,0.0284992647473,0.542304006081,0.0257101078307,0.663364504667,0.542174935059,90.0000061399,90.0000046332
0.663292279366,0.0291184789823,0.54230967895,0.02626910625,0.663364504667,0.542174935059,90.0000061399,90.0000046332
0.663289184983,0.0297376790712,0.542315473825,0.0268281099824,0.663364504667,0.542174935059,90.0000061399,90.0000046332
0.663286026119,0.03035686485,0.542321390705,0.0273871191362,0.663364504667,0.542174935059,90.0000061399,90.0000046332
0.663282802801,0.0309760361465,0.542327429591,0.0279461338197,0.663364504667,0.542174935059,90.0000061399,90.0000046332
0.663279515061,0.0315951927808,0.542333590484,0.0285051541407,0.663364504667,0.542174935059,90.0000061399,90.0000046332
0.663276162927,0.0322143345662,0.542339873384,0.0290641802068,0.663364504667,0.542174935059,90.0000061399,90.0000046332
0.663272746431,0.0328334613098,0.542346278291,0.0296232121252,0.663364504667,0.542174935059,90.0000061399,90.0000046332
0.663269265603,0.0334525728131,0.542352805207,0.0301822500029,0.663364504667,0.542174935059,90.0000061399,90.0000046332
0.663265720476,0.0340716688721,0.542359454132,0.0307412939464,0.663364504667,0.542174935059,90.0000061399,90.0000046332
0.663262111081,0.0346907492784,0.542366225067,0.0313003440621,0.663364504667,0.542174935059,90.0000061399,90.0000046332
0.663258437452,0.0353098138192,0.542373118061,0.0318593996115,0.663364504667,0.542174935059,90.0000061399,90.0000046332
0.663254699623,0.0359288622778,0.5423801336,0.0324184526464,0.663364504667,0.542174935059,90.0000061399,90.0000046332
0.663250897626,0.0365478944335,0.542387272125,0.0329774964703,0.663364504667,0.542174935059,90.0000061399,90.0000046332
0.663247031499,0.0371669100627,0.542394533637,0.0335365319767,0.663364504667,0.542174935059,90.0000061399,90.0000046332
0.663243101274,0.0377859089385,0.542401918135,0.0340955600067,0.663364504667,0.542174935059,90.0000061399,90.0000046332
0.66323910699,0.038404890831,0.542409425621,0.0346545813535,0.663364504667,0.542174935059,90.0000061399,90.0000046332
0.663235048681,0.039023855508,0.542417056095,0.0352135967664,0.663364504667,0.542174935059,90.0000061399,90.0000046332
0.663230926386,0.0396428027345,0.542424809557,0.0357726069535,0.663364504667,0.542174935059,90.0000061399,90.0000046332
0.663226740142,0.0402617322734,0.542432686009,0.0363316125855,0.663364504667,0.542174935059,90.0000061399,90.0000046332
0.663222489987,0.0408806438855,0.54244068545,0.0368906142984,0.663364504667,0.542174935059,90.0000061399,90.0000046332
0.663218175961,0.0414995373294,0.542448807881,0.0374496126957,0.663364504667,0.542174935059,90.0000061399,90.0000046332
0.663213798102,0.0421184123622,0.542457053302,0.038008608351,0.663364504667,0.542174935059,90.0000061399,90.0000046332
0.663209356451,0.0427372687389,0.542465421715,0.0385676018104,0.663364504667,0.542174935059,90.0000061399,90.0000046332
0.663204851049,0.0433561062131,0.542473913119,0.0391265935938,0.663364504667,0.542174935059,90.0000061399,90.0000046332
0.663200281937,0.0439749245368,0.542482527516,0.0396855841973,0.663364504667,0.542174935059,90.0000061399,90.0000046332
0.663195649158,0.0445937234606,0.542491264906,0.0402445740946,0.663364504667,0.542174935059,90.0000061399,90.0000046332
0.663190952752,0.0452125027339,0.54250012529,0.0408035637385,0.663364504667,0.542174935059,90.0000061399,90.0000046332
0.663186192764,0.0458312621044,0.542509108668,0.0413625535621,0.663364504667,0.542174935059,90.0000061399,90.0000046332
0.663181369238,0.046450001319,0.542518215041,0.0419215439805,0.663364504667,0.542174935059,90.0000061399,90.0000046332
0.663176482217,0.0470687201234,0.54252744441,0.0424805353915,0.663364504667,0.542174935059,90.0000061399,90.0000046332
0.663171531746,0.047687418262,0.542536796775,0.0430395281772,0.663364504667,0.542174935059,90.0000061399,90.0000046332
0.663166517872,0.0483060954784,0.542546272138,0.0435985227043,0.663364504667,0.542174935059,90.0000061399,90.0000046332
0.66316144064,0.048924751515,0.542555870498,0.0441575193258,0.663364504667,0.542174935059,90.0000061399,90.0000046332
0.663156300096,0.0495433861137,0.542565591857,0.0447165183811,0.663364504667,0.542174935059,90.0000061399,90.0000046332
0.663151096289,0.050161999015,0.542575436215,0.0452755201974,0.663364504667,0.542174935059,90.0000061399,90.0000046332
0.663145829266,0.0507805899588,0.542585403574,0.0458345250901,0.663364504667,0.542174935059,90.0000061399,90.0000046332
0.663140499075,0.0513991586842,0.542595493934,0.0463935333634,0.663364504667,0.542174935059,90.0000061399,90.0000046332
0.663135105766,0.0520177049295,0.542605707295,0.0469525453112,0.663364504667,0.542174935059,90.0000061399,90.0000046332
0.663129649388,0.0526362284322,0.54261604366,0.0475115612176,0.663364504667,0.542174935059,90.0000061399,90.0000046332
0.663124130168,0.0532547267231,0.542626503028,0.0480705813572,0.663364504667,0.542174935059,90.0000061399,90.0000046332
0.663118548442,0.0538731961232,0.5426370854,0.0486296059959,0.663364504667,0.542174935059,90.0000061399,90.0000046332
0.663112904367,0.0544916352742,0.542647790778,0.0491886353913,0.663364504667,0.542174935059,90.0000061399,90.0000046332
0.663107197993,0.0551100441366,0.542658619163,0.0497476697929,0.663364504667,0.542174935059,90.0000061399,90.0000046332
0.663101429375,0.05572842266,0.542669570554,0.050306709443,0.663364504667,0.542174935059,90.0000061399,90.0000046332
0.663095598565,0.0563467707839,0.542680644954,0.0508657545764,0.663364504667,0.542174935059,90.0000061399,90.0000046332
0.663089705618,0.0569650884385,0.542691842558,0.0514248033553,0.663364504667,0.542174935059,90.0000061399,90.0000046332
0.663083750588,0.0575833755445,0.542703163853,0.0519838510136,0.663364504667,0.542174935059,90.0000061399,90.0000046332
0.66307773353,0.0582016320144,0.542714609128,0.0525428950046,0.663364504667,0.542174935059,90.0000061399,90.0000046332
0.663071654499,0.0588198577524,0.542726178384,0.0531019358511,0.663364504667,0.542174935059,90.0000061399,90.0000046332
0.663065513553,0.0594380526549,0.542737871622,0.0536609740571,0.663364504667,0.542174935059,90.0000061399,90.0000046332
0.663059310748,0.060056216611,0.542749688842,0.0542200101089,0.663364504667,0.542174935059,90.0000061399,90.0000046332
0.663053046141,0.0606743495027,0.542761630045,0.054779044476,0.663364504667,0.542174935059,90.0000061399,90.0000046332
0.663046719791,0.0612924512055,0.542773695232,0.0553380776117,0.663364504667,0.542174935059,90.0000061399,90.0000046332
0.663040331757,0.0619105215885,0.542785884404,0.0558971099544,0.663364504667,0.542174935059,90.0000061399,90.0000046332
0.663033882097,0.0625285605146,0.542798197561,0.0564561419277,0.663364504667,0.542174935059,90.0000061399,90.0000046332
0.663027370872,0.0631465678411,0.542810634704,0.0570151739413,0.663364504667,0.542174935059,90.0000061399,90.0000046332
0.663020798142,0.0637645434198,0.542823195835,0.0575742063918,0.663364504667,0.542174935059,90.0000061399,90.0000046332
0.663014163969,0.0643824870971,0.542835880954,0.0581332396633,0.663364504667,0.542174935059,90.0000061399,90.0000046332
0.663007468414,0.0650003987147,0.542848690062,0.0586922741276,0.663364504667,0.542174935059,90.0000061399,90.0000046332
0.663000711539,0.0656182781093,0.54286162316,0.0592513101452,0.663364504667,0.542174935059,90.0000061399,90.0000046332
0.662993893408,0.0662361251128,0.542874680248,0.0598103480655,0.663364504667,0.542174935059,90.0000061399,90.0000046332
0.662987014083,0.0668539395532,0.542887861328,0.0603693882273,0.663364504667,0.542174935059,90.0000061399,90.0000046332
0.662980073629,0.0674717212539,0.542901166402,0.0609284309596,0.663364504667,0.542174935059,90.0000061399,90.0000046332
0.662973072112,0.0680894700344,0.542914595468,0.0614874765815,0.663364504667,0.542174935059,90.0000061399,90.0000046332
0.662966009595,0.0687071857106,0.54292814853,0.0620465254028,0.663364504667,0.542174935059,90.0000061399,90.0000046332
0.662958886145,0.0693248680943,0.542941825587,0.0626055777247,0.663364504667,0.542174935059,90.0000061399,90.0000046332
0.662951701829,0.0699425169939,0.542955626642,0.0631646338398,0.663364504667,0.542174935059,90.0000061399,90.0000046332
0.662944456713,0.0705601322145,0.542969551694,0.0637236940323,0.663364504667,0.542174935059,90.0000061399,90.0000046332
0.662937150866,0.0711777135579,0.542983600745,0.0642827585788,0.663364504667,0.542174935059,90.0000061399,90.0000046332
0.662929784356,0.0717952608227,0.542997773797,0.0648418277483,0.663364504667,0.542174935059,90.0000061399,90.0000046332
0.662922357251,0.0724127738043,0.543012071125,0.0654008995186,0.663364504667,0.542174935059,90.0000061399,90.0000046332
0.662914869622,0.0730302522956,0.543026493213,0.065959970231,0.663364504667,0.542174935059,90.0000061399,90.0000046332
0.662907321538,0.0736476960863,0.543041040269,0.0665190386035,0.663364504667,0.542174935059,90.0000061399,90.0000046332
0.662899713172,0.0742651040511,0.543055712293,0.0670781050738,0.663364504667,0.542174935059,90.0000061399,90.0000046332
0.662892044879,0.0748824734938,0.543070509287,0.0676371700665,0.663364504667,0.542174935059,90.0000061399,90.0000046332
0.662884316911,0.0754998026886,0.543085431251,0.0681962339943,0.663364504667,0.542174935059,90.0000061399,90.0000046332
0.662876529342,0.0761170915338,0.543100478186,0.068755297258,0.663364504667,0.542174935059,90.0000061399,90.0000046332
0.662868682244,0.0767343399215,0.543115650093,0.0693143602469,0.663364504667,0.542174935059,90.0000061399,90.0000046332
0.662860775692,0.0773515477379,0.543130946973,0.0698734233396,0.663364504667,0.542174935059,90.0000061399,90.0000046332
0.662852809759,0.0779687148634,0.543146368827,0.0704324869041,0.663364504667,0.542174935059,90.0000061399,90.0000046332
0.662844784521,0.0785858411729,0.543161915655,0.0709915512981,0.663364504667,0.542174935059,90.0000061399,90.0000046332
0.662836700054,0.0792029265359,0.54317758746,0.0715506168699,0.663364504667,0.542174935059,90.0000061399,90.0000046332
0.662828556433,0.0798199708169,0.543193384241,0.0721096839579,0.663364504667,0.542174935059,90.0000061399,90.0000046332
0.662820353736,0.0804369738755,0.543209306,0.0726687528918,0.663364504667,0.542174935059,90.0000061399,90.0000046332
0.66281209204,0.0810539355663,0.543225352739,0.0732278239923,0.663364504667,0.542174935059,90.0000061399,90.0000046332
0.662803771423,0.0816708557395,0.543241524457,0.0737868975718,0.663364504667,0.542174935059,90.0000061399,90.0000046332
0.662795391964,0.0822877342408,0.543257821157,0.0743459739342,0.663364504667,0.542174935059,90.0000061399,90.0000046332
0.662786953741,0.0829045709116,0.543274242839,0.0749050533759,0.663364504667,0.542174935059,90.0000061399,90.0000046332
0.662778456836,0.0835213655891,0.543290789505,0.0754641361851,0.663364504667,0.542174935059,90.0000061399,90.0000046332
0.662769901328,0.0841381181066,0.543307461155,0.0760232226432,0.663364504667,0.542174935059,90.0000061399,90.0000046332
0.662761287299,0.0847548282935,0.543324257851,0.0765823126015,0.663364504667,0.542174935059,90.0000061399,90.0000046332
0.662752614829,0.0853714959753,0.543341180073,0.0771414029663,0.663364504667,0.542174935059,90.0000061399,90.0000046332
0.662743884002,0.0859881209742,0.543358228242,0.0777004911333,0.663364504667,0.542174935059,90.0000061399,90.0000046332
0.662735094901,0.0866047031084,0.54337540236,0.0782595775015,0.663364504667,0.542174935059,90.0000061399,90.0000046332
0.662726247608,0.0872212421932,0.543392702428,0.0788186624593,0.663364504667,0.542174935059,90.0000061399,90.0000046332
0.662717342208,0.0878377380403,0.543410128446,0.079377746385,0.663364504667,0.542174935059,90.0000061399,90.0000046332
0.662708378786,0.0884541904582,0.543427680415,0.0799368296473,0.663364504667,0.542174935059,90.0000061399,90.0000046332
0.662699357426,0.0890705992525,0.543445358337,0.0804959126051,0.663364504667,0.542174935059,90.0000061399,90.0000046332
0.662690278215,0.0896869642257,0.543463162211,0.0810549956082,0.663364504667,0.542174935059,90.0000061399,90.0000046332
0.66268114124,0.0903032851772,0.543481092041,0.0816140789977,0.663364504667,0.542174935059,90.0000061399,90.0000046332
0.662671946824,0.0909195601811,0.543499147825,0.0821731631057,0.663364504667,0.542174935059,90.0000061399,90.0000046332
0.662662695337,0.0915357870121,0.543517329566,0.0827322482561,0.663364504667,0.542174935059,90.0000061399,90.0000046332
0.662653386916,0.0921519652048,0.543535637264,0.0832913347648,0.663364504667,0.542174935059,90.0000061399,90.0000046332
0.662644021648,0.0927680946269,0.543554070921,0.0838504229395,0.663364504667,0.542174935059,90.0000061399,90.0000046332
0.662634599624,0.0933841751416,0.543572630537,0.0844095130804,0.663364504667,0.542174935059,90.0000061399,90.0000046332
0.662625120933,0.0940002066076,0.543591316115,0.0849686054803,0.663364504667,0.542174935059,90.0000061399,90.0000046332
0.662615585667,0.094616188879,0.543610127655,0.0855277004248,0.663364504667,0.542174935059,90.0000061399,90.0000046332
0.662605993917,0.095232121806,0.543629065158,0.0860867981921,0.663364504667,0.542174935059,90.0000061399,90.0000046332
0.662596345775,0.0958480052345,0.543648128774,0.0866458981186,0.663364504667,0.542174935059,90.0000061399,90.0000046332
0.662586641334,0.0964638390063,0.543667318983,0.087204997515,0.663364504667,0.542174935059,90.0000061399,90.0000046332
0.662576880687,0.0970796229596,0.543686636113,0.0877640946787,0.663364504667,0.542174935059,90.0000061399,90.0000046332
0.662567063927,0.0976953569286,0.543706080165,0.0883231899756,0.663364504667,0.542174935059,90.0000061399,90.0000046332
0.66255719115,0.098311040744,0.543725651141,0.0888822837629,0.663364504667,0.542174935059,90.0000061399,90.0000046332
0.662547262451,0.0989266742327,0.543745349041,0.0894413763887,0.663364504667,0.542174935059,90.0000061399,90.0000046332
0.662537277925,0.0995422572184,0.543765173866,0.0900004681927,0.663364504667,0.542174935059,90.0000061399,90.0000046332
0.662527237668,0.100157789521,0.543785125617,0.0905595595063,0.663364504667,0.542174935059,90.0000061399,90.0000046332
0.662517141778,0.100773270958,0.543805204295,0.0911186506529,0.663364504667,0.542174935059,90.0000061399,90.0000046332
0.662506990351,0.101388701343,0.543825409901,0.0916777419481,0.663364504667,0.542174935059,90.0000061399,90.0000046332
0.662496783487,0.102004080487,0.543845742437,0.0922368336996,0.663364504667,0.542174935059,90.0000061399,90.0000046332
0.662486521284,0.102619408196,0.543866201902,0.0927959262078,0.663364504667,0.542174935059,90.0000061399,90.0000046332
0.66247620384,0.103234684276,0.543886788298,0.093355019766,0.663364504667,0.542174935059,90.0000061399,90.0000046332
0.662465831257,0.103849908529,0.543907501627,0.0939141146601,0.663364504667,0.542174935059,90.0000061399,90.0000046332
0.662455403737,0.104465080105,0.54392834189,0.0944732111695,0.663364504667,0.542174935059,90.0000061399,90.0000046332
0.662444921663,0.105080197031,0.543949309087,0.0950323095665,0.663364504667,0.542174935059,90.0000061399,90.0000046332
0.662434385319,0.105695258004,0.543970403368,0.0955914092807,0.663364504667,0.542174935059,90.0000061399,90.0000046332
0.662423794807,0.106310262876,0.543991625207,0.096150507902,0.663364504667,0.542174935059,90.0000061399,90.0000046332
0.662413150231,0.106925211494,0.544012974934,0.0967096038977,0.663364504667,0.542174935059,90.0000061399,90.0000046332
0.662402451694,0.107540103702,0.54403445255,0.0972686976089,0.663364504667,0.542174935059,90.0000061399,90.0000046332
0.6623916993,0.108154939339,0.544056058056,0.0978277893685,0.663364504667,0.542174935059,90.0000061399,90.0000046332
0.662380893155,0.108769718241,0.544077791453,0.0983868795016,0.663364504667,0.542174935059,90.0000061399,90.0000046332
0.662370033363,0.109384440242,0.544099652741,0.0989459683255,0.663364504667,0.542174935059,90.0000061399,90.0000046332
0.662359120032,0.109999105169,0.544121641922,0.09950505615,0.663364504667,0.542174935059,90.0000061399,90.0000046332
0.662348153268,0.110613712848,0.544143758995,0.100064143277,0.663364504667,0.542174935059,90.0000061399,90.0000046332
0.662337133177,0.111228263101,0.544166003964,0.100623230003,0.663364504667,0.542174935059,90.0000061399,90.0000046332
0.662326059869,0.111842755748,0.544188376827,0.101182316615,0.663364504667,0.542174935059,90.0000061399,90.0000046332
0.662314933452,0.112457190603,0.544210877587,0.101741403395,0.663364504667,0.542174935059,90.0000061399,90.0000046332
0.662303754034,0.113071567481,0.544233506244,0.102300490617,0.663364504667,0.542174935059,90.0000061399,90.0000046332
0.662292521726,0.11368588619,0.544256262799,0.10285957855,0.663364504667,0.542174935059,90.0000061399,90.0000046332
0.662281236638,0.114300146537,0.544279147254,0.103418667455,0.663364504667,0.542174935059,90.0000061399,90.0000046332
0.662269898881,0.114914348326,0.544302159915,0.103977755992,0.663364504667,0.542174935059,90.0000061399,90.0000046332
0.662258508567,0.115528491358,0.544325301256,0.104536841972,0.663364504667,0.542174935059,90.0000061399,90.0000046332
0.662247065808,0.116142575431,0.544348571445,0.10509592484,0.663364504667,0.542174935059,90.0000061399,90.0000046332
0.662235570851,0.116756599574,0.544371970482,0.10565500491,0.663364504667,0.542174935059,90.0000061399,90.0000046332
0.662224024094,0.117370561994,0.544395498369,0.106214082493,0.663364504667,0.542174935059,90.0000061399,90.0000046332
0.662212425799,0.117984461687,0.544419155106,0.10677315789,0.663364504667,0.542174935059,90.0000061399,90.0000046332
0.66220077608,0.118598298489,0.544442940694,0.107332231397,0.663364504667,0.542174935059,90.0000061399,90.0000046332
0.662189075053,0.119212072233,0.544466855134,0.107891303302,0.663364504667,0.542174935059,90.0000061399,90.0000046332
0.662177322833,0.119825782747,0.544490898426,0.108450373886,0.663364504667,0.542174935059,90.0000061399,90.0000046332
0.662165519538,0.120439429858,0.544515070572,0.109009443423,0.663364504667,0.542174935059,90.0000061399,90.0000046332
0.662153665285,0.121053013387,0.544539371572,0.109568512182,0.663364504667,0.542174935059,90.0000061399,90.0000046332
0.66214176019,0.121666533154,0.544563801428,0.110127580424,0.663364504667,0.542174935059,90.0000061399,90.0000046332
0.662129804374,0.122279988975,0.54458836014,0.110686648406,0.663364504667,0.542174935059,90.0000061399,90.0000046332
0.662117797955,0.122893380663,0.544613047721,0.111245716317,0.663364504667,0.542174935059,90.0000061399,90.0000046332
0.662105741052,0.123506708028,0.544637864642,0.111804782117,0.663364504667,0.542174935059,90.0000061399,90.0000046332
0.662093633786,0.124119970876,0.544662811362,0.11236384385,0.663364504667,0.542174935059,90.0000061399,90.0000046332
0.662081476278,0.124733169014,0.544687887884,0.112922901818,0.663364504667,0.542174935059,90.0000061399,90.0000046332
0.662069268649,0.12534630224,0.544713094207,0.113481956316,0.663364504667,0.542174935059,90.0000061399,90.0000046332
0.662057011021,0.125959370355,0.544738430331,0.11404100763,0.663364504667,0.542174935059,90.0000061399,90.0000046332
0.662044703517,0.126572373154,0.544763896258,0.114600056042,0.663364504667,0.542174935059,90.0000061399,90.0000046332
0.66203234626,0.127185310431,0.544789491989,0.115159101827,0.663364504667,0.542174935059,90.0000061399,90.0000046332
0.662019939498,0.127798181333,0.544815217522,0.115718145251,0.663364504667,0.542174935059,90.0000061399,90.0000046332
0.662007483639,0.128410984198,0.544841072861,0.116277186577,0.663364504667,0.542174935059,90.0000061399,90.0000046332
0.661994978967,0.129023718024,0.544867058004,0.11683622606,0.663364504667,0.542174935059,90.0000061399,90.0000046332
0.661982425609,0.129636382633,0.544893172953,0.117395263948,0.663364504667,0.542174935059,90.0000061399,90.0000046332
0.66196982369,0.130248977846,0.54491941771,0.117954300485,0.663364504667,0.542174935059,90.0000061399,90.0000046332
0.661957173339,0.130861503479,0.544945792389,0.118513335379,0.663364504667,0.542174935059,90.0000061399,90.0000046332
0.661944474681,0.131473959347,0.544972297459,0.119072366729,0.663364504667,0.542174935059,90.0000061399,90.0000046332
0.661931727847,0.13208634526,0.544998933274,0.119631393187,0.663364504667,0.542174935059,90.0000061399,90.0000046332
0.661918932965,0.132698661026,0.545025699836,0.120190415035,0.663364504667,0.542174935059,90.0000061399,90.0000046332
0.661906090164,0.133310906451,0.545052597144,0.120749432547,0.663364504667,0.542174935059,90.0000061399,90.0000046332
0.661893199574,0.133923081336,0.545079625199,0.121308445992,0.663364504667,0.542174935059,90.0000061399,90.0000046332
0.661880261326,0.134535185481,0.545106784,0.121867455632,0.663364504667,0.542174935059,90.0000061399,90.0000046332
0.661867275552,0.135147218683,0.54513407355,0.122426461723,0.663364504667,0.542174935059,90.0000061399,90.0000046332
0.661854242384,0.135759180736,0.545161493847,0.122985464515,0.663364504667,0.542174935059,90.0000061399,90.0000046332
0.661841161954,0.136371071431,0.545189044893,0.123544464251,0.663364504667,0.542174935059,90.0000061399,90.0000046332
0.661828034394,0.136982890557,0.545216726688,0.124103461168,0.663364504667,0.542174935059,90.0000061399,90.0000046332
0.66181485984,0.1375946379,0.545244539233,0.124662455499,0.663364504667,0.542174935059,90.0000061399,90.0000046332
0.66180163865,0.138206312169,0.545272482605,0.125221447139,0.663364504667,0.542174935059,90.0000061399,90.0000046332
0.661788371242,0.138817911806,0.545300557268,0.125780434297,0.663364504667,0.542174935059,90.0000061399,90.0000046332
0.661775057812,0.139429436344,0.545328763616,0.12633941553,0.663364504667,0.542174935059,90.0000061399,90.0000046332
0.661761698495,0.140040885592,0.545357101647,0.126898391105,0.663364504667,0.542174935059,90.0000061399,90.0000046332
0.661748293428,0.14065225936,0.545385571362,0.12745736128,0.663364504667,0.542174935059,90.0000061399,90.0000046332
0.661734842749,0.14126355745,0.545414172761,0.128016326306,0.663364504667,0.542174935059,90.0000061399,90.0000046332
0.661721346596,0.141874779667,0.545442905845,0.12857528643,0.663364504667,0.542174935059,90.0000061399,90.0000046332
0.661707805109,0.142485925808,0.545471770612,0.129134241892,0.663364504667,0.542174935059,90.0000061399,90.0000046332
0.661694218425,0.14309699567,0.545500767065,0.129693192925,0.663364504667,0.542174935059,90.0000061399,90.0000046332
0.661680586686,0.143707989047,0.545529895202,0.130252139758,0.663364504667,0.542174935059,90.0000061399,90.0000046332
0.661666910032,0.144318905729,0.545559155025,0.130811082613,0.663364504667,0.542174935059,90.0000061399,90.0000046332
0.661653188605,0.144929745507,0.545588546534,0.131370021707,0.663364504667,0.542174935059,90.0000061399,90.0000046332
0.661639422545,0.145540508165,0.545618070039,0.131928955969,0.663364504667,0.542174935059,90.0000061399,90.0000046332
0.661625611996,0.146151193486,0.545647726005,0.13248788371,0.663364504667,0.542174935059,90.0000061399,90.0000046332
0.6616117571,0.146761801253,0.545677514586,0.133046804543,0.663364504667,0.542174935059,90.0000061399,90.0000046332
0.661597858073,0.147372330922,0.54570743578,0.133605718711,0.663364504667,0.542174935059,90.0000061399,90.0000046332
0.661583915342,0.147982781009,0.545737489589,0.134164626455,0.663364504667,0.542174935059,90.0000061399,90.0000046332
0.661569929264,0.148593150359,0.545767676011,0.134723528007,0.663364504667,0.542174935059,90.0000061399,90.0000046332
0.661555899986,0.149203438772,0.545797995047,0.135282423593,0.663364504667,0.542174935059,90.0000061399,90.0000046332
0.661541827653,0.149813646049,0.545828446697,0.135841313436,0.663364504667,0.542174935059,90.0000061399,90.0000046332
0.661527712413,0.150423771985,0.545859030961,0.13640019775,0.663364504667,0.542174935059,90.0000061399,90.0000046332
0.661513554412,0.151033816373,0.545889747839,0.136959076745,0.663364504667,0.542174935059,90.0000061399,90.0000046332
0.6614993538,0.151643779003,0.545920597331,0.137517950627,0.663364504667,0.542174935059,90.0000061399,90.0000046332
0.661485110723,0.152253659664,0.545951579752,0.138076818349,0.663364504667,0.542174935059,90.0000061399,90.0000046332
0.661470825333,0.152863458142,0.545982695564,0.1386356783,0.663364504667,0.542174935059,90.0000061399,90.0000046332
0.661456497779,0.153473174218,0.546013944913,0.139194530133,0.663364504667,0.542174935059,90.0000061399,90.0000046332
0.66144212821,0.154082807673,0.546045327799,0.139753374076,0.663364504667,0.542174935059,90.0000061399,90.0000046332
0.661427716779,0.154692358286,0.546076844222,0.140312210352,0.663364504667,0.542174935059,90.0000061399,90.0000046332
0.661413263637,0.155301825832,0.546108494181,0.140871039178,0.663364504667,0.542174935059,90.0000061399,90.0000046332
0.661398768936,0.155911210083,0.546140277676,0.141429860764,0.663364504667,0.542174935059,90.0000061399,90.0000046332
0.661384233002,0.156520510083,0.546172194706,0.141988675318,0.663364504667,0.542174935059,90.0000061399,90.0000046332
0.661369656272,0.157129724411,0.546204245271,0.14254748304,0.663364504667,0.542174935059,90.0000061399,90.0000046332
0.661355039011,0.15773885239,0.546236429371,0.143106284123,0.663364504667,0.542174935059,90.0000061399,90.0000046332
0.661340381375,0.15834789381,0.546268747069,0.143665078519,0.663364504667,0.542174935059,90.0000061399,90.0000046332
0.661325683518,0.158956848458,0.546301198824,0.144223864675,0.663364504667,0.542174935059,90.0000061399,90.0000046332
0.661310945598,0.159565716121,0.546333785032,0.144782641295,0.663364504667,0.542174935059,90.0000061399,90.0000046332
0.661296167771,0.160174496579,0.546366505692,0.145341408595,0.663364504667,0.542174935059,90.0000061399,90.0000046332
0.661281350194,0.160783189614,0.546399360804,0.145900166786,0.663364504667,0.542174935059,90.0000061399,90.0000046332
0.661266493024,0.161391795004,0.546432350368,0.146458916073,0.663364504667,0.542174935059,90.0000061399,90.0000046332
0.661251596422,0.162000312522,0.546465474382,0.147017656654,0.663364504667,0.542174935059,90.0000061399,90.0000046332
0.661236660544,0.162608741942,0.546498732845,0.147576388723,0.663364504667,0.542174935059,90.0000061399,90.0000046332
0.661221685552,0.163217083035,0.546532125757,0.14813511247,0.663364504667,0.542174935059,90.0000061399,90.0000046332
0.661206671606,0.163825335568,0.546565653118,0.148693828076,0.663364504667,0.542174935059,90.0000061399,90.0000046332
0.661191618866,0.164433499307,0.546599314926,0.14925253572,0.663364504667,0.542174935059,90.0000061399,90.0000046332
0.661176527697,0.165041573201,0.54663311163,0.14981123394,0.663364504667,0.542174935059,90.0000061399,90.0000046332
0.661161398546,0.165649555886,0.546667043686,0.150369921255,0.663364504667,0.542174935059,90.0000061399,90.0000046332
0.661146231656,0.166257446819,0.546701111103,0.150928597835,0.663364504667,0.542174935059,90.0000061399,90.0000046332
0.661131027191,0.166865245782,0.54673531388,0.151487263876,0.663364504667,0.542174935059,90.0000061399,90.0000046332
0.661115785314,0.167472952552,0.546769652015,0.152045919568,0.663364504667,0.542174935059,90.0000061399,90.0000046332
0.661100506191,0.168080566906,0.546804125506,0.152604565096,0.663364504667,0.542174935059,90.0000061399,90.0000046332
0.661085189987,0.168688088615,0.546838734354,0.153163200641,0.663364504667,0.542174935059,90.0000061399,90.0000046332
0.661069836868,0.169295517451,0.546873478557,0.153721826377,0.663364504667,0.542174935059,90.0000061399,90.0000046332
0.661054447,0.169902853182,0.546908358113,0.154280442474,0.663364504667,0.542174935059,90.0000061399,90.0000046332
0.66103902055,0.170510095574,0.5469433731,0.154839048821,0.663364504667,0.542174935059,90.0000061399,90.0000046332
0.661023557686,0.17111724439,0.546978523972,0.155397643979,0.663364504667,0.542174935059,90.0000061399,90.0000046332
0.661008058576,0.171724299392,0.547013811106,0.155956226796,0.663364504667,0.542174935059,90.0000061399,90.0000046332
0.660992523389,0.172331260338,0.5470492345,0.156514797456,0.663364504667,0.542174935059,90.0000061399,90.0000046332
0.660976952427,0.172938126484,0.547084794153,0.157073356141,0.663364504667,0.542174935059,90.0000061399,90.0000046332
0.660961346143,0.173544896504,0.547120490063,0.157631903024,0.663364504667,0.542174935059,90.0000061399,90.0000046332
0.660945704861,0.174151569587,0.547156322228,0.158190438276,0.663364504667,0.542174935059,90.0000061399,90.0000046332
0.660930028753,0.174758145506,0.547192290648,0.158748962061,0.663364504667,0.542174935059,90.0000061399,90.0000046332
0.660914317991,0.175364624029,0.54722839532,0.159307474538,0.663364504667,0.542174935059,90.0000061399,90.0000046332
0.660898572747,0.175971004924,0.547264636243,0.159865975862,0.663364504667,0.542174935059,90.0000061399,90.0000046332
0.660882793195,0.176577287956,0.547301013719,0.160424465145,0.663364504667,0.542174935059,90.0000061399,90.0000046332
0.660866979509,0.177183472886,0.547337528202,0.160982941,0.663364504667,0.542174935059,90.0000061399,90.0000046332
0.660851131862,0.177789559476,0.547374179838,0.161541403086,0.663364504667,0.542174935059,90.0000061399,90.0000046332
0.660835250431,0.178395547481,0.547410968625,0.162099851573,0.663364504667,0.542174935059,90.0000061399,90.0000046332
0.66081933539,0.17900143666,0.547447894562,0.162658286623,0.663364504667,0.542174935059,90.0000061399,90.0000046332
0.660803386916,0.179607226763,0.547484957645,0.163216708394,0.663364504667,0.542174935059,90.0000061399,90.0000046332
0.660787405186,0.180212917544,0.547522157875,0.163775117039,0.663364504667,0.542174935059,90.0000061399,90.0000046332
0.660771390593,0.180818507958,0.547559495247,0.164333512705,0.663364504667,0.542174935059,90.0000061399,90.0000046332
0.660755343601,0.181423996722,0.547596969761,0.164891895535,0.663364504667,0.542174935059,90.0000061399,90.0000046332
0.660739264456,0.182029383353,0.547634581618,0.165450264994,0.663364504667,0.542174935059,90.0000061399,90.0000046332
0.660723153338,0.182634667611,0.547672331267,0.166008619733,0.663364504667,0.542174935059,90.0000061399,90.0000046332
0.660707010426,0.183239849258,0.547710218954,0.166566959084,0.663364504667,0.542174935059,90.0000061399,90.0000046332
0.660690835902,0.183844928051,0.547748244677,0.167125283202,0.663364504667,0.542174935059,90.0000061399,90.0000046332
0.660674629946,0.184449903745,0.547786408434,0.167683592238,0.663364504667,0.542174935059,90.0000061399,90.0000046332
0.66065839274,0.185054776093,0.547824710222,0.168241886336,0.663364504667,0.542174935059,90.0000061399,90.0000046332
0.660642124467,0.185659544846,0.547863150038,0.168800165636,0.663364504667,0.542174935059,90.0000061399,90.0000046332
0.660625825308,0.186264209754,0.547901727879,0.169358430272,0.663364504667,0.542174935059,90.0000061399,90.0000046332
0.660609495449,0.186868770562,0.547940443744,0.169916680375,0.663364504667,0.542174935059,90.0000061399,90.0000046332
0.660593135072,0.187473227015,0.547979297847,0.17047491537,0.663364504667,0.542174935059,90.0000061399,90.0000046332
0.660576744517,0.188077578311,0.548018290637,0.171033133942,0.663364504667,0.542174935059,90.0000061399,90.0000046332
0.660560324255,0.188681823197,0.548057422341,0.171591335489,0.663364504667,0.542174935059,90.0000061399,90.0000046332
0.660543874603,0.189285960971,0.548096692957,0.17214952015,0.663364504667,0.542174935059,90.0000061399,90.0000046332
0.660527395745,0.189889991386,0.548136102482,0.172707688061,0.663364504667,0.542174935059,90.0000061399,90.0000046332
0.660510887871,0.190493914195,0.548175650913,0.173265839353,0.663364504667,0.542174935059,90.0000061399,90.0000046332
0.660494351167,0.191097729147,0.548215338246,0.173823974152,0.663364504667,0.542174935059,90.0000061399,90.0000046332
0.660477785822,0.191701435989,0.548255164478,0.174382092579,0.663364504667,0.542174935059,90.0000061399,90.0000046332
0.660461192026,0.192305034467,0.548295129607,0.17494019475,0.663364504667,0.542174935059,90.0000061399,90.0000046332
0.660444569967,0.192908524325,0.548335233965,0.175498279724,0.663364504667,0.542174935059,90.0000061399,90.0000046332
0.660427919835,0.193511905302,0.548375477998,0.176056346224,0.663364504667,0.542174935059,90.0000061399,90.0000046332
0.660411241822,0.194115177138,0.548415861814,0.17661439403,0.663364504667,0.542174935059,90.0000061399,90.0000046332
0.660394536118,0.19471833957,0.548456385408,0.177172423267,0.663364504667,0.542174935059,90.0000061399,90.0000046332
0.660377803129,0.195321391607,0.548497048777,0.177730434055,0.663364504667,0.542174935059,90.0000061399,90.0000046332
0.660361043335,0.195924332026,0.548537851918,0.178288426511,0.663364504667,0.542174935059,90.0000061399,90.0000046332
0.660344256999,0.196527160333,0.548578794826,0.178846400745,0.663364504667,0.542174935059,90.0000061399,90.0000046332
0.660327444315,0.197129876274,0.548619877498,0.179404356864,0.663364504667,0.542174935059,90.0000061399,90.0000046332
0.660310605478,0.197732479591,0.548661100033,0.179962294653,0.663364504667,0.542174935059,90.0000061399,90.0000046332
0.660293740682,0.198334970025,0.548702462874,0.180520212857,0.663364504667,0.542174935059,90.0000061399,90.0000046332
0.660276850122,0.198937347316,0.54874396636,0.181078110544,0.663364504667,0.542174935059,90.0000061399,90.0000046332
0.660259933997,0.199539611199,0.548785610486,0.181635987829,0.663364504667,0.542174935059,90.0000061399,90.0000046332
0.6602429925,0.20014176141,0.548827395248,0.182193844822,0.663364504667,0.542174935059,90.0000061399,90.0000046332
0.660226025831,0.200743797682,0.548869320642,0.182751681626,0.663364504667,0.542174935059,90.0000061399,90.0000046332
0.660209034186,0.201345719745,0.548911386663,0.183309498343,0.663364504667,0.542174935059,90.0000061399,90.0000046332
0.660192017862,0.20194752701,0.548953593307,0.183867295066,0.663364504667,0.542174935059,90.0000061399,90.0000046332
0.660174977342,0.202549218274,0.54899594057,0.184425071887,0.663364504667,0.542174935059,90.0000061399,90.0000046332
0.660157913017,0.203150792659,0.54903842885,0.184982827694,0.663364504667,0.542174935059,90.0000061399,90.0000046332
0.660140825085,0.203752249901,0.549081058588,0.185540561263,0.663364504667,0.542174935059,90.0000061399,90.0000046332
0.660123713749,0.204353589736,0.54912382982,0.186098272575,0.663364504667,0.542174935059,90.0000061399,90.0000046332
0.660106579209,0.2049548119,0.54916674254,0.186655961729,0.663364504667,0.542174935059,90.0000061399,90.0000046332
0.660089421669,0.205555916122,0.549209796743,0.187213628817,0.663364504667,0.542174935059,90.0000061399,90.0000046332
0.660072241329,0.206156902134,0.549252992424,0.187771273927,0.663364504667,0.542174935059,90.0000061399,90.0000046332
0.660055038394,0.206757769662,0.549296329578,0.188328897142,0.663364504667,0.542174935059,90.0000061399,90.0000046332
0.660037813067,0.207358518434,0.549339808201,0.188886498542,0.663364504667,0.542174935059,90.0000061399,90.0000046332
0.660020565553,0.207959148171,0.549383428626,0.189444077216,0.663364504667,0.542174935059,90.0000061399,90.0000046332
0.660003296132,0.208559658352,0.549427191291,0.190001631962,0.663364504667,0.542174935059,90.0000061399,90.0000046332
0.659986005298,0.209160047796,0.549471096294,0.190559162569,0.663364504667,0.542174935059,90.0000061399,90.0000046332
0.659968693466,0.209760315569,0.549515143629,0.191116669125,0.663364504667,0.542174935059,90.0000061399,90.0000046332
0.659951360842,0.210360461402,0.549559333289,0.191674151707,0.663364504667,0.542174935059,90.0000061399,90.0000046332
0.659934007634,0.210960485023,0.549603665269,0.192231610393,0.663364504667,0.542174935059,90.0000061399,90.0000046332
0.659916634051,0.211560386158,0.549648139564,0.192789045253,0.663364504667,0.542174935059,90.0000061399,90.0000046332
0.6598992403,0.212160164531,0.549692756166,0.193346456354,0.663364504667,0.542174935059,90.0000061399,90.0000046332
0.65988182659,0.212759819865,0.549737515422,0.193903842763,0.663364504667,0.542174935059,90.0000061399,90.0000046332
0.659864393131,0.213359351879,0.549782417767,0.1944612033,0.663364504667,0.542174935059,90.0000061399,90.0000046332
0.659846940134,0.213958760293,0.549827463283,0.195018537784,0.663364504667,0.542174935059,90.0000061399,90.0000046332
0.659829467808,0.214558044821,0.549872651965,0.195575846288,0.663364504667,0.542174935059,90.0000061399,90.0000046332
0.65981197651,0.215157204734,0.549917983805,0.196133128879,0.663364504667,0.542174935059,90.0000061399,90.0000046332
0.65979446674,0.215756238868,0.549963458798,0.19669038562,0.663364504667,0.542174935059,90.0000061399,90.0000046332
0.659776938851,0.216355146513,0.550009076936,0.197247616567,0.663364504667,0.542174935059,90.0000061399,90.0000046332
0.659759393057,0.21695392739,0.550054838213,0.197804821776,0.663364504667,0.542174935059,90.0000061399,90.0000046332
0.659741829571,0.21755258122,0.550100743053,0.1983620001,0.663364504667,0.542174935059,90.0000061399,90.0000046332
0.659724248608,0.218151107721,0.550146791889,0.198919150379,0.663364504667,0.542174935059,90.0000061399,90.0000046332
0.659706650381,0.218749506608,0.550192984721,0.199476272652,0.663364504667,0.542174935059,90.0000061399,90.0000046332
0.659689035108,0.219347777598,0.550239321543,0.200033366979,0.663364504667,0.542174935059,90.0000061399,90.0000046332
0.659671403003,0.2199459204,0.550285802346,0.200590433412,0.663364504667,0.542174935059,90.0000061399,90.0000046332
0.659653754283,0.220543934727,0.550332427123,0.201147472,0.663364504667,0.542174935059,90.0000061399,90.0000046332
0.659636089172,0.221141820265,0.550379195868,0.201704482788,0.663364504667,0.542174935059,90.0000061399,90.0000046332
0.659618408175,0.221739575865,0.550426108709,0.202261465441,0.663364504667,0.542174935059,90.0000061399,90.0000046332
0.659600711791,0.222337200407,0.550473166078,0.20281841881,0.663364504667,0.542174935059,90.0000061399,90.0000046332
0.659583000238,0.222934693606,0.550520368265,0.20337534213,0.663364504667,0.542174935059,90.0000061399,90.0000046332
0.659565273736,0.223532055176,0.550567715264,0.203932235448,0.663364504667,0.542174935059,90.0000061399,90.0000046332
0.659547532505,0.224129284828,0.550615207064,0.204489098808,0.663364504667,0.542174935059,90.0000061399,90.0000046332
0.659529776766,0.224726382273,0.55066284366,0.205045932249,0.663364504667,0.542174935059,90.0000061399,90.0000046332
0.659512006739,0.225323347218,0.55071062504,0.205602735806,0.663364504667,0.542174935059,90.0000061399,90.0000046332
0.659494222645,0.225920179369,0.550758551199,0.206159509509,0.663364504667,0.542174935059,90.0000061399,90.0000046332
0.659476424707,0.226516878431,0.550806622469,0.206716252474,0.663364504667,0.542174935059,90.0000061399,90.0000046332
0.659458613148,0.227113444105,0.550854839278,0.20727296357,0.663364504667,0.542174935059,90.0000061399,90.0000046332
0.659440788421,0.227709875425,0.550903201711,0.207829642585,0.663364504667,0.542174935059,90.0000061399,90.0000046332
0.659422951037,0.228306171261,0.550951709758,0.208386289553,0.663364504667,0.542174935059,90.0000061399,90.0000046332
0.65940510128,0.228902331156,0.55100036341,0.208942904503,0.663364504667,0.542174935059,90.0000061399,90.0000046332
0.659387239373,0.229498354816,0.551049162657,0.209499487459,0.663364504667,0.542174935059,90.0000061399,90.0000046332
0.659369365543,0.230094241947,0.551098107492,0.210056038442,0.663364504667,0.542174935059,90.0000061399,90.0000046332
0.659351480014,0.230689992251,0.551147198071,0.21061255703,0.663364504667,0.542174935059,90.0000061399,90.0000046332
0.659333583015,0.231285605429,0.55119643482,0.211169042105,0.663364504667,0.542174935059,90.0000061399,90.0000046332
0.659315674772,0.231881081182,0.551245817996,0.211725492993,0.663364504667,0.542174935059,90.0000061399,90.0000046332
0.659297755512,0.232476419206,0.551295347589,0.212281909717,0.663364504667,0.542174935059,90.0000061399,90.0000046332
0.659279825463,0.233071619197,0.551345023588,0.212838292295,0.663364504667,0.542174935059,90.0000061399,90.0000046332
0.659261885087,0.233666680195,0.551394845983,0.213394640742,0.663364504667,0.542174935059,90.0000061399,90.0000046332
0.659243934899,0.234261601088,0.551444814765,0.213950955067,0.663364504667,0.542174935059,90.0000061399,90.0000046332
0.659225975183,0.234856381426,0.551494929969,0.214507235156,0.663364504667,0.542174935059,90.0000061399,90.0000046332
0.65920800617,0.235451020909,0.551545192018,0.215063479902,0.663364504667,0.542174935059,90.0000061399,90.0000046332
0.659190028089,0.236045519235,0.551595601287,0.215619688325,0.663364504667,0.542174935059,90.0000061399,90.0000046332
0.659172041174,0.2366398761,0.551646157765,0.216175860436,0.663364504667,0.542174935059,90.0000061399,90.0000046332
0.659154045655,0.237234091199,0.551696861442,0.216731996242,0.663364504667,0.542174935059,90.0000061399,90.0000046332
0.659136041766,0.237828164223,0.551747712306,0.217288095747,0.663364504667,0.542174935059,90.0000061399,90.0000046332
0.659118029738,0.238422094864,0.551798710345,0.21784415895,0.663364504667,0.542174935059,90.0000061399,90.0000046332
0.659100009818,0.239015882778,0.551849855549,0.218400185845,0.663364504667,0.542174935059,90.0000061399,90.0000046332
0.659081982524,0.239609526867,0.551901148313,0.218956175398,0.663364504667,0.542174935059,90.0000061399,90.0000046332
0.659063948367,0.240203026068,0.551952589057,0.219512126517,0.663364504667,0.542174935059,90.0000061399,90.0000046332
0.65904590758,0.240796380075,0.552004177793,0.220068039142,0.663364504667,0.542174935059,90.0000061399,90.0000046332
0.659027860401,0.241389588581,0.552055914508,0.220623913271,0.663364504667,0.542174935059,90.0000061399,90.0000046332
0.659009807066,0.241982651276,0.552107799191,0.221179748894,0.663364504667,0.542174935059,90.0000061399,90.0000046332
0.65899174781,0.242575567849,0.552159831829,0.221735545999,0.663364504667,0.542174935059,90.0000061399,90.0000046332
0.658973682872,0.243168337987,0.55221201241,0.222291304569,0.663364504667,0.542174935059,90.0000061399,90.0000046332
0.658955612488,0.243760961375,0.552264341303,0.222847023638,0.663364504667,0.542174935059,90.0000061399,90.0000046332
0.658937536898,0.244353437698,0.552316818926,0.223402702125,0.663364504667,0.542174935059,90.0000061399,90.0000046332
0.658919456474,0.244945766275,0.552369445313,0.223958339901,0.663364504667,0.542174935059,90.0000061399,90.0000046332
0.658901371742,0.24553794602,0.55242222045,0.224513936949,0.663364504667,0.542174935059,90.0000061399,90.0000046332
0.658883283094,0.24612997621,0.552475144325,0.225069493251,0.663364504667,0.542174935059,90.0000061399,90.0000046332
0.658865190771,0.246721856533,0.552528216923,0.225625008783,0.663364504667,0.542174935059,90.0000061399,90.0000046332
0.658847095014,0.247313586674,0.552581438232,0.226180483516,0.663364504667,0.542174935059,90.0000061399,90.0000046332
0.658828996063,0.247905166316,0.552634808639,0.22673591644,0.663364504667,0.542174935059,90.0000061399,90.0000046332
0.658810894162,0.248496595141,0.552688328558,0.227291306487,0.663364504667,0.542174935059,90.0000061399,90.0000046332
0.658792789551,0.249087872828,0.552741998001,0.227846653566,0.663364504667,0.542174935059,90.0000061399,90.0000046332
0.658774682475,0.249678999056,0.552795816955,0.228401957652,0.663364504667,0.542174935059,90.0000061399,90.0000046332
0.6587565732,0.250269973436,0.552849785404,0.228957218711,0.663364504667,0.542174935059,90.0000061399,90.0000046332
0.658738462257,0.250860794889,0.552903903334,0.229512436708,0.663364504667,0.542174935059,90.0000061399,90.0000046332
0.658720350154,0.251451462406,0.552958170765,0.230067611519,0.663364504667,0.542174935059,90.0000061399,90.0000046332
0.658702237137,0.252041975666,0.553012588107,0.230622742085,0.663364504667,0.542174935059,90.0000061399,90.0000046332
0.658684123449,0.252632334349,0.553067155732,0.231177827437,0.663364504667,0.542174935059,90.0000061399,90.0000046332
0.658666009339,0.253222538133,0.553121873626,0.23173286754,0.663364504667,0.542174935059,90.0000061399,90.0000046332
0.658647895051,0.253812586692,0.553176741771,0.232287862352,0.663364504667,0.542174935059,90.0000061399,90.0000046332
0.658629780832,0.254402479702,0.553231760154,0.23284281183,0.663364504667,0.542174935059,90.0000061399,90.0000046332
0.658611666931,0.254992216834,0.553286928757,0.233397715927,0.663364504667,0.542174935059,90.0000061399,90.0000046332
0.658593553595,0.255581797759,0.553342247701,0.23395257427,0.663364504667,0.542174935059,90.0000061399,90.0000046332
0.658575441322,0.2561712215,0.55339771739,0.234507385811,0.663364504667,0.542174935059,90.0000061399,90.0000046332
0.658557330652,0.256760486988,0.553453338094,0.235062149826,0.663364504667,0.542174935059,90.0000061399,90.0000046332
0.658539221868,0.257349593807,0.553509109798,0.235616866267,0.663364504667,0.542174935059,90.0000061399,90.0000046332
0.658521115222,0.257938541627,0.553565032482,0.23617153508,0.663364504667,0.542174935059,90.0000061399,90.0000046332
0.658503010963,0.258527330122,0.553621106132,0.23672615621,0.663364504667,0.542174935059,90.0000061399,90.0000046332
0.658484909342,0.259115958961,0.553677330729,0.237280729598,0.663364504667,0.542174935059,90.0000061399,90.0000046332
0.658466810611,0.259704427811,0.553733706527,0.237835254545,0.663364504667,0.542174935059,90.0000061399,90.0000046332
0.658448715021,0.260292736341,0.55379023393,0.238389730012,0.663364504667,0.542174935059,90.0000061399,90.0000046332
0.658430622825,0.260880884214,0.553846913068,0.238944155594,0.663364504667,0.542174935059,90.0000061399,90.0000046332
0.658412534512,0.261468870494,0.553903743923,0.239498531232,0.663364504667,0.542174935059,90.0000061399,90.0000046332
0.658394450625,0.262056694121,0.553960726476,0.24005285686,0.663364504667,0.542174935059,90.0000061399,90.0000046332
0.658376371469,0.262644354637,0.554017860709,0.240607132409,0.663364504667,0.542174935059,90.0000061399,90.0000046332
0.658358297297,0.263231851708,0.554075146626,0.241161357752,0.663364504667,0.542174935059,90.0000061399,90.0000046332
0.658340228364,0.263819185,0.554132584628,0.241715531855,0.663364504667,0.542174935059,90.0000061399,90.0000046332
0.658322164925,0.264406354177,0.554190175091,0.242269653738,0.663364504667,0.542174935059,90.0000061399,90.0000046332
0.658304107236,0.264993358901,0.554247917996,0.242823723331,0.663364504667,0.542174935059,90.0000061399,90.0000046332
0.658286055552,0.265580198832,0.554305813323,0.24337774056,0.663364504667,0.542174935059,90.0000061399,90.0000046332
0.65826801013,0.26616687363,0.554363861052,0.243931705349,0.663364504667,0.542174935059,90.0000061399,90.0000046332
0.658249971496,0.26675338229,0.554422061163,0.244485617615,0.663364504667,0.542174935059,90.0000061399,90.0000046332
0.658231940195,0.267339723757,0.554480413863,0.245039476758,0.663364504667,0.542174935059,90.0000061399,90.0000046332
0.658213916507,0.267925897644,0.55453891955,0.24559328175,0.663364504667,0.542174935059,90.0000061399,90.0000046332
0.65819590069,0.268511903611,0.554597578394,0.246147032079,0.663364504667,0.542174935059,90.0000061399,90.0000046332
0.658177893004,0.269097741318,0.554656390372,0.246700727665,0.663364504667,0.542174935059,90.0000061399,90.0000046332
0.658159893706,0.269683410421,0.554715355464,0.247254368419,0.663364504667,0.542174935059,90.0000061399,90.0000046332
0.658141903058,0.270268910579,0.554774473648,0.247807954251,0.663364504667,0.542174935059,90.0000061399,90.0000046332
0.658123921318,0.270854241444,0.554833744949,0.248361484964,0.663364504667,0.542174935059,90.0000061399,90.0000046332
0.658105948797,0.271439402548,0.554893169761,0.248914959534,0.663364504667,0.542174935059,90.0000061399,90.0000046332
0.658087986047,0.272024392842,0.554952748432,0.249468377042,0.663364504667,0.542174935059,90.0000061399,90.0000046332
0.658070033569,0.2726092114,0.555012480941,0.250021737394,0.663364504667,0.542174935059,90.0000061399,90.0000046332
0.658052091625,0.273193857879,0.555072367264,0.250575040496,0.663364504667,0.542174935059,90.0000061399,90.0000046332
0.658034160476,0.273778331934,0.555132407379,0.251128286248,0.663364504667,0.542174935059,90.0000061399,90.0000046332
0.658016240387,0.274362633217,0.555192601262,0.251681474545,0.663364504667,0.542174935059,90.0000061399,90.0000046332
0.65799833162,0.274946761381,0.555252949201,0.252234604599,0.663364504667,0.542174935059,90.0000061399,90.0000046332
0.657980434439,0.275530716075,0.555313451588,0.252787675389,0.663364504667,0.542174935059,90.0000061399,90.0000046332
0.657962549107,0.276114496948,0.555374108502,0.253340686585,0.663364504667,0.542174935059,90.0000061399,90.0000046332
0.65794467605,0.276698103264,0.555434919921,0.253893638081,0.663364504667,0.542174935059,90.0000061399,90.0000046332
0.657926815824,0.277281533982,0.555495885819,0.254446529767,0.663364504667,0.542174935059,90.0000061399,90.0000046332
0.657908968823,0.277864788442,0.555557006172,0.254999361532,0.663364504667,0.542174935059,90.0000061399,90.0000046332
0.657891135314,0.278447866294,0.555618281145,0.255552132847,0.663364504667,0.542174935059,90.0000061399,90.0000046332
0.657873315563,0.279030767186,0.555679711125,0.2561048427,0.663364504667,0.542174935059,90.0000061399,90.0000046332
0.657855509838,0.279613490766,0.555741296312,0.256657490486,0.663364504667,0.542174935059,90.0000061399,90.0000046332
0.657837718403,0.280196036679,0.555803036682,0.257210076091,0.663364504667,0.542174935059,90.0000061399,90.0000046332
0.657819941528,0.280778404568,0.555864932208,0.257762599397,0.663364504667,0.542174935059,90.0000061399,90.0000046332
0.657802179497,0.281360594038,0.555926982863,0.258315060281,0.663364504667,0.542174935059,90.0000061399,90.0000046332
0.657784432868,0.281942604049,0.555989188717,0.258867458413,0.663364504667,0.542174935059,90.0000061399,90.0000046332
0.657766702186,0.282524433603,0.556051550155,0.259419792783,0.663364504667,0.542174935059,90.0000061399,90.0000046332
0.65774898772,0.283106082347,0.556114067469,0.259972062583,0.663364504667,0.542174935059,90.0000061399,90.0000046332
0.65773128974,0.283687549922,0.556176740631,0.260524267689,0.663364504667,0.542174935059,90.0000061399,90.0000046332
0.657713608516,0.284268835972,0.556239569613,0.261076407974,0.663364504667,0.542174935059,90.0000061399,90.0000046332
0.657695944317,0.284849940137,0.556302554388,0.261628483304,0.663364504667,0.542174935059,90.0000061399,90.0000046332
0.657678297415,0.285430862056,0.556365694955,0.262180493486,0.663364504667,0.542174935059,90.0000061399,90.0000046332
0.65766066808,0.286011601367,0.556428991699,0.262732437511,0.663364504667,0.542174935059,90.0000061399,90.0000046332
0.657643056783,0.286592157249,0.556492444973,0.26328431443,0.663364504667,0.542174935059,90.0000061399,90.0000046332
0.657625464087,0.287172528671,0.556556054749,0.26383612411,0.663364504667,0.542174935059,90.0000061399,90.0000046332
0.657607890359,0.287752715058,0.556619820998,0.264387866412,0.663364504667,0.542174935059,90.0000061399,90.0000046332
0.657590335872,0.288332716048,0.55668374369,0.264939541194,0.663364504667,0.542174935059,90.0000061399,90.0000046332
0.657572800898,0.288912531278,0.556747822796,0.265491148313,0.663364504667,0.542174935059,90.0000061399,90.0000046332
0.657555285712,0.289492160385,0.556812058682,0.266042686789,0.663364504667,0.542174935059,90.0000061399,90.0000046332
0.657537790586,0.290071603002,0.556876451729,0.266594155619,0.663364504667,0.542174935059,90.0000061399,90.0000046332
0.657520315795,0.290650858763,0.556941001918,0.26714555463,0.663364504667,0.542174935059,90.0000061399,90.0000046332
0.657502861734,0.291229927025,0.55700570922,0.267696883673,0.663364504667,0.542174935059,90.0000061399,90.0000046332
0.657485428973,0.291808806758,0.557070573603,0.268248142598,0.663364504667,0.542174935059,90.0000061399,90.0000046332
0.657468017957,0.29238749721,0.557135595036,0.268799331249,0.663364504667,0.542174935059,90.0000061399,90.0000046332
0.657450628963,0.292965998015,0.557200773865,0.269350448687,0.663364504667,0.542174935059,90.0000061399,90.0000046332
0.657433262266,0.293544308806,0.557266110467,0.26990149391,0.663364504667,0.542174935059,90.0000061399,90.0000046332
0.657415918144,0.294122429213,0.557331604841,0.270452466698,0.663364504667,0.542174935059,90.0000061399,90.0000046332
0.657398596872,0.294700358866,0.557397256953,0.271003366896,0.663364504667,0.542174935059,90.0000061399,90.0000046332
0.657381298728,0.295278097394,0.557463066772,0.271554194341,0.663364504667,0.542174935059,90.0000061399,90.0000046332
0.657364024065,0.295855644255,0.557529034263,0.272104948868,0.663364504667,0.542174935059,90.0000061399,90.0000046332
0.657346773453,0.296432998424,0.557595159776,0.272655629527,0.663364504667,0.542174935059,90.0000061399,90.0000046332
0.657329547391,0.297010159045,0.557661443686,0.273206235318,0.663364504667,0.542174935059,90.0000061399,90.0000046332
0.657312346156,0.297587125747,0.557727885982,0.273756766026,0.663364504667,0.542174935059,90.0000061399,90.0000046332
0.657295170028,0.298163898159,0.55779448663,0.274307221483,0.663364504667,0.542174935059,90.0000061399,90.0000046332
0.657278019286,0.298740475905,0.557861245595,0.274857601518,0.663364504667,0.542174935059,90.0000061399,90.0000046332
0.657260894209,0.299316858611,0.557928162846,0.27540790595,0.663364504667,0.542174935059,90.0000061399,90.0000046332
0.657243795077,0.299893045901,0.557995238752,0.275958133779,0.663364504667,0.542174935059,90.0000061399,90.0000046332
0.657226722228,0.300469037268,0.558062473683,0.276508284014,0.663364504667,0.542174935059,90.0000061399,90.0000046332
0.657209676239,0.30104483169,0.558129867603,0.277058356479,0.663364504667,0.542174935059,90.0000061399,90.0000046332
0.657192657626,0.301620428276,0.558197420474,0.277608350998,0.663364504667,0.542174935059,90.0000061399,90.0000046332
0.65717566667,0.302195826649,0.558265132259,0.278158267388,0.663364504667,0.542174935059,90.0000061399,90.0000046332
0.657158703654,0.302771026433,0.558333002975,0.278708105362,0.663364504667,0.542174935059,90.0000061399,90.0000046332
0.657141768859,0.303346027248,0.558401032987,0.279257863922,0.663364504667,0.542174935059,90.0000061399,90.0000046332
0.657124862566,0.303920828716,0.558469222614,0.279807542175,0.663364504667,0.542174935059,90.0000061399,90.0000046332
0.65710798506,0.304495430454,0.558537571816,0.280357139937,0.663364504667,0.542174935059,90.0000061399,90.0000046332
0.657091136692,0.305069831929,0.558606080555,0.280906657019,0.663364504667,0.542174935059,90.0000061399,90.0000046332
0.65707431804,0.305644032124,0.558674748792,0.281456093231,0.663364504667,0.542174935059,90.0000061399,90.0000046332
0.657057529614,0.306218030171,0.558743576609,0.282005448139,0.663364504667,0.542174935059,90.0000061399,90.0000046332
0.657040771699,0.30679182569,0.558812564371,0.282554720746,0.663364504667,0.542174935059,90.0000061399,90.0000046332
0.657024044577,0.307365418299,0.558881712321,0.283103910298,0.663364504667,0.542174935059,90.0000061399,90.0000046332
0.657007348534,0.307938807615,0.55895102042,0.283653016598,0.663364504667,0.542174935059,90.0000061399,90.0000046332
0.656990683854,0.308511993253,0.559020488627,0.28420203945,0.663364504667,0.542174935059,90.0000061399,90.0000046332
0.656974050822,0.309084974827,0.5590901169,0.284750978652,0.663364504667,0.542174935059,90.0000061399,90.0000046332
0.656957449831,0.30965775172,0.559159905408,0.28529983359,0.663364504667,0.542174935059,90.0000061399,90.0000046332
0.656940881463,0.310230322918,0.559229854512,0.285848603269,0.663364504667,0.542174935059,90.0000061399,90.0000046332
0.656924346193,0.310802687635,0.559299964365,0.286397287105,0.663364504667,0.542174935059,90.0000061399,90.0000046332
0.656907844306,0.311374845486,0.559370234924,0.286945884894,0.663364504667,0.542174935059,90.0000061399,90.0000046332
0.656891376089,0.311946796085,0.559440666147,0.287494396427,0.663364504667,0.542174935059,90.0000061399,90.0000046332
0.656874941829,0.312518539044,0.55951125799,0.288042821493,0.663364504667,0.542174935059,90.0000061399,90.0000046332
0.656858541813,0.313090073972,0.559582010725,0.288591159266,0.663364504667,0.542174935059,90.0000061399,90.0000046332
0.656842176327,0.31366140048,0.559652924711,0.289139408753,0.663364504667,0.542174935059,90.0000061399,90.0000046332
0.656825845831,0.314232517816,0.559723999991,0.289687569572,0.663364504667,0.542174935059,90.0000061399,90.0000046332
0.656809550911,0.314803424968,0.55979523652,0.290235641509,0.663364504667,0.542174935059,90.0000061399,90.0000046332
0.656793291979,0.315374121284,0.559866634253,0.290783624344,0.663364504667,0.542174935059,90.0000061399,90.0000046332
0.656777069324,0.315944606375,0.559938193182,0.291331517785,0.663364504667,0.542174935059,90.0000061399,90.0000046332
0.656760883235,0.316514879849,0.560009913662,0.291879320837,0.663364504667,0.542174935059,90.0000061399,90.0000046332
0.656744734,0.317084941313,0.560081796013,0.292427032581,0.663364504667,0.542174935059,90.0000061399,90.0000046332
0.656728621908,0.317654790373,0.560153840186,0.292974652793,0.663364504667,0.542174935059,90.0000061399,90.0000046332
0.65671254725,0.318224426634,0.560226046135,0.293522181249,0.663364504667,0.542174935059,90.0000061399,90.0000046332
0.656696510573,0.318793849163,0.560298413813,0.294069617721,0.663364504667,0.542174935059,90.0000061399,90.0000046332
0.656680512468,0.31936305695,0.560370943351,0.294616961636,0.663364504667,0.542174935059,90.0000061399,90.0000046332
0.65666455326,0.319932049524,0.560443635101,0.295164212001,0.663364504667,0.542174935059,90.0000061399,90.0000046332
0.656648633242,0.320500826492,0.560516489237,0.295711368166,0.663364504667,0.542174935059,90.0000061399,90.0000046332
0.656632752703,0.321069387455,0.560589505708,0.296258429897,0.663364504667,0.542174935059,90.0000061399,90.0000046332
0.656616911934,0.321637732018,0.560662684466,0.296805396961,0.663364504667,0.542174935059,90.0000061399,90.0000046332
0.656601111225,0.322205859782,0.56073602546,0.297352269118,0.663364504667,0.542174935059,90.0000061399,90.0000046332
0.656585350943,0.322773770195,0.560809528978,0.297899045493,0.663364504667,0.542174935059,90.0000061399,90.0000046332
0.656569631677,0.32334146225,0.560883195369,0.298445725094,0.663364504667,0.542174935059,90.0000061399,90.0000046332
0.656553953945,0.323908935092,0.560957024644,0.298992307563,0.663364504667,0.542174935059,90.0000061399,90.0000046332
0.656538318037,0.324476188322,0.561031016751,0.299538792659,0.663364504667,0.542174935059,90.0000061399,90.0000046332
0.656522724246,0.325043221542,0.561105171638,0.300085180136,0.663364504667,0.542174935059,90.0000061399,90.0000046332
0.656507172865,0.32561003435,0.561179489365,0.300631469537,0.663364504667,0.542174935059,90.0000061399,90.0000046332
0.656491664186,0.326176626345,0.561253970278,0.30117765987,0.663364504667,0.542174935059,90.0000061399,90.0000046332
0.656476198502,0.326742997122,0.561328614611,0.301723750351,0.663364504667,0.542174935059,90.0000061399,90.0000046332
0.656460776313,0.32730914586,0.561403422309,0.302269740731,0.663364504667,0.542174935059,90.0000061399,90.0000046332
0.656445398213,0.327875071553,0.561478393319,0.302815630757,0.663364504667,0.542174935059,90.0000061399,90.0000046332
0.656430064587,0.328440773617,0.561553527586,0.303361420173,0.663364504667,0.542174935059,90.0000061399,90.0000046332
0.656414775728,0.32900625165,0.561628825356,0.303907108168,0.663364504667,0.542174935059,90.0000061399,90.0000046332
0.656399531929,0.329571505246,0.561704286971,0.304452693749,0.663364504667,0.542174935059,90.0000061399,90.0000046332
0.656384333485,0.330136534001,0.561779912473,0.304998176478,0.663364504667,0.542174935059,90.0000061399,90.0000046332
0.65636918069,0.330701337509,0.561855701805,0.305543556098,0.663364504667,0.542174935059,90.0000061399,90.0000046332
0.656354073902,0.331265915232,0.561931654911,0.306088832344,0.663364504667,0.542174935059,90.0000061399,90.0000046332
0.656339013717,0.331830266168,0.562007771839,0.306634004757,0.663364504667,0.542174935059,90.0000061399,90.0000046332
0.656324000664,0.332394389445,0.562084052929,0.307179072344,0.663364504667,0.542174935059,90.0000061399,90.0000046332
0.656309035039,0.332958284655,0.562160498414,0.307724034307,0.663364504667,0.542174935059,90.0000061399,90.0000046332
0.656294117137,0.333521951391,0.562237108234,0.308268890381,0.663364504667,0.542174935059,90.0000061399,90.0000046332
0.656279247253,0.334085389246,0.562313882331,0.308813640296,0.663364504667,0.542174935059,90.0000061399,90.0000046332
0.656264425682,0.334648597808,0.562390820646,0.309358283779,0.663364504667,0.542174935059,90.0000061399,90.0000046332
0.656249652718,0.335211576668,0.562467923442,0.309902819968,0.663364504667,0.542174935059,90.0000061399,90.0000046332
0.6562349289,0.33577432494,0.562545191054,0.310447247871,0.663364504667,0.542174935059,90.0000061399,90.0000046332
0.656220254825,0.336336841624,0.562622623494,0.310991567082,0.663364504667,0.542174935059,90.0000061399,90.0000046332
0.656205630849,0.336899126194,0.562700220701,0.311535777326,0.663364504667,0.542174935059,90.0000061399,90.0000046332
0.656191057266,0.337461178239,0.562777982613,0.312079878322,0.663364504667,0.542174935059,90.0000061399,90.0000046332
0.656176534374,0.338022997349,0.562855909326,0.312623869502,0.663364504667,0.542174935059,90.0000061399,90.0000046332
0.656162062469,0.338584583109,0.562934001172,0.313167749874,0.663364504667,0.542174935059,90.0000061399,90.0000046332
0.656147641846,0.339145935106,0.563012258326,0.31371151873,0.663364504667,0.542174935059,90.0000061399,90.0000046332
0.656133272939,0.339707052661,0.563090680721,0.314255175787,0.663364504667,0.542174935059,90.0000061399,90.0000046332
0.656118956346,0.340267934775,0.563169268296,0.314798720757,0.663364504667,0.542174935059,90.0000061399,90.0000046332
0.656104692527,0.340828580721,0.563248020993,0.315342153338,0.663364504667,0.542174935059,90.0000061399,90.0000046332
0.656090481781,0.341388990083,0.56332693914,0.315885472536,0.663364504667,0.542174935059,90.0000061399,90.0000046332
0.656076324403,0.341949162446,0.563406023058,0.31642867737,0.663364504667,0.542174935059,90.0000061399,90.0000046332
0.65606222069,0.342509097396,0.563485272682,0.316971767551,0.663364504667,0.542174935059,90.0000061399,90.0000046332
0.65604817094,0.343068794513,0.563564687944,0.317514742785,0.663364504667,0.542174935059,90.0000061399,90.0000046332
0.6560341755,0.343628253285,0.563644268777,0.318057602775,0.663364504667,0.542174935059,90.0000061399,90.0000046332
0.656020234965,0.344187472725,0.563724015378,0.318600346755,0.663364504667,0.542174935059,90.0000061399,90.0000046332
0.656006349879,0.344746451945,0.563803928072,0.319142973733,0.663364504667,0.542174935059,90.0000061399,90.0000046332
0.65599252054,0.345305190527,0.563884006918,0.319685483179,0.663364504667,0.542174935059,90.0000061399,90.0000046332
0.655978747245,0.345863688054,0.563964251849,0.320227874795,0.663364504667,0.542174935059,90.0000061399,90.0000046332
0.655965030292,0.346421944106,0.564044662793,0.320770148276,0.663364504667,0.542174935059,90.0000061399,90.0000046332
0.655951369979,0.346979958263,0.564125239821,0.321312303073,0.663364504667,0.542174935059,90.0000061399,90.0000046332
0.655937766603,0.347537730104,0.564205983253,0.321854338189,0.663364504667,0.542174935059,90.0000061399,90.0000046332
0.655924220743,0.348095258677,0.564286893272,0.322396252876,0.663364504667,0.542174935059,90.0000061399,90.0000046332
0.655910732994,0.348652543,0.564367969806,0.322938046825,0.663364504667,0.542174935059,90.0000061399,90.0000046332
0.655897303672,0.34920958262,0.564449212782,0.323479719726,0.663364504667,0.542174935059,90.0000061399,90.0000046332
0.655883933075,0.349766377116,0.564530622154,0.324021271219,0.663364504667,0.542174935059,90.0000061399,90.0000046332
0.655870621502,0.350322926066,0.564612198241,0.324562700309,0.663364504667,0.542174935059,90.0000061399,90.0000046332
0.655857369249,0.350879229046,0.564693941332,0.325104006047,0.663364504667,0.542174935059,90.0000061399,90.0000046332
0.655844176616,0.351435285632,0.564775851353,0.32564518812,0.663364504667,0.542174935059,90.0000061399,90.0000046332
0.65583104413,0.351991094969,0.564857928228,0.32618624621,0.663364504667,0.542174935059,90.0000061399,90.0000046332
0.655817972389,0.352546656076,0.564940171883,0.326727179996,0.663364504667,0.542174935059,90.0000061399,90.0000046332
0.655804961759,0.353101968401,0.565022582555,0.327267988616,0.663364504667,0.542174935059,90.0000061399,90.0000046332
0.655792012539,0.353657031522,0.565105160553,0.32780867108,0.663364504667,0.542174935059,90.0000061399,90.0000046332
0.655779125027,0.354211845013,0.565187905872,0.328349226943,0.663364504667,0.542174935059,90.0000061399,90.0000046332
0.655766299522,0.354766408447,0.565270818434,0.328889655881,0.663364504667,0.542174935059,90.0000061399,90.0000046332
0.655753536321,0.355320721397,0.56535389816,0.329429957566,0.663364504667,0.542174935059,90.0000061399,90.0000046332
0.655740835919,0.355874783072,0.565437145197,0.329970131283,0.663364504667,0.542174935059,90.0000061399,90.0000046332
0.655728198914,0.356428592494,0.565520559849,0.330510176047,0.663364504667,0.542174935059,90.0000061399,90.0000046332
0.655715625708,0.356982149044,0.565604142194,0.331050091256,0.663364504667,0.542174935059,90.0000061399,90.0000046332
0.6557031166,0.357535452297,0.565687892151,0.33158987658,0.663364504667,0.542174935059,90.0000061399,90.0000046332
0.655690671887,0.358088501824,0.56577180964,0.332129531683,0.663364504667,0.542174935059,90.0000061399,90.0000046332
0.655678291868,0.358641297195,0.565855894727,0.332669055978,0.663364504667,0.542174935059,90.0000061399,90.0000046332
0.655665976841,0.359193837981,0.565940147711,0.333208448476,0.663364504667,0.542174935059,90.0000061399,90.0000046332
0.655653727282,0.359746123426,0.566024568746,0.333747708443,0.663364504667,0.542174935059,90.0000061399,90.0000046332
0.655641543791,0.360298152551,0.566109157746,0.334286835541,0.663364504667,0.542174935059,90.0000061399,90.0000046332
0.655629426787,0.360849924705,0.566193914627,0.334825829428,0.663364504667,0.542174935059,90.0000061399,90.0000046332
0.65561737657,0.361401439456,0.566278839389,0.335364689623,0.663364504667,0.542174935059,90.0000061399,90.0000046332
0.655605393437,0.361952696374,0.566363932327,0.335903415134,0.663364504667,0.542174935059,90.0000061399,90.0000046332
0.655593477687,0.362503695026,0.566449193655,0.336442005115,0.663364504667,0.542174935059,90.0000061399,90.0000046332
0.655581629617,0.36305443498,0.566534623285,0.33698045922,0.663364504667,0.542174935059,90.0000061399,90.0000046332
0.655569849701,0.363604915488,0.566620221132,0.337518777102,0.663364504667,0.542174935059,90.0000061399,90.0000046332
0.655558138536,0.364155135572,0.566705987134,0.338056958363,0.663364504667,0.542174935059,90.0000061399,90.0000046332
0.655546496549,0.364705094571,0.566791921584,0.338595002015,0.663364504667,0.542174935059,90.0000061399,90.0000046332
0.655534924037,0.365254792054,0.566878024747,0.339132907113,0.663364504667,0.542174935059,90.0000061399,90.0000046332
0.655523421299,0.365804227584,0.566964296534,0.339670673305,0.663364504667,0.542174935059,90.0000061399,90.0000046332
0.655511988632,0.366353400728,0.567050736854,0.340208300237,0.663364504667,0.542174935059,90.0000061399,90.0000046332
0.655500626333,0.366902311051,0.567137345617,0.340745787552,0.663364504667,0.542174935059,90.0000061399,90.0000046332
0.655489334886,0.367450957784,0.567224123093,0.341283134288,0.663364504667,0.542174935059,90.0000061399,90.0000046332
0.655478114889,0.367999339954,0.56731106957,0.341820339455,0.663364504667,0.542174935059,90.0000061399,90.0000046332
0.655466966758,0.368547456916,0.567398184975,0.342357402664,0.663364504667,0.542174935059,90.0000061399,90.0000046332
0.65545589079,0.369095308235,0.567485469213,0.342894323554,0.663364504667,0.542174935059,90.0000061399,90.0000046332
0.655444887283,0.369642893474,0.567572922192,0.34343110176,0.663364504667,0.542174935059,90.0000061399,90.0000046332
0.655433956533,0.370190212196,0.567660544141,0.34396773638,0.663364504667,0.542174935059,90.0000061399,90.0000046332
0.655423098838,0.370737263961,0.567748335345,0.344504226421,0.663364504667,0.542174935059,90.0000061399,90.0000046332
0.655412314704,0.371284047962,0.567836295763,0.345040571429,0.663364504667,0.542174935059,90.0000061399,90.0000046332
0.655401604731,0.371830563224,0.567924425298,0.345576771035,0.663364504667,0.542174935059,90.0000061399,90.0000046332
0.65539096931,0.372376809146,0.568012723852,0.34611282487,0.663364504667,0.542174935059,90.0000061399,90.0000046332
0.655380408736,0.372922785288,0.568101191627,0.346648732071,0.663364504667,0.542174935059,90.0000061399,90.0000046332
0.655369923307,0.373468491212,0.568189828902,0.347184491645,0.663364504667,0.542174935059,90.0000061399,90.0000046332
0.65535951332,0.374013926478,0.568278635659,0.347720103088,0.663364504667,0.542174935059,90.0000061399,90.0000046332
0.655349179069,0.374559090645,0.568367611798,0.348255566024,0.663364504667,0.542174935059,90.0000061399,90.0000046332
0.6553389211,0.375103982838,0.568456757219,0.348790880078,0.663364504667,0.542174935059,90.0000061399,90.0000046332
0.655328740011,0.375648602086,0.568546072101,0.349326044414,0.663364504667,0.542174935059,90.0000061399,90.0000046332
0.655318636154,0.376192947851,0.568635556719,0.349861058038,0.663364504667,0.542174935059,90.0000061399,90.0000046332
0.655308609827,0.376737019692,0.56872521107,0.350395920409,0.663364504667,0.542174935059,90.0000061399,90.0000046332
0.655298661324,0.377280817167,0.568815035051,0.350930631148,0.663364504667,0.542174935059,90.0000061399,90.0000046332
0.65528879094,0.377824339833,0.568905028558,0.35146518987,0.663364504667,0.542174935059,90.0000061399,90.0000046332
0.655278998972,0.378367587248,0.568995191755,0.351999595754,0.663364504667,0.542174935059,90.0000061399,90.0000046332
0.655269286011,0.378910558452,0.569085524917,0.352533847802,0.663364504667,0.542174935059,90.0000061399,90.0000046332
0.655259652659,0.379453252473,0.569176028043,0.353067945457,0.663364504667,0.542174935059,90.0000061399,90.0000046332
0.655250099215,0.37999566886,0.569266701028,0.353601888329,0.663364504667,0.542174935059,90.0000061399,90.0000046332
0.655240625974,0.380537807169,0.569357543764,0.354135676029,0.663364504667,0.542174935059,90.0000061399,90.0000046332
0.655231233232,0.381079666957,0.569448556412,0.354669307734,0.663364504667,0.542174935059,90.0000061399,90.0000046332
0.655221921281,0.381621247778,0.56953973924,0.355202782446,0.663364504667,0.542174935059,90.0000061399,90.0000046332
0.655212690474,0.382162549089,0.569631092247,0.355736099599,0.663364504667,0.542174935059,90.0000061399,90.0000046332
0.655203541407,0.382703569921,0.569722615323,0.356269258799,0.663364504667,0.542174935059,90.0000061399,90.0000046332
0.655194474625,0.383244309405,0.569814308356,0.35680225965,0.663364504667,0.542174935059,90.0000061399,90.0000046332
0.65518549042,0.383784767095,0.569906171511,0.357335101313,0.663364504667,0.542174935059,90.0000061399,90.0000046332
0.655176589085,0.384324942545,0.569998205052,0.357867782792,0.663364504667,0.542174935059,90.0000061399,90.0000046332
0.655167770915,0.38486483531,0.570090408966,0.358400303525,0.663364504667,0.542174935059,90.0000061399,90.0000046332
0.6551590362,0.385404444943,0.570182783139,0.358932663112,0.663364504667,0.542174935059,90.0000061399,90.0000046332
0.655150385366,0.385943770771,0.570275327459,0.35946486115,0.663364504667,0.542174935059,90.0000061399,90.0000046332
0.655141819011,0.386482811828,0.570368042098,0.359996896777,0.663364504667,0.542174935059,90.0000061399,90.0000046332
0.655133337601,0.387021567371,0.570460927316,0.360528768992,0.663364504667,0.542174935059,90.0000061399,90.0000046332
0.655124941429,0.387560036954,0.570553983083,0.361060477253,0.663364504667,0.542174935059,90.0000061399,90.0000046332
0.655116630785,0.388098220129,0.570647209281,0.361592021155,0.663364504667,0.542174935059,90.0000061399,90.0000046332
0.655108405961,0.388636116448,0.570740605793,0.362123400287,0.663364504667,0.542174935059,90.0000061399,90.0000046332
0.655100267249,0.38917372546,0.570834172811,0.362654613749,0.663364504667,0.542174935059,90.0000061399,90.0000046332
0.655092215156,0.38971104635,0.570927910589,0.363185660541,0.663364504667,0.542174935059,90.0000061399,90.0000046332
0.655084250282,0.390248078152,0.571021819071,0.363716540151,0.663364504667,0.542174935059,90.0000061399,90.0000046332
0.655076373003,0.39078482027,0.571115898137,0.364247252164,0.663364504667,0.542174935059,90.0000061399,90.0000046332
0.655068583612,0.391321272253,0.571210147665,0.364777796167,0.663364504667,0.542174935059,90.0000061399,90.0000046332
0.655060882396,0.391857433654,0.571304567872,0.36530817121,0.663364504667,0.542174935059,90.0000061399,90.0000046332
0.655053269646,0.39239330402,0.571399159007,0.365838376291,0.663364504667,0.542174935059,90.0000061399,90.0000046332
0.655045745661,0.392928882887,0.571493920983,0.36636841094,0.663364504667,0.542174935059,90.0000061399,90.0000046332
0.655038311034,0.393464169289,0.571588853673,0.366898274737,0.663364504667,0.542174935059,90.0000061399,90.0000046332
0.655030966355,0.39399916228,0.571683956955,0.367427967257,0.663364504667,0.542174935059,90.0000061399,90.0000046332
0.655023711912,0.39453386141,0.571779231076,0.367957487497,0.663364504667,0.542174935059,90.0000061399,90.0000046332
0.655016547992,0.395068266226,0.571874676279,0.368486834456,0.663364504667,0.542174935059,90.0000061399,90.0000046332
0.655009474884,0.395602376278,0.571970292436,0.369016007712,0.663364504667,0.542174935059,90.0000061399,90.0000046332
0.655002492874,0.396136191114,0.57206607942,0.369545006838,0.663364504667,0.542174935059,90.0000061399,90.0000046332
0.654995602367,0.396669710085,0.572162037146,0.370073831338,0.663364504667,0.542174935059,90.0000061399,90.0000046332
0.654988803957,0.397202932232,0.572258165855,0.370602480207,0.663364504667,0.542174935059,90.0000061399,90.0000046332
0.654982098123,0.397735856787,0.572354465746,0.37113095251,0.663364504667,0.542174935059,90.0000061399,90.0000046332
0.654975485149,0.398268483297,0.572450936685,0.371659247817,0.663364504667,0.542174935059,90.0000061399,90.0000046332
0.654968965322,0.398800811311,0.57254757854,0.372187365698,0.663364504667,0.542174935059,90.0000061399,90.0000046332
0.654962538928,0.399332840374,0.572644391273,0.372715305574,0.663364504667,0.542174935059,90.0000061399,90.0000046332
0.654956206251,0.399864570033,0.572741375121,0.373243066438,0.663364504667,0.542174935059,90.0000061399,90.0000046332
0.654949967811,0.400395999446,0.572838530226,0.373770647431,0.663364504667,0.542174935059,90.0000061399,90.0000046332
0.654943824202,0.400927127655,0.572935856453,0.374298048117,0.663364504667,0.542174935059,90.0000061399,90.0000046332
0.654937775781,0.401457954086,0.573033353665,0.374825268058,0.663364504667,0.542174935059,90.0000061399,90.0000046332
0.654931822831,0.401988478287,0.573131021874,0.375352306587,0.663364504667,0.542174935059,90.0000061399,90.0000046332
0.654925965636,0.402518699803,0.573228861315,0.375879162697,0.663364504667,0.542174935059,90.0000061399,90.0000046332
0.654920204478,0.403048618178,0.573326872068,0.376405835609,0.663364504667,0.542174935059,90.0000061399,90.0000046332
0.654914539695,0.403578232866,0.573425053994,0.376932324883,0.663364504667,0.542174935059,90.0000061399,90.0000046332
0.654908971879,0.40410754291,0.573523406952,0.377458630075,0.663364504667,0.542174935059,90.0000061399,90.0000046332
0.654903501564,0.404636547444,0.573621931012,0.37798475042,0.663364504667,0.542174935059,90.0000061399,90.0000046332
0.654898129033,0.405165246012,0.573720626403,0.378510684909,0.663364504667,0.542174935059,90.0000061399,90.0000046332
0.654892854567,0.405693638159,0.57381949314,0.379036432856,0.663364504667,0.542174935059,90.0000061399,90.0000046332
0.654887678445,0.406221723429,0.573918531079,0.379561993814,0.663364504667,0.542174935059,90.0000061399,90.0000046332
0.654882600947,0.406749501365,0.574017740075,0.380087367335,0.663364504667,0.542174935059,90.0000061399,90.0000046332
0.654877622548,0.407276971199,0.574117120261,0.380612552545,0.663364504667,0.542174935059,90.0000061399,90.0000046332
0.654872743836,0.407804131974,0.574216671861,0.381137548437,0.663364504667,0.542174935059,90.0000061399,90.0000046332
0.654867965206,0.408330983049,0.574316394818,0.381662354423,0.663364504667,0.542174935059,90.0000061399,90.0000046332
0.654863286936,0.408857523967,0.574416288984,0.382186970051,0.663364504667,0.542174935059,90.0000061399,90.0000046332
0.654858709304,0.409383754271,0.574516354209,0.382711394864,0.663364504667,0.542174935059,90.0000061399,90.0000046332
0.654854232589,0.409909673505,0.574616590695,0.383235627881,0.663364504667,0.542174935059,90.0000061399,90.0000046332
0.654849857097,0.410435281159,0.574716998661,0.383759668091,0.663364504667,0.542174935059,90.0000061399,90.0000046332
0.654845583415,0.41096057628,0.574817577973,0.384283515011,0.663364504667,0.542174935059,90.0000061399,90.0000046332
0.6548414121,0.411485557967,0.574918328477,0.384807168184,0.663364504667,0.542174935059,90.0000061399,90.0000046332
0.654837343426,0.412010225761,0.575019250081,0.385330627058,0.663364504667,0.542174935059,90.0000061399,90.0000046332
0.654833377669,0.412534579206,0.575120343,0.385853890623,0.663364504667,0.542174935059,90.0000061399,90.0000046332
0.654829515104,0.413058617842,0.575221607386,0.386376957958,0.663364504667,0.542174935059,90.0000061399,90.0000046332
0.654825756005,0.413582341211,0.575323043082,0.386899828603,0.663364504667,0.542174935059,90.0000061399,90.0000046332
0.65482210083,0.414105748561,0.575424649931,0.387422502093,0.663364504667,0.542174935059,90.0000061399,90.0000046332
0.65481855016,0.414628838945,0.575526427921,0.387944977749,0.663364504667,0.542174935059,90.0000061399,90.0000046332
0.654815104391,0.415151611714,0.575628377261,0.388467254557,0.663364504667,0.542174935059,90.0000061399,90.0000046332
0.654811763795,0.415674066408,0.575730498013,0.388989331723,0.663364504667,0.542174935059,90.0000061399,90.0000046332
0.654808528642,0.416196202569,0.575832790017,0.389511208779,0.663364504667,0.542174935059,90.0000061399,90.0000046332
0.654805399205,0.416718019738,0.575935253112,0.390032885256,0.663364504667,0.542174935059,90.0000061399,90.0000046332
0.654802375795,0.41723951739,0.576037887368,0.390554360339,0.663364504667,0.542174935059,90.0000061399,90.0000046332
0.654799458984,0.41776069459,0.576140692991,0.391075633013,0.663364504667,0.542174935059,90.0000061399,90.0000046332
0.654796649306,0.418281550463,0.576243669948,0.391596702614,0.663364504667,0.542174935059,90.0000061399,90.0000046332
0.654793947032,0.418802084551,0.576346818074,0.392117568668,0.663364504667,0.542174935059,90.0000061399,90.0000046332
0.654791352429,0.419322296395,0.576450137204,0.392638230701,0.663364504667,0.542174935059,90.0000061399,90.0000046332
0.654788865766,0.419842185533,0.576553627497,0.393158687758,0.663364504667,0.542174935059,90.0000061399,90.0000046332
0.65478648731,0.420361751507,0.576657289152,0.393678938824,0.663364504667,0.542174935059,90.0000061399,90.0000046332
0.654784217535,0.420880993528,0.576761122039,0.394198983369,0.663364504667,0.542174935059,90.0000061399,90.0000046332
0.654782057014,0.421399910664,0.576865125988,0.394718820915,0.663364504667,0.542174935059,90.0000061399,90.0000046332
0.654780006107,0.421918502306,0.576969300887,0.395238450895,0.663364504667,0.542174935059,90.0000061399,90.0000046332
0.65477806508,0.422436767994,0.577073646924,0.395757872304,0.663364504667,0.542174935059,90.0000061399,90.0000046332
0.654776234198,0.422954707266,0.577178164229,0.396277084223,0.663364504667,0.542174935059,90.0000061399,90.0000046332
0.654774513724,0.423472319662,0.577282852627,0.396796086172,0.663364504667,0.542174935059,90.0000061399,90.0000046332
0.654772904003,0.423989604596,0.577387711943,0.397314877666,0.663364504667,0.542174935059,90.0000061399,90.0000046332
0.654771405601,0.424506561136,0.577492742163,0.397833457991,0.663364504667,0.542174935059,90.0000061399,90.0000046332
0.654770019006,0.425023188474,0.577597943466,0.398351826143,0.663364504667,0.542174935059,90.0000061399,90.0000046332
0.654768744479,0.425539486151,0.577703315874,0.39886998135,0.663364504667,0.542174935059,90.0000061399,90.0000046332
0.654767582282,0.426055453704,0.577808859208,0.399387923126,0.663364504667,0.542174935059,90.0000061399,90.0000046332
0.654766532675,0.426571090673,0.577914573288,0.399905650984,0.663364504667,0.542174935059,90.0000061399,90.0000046332
0.654765595917,0.427086396595,0.578020458199,0.400423164052,0.663364504667,0.542174935059,90.0000061399,90.0000046332
0.654764772532,0.427601370603,0.578126514116,0.400940461326,0.663364504667,0.542174935059,90.0000061399,90.0000046332
0.654764063083,0.428116011769,0.57823274095,0.401457542183,0.663364504667,0.542174935059,90.0000061399,90.0000046332
0.654763467871,0.428630319568,0.578339138516,0.401974406134,0.663364504667,0.542174935059,90.0000061399,90.0000046332
0.654762987152,0.429144293538,0.578445706649,0.402491052659,0.663364504667,0.542174935059,90.0000061399,90.0000046332
0.654762621183,0.429657933219,0.578552445519,0.403007480755,0.663364504667,0.542174935059,90.0000061399,90.0000046332
0.654762370219,0.430171238148,0.578659355278,0.403523689441,0.663364504667,0.542174935059,90.0000061399,90.0000046332
0.654762234666,0.430684207634,0.57876643574,0.404039678222,0.663364504667,0.542174935059,90.0000061399,90.0000046332
0.654762215084,0.431196840751,0.578873686717,0.404555446604,0.663364504667,0.542174935059,90.0000061399,90.0000046332
0.654762311882,0.431709136799,0.578981108149,0.405070993902,0.663364504667,0.542174935059,90.0000061399,90.0000046332
0.654762525315,0.432221095318,0.579088700203,0.40558631911,0.663364504667,0.542174935059,90.0000061399,90.0000046332
0.654762855636,0.432732715845,0.579196462912,0.406101421409,0.663364504667,0.542174935059,90.0000061399,90.0000046332
0.654763303095,0.433243997918,0.579304396084,0.4066163003,0.663364504667,0.542174935059,90.0000061399,90.0000046332
0.654763867985,0.433754941012,0.579412499525,0.407130955284,0.663364504667,0.542174935059,90.0000061399,90.0000046332
0.654764550863,0.434265544202,0.57952077329,0.407645385506,0.663364504667,0.542174935059,90.0000061399,90.0000046332
0.654765352243,0.434775806626,0.579629217537,0.408159589959,0.663364504667,0.542174935059,90.0000061399,90.0000046332
0.654766272376,0.435285727824,0.579737832179,0.408673567988,0.663364504667,0.542174935059,90.0000061399,90.0000046332
0.654767311509,0.435795307331,0.579846617017,0.409187319092,0.663364504667,0.542174935059,90.0000061399,90.0000046332
0.65476846989,0.436304544687,0.579955571868,0.409700842745,0.663364504667,0.542174935059,90.0000061399,90.0000046332
0.654769747767,0.436813439428,0.580064696885,0.41021413794,0.663364504667,0.542174935059,90.0000061399,90.0000046332
0.654771145629,0.437321990724,0.58017399221,0.410727203688,0.663364504667,0.542174935059,90.0000061399,90.0000046332
0.654772664029,0.437830197655,0.580283457641,0.411240039485,0.663364504667,0.542174935059,90.0000061399,90.0000046332
0.654774303273,0.438338059665,0.580393092976,0.411752644821,0.663364504667,0.542174935059,90.0000061399,90.0000046332
0.654776063606,0.438845576293,0.580502898149,0.412265018995,0.663364504667,0.542174935059,90.0000061399,90.0000046332
0.654777945271,0.439352747077,0.58061287331,0.412777160996,0.663364504667,0.542174935059,90.0000061399,90.0000046332
0.654779948511,0.439859571553,0.580723018469,0.413289070013,0.663364504667,0.542174935059,90.0000061399,90.0000046332
0.654782073714,0.440366049039,0.580833333418,0.413800745534,0.663364504667,0.542174935059,90.0000061399,90.0000046332
0.654784321429,0.440872178615,0.580943817951,0.414312187047,0.663364504667,0.542174935059,90.0000061399,90.0000046332
0.654786692055,0.441377959584,0.581054472124,0.414823393667,0.663364504667,0.542174935059,90.0000061399,90.0000046332
0.654789185831,0.441883391484,0.581165296081,0.415334364386,0.663364504667,0.542174935059,90.0000061399,90.0000046332
0.654791802997,0.442388473852,0.581276289698,0.415845098566,0.663364504667,0.542174935059,90.0000061399,90.0000046332
0.654794543789,0.442893206225,0.581387452764,0.416355595694,0.663364504667,0.542174935059,90.0000061399,90.0000046332
0.654797408502,0.443397588059,0.581498785108,0.416865855193,0.663364504667,0.542174935059,90.0000061399,90.0000046332
0.654800397678,0.443901618435,0.581610286869,0.417375876053,0.663364504667,0.542174935059,90.0000061399,90.0000046332
0.654803511804,0.444405296522,0.581721958142,0.417885657326,0.663364504667,0.542174935059,90.0000061399,90.0000046332
0.654806751114,0.44490862186,0.58183379871,0.418395198494,0.663364504667,0.542174935059,90.0000061399,90.0000046332
0.654810115842,0.445411593985,0.581945808357,0.41890449904,0.663364504667,0.542174935059,90.0000061399,90.0000046332
0.654813606222,0.445914212436,0.582057987039,0.419413558195,0.663364504667,0.542174935059,90.0000061399,90.0000046332
0.654817222485,0.44641647675,0.582170334891,0.419922374952,0.663364504667,0.542174935059,90.0000061399,90.0000046332
0.65482096514,0.446918386056,0.582282851866,0.420430948547,0.663364504667,0.542174935059,90.0000061399,90.0000046332
0.654824834725,0.447419939444,0.582395537743,0.420939278458,0.663364504667,0.542174935059,90.0000061399,90.0000046332
0.654828831499,0.447921136407,0.582508392298,0.421447364163,0.663364504667,0.542174935059,90.0000061399,90.0000046332
0.654832955692,0.448421976485,0.582621415623,0.421955204703,0.663364504667,0.542174935059,90.0000061399,90.0000046332
0.654837207531,0.448922459215,0.582734607842,0.42246279907,0.663364504667,0.542174935059,90.0000061399,90.0000046332
0.654841587243,0.449422584135,0.582847968767,0.422970146687,0.663364504667,0.542174935059,90.0000061399,90.0000046332
0.65484609525,0.449922350497,0.582961498173,0.42347724703,0.663364504667,0.542174935059,90.0000061399,90.0000046332
0.654850732086,0.450421757391,0.583075195931,0.423984099429,0.663364504667,0.542174935059,90.0000061399,90.0000046332
0.654855498087,0.450920804195,0.583189062163,0.424490702877,0.663364504667,0.542174935059,90.0000061399,90.0000046332
0.654860393474,0.451419490447,0.583303096887,0.424997056504,0.663364504667,0.542174935059,90.0000061399,90.0000046332
0.654865418473,0.451917815687,0.583417299873,0.425503159781,0.663364504667,0.542174935059,90.0000061399,90.0000046332
0.654870573303,0.452415779453,0.583531670886,0.42600901218,0.663364504667,0.542174935059,90.0000061399,90.0000046332
0.654875858306,0.452913381108,0.583646209938,0.426514612836,0.663364504667,0.542174935059,90.0000061399,90.0000046332
0.65488127401,0.453410619747,0.583760917142,0.427019960739,0.663364504667,0.542174935059,90.0000061399,90.0000046332
0.65488682082,0.453907494638,0.583875792369,0.427525055214,0.663364504667,0.542174935059,90.0000061399,90.0000046332
0.654892498956,0.45440400532,0.583990835382,0.428029895729,0.663364504667,0.542174935059,90.0000061399,90.0000046332
0.654898308635,0.454900151334,0.58410604598,0.428534481697,0.663364504667,0.542174935059,90.0000061399,90.0000046332
0.654904250072,0.455395932217,0.584221424274,0.42903881211,0.663364504667,0.542174935059,90.0000061399,90.0000046332
0.654910323531,0.455891347439,0.584336970333,0.429542886011,0.663364504667,0.542174935059,90.0000061399,90.0000046332
0.654916529534,0.456386396098,0.584452683916,0.430046702865,0.663364504667,0.542174935059,90.0000061399,90.0000046332
0.654922868555,0.45688107736,0.584568564778,0.430550262138,0.663364504667,0.542174935059,90.0000061399,90.0000046332
0.654929340805,0.457375390766,0.584684612863,0.431053563041,0.663364504667,0.542174935059,90.0000061399,90.0000046332
0.654935946496,0.457869335856,0.584800828273,0.431556604564,0.663364504667,0.542174935059,90.0000061399,90.0000046332
0.654942685839,0.45836291217,0.584917210924,0.432059385949,0.663364504667,0.542174935059,90.0000061399,90.0000046332
0.654949559044,0.458856119246,0.585033760569,0.432561906661,0.663364504667,0.542174935059,90.0000061399,90.0000046332
0.654956566606,0.459348956213,0.585150476959,0.433064166159,0.663364504667,0.542174935059,90.0000061399,90.0000046332
0.654963709042,0.459841422174,0.585267360178,0.433566163452,0.663364504667,0.542174935059,90.0000061399,90.0000046332
0.654970986578,0.46033351664,0.585384410323,0.43406789753,0.663364504667,0.542174935059,90.0000061399,90.0000046332
0.654978399418,0.460825239154,0.585501627156,0.434569367838,0.663364504667,0.542174935059,90.0000061399,90.0000046332
0.654985947769,0.461316589255,0.585619010421,0.435070573833,0.663364504667,0.542174935059,90.0000061399,90.0000046332
0.654993631834,0.461807566483,0.585736560004,0.435571514787,0.663364504667,0.542174935059,90.0000061399,90.0000046332
0.655001452039,0.462298170062,0.585854275995,0.436072189692,0.663364504667,0.542174935059,90.0000061399,90.0000046332
0.655009408894,0.462788399095,0.585972158346,0.436572597725,0.663364504667,0.542174935059,90.0000061399,90.0000046332
0.655017502683,0.463278253008,0.586090206798,0.437072738342,0.663364504667,0.542174935059,90.0000061399,90.0000046332
0.655025733605,0.463767731343,0.586208421093,0.437572611001,0.663364504667,0.542174935059,90.0000061399,90.0000046332
0.655034101859,0.464256833639,0.58632680126,0.438072214764,0.663364504667,0.542174935059,90.0000061399,90.0000046332
0.655042607642,0.464745559439,0.586445347384,0.438571548625,0.663364504667,0.542174935059,90.0000061399,90.0000046332
0.655051251316,0.465233908053,0.586564059258,0.439070611964,0.663364504667,0.542174935059,90.0000061399,90.0000046332
0.655060033384,0.465721878589,0.586682936616,0.439569404236,0.663364504667,0.542174935059,90.0000061399,90.0000046332
0.655068954182,0.466209470389,0.586801979294,0.44006792476,0.663364504667,0.542174935059,90.0000061399,90.0000046332
0.655078013904,0.466696682996,0.586921187371,0.440566172526,0.663364504667,0.542174935059,90.0000061399,90.0000046332
0.655087212743,0.467183515952,0.587040560823,0.441064146662,0.663364504667,0.542174935059,90.0000061399,90.0000046332
0.655096550889,0.4676699688,0.587160099382,0.44156184662,0.663364504667,0.542174935059,90.0000061399,90.0000046332
0.65510602864,0.468156040932,0.587279802778,0.44205927185,0.663364504667,0.542174935059,90.0000061399,90.0000046332
0.655115646489,0.468641731466,0.587399670995,0.44255642146,0.663364504667,0.542174935059,90.0000061399,90.0000046332
0.655125404821,0.469127039669,0.587519704106,0.443053294445,0.663364504667,0.542174935059,90.0000061399,90.0000046332
0.655135303824,0.469611965085,0.587639901924,0.443549890136,0.663364504667,0.542174935059,90.0000061399,90.0000046332
0.655145343682,0.470096507258,0.587760264175,0.444046207985,0.663364504667,0.542174935059,90.0000061399,90.0000046332
0.655155524582,0.470580665732,0.587880790652,0.444542247344,0.663364504667,0.542174935059,90.0000061399,90.0000046332
0.655165846759,0.471064439975,0.588001481422,0.445038007207,0.663364504667,0.542174935059,90.0000061399,90.0000046332
0.655176310697,0.471547829115,0.588122336479,0.445533486662,0.663364504667,0.542174935059,90.0000061399,90.0000046332
0.655186916822,0.472030832354,0.588243355542,0.446028685155,0.663364504667,0.542174935059,90.0000061399,90.0000046332
0.655197665315,0.472513449238,0.58836453833,0.446523602134,0.663364504667,0.542174935059,90.0000061399,90.0000046332
0.655208556354,0.472995679311,0.588485884791,0.447018236741,0.663364504667,0.542174935059,90.0000061399,90.0000046332
0.655219590119,0.473477522118,0.588607394981,0.447512587971,0.663364504667,0.542174935059,90.0000061399,90.0000046332
0.655230766791,0.473958977198,0.588729068728,0.448006655125,0.663364504667,0.542174935059,90.0000061399,90.0000046332
0.655242086844,0.474440043681,0.588850905743,0.448500437648,0.663364504667,0.542174935059,90.0000061399,90.0000046332
0.655253550748,0.474920720708,0.588972905789,0.448993934918,0.663364504667,0.542174935059,90.0000061399,90.0000046332
0.655265158677,0.475401007823,0.589095068911,0.449487145942,0.663364504667,0.542174935059,90.0000061399,90.0000046332
0.655276910801,0.475880904574,0.589217395104,0.449980069787,0.663364504667,0.542174935059,90.0000061399,90.0000046332
0.655288807293,0.476360410507,0.589339884077,0.450472705898,0.663364504667,0.542174935059,90.0000061399,90.0000046332
0.655300848323,0.476839525168,0.589462535538,0.450965053716,0.663364504667,0.542174935059,90.0000061399,90.0000046332
0.655313034317,0.477318247749,0.589585349398,0.451457112412,0.663364504667,0.542174935059,90.0000061399,90.0000046332
0.655325365742,0.477796577386,0.589708325696,0.451948880993,0.663364504667,0.542174935059,90.0000061399,90.0000046332
0.655337842804,0.478274513571,0.589831464262,0.452440358736,0.663364504667,0.542174935059,90.0000061399,90.0000046332
0.655350465671,0.478752055852,0.589954764798,0.452931545081,0.663364504667,0.542174935059,90.0000061399,90.0000046332
0.655363234504,0.479229203777,0.590078227038,0.453422439424,0.663364504667,0.542174935059,90.0000061399,90.0000046332
0.655376149468,0.479705956892,0.590201851015,0.453913040772,0.663364504667,0.542174935059,90.0000061399,90.0000046332
0.655389210938,0.480182314454,0.590325636725,0.454403348176,0.663364504667,0.542174935059,90.0000061399,90.0000046332
0.655402419372,0.480658275602,0.590449583865,0.454893361076,0.663364504667,0.542174935059,90.0000061399,90.0000046332
0.655415775016,0.481133839772,0.59057369213,0.45538307891,0.663364504667,0.542174935059,90.0000061399,90.0000046332
0.655429278026,0.481609006513,0.590697961411,0.455872500864,0.663364504667,0.542174935059,90.0000061399,90.0000046332
0.655442928559,0.482083775373,0.590822391732,0.456361625944,0.663364504667,0.542174935059,90.0000061399,90.0000046332
0.655456726771,0.482558145903,0.590946982922,0.456850453412,0.663364504667,0.542174935059,90.0000061399,90.0000046332
0.655470672988,0.483032117417,0.59107173467,0.457338982706,0.663364504667,0.542174935059,90.0000061399,90.0000046332
0.655484767663,0.48350568906,0.591196646693,0.457827213228,0.663364504667,0.542174935059,90.0000061399,90.0000046332
0.655499011072,0.483978860212,0.591321719007,0.458315143986,0.663364504667,0.542174935059,90.0000061399,90.0000046332
0.655513403365,0.484451630427,0.591446951606,0.458802774024,0.663364504667,0.542174935059,90.0000061399,90.0000046332
0.655527944692,0.484923999253,0.591572344175,0.459290102777,0.663364504667,0.542174935059,90.0000061399,90.0000046332
0.655542635201,0.485395966243,0.591697896397,0.45977712968,0.663364504667,0.542174935059,90.0000061399,90.0000046332
0.655557475171,0.485867530767,0.591823608143,0.460263853926,0.663364504667,0.542174935059,90.0000061399,90.0000046332
0.655572465047,0.486338691974,0.591949479425,0.460750274524,0.663364504667,0.542174935059,90.0000061399,90.0000046332
0.655587605136,0.486809449197,0.592075510065,0.461236390726,0.663364504667,0.542174935059,90.0000061399,90.0000046332
0.655602895581,0.487279801988,0.59220169974,0.461722201967,0.663364504667,0.542174935059,90.0000061399,90.0000046332
0.655618336524,0.4877497499,0.592328048151,0.462207707652,0.663364504667,0.542174935059,90.0000061399,90.0000046332
0.655633928104,0.488219292486,0.592454555303,0.462692906791,0.663364504667,0.542174935059,90.0000061399,90.0000046332
0.655649670557,0.48868842917,0.592581221177,0.463177798425,0.663364504667,0.542174935059,90.0000061399,90.0000046332
0.655665564319,0.489157159106,0.592708045448,0.463662381985,0.663364504667,0.542174935059,90.0000061399,90.0000046332
0.655681609725,0.489625481579,0.592835027786,0.464146656904,0.663364504667,0.542174935059,90.0000061399,90.0000046332
0.655697806911,0.490093396145,0.592962168049,0.464630622377,0.663364504667,0.542174935059,90.0000061399,90.0000046332
0.655714156011,0.490560902359,0.593089466233,0.465114277415,0.663364504667,0.542174935059,90.0000061399,90.0000046332
0.655730657156,0.491027999775,0.593216922151,0.465597621269,0.663364504667,0.542174935059,90.0000061399,90.0000046332
0.655747310538,0.491494687867,0.593344535467,0.466080653369,0.663364504667,0.542174935059,90.0000061399,90.0000046332
0.655764116585,0.491960965794,0.59347230587,0.466563373119,0.663364504667,0.542174935059,90.0000061399,90.0000046332
0.655781075659,0.492426832799,0.593600233351,0.467045779531,0.663364504667,0.542174935059,90.0000061399,90.0000046332
0.655798187888,0.492892288439,0.593728317877,0.467527871648,0.663364504667,0.542174935059,90.0000061399,90.0000046332
0.655815453397,0.493357332272,0.593856559111,0.4680096489,0.663364504667,0.542174935059,90.0000061399,90.0000046332
0.655832872309,0.493821963853,0.593984956712,0.468491110717,0.663364504667,0.542174935059,90.0000061399,90.0000046332
0.655850444776,0.494286182705,0.594113510525,0.468972256292,0.663364504667,0.542174935059,90.0000061399,90.0000046332
0.655868171215,0.494749987991,0.594242220533,0.469453084638,0.663364504667,0.542174935059,90.0000061399,90.0000046332
0.655886052013,0.495213378914,0.594371086534,0.469933595009,0.663364504667,0.542174935059,90.0000061399,90.0000046332
0.655904087291,0.495676355034,0.594500108179,0.470413786834,0.663364504667,0.542174935059,90.0000061399,90.0000046332
0.655922277164,0.496138915909,0.594629285149,0.470893659508,0.663364504667,0.542174935059,90.0000061399,90.0000046332
0.655940621749,0.4966010611,0.594758617421,0.471373212049,0.663364504667,0.542174935059,90.0000061399,90.0000046332
0.65595912116,0.497062790164,0.594888104944,0.471852443505,0.663364504667,0.542174935059,90.0000061399,90.0000046332
0.655977775801,0.497524102281,0.595017747368,0.472331353305,0.663364504667,0.542174935059,90.0000061399,90.0000046332
0.655996586077,0.49798499662,0.59514754434,0.472809940876,0.663364504667,0.542174935059,90.0000061399,90.0000046332
0.656015552105,0.498445472736,0.595277495697,0.473288205407,0.663364504667,0.542174935059,90.0000061399,90.0000046332
0.656034673993,0.498905530192,0.595407601408,0.473766145914,0.663364504667,0.542174935059,90.0000061399,90.0000046332
0.656053951849,0.499365168549,0.595537861251,0.474243761658,0.663364504667,0.542174935059,90.0000061399,90.0000046332
0.656073385778,0.499824387368,0.595668274868,0.474721052065,0.663364504667,0.542174935059,90.0000061399,90.0000046332
0.656092976142,0.500283185874,0.595798841929,0.475198016522,0.663364504667,0.542174935059,90.0000061399,90.0000046332
0.65611272334,0.500741563243,0.5959295624,0.47567465405,0.663364504667,0.542174935059,90.0000061399,90.0000046332
0.656132627508,0.501199518992,0.596060436208,0.476150963708,0.663364504667,0.542174935059,90.0000061399,90.0000046332
0.656152688748,0.501657052684,0.596191462991,0.476626944923,0.663364504667,0.542174935059,90.0000061399,90.0000046332
0.656172907158,0.502114163884,0.596322642384,0.477102597122,0.663364504667,0.542174935059,90.0000061399,90.0000046332
0.656193282834,0.502570852155,0.596453974216,0.477577919484,0.663364504667,0.542174935059,90.0000061399,90.0000046332
0.6562138161,0.503027116768,0.596585458442,0.478052911032,0.663364504667,0.542174935059,90.0000061399,90.0000046332
0.656234507343,0.503482956904,0.59671709482,0.478527571034,0.663364504667,0.542174935059,90.0000061399,90.0000046332
0.656255356722,0.503938372043,0.596848882978,0.479001898915,0.663364504667,0.542174935059,90.0000061399,90.0000046332
0.656276364329,0.504393361752,0.596980822584,0.479475894053,0.663364504667,0.542174935059,90.0000061399,90.0000046332
0.656297530253,0.504847925596,0.597112913585,0.479949555471,0.663364504667,0.542174935059,90.0000061399,90.0000046332
0.656318854583,0.505302063144,0.597245155889,0.480422882243,0.663364504667,0.542174935059,90.0000061399,90.0000046332
0.656340337602,0.505755773708,0.59737754912,0.480895873794,0.663364504667,0.542174935059,90.0000061399,90.0000046332
0.656361979687,0.506209056477,0.5975100929,0.48136852955,0.663364504667,0.542174935059,90.0000061399,90.0000046332
0.656383781018,0.506661910893,0.597642787053,0.481840848681,0.663364504667,0.542174935059,90.0000061399,90.0000046332
0.656405741678,0.507114336528,0.597775631519,0.482312830214,0.663364504667,0.542174935059,90.0000061399,90.0000046332
0.656427861747,0.507566332951,0.597908626033,0.482784473431,0.663364504667,0.542174935059,90.0000061399,90.0000046332
0.656450141305,0.50801789973,0.598041770212,0.483255777754,0.663364504667,0.542174935059,90.0000061399,90.0000046332
0.656472580595,0.508469036222,0.598175063718,0.48372674255,0.663364504667,0.542174935059,90.0000061399,90.0000046332
0.656495179984,0.508919741623,0.598308506484,0.484197366847,0.663364504667,0.542174935059,90.0000061399,90.0000046332
0.656517939672,0.509370015341,0.598442098395,0.484667649733,0.663364504667,0.542174935059,90.0000061399,90.0000046332
0.656540859732,0.50981985695,0.59857583906,0.485137590634,0.663364504667,0.542174935059,90.0000061399,90.0000046332
0.656563940236,0.510269266021,0.598709728089,0.485607188974,0.663364504667,0.542174935059,90.0000061399,90.0000046332
0.656587181254,0.510718242127,0.598843765302,0.486076443915,0.663364504667,0.542174935059,90.0000061399,90.0000046332
0.656610582987,0.511166784669,0.598977950623,0.486545354488,0.663364504667,0.542174935059,90.0000061399,90.0000046332
0.656634145789,0.511614892854,0.599112283764,0.487013919988,0.663364504667,0.542174935059,90.0000061399,90.0000046332
0.656657869878,0.512062566059,0.599246764328,0.487482139838,0.663364504667,0.542174935059,90.0000061399,90.0000046332
0.656681755316,0.512509803862,0.599381391974,0.487950013391,0.663364504667,0.542174935059,90.0000061399,90.0000046332
0.656705802165,0.512956605836,0.599516166621,0.488417539682,0.663364504667,0.542174935059,90.0000061399,90.0000046332
0.656730010487,0.513402971559,0.599651088126,0.488884717815,0.663364504667,0.542174935059,90.0000061399,90.0000046332
0.656754380444,0.513848900472,0.599786156089,0.489351547215,0.663364504667,0.542174935059,90.0000061399,90.0000046332
0.656778912376,0.51429439179,0.599921370105,0.489818027304,0.663364504667,0.542174935059,90.0000061399,90.0000046332
0.656803606518,0.514739444864,0.600056729986,0.490284157242,0.663364504667,0.542174935059,90.0000061399,90.0000046332
0.656828462923,0.51518405927,0.600192235636,0.49074993607,0.663364504667,0.542174935059,90.0000061399,90.0000046332
0.656853481645,0.515628234589,0.600327886745,0.491215363094,0.663364504667,0.542174935059,90.0000061399,90.0000046332
0.656878662734,0.516071970398,0.600463682902,0.491680437739,0.663364504667,0.542174935059,90.0000061399,90.0000046332
0.656904006314,0.51651526618,0.600599623759,0.49214515935,0.663364504667,0.542174935059,90.0000061399,90.0000046332
0.656929512714,0.516958121158,0.600735709212,0.492609526977,0.663364504667,0.542174935059,90.0000061399,90.0000046332
0.656955182188,0.517400534649,0.600871939089,0.493073539747,0.663364504667,0.542174935059,90.0000061399,90.0000046332
0.656981014779,0.517842506235,0.601008312975,0.493537197083,0.663364504667,0.542174935059,90.0000061399,90.0000046332
0.657007010531,0.518284035497,0.601144830453,0.49400049841,0.663364504667,0.542174935059,90.0000061399,90.0000046332
0.657033169484,0.518725122018,0.601281491325,0.494463442882,0.663364504667,0.542174935059,90.0000061399,90.0000046332
0.657059491723,0.519165765321,0.601418295476,0.494926029553,0.663364504667,0.542174935059,90.0000061399,90.0000046332
0.657085977568,0.519605964634,0.601555242572,0.495388257742,0.663364504667,0.542174935059,90.0000061399,90.0000046332
0.657112627288,0.520045719245,0.601692332188,0.495850126874,0.663364504667,0.542174935059,90.0000061399,90.0000046332
0.657139440918,0.520485028738,0.601829563972,0.496311636286,0.663364504667,0.542174935059,90.0000061399,90.0000046332
0.657166418491,0.520923892698,0.601966937802,0.496772785033,0.663364504667,0.542174935059,90.0000061399,90.0000046332
0.657193560038,0.521362310711,0.602104453485,0.497233572256,0.663364504667,0.542174935059,90.0000061399,90.0000046332
0.657220865605,0.521800282341,0.602242110593,0.497693997378,0.663364504667,0.542174935059,90.0000061399,90.0000046332
0.657248335499,0.522237806822,0.602379908694,0.498154059825,0.663364504667,0.542174935059,90.0000061399,90.0000046332
0.657275970008,0.522674883412,0.602517847583,0.498613758748,0.663364504667,0.542174935059,90.0000061399,90.0000046332
0.657303769157,0.523111511699,0.60265592713,0.499073093204,0.663364504667,0.542174935059,90.0000061399,90.0000046332
0.657331732969,0.523547691271,0.602794146979,0.499532062525,0.663364504667,0.542174935059,90.0000061399,90.0000046332
0.657359861465,0.523983421716,0.602932506692,0.499990666134,0.663364504667,0.542174935059,90.0000061399,90.0000046332
0.657388154663,0.524418702624,0.603071005909,0.500448903364,0.663364504667,0.542174935059,90.0000061399,90.0000046332
0.657416612846,0.524853533253,0.603209644493,0.500906773277,0.663364504667,0.542174935059,90.0000061399,90.0000046332
0.657445236308,0.525287912845,0.603348422229,0.501364275023,0.663364504667,0.542174935059,90.0000061399,90.0000046332
0.657474025076,0.525721840977,0.603487338675,0.50182140803,0.663364504667,0.542174935059,90.0000061399,90.0000046332
0.657502979163,0.526155317239,0.603626393388,0.502278171721,0.663364504667,0.542174935059,90.0000061399,90.0000046332
0.657532098579,0.526588341223,0.60376558615,0.502734565248,0.663364504667,0.542174935059,90.0000061399,90.0000046332
0.657561383333,0.527020912523,0.603904916817,0.503190587674,0.663364504667,0.542174935059,90.0000061399,90.0000046332
0.657590833666,0.527453030442,0.604044385012,0.503646238337,0.663364504667,0.542174935059,90.0000061399,90.0000046332
0.657620449858,0.52788469423,0.604183990286,0.504101516665,0.663364504667,0.542174935059,90.0000061399,90.0000046332
0.657650231957,0.528315903427,0.604323732268,0.504556421987,0.663364504667,0.542174935059,90.0000061399,90.0000046332
0.657680179966,0.528746657629,0.604463610802,0.50501095337,0.663364504667,0.542174935059,90.0000061399,90.0000046332
0.657710293885,0.529176956431,0.604603625658,0.505465109976,0.663364504667,0.542174935059,90.0000061399,90.0000046332
0.657740573712,0.529606799431,0.604743776379,0.505918891233,0.663364504667,0.542174935059,90.0000061399,90.0000046332
0.657771019643,0.530036185977,0.604884062508,0.506372296565,0.663364504667,0.542174935059,90.0000061399,90.0000046332
0.657801631949,0.530465115328,0.605024483814,0.506825325127,0.663364504667,0.542174935059,90.0000061399,90.0000046332
0.657832410698,0.530893586988,0.605165040136,0.50727797599,0.663364504667,0.542174935059,90.0000061399,90.0000046332
0.657863355881,0.531321600556,0.605305731082,0.507730248496,0.663364504667,0.542174935059,90.0000061399,90.0000046332
0.657894467488,0.531749155633,0.60544655619,0.508182142074,0.663364504667,0.542174935059,90.0000061399,90.0000046332
0.657925745507,0.532176251818,0.605587515072,0.508633656057,0.663364504667,0.542174935059,90.0000061399,90.0000046332
0.657957190089,0.532602888509,0.60572860756,0.509084789518,0.663364504667,0.542174935059,90.0000061399,90.0000046332
0.657988801492,0.53302906497,0.605869833405,0.509535541626,0.663364504667,0.542174935059,90.0000061399,90.0000046332
0.658020579806,0.533454780671,0.606011192137,0.509985911808,0.663364504667,0.542174935059,90.0000061399,90.0000046332
0.658052525012,0.533880035215,0.606152683286,0.510435899493,0.663364504667,0.542174935059,90.0000061399,90.0000046332
0.658084637089,0.534304828206,0.606294306604,0.510885503843,0.663364504667,0.542174935059,90.0000061399,90.0000046332
0.658116916014,0.534729159247,0.606436061913,0.511334723933,0.663364504667,0.542174935059,90.0000061399,90.0000046332
0.658149361892,0.535153027785,0.606577948808,0.511783559111,0.663364504667,0.542174935059,90.0000061399,90.0000046332
0.658181974969,0.535576433091,0.606719966813,0.512232008805,0.663364504667,0.542174935059,90.0000061399,90.0000046332
0.658214755356,0.535999374599,0.606862115524,0.512680072356,0.663364504667,0.542174935059,90.0000061399,90.0000046332
0.658247703025,0.536421851915,0.607004394755,0.513127748845,0.663364504667,0.542174935059,90.0000061399,90.0000046332
0.658280817942,0.536843864648,0.607146804245,0.513575037443,0.663364504667,0.542174935059,90.0000061399,90.0000046332
0.658314100076,0.537265412406,0.60728934351,0.514021937579,0.663364504667,0.542174935059,90.0000061399,90.0000046332
0.658347549483,0.537686494684,0.607432012066,0.514468448685,0.663364504667,0.542174935059,90.0000061399,90.0000046332
0.658381166394,0.538107110762,0.607574809645,0.514914569933,0.663364504667,0.542174935059,90.0000061399,90.0000046332
0.658414950948,0.538527260035,0.607717736051,0.51536030041,0.663364504667,0.542174935059,90.0000061399,90.0000046332
0.658448903102,0.538946942114,0.607860790872,0.515805639457,0.663364504667,0.542174935059,90.0000061399,90.0000046332
0.658483022815,0.539366156613,0.608003973615,0.516250586508,0.663364504667,0.542174935059,90.0000061399,90.0000046332
0.658517310041,0.539784903143,0.608147283856,0.516695140914,0.663364504667,0.542174935059,90.0000061399,90.0000046332
0.658551764788,0.540203181251,0.608290721393,0.517139301766,0.663364504667,0.542174935059,90.0000061399,90.0000046332
0.658586387276,0.540620990224,0.608434285954,0.517583068231,0.663364504667,0.542174935059,90.0000061399,90.0000046332
0.658621177667,0.541038329419,0.608577977044,0.518026439742,0.663364504667,0.542174935059,90.0000061399,90.0000046332
0.658656135907,0.541455198453,0.608721794163,0.518469415733,0.663364504667,0.542174935059,90.0000061399,90.0000046332
0.658691261945,0.54187159694,0.608865737017,0.518911995395,0.663364504667,0.542174935059,90.0000061399,90.0000046332
0.658726555722,0.542287524499,0.609009805396,0.519354177822,0.663364504667,0.542174935059,90.0000061399,90.0000046332
0.658762017197,0.542702980729,0.609153998879,0.51979596235,0.663364504667,0.542174935059,90.0000061399,90.0000046332
0.658797646575,0.543117964927,0.609298316963,0.520237348413,0.663364504667,0.542174935059,90.0000061399,90.0000046332
0.658833444042,0.543532476409,0.609442759196,0.520678335383,0.663364504667,0.542174935059,90.0000061399,90.0000046332
0.658869409535,0.543946514798,0.609587325357,0.521118922357,0.663364504667,0.542174935059,90.0000061399,90.0000046332
0.658905542989,0.544360079713,0.609732015173,0.521559108497,0.663364504667,0.542174935059,90.0000061399,90.0000046332
0.658941844336,0.544773170776,0.609876828133,0.521998893238,0.663364504667,0.542174935059,90.0000061399,90.0000046332
0.658978313508,0.545185787609,0.610021763724,0.522438276018,0.663364504667,0.542174935059,90.0000061399,90.0000046332
0.659014950667,0.545597929553,0.610166821621,0.522877256052,0.663364504667,0.542174935059,90.0000061399,90.0000046332
0.659051755998,0.546009595919,0.610312001596,0.523315832442,0.663364504667,0.542174935059,90.0000061399,90.0000046332
0.659088729452,0.546420786302,0.61045730323,0.523754004513,0.663364504667,0.542174935059,90.0000061399,90.0000046332
0.659125870953,0.546831500325,0.610602726004,0.524191771701,0.663364504667,0.542174935059,90.0000061399,90.0000046332
0.659163180421,0.547241737617,0.610748269435,0.524629133403,0.663364504667,0.542174935059,90.0000061399,90.0000046332
0.659200657776,0.547651497802,0.610893933281,0.52506608873,0.663364504667,0.542174935059,90.0000061399,90.0000046332
0.659238303125,0.548060780281,0.611039717268,0.525502636834,0.663364504667,0.542174935059,90.0000061399,90.0000046332
0.659276116639,0.548469584375,0.611185620871,0.525938777153,0.663364504667,0.542174935059,90.0000061399,90.0000046332
0.659314098299,0.548877909631,0.611331643563,0.526374509127,0.663364504667,0.542174935059,90.0000061399,90.0000046332
0.659352248018,0.549285755679,0.61147778498,0.526809832009,0.663364504667,0.542174935059,90.0000061399,90.0000046332
0.659390565705,0.54969312215,0.611624044868,0.527244744916,0.663364504667,0.542174935059,90.0000061399,90.0000046332
0.659429051269,0.550100008674,0.611770422812,0.527679247159,0.663364504667,0.542174935059,90.0000061399,90.0000046332
0.659467704756,0.550506414715,0.611916918278,0.528113338177,0.663364504667,0.542174935059,90.0000061399,90.0000046332
0.659506526326,0.5509123396,0.612063530746,0.5285470174,0.663364504667,0.542174935059,90.0000061399,90.0000046332
0.659545515992,0.551317782828,0.612210259954,0.528980283951,0.663364504667,0.542174935059,90.0000061399,90.0000046332
0.659584673654,0.551722744036,0.612357105628,0.529413136968,0.663364504667,0.542174935059,90.0000061399,90.0000046332
0.659623999211,0.552127222858,0.61250406723,0.529845575895,0.663364504667,0.542174935059,90.0000061399,90.0000046332
0.659663492559,0.552531218931,0.612651144221,0.530277600175,0.663364504667,0.542174935059,90.0000061399,90.0000046332
0.659703153685,0.552934731779,0.612798336193,0.530709209095,0.663364504667,0.542174935059,90.0000061399,90.0000046332
0.659742982735,0.55333776074,0.612945642876,0.531140401786,0.663364504667,0.542174935059,90.0000061399,90.0000046332
0.659782979755,0.553740305263,0.613093063865,0.531571177531,0.663364504667,0.542174935059,90.0000061399,90.0000046332
0.659823144635,0.55414236499,0.613240598613,0.532001535777,0.663364504667,0.542174935059,90.0000061399,90.0000046332
0.65986347726,0.55454393956,0.613388246573,0.532431475969,0.663364504667,0.542174935059,90.0000061399,90.0000046332
0.659903977516,0.554945028614,0.61353600745,0.53286099726,0.663364504667,0.542174935059,90.0000061399,90.0000046332
0.659944645327,0.555345631743,0.613683880964,0.533290098785,0.663364504667,0.542174935059,90.0000061399,90.0000046332
0.659985480824,0.555745748292,0.61383186658,0.533718779971,0.663364504667,0.542174935059,90.0000061399,90.0000046332
0.660026484092,0.556145377662,0.613979963744,0.534147040264,0.663364504667,0.542174935059,90.0000061399,90.0000046332
0.660067655006,0.556544519495,0.614128172003,0.534574878999,0.663364504667,0.542174935059,90.0000061399,90.0000046332
0.660108993441,0.556943173439,0.614276491069,0.535002295313,0.663364504667,0.542174935059,90.0000061399,90.0000046332
0.660150499269,0.55734133914,0.614424920552,0.535429288461,0.663364504667,0.542174935059,90.0000061399,90.0000046332
0.660192172362,0.557739016243,0.614573459892,0.535855857894,0.663364504667,0.542174935059,90.0000061399,90.0000046332
0.660234012825,0.558136204115,0.614722108528,0.536282003061,0.663364504667,0.542174935059,90.0000061399,90.0000046332
0.660276020772,0.558532902114,0.614870866112,0.536707723166,0.663364504667,0.542174935059,90.0000061399,90.0000046332
0.660318196075,0.558929109878,0.615019732348,0.537133017354,0.663364504667,0.542174935059,90.0000061399,90.0000046332
0.660360538598,0.559324827058,0.615168706721,0.537557885015,0.663364504667,0.542174935059,90.0000061399,90.0000046332
0.660403048201,0.559720053306,0.615317788665,0.537982325602,0.663364504667,0.542174935059,90.0000061399,90.0000046332
0.660445724742,0.560114788272,0.61546697767,0.5384063385,0.663364504667,0.542174935059,90.0000061399,90.0000046332
0.660488568259,0.560509031398,0.615616273431,0.538829922856,0.663364504667,0.542174935059,90.0000061399,90.0000046332
0.660531578849,0.56090278205,0.615765675583,0.53925307789,0.663364504667,0.542174935059,90.0000061399,90.0000046332
0.66057475643,0.561296039808,0.615915183551,0.539675803056,0.663364504667,0.542174935059,90.0000061399,90.0000046332
0.660618100851,0.561688804327,0.61606479676,0.540098097809,0.663364504667,0.542174935059,90.0000061399,90.0000046332
0.660661611961,0.562081075265,0.616214514803,0.540519961411,0.663364504667,0.542174935059,90.0000061399,90.0000046332
0.660705289606,0.562472852278,0.616364337365,0.540941393018,0.663364504667,0.542174935059,90.0000061399,90.0000046332
0.660749133751,0.562864134883,0.61651426396,0.541362391977,0.663364504667,0.542174935059,90.0000061399,90.0000046332
0.660793144479,0.563254922457,0.616664294008,0.541782957747,0.663364504667,0.542174935059,90.0000061399,90.0000046332
0.660837321753,0.563645214517,0.616814426939,0.542203089769,0.663364504667,0.542174935059,90.0000061399,90.0000046332
0.660881665409,0.564035010724,0.616964662429,0.542622787206,0.663364504667,0.542174935059,90.0000061399,90.0000046332
0.660926175285,0.564424310742,0.617115000142,0.54304204923,0.663364504667,0.542174935059,90.0000061399,90.0000046332
0.660970851214,0.564813114233,0.617265439491,0.543460875303,0.663364504667,0.542174935059,90.0000061399,90.0000046332
0.661015693086,0.565201420792,0.617415979886,0.543879264885,0.663364504667,0.542174935059,90.0000061399,90.0000046332
0.661060700971,0.565589229805,0.617566620853,0.544297217303,0.663364504667,0.542174935059,90.0000061399,90.0000046332
0.661105874876,0.565976540726,0.61771736206,0.544714731725,0.663364504667,0.542174935059,90.0000061399,90.0000046332
0.661151214628,0.566363353224,0.617868203057,0.545131807449,0.663364504667,0.542174935059,90.0000061399,90.0000046332
0.66119672005,0.566749666965,0.618019143249,0.545548443937,0.663364504667,0.542174935059,90.0000061399,90.0000046332
0.661242390964,0.567135481618,0.618170182039,0.545964640653,0.663364504667,0.542174935059,90.0000061399,90.0000046332
0.66128822719,0.567520796852,0.618321319044,0.546380396816,0.663364504667,0.542174935059,90.0000061399,90.0000046332
0.661334228775,0.56790561207,0.618472553923,0.546795711599,0.663364504667,0.542174935059,90.0000061399,90.0000046332
0.66138039577,0.568289926669,0.618623886116,0.547210584418,0.663364504667,0.542174935059,90.0000061399,90.0000046332
0.661426727994,0.568673740314,0.618775315021,0.547625014741,0.663364504667,0.542174935059,90.0000061399,90.0000046332
0.66147322526,0.569057052679,0.618926840089,0.548039001969,0.663364504667,0.542174935059,90.0000061399,90.0000046332
0.661519887376,0.569439863439,0.619078460969,0.548452545281,0.663364504667,0.542174935059,90.0000061399,90.0000046332
0.661566714151,0.569822172267,0.619230177255,0.548865643919,0.663364504667,0.542174935059,90.0000061399,90.0000046332
0.661613705547,0.570203978655,0.619381988337,0.549278297351,0.663364504667,0.542174935059,90.0000061399,90.0000046332
0.6616608616,0.570585282013,0.619533893605,0.549690505046,0.663364504667,0.542174935059,90.0000061399,90.0000046332
0.661708182183,0.570966081934,0.619685892596,0.550102266305,0.663364504667,0.542174935059,90.0000061399,90.0000046332
0.661755667094,0.571346378098,0.619837984951,0.550513580312,0.663364504667,0.542174935059,90.0000061399,90.0000046332
0.66180331613,0.571726170185,0.619990170158,0.550924446422,0.663364504667,0.542174935059,90.0000061399,90.0000046332
0.661851129087,0.572105457877,0.620142447601,0.551334864106,0.663364504667,0.542174935059,90.0000061399,90.0000046332
0.661899105845,0.572484240752,0.620294816662,0.551744832837,0.663364504667,0.542174935059,90.0000061399,90.0000046332
0.66194724642,0.572862518232,0.620447276959,0.552154351818,0.663364504667,0.542174935059,90.0000061399,90.0000046332
0.661995550743,0.573240289839,0.620599828124,0.552563420242,0.663364504667,0.542174935059,90.0000061399,90.0000046332
0.662044018598,0.573617555259,0.620752469546,0.552972037568,0.663364504667,0.542174935059,90.0000061399,90.0000046332
0.66209264977,0.573994314177,0.6209052006,0.553380203272,0.663364504667,0.542174935059,90.0000061399,90.0000046332
0.662141444042,0.57437056628,0.621058020735,0.553787916747,0.663364504667,0.542174935059,90.0000061399,90.0000046332
0.662190401208,0.574746311239,0.62121092957,0.554195177194,0.663364504667,0.542174935059,90.0000061399,90.0000046332
0.66223952127,0.575121548486,0.621363926647,0.554601983897,0.663364504667,0.542174935059,90.0000061399,90.0000046332
0.662288804215,0.575496277467,0.621517011335,0.555008336335,0.663364504667,0.542174935059,90.0000061399,90.0000046332
0.662338249815,0.575870497876,0.621670183003,0.555414233988,0.663364504667,0.542174935059,90.0000061399,90.0000046332
0.662387857842,0.576244209402,0.621823441174,0.555819676159,0.663364504667,0.542174935059,90.0000061399,90.0000046332
0.662437628066,0.57661741174,0.621976785455,0.556224662059,0.663364504667,0.542174935059,90.0000061399,90.0000046332
0.662487560256,0.576990104583,0.622130215294,0.556629191072,0.663364504667,0.542174935059,90.0000061399,90.0000046332
0.662537654335,0.577362287443,0.622283730055,0.557033262681,0.663364504667,0.542174935059,90.0000061399,90.0000046332
0.662587910288,0.577733959762,0.622437329097,0.557436876369,0.663364504667,0.542174935059,90.0000061399,90.0000046332
0.662638327937,0.578105121168,0.622591012014,0.557840031356,0.663364504667,0.542174935059,90.0000061399,90.0000046332
0.662688907042,0.578475771358,0.622744778402,0.55824272686,0.663364504667,0.542174935059,90.0000061399,90.0000046332
0.662739647359,0.578845910032,0.622898627625,0.558644962359,0.663364504667,0.542174935059,90.0000061399,90.0000046332
0.662790548643,0.579215536889,0.623052559036,0.55904673734,0.663364504667,0.542174935059,90.0000061399,90.0000046332
0.662841610726,0.579584651541,0.623206572059,0.559448051209,0.663364504667,0.542174935059,90.0000061399,90.0000046332
0.662892833576,0.579953253441,0.623360666284,0.559848903189,0.663364504667,0.542174935059,90.0000061399,90.0000046332
0.662944217079,0.580321342134,0.623514841226,0.560249292582,0.663364504667,0.542174935059,90.0000061399,90.0000046332
0.662995760983,0.580688917323,0.623669096236,0.560649218878,0.663364504667,0.542174935059,90.0000061399,90.0000046332
0.663047465032,0.581055978715,0.62382343066,0.561048681565,0.663364504667,0.542174935059,90.0000061399,90.0000046332
0.663099328969,0.581422526016,0.623977843985,0.561447679975,0.663364504667,0.542174935059,90.0000061399,90.0000046332
0.663151352532,0.581788558932,0.624132335792,0.561846213339,0.663364504667,0.542174935059,90.0000061399,90.0000046332
0.66320353567,0.582154076934,0.624286905516,0.562244281044,0.663364504667,0.542174935059,90.0000061399,90.0000046332
0.663255878331,0.582519079489,0.624441552499,0.562641882585,0.663364504667,0.542174935059,90.0000061399,90.0000046332
0.663308380254,0.582883566301,0.62459627608,0.563039017453,0.663364504667,0.542174935059,90.0000061399,90.0000046332
0.663361041171,0.583247537081,0.624751075806,0.563435684911,0.663364504667,0.542174935059,90.0000061399,90.0000046332
0.663413860812,0.583610991543,0.624905951249,0.563831884195,0.663364504667,0.542174935059,90.0000061399,90.0000046332
0.663466838903,0.5839739294,0.625060901765,0.564227614777,0.663364504667,0.542174935059,90.0000061399,90.0000046332
0.66351997529,0.584336350231,0.625215926689,0.564622876152,0.663364504667,0.542174935059,90.0000061399,90.0000046332
0.663573269906,0.584698253513,0.625371025396,0.565017667772,0.663364504667,0.542174935059,90.0000061399,90.0000046332
0.663626722563,0.58505963886,0.625526197447,0.56541198888,0.663364504667,0.542174935059,90.0000061399,90.0000046332
0.663680332979,0.585420505991,0.62568144236,0.565805838766,0.663364504667,0.542174935059,90.0000061399,90.0000046332
0.66373410087,0.585780854625,0.625836759462,0.566199216932,0.663364504667,0.542174935059,90.0000061399,90.0000046332
0.663788025952,0.586140684482,0.62599214808,0.566592122878,0.663364504667,0.542174935059,90.0000061399,90.0000046332
0.663842107965,0.586499995251,0.626147607643,0.566984555992,0.663364504667,0.542174935059,90.0000061399,90.0000046332
0.663896346826,0.586858786421,0.626303137702,0.567376515524,0.663364504667,0.542174935059,90.0000061399,90.0000046332
0.663950742422,0.587217057513,0.626458737704,0.56776800084,0.663364504667,0.542174935059,90.0000061399,90.0000046332
0.664005294458,0.587574808253,0.626614406969,0.568159011446,0.663364504667,0.542174935059,90.0000061399,90.0000046332
0.664060002638,0.587932038367,0.626770144816,0.568549546847,0.663364504667,0.542174935059,90.0000061399,90.0000046332
0.664114866663,0.588288747581,0.626925950724,0.568939606371,0.663364504667,0.542174935059,90.0000061399,90.0000046332
0.664169886234,0.588644935624,0.627081824235,0.569329189278,0.663364504667,0.542174935059,90.0000061399,90.0000046332
0.664225061186,0.589000602068,0.627237764728,0.569718295003,0.663364504667,0.542174935059,90.0000061399,90.0000046332
0.664280391418,0.589355746415,0.627393771516,0.570106923056,0.663364504667,0.542174935059,90.0000061399,90.0000046332
0.664335876686,0.589710368324,0.627549843912,0.570495072947,0.663364504667,0.542174935059,90.0000061399,90.0000046332
0.664391516681,0.590064467528,0.627705981439,0.570882743951,0.663364504667,0.542174935059,90.0000061399,90.0000046332
0.664447311092,0.590418043761,0.627862183629,0.571269935336,0.663364504667,0.542174935059,90.0000061399,90.0000046332
0.664503259606,0.590771096757,0.628018449799,0.571656646602,0.663364504667,0.542174935059,90.0000061399,90.0000046332
0.664559361948,0.591123626206,0.628174779256,0.572042877264,0.663364504667,0.542174935059,90.0000061399,90.0000046332
0.664615618,0.591475631622,0.628331171344,0.572428626791,0.663364504667,0.542174935059,90.0000061399,90.0000046332
0.664672027599,0.591827112566,0.628487625588,0.572813894455,0.663364504667,0.542174935059,90.0000061399,90.0000046332
0.664728590424,0.592178068777,0.62864414147,0.573198679577,0.663364504667,0.542174935059,90.0000061399,90.0000046332
0.66478530615,0.592528499995,0.628800718288,0.573582981673,0.663364504667,0.542174935059,90.0000061399,90.0000046332
0.664842174452,0.592878405963,0.628957355343,0.573966800262,0.663364504667,0.542174935059,90.0000061399,90.0000046332
0.664899195,0.593227786423,0.629114052018,0.574350134767,0.663364504667,0.542174935059,90.0000061399,90.0000046332
0.664956367602,0.593576640966,0.629270807828,0.57473298447,0.663364504667,0.542174935059,90.0000061399,90.0000046332
0.665013692118,0.59392496912,0.629427622198,0.575115348747,0.663364504667,0.542174935059,90.0000061399,90.0000046332
0.665071168273,0.594272770565,0.62958449442,0.575497227123,0.663364504667,0.542174935059,90.0000061399,90.0000046332
0.665128795729,0.59462004505,0.629741423788,0.575878619118,0.663364504667,0.542174935059,90.0000061399,90.0000046332
0.665186574147,0.594966792321,0.629898409719,0.576259524117,0.663364504667,0.542174935059,90.0000061399,90.0000046332
0.665244503188,0.59531301213,0.630055451717,0.576639941409,0.663364504667,0.542174935059,90.0000061399,90.0000046332
0.665302582537,0.595658704193,0.630212549155,0.577019870427,0.663364504667,0.542174935059,90.0000061399,90.0000046332
0.66536081204,0.596003868047,0.630369701319,0.577399310699,0.663364504667,0.542174935059,90.0000061399,90.0000046332
0.66541919151,0.59634850327,0.630526907494,0.577778261751,0.663364504667,0.542174935059,90.0000061399,90.0000046332
0.665477720595,0.596692609615,0.630684167127,0.578156722933,0.663364504667,0.542174935059,90.0000061399,90.0000046332
0.665536398945,0.597036186839,0.630841479709,0.578534693547,0.663364504667,0.542174935059,90.0000061399,90.0000046332
0.665595226204,0.597379234699,0.630998844565,0.578912173074,0.663364504667,0.542174935059,90.0000061399,90.0000046332
0.665654202018,0.597721752952,0.631156260974,0.579289161047,0.663364504667,0.542174935059,90.0000061399,90.0000046332
0.665713326138,0.598063741233,0.631313728215,0.579665656997,0.663364504667,0.542174935059,90.0000061399,90.0000046332
0.665772598391,0.598405199095,0.63147124576,0.580041660244,0.663364504667,0.542174935059,90.0000061399,90.0000046332
0.665832018489,0.598746126217,0.631628813089,0.580417170099,0.663364504667,0.542174935059,90.0000061399,90.0000046332
0.665891586067,0.599086522363,0.631786429487,0.580792186087,0.663364504667,0.542174935059,90.0000061399,90.0000046332
0.665951300758,0.599426387297,0.631944094225,0.581166707744,0.663364504667,0.542174935059,90.0000061399,90.0000046332
0.666011162192,0.599765720783,0.632101806595,0.581540734585,0.663364504667,0.542174935059,90.0000061399,90.0000046332
0.666071169999,0.600104522587,0.63225956607,0.581914265927,0.663364504667,0.542174935059,90.0000061399,90.0000046332
0.666131323988,0.600442792276,0.632417372101,0.582287301111,0.663364504667,0.542174935059,90.0000061399,90.0000046332
0.666191623965,0.600780529415,0.632575223953,0.58265983968,0.663364504667,0.542174935059,90.0000061399,90.0000046332
0.666252069551,0.601117733778,0.632733120893,0.583031881175,0.663364504667,0.542174935059,90.0000061399,90.0000046332
0.666312660367,0.601454405134,0.632891062232,0.583403425085,0.663364504667,0.542174935059,90.0000061399,90.0000046332
0.66637339603,0.601790543257,0.633049047433,0.583774470738,0.663364504667,0.542174935059,90.0000061399,90.0000046332
0.666434276157,0.602126147921,0.63320707591,0.584145017512,0.663364504667,0.542174935059,90.0000061399,90.0000046332
0.666495300428,0.602461218825,0.633365146924,0.584515064953,0.663364504667,0.542174935059,90.0000061399,90.0000046332
0.666556468632,0.602795755551,0.633523259731,0.584884612609,0.663364504667,0.542174935059,90.0000061399,90.0000046332
0.66661778049,0.603129757753,0.633681413661,0.585253659952,0.663364504667,0.542174935059,90.0000061399,90.0000046332
0.666679235608,0.603463225211,0.633839608166,0.585622206314,0.663364504667,0.542174935059,90.0000061399,90.0000046332
0.666740833591,0.603796157706,0.633997842628,0.58599025111,0.663364504667,0.542174935059,90.0000061399,90.0000046332
0.666802574043,0.604128555017,0.634156116301,0.586357793891,0.663364504667,0.542174935059,90.0000061399,90.0000046332
0.666864456564,0.604460416928,0.634314428436,0.586724834207,0.663364504667,0.542174935059,90.0000061399,90.0000046332
0.666926480877,0.604791743086,0.634472778372,0.587091371518,0.663364504667,0.542174935059,90.0000061399,90.0000046332
0.666988646753,0.605122533084,0.634631165553,0.587457405167,0.663364504667,0.542174935059,90.0000061399,90.0000046332
0.667050953833,0.605452786656,0.634789589334,0.587822934593,0.663364504667,0.542174935059,90.0000061399,90.0000046332
0.66711340171,0.605782503589,0.63494804896,0.588187959355,0.663364504667,0.542174935059,90.0000061399,90.0000046332
0.667175989974,0.606111683673,0.635106543676,0.588552479009,0.663364504667,0.542174935059,90.0000061399,90.0000046332
0.667238718214,0.606440326698,0.63526507283,0.588916493003,0.663364504667,0.542174935059,90.0000061399,90.0000046332
0.667301586019,0.606768432449,0.635423635854,0.589280000691,0.663364504667,0.542174935059,90.0000061399,90.0000046332
0.667364593142,0.607096000534,0.635582232081,0.589643001536,0.663364504667,0.542174935059,90.0000061399,90.0000046332
0.667427739332,0.607423030565,0.635740860749,0.590005495101,0.663364504667,0.542174935059,90.0000061399,90.0000046332
0.667491024167,0.607749522335,0.635899521097,0.590367480948,0.663364504667,0.542174935059,90.0000061399,90.0000046332
0.667554447225,0.608075475644,0.636058212475,0.590728958522,0.663364504667,0.542174935059,90.0000061399,90.0000046332
0.66761800808,0.608400890288,0.636216934308,0.591089927183,0.663364504667,0.542174935059,90.0000061399,90.0000046332
0.667681706307,0.608725766067,0.636375685906,0.591450386416,0.663364504667,0.542174935059,90.0000061399,90.0000046332
0.667745541524,0.609050102727,0.636534466503,0.591810335789,0.663364504667,0.542174935059,90.0000061399,90.0000046332
0.667809513466,0.609373899888,0.63669327533,0.592169774869,0.663364504667,0.542174935059,90.0000061399,90.0000046332
0.667873621817,0.609697157226,0.636852111738,0.592528703101,0.663364504667,0.542174935059,90.0000061399,90.0000046332
0.667937866141,0.610019874545,0.63701097514,0.592887119854,0.663364504667,0.542174935059,90.0000061399,90.0000046332
0.668002246001,0.610342051651,0.637169864833,0.593245024629,0.663364504667,0.542174935059,90.0000061399,90.0000046332
0.668066760956,0.61066368835,0.637328780044,0.593602416999,0.663364504667,0.542174935059,90.0000061399,90.0000046332
0.668131410565,0.610984784451,0.637487719997,0.593959296537,0.663364504667,0.542174935059,90.0000061399,90.0000046332
0.66819619447,0.611305339672,0.637646684038,0.594315662692,0.663364504667,0.542174935059,90.0000061399,90.0000046332
0.668261112383,0.611625353647,0.637805671572,0.594671514842,0.663364504667,0.542174935059,90.0000061399,90.0000046332
0.668326163934,0.611944826105,0.637964681884,0.5950268525,0.663364504667,0.542174935059,90.0000061399,90.0000046332
0.668391348671,0.61226375686,0.638123714193,0.595381675243,0.663364504667,0.542174935059,90.0000061399,90.0000046332
0.668456666142,0.612582145728,0.638282767719,0.595735982653,0.663364504667,0.542174935059,90.0000061399,90.0000046332
0.668522115894,0.612899992524,0.638441841798,0.596089774184,0.663364504667,0.542174935059,90.0000061399,90.0000046332
0.668587697469,0.613217297066,0.638600935824,0.596443049229,0.663364504667,0.542174935059,90.0000061399,90.0000046332
0.66865341052,0.61353405905,0.638760049074,0.596795807304,0.663364504667,0.542174935059,90.0000061399,90.0000046332
0.668719254742,0.613850278127,0.638919180762,0.597148047996,0.663364504667,0.542174935059,90.0000061399,90.0000046332
0.668785229716,0.614165954072,0.639078330101,0.59749977089,0.663364504667,0.542174935059,90.0000061399,90.0000046332
0.668851334976,0.614481086708,0.639237496414,0.597850975454,0.663364504667,0.542174935059,90.0000061399,90.0000046332
0.668917570055,0.614795675858,0.639396679085,0.598201661091,0.663364504667,0.542174935059,90.0000061399,90.0000046332
0.668983934485,0.615109721349,0.639555877388,0.598551827322,0.663364504667,0.542174935059,90.0000061399,90.0000046332
0.669050427794,0.615423223005,0.639715090531,0.598901473736,0.663364504667,0.542174935059,90.0000061399,90.0000046332
0.66911704964,0.615736180515,0.63987431772,0.599250599927,0.663364504667,0.542174935059,90.0000061399,90.0000046332
0.669183799695,0.616048593544,0.640033558262,0.59959920538,0.663364504667,0.542174935059,90.0000061399,90.0000046332
0.669250677503,0.616360461902,0.640192811533,0.599947289506,0.663364504667,0.542174935059,90.0000061399,90.0000046332
0.669317682584,0.616671785422,0.640352076807,0.600294851824,0.663364504667,0.542174935059,90.0000061399,90.0000046332
0.669384814456,0.616982563938,0.640511353284,0.600641891933,0.663364504667,0.542174935059,90.0000061399,90.0000046332
0.669452072635,0.617292797283,0.640670640167,0.600988409429,0.663364504667,0.542174935059,90.0000061399,90.0000046332
0.669519456636,0.617602485294,0.640829936742,0.60133440382,0.663364504667,0.542174935059,90.0000061399,90.0000046332
0.669586966112,0.617911627655,0.640989242375,0.601679874525,0.663364504667,0.542174935059,90.0000061399,90.0000046332
0.669654600718,0.618220224048,0.641148556345,0.60202482106,0.663364504667,0.542174935059,90.0000061399,90.0000046332
0.669722359965,0.618528274311,0.641307877847,0.602369243029,0.663364504667,0.542174935059,90.0000061399,90.0000046332
0.669790243357,0.618835778285,0.641467206076,0.602713140034,0.663364504667,0.542174935059,90.0000061399,90.0000046332
0.6698582504,0.619142735814,0.641626540296,0.603056511608,0.663364504667,0.542174935059,90.0000061399,90.0000046332
0.669926380595,0.619449146742,0.641785879864,0.60339935718,0.663364504667,0.542174935059,90.0000061399,90.0000046332
0.669994633446,0.619755010907,0.641945224066,0.603741676257,0.663364504667,0.542174935059,90.0000061399,90.0000046332
0.670063008595,0.620060328005,0.642104572092,0.604083468449,0.663364504667,0.542174935059,90.0000061399,90.0000046332
0.670131505673,0.620365097734,0.642263923132,0.604424733366,0.663364504667,0.542174935059,90.0000061399,90.0000046332
0.670200124174,0.620669319947,0.642423276422,0.604765470566,0.663364504667,0.542174935059,90.0000061399,90.0000046332
0.670268863587,0.620972994494,0.64258263131,0.605105679491,0.663364504667,0.542174935059,90.0000061399,90.0000046332
0.670337723402,0.62127612123,0.642741987094,0.605445359635,0.663364504667,0.542174935059,90.0000061399,90.0000046332
0.670406703107,0.621578700007,0.642901342958,0.605784510614,0.663364504667,0.542174935059,90.0000061399,90.0000046332
0.670475802195,0.621880730672,0.643060698086,0.606123132045,0.663364504667,0.542174935059,90.0000061399,90.0000046332
0.670545020287,0.622182212935,0.643220051684,0.606461223517,0.663364504667,0.542174935059,90.0000061399,90.0000046332
0.670614356992,0.622483146513,0.643379403092,0.606798784481,0.663364504667,0.542174935059,90.0000061399,90.0000046332
0.670683811791,0.622783531267,0.643538751622,0.607135814418,0.663364504667,0.542174935059,90.0000061399,90.0000046332
0.670753384158,0.623083367059,0.643698096453,0.607472312949,0.663364504667,0.542174935059,90.0000061399,90.0000046332
0.67082307357,0.623382653752,0.643857436761,0.607808279698,0.663364504667,0.542174935059,90.0000061399,90.0000046332
0.670892879499,0.623681391209,0.644016771724,0.608143714287,0.663364504667,0.542174935059,90.0000061399,90.0000046332
0.670962801419,0.623979579292,0.64417610067,0.60847861618,0.663364504667,0.542174935059,90.0000061399,90.0000046332
0.671032838931,0.624277217726,0.644335422928,0.608812984839,0.663364504667,0.542174935059,90.0000061399,90.0000046332
0.67110299163,0.624574306241,0.644494737671,0.609146819892,0.663364504667,0.542174935059,90.0000061399,90.0000046332
0.67117325898,0.624870844708,0.644654044072,0.609480120967,0.663364504667,0.542174935059,90.0000061399,90.0000046332
0.671243640443,0.625166832999,0.644813341301,0.609812887696,0.663364504667,0.542174935059,90.0000061399,90.0000046332
0.67131413548,0.625462270986,0.644972628649,0.610145119582,0.663364504667,0.542174935059,90.0000061399,90.0000046332
0.671384743549,0.625757158543,0.645131905435,0.610476816098,0.663364504667,0.542174935059,90.0000061399,90.0000046332
0.671455464107,0.626051495545,0.645291170858,0.610807976847,0.663364504667,0.542174935059,90.0000061399,90.0000046332
0.671526296729,0.626345281742,0.645450424083,0.611138601465,0.663364504667,0.542174935059,90.0000061399,90.0000046332
0.671597240991,0.626638516877,0.645609664276,0.611468689588,0.663364504667,0.542174935059,90.0000061399,90.0000046332
0.67166829635,0.626931200824,0.645768890686,0.611798240766,0.663364504667,0.542174935059,90.0000061399,90.0000046332
0.671739462255,0.627223333464,0.645928102624,0.612127254482,0.663364504667,0.542174935059,90.0000061399,90.0000046332
0.671810738152,0.627514914679,0.646087299315,0.61245573031,0.663364504667,0.542174935059,90.0000061399,90.0000046332
0.671882123486,0.627805944355,0.646246479919,0.612783667894,0.663364504667,0.542174935059,90.0000061399,90.0000046332
0.671953617699,0.628096422375,0.646405643597,0.613111066876,0.663364504667,0.542174935059,90.0000061399,90.0000046332
0.672025220331,0.628386348522,0.646564789554,0.613437926853,0.663364504667,0.542174935059,90.0000061399,90.0000046332
0.672096930941,0.628675722554,0.646723917091,0.61376424732,0.663364504667,0.542174935059,90.0000061399,90.0000046332
0.672168748989,0.628964544336,0.646883025464,0.61409002782,0.663364504667,0.542174935059,90.0000061399,90.0000046332
0.672240673909,0.629252813762,0.647042113828,0.614415268003,0.663364504667,0.542174935059,90.0000061399,90.0000046332
0.672312705132,0.629540530723,0.647201181337,0.614739967519,0.663364504667,0.542174935059,90.0000061399,90.0000046332
0.672384842089,0.629827695114,0.647360227151,0.615064126014,0.663364504667,0.542174935059,90.0000061399,90.0000046332
0.67245708421,0.630114306831,0.647519250563,0.615387742993,0.663364504667,0.542174935059,90.0000061399,90.0000046332
0.672529431001,0.630400365684,0.64767825086,0.615710817968,0.663364504667,0.542174935059,90.0000061399,90.0000046332
0.672601882019,0.630685871433,0.647837227192,0.616033350595,0.663364504667,0.542174935059,90.0000061399,90.0000046332
0.672674436734,0.630970823925,0.647996178709,0.616355340532,0.663364504667,0.542174935059,90.0000061399,90.0000046332
0.672747094566,0.631255223064,0.648155104559,0.616676787435,0.663364504667,0.542174935059,90.0000061399,90.0000046332
0.672819854933,0.631539068754,0.64831400399,0.616997690862,0.663364504667,0.542174935059,90.0000061399,90.0000046332
0.672892717253,0.631822360898,0.648472876283,0.617318050329,0.663364504667,0.542174935059,90.0000061399,90.0000046332
0.672965680938,0.632105099404,0.648631720623,0.617637865459,0.663364504667,0.542174935059,90.0000061399,90.0000046332
0.67303874545,0.632387284128,0.648790536155,0.617957135916,0.663364504667,0.542174935059,90.0000061399,90.0000046332
0.673111910322,0.632668914849,0.648949322021,0.618275861365,0.663364504667,0.542174935059,90.0000061399,90.0000046332
0.673185175041,0.632949991396,0.649108077415,0.61859404142,0.663364504667,0.542174935059,90.0000061399,90.0000046332
0.673258539011,0.633230513681,0.649266801612,0.61891167561,0.663364504667,0.542174935059,90.0000061399,90.0000046332
0.673332001638,0.63351048162,0.649425493834,0.619228763516,0.663364504667,0.542174935059,90.0000061399,90.0000046332
0.673405562323,0.633789895127,0.649584153222,0.619545304809,0.663364504667,0.542174935059,90.0000061399,90.0000046332
0.673479220468,0.63406875412,0.649742778914,0.619861299163,0.663364504667,0.542174935059,90.0000061399,90.0000046332
0.67355297548,0.634347058509,0.649901370049,0.620176746248,0.663364504667,0.542174935059,90.0000061399,90.0000046332
0.673626826871,0.634624808089,0.650059925892,0.620491645606,0.663364504667,0.542174935059,90.0000061399,90.0000046332
0.673700774144,0.634902002669,0.650218445708,0.620805996777,0.663364504667,0.542174935059,90.0000061399,90.0000046332
0.673774816692,0.635178642172,0.650376928632,0.621119799439,0.663364504667,0.542174935059,90.0000061399,90.0000046332
0.673848953904,0.635454726524,0.650535373798,0.621433053271,0.663364504667,0.542174935059,90.0000061399,90.0000046332
0.673923185169,0.635730255651,0.65069378034,0.621745757953,0.663364504667,0.542174935059,90.0000061399,90.0000046332
0.673997509876,0.636005229481,0.650852147463,0.62205791309,0.663364504667,0.542174935059,90.0000061399,90.0000046332
0.674071927408,0.636279647943,0.651010474424,0.622369518234,0.663364504667,0.542174935059,90.0000061399,90.0000046332
0.674146437225,0.636553510887,0.651168760404,0.622680573014,0.663364504667,0.542174935059,90.0000061399,90.0000046332
0.674221038815,0.636826818133,0.651327004534,0.622991077118,0.663364504667,0.542174935059,90.0000061399,90.0000046332
0.674295731589,0.63709956958,0.651485205942,0.623301030233,0.663364504667,0.542174935059,90.0000061399,90.0000046332
0.674370514924,0.637371765166,0.651643363773,0.623610432029,0.663364504667,0.542174935059,90.0000061399,90.0000046332
0.674445388195,0.637643404827,0.651801477275,0.623919282069,0.663364504667,0.542174935059,90.0000061399,90.0000046332
0.674520350776,0.637914488502,0.651959545681,0.624227579934,0.663364504667,0.542174935059,90.0000061399,90.0000046332
0.674595402039,0.638185016131,0.652117568114,0.624535325317,0.663364504667,0.542174935059,90.0000061399,90.0000046332
0.674670541379,0.638454987627,0.652275543699,0.624842517913,0.663364504667,0.542174935059,90.0000061399,90.0000046332
0.674745768265,0.63872440283,0.65243347156,0.625149157418,0.663364504667,0.542174935059,90.0000061399,90.0000046332
0.674821082134,0.638993261607,0.652591350896,0.625455243447,0.663364504667,0.542174935059,90.0000061399,90.0000046332
0.674896482349,0.639261563906,0.652749180948,0.625760775575,0.663364504667,0.542174935059,90.0000061399,90.0000046332
0.674971968273,0.639529309675,0.652906960877,0.62606575346,0.663364504667,0.542174935059,90.0000061399,90.0000046332
0.675047539265,0.639796498864,0.653064689803,0.626370176803,0.663364504667,0.542174935059,90.0000061399,90.0000046332
0.675123194685,0.640063131424,0.653222366846,0.626674045307,0.663364504667,0.542174935059,90.0000061399,90.0000046332
0.67519893389,0.640329207305,0.653379991138,0.626977358661,0.663364504667,0.542174935059,90.0000061399,90.0000046332
0.675274756303,0.640594726391,0.653537561912,0.627280116451,0.663364504667,0.542174935059,90.0000061399,90.0000046332
0.675350661368,0.64085968854,0.653695078383,0.627582318281,0.663364504667,0.542174935059,90.0000061399,90.0000046332
0.675426648457,0.641124093688,0.653852539666,0.627883963858,0.663364504667,0.542174935059,90.0000061399,90.0000046332
0.675502716919,0.641387941794,0.654009944878,0.628185052894,0.663364504667,0.542174935059,90.0000061399,90.0000046332
0.675578866101,0.64165123282,0.654167293131,0.6284855851,0.663364504667,0.542174935059,90.0000061399,90.0000046332
0.675655095349,0.641913966726,0.654324583602,0.628785560123,0.663364504667,0.542174935059,90.0000061399,90.0000046332
0.675731404006,0.642176143475,0.654481815514,0.629084977564,0.663364504667,0.542174935059,90.0000061399,90.0000046332
0.675807791432,0.642437763017,0.654638988026,0.629383837087,0.663364504667,0.542174935059,90.0000061399,90.0000046332
0.675884257051,0.642698825226,0.654796100248,0.629682138412,0.663364504667,0.542174935059,90.0000061399,90.0000046332
0.675960800273,0.642959329999,0.65495315129,0.629979881257,0.663364504667,0.542174935059,90.0000061399,90.0000046332
0.676037420432,0.643219277305,0.655110140262,0.630277065342,0.663364504667,0.542174935059,90.0000061399,90.0000046332
0.676114116863,0.643478667116,0.655267066374,0.630573690281,0.663364504667,0.542174935059,90.0000061399,90.0000046332
0.676190888898,0.643737499405,0.655423928842,0.630869755688,0.663364504667,0.542174935059,90.0000061399,90.0000046332
0.676267735869,0.643995774147,0.655580726774,0.631165261284,0.663364504667,0.542174935059,90.0000061399,90.0000046332
0.676344657106,0.644253491317,0.655737459277,0.631460206796,0.663364504667,0.542174935059,90.0000061399,90.0000046332
0.67642165198,0.644510650846,0.655894125456,0.63175459195,0.663364504667,0.542174935059,90.0000061399,90.0000046332
0.676498719901,0.644767252626,0.65605072445,0.632048416442,0.663364504667,0.542174935059,90.0000061399,90.0000046332
0.676575860231,0.645023296597,0.656207255463,0.632341679895,0.663364504667,0.542174935059,90.0000061399,90.0000046332
0.67665307229,0.645278782742,0.656363717669,0.632634381971,0.663364504667,0.542174935059,90.0000061399,90.0000046332
0.6767303554,0.645533711047,0.656520110168,0.632926522403,0.663364504667,0.542174935059,90.0000061399,90.0000046332
0.676807708877,0.645788081497,0.656676432064,0.633218100926,0.663364504667,0.542174935059,90.0000061399,90.0000046332
0.676885132041,0.646041894078,0.656832682456,0.633509117277,0.663364504667,0.542174935059,90.0000061399,90.0000046332
0.676962624205,0.646295148779,0.656988860509,0.633799571127,0.663364504667,0.542174935059,90.0000061399,90.0000046332
0.677040184744,0.646547845527,0.657144965422,0.634089462111,0.663364504667,0.542174935059,90.0000061399,90.0000046332
0.677117813043,0.646799984236,0.657300996331,0.634378789935,0.663364504667,0.542174935059,90.0000061399,90.0000046332
0.677195508426,0.647051564886,0.657456952331,0.63466755434,0.663364504667,0.542174935059,90.0000061399,90.0000046332
0.677273270201,0.647302587471,0.657612832522,0.634955755071,0.663364504667,0.542174935059,90.0000061399,90.0000046332
0.677351097674,0.64755305199,0.657768635999,0.635243391873,0.663364504667,0.542174935059,90.0000061399,90.0000046332
0.677428990148,0.64780295844,0.657924361947,0.635530464401,0.663364504667,0.542174935059,90.0000061399,90.0000046332
0.677506946928,0.648052306821,0.658080009556,0.635816972305,0.663364504667,0.542174935059,90.0000061399,90.0000046332
0.677584967314,0.648301097134,0.658235577929,0.636102915327,0.663364504667,0.542174935059,90.0000061399,90.0000046332
0.677663050678,0.648549329308,0.658391066161,0.636388293218,0.663364504667,0.542174935059,90.0000061399,90.0000046332
0.677741196389,0.648797003273,0.658546473344,0.63667310573,0.663364504667,0.542174935059,90.0000061399,90.0000046332
0.677819403742,0.649044119036,0.658701798584,0.636957352606,0.663364504667,0.542174935059,90.0000061399,90.0000046332
0.677897672032,0.649290676604,0.658857041063,0.637241033506,0.663364504667,0.542174935059,90.0000061399,90.0000046332
0.67797600055,0.649536675988,0.659012199952,0.637524148106,0.663364504667,0.542174935059,90.0000061399,90.0000046332
0.678054388588,0.6497821172,0.659167274343,0.637806696166,0.663364504667,0.542174935059,90.0000061399,90.0000046332
0.678132835434,0.650027000251,0.659322263324,0.638088677446,0.663364504667,0.542174935059,90.0000061399,90.0000046332
0.678211340382,0.65027132515,0.659477165985,0.638370091707,0.663364504667,0.542174935059,90.0000061399,90.0000046332
0.678289902784,0.650515091847,0.659631981441,0.638650938687,0.663364504667,0.542174935059,90.0000061399,90.0000046332
0.678368521981,0.650758300296,0.659786708867,0.63893121806,0.663364504667,0.542174935059,90.0000061399,90.0000046332
0.678447197254,0.65100095052,0.659941347412,0.63921092953,0.663364504667,0.542174935059,90.0000061399,90.0000046332
0.678525927885,0.651243042539,0.660095896162,0.639490072865,0.663364504667,0.542174935059,90.0000061399,90.0000046332
0.678604713152,0.651484576376,0.660250354202,0.639768647837,0.663364504667,0.542174935059,90.0000061399,90.0000046332
0.678683552331,0.651725552057,0.660404720618,0.640046654215,0.663364504667,0.542174935059,90.0000061399,90.0000046332
0.678762444701,0.651965969605,0.660558994532,0.640324091736,0.663364504667,0.542174935059,90.0000061399,90.0000046332
0.678841389539,0.652205829044,0.660713175112,0.640600960086,0.663364504667,0.542174935059,90.0000061399,90.0000046332
0.67892038618,0.652445130339,0.66086726149,0.640877258993,0.663364504667,0.542174935059,90.0000061399,90.0000046332
0.678999433946,0.652683873466,0.661021252747,0.641152988234,0.663364504667,0.542174935059,90.0000061399,90.0000046332
0.679078532107,0.652922058458,0.661175147967,0.641428147588,0.663364504667,0.542174935059,90.0000061399,90.0000046332
0.679157679929,0.653159685351,0.661328946232,0.641702736836,0.663364504667,0.542174935059,90.0000061399,90.0000046332
0.679236876679,0.653396754179,0.661482646669,0.641976755712,0.663364504667,0.542174935059,90.0000061399,90.0000046332
0.679316121619,0.653633264981,0.661636248447,0.642250203909,0.663364504667,0.542174935059,90.0000061399,90.0000046332
0.679395414014,0.653869217796,0.661789750693,0.642523081165,0.663364504667,0.542174935059,90.0000061399,90.0000046332
0.679474753125,0.654104612663,0.661943152484,0.642795387268,0.663364504667,0.542174935059,90.0000061399,90.0000046332
0.679554138264,0.654339449571,0.662096452901,0.643067122006,0.663364504667,0.542174935059,90.0000061399,90.0000046332
0.679633568738,0.654573728511,0.662249651022,0.64333828517,0.663364504667,0.542174935059,90.0000061399,90.0000046332
0.679713043804,0.654807449529,0.662402745968,0.643608876503,0.663364504667,0.542174935059,90.0000061399,90.0000046332
0.679792562716,0.655040612675,0.662555736904,0.643878895714,0.663364504667,0.542174935059,90.0000061399,90.0000046332
0.679872124727,0.655273217996,0.662708622945,0.644148342554,0.663364504667,0.542174935059,90.0000061399,90.0000046332
0.679951729087,0.655505265544,0.662861403168,0.64441721682,0.663364504667,0.542174935059,90.0000061399,90.0000046332
0.680031375048,0.655736755371,0.663014076648,0.644685518311,0.663364504667,0.542174935059,90.0000061399,90.0000046332
0.680111061858,0.65596768753,0.663166642461,0.644953246825,0.663364504667,0.542174935059,90.0000061399,90.0000046332
0.680190788801,0.656198062037,0.66331909972,0.645220402125,0.663364504667,0.542174935059,90.0000061399,90.0000046332
0.680270555169,0.656427878905,0.663471447579,0.645486983931,0.663364504667,0.542174935059,90.0000061399,90.0000046332
0.680350360211,0.656657138183,0.663623685151,0.645752992007,0.663364504667,0.542174935059,90.0000061399,90.0000046332
0.68043020317,0.656885839932,0.663775811509,0.646018426158,0.663364504667,0.542174935059,90.0000061399,90.0000046332
0.680510083286,0.657113984217,0.663927825726,0.646283286193,0.663364504667,0.542174935059,90.0000061399,90.0000046332
0.680589999798,0.6573415711,0.664079726874,0.646547571919,0.663364504667,0.542174935059,90.0000061399,90.0000046332
0.680669951944,0.657568600647,0.664231514054,0.646811283119,0.663364504667,0.542174935059,90.0000061399,90.0000046332
0.680749938961,0.657795072924,0.664383186409,0.64707441953,0.663364504667,0.542174935059,90.0000061399,90.0000046332
0.680829960101,0.658020987981,0.664534743055,0.64733698092,0.663364504667,0.542174935059,90.0000061399,90.0000046332
0.680910014634,0.658246345851,0.664686183062,0.647598967105,0.663364504667,0.542174935059,90.0000061399,90.0000046332
0.680990101808,0.658471146591,0.664837505499,0.647860377902,0.663364504667,0.542174935059,90.0000061399,90.0000046332
0.681070220853,0.658695390274,0.664988709435,0.64812121313,0.663364504667,0.542174935059,90.0000061399,90.0000046332
0.681150370995,0.658919076976,0.665139793956,0.648381472593,0.663364504667,0.542174935059,90.0000061399,90.0000046332
0.681230551463,0.659142206776,0.665290758197,0.648641156044,0.663364504667,0.542174935059,90.0000061399,90.0000046332
0.681310761482,0.659364779751,0.665441601277,0.648900263254,0.663364504667,0.542174935059,90.0000061399,90.0000046332
0.681391000277,0.659586795981,0.665592322263,0.649158794049,0.663364504667,0.542174935059,90.0000061399,90.0000046332
0.681471267073,0.659808255546,0.665742920221,0.649416748256,0.663364504667,0.542174935059,90.0000061399,90.0000046332
0.681551561118,0.660029158503,0.66589339422,0.649674125702,0.663364504667,0.542174935059,90.0000061399,90.0000046332
0.681631881653,0.660249504914,0.666043743327,0.649930926217,0.663364504667,0.542174935059,90.0000061399,90.0000046332
0.681712227897,0.660469294869,0.666193966668,0.65018714957,0.663364504667,0.542174935059,90.0000061399,90.0000046332
0.681792599064,0.660688528456,0.666344063369,0.650442795531,0.663364504667,0.542174935059,90.0000061399,90.0000046332
0.681872994371,0.660907205767,0.666494032496,0.650697863937,0.663364504667,0.542174935059,90.0000061399,90.0000046332
0.681953413032,0.661125326892,0.666643873112,0.650952354622,0.663364504667,0.542174935059,90.0000061399,90.0000046332
0.68203385426,0.661342891926,0.666793584283,0.651206267426,0.663364504667,0.542174935059,90.0000061399,90.0000046332
0.682114317267,0.661559900963,0.666943165073,0.651459602187,0.663364504667,0.542174935059,90.0000061399,90.0000046332
0.682194801271,0.661776354093,0.667092614588,0.651712358704,0.663364504667,0.542174935059,90.0000061399,90.0000046332
0.682275305492,0.661992251401,0.667241931947,0.65196453676,0.663364504667,0.542174935059,90.0000061399,90.0000046332
0.682355829143,0.662207592984,0.667391116231,0.652216136185,0.663364504667,0.542174935059,90.0000061399,90.0000046332
0.682436371429,0.662422378943,0.6675401665,0.652467156824,0.663364504667,0.542174935059,90.0000061399,90.0000046332
0.682516931553,0.662636609384,0.667689081818,0.652717598524,0.663364504667,0.542174935059,90.0000061399,90.0000046332
0.682597508719,0.662850284411,0.667837861247,0.652967461135,0.663364504667,0.542174935059,90.0000061399,90.0000046332
0.682678102129,0.663063404132,0.66798650387,0.653216744486,0.663364504667,0.542174935059,90.0000061399,90.0000046332
0.682758710984,0.663275968654,0.668135008803,0.653465448374,0.663364504667,0.542174935059,90.0000061399,90.0000046332
0.682839334484,0.663487978086,0.668283375142,0.653713572615,0.663364504667,0.542174935059,90.0000061399,90.0000046332
0.682919971826,0.663699432543,0.668431601948,0.653961117067,0.663364504667,0.542174935059,90.0000061399,90.0000046332
0.683000622202,0.66391033214,0.66857968828,0.654208081586,0.663364504667,0.542174935059,90.0000061399,90.0000046332
0.683081284808,0.664120676994,0.668727633201,0.654454466031,0.663364504667,0.542174935059,90.0000061399,90.0000046332
0.683161958836,0.664330467223,0.668875435769,0.654700270263,0.663364504667,0.542174935059,90.0000061399,90.0000046332
0.683242643478,0.664539702946,0.669023095091,0.654945494095,0.663364504667,0.542174935059,90.0000061399,90.0000046332
0.683323337928,0.664748384281,0.669170610276,0.655190137342,0.663364504667,0.542174935059,90.0000061399,90.0000046332
0.683404041374,0.664956511351,0.669317980384,0.655434199865,0.663364504667,0.542174935059,90.0000061399,90.0000046332
0.683484753006,0.665164084278,0.669465204476,0.655677681533,0.663364504667,0.542174935059,90.0000061399,90.0000046332
0.683565472013,0.665371103188,0.669612281609,0.655920582213,0.663364504667,0.542174935059,90.0000061399,90.0000046332
0.68364619756,0.665577568226,0.669759210842,0.656162901776,0.663364504667,0.542174935059,90.0000061399,90.0000046332
0.683726928815,0.665783479541,0.669905991255,0.656404640071,0.663364504667,0.542174935059,90.0000061399,90.0000046332
0.683807664961,0.665988837262,0.670052621952,0.656645796924,0.663364504667,0.542174935059,90.0000061399,90.0000046332
0.683888405179,0.666193641522,0.670199102018,0.656886372184,0.663364504667,0.542174935059,90.0000061399,90.0000046332
0.683969148652,0.666397892454,0.670345430509,0.657126365727,0.663364504667,0.542174935059,90.0000061399,90.0000046332
0.684049894561,0.666601590192,0.670491606482,0.657365777431,0.663364504667,0.542174935059,90.0000061399,90.0000046332
0.684130642084,0.666804734872,0.670637628996,0.657604607177,0.663364504667,0.542174935059,90.0000061399,90.0000046332
0.684211390401,0.667007326631,0.670783497106,0.657842854846,0.663364504667,0.542174935059,90.0000061399,90.0000046332
0.684292138685,0.667209365612,0.670929209906,0.658080520283,0.663364504667,0.542174935059,90.0000061399,90.0000046332
0.684372886075,0.667410851994,0.671074766493,0.658317603332,0.663364504667,0.542174935059,90.0000061399,90.0000046332
0.684453631711,0.667611785954,0.67122016593,0.658554103873,0.663364504667,0.542174935059,90.0000061399,90.0000046332
0.684534374767,0.667812167637,0.671365407272,0.658790021795,0.663364504667,0.542174935059,90.0000061399,90.0000046332
0.684615114416,0.668011997189,0.671510489576,0.659025356987,0.663364504667,0.542174935059,90.0000061399,90.0000046332
0.684695849827,0.668211274756,0.671655411897,0.659260109339,0.663364504667,0.542174935059,90.0000061399,90.0000046332
0.684776580172,0.668410000489,0.671800173298,0.659494278739,0.663364504667,0.542174935059,90.0000061399,90.0000046332
0.684857304621,0.668608174535,0.671944772873,0.659727865041,0.663364504667,0.542174935059,90.0000061399,90.0000046332
0.684938022342,0.668805797048,0.672089209708,0.659960868109,0.663364504667,0.542174935059,90.0000061399,90.0000046332
0.685018732502,0.66900286818,0.672233482858,0.660193287843,0.663364504667,0.542174935059,90.0000061399,90.0000046332
0.68509943424,0.669199388116,0.672377591378,0.660425124141,0.663364504667,0.542174935059,90.0000061399,90.0000046332
0.68518012669,0.669395357042,0.672521534322,0.660656376906,0.663364504667,0.542174935059,90.0000061399,90.0000046332
0.685260809016,0.669590775117,0.672665310746,0.66088704604,0.663364504667,0.542174935059,90.0000061399,90.0000046332
0.685341480379,0.669785642502,0.672808919718,0.661117131432,0.663364504667,0.542174935059,90.0000061399,90.0000046332
0.685422139942,0.669979959359,0.672952360325,0.661346632955,0.663364504667,0.542174935059,90.0000061399,90.0000046332
0.685502786863,0.670173725851,0.673095631641,0.661575550499,0.663364504667,0.542174935059,90.0000061399,90.0000046332
0.685583420305,0.670366942143,0.673238732719,0.661803883973,0.663364504667,0.542174935059,90.0000061399,90.0000046332
0.685664039424,0.6705596084,0.673381662612,0.662031633289,0.663364504667,0.542174935059,90.0000061399,90.0000046332
0.68574464338,0.670751724791,0.673524420376,0.662258798359,0.663364504667,0.542174935059,90.0000061399,90.0000046332
0.685825231492,0.670943291317,0.673667005065,0.662485379097,0.663364504667,0.542174935059,90.0000061399,90.0000046332
0.685905803127,0.671134307933,0.673809415748,0.662711375403,0.663364504667,0.542174935059,90.0000061399,90.0000046332
0.685986357485,0.671324774768,0.673951651509,0.662936787164,0.663364504667,0.542174935059,90.0000061399,90.0000046332
0.686066893711,0.671514692002,0.674093711413,0.663161614288,0.663364504667,0.542174935059,90.0000061399,90.0000046332
0.686147410953,0.671704059819,0.674235594512,0.663385856698,0.663364504667,0.542174935059,90.0000061399,90.0000046332
0.686227908355,0.671892878402,0.674377299861,0.663609514316,0.663364504667,0.542174935059,90.0000061399,90.0000046332
0.686308385061,0.672081147936,0.674518826512,0.663832587065,0.663364504667,0.542174935059,90.0000061399,90.0000046332
0.686388840217,0.672268868609,0.674660173521,0.664055074872,0.663364504667,0.542174935059,90.0000061399,90.0000046332
0.686469272964,0.672456040608,0.674801339954,0.664276977649,0.663364504667,0.542174935059,90.0000061399,90.0000046332
0.686549682415,0.672642664155,0.674942324888,0.664498295304,0.663364504667,0.542174935059,90.0000061399,90.0000046332
0.68663006761,0.672828739543,0.675083127382,0.66471902776,0.663364504667,0.542174935059,90.0000061399,90.0000046332
0.686710427618,0.673014267038,0.67522374649,0.664939174949,0.663364504667,0.542174935059,90.0000061399,90.0000046332
0.68679076158,0.673199246833,0.675364181265,0.665158736807,0.663364504667,0.542174935059,90.0000061399,90.0000046332
0.686871068632,0.673383679126,0.675504430761,0.665377713269,0.663364504667,0.542174935059,90.0000061399,90.0000046332
0.686951347912,0.673567564114,0.675644494031,0.665596104272,0.663364504667,0.542174935059,90.0000061399,90.0000046332
0.687031598558,0.673750901995,0.675784370139,0.665813909745,0.663364504667,0.542174935059,90.0000061399,90.0000046332
0.687111819706,0.673933692969,0.675924058152,0.666031129615,0.663364504667,0.542174935059,90.0000061399,90.0000046332
0.687192010491,0.674115937239,0.67606355713,0.666247763819,0.663364504667,0.542174935059,90.0000061399,90.0000046332
0.687272170049,0.674297635006,0.676202866125,0.666463812301,0.663364504667,0.542174935059,90.0000061399,90.0000046332
0.687352297391,0.674478786599,0.676341984191,0.666679275006,0.663364504667,0.542174935059,90.0000061399,90.0000046332
0.687432391471,0.674659392408,0.676480910382,0.666894151883,0.663364504667,0.542174935059,90.0000061399,90.0000046332
0.687512451364,0.674839452698,0.676619643751,0.667108442879,0.663364504667,0.542174935059,90.0000061399,90.0000046332
0.687592476203,0.675018967678,0.676758183357,0.667322147941,0.663364504667,0.542174935059,90.0000061399,90.0000046332
0.687672465118,0.675197937557,0.67689652826,0.667535267017,0.663364504667,0.542174935059,90.0000061399,90.0000046332
0.687752417243,0.675376362544,0.677034677515,0.667747800055,0.663364504667,0.542174935059,90.0000061399,90.0000046332
0.687832331708,0.675554242852,0.677172630178,0.667959747013,0.663364504667,0.542174935059,90.0000061399,90.0000046332
0.687912207643,0.675731578694,0.677310385301,0.668171107848,0.663364504667,0.542174935059,90.0000061399,90.0000046332
0.687992044179,0.675908370284,0.67744794194,0.668381882518,0.663364504667,0.542174935059,90.0000061399,90.0000046332
0.688071840445,0.676084617837,0.677585299149,0.668592070983,0.663364504667,0.542174935059,90.0000061399,90.0000046332
0.688151595412,0.67626032173,0.677722455984,0.668801673205,0.663364504667,0.542174935059,90.0000061399,90.0000046332
0.688231308021,0.676435482373,0.677859411494,0.669010689152,0.663364504667,0.542174935059,90.0000061399,90.0000046332
0.688310977369,0.676610100017,0.677996164732,0.669219118791,0.663364504667,0.542174935059,90.0000061399,90.0000046332
0.688390602581,0.676784174883,0.678132714753,0.66942696209,0.663364504667,0.542174935059,90.0000061399,90.0000046332
0.688470182787,0.676957707192,0.67826906061,0.669634219018,0.663364504667,0.542174935059,90.0000061399,90.0000046332
0.688549717111,0.677130697168,0.678405201361,0.669840889546,0.663364504667,0.542174935059,90.0000061399,90.0000046332
0.68862920468,0.677303145034,0.67854113606,0.670046973643,0.663364504667,0.542174935059,90.0000061399,90.0000046332
0.688708644619,0.677475051018,0.678676863763,0.670252471283,0.663364504667,0.542174935059,90.0000061399,90.0000046332
0.688788036054,0.677646415346,0.678812383518,0.670457382451,0.663364504667,0.542174935059,90.0000061399,90.0000046332
0.688867378108,0.677817238245,0.678947694363,0.67066170714,0.663364504667,0.542174935059,90.0000061399,90.0000046332
0.688946669758,0.677987520098,0.679082795352,0.670865445331,0.663364504667,0.542174935059,90.0000061399,90.0000046332
0.689025909932,0.678157261332,0.679217685541,0.671068597004,0.663364504667,0.542174935059,90.0000061399,90.0000046332
0.68910509771,0.678326462223,0.679352363986,0.671271162141,0.663364504667,0.542174935059,90.0000061399,90.0000046332
0.689184232215,0.678495123007,0.679486829747,0.671473140724,0.663364504667,0.542174935059,90.0000061399,90.0000046332
0.689263312568,0.678663243916,0.679621081879,0.671674532737,0.663364504667,0.542174935059,90.0000061399,90.0000046332
0.689342337892,0.678830825188,0.679755119436,0.671875338171,0.663364504667,0.542174935059,90.0000061399,90.0000046332
0.689421307309,0.678997867058,0.679888941449,0.672075557041,0.663364504667,0.542174935059,90.0000061399,90.0000046332
0.68950021994,0.679164369767,0.680022546955,0.672275189357,0.663364504667,0.542174935059,90.0000061399,90.0000046332
0.689579074904,0.679330333553,0.680155935013,0.672474235109,0.663364504667,0.542174935059,90.0000061399,90.0000046332
0.689657871324,0.679495758657,0.680289104682,0.67267269429,0.663364504667,0.542174935059,90.0000061399,90.0000046332
0.689736608229,0.679660645414,0.680422055021,0.672870566894,0.663364504667,0.542174935059,90.0000061399,90.0000046332
0.68981528454,0.679824994268,0.68055478509,0.673067852915,0.663364504667,0.542174935059,90.0000061399,90.0000046332
0.689893899271,0.679988805571,0.68068729395,0.673264552349,0.663364504667,0.542174935059,90.0000061399,90.0000046332
0.68997245154,0.68015207957,0.68081958065,0.673460665207,0.663364504667,0.542174935059,90.0000061399,90.0000046332
0.690050940468,0.680314816511,0.680951644228,0.67365619151,0.663364504667,0.542174935059,90.0000061399,90.0000046332
0.690129365171,0.680477016644,0.681083483737,0.673851131269,0.663364504667,0.542174935059,90.0000061399,90.0000046332
0.690207724769,0.680638680217,0.681215098237,0.674045484487,0.663364504667,0.542174935059,90.0000061399,90.0000046332
0.690286018378,0.680799807483,0.68134648679,0.67423925117,0.663364504667,0.542174935059,90.0000061399,90.0000046332
0.690364245117,0.680960398693,0.681477648458,0.674432431323,0.663364504667,0.542174935059,90.0000061399,90.0000046332
0.690442404102,0.681120454102,0.681608582304,0.674625024954,0.663364504667,0.542174935059,90.0000061399,90.0000046332
0.690520494451,0.681279973964,0.68173928739,0.674817032072,0.663364504667,0.542174935059,90.0000061399,90.0000046332
0.690598515102,0.681438958716,0.681869762889,0.675008452578,0.663364504667,0.542174935059,90.0000061399,90.0000046332
0.690676464973,0.681597408815,0.682000008,0.675199286348,0.663364504667,0.542174935059,90.0000061399,90.0000046332
0.690754343157,0.681755324545,0.682130021811,0.67538953337,0.663364504667,0.542174935059,90.0000061399,90.0000046332
0.69083214877,0.681912706165,0.682259803383,0.675579193665,0.663364504667,0.542174935059,90.0000061399,90.0000046332
0.690909880928,0.682069553935,0.682389351774,0.675768267257,0.663364504667,0.542174935059,90.0000061399,90.0000046332
0.690987538745,0.682225868119,0.682518666046,0.675956754168,0.663364504667,0.542174935059,90.0000061399,90.0000046332
0.691065121338,0.68238164898,0.682647745258,0.676144654423,0.663364504667,0.542174935059,90.0000061399,90.0000046332
0.69114262782,0.682536896784,0.682776588474,0.676331968049,0.663364504667,0.542174935059,90.0000061399,90.0000046332
0.691220057306,0.682691611796,0.682905194699,0.67651869513,0.663364504667,0.542174935059,90.0000061399,90.0000046332
0.691297408911,0.682845794285,0.683033562927,0.676704835764,0.663364504667,0.542174935059,90.0000061399,90.0000046332
0.691374681743,0.682999444525,0.68316169221,0.676890389995,0.663364504667,0.542174935059,90.0000061399,90.0000046332
0.691451874716,0.683152562987,0.683289581609,0.677075357857,0.663364504667,0.542174935059,90.0000061399,90.0000046332
0.691528986747,0.683305150143,0.68341723019,0.677259739382,0.663364504667,0.542174935059,90.0000061399,90.0000046332
0.691606016952,0.683457206263,0.683544637017,0.677443534606,0.663364504667,0.542174935059,90.0000061399,90.0000046332
0.691682964442,0.683608731623,0.683671801155,0.677626743566,0.663364504667,0.542174935059,90.0000061399,90.0000046332
0.691759828332,0.683759726496,0.68379872167,0.6778093663,0.663364504667,0.542174935059,90.0000061399,90.0000046332
0.691836607734,0.68391019116,0.683925397548,0.677991402931,0.663364504667,0.542174935059,90.0000061399,90.0000046332
0.691913301761,0.684060125891,0.684051827734,0.678172853621,0.663364504667,0.542174935059,90.0000061399,90.0000046332
0.691989909526,0.68420953097,0.684178011261,0.678353718447,0.663364504667,0.542174935059,90.0000061399,90.0000046332
0.69206643014,0.684358406676,0.684303947198,0.678533997455,0.663364504667,0.542174935059,90.0000061399,90.0000046332
0.692142862716,0.684506753292,0.684429634615,0.678713690686,0.663364504667,0.542174935059,90.0000061399,90.0000046332
0.692219206366,0.684654571099,0.684555072584,0.678892798188,0.663364504667,0.542174935059,90.0000061399,90.0000046332
0.692295460033,0.684801860554,0.684680260175,0.679071320007,0.663364504667,0.542174935059,90.0000061399,90.0000046332
0.692371622627,0.684948622145,0.684805196461,0.679249256192,0.663364504667,0.542174935059,90.0000061399,90.0000046332
0.692447693228,0.685094856191,0.684929880468,0.679426606839,0.663364504667,0.542174935059,90.0000061399,90.0000046332
0.692523670949,0.685240562979,0.685054311145,0.679603372126,0.663364504667,0.542174935059,90.0000061399,90.0000046332
0.6925995549,0.685385742798,0.68517848749,0.679779552181,0.663364504667,0.542174935059,90.0000061399,90.0000046332
0.692675344194,0.685530395938,0.685302408578,0.679955147059,0.663364504667,0.542174935059,90.0000061399,90.0000046332
0.692751037942,0.685674522691,0.685426073487,0.680130156813,0.663364504667,0.542174935059,90.0000061399,90.0000046332
0.692826635254,0.685818123351,0.685549481294,0.680304581498,0.663364504667,0.542174935059,90.0000061399,90.0000046332
0.692902135243,0.68596119821,0.685672631077,0.680478421173,0.663364504667,0.542174935059,90.0000061399,90.0000046332
0.692977537018,0.686103747565,0.685795521916,0.680651675896,0.663364504667,0.542174935059,90.0000061399,90.0000046332
0.693052839691,0.686245771712,0.685918152889,0.680824345725,0.663364504667,0.542174935059,90.0000061399,90.0000046332
0.693128042312,0.686387271012,0.686040522966,0.680996430837,0.663364504667,0.542174935059,90.0000061399,90.0000046332
0.693203143791,0.686528245966,0.686162631101,0.68116793142,0.663364504667,0.542174935059,90.0000061399,90.0000046332
0.6932781431,0.686668697014,0.68628447636,0.681338847555,0.663364504667,0.542174935059,90.0000061399,90.0000046332
0.69335303935,0.686808624458,0.686406057828,0.681509179305,0.663364504667,0.542174935059,90.0000061399,90.0000046332
0.693427831653,0.6869480286,0.686527374588,0.681678926736,0.663364504667,0.542174935059,90.0000061399,90.0000046332
0.69350251912,0.687086909745,0.686648425727,0.681848089917,0.663364504667,0.542174935059,90.0000061399,90.0000046332
0.69357710086,0.687225268197,0.686769210329,0.682016668914,0.663364504667,0.542174935059,90.0000061399,90.0000046332
0.693651575986,0.687363104264,0.686889727483,0.682184663799,0.663364504667,0.542174935059,90.0000061399,90.0000046332
0.693725943607,0.687500418253,0.687009976255,0.682352074664,0.663364504667,0.542174935059,90.0000061399,90.0000046332
0.693800202833,0.687637210475,0.687129955603,0.682518901711,0.663364504667,0.542174935059,90.0000061399,90.0000046332
0.693874352776,0.68777348124,0.68724966451,0.682685145123,0.663364504667,0.542174935059,90.0000061399,90.0000046332
0.693948392546,0.687909230859,0.687369102066,0.682850804976,0.663364504667,0.542174935059,90.0000061399,90.0000046332
0.694022321179,0.688044459722,0.687488267363,0.683015881345,0.663364504667,0.542174935059,90.0000061399,90.0000046332
0.694096137588,0.688179168342,0.687607159494,0.683180374307,0.663364504667,0.542174935059,90.0000061399,90.0000046332
0.694169840762,0.688313357158,0.687725777552,0.683344283942,0.663364504667,0.542174935059,90.0000061399,90.0000046332
0.69424342981,0.688447026487,0.687844120631,0.683507610329,0.663364504667,0.542174935059,90.0000061399,90.0000046332
0.694316903845,0.688580176647,0.687962187828,0.68367035355,0.663364504667,0.542174935059,90.0000061399,90.0000046332
0.694390261977,0.688712807957,0.688079978209,0.683832513715,0.663364504667,0.542174935059,90.0000061399,90.0000046332
0.694463503317,0.688844920737,0.688197490742,0.683994091041,0.663364504667,0.542174935059,90.0000061399,90.0000046332
0.694536626977,0.68897651531,0.688314724422,0.684155085715,0.663364504667,0.542174935059,90.0000061399,90.0000046332
0.694609632066,0.689107591999,0.68843167835,0.684315497823,0.663364504667,0.542174935059,90.0000061399,90.0000046332
0.694682517696,0.689238151128,0.688548351625,0.684475327454,0.663364504667,0.542174935059,90.0000061399,90.0000046332
0.694755282978,0.689368193024,0.688664743349,0.684634574695,0.663364504667,0.542174935059,90.0000061399,90.0000046332
0.694827927022,0.689497718014,0.688780852624,0.684793239637,0.663364504667,0.542174935059,90.0000061399,90.0000046332
0.694900448939,0.689626726426,0.688896678553,0.684951322371,0.663364504667,0.542174935059,90.0000061399,90.0000046332
0.694972847648,0.689755218786,0.68901222024,0.685108822991,0.663364504667,0.542174935059,90.0000061399,90.0000046332
0.695045122067,0.689883195619,0.689127476789,0.685265741593,0.663364504667,0.542174935059,90.0000061399,90.0000046332
0.695117271307,0.690010657255,0.689242447174,0.685422078404,0.663364504667,0.542174935059,90.0000061399,90.0000046332
0.69518929448,0.690137604029,0.689357130375,0.685577833649,0.663364504667,0.542174935059,90.0000061399,90.0000046332
0.695261190699,0.690264036275,0.689471525499,0.685733007427,0.663364504667,0.542174935059,90.0000061399,90.0000046332
0.695332959075,0.690389954328,0.689585631656,0.685887599836,0.663364504667,0.542174935059,90.0000061399,90.0000046332
0.695404598721,0.690515358526,0.689699447957,0.686041610977,0.663364504667,0.542174935059,90.0000061399,90.0000046332
0.695476108748,0.690640249206,0.689812973513,0.686195040952,0.663364504667,0.542174935059,90.0000061399,90.0000046332
0.695547488269,0.69076462671,0.689926207436,0.686347889863,0.663364504667,0.542174935059,90.0000061399,90.0000046332
0.695618736395,0.690888491378,0.690039148839,0.686500157816,0.663364504667,0.542174935059,90.0000061399,90.0000046332
0.69568985224,0.691011843553,0.690151796837,0.686651844916,0.663364504667,0.542174935059,90.0000061399,90.0000046332
0.695760834914,0.691134683578,0.690264150475,0.68680295134,0.663364504667,0.542174935059,90.0000061399,90.0000046332
0.695831683509,0.691257011822,0.690376208738,0.686953477329,0.663364504667,0.542174935059,90.0000061399,90.0000046332
0.695902396949,0.69137882882,0.690487970684,0.687103423052,0.663364504667,0.542174935059,90.0000061399,90.0000046332
0.695972974182,0.691500135085,0.690599435432,0.687252788621,0.663364504667,0.542174935059,90.0000061399,90.0000046332
0.696043414323,0.691620930965,0.690710602101,0.687401574146,0.663364504667,0.542174935059,90.0000061399,90.0000046332
0.696113716485,0.691741216809,0.690821469812,0.687549779742,0.663364504667,0.542174935059,90.0000061399,90.0000046332
0.696183879782,0.691860992969,0.690932037688,0.687697405522,0.663364504667,0.542174935059,90.0000061399,90.0000046332
0.696253903328,0.691980259797,0.69104230485,0.687844451604,0.663364504667,0.542174935059,90.0000061399,90.0000046332
0.696323786237,0.692099017647,0.691152270424,0.687990918104,0.663364504667,0.542174935059,90.0000061399,90.0000046332
0.696393527623,0.692217266873,0.691261933534,0.688136805141,0.663364504667,0.542174935059,90.0000061399,90.0000046332
0.696463126601,0.692335007832,0.691371293208,0.688282112933,0.663364504667,0.542174935059,90.0000061399,90.0000046332
0.696532582284,0.692452240882,0.691480348444,0.688426841731,0.663364504667,0.542174935059,90.0000061399,90.0000046332
0.696601893788,0.692568966382,0.69158909834,0.688570991689,0.663364504667,0.542174935059,90.0000061399,90.0000046332
0.696671060227,0.692685184692,0.691697542023,0.688714562932,0.663364504667,0.542174935059,90.0000061399,90.0000046332
0.696740080715,0.692800896174,0.691805678626,0.688857555584,0.663364504667,0.542174935059,90.0000061399,90.0000046332
0.696808954251,0.692916101311,0.691913507281,0.68899996977,0.663364504667,0.542174935059,90.0000061399,90.0000046332
0.696877679769,0.693030800647,0.692021027119,0.68914180562,0.663364504667,0.542174935059,90.0000061399,90.0000046332
0.696946256326,0.693144994606,0.692128237275,0.689283063261,0.663364504667,0.542174935059,90.0000061399,90.0000046332
0.697014683039,0.693258683556,0.692235136883,0.689423742823,0.663364504667,0.542174935059,90.0000061399,90.0000046332
0.697082959024,0.693371867864,0.692341725081,0.68956384444,0.663364504667,0.542174935059,90.0000061399,90.0000046332
0.697151083398,0.693484547898,0.692448000925,0.689703368323,0.663364504667,0.542174935059,90.0000061399,90.0000046332
0.697219055278,0.693596724028,0.692553963427,0.689842314735,0.663364504667,0.542174935059,90.0000061399,90.0000046332
0.697286873782,0.693708396628,0.692659611678,0.689980683858,0.663364504667,0.542174935059,90.0000061399,90.0000046332
0.697354538026,0.693819566068,0.692764944819,0.69011847583,0.663364504667,0.542174935059,90.0000061399,90.0000046332
0.697422047128,0.693930232725,0.692869961993,0.690255690787,0.663364504667,0.542174935059,90.0000061399,90.0000046332
0.697489400206,0.694040396973,0.692974662343,0.69039232887,0.663364504667,0.542174935059,90.0000061399,90.0000046332
0.697556596377,0.69415005919,0.693079045012,0.690528390219,0.663364504667,0.542174935059,90.0000061399,90.0000046332
0.697623634761,0.694259219754,0.693183109147,0.690663874976,0.663364504667,0.542174935059,90.0000061399,90.0000046332
0.697690514474,0.694367879045,0.693286853893,0.690798783284,0.663364504667,0.542174935059,90.0000061399,90.0000046332
0.697757234546,0.694476037535,0.693390278398,0.690933115288,0.663364504667,0.542174935059,90.0000061399,90.0000046332
0.697823793928,0.694583695775,0.693493381798,0.691066871148,0.663364504667,0.542174935059,90.0000061399,90.0000046332
0.69789019166,0.694690854227,0.693596163117,0.691200051135,0.663364504667,0.542174935059,90.0000061399,90.0000046332
0.697956426862,0.694797513277,0.693698621396,0.691332655511,0.663364504667,0.542174935059,90.0000061399,90.0000046332
0.698022498655,0.694903673308,0.693800755788,0.691464684423,0.663364504667,0.542174935059,90.0000061399,90.0000046332
0.698088406159,0.695009334709,0.693902565446,0.691596138023,0.663364504667,0.542174935059,90.0000061399,90.0000046332
0.698154148496,0.695114497868,0.694004049525,0.691727016464,0.663364504667,0.542174935059,90.0000061399,90.0000046332
0.698219724787,0.695219163174,0.694105207182,0.691857319898,0.663364504667,0.542174935059,90.0000061399,90.0000046332
0.698285134153,0.695323331018,0.694206037573,0.691987048482,0.663364504667,0.542174935059,90.0000061399,90.0000046332
0.698350375717,0.695427001793,0.694306539856,0.692116202371,0.663364504667,0.542174935059,90.0000061399,90.0000046332
0.698415448599,0.695530175892,0.694406713192,0.692244781723,0.663364504667,0.542174935059,90.0000061399,90.0000046332
0.698480351923,0.69563285371,0.69450655674,0.692372786698,0.663364504667,0.542174935059,90.0000061399,90.0000046332
0.69854508481,0.695735035645,0.694606069644,0.692500217475,0.663364504667,0.542174935059,90.0000061399,90.0000046332
0.698609646385,0.695836722094,0.694705250945,0.692627074336,0.663364504667,0.542174935059,90.0000061399,90.0000046332
0.698674035768,0.695937913457,0.694804099707,0.692753357547,0.663364504667,0.542174935059,90.0000061399,90.0000046332
0.69873825199,0.696038610229,0.694902615096,0.692879067272,0.663364504667,0.542174935059,90.0000061399,90.0000046332
0.698802294015,0.696138812971,0.695000796278,0.693004203676,0.663364504667,0.542174935059,90.0000061399,90.0000046332
0.698866160905,0.696238522149,0.695098642421,0.693128766926,0.663364504667,0.542174935059,90.0000061399,90.0000046332
0.698929851785,0.696337738166,0.695196152695,0.693252757189,0.663364504667,0.542174935059,90.0000061399,90.0000046332
0.698993365782,0.696436461428,0.695293326271,0.693376174637,0.663364504667,0.542174935059,90.0000061399,90.0000046332
0.699056702021,0.696534692341,0.695390162319,0.693499019439,0.663364504667,0.542174935059,90.0000061399,90.0000046332
0.699119859629,0.696632431312,0.695486660013,0.693621291768,0.663364504667,0.542174935059,90.0000061399,90.0000046332
0.699182837732,0.69672967875,0.695582818527,0.693742991798,0.663364504667,0.542174935059,90.0000061399,90.0000046332
0.699245635457,0.696826435066,0.695678637034,0.693864119706,0.663364504667,0.542174935059,90.0000061399,90.0000046332
0.699308251931,0.696922700671,0.695774114632,0.693984675746,0.663364504667,0.542174935059,90.0000061399,90.0000046332
0.699370686283,0.697018475979,0.695869250384,0.694104660213,0.663364504667,0.542174935059,90.0000061399,90.0000046332
0.699432937639,0.697113761405,0.695964043434,0.69422407332,0.663364504667,0.542174935059,90.0000061399,90.0000046332
0.699495005129,0.697208557363,0.696058492963,0.694342915246,0.663364504667,0.542174935059,90.0000061399,90.0000046332
0.69955688788,0.697302864272,0.696152598153,0.694461186173,0.663364504667,0.542174935059,90.0000061399,90.0000046332
0.699618585022,0.69739668255,0.696246358186,0.694578886284,0.663364504667,0.542174935059,90.0000061399,90.0000046332
0.699680095684,0.697490012617,0.696339772247,0.694696015763,0.663364504667,0.542174935059,90.0000061399,90.0000046332
0.699741418891,0.697582855,0.696432839522,0.694812574796,0.663364504667,0.542174935059,90.0000061399,90.0000046332
0.699802553625,0.697675210268,0.696525559195,0.694928563571,0.663364504667,0.542174935059,90.0000061399,90.0000046332
0.699863498976,0.697767078889,0.696617930456,0.695043982276,0.663364504667,0.542174935059,90.0000061399,90.0000046332
0.699924254076,0.697858461285,0.696709952492,0.695158831101,0.663364504667,0.542174935059,90.0000061399,90.0000046332
0.699984818057,0.697949357883,0.696801624494,0.695273110238,0.663364504667,0.542174935059,90.0000061399,90.0000046332
0.700045190051,0.698039769109,0.696892945581,0.695386819952,0.663364504667,0.542174935059,90.0000061399,90.0000046332
0.700105369192,0.698129695391,0.696983914838,0.695499960544,0.663364504667,0.542174935059,90.0000061399,90.0000046332
0.700165354614,0.69821913716,0.697074531423,0.695612532246,0.663364504667,0.542174935059,90.0000061399,90.0000046332
0.70022514545,0.698308094847,0.697164794532,0.695724535255,0.663364504667,0.542174935059,90.0000061399,90.0000046332
0.700284740835,0.698396568883,0.697254703361,0.695835969767,0.663364504667,0.542174935059,90.0000061399,90.0000046332
0.700344139903,0.698484559703,0.697344257109,0.695946835984,0.663364504667,0.542174935059,90.0000061399,90.0000046332
0.70040334179,0.698572067742,0.697433454975,0.696057134104,0.663364504667,0.542174935059,90.0000061399,90.0000046332
0.700462345632,0.698659093435,0.697522296159,0.696166864331,0.663364504667,0.542174935059,90.0000061399,90.0000046332
0.700521150564,0.698745637222,0.697610779863,0.696276026867,0.663364504667,0.542174935059,90.0000061399,90.0000046332
0.700579755723,0.69883169954,0.697698905289,0.696384621919,0.663364504667,0.542174935059,90.0000061399,90.0000046332
0.700638160246,0.698917280831,0.697786671642,0.696492649692,0.663364504667,0.542174935059,90.0000061399,90.0000046332
0.70069636327,0.699002381536,0.697874078128,0.696600110394,0.663364504667,0.542174935059,90.0000061399,90.0000046332
0.700754363847,0.699087002186,0.697961123951,0.696707004236,0.663364504667,0.542174935059,90.0000061399,90.0000046332
0.70081216098,0.69917114336,0.698047808227,0.696813331522,0.663364504667,0.542174935059,90.0000061399,90.0000046332
0.700869753758,0.699254805553,0.698134130062,0.696919092565,0.663364504667,0.542174935059,90.0000061399,90.0000046332
0.700927141322,0.699337989212,0.698220088661,0.697024287585,0.663364504667,0.542174935059,90.0000061399,90.0000046332
0.700984322812,0.699420694784,0.698305683239,0.697128916795,0.663364504667,0.542174935059,90.0000061399,90.0000046332
0.701041297371,0.699502922718,0.698390913006,0.697232980412,0.663364504667,0.542174935059,90.0000061399,90.0000046332
0.701098064139,0.699584673462,0.69847577718,0.697336478653,0.663364504667,0.542174935059,90.0000061399,90.0000046332
0.70115462226,0.69966594747,0.698560274974,0.697439411735,0.663364504667,0.542174935059,90.0000061399,90.0000046332
0.701210970877,0.699746745194,0.698644405608,0.69754177988,0.663364504667,0.542174935059,90.0000061399,90.0000046332
0.701267109131,0.699827067087,0.698728168299,0.697643583309,0.663364504667,0.542174935059,90.0000061399,90.0000046332
0.701323036169,0.699906913605,0.698811562266,0.697744822244,0.663364504667,0.542174935059,90.0000061399,90.0000046332
0.701378751133,0.699986285205,0.698894586732,0.697845496911,0.663364504667,0.542174935059,90.0000061399,90.0000046332
0.701434253169,0.700065182344,0.698977240918,0.697945607535,0.663364504667,0.542174935059,90.0000061399,90.0000046332
0.701489541422,0.700143605482,0.699059524048,0.698045154343,0.663364504667,0.542174935059,90.0000061399,90.0000046332
0.701544615039,0.70022155508,0.69914143531,0.698144137601,0.663364504667,0.542174935059,90.0000061399,90.0000046332
0.701599473166,0.7002990316,0.699222973836,0.698242557632,0.663364504667,0.542174935059,90.0000061399,90.0000046332
0.70165411495,0.700376035504,0.699304138798,0.698340414726,0.663364504667,0.542174935059,90.0000061399,90.0000046332
0.701708539538,0.700452567257,0.699384929424,0.698437709114,0.663364504667,0.542174935059,90.0000061399,90.0000046332
0.701762746076,0.700528627329,0.699465344945,0.69853444103,0.663364504667,0.542174935059,90.0000061399,90.0000046332
0.701816733589,0.700604216311,0.699545384594,0.69863061071,0.663364504667,0.542174935059,90.0000061399,90.0000046332
0.701870501105,0.700679334792,0.699625047603,0.69872621839,0.663364504667,0.542174935059,90.0000061399,90.0000046332
0.701924047776,0.700753983241,0.699704333207,0.698821264307,0.663364504667,0.542174935059,90.0000061399,90.0000046332
0.701977372754,0.700828162126,0.699783240643,0.698915748702,0.663364504667,0.542174935059,90.0000061399,90.0000046332
0.702030475191,0.700901871919,0.699861769146,0.699009671816,0.663364504667,0.542174935059,90.0000061399,90.0000046332
0.702083354241,0.700975113092,0.699939917956,0.699103033891,0.663364504667,0.542174935059,90.0000061399,90.0000046332
0.702136009056,0.70104788612,0.700017686312,0.699195835171,0.663364504667,0.542174935059,90.0000061399,90.0000046332
0.702188438791,0.701120191478,0.700095073455,0.699288075901,0.663364504667,0.542174935059,90.0000061399,90.0000046332
0.7022406426,0.701192029641,0.700172078628,0.699379756328,0.663364504667,0.542174935059,90.0000061399,90.0000046332
0.70229261964,0.701263401087,0.700248701074,0.699470876701,0.663364504667,0.542174935059,90.0000061399,90.0000046332
0.702344369066,0.701334306295,0.700324939969,0.699561437338,0.663364504667,0.542174935059,90.0000061399,90.0000046332
0.702395890036,0.701404745745,0.700400794472,0.699651438578,0.663364504667,0.542174935059,90.0000061399,90.0000046332
0.702447181705,0.701474719919,0.700476263816,0.699740880688,0.663364504667,0.542174935059,90.0000061399,90.0000046332
0.702498243234,0.701544229298,0.700551347249,0.699829763921,0.663364504667,0.542174935059,90.0000061399,90.0000046332
0.70254907378,0.701613274367,0.700626044025,0.699918088533,0.663364504667,0.542174935059,90.0000061399,90.0000046332
0.702599672503,0.70168185561,0.700700353394,0.700005854779,0.663364504667,0.542174935059,90.0000061399,90.0000046332
0.702650038563,0.701749973514,0.70077427461,0.700093062917,0.663364504667,0.542174935059,90.0000061399,90.0000046332
0.702700171122,0.701817628566,0.700847806929,0.700179713207,0.663364504667,0.542174935059,90.0000061399,90.0000046332
0.702750069341,0.701884821256,0.700920949607,0.700265805907,0.663364504667,0.542174935059,90.0000061399,90.0000046332
0.702799732382,0.701951552072,0.700993701902,0.700351341281,0.663364504667,0.542174935059,90.0000061399,90.0000046332
0.702849159367,0.702017821548,0.701066063072,0.700436319591,0.663364504667,0.542174935059,90.0000061399,90.0000046332
0.702898349348,0.702083630287,0.701138032378,0.700520741102,0.663364504667,0.542174935059,90.0000061399,90.0000046332
0.702947301423,0.702148978851,0.701209609083,0.700604606081,0.663364504667,0.542174935059,90.0000061399,90.0000046332
0.702996014756,0.702213867733,0.701280792448,0.700687914795,0.663364504667,0.542174935059,90.0000061399,90.0000046332
0.703044488516,0.70227829743,0.701351581739,0.700770667513,0.663364504667,0.542174935059,90.0000061399,90.0000046332
0.703092721871,0.702342268435,0.701421976222,0.700852864507,0.663364504667,0.542174935059,90.0000061399,90.0000046332
0.70314071399,0.702405781247,0.701491975092,0.700934506118,0.663364504667,0.542174935059,90.0000061399,90.0000046332
0.703188464042,0.702468836364,0.701561577539,0.7010155927,0.663364504667,0.542174935059,90.0000061399,90.0000046332
0.703235971198,0.702531434284,0.701630782828,0.701096124532,0.663364504667,0.542174935059,90.0000061399,90.0000046332
0.703283234629,0.702593575509,0.701699590231,0.70117610189,0.663364504667,0.542174935059,90.0000061399,90.0000046332
0.703330253507,0.702655260541,0.701767999022,0.701255525051,0.663364504667,0.542174935059,90.0000061399,90.0000046332
0.703377027006,0.702716489881,0.701836008476,0.701334394293,0.663364504667,0.542174935059,90.0000061399,90.0000046332
0.7034235543,0.702777264034,0.701903617868,0.701412709895,0.663364504667,0.542174935059,90.0000061399,90.0000046332
0.703469834563,0.702837583504,0.701970826478,0.70149047214,0.663364504667,0.542174935059,90.0000061399,90.0000046332
0.703515866971,0.702897448798,0.702037633584,0.701567681308,0.663364504667,0.542174935059,90.0000061399,90.0000046332
0.703561650702,0.702956860422,0.702104038467,0.701644337685,0.663364504667,0.542174935059,90.0000061399,90.0000046332
0.703607184933,0.703015818885,0.702170040409,0.701720441555,0.663364504667,0.542174935059,90.0000061399,90.0000046332
0.703652468843,0.703074324695,0.702235638694,0.701795993205,0.663364504667,0.542174935059,90.0000061399,90.0000046332
0.703697501611,0.703132378362,0.702300832607,0.701870992924,0.663364504667,0.542174935059,90.0000061399,90.0000046332
0.703742282419,0.703189980398,0.702365621433,0.701945441,0.663364504667,0.542174935059,90.0000061399,90.0000046332
0.703786810448,0.703247131315,0.702430004461,0.702019337724,0.663364504667,0.542174935059,90.0000061399,90.0000046332
0.703831084881,0.703303831625,0.702493980981,0.702092683389,0.663364504667,0.542174935059,90.0000061399,90.0000046332
0.703875104901,0.703360081843,0.702557550283,0.702165478289,0.663364504667,0.542174935059,90.0000061399,90.0000046332
0.703918869695,0.703415882482,0.702620711641,0.702237722736,0.663364504667,0.542174935059,90.0000061399,90.0000046332
0.703962378375,0.703471234133,0.702683464279,0.702309417097,0.663364504667,0.542174935059,90.0000061399,90.0000046332
0.704005630032,0.703526137408,0.702745807441,0.702380561721,0.663364504667,0.542174935059,90.0000061399,90.0000046332
0.70404862383,0.703580592849,0.702807740425,0.702451156906,0.663364504667,0.542174935059,90.0000061399,90.0000046332
0.70409135896,0.703634600972,0.702869262529,0.702521202952,0.663364504667,0.542174935059,90.0000061399,90.0000046332
0.704133834614,0.703688162297,0.702930373055,0.702590700161,0.663364504667,0.542174935059,90.0000061399,90.0000046332
0.704176049985,0.703741277342,0.702991071304,0.702659648833,0.663364504667,0.542174935059,90.0000061399,90.0000046332
0.704218004267,0.703793946626,0.703051356579,0.702728049273,0.663364504667,0.542174935059,90.0000061399,90.0000046332
0.704259696656,0.703846170671,0.703111228187,0.702795901786,0.663364504667,0.542174935059,90.0000061399,90.0000046332
0.704301126348,0.703897949998,0.703170685434,0.702863206679,0.663364504667,0.542174935059,90.0000061399,90.0000046332
0.704342292542,0.703949285129,0.703229727628,0.702929964257,0.663364504667,0.542174935059,90.0000061399,90.0000046332
0.704383194438,0.704000176585,0.70328835408,0.702996174832,0.663364504667,0.542174935059,90.0000061399,90.0000046332
0.704423831237,0.70405062489,0.7033465641,0.703061838712,0.663364504667,0.542174935059,90.0000061399,90.0000046332
0.704464202141,0.704100630569,0.703404357002,0.703126956209,0.663364504667,0.542174935059,90.0000061399,90.0000046332
0.704504306354,0.704150194144,0.703461732101,0.703191527635,0.663364504667,0.542174935059,90.0000061399,90.0000046332
0.704544143084,0.70419931614,0.703518688713,0.703255553305,0.663364504667,0.542174935059,90.0000061399,90.0000046332
0.704583711536,0.704247997083,0.703575226156,0.703319033534,0.663364504667,0.542174935059,90.0000061399,90.0000046332
0.704623010921,0.704296237497,0.703631343751,0.703381968637,0.663364504667,0.542174935059,90.0000061399,90.0000046332
0.70466204045,0.704344037909,0.703687040818,0.703444358933,0.663364504667,0.542174935059,90.0000061399,90.0000046332
0.704700799335,0.704391398844,0.70374231668,0.703506204739,0.663364504667,0.542174935059,90.0000061399,90.0000046332
0.704739286791,0.704438320828,0.703797170661,0.703567506379,0.663364504667,0.542174935059,90.0000061399,90.0000046332
0.704777502035,0.704484804387,0.703851602025,0.703628264235,0.663364504667,0.542174935059,90.0000061399,90.0000046332
0.704815444286,0.704530850047,0.703905610044,0.703688478686,0.663364504667,0.542174935059,90.0000061399,90.0000046332
0.704853112764,0.704576458335,0.703959194047,0.703748150055,0.663364504667,0.542174935059,90.0000061399,90.0000046332
0.704890506693,0.704621629776,0.704012353368,0.703807278665,0.663364504667,0.542174935059,90.0000061399,90.0000046332
0.704927625299,0.704666364896,0.704065087342,0.703865864842,0.663364504667,0.542174935059,90.0000061399,90.0000046332
0.704964467808,0.704710664219,0.704117395304,0.703923908911,0.663364504667,0.542174935059,90.0000061399,90.0000046332
0.705001033453,0.704754528272,0.704169276593,0.703981411199,0.663364504667,0.542174935059,90.0000061399,90.0000046332
0.705037321465,0.704797957579,0.70422073055,0.704038372032,0.663364504667,0.542174935059,90.0000061399,90.0000046332
0.705073330133,0.704840953611,0.704271756516,0.704094791741,0.663364504667,0.542174935059,90.0000061399,90.0000046332
0.705109054814,0.704883520773,0.704322353837,0.704150670653,0.663364504667,0.542174935059,90.0000061399,90.0000046332
0.705144491832,0.704925662507,0.704372521858,0.7042060091,0.663364504667,0.542174935059,90.0000061399,90.0000046332
0.705179640454,0.704967379311,0.704422259929,0.704260807413,0.663364504667,0.542174935059,90.0000061399,90.0000046332
0.705214499947,0.705008671686,0.704471567399,0.704315065923,0.663364504667,0.542174935059,90.0000061399,90.0000046332
0.705249069582,0.70504954013,0.704520443621,0.704368784963,0.663364504667,0.542174935059,90.0000061399,90.0000046332
0.705283348628,0.705089985146,0.704568887951,0.704421964866,0.663364504667,0.542174935059,90.0000061399,90.0000046332
0.705317336358,0.705130007235,0.704616899747,0.704474605967,0.663364504667,0.542174935059,90.0000061399,90.0000046332
0.705351032045,0.705169606901,0.704664478367,0.704526708599,0.663364504667,0.542174935059,90.0000061399,90.0000046332
0.705384434964,0.705208784647,0.704711623174,0.704578273098,0.663364504667,0.542174935059,90.0000061399,90.0000046332
0.705417544391,0.705247540977,0.704758333533,0.704629299798,0.663364504667,0.542174935059,90.0000061399,90.0000046332
0.705450359604,0.705285876397,0.704804608811,0.704679789035,0.663364504667,0.542174935059,90.0000061399,90.0000046332
0.705482879881,0.705323791411,0.704850448379,0.704729741146,0.663364504667,0.542174935059,90.0000061399,90.0000046332
0.705515104503,0.705361286526,0.704895851609,0.704779156465,0.663364504667,0.542174935059,90.0000061399,90.0000046332
0.705547032753,0.705398362249,0.704940817878,0.70482803533,0.663364504667,0.542174935059,90.0000061399,90.0000046332
0.705578663915,0.705435019086,0.704985346562,0.704876378076,0.663364504667,0.542174935059,90.0000061399,90.0000046332
0.705609997273,0.705471257546,0.70502943549,0.704924186594,0.663364504667,0.542174935059,90.0000061399,90.0000046332
0.705641032116,0.705507078136,0.705073081617,0.704971463651,0.663364504667,0.542174935059,90.0000061399,90.0000046332
0.705671767733,0.705542481364,0.705116283463,0.705018210448,0.663364504667,0.542174935059,90.0000061399,90.0000046332
0.705702203415,0.705577467738,0.705159040439,0.705064427302,0.663364504667,0.542174935059,90.0000061399,90.0000046332
0.705732338456,0.705612037768,0.705201351952,0.705110114535,0.663364504667,0.542174935059,90.0000061399,90.0000046332
0.70576217215,0.705646191961,0.705243217415,0.705155272467,0.663364504667,0.542174935059,90.0000061399,90.0000046332
0.705791703796,0.705679930825,0.70528463624,0.70519990142,0.663364504667,0.542174935059,90.0000061399,90.0000046332
0.705820932694,0.70571325487,0.705325607843,0.705244001717,0.663364504667,0.542174935059,90.0000061399,90.0000046332
0.705849858145,0.705746164603,0.705366131639,0.705287573683,0.663364504667,0.542174935059,90.0000061399,90.0000046332
0.705878479456,0.70577866053,0.705406207049,0.705330617643,0.663364504667,0.542174935059,90.0000061399,90.0000046332
0.705906795933,0.70581074316,0.705445833493,0.705373133923,0.663364504667,0.542174935059,90.0000061399,90.0000046332
0.705934806888,0.705842412998,0.705485010394,0.70541512285,0.663364504667,0.542174935059,90.0000061399,90.0000046332
0.705962511634,0.70587367055,0.705523737177,0.705456584753,0.663364504667,0.542174935059,90.0000061399,90.0000046332
0.705989909488,0.705904516318,0.705562013269,0.70549751996,0.663364504667,0.542174935059,90.0000061399,90.0000046332
0.706016999771,0.705934950806,0.705599838099,0.705537928801,0.663364504667,0.542174935059,90.0000061399,90.0000046332
0.706043781808,0.705964974515,0.705637211098,0.705577811606,0.663364504667,0.542174935059,90.0000061399,90.0000046332
0.706070254927,0.705994587944,0.705674131702,0.705617168706,0.663364504667,0.542174935059,90.0000061399,90.0000046332
0.70609641846,0.70602379159,0.705710599345,0.705656000432,0.663364504667,0.542174935059,90.0000061399,90.0000046332
0.706122271745,0.706052585947,0.705746613467,0.705694307117,0.663364504667,0.542174935059,90.0000061399,90.0000046332
0.706147814125,0.706080971507,0.70578217351,0.705732089093,0.663364504667,0.542174935059,90.0000061399,90.0000046332
0.706173044947,0.706108948758,0.705817278917,0.705769346692,0.663364504667,0.542174935059,90.0000061399,90.0000046332
0.706197963567,0.706136518183,0.705851929135,0.705806080247,0.663364504667,0.542174935059,90.0000061399,90.0000046332
0.706222569345,0.706163680262,0.705886123615,0.705842290091,0.663364504667,0.542174935059,90.0000061399,90.0000046332
0.706246860908,0.706190436212,0.705919861811,0.705877976555,0.663364504667,0.542174935059,90.0000061399,90.0000046332
0.70627083182,0.706216792313,0.705953143177,0.705913139972,0.663364504667,0.542174935059,90.0000061399,90.0000046332
0.706294476417,0.706242754077,0.705985967175,0.705947780673,0.663364504667,0.542174935059,90.0000061399,90.0000046332
0.706317794135,0.706268321917,0.706018333269,0.705981898989,0.663364504667,0.542174935059,90.0000061399,90.0000046332
0.706340784408,0.706293496249,0.706050240926,0.70601549525,0.663364504667,0.542174935059,90.0000061399,90.0000046332
0.706363446675,0.706318277489,0.706081689619,0.706048569783,0.663364504667,0.542174935059,90.0000061399,90.0000046332
0.706385780373,0.706342666056,0.706112678825,0.706081122916,0.663364504667,0.542174935059,90.0000061399,90.0000046332
0.706407784941,0.706366662367,0.706143208025,0.706113154971,0.663364504667,0.542174935059,90.0000061399,90.0000046332
0.706429459819,0.706390266844,0.706173276709,0.706144666272,0.663364504667,0.542174935059,90.0000061399,90.0000046332
0.706450804447,0.706413479908,0.706202884368,0.706175657137,0.663364504667,0.542174935059,90.0000061399,90.0000046332
0.706471818267,0.706436301982,0.706232030054,0.706206128332,0.663364504667,0.542174935059,90.0000061399,90.0000046332
0.706492500722,0.706458733489,0.706260709636,0.706236083804,0.663364504667,0.542174935059,90.0000061399,90.0000046332
0.706512851255,0.706480774855,0.70628891946,0.706265527029,0.663364504667,0.542174935059,90.0000061399,90.0000046332
0.706532869311,0.706502426505,0.706316659079,0.706294458279,0.663364504667,0.542174935059,90.0000061399,90.0000046332
0.706552554335,0.706523688869,0.706343928048,0.706322877826,0.663364504667,0.542174935059,90.0000061399,90.0000046332
0.706571905775,0.706544562374,0.706370725923,0.706350785944,0.663364504667,0.542174935059,90.0000061399,90.0000046332
0.706590923077,0.70656504745,0.706397052263,0.70637818291,0.663364504667,0.542174935059,90.0000061399,90.0000046332
0.706609605689,0.706585144529,0.706422906624,0.706405069,0.663364504667,0.542174935059,90.0000061399,90.0000046332
0.706627953062,0.706604854044,0.706448288569,0.706431444492,0.663364504667,0.542174935059,90.0000061399,90.0000046332
0.706645964646,0.706624176427,0.706473197659,0.706457309668,0.663364504667,0.542174935059,90.0000061399,90.0000046332
0.706663639892,0.706643112115,0.706497633457,0.70648266481,0.663364504667,0.542174935059,90.0000061399,90.0000046332
0.706680978253,0.706661661542,0.706521595528,0.7065075102,0.663364504667,0.542174935059,90.0000061399,90.0000046332
0.706697979181,0.706679825147,0.706545083439,0.706531846124,0.663364504667,0.542174935059,90.0000061399,90.0000046332
0.706714642132,0.706697603367,0.706568096757,0.706555672869,0.663364504667,0.542174935059,90.0000061399,90.0000046332
0.70673096656,0.706714996643,0.70659063505,0.706578990722,0.663364504667,0.542174935059,90.0000061399,90.0000046332
0.706746951922,0.706732005416,0.706612697891,0.706601799973,0.663364504667,0.542174935059,90.0000061399,90.0000046332
0.706762597676,0.706748630127,0.70663428485,0.706624100914,0.663364504667,0.542174935059,90.0000061399,90.0000046332
0.706777903279,0.70676487122,0.706655395501,0.706645893836,0.663364504667,0.542174935059,90.0000061399,90.0000046332
0.706792868191,0.70678072914,0.706676029419,0.706667179036,0.663364504667,0.542174935059,90.0000061399,90.0000046332
0.706807491873,0.706796204331,0.706696186181,0.706687956807,0.663364504667,0.542174935059,90.0000061399,90.0000046332
0.706821773786,0.706811297242,0.706715865364,0.706708227448,0.663364504667,0.542174935059,90.0000061399,90.0000046332
0.706835713392,0.706826008321,0.706735066547,0.706727991258,0.663364504667,0.542174935059,90.0000061399,90.0000046332
0.706849310154,0.706840338015,0.706753789312,0.706747248537,0.663364504667,0.542174935059,90.0000061399,90.0000046332
0.706862563538,0.706854286777,0.70677203324,0.706765999586,0.663364504667,0.542174935059,90.0000061399,90.0000046332
0.706875473008,0.706867855057,0.706789797915,0.706784244711,0.663364504667,0.542174935059,90.0000061399,90.0000046332
0.706888038031,0.706881043309,0.706807082923,0.706801984215,0.663364504667,0.542174935059,90.0000061399,90.0000046332
0.706900258074,0.706893851987,0.706823887849,0.706819218405,0.663364504667,0.542174935059,90.0000061399,90.0000046332
0.706912132606,0.706906281545,0.706840212283,0.70683594759,0.663364504667,0.542174935059,90.0000061399,90.0000046332
0.706923661097,0.706918332441,0.706856055813,0.706852172079,0.663364504667,0.542174935059,90.0000061399,90.0000046332
0.706934843017,0.706930005131,0.70687141803,0.706867892184,0.663364504667,0.542174935059,90.0000061399,90.0000046332
0.706945677837,0.706941300075,0.706886298527,0.706883108217,0.663364504667,0.542174935059,90.0000061399,90.0000046332
0.706956165031,0.706952217732,0.706900696898,0.706897820492,0.663364504667,0.542174935059,90.0000061399,90.0000046332
0.706966304071,0.706962758563,0.706914612738,0.706912029326,0.663364504667,0.542174935059,90.0000061399,90.0000046332
0.706976094433,0.706972923032,0.706928045644,0.706925735035,0.663364504667,0.542174935059,90.0000061399,90.0000046332
0.706985535593,0.7069827116,0.706940995214,0.706938937939,0.663364504667,0.542174935059,90.0000061399,90.0000046332
0.706994627026,0.706992124734,0.706953461049,0.706951638359,0.663364504667,0.542174935059,90.0000061399,90.0000046332
0.707003368212,0.707001162897,0.706965442749,0.706963836615,0.663364504667,0.542174935059,90.0000061399,90.0000046332
0.707011758629,0.707009826558,0.706976939918,0.706975533032,0.663364504667,0.542174935059,90.0000061399,90.0000046332
0.707019797756,0.707018116185,0.706987952159,0.706986727934,0.663364504667,0.542174935059,90.0000061399,90.0000046332
0.707027485076,0.707026032246,0.706998479079,0.706997421649,0.663364504667,0.542174935059,90.0000061399,90.0000046332
0.707034820069,0.707033575212,0.707008520283,0.707007614504,0.663364504667,0.542174935059,90.0000061399,90.0000046332
0.707041802219,0.707040745555,0.707018075382,0.707017306828,0.663364504667,0.542174935059,90.0000061399,90.0000046332
0.707048431011,0.707047543746,0.707027143986,0.707026498954,0.663364504667,0.542174935059,90.0000061399,90.0000046332
0.707054705929,0.707053970261,0.707035725705,0.707035191213,0.663364504667,0.542174935059,90.0000061399,90.0000046332
0.70706062646,0.707060025574,0.707043820154,0.70704338394,0.663364504667,0.542174935059,90.0000061399,90.0000046332
0.707066192092,0.707065710161,0.707051426946,0.707051077471,0.663364504667,0.542174935059,90.0000061399,90.0000046332
0.707071402311,0.707071024499,0.707058545698,0.707058272142,0.663364504667,0.542174935059,90.0000061399,90.0000046332
0.70707625661,0.707075969067,0.707065176028,0.707064968293,0.663364504667,0.542174935059,90.0000061399,90.0000046332
0.707080754476,0.707080544344,0.707071317554,0.707071166264,0.663364504667,0.542174935059,90.0000061399,90.0000046332
0.707084895404,0.707084750811,0.707076969898,0.707076866396,0.663364504667,0.542174935059,90.0000061399,90.0000046332
0.707088678884,0.707088588949,0.707082132681,0.707082069033,0.663364504667,0.542174935059,90.0000061399,90.0000046332
0.707092104412,0.707092059242,0.707086805526,0.70708677452,0.663364504667,0.542174935059,90.0000061399,90.0000046332
0.707095171481,0.707095162174,0.70709098806,0.707090983202,0.663364504667,0.542174935059,90.0000061399,90.0000046332
0.707097879589,0.707097898229,0.707094679908,0.707094695429,0.663364504667,0.542174935059,90.0000061399,90.0000046332
0.707100228231,0.707100267895,0.707097880699,0.707097911548,0.663364504667,0.542174935059,90.0000061399,90.0000046332
0.707102216907,0.707102271658,0.707100590061,0.707100631912,0.663364504667,0.542174935059,90.0000061399,90.0000046332
0.707103845116,0.707103910007,0.707102807627,0.707102856872,0.663364504667,0.542174935059,90.0000061399,90.0000046332
0.707105112357,0.707105183432,0.707104533029,0.707104586782,0.663364504667,0.542174935059,90.0000061399,90.0000046332
0.707106018133,0.707106092423,0.707105765901,0.707105821998,0.663364504667,0.542174935059,90.0000061399,90.0000046332
0.707106561946,0.707106637473,0.707106505877,0.707106562877,0.663364504667,0.542174935059,90.0000061399,90.0000046332
0.707106743299,0.707106819074,0.707106752597,0.707106809776,0.663364504667,0.542174935059,90.0000061399,90.0000046332
