x_coordinate_over_R,y_coordinate_over_R,x_proper_over_R,y_proper_over_R,q_coordinate,q_proper,delta_coordinate_deg,delta_proper_deg
0.382683403112,-0.923879544628,0.382683464714,-0.923879519112,0.455388504587,0.265912551398,135.000003628,134.999995988
0.382683244434,-0.923879160939,0.382683250633,-0.923879002014,0.455388504587,0.265912551398,135.000003628,134.999995988
0.382682768828,-0.923878009694,0.382682608575,-0.923877450647,0.455388504587,0.265912551398,135.000003628,134.999995988
0.382681977152,-0.923876090542,0.382681538909,-0.923874864862,0.455388504587,0.265912551398,135.000003628,134.999995988
0.382680870267,-0.923873403135,0.382680042006,-0.923871244516,0.455388504587,0.265912551398,135.000003628,134.999995988
0.382679449032,-0.923869947124,0.38267811824,-0.923866589466,0.455388504587,0.265912551398,135.000003628,134.999995988
0.382677714308,-0.923865722167,0.382675767984,-0.923860899575,0.455388504587,0.265912551398,135.000003628,134.999995988
0.382675666959,-0.92386072792,0.382672991614,-0.923854174707,0.455388504587,0.265912551398,135.000003628,134.999995988
0.382673307846,-0.923854964045,0.382669789505,-0.92384641473,0.455388504587,0.265912551398,135.000003628,134.999995988
0.382670637835,-0.923848430203,0.382666162035,-0.923837619517,0.455388504587,0.265912551398,135.000003628,134.999995988
0.38266765779,-0.923841126059,0.382662109585,-0.92382778894,0.455388504587,0.265912551398,135.000003628,134.999995988
0.382664368578,-0.923833051282,0.382657632533,-0.923816922878,0.455388504587,0.265912551398,135.000003628,134.999995988
0.382660771065,-0.92382420554,0.382652731262,-0.923805021211,0.455388504587,0.265912551398,135.000003628,134.999995988
0.38265686612,-0.923814588506,0.382647406154,-0.923792083824,0.455388504587,0.265912551398,135.000003628,134.999995988
0.38265265461,-0.923804199854,0.382641657594,-0.923778110603,0.455388504587,0.265912551398,135.000003628,134.999995988
0.382648137407,-0.923793039261,0.382635485968,-0.923763101438,0.455388504587,0.265912551398,135.000003628,134.999995988
0.38264331538,-0.923781106405,0.382628891662,-0.923747056222,0.455388504587,0.265912551398,135.000003628,134.999995988
0.382638189401,-0.923768400969,0.382621875065,-0.923729974853,0.455388504587,0.265912551398,135.000003628,134.999995988
0.382632760343,-0.923754922635,0.382614436566,-0.92371185723,0.455388504587,0.265912551398,135.000003628,134.999995988
0.382627029079,-0.923740671091,0.382606576556,-0.923692703255,0.455388504587,0.265912551398,135.000003628,134.999995988
0.382620996484,-0.923725646025,0.382598295427,-0.923672512834,0.455388504587,0.265912551398,135.000003628,134.999995988
0.382614663432,-0.923709847128,0.382589593572,-0.923651285877,0.455388504587,0.265912551398,135.000003628,134.999995988
0.3826080308,-0.923693274092,0.382580471386,-0.923629022295,0.455388504587,0.265912551398,135.000003628,134.999995988
0.382601099465,-0.923675926614,0.382570929266,-0.923605722005,0.455388504587,0.265912551398,135.000003628,134.999995988
0.382593870305,-0.923657804391,0.382560967607,-0.923581384925,0.455388504587,0.265912551398,135.000003628,134.999995988
0.382586344198,-0.923638907124,0.38255058681,-0.923556010975,0.455388504587,0.265912551398,135.000003628,134.999995988
0.382578522025,-0.923619234516,0.382539787274,-0.923529600082,0.455388504587,0.265912551398,135.000003628,134.999995988
0.382570404666,-0.923598786272,0.3825285694,-0.923502152173,0.455388504587,0.265912551398,135.000003628,134.999995988
0.382561993002,-0.923577562098,0.38251693359,-0.92347366718,0.455388504587,0.265912551398,135.000003628,134.999995988
0.382553287917,-0.923555561706,0.382504880249,-0.923444145036,0.455388504587,0.265912551398,135.000003628,134.999995988
0.382544290292,-0.923532784807,0.382492409782,-0.923413585679,0.455388504587,0.265912551398,135.000003628,134.999995988
0.382535001012,-0.923509231115,0.382479522594,-0.92338198905,0.455388504587,0.265912551398,135.000003628,134.999995988
0.382525420963,-0.923484900348,0.382466219094,-0.923349355092,0.455388504587,0.265912551398,135.000003628,134.999995988
0.38251555103,-0.923459792226,0.382452499691,-0.923315683753,0.455388504587,0.265912551398,135.000003628,134.999995988
0.382505392099,-0.923433906468,0.382438364794,-0.923280974982,0.455388504587,0.265912551398,135.000003628,134.999995988
0.382494945059,-0.923407242801,0.382423814816,-0.923245228732,0.455388504587,0.265912551398,135.000003628,134.999995988
0.382484210797,-0.92337980095,0.382408850169,-0.923208444961,0.455388504587,0.265912551398,135.000003628,134.999995988
0.382473190203,-0.923351580644,0.382393471268,-0.923170623627,0.455388504587,0.265912551398,135.000003628,134.999995988
0.382461884168,-0.923322581614,0.382377678528,-0.923131764693,0.455388504587,0.265912551398,135.000003628,134.999995988
0.382450293581,-0.923292803595,0.382361472366,-0.923091868125,0.455388504587,0.265912551398,135.000003628,134.999995988
0.382438419335,-0.923262246321,0.382344853199,-0.923050933892,0.455388504587,0.265912551398,135.000003628,134.999995988
0.382426262323,-0.923230909531,0.382327821448,-0.923008961965,0.455388504587,0.265912551398,135.000003628,134.999995988
0.382413823438,-0.923198792966,0.382310377533,-0.922965952321,0.455388504587,0.265912551398,135.000003628,134.999995988
0.382401103574,-0.923165896369,0.382292521875,-0.922921904938,0.455388504587,0.265912551398,135.000003628,134.999995988
0.382388103626,-0.923132219486,0.382274254899,-0.922876819797,0.455388504587,0.265912551398,135.000003628,134.999995988
0.38237482449,-0.923097762064,0.382255577028,-0.922830696883,0.455388504587,0.265912551398,135.000003628,134.999995988
0.382361267064,-0.923062523853,0.382236488688,-0.922783536183,0.455388504587,0.265912551398,135.000003628,134.999995988
0.382347432244,-0.923026504607,0.382216990307,-0.922735337689,0.455388504587,0.265912551398,135.000003628,134.999995988
0.382333320929,-0.922989704081,0.382197083866,-0.922686100752,0.455388504587,0.265912551398,135.000003628,134.999995988
0.382318934018,-0.922952122031,0.382176772762,-0.922635824139,0.455388504587,0.265912551398,135.000003628,134.999995988
0.382304272412,-0.922913758218,0.382156058864,-0.922584507256,0.455388504587,0.265912551398,135.000003628,134.999995988
0.38228933701,-0.922874612404,0.38213494266,-0.922532150082,0.455388504587,0.265912551398,135.000003628,134.999995988
0.382274128715,-0.922834684353,0.382113424645,-0.9224787526,0.455388504587,0.265912551398,135.000003628,134.999995988
0.382258648429,-0.922793973832,0.382091505321,-0.922424314791,0.455388504587,0.265912551398,135.000003628,134.999995988
0.382242897055,-0.922752480611,0.382069185196,-0.922368836638,0.455388504587,0.265912551398,135.000003628,134.999995988
0.382226875497,-0.922710204462,0.382046464782,-0.922312318127,0.455388504587,0.265912551398,135.000003628,134.999995988
0.382210591658,-0.922667142259,0.382023344595,-0.922254759245,0.455388504587,0.265912551398,135.000003628,134.999995988
0.382194054458,-0.92262329046,0.381999825158,-0.92219615998,0.455388504587,0.265912551398,135.000003628,134.999995988
0.382177265881,-0.922578648396,0.381975906994,-0.922136520323,0.455388504587,0.265912551398,135.000003628,134.999995988
0.382160226962,-0.922533215797,0.381951590633,-0.922075840268,0.455388504587,0.265912551398,135.000003628,134.999995988
0.38214293875,-0.922486992386,0.381926876607,-0.922014119809,0.455388504587,0.265912551398,135.000003628,134.999995988
0.382125402303,-0.922439977889,0.381901765449,-0.921951358945,0.455388504587,0.265912551398,135.000003628,134.999995988
0.382107618688,-0.922392172027,0.381876257698,-0.921887557675,0.455388504587,0.265912551398,135.000003628,134.999995988
0.382089588985,-0.922343574523,0.381850353895,-0.921822716003,0.455388504587,0.265912551398,135.000003628,134.999995988
0.382071314276,-0.922294185097,0.381824054582,-0.921756833935,0.455388504587,0.265912551398,135.000003628,134.999995988
0.382052795655,-0.92224400347,0.381797360304,-0.921689911477,0.455388504587,0.265912551398,135.000003628,134.999995988
0.38203403422,-0.922193029363,0.38177027161,-0.921621948642,0.455388504587,0.265912551398,135.000003628,134.999995988
0.382015031073,-0.922141262498,0.38174278905,-0.921552945442,0.455388504587,0.265912551398,135.000003628,134.999995988
0.381995787325,-0.922088702596,0.381714913176,-0.921482901893,0.455388504587,0.265912551398,135.000003628,134.999995988
0.381976304089,-0.92203534938,0.381686644541,-0.921411818016,0.455388504587,0.265912551398,135.000003628,134.999995988
0.381956582483,-0.921981202574,0.381657983703,-0.921339693832,0.455388504587,0.265912551398,135.000003628,134.999995988
0.38193662363,-0.921926261901,0.381628931219,-0.921266529365,0.455388504587,0.265912551398,135.000003628,134.999995988
0.381916428655,-0.921870527087,0.381599487649,-0.921192324643,0.455388504587,0.265912551398,135.000003628,134.999995988
0.381895998688,-0.92181399786,0.381569653557,-0.921117079697,0.455388504587,0.265912551398,135.000003628,134.999995988
0.38187533486,-0.921756673947,0.381539429667,-0.921040794493,0.455388504587,0.265912551398,135.000003628,134.999995988
0.381854438308,-0.921698555079,0.381508818521,-0.92096346825,0.455388504587,0.265912551398,135.000003628,134.999995988
0.381833310168,-0.921639640987,0.38147782251,-0.92088510025,0.455388504587,0.265912551398,135.000003628,134.999995988
0.381811951583,-0.921579931403,0.381446442225,-0.920805690526,0.455388504587,0.265912551398,135.000003628,134.999995988
0.381790363694,-0.921519426062,0.381414678261,-0.920725239115,0.455388504587,0.265912551398,135.000003628,134.999995988
0.381768547647,-0.921458124701,0.381382531218,-0.920643746053,0.455388504587,0.265912551398,135.000003628,134.999995988
0.38174650459,-0.921396027057,0.381350001697,-0.920561211379,0.455388504587,0.265912551398,135.000003628,134.999995988
0.381724235671,-0.921333132871,0.381317090301,-0.920477635137,0.455388504587,0.265912551398,135.000003628,134.999995988
0.381701742042,-0.921269441885,0.381283797639,-0.92039301737,0.455388504587,0.265912551398,135.000003628,134.999995988
0.381679024856,-0.921204953841,0.381250124321,-0.920307358126,0.455388504587,0.265912551398,135.000003628,134.999995988
0.381656085267,-0.921139668487,0.381216070957,-0.920220657454,0.455388504587,0.265912551398,135.000003628,134.999995988
0.381632924431,-0.92107358557,0.381181638165,-0.920132915408,0.455388504587,0.265912551398,135.000003628,134.999995988
0.381609544363,-0.921006704485,0.38114682656,-0.920044132042,0.455388504587,0.265912551398,135.000003628,134.999995988
0.381585951533,-0.920939022783,0.381111636762,-0.919954307414,0.455388504587,0.265912551398,135.000003628,134.999995988
0.381562151582,-0.920870538361,0.381076069394,-0.919863441584,0.455388504587,0.265912551398,135.000003628,134.999995988
0.381538145722,-0.920801250956,0.381040125078,-0.919771534616,0.455388504587,0.265912551398,135.000003628,134.999995988
0.381513935168,-0.920731160302,0.381003804442,-0.919678586576,0.455388504587,0.265912551398,135.000003628,134.999995988
0.381489521141,-0.920660266137,0.380967108113,-0.919584597532,0.455388504587,0.265912551398,135.000003628,134.999995988
0.381464904866,-0.920588568198,0.380930036721,-0.919489567556,0.455388504587,0.265912551398,135.000003628,134.999995988
0.38144008757,-0.920516066225,0.380892590899,-0.919393496723,0.455388504587,0.265912551398,135.000003628,134.999995988
0.381415070486,-0.920442759958,0.380854771322,-0.919296385092,0.455388504587,0.265912551398,135.000003628,134.999995988
0.38138985485,-0.920368649138,0.380816578676,-0.919198232723,0.455388504587,0.265912551398,135.000003628,134.999995988
0.381364441898,-0.920293733507,0.380778013606,-0.919099039695,0.455388504587,0.265912551398,135.000003628,134.999995988
0.381338832874,-0.920218012809,0.380739076755,-0.918998806094,0.455388504587,0.265912551398,135.000003628,134.999995988
0.38131302902,-0.920141486791,0.380699768762,-0.918897532009,0.455388504587,0.265912551398,135.000003628,134.999995988
0.381287031584,-0.920064155199,0.380660090273,-0.91879521753,0.455388504587,0.265912551398,135.000003628,134.999995988
0.381260841815,-0.919986017781,0.380620041933,-0.918691862752,0.455388504587,0.265912551398,135.000003628,134.999995988
0.381234460964,-0.919907074288,0.380579624389,-0.918587467772,0.455388504587,0.265912551398,135.000003628,134.999995988
0.381207890285,-0.919827324473,0.380538838289,-0.91848203269,0.455388504587,0.265912551398,135.000003628,134.999995988
0.381181131033,-0.919746768087,0.380497684286,-0.918375557609,0.455388504587,0.265912551398,135.000003628,134.999995988
0.381154184468,-0.919665404888,0.38045616303,-0.918268042635,0.455388504587,0.265912551398,135.000003628,134.999995988
0.381127051848,-0.919583234633,0.380414275176,-0.918159487877,0.455388504587,0.265912551398,135.000003628,134.999995988
0.381099734435,-0.91950025708,0.380372021379,-0.918049893446,0.455388504587,0.265912551398,135.000003628,134.999995988
0.381072233492,-0.91941647199,0.380329402297,-0.917939259458,0.455388504587,0.265912551398,135.000003628,134.999995988
0.381044550284,-0.919331879127,0.380286418588,-0.91782758603,0.455388504587,0.265912551398,135.000003628,134.999995988
0.381016686183,-0.919246478212,0.380243070913,-0.917714873283,0.455388504587,0.265912551398,135.000003628,134.999995988
0.380988642591,-0.919160268956,0.380199359986,-0.917601121319,0.455388504587,0.265912551398,135.000003628,134.999995988
0.380960420805,-0.919073251116,0.380155286527,-0.91748633024,0.455388504587,0.265912551398,135.000003628,134.999995988
0.380932022097,-0.918985424463,0.380110851207,-0.917370500174,0.455388504587,0.265912551398,135.000003628,134.999995988
0.380903447741,-0.918896788769,0.380066054694,-0.917253631253,0.455388504587,0.265912551398,135.000003628,134.999995988
0.380874699011,-0.918807343808,0.380020897656,-0.917135723612,0.455388504587,0.265912551398,135.000003628,134.999995988
0.380845777183,-0.918717089357,0.379975380765,-0.917016777389,0.455388504587,0.265912551398,135.000003628,134.999995988
0.380816683533,-0.918626025194,0.379929504691,-0.916896792725,0.455388504587,0.265912551398,135.000003628,134.999995988
0.380787419341,-0.9185341511,0.379883270108,-0.916775769765,0.455388504587,0.265912551398,135.000003628,134.999995988
0.380757985886,-0.918441466859,0.379836677691,-0.916653708655,0.455388504587,0.265912551398,135.000003628,134.999995988
0.380728384446,-0.918347972254,0.379789728117,-0.916530609545,0.455388504587,0.265912551398,135.000003628,134.999995988
0.380698616305,-0.918253667072,0.379742422064,-0.916406472588,0.455388504587,0.265912551398,135.000003628,134.999995988
0.380668682744,-0.918158551104,0.37969476021,-0.916281297941,0.455388504587,0.265912551398,135.000003628,134.999995988
0.380638585045,-0.91806262414,0.379646743238,-0.916155085762,0.455388504587,0.265912551398,135.000003628,134.999995988
0.380608324494,-0.917965885974,0.379598371829,-0.916027836213,0.455388504587,0.265912551398,135.000003628,134.999995988
0.380577902374,-0.917868336402,0.379549646732,-0.915899549432,0.455388504587,0.265912551398,135.000003628,134.999995988
0.380547319972,-0.917769975221,0.379500568695,-0.915770225561,0.455388504587,0.265912551398,135.000003628,134.999995988
0.380516578574,-0.917670802232,0.379451138407,-0.91563986477,0.455388504587,0.265912551398,135.000003628,134.999995988
0.380485679511,-0.917570817219,0.379401356555,-0.915508467232,0.455388504587,0.265912551398,135.000003628,134.999995988
0.380454624221,-0.917470019925,0.37935122383,-0.915376033125,0.455388504587,0.265912551398,135.000003628,134.999995988
0.380423414104,-0.917368410109,0.379300740925,-0.915242562628,0.455388504587,0.265912551398,135.000003628,134.999995988
0.380392050451,-0.917265987581,0.379249908533,-0.915108055922,0.455388504587,0.265912551398,135.000003628,134.999995988
0.380360534554,-0.91716275215,0.379198727348,-0.914972513194,0.455388504587,0.265912551398,135.000003628,134.999995988
0.380328867704,-0.917058703631,0.379147198066,-0.914835934631,0.455388504587,0.265912551398,135.000003628,134.999995988
0.380297051195,-0.916953841838,0.379095321387,-0.914698320426,0.455388504587,0.265912551398,135.000003628,134.999995988
0.38026508632,-0.916848166588,0.379043098007,-0.914559670772,0.455388504587,0.265912551398,135.000003628,134.999995988
0.380232974373,-0.916741677701,0.378990528629,-0.914419985866,0.455388504587,0.265912551398,135.000003628,134.999995988
0.380200716649,-0.916634374999,0.378937613989,-0.914279265894,0.455388504587,0.265912551398,135.000003628,134.999995988
0.380168314443,-0.916526258307,0.378884354862,-0.914137511031,0.455388504587,0.265912551398,135.000003628,134.999995988
0.380135769052,-0.91641732745,0.378830751988,-0.913994721467,0.455388504587,0.265912551398,135.000003628,134.999995988
0.380103081771,-0.916307582257,0.378776806072,-0.913850897411,0.455388504587,0.265912551398,135.000003628,134.999995988
0.380070253896,-0.916197022559,0.378722517825,-0.913706039076,0.455388504587,0.265912551398,135.000003628,134.999995988
0.380037286726,-0.91608564819,0.378667887956,-0.913560146675,0.455388504587,0.265912551398,135.000003628,134.999995988
0.380004181558,-0.915973458986,0.378612917175,-0.913413220427,0.455388504587,0.265912551398,135.000003628,134.999995988
0.37997093971,-0.915860454775,0.378557606197,-0.913265260553,0.455388504587,0.265912551398,135.000003628,134.999995988
0.37993756265,-0.915746635328,0.378501955735,-0.913116267275,0.455388504587,0.265912551398,135.000003628,134.999995988
0.379904051827,-0.915632000424,0.378445966504,-0.912966240821,0.455388504587,0.265912551398,135.000003628,134.999995988
0.379870408542,-0.915516549908,0.378389639222,-0.912815181419,0.455388504587,0.265912551398,135.000003628,134.999995988
0.379836634098,-0.915400283627,0.378332974611,-0.912663089301,0.455388504587,0.265912551398,135.000003628,134.999995988
0.379802729796,-0.915283201427,0.378275973466,-0.912509964671,0.455388504587,0.265912551398,135.000003628,134.999995988
0.379768696939,-0.915165303162,0.378218636582,-0.912355807737,0.455388504587,0.265912551398,135.000003628,134.999995988
0.379734536828,-0.915046588683,0.378160964683,-0.912200618739,0.455388504587,0.265912551398,135.000003628,134.999995988
0.379700250768,-0.914927057846,0.378102958493,-0.912044397922,0.455388504587,0.265912551398,135.000003628,134.999995988
0.379665840061,-0.914806710509,0.378044618738,-0.911887145533,0.455388504587,0.265912551398,135.000003628,134.999995988
0.379631306011,-0.914685546532,0.377985946146,-0.911728861821,0.455388504587,0.265912551398,135.000003628,134.999995988
0.379596649922,-0.914563565777,0.377926941446,-0.911569547039,0.455388504587,0.265912551398,135.000003628,134.999995988
0.379561873098,-0.91444076811,0.377867605369,-0.911409201443,0.455388504587,0.265912551398,135.000003628,134.999995988
0.379526976844,-0.914317153398,0.377807938646,-0.911247825291,0.455388504587,0.265912551398,135.000003628,134.999995988
0.379491962463,-0.914192721508,0.37774794201,-0.911085418845,0.455388504587,0.265912551398,135.000003628,134.999995988
0.379456831368,-0.914067472271,0.37768761623,-0.910921982356,0.455388504587,0.265912551398,135.000003628,134.999995988
0.37942158505,-0.913941405481,0.377626962124,-0.910757516057,0.455388504587,0.265912551398,135.000003628,134.999995988
0.379386224895,-0.913814520981,0.377565980478,-0.910592020198,0.455388504587,0.265912551398,135.000003628,134.999995988
0.379350752211,-0.91368681865,0.377504672032,-0.910425495051,0.455388504587,0.265912551398,135.000003628,134.999995988
0.379315168306,-0.913558298368,0.377443037528,-0.910257940894,0.455388504587,0.265912551398,135.000003628,134.999995988
0.379279474487,-0.913428960016,0.377381077707,-0.910089358004,0.455388504587,0.265912551398,135.000003628,134.999995988
0.379243672064,-0.913298803479,0.377318793314,-0.909919746663,0.455388504587,0.265912551398,135.000003628,134.999995988
0.379207762344,-0.913167828645,0.377256185094,-0.909749107156,0.455388504587,0.265912551398,135.000003628,134.999995988
0.379171746635,-0.913036035402,0.377193253794,-0.90957743977,0.455388504587,0.265912551398,135.000003628,134.999995988
0.379135626247,-0.912903423643,0.377130000161,-0.909404744796,0.455388504587,0.265912551398,135.000003628,134.999995988
0.379099402489,-0.912769993261,0.377066424982,-0.909231022512,0.455388504587,0.265912551398,135.000003628,134.999995988
0.379063076669,-0.912635744153,0.377002529095,-0.909056273178,0.455388504587,0.265912551398,135.000003628,134.999995988
0.379026650096,-0.912500676216,0.376938313304,-0.908880497071,0.455388504587,0.265912551398,135.000003628,134.999995988
0.378990124127,-0.912364789333,0.376873778364,-0.908703694494,0.455388504587,0.265912551398,135.000003628,134.999995988
0.378953500271,-0.912228083324,0.376808925031,-0.90852586575,0.455388504587,0.265912551398,135.000003628,134.999995988
0.378916779994,-0.912090558028,0.376743754061,-0.908347011148,0.455388504587,0.265912551398,135.000003628,134.999995988
0.378879964607,-0.911952213353,0.376678266214,-0.908167130997,0.455388504587,0.265912551398,135.000003628,134.999995988
0.378843055423,-0.911813049208,0.37661246225,-0.907986225612,0.455388504587,0.265912551398,135.000003628,134.999995988
0.378806053754,-0.911673065504,0.376546342929,-0.907804295308,0.455388504587,0.265912551398,135.000003628,134.999995988
0.378768960909,-0.911532262155,0.376479909015,-0.907621340405,0.455388504587,0.265912551398,135.000003628,134.999995988
0.378731778203,-0.911390639077,0.376413161364,-0.907437361186,0.455388504587,0.265912551398,135.000003628,134.999995988
0.378694506946,-0.911248196189,0.376346100833,-0.907252357938,0.455388504587,0.265912551398,135.000003628,134.999995988
0.37865714845,-0.911104933411,0.376278728194,-0.907066330987,0.455388504587,0.265912551398,135.000003628,134.999995988
0.378619704028,-0.910960850667,0.376211044216,-0.906879280663,0.455388504587,0.265912551398,135.000003628,134.999995988
0.37858217499,-0.910815947881,0.376143049669,-0.906691207299,0.455388504587,0.265912551398,135.000003628,134.999995988
0.378544562651,-0.910670224981,0.376074745324,-0.906502111233,0.455388504587,0.265912551398,135.000003628,134.999995988
0.378506868499,-0.910523681822,0.376006131957,-0.906311992801,0.455388504587,0.265912551398,135.000003628,134.999995988
0.378469094065,-0.910376318247,0.37593721034,-0.906120852347,0.455388504587,0.265912551398,135.000003628,134.999995988
0.378431240698,-0.910228134174,0.375867981251,-0.905928690214,0.455388504587,0.265912551398,135.000003628,134.999995988
0.378393309713,-0.910079129539,0.375798445566,-0.90573550671,0.455388504587,0.265912551398,135.000003628,134.999995988
0.378355302422,-0.909929304279,0.375728604162,-0.905541302144,0.455388504587,0.265912551398,135.000003628,134.999995988
0.378317220141,-0.909778658336,0.375658457819,-0.905346076869,0.455388504587,0.265912551398,135.000003628,134.999995988
0.378279064183,-0.909627191652,0.37558800732,-0.90514983124,0.455388504587,0.265912551398,135.000003628,134.999995988
0.378240835861,-0.909474904172,0.37551725345,-0.904952565616,0.455388504587,0.265912551398,135.000003628,134.999995988
0.378202536491,-0.909321795842,0.375446196994,-0.904754280358,0.455388504587,0.265912551398,135.000003628,134.999995988
0.378164167384,-0.909167866613,0.375374838738,-0.904554975831,0.455388504587,0.265912551398,135.000003628,134.999995988
0.378125729856,-0.909013116437,0.37530317947,-0.904354652402,0.455388504587,0.265912551398,135.000003628,134.999995988
0.378087225265,-0.908857545248,0.375231220024,-0.904153310422,0.455388504587,0.265912551398,135.000003628,134.999995988
0.378048655154,-0.908701152907,0.375158961292,-0.903950950223,0.455388504587,0.265912551398,135.000003628,134.999995988
0.378010021022,-0.908543939295,0.375086404125,-0.903747572155,0.455388504587,0.265912551398,135.000003628,134.999995988
0.377971324185,-0.908385904373,0.375013549316,-0.903543176596,0.455388504587,0.265912551398,135.000003628,134.999995988
0.377932565957,-0.908227048103,0.374940397664,-0.903337763927,0.455388504587,0.265912551398,135.000003628,134.999995988
0.377893747654,-0.908067370448,0.374866949963,-0.903131334533,0.455388504587,0.265912551398,135.000003628,134.999995988
0.377854870592,-0.907906871375,0.374793207014,-0.902923888799,0.455388504587,0.265912551398,135.000003628,134.999995988
0.377815936084,-0.907745550854,0.374719169616,-0.902715427115,0.455388504587,0.265912551398,135.000003628,134.999995988
0.377776945446,-0.907583408856,0.374644838591,-0.902505949864,0.455388504587,0.265912551398,135.000003628,134.999995988
0.377737899992,-0.907420445354,0.374570214846,-0.902295457399,0.455388504587,0.265912551398,135.000003628,134.999995988
0.377698801037,-0.907256660323,0.374495299269,-0.902083950082,0.455388504587,0.265912551398,135.000003628,134.999995988
0.377659649942,-0.907092053722,0.374420092666,-0.901871428313,0.455388504587,0.265912551398,135.000003628,134.999995988
0.377620448264,-0.90692662543,0.374344595844,-0.901657892497,0.455388504587,0.265912551398,135.000003628,134.999995988
0.377581197514,-0.906760375347,0.374268809613,-0.901443343038,0.455388504587,0.265912551398,135.000003628,134.999995988
0.377541899009,-0.906593303457,0.374192734783,-0.901227780345,0.455388504587,0.265912551398,135.000003628,134.999995988
0.377502554063,-0.906425409745,0.374116372166,-0.90101120483,0.455388504587,0.265912551398,135.000003628,134.999995988
0.377463163992,-0.9062566942,0.374039722604,-0.900793616895,0.455388504587,0.265912551398,135.000003628,134.999995988
0.377423730111,-0.906087156813,0.373962787019,-0.900575016912,0.455388504587,0.265912551398,135.000003628,134.999995988
0.377384253736,-0.905916797574,0.373885566302,-0.90035540527,0.455388504587,0.265912551398,135.000003628,134.999995988
0.377344736181,-0.905745616481,0.37380806127,-0.900134782392,0.455388504587,0.265912551398,135.000003628,134.999995988
0.377305178761,-0.905573613528,0.373730272745,-0.899913148702,0.455388504587,0.265912551398,135.000003628,134.999995988
0.37726558279,-0.905400788717,0.373652201545,-0.899690504629,0.455388504587,0.265912551398,135.000003628,134.999995988
0.377225949767,-0.90522714197,0.373573848493,-0.899466850603,0.455388504587,0.265912551398,135.000003628,134.999995988
0.377186281261,-0.905052673186,0.373495214413,-0.899242187057,0.455388504587,0.265912551398,135.000003628,134.999995988
0.377146578656,-0.904877382341,0.373416300198,-0.8990165144,0.455388504587,0.265912551398,135.000003628,134.999995988
0.377106843268,-0.904701269441,0.37333710678,-0.898789833026,0.455388504587,0.265912551398,135.000003628,134.999995988
0.377067076413,-0.904524334496,0.373257635025,-0.89856214336,0.455388504587,0.265912551398,135.000003628,134.999995988
0.377027279404,-0.904346577517,0.373177885765,-0.898333445848,0.455388504587,0.265912551398,135.000003628,134.999995988
0.376987453557,-0.904167998519,0.373097859828,-0.898103740935,0.455388504587,0.265912551398,135.000003628,134.999995988
0.376947600185,-0.903988597516,0.373017558048,-0.897873029072,0.455388504587,0.265912551398,135.000003628,134.999995988
0.376907720603,-0.903808374528,0.372936981258,-0.897641310711,0.455388504587,0.265912551398,135.000003628,134.999995988
0.376867816124,-0.903627329574,0.372856130319,-0.897408586296,0.455388504587,0.265912551398,135.000003628,134.999995988
0.37682788825,-0.903445462598,0.372775006173,-0.897174856243,0.455388504587,0.265912551398,135.000003628,134.999995988
0.376787938556,-0.903262773515,0.372693609739,-0.896940120976,0.455388504587,0.265912551398,135.000003628,134.999995988
0.37674796843,-0.903079262322,0.372611941857,-0.896704380961,0.455388504587,0.265912551398,135.000003628,134.999995988
0.376707979185,-0.902894929045,0.372530003367,-0.896467636662,0.455388504587,0.265912551398,135.000003628,134.999995988
0.376667972136,-0.902709773715,0.372447795112,-0.896229888549,0.455388504587,0.265912551398,135.000003628,134.999995988
0.376627948596,-0.902523796365,0.372365317936,-0.895991137093,0.455388504587,0.265912551398,135.000003628,134.999995988
0.376587909877,-0.902336997029,0.372282572689,-0.895751382766,0.455388504587,0.265912551398,135.000003628,134.999995988
0.376547857294,-0.902149375745,0.372199560325,-0.895510625999,0.455388504587,0.265912551398,135.000003628,134.999995988
0.376507792156,-0.90196093255,0.37211628179,-0.895268867232,0.455388504587,0.265912551398,135.000003628,134.999995988
0.37646771581,-0.901771667473,0.372032737935,-0.895026106946,0.455388504587,0.265912551398,135.000003628,134.999995988
0.376427629832,-0.901581580446,0.37194892961,-0.894782345627,0.455388504587,0.265912551398,135.000003628,134.999995988
0.376387535769,-0.901390671415,0.371864857666,-0.894537583761,0.455388504587,0.265912551398,135.000003628,134.999995988
0.376347434935,-0.901198940427,0.371780522956,-0.89429182184,0.455388504587,0.265912551398,135.000003628,134.999995988
0.376307328641,-0.901006387531,0.371695926347,-0.894045060352,0.455388504587,0.265912551398,135.000003628,134.999995988
0.376267218199,-0.900813012777,0.371611068798,-0.89379729975,0.455388504587,0.265912551398,135.000003628,134.999995988
0.376227104919,-0.90061881622,0.371525951264,-0.893548540491,0.455388504587,0.265912551398,135.000003628,134.999995988
0.376186990112,-0.900423797914,0.371440574603,-0.893298783076,0.455388504587,0.265912551398,135.000003628,134.999995988
0.376146875088,-0.900227957917,0.371354939675,-0.89304802801,0.455388504587,0.265912551398,135.000003628,134.999995988
0.376106761157,-0.900031296287,0.371269047342,-0.892796275799,0.455388504587,0.265912551398,135.000003628,134.999995988
0.376066649863,-0.899833812989,0.371182898466,-0.892543526952,0.455388504587,0.265912551398,135.000003628,134.999995988
0.376026542786,-0.899635507973,0.371096493945,-0.892289781967,0.455388504587,0.265912551398,135.000003628,134.999995988
0.375986441269,-0.89943638129,0.371009834747,-0.892035041315,0.455388504587,0.265912551398,135.000003628,134.999995988
0.375946346623,-0.899236433007,0.370922921812,-0.891779305484,0.455388504587,0.265912551398,135.000003628,134.999995988
0.375906260155,-0.899035663192,0.370835756008,-0.891522574993,0.455388504587,0.265912551398,135.000003628,134.999995988
0.375866183174,-0.898834071919,0.370748338204,-0.891264850365,0.455388504587,0.265912551398,135.000003628,134.999995988
0.375826116986,-0.89863165926,0.370660669272,-0.891006132124,0.455388504587,0.265912551398,135.000003628,134.999995988
0.3757860629,-0.89842842529,0.370572750083,-0.890746420799,0.455388504587,0.265912551398,135.000003628,134.999995988
0.375746022222,-0.898224370089,0.370484581582,-0.89048571689,0.455388504587,0.265912551398,135.000003628,134.999995988
0.375705996512,-0.898019493628,0.370396164746,-0.890224020889,0.455388504587,0.265912551398,135.000003628,134.999995988
0.375665987349,-0.897813795876,0.37030750048,-0.889961333317,0.455388504587,0.265912551398,135.000003628,134.999995988
0.375625996053,-0.897607276909,0.370218589664,-0.889697654714,0.455388504587,0.265912551398,135.000003628,134.999995988
0.37558602393,-0.897399936814,0.370129433176,-0.889432985619,0.455388504587,0.265912551398,135.000003628,134.999995988
0.375546072286,-0.897191775677,0.370040031896,-0.889167326578,0.455388504587,0.265912551398,135.000003628,134.999995988
0.375506142424,-0.896982793588,0.369950386728,-0.888900678126,0.455388504587,0.265912551398,135.000003628,134.999995988
0.375466235648,-0.896772990639,0.369860498653,-0.888633040771,0.455388504587,0.265912551398,135.000003628,134.999995988
0.375426353261,-0.896562366923,0.36977036863,-0.888364415035,0.455388504587,0.265912551398,135.000003628,134.999995988
0.375386496644,-0.896350922504,0.369679997543,-0.88809480147,0.455388504587,0.265912551398,135.000003628,134.999995988
0.37534666737,-0.896138657366,0.36958938628,-0.887824200635,0.455388504587,0.265912551398,135.000003628,134.999995988
0.375306866929,-0.895925571529,0.369498535727,-0.887552613088,0.455388504587,0.265912551398,135.000003628,134.999995988
0.375267096623,-0.895711665094,0.369407446774,-0.887280039392,0.455388504587,0.265912551398,135.000003628,134.999995988
0.375227357754,-0.895496938165,0.369316120361,-0.88700648009,0.455388504587,0.265912551398,135.000003628,134.999995988
0.375187651621,-0.895281390847,0.369224557433,-0.886731935727,0.455388504587,0.265912551398,135.000003628,134.999995988
0.375147979523,-0.895065023248,0.369132758886,-0.886456406873,0.455388504587,0.265912551398,135.000003628,134.999995988
0.375108342759,-0.894847835477,0.369040725612,-0.8861798941,0.455388504587,0.265912551398,135.000003628,134.999995988
0.375068742627,-0.894629827647,0.368948458504,-0.885902397984,0.455388504587,0.265912551398,135.000003628,134.999995988
0.375029180665,-0.894410999769,0.368855958458,-0.885623919104,0.455388504587,0.265912551398,135.000003628,134.999995988
0.37498965844,-0.894191351847,0.368763226279,-0.885344458078,0.455388504587,0.265912551398,135.000003628,134.999995988
0.374950177272,-0.893970883987,0.368670262744,-0.885064015541,0.455388504587,0.265912551398,135.000003628,134.999995988
0.374910738457,-0.893749596309,0.368577068713,-0.884782592094,0.455388504587,0.265912551398,135.000003628,134.999995988
0.374871343291,-0.893527488933,0.368483645078,-0.88450018833,0.455388504587,0.265912551398,135.000003628,134.999995988
0.374831993068,-0.893304561983,0.368389992732,-0.884216804843,0.455388504587,0.265912551398,135.000003628,134.999995988
0.374792689081,-0.893080815585,0.36829611257,-0.883932442231,0.455388504587,0.265912551398,135.000003628,134.999995988
0.374753432622,-0.892856249865,0.368202005497,-0.88364710109,0.455388504587,0.265912551398,135.000003628,134.999995988
0.374714225181,-0.892630864871,0.368107672425,-0.883360782015,0.455388504587,0.265912551398,135.000003628,134.999995988
0.374675068313,-0.892404660623,0.368013114254,-0.883073485612,0.455388504587,0.265912551398,135.000003628,134.999995988
0.374635963375,-0.892177637225,0.36791833188,-0.882785212489,0.455388504587,0.265912551398,135.000003628,134.999995988
0.374596911658,-0.891949794813,0.3678233262,-0.882495963257,0.455388504587,0.265912551398,135.000003628,134.999995988
0.37455791445,-0.891721133524,0.367728098114,-0.882205738532,0.455388504587,0.265912551398,135.000003628,134.999995988
0.37451897304,-0.891491653496,0.367632648536,-0.881914538922,0.455388504587,0.265912551398,135.000003628,134.999995988
0.374480088715,-0.891261354871,0.367536978388,-0.881622365039,0.455388504587,0.265912551398,135.000003628,134.999995988
0.37444126276,-0.891030237791,0.367441088573,-0.881329217504,0.455388504587,0.265912551398,135.000003628,134.999995988
0.374402496671,-0.890798302314,0.367344979992,-0.881035096942,0.455388504587,0.265912551398,135.000003628,134.999995988
0.374363791988,-0.890565548479,0.367248653549,-0.880740003981,0.455388504587,0.265912551398,135.000003628,134.999995988
0.374325150049,-0.890331976412,0.367152110145,-0.880443939252,0.455388504587,0.265912551398,135.000003628,134.999995988
0.374286572135,-0.890097586263,0.367055350695,-0.880146903384,0.455388504587,0.265912551398,135.000003628,134.999995988
0.374248059529,-0.889862378187,0.366958376114,-0.879848897009,0.455388504587,0.265912551398,135.000003628,134.999995988
0.374209613512,-0.889626352336,0.366861187306,-0.879549920765,0.455388504587,0.265912551398,135.000003628,134.999995988
0.374171235364,-0.889389508867,0.366763785177,-0.879249975295,0.455388504587,0.265912551398,135.000003628,134.999995988
0.374132926378,-0.889151847934,0.366666170632,-0.878949061244,0.455388504587,0.265912551398,135.000003628,134.999995988
0.374094688083,-0.88891336959,0.366568344579,-0.878647179257,0.455388504587,0.265912551398,135.000003628,134.999995988
0.374056521994,-0.888674073898,0.366470307927,-0.878344329984,0.455388504587,0.265912551398,135.000003628,134.999995988
0.374018429387,-0.888433961023,0.366372061585,-0.878040514079,0.455388504587,0.265912551398,135.000003628,134.999995988
0.373980411536,-0.88819303113,0.36627360646,-0.877735732196,0.455388504587,0.265912551398,135.000003628,134.999995988
0.373942469716,-0.887951284387,0.366174943461,-0.877429984995,0.455388504587,0.265912551398,135.000003628,134.999995988
0.3739046052,-0.887708720964,0.366076073499,-0.877123273136,0.455388504587,0.265912551398,135.000003628,134.999995988
0.373866819261,-0.887465341033,0.36597699748,-0.876815597284,0.455388504587,0.265912551398,135.000003628,134.999995988
0.373829113285,-0.887221144719,0.365877716307,-0.876506958109,0.455388504587,0.265912551398,135.000003628,134.999995988
0.373791488784,-0.886976132096,0.365778230888,-0.876197356282,0.455388504587,0.265912551398,135.000003628,134.999995988
0.373753947147,-0.88673030329,0.365678542136,-0.875886792476,0.455388504587,0.265912551398,135.000003628,134.999995988
0.373716489643,-0.88648365848,0.365578650962,-0.875575267364,0.455388504587,0.265912551398,135.000003628,134.999995988
0.373679117537,-0.886236197848,0.365478558278,-0.875262781624,0.455388504587,0.265912551398,135.000003628,134.999995988
0.373641832095,-0.885987921577,0.365378264985,-0.874949335944,0.455388504587,0.265912551398,135.000003628,134.999995988
0.373604634581,-0.885738829853,0.365277771982,-0.874634931012,0.455388504587,0.265912551398,135.000003628,134.999995988
0.373567526269,-0.885488922857,0.365177080183,-0.874319567513,0.455388504587,0.265912551398,135.000003628,134.999995988
0.373530508547,-0.885238200726,0.365076190504,-0.874003246136,0.455388504587,0.265912551398,135.000003628,134.999995988
0.373493582788,-0.884986663603,0.364975103859,-0.873685967574,0.455388504587,0.265912551398,135.000003628,134.999995988
0.373456750247,-0.884734311681,0.364873821152,-0.873367732524,0.455388504587,0.265912551398,135.000003628,134.999995988
0.373420012179,-0.884481145158,0.364772343279,-0.873048541692,0.455388504587,0.265912551398,135.000003628,134.999995988
0.373383369837,-0.884227164232,0.364670671148,-0.872728395782,0.455388504587,0.265912551398,135.000003628,134.999995988
0.373346824473,-0.883972369101,0.364568805676,-0.872407295496,0.455388504587,0.265912551398,135.000003628,134.999995988
0.373310377339,-0.883716759969,0.364466747782,-0.872085241538,0.455388504587,0.265912551398,135.000003628,134.999995988
0.373274029411,-0.883460337153,0.364364498375,-0.87176223462,0.455388504587,0.265912551398,135.000003628,134.999995988
0.373237781609,-0.883203100998,0.364262058349,-0.871438275463,0.455388504587,0.265912551398,135.000003628,134.999995988
0.373201635114,-0.882945051739,0.364159428602,-0.871113364787,0.455388504587,0.265912551398,135.000003628,134.999995988
0.373165591154,-0.882686189594,0.364056610055,-0.87078750331,0.455388504587,0.265912551398,135.000003628,134.999995988
0.373129650958,-0.882426514779,0.363953603626,-0.87046069175,0.455388504587,0.265912551398,135.000003628,134.999995988
0.373093815752,-0.882166027516,0.363850410234,-0.870132930829,0.455388504587,0.265912551398,135.000003628,134.999995988
0.373058086761,-0.881904728027,0.363747030772,-0.869804221282,0.455388504587,0.265912551398,135.000003628,134.999995988
0.373022465227,-0.881642616526,0.36364346613,-0.86947456385,0.455388504587,0.265912551398,135.000003628,134.999995988
0.372986952397,-0.881379693231,0.363539717229,-0.869143959262,0.455388504587,0.265912551398,135.000003628,134.999995988
0.372951549493,-0.881115958368,0.363435784989,-0.86881240825,0.455388504587,0.265912551398,135.000003628,134.999995988
0.372916257727,-0.880851412169,0.363331670334,-0.86847991155,0.455388504587,0.265912551398,135.000003628,134.999995988
0.372881078313,-0.880586054869,0.363227374157,-0.868146469911,0.455388504587,0.265912551398,135.000003628,134.999995988
0.372846012461,-0.880319886701,0.363122897345,-0.867812084088,0.455388504587,0.265912551398,135.000003628,134.999995988
0.37281106138,-0.880052907905,0.363018240816,-0.867476754827,0.455388504587,0.265912551398,135.000003628,134.999995988
0.372776226309,-0.879785118706,0.362913405491,-0.867140482874,0.455388504587,0.265912551398,135.000003628,134.999995988
0.37274150849,-0.87951651933,0.362808392294,-0.866803268977,0.455388504587,0.265912551398,135.000003628,134.999995988
0.37270690913,-0.87924711002,0.362703202124,-0.866465113899,0.455388504587,0.265912551398,135.000003628,134.999995988
0.372672429429,-0.878976891022,0.362597835865,-0.866126018409,0.455388504587,0.265912551398,135.000003628,134.999995988
0.372638070582,-0.878705862585,0.362492294432,-0.865785983269,0.455388504587,0.265912551398,135.000003628,134.999995988
0.372603833787,-0.878434024959,0.362386578748,-0.865445009239,0.455388504587,0.265912551398,135.000003628,134.999995988
0.372569720235,-0.878161378397,0.362280689738,-0.865103097081,0.455388504587,0.265912551398,135.000003628,134.999995988
0.372535731132,-0.877887923148,0.3621746283,-0.86476024757,0.455388504587,0.265912551398,135.000003628,134.999995988
0.372501867677,-0.877613659465,0.362068395319,-0.864416461491,0.455388504587,0.265912551398,135.000003628,134.999995988
0.372468131055,-0.877338587606,0.361961991703,-0.864071739622,0.455388504587,0.265912551398,135.000003628,134.999995988
0.372434522448,-0.877062707835,0.36185541838,-0.863726082735,0.455388504587,0.265912551398,135.000003628,134.999995988
0.372401043036,-0.876786020414,0.361748676274,-0.863379491606,0.455388504587,0.265912551398,135.000003628,134.999995988
0.372367693997,-0.876508525611,0.361641766285,-0.863031967024,0.455388504587,0.265912551398,135.000003628,134.999995988
0.372334476507,-0.876230223692,0.361534689294,-0.86268350979,0.455388504587,0.265912551398,135.000003628,134.999995988
0.372301391728,-0.875951114934,0.361427446213,-0.862334120692,0.455388504587,0.265912551398,135.000003628,134.999995988
0.372268440821,-0.875671199612,0.361320037969,-0.861983800517,0.455388504587,0.265912551398,135.000003628,134.999995988
0.372235624951,-0.875390478002,0.36121246549,-0.861632550055,0.455388504587,0.265912551398,135.000003628,134.999995988
0.372202945283,-0.875108950382,0.361104729667,-0.861280370111,0.455388504587,0.265912551398,135.000003628,134.999995988
0.372170402981,-0.87482661703,0.360996831379,-0.860927261499,0.455388504587,0.265912551398,135.000003628,134.999995988
0.372137999205,-0.874543478226,0.360888771541,-0.860573225024,0.455388504587,0.265912551398,135.000003628,134.999995988
0.372105735094,-0.874259534263,0.36078055108,-0.860218261483,0.455388504587,0.265912551398,135.000003628,134.999995988
0.37207361177,-0.873974785439,0.360672170925,-0.85986237168,0.455388504587,0.265912551398,135.000003628,134.999995988
0.372041630372,-0.873689232048,0.360563631961,-0.859505556437,0.455388504587,0.265912551398,135.000003628,134.999995988
0.372009792048,-0.873402874381,0.360454935065,-0.859147816583,0.455388504587,0.265912551398,135.000003628,134.999995988
0.371978097944,-0.87311571273,0.360346081158,-0.858789152931,0.455388504587,0.265912551398,135.000003628,134.999995988
0.371946549204,-0.872827747388,0.360237071171,-0.858429566294,0.455388504587,0.265912551398,135.000003628,134.999995988
0.371915146965,-0.872538978655,0.360127906029,-0.858069057488,0.455388504587,0.265912551398,135.000003628,134.999995988
0.371883892316,-0.87224940685,0.360018586607,-0.857707627354,0.455388504587,0.265912551398,135.000003628,134.999995988
0.371852786346,-0.871959032293,0.359909113784,-0.857345276734,0.455388504587,0.265912551398,135.000003628,134.999995988
0.371821830188,-0.871667855288,0.359799488491,-0.85698200645,0.455388504587,0.265912551398,135.000003628,134.999995988
0.371791024971,-0.871375876139,0.359689711656,-0.856617817329,0.455388504587,0.265912551398,135.000003628,134.999995988
0.371760371821,-0.871083095155,0.35957978419,-0.856252710207,0.455388504587,0.265912551398,135.000003628,134.999995988
0.371729871864,-0.870789512645,0.359469706966,-0.855886685939,0.455388504587,0.265912551398,135.000003628,134.999995988
0.371699526174,-0.870495128939,0.359359480873,-0.855519745376,0.455388504587,0.265912551398,135.000003628,134.999995988
0.371669335804,-0.87019994438,0.359249106839,-0.855151889354,0.455388504587,0.265912551398,135.000003628,134.999995988
0.371639301851,-0.869903959292,0.359138585797,-0.854783118713,0.455388504587,0.265912551398,135.000003628,134.999995988
0.371609425425,-0.869607173994,0.359027918636,-0.85441343431,0.455388504587,0.265912551398,135.000003628,134.999995988
0.371579707637,-0.869309588805,0.358917106224,-0.854042837016,0.455388504587,0.265912551398,135.000003628,134.999995988
0.371550149594,-0.869011204049,0.358806149465,-0.853671327689,0.455388504587,0.265912551398,135.000003628,134.999995988
0.371520752366,-0.868712020063,0.358695049289,-0.853298907178,0.455388504587,0.265912551398,135.000003628,134.999995988
0.371491516975,-0.868412037209,0.358583806627,-0.852925576334,0.455388504587,0.265912551398,135.000003628,134.999995988
0.371462444471,-0.868111255835,0.358472422343,-0.852551336041,0.455388504587,0.265912551398,135.000003628,134.999995988
0.37143353595,-0.867809676273,0.358360897298,-0.852176187184,0.455388504587,0.265912551398,135.000003628,134.999995988
0.371404792501,-0.867507298856,0.358249232419,-0.851800130625,0.455388504587,0.265912551398,135.000003628,134.999995988
0.371376215213,-0.867204123919,0.358137428636,-0.851423167225,0.455388504587,0.265912551398,135.000003628,134.999995988
0.371347805154,-0.866900151809,0.358025486855,-0.851045297862,0.455388504587,0.265912551398,135.000003628,134.999995988
0.371319563318,-0.866595382901,0.35791340793,-0.850666523433,0.455388504587,0.265912551398,135.000003628,134.999995988
0.371291490716,-0.866289817568,0.357801192744,-0.850286844829,0.455388504587,0.265912551398,135.000003628,134.999995988
0.371263588422,-0.865983456154,0.357688842227,-0.849906262923,0.455388504587,0.265912551398,135.000003628,134.999995988
0.371235857508,-0.865676299006,0.35757635731,-0.84952477859,0.455388504587,0.265912551398,135.000003628,134.999995988
0.371208299046,-0.865368346472,0.35746373886,-0.849142392733,0.455388504587,0.265912551398,135.000003628,134.999995988
0.371180914092,-0.865059598905,0.357350987729,-0.848759106268,0.455388504587,0.265912551398,135.000003628,134.999995988
0.371153703612,-0.864750056701,0.35723810483,-0.848374920083,0.455388504587,0.265912551398,135.000003628,134.999995988
0.371126668576,-0.864439720253,0.357125091094,-0.847989835063,0.455388504587,0.265912551398,135.000003628,134.999995988
0.37109981004,-0.864128589917,0.35701194743,-0.847603852107,0.455388504587,0.265912551398,135.000003628,134.999995988
0.371073129057,-0.863816666055,0.356898674693,-0.847216972135,0.455388504587,0.265912551398,135.000003628,134.999995988
0.371046626679,-0.863503949025,0.356785273763,-0.846829196062,0.455388504587,0.265912551398,135.000003628,134.999995988
0.371020303947,-0.863190439195,0.356671745569,-0.846440524785,0.455388504587,0.265912551398,135.000003628,134.999995988
0.370994161801,-0.862876136973,0.356558091041,-0.8460509592,0.455388504587,0.265912551398,135.000003628,134.999995988
0.370968201182,-0.862561042771,0.356444311045,-0.845660500237,0.455388504587,0.265912551398,135.000003628,134.999995988
0.370942423125,-0.862245156959,0.356330406434,-0.84526914883,0.455388504587,0.265912551398,135.000003628,134.999995988
0.370916828666,-0.861928479908,0.356216378126,-0.84487690589,0.455388504587,0.265912551398,135.000003628,134.999995988
0.370891418834,-0.861611011992,0.356102227051,-0.844483772326,0.455388504587,0.265912551398,135.000003628,134.999995988
0.37086619465,-0.861292753591,0.355987954104,-0.844089749062,0.455388504587,0.265912551398,135.000003628,134.999995988
0.37084115702,-0.860973705132,0.355873560134,-0.843694837046,0.455388504587,0.265912551398,135.000003628,134.999995988
0.370816306861,-0.860653867042,0.355759046025,-0.843299037213,0.455388504587,0.265912551398,135.000003628,134.999995988
0.370791645189,-0.860333239702,0.355644412706,-0.842902350482,0.455388504587,0.265912551398,135.000003628,134.999995988
0.370767173019,-0.860011823498,0.355529661101,-0.842504777774,0.455388504587,0.265912551398,135.000003628,134.999995988
0.370742891362,-0.859689618815,0.355414792057,-0.842106320048,0.455388504587,0.265912551398,135.000003628,134.999995988
0.370718801203,-0.859366626051,0.355299806422,-0.841706978265,0.455388504587,0.265912551398,135.000003628,134.999995988
0.370694903427,-0.859042845648,0.355184705123,-0.841306753353,0.455388504587,0.265912551398,135.000003628,134.999995988
0.370671198938,-0.858718278041,0.355069489089,-0.840905646242,0.455388504587,0.265912551398,135.000003628,134.999995988
0.370647688733,-0.858392923623,0.354954159189,-0.840503657891,0.455388504587,0.265912551398,135.000003628,134.999995988
0.370624373807,-0.858066782792,0.354838716263,-0.840100789273,0.455388504587,0.265912551398,135.000003628,134.999995988
0.370601255152,-0.857739855946,0.354723161212,-0.839697041338,0.455388504587,0.265912551398,135.000003628,134.999995988
0.370578333705,-0.857412143507,0.354607494964,-0.839292415026,0.455388504587,0.265912551398,135.000003628,134.999995988
0.370555610318,-0.857083645935,0.354491718413,-0.838886911294,0.455388504587,0.265912551398,135.000003628,134.999995988
0.37053308589,-0.856754363669,0.354375832396,-0.838480531128,0.455388504587,0.265912551398,135.000003628,134.999995988
0.370510761397,-0.856424297117,0.354259837787,-0.838073275496,0.455388504587,0.265912551398,135.000003628,134.999995988
0.370488637814,-0.856093446688,0.354143735513,-0.837665145351,0.455388504587,0.265912551398,135.000003628,134.999995988
0.370466716111,-0.855761812791,0.354027526488,-0.837256141649,0.455388504587,0.265912551398,135.000003628,134.999995988
0.37044499717,-0.855429395877,0.353911211548,-0.836846265386,0.455388504587,0.265912551398,135.000003628,134.999995988
0.370423481819,-0.85509619642,0.353794791538,-0.836435517553,0.455388504587,0.265912551398,135.000003628,134.999995988
0.370402170967,-0.854762214857,0.353678267385,-0.836023899111,0.455388504587,0.265912551398,135.000003628,134.999995988
0.37038106557,-0.854427451608,0.353561640014,-0.835611411022,0.455388504587,0.265912551398,135.000003628,134.999995988
0.370360166582,-0.854091907094,0.353444910265,-0.835198054289,0.455388504587,0.265912551398,135.000003628,134.999995988
0.370339474952,-0.853755581737,0.353328078967,-0.83478382992,0.455388504587,0.265912551398,135.000003628,134.999995988
0.370318991492,-0.85341847602,0.353211147035,-0.834368738889,0.455388504587,0.265912551398,135.000003628,134.999995988
0.370298717001,-0.853080590432,0.353094115397,-0.833952782167,0.455388504587,0.265912551398,135.000003628,134.999995988
0.370278652409,-0.852741925406,0.352976984904,-0.833535960761,0.455388504587,0.265912551398,135.000003628,134.999995988
0.370258798653,-0.852402481372,0.352859756382,-0.83311827569,0.455388504587,0.265912551398,135.000003628,134.999995988
0.370239156663,-0.852062258762,0.352742430727,-0.832699727946,0.455388504587,0.265912551398,135.000003628,134.999995988
0.37021972732,-0.851721258034,0.352625008862,-0.83228031851,0.455388504587,0.265912551398,135.000003628,134.999995988
0.370200511393,-0.851379479691,0.352507491654,-0.831860048392,0.455388504587,0.265912551398,135.000003628,134.999995988
0.370181509698,-0.851036924216,0.352389879924,-0.831438918622,0.455388504587,0.265912551398,135.000003628,134.999995988
0.370162723153,-0.850693592051,0.352272174548,-0.83101693021,0.455388504587,0.265912551398,135.000003628,134.999995988
0.370144152671,-0.850349483639,0.352154376448,-0.830594084146,0.455388504587,0.265912551398,135.000003628,134.999995988
0.370125799164,-0.850004599423,0.352036486504,-0.830170381444,0.455388504587,0.265912551398,135.000003628,134.999995988
0.37010766341,-0.849658939905,0.351918505529,-0.829745823147,0.455388504587,0.265912551398,135.000003628,134.999995988
0.370089746145,-0.849312505607,0.351800434385,-0.829320410278,0.455388504587,0.265912551398,135.000003628,134.999995988
0.370072048229,-0.848965296997,0.351682273994,-0.828894143839,0.455388504587,0.265912551398,135.000003628,134.999995988
0.370054570556,-0.848617314527,0.351564025241,-0.828467024848,0.455388504587,0.265912551398,135.000003628,134.999995988
0.370037314019,-0.848268558651,0.351445688937,-0.828039054359,0.455388504587,0.265912551398,135.000003628,134.999995988
0.37002027946,-0.847919029845,0.35132726593,-0.82761023341,0.455388504587,0.265912551398,135.000003628,134.999995988
0.370003467584,-0.847568728647,0.351208757141,-0.827180563012,0.455388504587,0.265912551398,135.000003628,134.999995988
0.369986879139,-0.847217655573,0.35109016346,-0.82675004419,0.455388504587,0.265912551398,135.000003628,134.999995988
0.369970515,-0.846865811088,0.350971485693,-0.826318678009,0.455388504587,0.265912551398,135.000003628,134.999995988
0.369954376041,-0.846513195654,0.350852724677,-0.82588646552,0.455388504587,0.265912551398,135.000003628,134.999995988
0.369938463131,-0.846159809738,0.35073388133,-0.825453407744,0.455388504587,0.265912551398,135.000003628,134.999995988
0.369922776982,-0.845805653875,0.350614956546,-0.825019505714,0.455388504587,0.265912551398,135.000003628,134.999995988
0.369907318266,-0.845450728618,0.350495951125,-0.824584760505,0.455388504587,0.265912551398,135.000003628,134.999995988
0.369892087802,-0.845095034456,0.350376865896,-0.824149173182,0.455388504587,0.265912551398,135.000003628,134.999995988
0.369877086445,-0.844738571862,0.350257701776,-0.823712744773,0.455388504587,0.265912551398,135.000003628,134.999995988
0.369862315044,-0.844381341313,0.350138459656,-0.823275476322,0.455388504587,0.265912551398,135.000003628,134.999995988
0.369847774364,-0.84402334332,0.350019140332,-0.822837368914,0.455388504587,0.265912551398,135.000003628,134.999995988
0.369833465049,-0.843664578452,0.349899744628,-0.822398423624,0.455388504587,0.265912551398,135.000003628,134.999995988
0.369819387819,-0.843305047242,0.34978027346,-0.821958641492,0.455388504587,0.265912551398,135.000003628,134.999995988
0.369805543507,-0.842944750173,0.349660727712,-0.82151802357,0.455388504587,0.265912551398,135.000003628,134.999995988
0.369791932944,-0.842583687732,0.349541108176,-0.821076570954,0.455388504587,0.265912551398,135.000003628,134.999995988
0.369778556947,-0.84222186041,0.349421415674,-0.82063428473,0.455388504587,0.265912551398,135.000003628,134.999995988
0.369765416152,-0.841859268777,0.34930165112,-0.820191165944,0.455388504587,0.265912551398,135.000003628,134.999995988
0.369752511205,-0.841495913402,0.34918181539,-0.819747215664,0.455388504587,0.265912551398,135.000003628,134.999995988
0.36973984292,-0.841131794777,0.349061909271,-0.819302434994,0.455388504587,0.265912551398,135.000003628,134.999995988
0.369727412108,-0.840766913398,0.348941933586,-0.818856825028,0.455388504587,0.265912551398,135.000003628,134.999995988
0.369715219578,-0.84040126976,0.348821889248,-0.818410386823,0.455388504587,0.265912551398,135.000003628,134.999995988
0.369703265988,-0.840034864426,0.34870177712,-0.817963121457,0.455388504587,0.265912551398,135.000003628,134.999995988
0.369691551945,-0.839667697982,0.348581597982,-0.817515030049,0.455388504587,0.265912551398,135.000003628,134.999995988
0.369680078201,-0.839299770949,0.348461352665,-0.817066113695,0.455388504587,0.265912551398,135.000003628,134.999995988
0.369668845546,-0.838931083832,0.348341042079,-0.816616373462,0.455388504587,0.265912551398,135.000003628,134.999995988
0.369657854771,-0.838561637135,0.34822066707,-0.816165810446,0.455388504587,0.265912551398,135.000003628,134.999995988
0.369647106556,-0.838191431412,0.348100228414,-0.815714425773,0.455388504587,0.265912551398,135.000003628,134.999995988
0.369636601483,-0.83782046726,0.34797972695,-0.815262220546,0.455388504587,0.265912551398,135.000003628,134.999995988
0.369626340229,-0.837448745234,0.347859163586,-0.814809195838,0.455388504587,0.265912551398,135.000003628,134.999995988
0.369616323569,-0.837076265846,0.347738539148,-0.814355352764,0.455388504587,0.265912551398,135.000003628,134.999995988
0.36960655227,-0.836703029613,0.347617854406,-0.81390069246,0.455388504587,0.265912551398,135.000003628,134.999995988
0.369597027033,-0.836329037078,0.347497110212,-0.813445216031,0.455388504587,0.265912551398,135.000003628,134.999995988
0.36958774841,-0.835954288852,0.347376307474,-0.812988924561,0.455388504587,0.265912551398,135.000003628,134.999995988
0.369578717015,-0.83557878552,0.34725544699,-0.81253181918,0.455388504587,0.265912551398,135.000003628,134.999995988
0.3695699336,-0.835202527603,0.347134529525,-0.812073901037,0.455388504587,0.265912551398,135.000003628,134.999995988
0.369561398914,-0.834825515625,0.34701355595,-0.811615171236,0.455388504587,0.265912551398,135.000003628,134.999995988
0.36955311367,-0.834447750127,0.34689252717,-0.81115563087,0.455388504587,0.265912551398,135.000003628,134.999995988
0.369545078393,-0.83406923173,0.346771443954,-0.810695281091,0.455388504587,0.265912551398,135.000003628,134.999995988
0.36953729364,-0.833689961046,0.34665030706,-0.810234123057,0.455388504587,0.265912551398,135.000003628,134.999995988
0.369529760141,-0.833309938605,0.346529117383,-0.809772157871,0.455388504587,0.265912551398,135.000003628,134.999995988
0.369522478627,-0.832929164939,0.346407875803,-0.809309386642,0.455388504587,0.265912551398,135.000003628,134.999995988
0.369515449814,-0.832547640588,0.346286583075,-0.808845810538,0.455388504587,0.265912551398,135.000003628,134.999995988
0.369508674206,-0.832165366184,0.346165239975,-0.808381430716,0.455388504587,0.265912551398,135.000003628,134.999995988
0.369502152308,-0.831782342358,0.346043847401,-0.807916248286,0.455388504587,0.265912551398,135.000003628,134.999995988
0.369495884834,-0.831398569651,0.345922406198,-0.80745026438,0.455388504587,0.265912551398,135.000003628,134.999995988
0.369489872493,-0.831014048604,0.345800917116,-0.806983480174,0.455388504587,0.265912551398,135.000003628,134.999995988
0.369484115989,-0.83062877976,0.345679380958,-0.806515896823,0.455388504587,0.265912551398,135.000003628,134.999995988
0.369478615808,-0.830242763761,0.34555779862,-0.806047515444,0.455388504587,0.265912551398,135.000003628,134.999995988
0.36947337242,-0.829856001254,0.345436170906,-0.805578337195,0.455388504587,0.265912551398,135.000003628,134.999995988
0.369468386508,-0.829468492792,0.34531449856,-0.805108363262,0.455388504587,0.265912551398,135.000003628,134.999995988
0.369463658761,-0.829080238926,0.345192782418,-0.804637594793,0.455388504587,0.265912551398,135.000003628,134.999995988
0.369459189865,-0.828691240205,0.345071023374,-0.804166032914,0.455388504587,0.265912551398,135.000003628,134.999995988
0.369454980285,-0.828301497281,0.344949222186,-0.803693678809,0.455388504587,0.265912551398,135.000003628,134.999995988
0.369451030463,-0.827911010813,0.344827379591,-0.803220533675,0.455388504587,0.265912551398,135.000003628,134.999995988
0.369447341055,-0.827519781367,0.344705496463,-0.802746598651,0.455388504587,0.265912551398,135.000003628,134.999995988
0.369443912729,-0.8271278095,0.344583573667,-0.802271874883,0.455388504587,0.265912551398,135.000003628,134.999995988
0.369440746149,-0.826735095773,0.344461611936,-0.801796363573,0.455388504587,0.265912551398,135.000003628,134.999995988
0.369437841753,-0.826341640849,0.344339612028,-0.801320065917,0.455388504587,0.265912551398,135.000003628,134.999995988
0.369435199957,-0.825947445398,0.344217574832,-0.800842983053,0.455388504587,0.265912551398,135.000003628,134.999995988
0.369432821393,-0.825552509995,0.344095501159,-0.800365116158,0.455388504587,0.265912551398,135.000003628,134.999995988
0.369430706711,-0.825156835206,0.343973391736,-0.799886466445,0.455388504587,0.265912551398,135.000003628,134.999995988
0.369428856555,-0.824760421601,0.343851247364,-0.799407035097,0.455388504587,0.265912551398,135.000003628,134.999995988
0.369427271324,-0.824363269856,0.34372906893,-0.798926823263,0.455388504587,0.265912551398,135.000003628,134.999995988
0.369425951406,-0.823965380657,0.343606857186,-0.798445832149,0.455388504587,0.265912551398,135.000003628,134.999995988
0.369424897424,-0.82356675458,0.343484612851,-0.797964062979,0.455388504587,0.265912551398,135.000003628,134.999995988
0.369424110006,-0.823167392202,0.343362336778,-0.797481516922,0.455388504587,0.265912551398,135.000003628,134.999995988
0.369423589763,-0.822767294104,0.343240029825,-0.796998195146,0.455388504587,0.265912551398,135.000003628,134.999995988
0.369423337061,-0.82236646098,0.343117692705,-0.796514098882,0.455388504587,0.265912551398,135.000003628,134.999995988
0.369423352273,-0.821964893518,0.342995326158,-0.79602922935,0.455388504587,0.265912551398,135.000003628,134.999995988
0.369423636009,-0.821562592301,0.342872931067,-0.795543587714,0.455388504587,0.265912551398,135.000003628,134.999995988
0.369424188875,-0.821159557914,0.34275050822,-0.795057175178,0.455388504587,0.265912551398,135.000003628,134.999995988
0.369425011433,-0.82075579096,0.342628058327,-0.794569992982,0.455388504587,0.265912551398,135.000003628,134.999995988
0.369426104025,-0.820351292143,0.342505582185,-0.79408204233,0.455388504587,0.265912551398,135.000003628,134.999995988
0.369427467026,-0.819946062148,0.342383080672,-0.793593324391,0.455388504587,0.265912551398,135.000003628,134.999995988
0.369429101024,-0.819540101568,0.342260554507,-0.793103840409,0.455388504587,0.265912551398,135.000003628,134.999995988
0.369431006606,-0.819133410994,0.342138004391,-0.792613591633,0.455388504587,0.265912551398,135.000003628,134.999995988
0.369433184273,-0.818725991055,0.342015431185,-0.792122579246,0.455388504587,0.265912551398,135.000003628,134.999995988
0.36943563434,-0.818317842468,0.341892835708,-0.791630804451,0.455388504587,0.265912551398,135.000003628,134.999995988
0.369438357193,-0.817908965911,0.341770218656,-0.791138268506,0.455388504587,0.265912551398,135.000003628,134.999995988
0.3694413534,-0.817499361984,0.341647580782,-0.790644972645,0.455388504587,0.265912551398,135.000003628,134.999995988
0.369444623527,-0.817089031287,0.341524922959,-0.790150918054,0.455388504587,0.265912551398,135.000003628,134.999995988
0.369448168005,-0.816677974481,0.341402245925,-0.789656105976,0.455388504587,0.265912551398,135.000003628,134.999995988
0.369451987118,-0.816266192291,0.341279550369,-0.789160537678,0.455388504587,0.265912551398,135.000003628,134.999995988
0.369456081278,-0.815853685386,0.341156837117,-0.788664214371,0.455388504587,0.265912551398,135.000003628,134.999995988
0.369460451031,-0.815440454374,0.341034107003,-0.788167137263,0.455388504587,0.265912551398,135.000003628,134.999995988
0.369465096922,-0.815026499862,0.340911360712,-0.787669307626,0.455388504587,0.265912551398,135.000003628,134.999995988
0.369470019299,-0.814611822547,0.340788598964,-0.787170726722,0.455388504587,0.265912551398,135.000003628,134.999995988
0.36947521842,-0.814196423164,0.340665822626,-0.786671395748,0.455388504587,0.265912551398,135.000003628,134.999995988
0.369480694729,-0.813780302368,0.340543032441,-0.786171315958,0.455388504587,0.265912551398,135.000003628,134.999995988
0.369486448753,-0.813363460773,0.340420229091,-0.785670488634,0.455388504587,0.265912551398,135.000003628,134.999995988
0.369492481014,-0.812945898994,0.340297413374,-0.785168915009,0.455388504587,0.265912551398,135.000003628,134.999995988
0.369498791767,-0.812527617768,0.340174586129,-0.784666596299,0.455388504587,0.265912551398,135.000003628,134.999995988
0.369505381243,-0.812108617843,0.34005174803,-0.784163533794,0.455388504587,0.265912551398,135.000003628,134.999995988
0.369512249931,-0.811688899851,0.339928899773,-0.783659728774,0.455388504587,0.265912551398,135.000003628,134.999995988
0.369519398337,-0.811268464413,0.339806042219,-0.783155182454,0.455388504587,0.265912551398,135.000003628,134.999995988
0.369526826903,-0.810847312178,0.339683176108,-0.782649896097,0.455388504587,0.265912551398,135.000003628,134.999995988
0.369534535838,-0.810425443905,0.339560302106,-0.782143871003,0.455388504587,0.265912551398,135.000003628,134.999995988
0.369542525403,-0.810002860325,0.339437420994,-0.781637108423,0.455388504587,0.265912551398,135.000003628,134.999995988
0.369550796085,-0.809579562068,0.339314533606,-0.781129609586,0.455388504587,0.265912551398,135.000003628,134.999995988
0.369559348369,-0.809155549763,0.3391916406,-0.780621375801,0.455388504587,0.265912551398,135.000003628,134.999995988
0.369568182588,-0.808730824109,0.339068742658,-0.780112408364,0.455388504587,0.265912551398,135.000003628,134.999995988
0.369577298922,-0.808305385874,0.338945840635,-0.779602708501,0.455388504587,0.265912551398,135.000003628,134.999995988
0.369586697695,-0.807879235759,0.338822935253,-0.779092277495,0.455388504587,0.265912551398,135.000003628,134.999995988
0.369596379373,-0.807452374402,0.338700027165,-0.778581116663,0.455388504587,0.265912551398,135.000003628,134.999995988
0.369606344419,-0.80702480244,0.338577117152,-0.778069227265,0.455388504587,0.265912551398,135.000003628,134.999995988
0.369616593043,-0.806596520625,0.338454206025,-0.777556610551,0.455388504587,0.265912551398,135.000003628,134.999995988
0.369627125399,-0.806167529736,0.338331294432,-0.777043267843,0.455388504587,0.265912551398,135.000003628,134.999995988
0.369637941885,-0.805737830439,0.338208383055,-0.776529200449,0.455388504587,0.265912551398,135.000003628,134.999995988
0.369649042944,-0.805307423378,0.338085472743,-0.776014409607,0.455388504587,0.265912551398,135.000003628,134.999995988
0.369660428964,-0.804876309224,0.337962564188,-0.775498896624,0.455388504587,0.265912551398,135.000003628,134.999995988
0.369672100075,-0.804444488762,0.337839658031,-0.774982662831,0.455388504587,0.265912551398,135.000003628,134.999995988
0.36968405646,-0.804011962757,0.337716755064,-0.774465709494,0.455388504587,0.265912551398,135.000003628,134.999995988
0.369696298547,-0.803578731858,0.337593856064,-0.773948037887,0.455388504587,0.265912551398,135.000003628,134.999995988
0.36970882676,-0.803144796717,0.337470961666,-0.773429649348,0.455388504587,0.265912551398,135.000003628,134.999995988
0.369721641343,-0.802710158066,0.337348072569,-0.772910545188,0.455388504587,0.265912551398,135.000003628,134.999995988
0.369734742401,-0.802274816702,0.337225189613,-0.772390726658,0.455388504587,0.265912551398,135.000003628,134.999995988
0.36974813021,-0.801838773344,0.337102313447,-0.771870195093,0.455388504587,0.265912551398,135.000003628,134.999995988
0.369761805175,-0.801402028649,0.336979444702,-0.771348951838,0.455388504587,0.265912551398,135.000003628,134.999995988
0.369775767699,-0.800964583276,0.336856584191,-0.77082699816,0.455388504587,0.265912551398,135.000003628,134.999995988
0.369790017873,-0.800526438025,0.336733732645,-0.770304335363,0.455388504587,0.265912551398,135.000003628,134.999995988
0.369804555775,-0.800087593704,0.336610890687,-0.769780964799,0.455388504587,0.265912551398,135.000003628,134.999995988
0.369819381787,-0.79964805098,0.336488059044,-0.769256887777,0.455388504587,0.265912551398,135.000003628,134.999995988
0.369834496292,-0.799207810517,0.336365238524,-0.768732105569,0.455388504587,0.265912551398,135.000003628,134.999995988
0.369849899541,-0.798766873042,0.336242429746,-0.768206619536,0.455388504587,0.265912551398,135.000003628,134.999995988
0.36986559159,-0.79832523937,0.336119633349,-0.767680431027,0.455388504587,0.265912551398,135.000003628,134.999995988
0.369881572623,-0.797882910257,0.33599685016,-0.767153541312,0.455388504587,0.265912551398,135.000003628,134.999995988
0.369897843004,-0.797439886374,0.335874080851,-0.76662595173,0.455388504587,0.265912551398,135.000003628,134.999995988
0.3699144031,-0.796996168392,0.335751326031,-0.766097663647,0.455388504587,0.265912551398,135.000003628,134.999995988
0.369931252987,-0.796551757115,0.335628586469,-0.765568678365,0.455388504587,0.265912551398,135.000003628,134.999995988
0.369948392695,-0.796106653367,0.335505862908,-0.765038997193,0.455388504587,0.265912551398,135.000003628,134.999995988
0.36996582253,-0.795660857845,0.335383155954,-0.764508621505,0.455388504587,0.265912551398,135.000003628,134.999995988
0.36998354284,-0.795214371227,0.335260466291,-0.763977552639,0.455388504587,0.265912551398,135.000003628,134.999995988
0.37000155385,-0.794767194243,0.335137794736,-0.763445791881,0.455388504587,0.265912551398,135.000003628,134.999995988
0.37001985557,-0.794319327727,0.335015141889,-0.762913340608,0.455388504587,0.265912551398,135.000003628,134.999995988
0.370038448118,-0.793870772462,0.334892508353,-0.762380200199,0.455388504587,0.265912551398,135.000003628,134.999995988
0.370057331822,-0.793421529129,0.334769894946,-0.76184637194,0.455388504587,0.265912551398,135.000003628,134.999995988
0.370076507006,-0.792971598413,0.334647302331,-0.761311857188,0.455388504587,0.265912551398,135.000003628,134.999995988
0.370095973707,-0.792520981132,0.3345247311,-0.760776657328,0.455388504587,0.265912551398,135.000003628,134.999995988
0.370115731907,-0.792069678128,0.334402181996,-0.760240773684,0.455388504587,0.265912551398,135.000003628,134.999995988
0.370135781868,-0.791617690115,0.334279655749,-0.759704207585,0.455388504587,0.265912551398,135.000003628,134.999995988
0.370156123897,-0.79116501778,0.334157152941,-0.759166960426,0.455388504587,0.265912551398,135.000003628,134.999995988
0.370176758167,-0.790711661876,0.334034674238,-0.758629033568,0.455388504587,0.265912551398,135.000003628,134.999995988
0.37019768464,-0.790257623253,0.333912220437,-0.758090428313,0.455388504587,0.265912551398,135.000003628,134.999995988
0.370218903398,-0.789802902704,0.333789792114,-0.757551146063,0.455388504587,0.265912551398,135.000003628,134.999995988
0.37024041473,-0.789347500925,0.333667389857,-0.757011188217,0.455388504587,0.265912551398,135.000003628,134.999995988
0.370262218924,-0.788891418612,0.333545014471,-0.756470556075,0.455388504587,0.265912551398,135.000003628,134.999995988
0.370284315938,-0.788434656613,0.333422666587,-0.755929251022,0.455388504587,0.265912551398,135.000003628,134.999995988
0.370306705704,-0.787977215791,0.333300346772,-0.755387274465,0.455388504587,0.265912551398,135.000003628,134.999995988
0.37032938847,-0.787519096857,0.333178055772,-0.754844627738,0.455388504587,0.265912551398,135.000003628,134.999995988
0.370352364505,-0.787060300514,0.333055794278,-0.754301312198,0.455388504587,0.265912551398,135.000003628,134.999995988
0.370375633897,-0.786600827546,0.332933562855,-0.75375732926,0.455388504587,0.265912551398,135.000003628,134.999995988
0.370399196556,-0.786140678824,0.332811362174,-0.753212680293,0.455388504587,0.265912551398,135.000003628,134.999995988
0.370423052564,-0.785679855136,0.332689192988,-0.752667366631,0.455388504587,0.265912551398,135.000003628,134.999995988
0.37044720217,-0.78521835719,0.332567055855,-0.752121389693,0.455388504587,0.265912551398,135.000003628,134.999995988
0.37047164559,-0.784756185708,0.332444951378,-0.751574750883,0.455388504587,0.265912551398,135.000003628,134.999995988
0.370496382712,-0.784293341569,0.33232288035,-0.751027451519,0.455388504587,0.265912551398,135.000003628,134.999995988
0.370521413453,-0.783829825634,0.332200843342,-0.75047949302,0.455388504587,0.265912551398,135.000003628,134.999995988
0.370546738048,-0.783365638618,0.332078840905,-0.749930876814,0.455388504587,0.265912551398,135.000003628,134.999995988
0.370572356725,-0.782900781233,0.331956873812,-0.749381604232,0.455388504587,0.265912551398,135.000003628,134.999995988
0.370598269459,-0.782435254314,0.331834942688,-0.748831676671,0.455388504587,0.265912551398,135.000003628,134.999995988
0.370624476113,-0.781969058746,0.33171304808,-0.748281095565,0.455388504587,0.265912551398,135.000003628,134.999995988
0.370650976798,-0.781502195299,0.331591190694,-0.747729862277,0.455388504587,0.265912551398,135.000003628,134.999995988
0.370677771726,-0.78103466469,0.331469371211,-0.747177978183,0.455388504587,0.265912551398,135.000003628,134.999995988
0.370704860985,-0.780566467698,0.331347590171,-0.746625444722,0.455388504587,0.265912551398,135.000003628,134.999995988
0.370732244418,-0.780097605216,0.331225848217,-0.74607226329,0.455388504587,0.265912551398,135.000003628,134.999995988
0.370759921984,-0.779628078081,0.331104146082,-0.74551843524,0.455388504587,0.265912551398,135.000003628,134.999995988
0.37078789388,-0.779157887017,0.3309824843,-0.744963962019,0.455388504587,0.265912551398,135.000003628,134.999995988
0.370816160295,-0.77868703275,0.330860863454,-0.744408845051,0.455388504587,0.265912551398,135.000003628,134.999995988
0.370844721058,-0.778215516177,0.33073928432,-0.743853085674,0.455388504587,0.265912551398,135.000003628,134.999995988
0.370873575986,-0.7777433382,0.330617747433,-0.743296685336,0.455388504587,0.265912551398,135.000003628,134.999995988
0.370902725254,-0.777270499551,0.330496253321,-0.742739645488,0.455388504587,0.265912551398,135.000003628,134.999995988
0.370932169035,-0.776797000961,0.330374802751,-0.742181967477,0.455388504587,0.265912551398,135.000003628,134.999995988
0.370961907257,-0.776322843276,0.330253396304,-0.741623652732,0.455388504587,0.265912551398,135.000003628,134.999995988
0.370991939719,-0.775848027405,0.330132034504,-0.741064702709,0.455388504587,0.265912551398,135.000003628,134.999995988
0.371022266457,-0.775372554144,0.330010718061,-0.740505118782,0.455388504587,0.265912551398,135.000003628,134.999995988
0.371052887626,-0.774896424227,0.329889447601,-0.739944902364,0.455388504587,0.265912551398,135.000003628,134.999995988
0.371083803253,-0.774419638452,0.329768223641,-0.739384054915,0.455388504587,0.265912551398,135.000003628,134.999995988
0.371115013114,-0.773942197736,0.329647046838,-0.738822577838,0.455388504587,0.265912551398,135.000003628,134.999995988
0.371146517113,-0.773464102934,0.329525917862,-0.738260472526,0.455388504587,0.265912551398,135.000003628,134.999995988
0.371178315389,-0.772985354786,0.329404837223,-0.737697740448,0.455388504587,0.265912551398,135.000003628,134.999995988
0.371210408058,-0.772505954043,0.329283805525,-0.73713438303,0.455388504587,0.265912551398,135.000003628,134.999995988
0.37124279488,-0.772025901628,0.32916282348,-0.736570401651,0.455388504587,0.265912551398,135.000003628,134.999995988
0.371275475628,-0.771545198455,0.329041891592,-0.736005797784,0.455388504587,0.265912551398,135.000003628,134.999995988
0.371308450424,-0.77106384527,0.328921010415,-0.73544057288,0.455388504587,0.265912551398,135.000003628,134.999995988
0.371341719388,-0.77058184282,0.328800180698,-0.734874728305,0.455388504587,0.265912551398,135.000003628,134.999995988
0.371375282344,-0.770099191992,0.328679402938,-0.734308265536,0.455388504587,0.265912551398,135.000003628,134.999995988
0.371409139025,-0.769615893717,0.328558677634,-0.733741186052,0.455388504587,0.265912551398,135.000003628,134.999995988
0.371443289453,-0.769131948786,0.328438005538,-0.73317349122,0.455388504587,0.265912551398,135.000003628,134.999995988
0.37147773373,-0.768647357952,0.328317387174,-0.732605182508,0.455388504587,0.265912551398,135.000003628,134.999995988
0.371512471756,-0.768162122062,0.328196823028,-0.732036261402,0.455388504587,0.265912551398,135.000003628,134.999995988
0.371547503241,-0.767676242055,0.32807631381,-0.73146672929,0.455388504587,0.265912551398,135.000003628,134.999995988
0.371582828089,-0.767189718778,0.32795586008,-0.730896587627,0.455388504587,0.265912551398,135.000003628,134.999995988
0.371618446383,-0.766702552987,0.327835462316,-0.730325837905,0.455388504587,0.265912551398,135.000003628,134.999995988
0.371654358101,-0.76621474549,0.327715121186,-0.729754481533,0.455388504587,0.265912551398,135.000003628,134.999995988
0.37169056293,-0.765726297234,0.32759483728,-0.729182519954,0.455388504587,0.265912551398,135.000003628,134.999995988
0.37172706066,-0.765237209117,0.327474611073,-0.728609954664,0.455388504587,0.265912551398,135.000003628,134.999995988
0.37176385136,-0.764747481899,0.327354443188,-0.728036787094,0.455388504587,0.265912551398,135.000003628,134.999995988
0.371800935076,-0.764257116352,0.327234334248,-0.727463018675,0.455388504587,0.265912551398,135.000003628,134.999995988
0.37183831148,-0.763766113429,0.327114284721,-0.726888650909,0.455388504587,0.265912551398,135.000003628,134.999995988
0.371875980252,-0.763274474075,0.326994295188,-0.726313685247,0.455388504587,0.265912551398,135.000003628,134.999995988
0.371913941444,-0.762782199058,0.326874366302,-0.725738123108,0.455388504587,0.265912551398,135.000003628,134.999995988
0.371952195106,-0.762289289144,0.326754498527,-0.725161966,0.455388504587,0.265912551398,135.000003628,134.999995988
0.371990740952,-0.761795745261,0.326634692402,-0.724585215392,0.455388504587,0.265912551398,135.000003628,134.999995988
0.37202957863,-0.761301568369,0.32651494861,-0.724007872695,0.455388504587,0.265912551398,135.000003628,134.999995988
0.372068708108,-0.760806759272,0.326395267606,-0.723429939418,0.455388504587,0.265912551398,135.000003628,134.999995988
0.372108129419,-0.760311318742,0.326275649895,-0.722851417053,0.455388504587,0.265912551398,135.000003628,134.999995988
0.372147842337,-0.759815247672,0.326156096183,-0.722272306999,0.455388504587,0.265912551398,135.000003628,134.999995988
0.372187846491,-0.759318547032,0.326036606921,-0.721692610771,0.455388504587,0.265912551398,135.000003628,134.999995988
0.372228141756,-0.758821217667,0.325917182578,-0.721112329877,0.455388504587,0.265912551398,135.000003628,134.999995988
0.372268728147,-0.758323260352,0.325797823873,-0.720531465713,0.455388504587,0.265912551398,135.000003628,134.999995988
0.372309605493,-0.757824675954,0.325678531262,-0.719950019793,0.455388504587,0.265912551398,135.000003628,134.999995988
0.372350773405,-0.757325465445,0.325559305189,-0.719367993639,0.455388504587,0.265912551398,135.000003628,134.999995988
0.372392231668,-0.756825629713,0.325440146361,-0.718785388654,0.455388504587,0.265912551398,135.000003628,134.999995988
0.372433980281,-0.756325169537,0.325321055252,-0.718202206345,0.455388504587,0.265912551398,135.000003628,134.999995988
0.372476019123,-0.755824085756,0.325202032302,-0.717618448239,0.455388504587,0.265912551398,135.000003628,134.999995988
0.372518347787,-0.755322379348,0.325083078187,-0.717034115753,0.455388504587,0.265912551398,135.000003628,134.999995988
0.372560965973,-0.754820051239,0.3249641934,-0.716449210389,0.455388504587,0.265912551398,135.000003628,134.999995988
0.372603873665,-0.754317102212,0.324845378375,-0.715863733676,0.455388504587,0.265912551398,135.000003628,134.999995988
0.372647070786,-0.753813533082,0.324726633758,-0.715277687048,0.455388504587,0.265912551398,135.000003628,134.999995988
0.372690556911,-0.753309344832,0.324607960061,-0.714691072,0.455388504587,0.265912551398,135.000003628,134.999995988
0.372734331662,-0.752804538424,0.324489357711,-0.714103890065,0.455388504587,0.265912551398,135.000003628,134.999995988
0.372778395007,-0.752299114645,0.324370827329,-0.713516142691,0.455388504587,0.265912551398,135.000003628,134.999995988
0.372822746906,-0.751793074288,0.324252369439,-0.712927831367,0.455388504587,0.265912551398,135.000003628,134.999995988
0.372867386919,-0.75128641834,0.324133984465,-0.712338957632,0.455388504587,0.265912551398,135.000003628,134.999995988
0.372912314597,-0.750779147796,0.324015673001,-0.711749522944,0.455388504587,0.265912551398,135.000003628,134.999995988
0.372957529888,-0.750271263449,0.323897435587,-0.71115952879,0.455388504587,0.265912551398,135.000003628,134.999995988
0.373003032739,-0.749762766094,0.323779272637,-0.710568976711,0.455388504587,0.265912551398,135.000003628,134.999995988
0.373048822741,-0.749253656701,0.323661184727,-0.70997786818,0.455388504587,0.265912551398,135.000003628,134.999995988
0.373094899429,-0.748743936269,0.323543172404,-0.709386204677,0.455388504587,0.265912551398,135.000003628,134.999995988
0.373141262685,-0.748233605621,0.323425236079,-0.708793987749,0.455388504587,0.265912551398,135.000003628,134.999995988
0.373187912439,-0.747722665556,0.323307376306,-0.708201218878,0.455388504587,0.265912551398,135.000003628,134.999995988
0.373234848311,-0.747211117027,0.323189593641,-0.707607899543,0.455388504587,0.265912551398,135.000003628,134.999995988
0.37328206982,-0.746698961038,0.32307188849,-0.707014031295,0.455388504587,0.265912551398,135.000003628,134.999995988
0.373329576785,-0.746186198439,0.322954261387,-0.706419615624,0.455388504587,0.265912551398,135.000003628,134.999995988
0.373377369121,-0.745672830034,0.322836712897,-0.705824654009,0.455388504587,0.265912551398,135.000003628,134.999995988
0.373425446472,-0.74515885676,0.322719243419,-0.705229148003,0.455388504587,0.265912551398,135.000003628,134.999995988
0.373473808341,-0.744644279625,0.32260185347,-0.704633099107,0.455388504587,0.265912551398,135.000003628,134.999995988
0.373522454489,-0.744129099507,0.322484543619,-0.704036508797,0.455388504587,0.265912551398,135.000003628,134.999995988
0.373571384816,-0.743613317212,0.322367314253,-0.703439378634,0.455388504587,0.265912551398,135.000003628,134.999995988
0.373620598985,-0.743096933666,0.322250165874,-0.702841710128,0.455388504587,0.265912551398,135.000003628,134.999995988
0.373670096476,-0.742579949883,0.322133099049,-0.702243504756,0.455388504587,0.265912551398,135.000003628,134.999995988
0.373719876999,-0.742062366765,0.32201611416,-0.701644764082,0.455388504587,0.265912551398,135.000003628,134.999995988
0.373769940437,-0.741544185121,0.321899211689,-0.701045489627,0.455388504587,0.265912551398,135.000003628,134.999995988
0.373820286466,-0.741025405869,0.321782392207,-0.700445682866,0.455388504587,0.265912551398,135.000003628,134.999995988
0.373870914542,-0.740506030033,0.321665656089,-0.69984534537,0.455388504587,0.265912551398,135.000003628,134.999995988
0.373921824323,-0.739986058534,0.321549003804,-0.699244478662,0.455388504587,0.265912551398,135.000003628,134.999995988
0.373973015679,-0.739465492188,0.321432435926,-0.698643084223,0.455388504587,0.265912551398,135.000003628,134.999995988
0.374024488294,-0.738944331902,0.321315952821,-0.698041163623,0.455388504587,0.265912551398,135.000003628,134.999995988
0.37407624161,-0.738422578706,0.32119955495,-0.697438718394,0.455388504587,0.265912551398,135.000003628,134.999995988
0.374128275242,-0.73790023354,0.321083242884,-0.696835750016,0.455388504587,0.265912551398,135.000003628,134.999995988
0.374180589042,-0.737377297224,0.320967016984,-0.696232260066,0.455388504587,0.265912551398,135.000003628,134.999995988
0.374233182704,-0.736853770658,0.320850877703,-0.695628250078,0.455388504587,0.265912551398,135.000003628,134.999995988
0.374286055651,-0.736329654876,0.320734825606,-0.695023721534,0.455388504587,0.265912551398,135.000003628,134.999995988
0.374339207462,-0.735804950836,0.320618861051,-0.694418676016,0.455388504587,0.265912551398,135.000003628,134.999995988
0.374392637975,-0.73527965936,0.320502984483,-0.693813115061,0.455388504587,0.265912551398,135.000003628,134.999995988
0.374446346883,-0.734753781345,0.320387196462,-0.693207040157,0.455388504587,0.265912551398,135.000003628,134.999995988
0.374500333597,-0.734227317829,0.32027149734,-0.692600452885,0.455388504587,0.265912551398,135.000003628,134.999995988
0.37455459766,-0.733700269783,0.320155887557,-0.691993354787,0.455388504587,0.265912551398,135.000003628,134.999995988
0.374609138896,-0.733172638034,0.320040367668,-0.691385747354,0.455388504587,0.265912551398,135.000003628,134.999995988
0.374663956996,-0.732644423475,0.319924938016,-0.690777632172,0.455388504587,0.265912551398,135.000003628,134.999995988
0.374719051356,-0.732115627151,0.319809599041,-0.690169010785,0.455388504587,0.265912551398,135.000003628,134.999995988
0.37477442149,-0.731586250043,0.319694351286,-0.689559884687,0.455388504587,0.265912551398,135.000003628,134.999995988
0.374830067208,-0.731056292983,0.319579195091,-0.688950255468,0.455388504587,0.265912551398,135.000003628,134.999995988
0.374885988196,-0.730525756862,0.319464130895,-0.688340124673,0.455388504587,0.265912551398,135.000003628,134.999995988
0.374942183831,-0.72999464273,0.319349159228,-0.687729493802,0.455388504587,0.265912551398,135.000003628,134.999995988
0.374998653607,-0.729462951578,0.319234280426,-0.687118364448,0.455388504587,0.265912551398,135.000003628,134.999995988
0.375055397318,-0.72893068424,0.319119494927,-0.686506738154,0.455388504587,0.265912551398,135.000003628,134.999995988
0.375112414639,-0.72839784161,0.319004803252,-0.68589461643,0.455388504587,0.265912551398,135.000003628,134.999995988
0.375169704934,-0.727864424744,0.318890205728,-0.685282000869,0.455388504587,0.265912551398,135.000003628,134.999995988
0.375227267677,-0.727330434636,0.318775702797,-0.684668893016,0.455388504587,0.265912551398,135.000003628,134.999995988
0.375285102647,-0.726795872127,0.318661294965,-0.684055294384,0.455388504587,0.265912551398,135.000003628,134.999995988
0.375343209505,-0.726260738114,0.318546982554,-0.683441206573,0.455388504587,0.265912551398,135.000003628,134.999995988
0.3754015876,-0.725725033656,0.31843276601,-0.682826631124,0.455388504587,0.265912551398,135.000003628,134.999995988
0.375460236393,-0.725188759753,0.318318645823,-0.682211569559,0.455388504587,0.265912551398,135.000003628,134.999995988
0.375519155648,-0.724651917249,0.31820462231,-0.68159602348,0.455388504587,0.265912551398,135.000003628,134.999995988
0.375578345007,-0.724114507047,0.318090695924,-0.680979994425,0.455388504587,0.265912551398,135.000003628,134.999995988
0.375637803806,-0.72357653021,0.317976867134,-0.680363483926,0.455388504587,0.265912551398,135.000003628,134.999995988
0.375697531494,-0.723037987742,0.317863136254,-0.679746493586,0.455388504587,0.265912551398,135.000003628,134.999995988
0.375757527823,-0.722498880487,0.317749503744,-0.679129024941,0.455388504587,0.265912551398,135.000003628,134.999995988
0.375817792412,-0.721959209359,0.317635970054,-0.678511079531,0.455388504587,0.265912551398,135.000003628,134.999995988
0.375878324582,-0.721418975425,0.317522535492,-0.677892658962,0.455388504587,0.265912551398,135.000003628,134.999995988
0.375939123778,-0.720878179687,0.317409200528,-0.677273764767,0.455388504587,0.265912551398,135.000003628,134.999995988
0.376000189737,-0.720336822994,0.317295965592,-0.676654398495,0.455388504587,0.265912551398,135.000003628,134.999995988
0.376061522053,-0.71979490627,0.317182830984,-0.676034561755,0.455388504587,0.265912551398,135.000003628,134.999995988
0.376123120032,-0.719252430585,0.317069797187,-0.675414256073,0.455388504587,0.265912551398,135.000003628,134.999995988
0.376184983119,-0.718709396939,0.316956864607,-0.67479348301,0.455388504587,0.265912551398,135.000003628,134.999995988
0.376247111036,-0.718165806186,0.316844033541,-0.674172244177,0.455388504587,0.265912551398,135.000003628,134.999995988
0.376309503348,-0.71762165926,0.316731304483,-0.673550541095,0.455388504587,0.265912551398,135.000003628,134.999995988
0.376372159349,-0.717076957236,0.316618677814,-0.672928375336,0.455388504587,0.265912551398,135.000003628,134.999995988
0.376435078484,-0.71653170111,0.316506153827,-0.672305748513,0.455388504587,0.265912551398,135.000003628,134.999995988
0.376498260463,-0.715985891737,0.31639373303,-0.671682662139,0.455388504587,0.265912551398,135.000003628,134.999995988
0.376561704817,-0.715439530068,0.316281415779,-0.671059117799,0.455388504587,0.265912551398,135.000003628,134.999995988
0.376625410828,-0.71489261718,0.31616920236,-0.670435117109,0.455388504587,0.265912551398,135.000003628,134.999995988
0.376689377948,-0.714345154063,0.316057093298,-0.669810661575,0.455388504587,0.265912551398,135.000003628,134.999995988
0.376753605873,-0.713797141575,0.315945088921,-0.669185752792,0.455388504587,0.265912551398,135.000003628,134.999995988
0.376818094097,-0.713248580683,0.31583318951,-0.668560392381,0.455388504587,0.265912551398,135.000003628,134.999995988
0.37688284189,-0.712699472468,0.315721395606,-0.667934581838,0.455388504587,0.265912551398,135.000003628,134.999995988
0.376947848712,-0.712149817911,0.315609707502,-0.667308322775,0.455388504587,0.265912551398,135.000003628,134.999995988
0.377013114248,-0.711599617874,0.315498125466,-0.666681616819,0.455388504587,0.265912551398,135.000003628,134.999995988
0.377078637948,-0.711048873343,0.315386650056,-0.666054465457,0.455388504587,0.265912551398,135.000003628,134.999995988
0.37714441906,-0.710497585408,0.315275281533,-0.665426870317,0.455388504587,0.265912551398,135.000003628,134.999995988
0.377210457055,-0.709945755042,0.315164020159,-0.664798833028,0.455388504587,0.265912551398,135.000003628,134.999995988
0.377276751604,-0.709393383109,0.315052866485,-0.664170355079,0.455388504587,0.265912551398,135.000003628,134.999995988
0.377343302111,-0.708840470617,0.314941820765,-0.663541438102,0.455388504587,0.265912551398,135.000003628,134.999995988
0.377410107804,-0.708287018663,0.314830883285,-0.662912083713,0.455388504587,0.265912551398,135.000003628,134.999995988
0.377477168173,-0.707733028208,0.31472005456,-0.662282293418,0.455388504587,0.265912551398,135.000003628,134.999995988
0.377544482873,-0.707178500121,0.314609334841,-0.661652068851,0.455388504587,0.265912551398,135.000003628,134.999995988
0.377612051262,-0.70662343543,0.314498724436,-0.661021411616,0.455388504587,0.265912551398,135.000003628,134.999995988
0.377679872557,-0.706067835236,0.314388223825,-0.660390323235,0.455388504587,0.265912551398,135.000003628,134.999995988
0.377747946268,-0.705511700486,0.314277833254,-0.659758805344,0.455388504587,0.265912551398,135.000003628,134.999995988
0.377816272038,-0.704955032051,0.314167553056,-0.659126859534,0.455388504587,0.265912551398,135.000003628,134.999995988
0.377884849176,-0.704397830983,0.314057383675,-0.658494487346,0.455388504587,0.265912551398,135.000003628,134.999995988
0.377953676886,-0.703840098387,0.313947325352,-0.657861690414,0.455388504587,0.265912551398,135.000003628,134.999995988
0.378022754705,-0.703281835192,0.313837378444,-0.657228470319,0.455388504587,0.265912551398,135.000003628,134.999995988
0.378092082261,-0.702723042274,0.313727543359,-0.656594828618,0.455388504587,0.265912551398,135.000003628,134.999995988
0.378161658813,-0.702163720709,0.313617820333,-0.655960766947,0.455388504587,0.265912551398,135.000003628,134.999995988
0.378231483553,-0.701603871606,0.31350820975,-0.655326286873,0.455388504587,0.265912551398,135.000003628,134.999995988
0.378301556044,-0.701043495876,0.31339871198,-0.654691389969,0.455388504587,0.265912551398,135.000003628,134.999995988
0.378371875905,-0.700482594396,0.313289327252,-0.654056077877,0.455388504587,0.265912551398,135.000003628,134.999995988
0.378442442337,-0.69992116827,0.31318005598,-0.653420352145,0.455388504587,0.265912551398,135.000003628,134.999995988
0.378513254523,-0.69935921861,0.313070898493,-0.652784214368,0.455388504587,0.265912551398,135.000003628,134.999995988
0.378584312058,-0.698796746307,0.312961855016,-0.652147666185,0.455388504587,0.265912551398,135.000003628,134.999995988
0.378655614516,-0.698233752258,0.312852925994,-0.651510709134,0.455388504587,0.265912551398,135.000003628,134.999995988
0.378727161073,-0.697670237577,0.312744111713,-0.650873344824,0.455388504587,0.265912551398,135.000003628,134.999995988
0.378798950931,-0.697106203366,0.312635412392,-0.6502355749,0.455388504587,0.265912551398,135.000003628,134.999995988
0.378870983688,-0.696541650507,0.312526828509,-0.64959740088,0.455388504587,0.265912551398,135.000003628,134.999995988
0.378943258859,-0.695976579928,0.312418360306,-0.648958824395,0.455388504587,0.265912551398,135.000003628,134.999995988
0.379015775609,-0.695410992747,0.312310007999,-0.648319847091,0.455388504587,0.265912551398,135.000003628,134.999995988
0.379088533177,-0.69484489004,0.312201772085,-0.647680470473,0.455388504587,0.265912551398,135.000003628,134.999995988
0.37916153115,-0.694278272694,0.312093652776,-0.647040696189,0.455388504587,0.265912551398,135.000003628,134.999995988
0.379234768981,-0.693711141668,0.311985650293,-0.646400525878,0.455388504587,0.265912551398,135.000003628,134.999995988
0.379308245822,-0.693143498082,0.311877765116,-0.645759961055,0.455388504587,0.265912551398,135.000003628,134.999995988
0.379381960956,-0.692575342988,0.311769997451,-0.645119003367,0.455388504587,0.265912551398,135.000003628,134.999995988
0.379455913958,-0.692006677275,0.311662347555,-0.644477654437,0.455388504587,0.265912551398,135.000003628,134.999995988
0.379530104213,-0.691437501934,0.311554815862,-0.643835915799,0.455388504587,0.265912551398,135.000003628,134.999995988
0.379604530867,-0.69086781809,0.311447402573,-0.643193789103,0.455388504587,0.265912551398,135.000003628,134.999995988
0.379679193245,-0.690297626765,0.311340107981,-0.642551275951,0.455388504587,0.265912551398,135.000003628,134.999995988
0.37975409091,-0.689726928853,0.311232932473,-0.641908377901,0.455388504587,0.265912551398,135.000003628,134.999995988
0.379829223181,-0.689155725379,0.311125876244,-0.641265096602,0.455388504587,0.265912551398,135.000003628,134.999995988
0.379904589194,-0.688584017468,0.311018939626,-0.640621433638,0.455388504587,0.265912551398,135.000003628,134.999995988
0.379980188319,-0.688011806118,0.310912122956,-0.639977390588,0.455388504587,0.265912551398,135.000003628,134.999995988
0.380056020109,-0.687439092222,0.310805426427,-0.639332969103,0.455388504587,0.265912551398,135.000003628,134.999995988
0.380132083815,-0.686865876842,0.310698850407,-0.638688170746,0.455388504587,0.265912551398,135.000003628,134.999995988
0.380208378562,-0.686292161106,0.310592395185,-0.638042997119,0.455388504587,0.265912551398,135.000003628,134.999995988
0.380284903771,-0.68571794598,0.310486060947,-0.637397449873,0.455388504587,0.265912551398,135.000003628,134.999995988
0.380361658981,-0.685143232363,0.310379848103,-0.63675153055,0.455388504587,0.265912551398,135.000003628,134.999995988
0.380438643374,-0.684568021349,0.310273756891,-0.636105240777,0.455388504587,0.265912551398,135.000003628,134.999995988
0.380515856067,-0.683992314072,0.310167787492,-0.635458582205,0.455388504587,0.265912551398,135.000003628,134.999995988
0.380593296529,-0.683416111466,0.310061940357,-0.634811556354,0.455388504587,0.265912551398,135.000003628,134.999995988
0.380670964291,-0.682839414432,0.309956215673,-0.634164164874,0.455388504587,0.265912551398,135.000003628,134.999995988
0.380748858462,-0.682262224102,0.309850613615,-0.633516409417,0.455388504587,0.265912551398,135.000003628,134.999995988
0.38082697815,-0.681684541611,0.309745134638,-0.632868291501,0.455388504587,0.265912551398,135.000003628,134.999995988
0.380905322878,-0.681106367863,0.309639778913,-0.63221981278,0.455388504587,0.265912551398,135.000003628,134.999995988
0.3809838921,-0.680527703795,0.309534546654,-0.631570974888,0.455388504587,0.265912551398,135.000003628,134.999995988
0.381062684917,-0.679948550543,0.309429438268,-0.630921779362,0.455388504587,0.265912551398,135.000003628,134.999995988
0.381141700495,-0.679368909209,0.309324453923,-0.630272227858,0.455388504587,0.265912551398,135.000003628,134.999995988
0.381220938344,-0.678788780696,0.309219593874,-0.629622321986,0.455388504587,0.265912551398,135.000003628,134.999995988
0.381300397843,-0.678208165984,0.309114858476,-0.628972063308,0.455388504587,0.265912551398,135.000003628,134.999995988
0.381380078087,-0.67762706621,0.309010247893,-0.628321453479,0.455388504587,0.265912551398,135.000003628,134.999995988
0.381459978296,-0.677045482441,0.308905762424,-0.627670494088,0.455388504587,0.265912551398,135.000003628,134.999995988
0.381540097972,-0.676463415583,0.308801402367,-0.627019186721,0.455388504587,0.265912551398,135.000003628,134.999995988
0.381620436418,-0.675880866655,0.308697167877,-0.626367533036,0.455388504587,0.265912551398,135.000003628,134.999995988
0.381700992718,-0.675297836798,0.3085930593,-0.625715534596,0.455388504587,0.265912551398,135.000003628,134.999995988
0.381781766153,-0.674714327041,0.30848907687,-0.625063193018,0.455388504587,0.265912551398,135.000003628,134.999995988
0.381862756217,-0.674130338294,0.308385220731,-0.624410509963,0.455388504587,0.265912551398,135.000003628,134.999995988
0.381943962125,-0.67354587162,0.308281491273,-0.62375748697,0.455388504587,0.265912551398,135.000003628,134.999995988
0.382025382947,-0.672960928167,0.308177888671,-0.623104125684,0.455388504587,0.265912551398,135.000003628,134.999995988
0.382107018023,-0.67237550893,0.308074413065,-0.622450427765,0.455388504587,0.265912551398,135.000003628,134.999995988
0.382188866833,-0.671789614819,0.307971064874,-0.621796394737,0.455388504587,0.265912551398,135.000003628,134.999995988
0.382270928509,-0.671203246946,0.307867844234,-0.62114202826,0.455388504587,0.265912551398,135.000003628,134.999995988
0.382353202105,-0.670616406464,0.307764751296,-0.620487329988,0.455388504587,0.265912551398,135.000003628,134.999995988
0.382435687022,-0.67002909433,0.307661786456,-0.619832301453,0.455388504587,0.265912551398,135.000003628,134.999995988
0.382518382731,-0.669441311458,0.307558949845,-0.619176944317,0.455388504587,0.265912551398,135.000003628,134.999995988
0.382601288281,-0.668853059004,0.307456241666,-0.618521260205,0.455388504587,0.265912551398,135.000003628,134.999995988
0.38268440272,-0.668264338121,0.307353662253,-0.617865250678,0.455388504587,0.265912551398,135.000003628,134.999995988
0.382767725516,-0.667675149728,0.307251211732,-0.617208917398,0.455388504587,0.265912551398,135.000003628,134.999995988
0.382851256051,-0.667085494783,0.307148890358,-0.616552261962,0.455388504587,0.265912551398,135.000003628,134.999995988
0.382934993371,-0.666495374445,0.307046698404,-0.615895285959,0.455388504587,0.265912551398,135.000003628,134.999995988
0.383018936591,-0.665904789826,0.30694463599,-0.615237991051,0.455388504587,0.265912551398,135.000003628,134.999995988
0.383103085169,-0.665313741844,0.306842703423,-0.614580378808,0.455388504587,0.265912551398,135.000003628,134.999995988
0.383187438405,-0.664722231507,0.306740900915,-0.613922450847,0.455388504587,0.265912551398,135.000003628,134.999995988
0.383271995333,-0.664130259975,0.30663922858,-0.613264208829,0.455388504587,0.265912551398,135.000003628,134.999995988
0.383356755143,-0.663537828317,0.30653768678,-0.612605654296,0.455388504587,0.265912551398,135.000003628,134.999995988
0.383441717282,-0.662944937453,0.306436275662,-0.611946788893,0.455388504587,0.265912551398,135.000003628,134.999995988
0.383526880964,-0.662351588438,0.306334995337,-0.611287614283,0.455388504587,0.265912551398,135.000003628,134.999995988
0.383612245216,-0.661757782434,0.306233846193,-0.61062813199,0.455388504587,0.265912551398,135.000003628,134.999995988
0.3836978093,-0.661163520467,0.306132828341,-0.609968343675,0.455388504587,0.265912551398,135.000003628,134.999995988
0.383783572656,-0.660568803458,0.306031941912,-0.609308250989,0.455388504587,0.265912551398,135.000003628,134.999995988
0.383869534408,-0.659973632511,0.305931187263,-0.608647855468,0.455388504587,0.265912551398,135.000003628,134.999995988
0.38395569358,-0.659378008788,0.305830564501,-0.607987158775,0.455388504587,0.265912551398,135.000003628,134.999995988
0.384042049505,-0.658781933272,0.305730073811,-0.607326162528,0.455388504587,0.265912551398,135.000003628,134.999995988
0.384128601613,-0.658185406885,0.305629715488,-0.606664868294,0.455388504587,0.265912551398,135.000003628,134.999995988
0.384215348944,-0.657588430781,0.30552948963,-0.606003277735,0.455388504587,0.265912551398,135.000003628,134.999995988
0.384302290515,-0.656991006123,0.305429396482,-0.605341392439,0.455388504587,0.265912551398,135.000003628,134.999995988
0.384389425732,-0.656393133846,0.305329436271,-0.604679214003,0.455388504587,0.265912551398,135.000003628,134.999995988
0.384476753955,-0.655794814915,0.305229609093,-0.604016744089,0.455388504587,0.265912551398,135.000003628,134.999995988
0.384564274198,-0.655196050494,0.305129915246,-0.603353984254,0.455388504587,0.265912551398,135.000003628,134.999995988
0.384651985537,-0.654596841709,0.305030354893,-0.602690936124,0.455388504587,0.265912551398,135.000003628,134.999995988
0.384739887389,-0.65399718949,0.304930928125,-0.602027601361,0.455388504587,0.265912551398,135.000003628,134.999995988
0.384827979023,-0.653397094848,0.304831635298,-0.601363981491,0.455388504587,0.265912551398,135.000003628,134.999995988
0.38491625945,-0.65279655895,0.304732476507,-0.600700078171,0.455388504587,0.265912551398,135.000003628,134.999995988
0.38500472782,-0.652195582876,0.30463345184,-0.600035893061,0.455388504587,0.265912551398,135.000003628,134.999995988
0.385093383544,-0.651594167555,0.304534561655,-0.599371427683,0.455388504587,0.265912551398,135.000003628,134.999995988
0.385182225801,-0.650992314051,0.304435806035,-0.598706683698,0.455388504587,0.265912551398,135.000003628,134.999995988
0.385271253597,-0.650390023531,0.304337185118,-0.598041662737,0.455388504587,0.265912551398,135.000003628,134.999995988
0.385360466161,-0.649787297027,0.304238699203,-0.597376366351,0.455388504587,0.265912551398,135.000003628,134.999995988
0.385449862894,-0.649184135471,0.30414034837,-0.596710796197,0.455388504587,0.265912551398,135.000003628,134.999995988
0.385539442887,-0.648580539976,0.304042132812,-0.596044953876,0.455388504587,0.265912551398,135.000003628,134.999995988
0.385629205142,-0.64797651171,0.303944052763,-0.595378840967,0.455388504587,0.265912551398,135.000003628,134.999995988
0.385719148964,-0.647372051659,0.303846108296,-0.59471245913,0.455388504587,0.265912551398,135.000003628,134.999995988
0.385809273748,-0.646767160755,0.303748299667,-0.594045809931,0.455388504587,0.265912551398,135.000003628,134.999995988
0.385899578496,-0.646161840163,0.303650627039,-0.593378894981,0.455388504587,0.265912551398,135.000003628,134.999995988
0.385990062205,-0.64555609105,0.303553090481,-0.592711715938,0.455388504587,0.265912551398,135.000003628,134.999995988
0.386080724259,-0.644949914355,0.30345569031,-0.592044274335,0.455388504587,0.265912551398,135.000003628,134.999995988
0.386171563965,-0.644343311058,0.303358426618,-0.591376571815,0.455388504587,0.265912551398,135.000003628,134.999995988
0.386262580319,-0.643736282328,0.303261299472,-0.590708610036,0.455388504587,0.265912551398,135.000003628,134.999995988
0.38635377239,-0.643128829286,0.303164309209,-0.590040390515,0.455388504587,0.265912551398,135.000003628,134.999995988
0.38644513956,-0.64252095287,0.303067455893,-0.589371914907,0.455388504587,0.265912551398,135.000003628,134.999995988
0.386536681049,-0.64191265411,0.302970739622,-0.588703184851,0.455388504587,0.265912551398,135.000003628,134.999995988
0.386628395847,-0.641303934176,0.302874160691,-0.588034201881,0.455388504587,0.265912551398,135.000003628,134.999995988
0.386720283103,-0.640694794141,0.30277771916,-0.587364967653,0.455388504587,0.265912551398,135.000003628,134.999995988
0.386812342194,-0.640085234942,0.302681415188,-0.586695483769,0.455388504587,0.265912551398,135.000003628,134.999995988
0.386904572248,-0.639475257663,0.302585249,-0.586025751797,0.455388504587,0.265912551398,135.000003628,134.999995988
0.386996972253,-0.638864863474,0.302489220652,-0.58535577339,0.455388504587,0.265912551398,135.000003628,134.999995988
0.387089541439,-0.638254053397,0.302393330365,-0.584685550117,0.455388504587,0.265912551398,135.000003628,134.999995988
0.387182279174,-0.637642828371,0.302297578293,-0.584015083576,0.455388504587,0.265912551398,135.000003628,134.999995988
0.387275184499,-0.637031189531,0.302201964488,-0.583344375422,0.455388504587,0.265912551398,135.000003628,134.999995988
0.3873682564,-0.636419138048,0.302106489233,-0.582673427185,0.455388504587,0.265912551398,135.000003628,134.999995988
0.387461494184,-0.635806674895,0.302011152613,-0.582002240499,0.455388504587,0.265912551398,135.000003628,134.999995988
0.387554897185,-0.635193801028,0.301915954673,-0.581330817015,0.455388504587,0.265912551398,135.000003628,134.999995988
0.387648464386,-0.634580517617,0.30182089573,-0.580659158244,0.455388504587,0.265912551398,135.000003628,134.999995988
0.387742194799,-0.633966825815,0.301725975828,-0.579987265837,0.455388504587,0.265912551398,135.000003628,134.999995988
0.387836087779,-0.633352726563,0.301631195038,-0.579315141428,0.455388504587,0.265912551398,135.000003628,134.999995988
0.387930142573,-0.63273822087,0.301536553642,-0.578642786543,0.455388504587,0.265912551398,135.000003628,134.999995988
0.388024358161,-0.632123309905,0.301442051676,-0.577970202832,0.455388504587,0.265912551398,135.000003628,134.999995988
0.388118733634,-0.631507994771,0.301347689275,-0.577297391893,0.455388504587,0.265912551398,135.000003628,134.999995988
0.388213268345,-0.63089227641,0.301253466641,-0.576624355289,0.455388504587,0.265912551398,135.000003628,134.999995988
0.388307961448,-0.630276155881,0.301159383802,-0.575951094672,0.455388504587,0.265912551398,135.000003628,134.999995988
0.388402811923,-0.629659634357,0.301065440949,-0.575277611606,0.455388504587,0.265912551398,135.000003628,134.999995988
0.388497818939,-0.629042712889,0.300971638213,-0.574603907687,0.455388504587,0.265912551398,135.000003628,134.999995988
0.388592981843,-0.628425392419,0.300877975615,-0.573929984567,0.455388504587,0.265912551398,135.000003628,134.999995988
0.388688299695,-0.627807674067,0.300784453411,-0.573255843772,0.455388504587,0.265912551398,135.000003628,134.999995988
0.388783771456,-0.627189559012,0.300691071659,-0.572581486932,0.455388504587,0.265912551398,135.000003628,134.999995988
0.388879396375,-0.626571048255,0.300597830377,-0.571906915698,0.455388504587,0.265912551398,135.000003628,134.999995988
0.388975173791,-0.625952142742,0.300504729855,-0.571232131573,0.455388504587,0.265912551398,135.000003628,134.999995988
0.389071102672,-0.625332843647,0.300411770108,-0.570557136206,0.455388504587,0.265912551398,135.000003628,134.999995988
0.389167181975,-0.624713152151,0.300318951178,-0.569881931231,0.455388504587,0.265912551398,135.000003628,134.999995988
0.389263411029,-0.624093069204,0.300226273323,-0.569206518164,0.455388504587,0.265912551398,135.000003628,134.999995988
0.389359789092,-0.6234725958,0.300133736553,-0.568530898653,0.455388504587,0.265912551398,135.000003628,134.999995988
0.389456315121,-0.622851733118,0.300041340976,-0.567855074293,0.455388504587,0.265912551398,135.000003628,134.999995988
0.389552988148,-0.622230482292,0.299949086776,-0.567179046635,0.455388504587,0.265912551398,135.000003628,134.999995988
0.389649807507,-0.621608844268,0.299856973959,-0.566502817325,0.455388504587,0.265912551398,135.000003628,134.999995988
0.389746772365,-0.620986820093,0.299765002699,-0.565826387918,0.455388504587,0.265912551398,135.000003628,134.999995988
0.389843881679,-0.620364410946,0.299673173104,-0.565149760001,0.455388504587,0.265912551398,135.000003628,134.999995988
0.389941134564,-0.619741617908,0.299581485179,-0.564472935218,0.455388504587,0.265912551398,135.000003628,134.999995988
0.390038530348,-0.619118441926,0.299489939162,-0.563795915085,0.455388504587,0.265912551398,135.000003628,134.999995988
0.390136068113,-0.618494884098,0.299398535089,-0.563118701223,0.455388504587,0.265912551398,135.000003628,134.999995988
0.390233746812,-0.617870945607,0.299307272958,-0.562441295275,0.455388504587,0.265912551398,135.000003628,134.999995988
0.390331565644,-0.617246627479,0.299216153042,-0.561763698733,0.455388504587,0.265912551398,135.000003628,134.999995988
0.390429523932,-0.61662193066,0.299125175337,-0.561085913238,0.455388504587,0.265912551398,135.000003628,134.999995988
0.390527620671,-0.615996856304,0.299034339868,-0.560407940411,0.455388504587,0.265912551398,135.000003628,134.999995988
0.390625854815,-0.615371405592,0.298943646872,-0.559729781761,0.455388504587,0.265912551398,135.000003628,134.999995988
0.390724225644,-0.614745579497,0.298853096341,-0.559051438926,0.455388504587,0.265912551398,135.000003628,134.999995988
0.390822732432,-0.614119378994,0.298762688367,-0.558372913488,0.455388504587,0.265912551398,135.000003628,134.999995988
0.390921374134,-0.613492805262,0.298672423111,-0.55769420699,0.455388504587,0.265912551398,135.000003628,134.999995988
0.391020149747,-0.612865859454,0.298582300562,-0.557015321067,0.455388504587,0.265912551398,135.000003628,134.999995988
0.391119058585,-0.612238542517,0.298492320879,-0.556336257263,0.455388504587,0.265912551398,135.000003628,134.999995988
0.391218099839,-0.611610855481,0.298402484149,-0.555657017155,0.455388504587,0.265912551398,135.000003628,134.999995988
0.391317272463,-0.610982799522,0.298312790357,-0.554977602375,0.455388504587,0.265912551398,135.000003628,134.999995988
0.391416575534,-0.610354375742,0.298223239727,-0.554298014427,0.455388504587,0.265912551398,135.000003628,134.999995988
0.391516008365,-0.609725585087,0.298133832274,-0.553618254924,0.455388504587,0.265912551398,135.000003628,134.999995988
0.391615570061,-0.60909642864,0.298044567978,-0.552938325495,0.455388504587,0.265912551398,135.000003628,134.999995988
0.391715259576,-0.608466907578,0.297955447093,-0.552258227623,0.455388504587,0.265912551398,135.000003628,134.999995988
0.391815076068,-0.607837022946,0.297866469596,-0.551577962937,0.455388504587,0.265912551398,135.000003628,134.999995988
0.391915018847,-0.607206775695,0.297777635502,-0.550897533042,0.455388504587,0.265912551398,135.000003628,134.999995988
0.392015086935,-0.606576166957,0.297688945022,-0.55021693944,0.455388504587,0.265912551398,135.000003628,134.999995988
0.392115279286,-0.605945197909,0.297600398133,-0.549536183754,0.455388504587,0.265912551398,135.000003628,134.999995988
0.392215595139,-0.605313869544,0.297511994912,-0.548855267554,0.455388504587,0.265912551398,135.000003628,134.999995988
0.392316033786,-0.604682182821,0.2974237355,-0.548174192371,0.455388504587,0.265912551398,135.000003628,134.999995988
0.392416594182,-0.604050138914,0.297335619868,-0.54749295983,0.455388504587,0.265912551398,135.000003628,134.999995988
0.392517275294,-0.603417738993,0.297247648159,-0.546811571456,0.455388504587,0.265912551398,135.000003628,134.999995988
0.392618076426,-0.602784984007,0.297159820442,-0.546130028819,0.455388504587,0.265912551398,135.000003628,134.999995988
0.392718996787,-0.602151874964,0.297072136683,-0.545448333537,0.455388504587,0.265912551398,135.000003628,134.999995988
0.392820035336,-0.60151841304,0.296984597092,-0.544766487099,0.455388504587,0.265912551398,135.000003628,134.999995988
0.392921191116,-0.600884599351,0.296897201664,-0.544084491105,0.455388504587,0.265912551398,135.000003628,134.999995988
0.39302246343,-0.600250434846,0.296809950363,-0.543402347173,0.455388504587,0.265912551398,135.000003628,134.999995988
0.393123851407,-0.599615920585,0.296722843423,-0.542720056771,0.455388504587,0.265912551398,135.000003628,134.999995988
0.393225354006,-0.598981057742,0.296635880808,-0.542037621513,0.455388504587,0.265912551398,135.000003628,134.999995988
0.39332697035,-0.598345847381,0.296549062516,-0.541355042993,0.455388504587,0.265912551398,135.000003628,134.999995988
0.393428699737,-0.597710290451,0.29646238874,-0.540672322695,0.455388504587,0.265912551398,135.000003628,134.999995988
0.39353054122,-0.597074388063,0.296375859438,-0.539989462232,0.455388504587,0.265912551398,135.000003628,134.999995988
0.393632493759,-0.596438141388,0.296289474675,-0.539306463157,0.455388504587,0.265912551398,135.000003628,134.999995988
0.393734556553,-0.595801551439,0.296203234571,-0.538623326987,0.455388504587,0.265912551398,135.000003628,134.999995988
0.393836728896,-0.595164619167,0.296117139082,-0.537940055333,0.455388504587,0.265912551398,135.000003628,134.999995988
0.393939009768,-0.59452734573,0.296031188336,-0.537256649706,0.455388504587,0.265912551398,135.000003628,134.999995988
0.394041398131,-0.593889732298,0.295945382383,-0.536573111659,0.455388504587,0.265912551398,135.000003628,134.999995988
0.394143893256,-0.593251779834,0.295859721174,-0.535889442797,0.455388504587,0.265912551398,135.000003628,134.999995988
0.394246494381,-0.592613489325,0.295774204902,-0.535205644592,0.455388504587,0.265912551398,135.000003628,134.999995988
0.394349200469,-0.591974861939,0.295688833545,-0.534521718631,0.455388504587,0.265912551398,135.000003628,134.999995988
0.394452010537,-0.59133589881,0.295603607052,-0.533837666515,0.455388504587,0.265912551398,135.000003628,134.999995988
0.394554923873,-0.590696600889,0.295518525642,-0.533153489695,0.455388504587,0.265912551398,135.000003628,134.999995988
0.394657939643,-0.590056969208,0.29543358926,-0.532469189772,0.455388504587,0.265912551398,135.000003628,134.999995988
0.394761056812,-0.589417004935,0.295348797889,-0.531784768324,0.455388504587,0.265912551398,135.000003628,134.999995988
0.394864274467,-0.588776709154,0.295264151707,-0.531100226817,0.455388504587,0.265912551398,135.000003628,134.999995988
0.394967591899,-0.588136082814,0.295179650656,-0.530415566848,0.455388504587,0.265912551398,135.000003628,134.999995988
0.3950710082,-0.587495126997,0.295095294782,-0.529730789955,0.455388504587,0.265912551398,135.000003628,134.999995988
0.395174522337,-0.586853842868,0.295011084193,-0.529045897639,0.455388504587,0.265912551398,135.000003628,134.999995988
0.39527813347,-0.586212231461,0.294927018829,-0.528360891492,0.455388504587,0.265912551398,135.000003628,134.999995988
0.395381840887,-0.585570293726,0.294843098796,-0.527675773012,0.455388504587,0.265912551398,135.000003628,134.999995988
0.395485643613,-0.584928030789,0.294759324136,-0.526990543731,0.455388504587,0.265912551398,135.000003628,134.999995988
0.395589540615,-0.584285443814,0.294675694784,-0.526305205238,0.455388504587,0.265912551398,135.000003628,134.999995988
0.395693531126,-0.583642533787,0.294592210909,-0.525619758991,0.455388504587,0.265912551398,135.000003628,134.999995988
0.395797614416,-0.582999301668,0.294508872482,-0.524934206555,0.455388504587,0.265912551398,135.000003628,134.999995988
0.395901789458,-0.582355748616,0.294425679438,-0.524248549516,0.455388504587,0.265912551398,135.000003628,134.999995988
0.396006055236,-0.581711875785,0.294342631978,-0.523562789305,0.455388504587,0.265912551398,135.000003628,134.999995988
0.396110411035,-0.581067684123,0.294259730035,-0.522876927505,0.455388504587,0.265912551398,135.000003628,134.999995988
0.39621485606,-0.580423174634,0.294176973565,-0.522190965681,0.455388504587,0.265912551398,135.000003628,134.999995988
0.396319389285,-0.579778348477,0.294094362741,-0.521504905278,0.455388504587,0.265912551398,135.000003628,134.999995988
0.396424009765,-0.579133206757,0.29401189749,-0.520818747874,0.455388504587,0.265912551398,135.000003628,134.999995988
0.396528716782,-0.578487750421,0.293929577827,-0.520132494996,0.455388504587,0.265912551398,135.000003628,134.999995988
0.396633509476,-0.577841980517,0.293847403855,-0.519446148121,0.455388504587,0.265912551398,135.000003628,134.999995988
0.396738386826,-0.577195898202,0.293765375488,-0.51875970883,0.455388504587,0.265912551398,135.000003628,134.999995988
0.396843347952,-0.576549504534,0.293683492799,-0.518073178612,0.455388504587,0.265912551398,135.000003628,134.999995988
0.396948392136,-0.57590280046,0.29360175582,-0.517386558976,0.455388504587,0.265912551398,135.000003628,134.999995988
0.397053518453,-0.575255787072,0.293520164462,-0.516699851501,0.455388504587,0.265912551398,135.000003628,134.999995988
0.39715872588,-0.574608465527,0.293438718859,-0.516013057632,0.455388504587,0.265912551398,135.000003628,134.999995988
0.397264013599,-0.57396083684,0.293357418975,-0.515326178915,0.455388504587,0.265912551398,135.000003628,134.999995988
0.397369380894,-0.573312901958,0.293276264718,-0.51463921692,0.455388504587,0.265912551398,135.000003628,134.999995988
0.397474826766,-0.57266466202,0.293195256275,-0.513952173061,0.455388504587,0.265912551398,135.000003628,134.999995988
0.397580350184,-0.572016118189,0.293114393551,-0.513265048907,0.455388504587,0.265912551398,135.000003628,134.999995988
0.397685950393,-0.571367271438,0.293033676459,-0.512577846022,0.455388504587,0.265912551398,135.000003628,134.999995988
0.397791626647,-0.570718122732,0.292953105175,-0.511890565817,0.455388504587,0.265912551398,135.000003628,134.999995988
0.397897377916,-0.570068673232,0.2928726796,-0.51120320986,0.455388504587,0.265912551398,135.000003628,134.999995988
0.398003203199,-0.569418924082,0.292792399709,-0.510515779673,0.455388504587,0.265912551398,135.000003628,134.999995988
0.398109101776,-0.568768876226,0.292712265609,-0.509828276699,0.455388504587,0.265912551398,135.000003628,134.999995988
0.398215072839,-0.568118530673,0.292632277202,-0.509140702501,0.455388504587,0.265912551398,135.000003628,134.999995988
0.398321115362,-0.567467888582,0.292552434518,-0.508453058561,0.455388504587,0.265912551398,135.000003628,134.999995988
0.39842722841,-0.56681695105,0.292472737602,-0.507765346353,0.455388504587,0.265912551398,135.000003628,134.999995988
0.398533411262,-0.566165719022,0.292393186351,-0.507077567435,0.455388504587,0.265912551398,135.000003628,134.999995988
0.398639663052,-0.565514193546,0.292313780855,-0.506389723249,0.455388504587,0.265912551398,135.000003628,134.999995988
0.398745982757,-0.56486237578,0.292234521094,-0.505701815301,0.455388504587,0.265912551398,135.000003628,134.999995988
0.398852369504,-0.564210266775,0.292155406961,-0.505013845143,0.455388504587,0.265912551398,135.000003628,134.999995988
0.398958822575,-0.563557867475,0.292076438606,-0.504325814178,0.455388504587,0.265912551398,135.000003628,134.999995988
0.399065341045,-0.562905178968,0.291997615944,-0.503637723941,0.455388504587,0.265912551398,135.000003628,134.999995988
0.399171923896,-0.562252202408,0.291918938865,-0.502949575981,0.455388504587,0.265912551398,135.000003628,134.999995988
0.399278570317,-0.561598938805,0.291840407541,-0.502261371681,0.455388504587,0.265912551398,135.000003628,134.999995988
0.399385279589,-0.560945389101,0.29176202186,-0.501573112585,0.455388504587,0.265912551398,135.000003628,134.999995988
0.399492050732,-0.560291554421,0.291683781743,-0.500884800218,0.455388504587,0.265912551398,135.000003628,134.999995988
0.399598882736,-0.559637435917,0.291605687326,-0.500196435976,0.455388504587,0.265912551398,135.000003628,134.999995988
0.399705774846,-0.558983034556,0.291527738492,-0.499508021401,0.455388504587,0.265912551398,135.000003628,134.999995988
0.399812726323,-0.558328351294,0.29144993522,-0.498819557977,0.455388504587,0.265912551398,135.000003628,134.999995988
0.399919736159,-0.557673387277,0.291372277583,-0.49813104713,0.455388504587,0.265912551398,135.000003628,134.999995988
0.400026803365,-0.557018143641,0.291294765463,-0.497442490397,0.455388504587,0.265912551398,135.000003628,134.999995988
0.400133927223,-0.556362621327,0.291217398892,-0.496753889222,0.455388504587,0.265912551398,135.000003628,134.999995988
0.400241106943,-0.555706821325,0.291140177883,-0.49606524506,0.455388504587,0.265912551398,135.000003628,134.999995988
0.400348341521,-0.55505074478,0.291063102316,-0.495376559444,0.455388504587,0.265912551398,135.000003628,134.999995988
0.400455630026,-0.554394392787,0.290986172277,-0.494687833778,0.455388504587,0.265912551398,135.000003628,134.999995988
0.40056297174,-0.553737766285,0.290909387718,-0.493999069547,0.455388504587,0.265912551398,135.000003628,134.999995988
0.400670365824,-0.553080866298,0.290832748518,-0.493310268276,0.455388504587,0.265912551398,135.000003628,134.999995988
0.400777811281,-0.55242369397,0.290756254816,-0.492621431334,0.455388504587,0.265912551398,135.000003628,134.999995988
0.400885307232,-0.551766250354,0.290679906505,-0.491932560231,0.455388504587,0.265912551398,135.000003628,134.999995988
0.400992852961,-0.551108536388,0.290603703461,-0.491243656489,0.455388504587,0.265912551398,135.000003628,134.999995988
0.401100447583,-0.550450553131,0.290527645839,-0.490554721458,0.455388504587,0.265912551398,135.000003628,134.999995988
0.401208090106,-0.549792301722,0.290451733512,-0.489865756656,0.455388504587,0.265912551398,135.000003628,134.999995988
0.401315779704,-0.549133783176,0.290375966388,-0.489176763577,0.455388504587,0.265912551398,135.000003628,134.999995988
0.401423515661,-0.548474998429,0.290300344585,-0.488487743586,0.455388504587,0.265912551398,135.000003628,134.999995988
0.40153129705,-0.547815948573,0.290224867972,-0.487798698197,0.455388504587,0.265912551398,135.000003628,134.999995988
0.401639122882,-0.547156634742,0.290149536507,-0.487109628867,0.455388504587,0.265912551398,135.000003628,134.999995988
0.401746992384,-0.546497057915,0.290074350255,-0.486420536986,0.455388504587,0.265912551398,135.000003628,134.999995988
0.401854904839,-0.545837219027,0.28999930908,-0.485731424063,0.455388504587,0.265912551398,135.000003628,134.999995988
0.401962859281,-0.545177119198,0.289924412992,-0.485042291517,0.455388504587,0.265912551398,135.000003628,134.999995988
0.402070854726,-0.544516759559,0.289849661998,-0.484353140766,0.455388504587,0.265912551398,135.000003628,134.999995988
0.402178890447,-0.543856141055,0.289775055961,-0.483663973312,0.455388504587,0.265912551398,135.000003628,134.999995988
0.402286965703,-0.543195264638,0.289700594941,-0.482974790537,0.455388504587,0.265912551398,135.000003628,134.999995988
0.402395079516,-0.542534131436,0.289626278889,-0.482285593884,0.455388504587,0.265912551398,135.000003628,134.999995988
0.402503230937,-0.541872742557,0.289552107668,-0.48159638485,0.455388504587,0.265912551398,135.000003628,134.999995988
0.402611419256,-0.541211098931,0.289478081383,-0.48090716478,0.455388504587,0.265912551398,135.000003628,134.999995988
0.402719643693,-0.54054920154,0.289404199936,-0.480217935143,0.455388504587,0.265912551398,135.000003628,134.999995988
0.402827903275,-0.539887051508,0.289330463183,-0.479528697429,0.455388504587,0.265912551398,135.000003628,134.999995988
0.402936197101,-0.539224649907,0.28925687127,-0.478839452953,0.455388504587,0.265912551398,135.000003628,134.999995988
0.403044524462,-0.538561997666,0.289183424055,-0.478150203202,0.455388504587,0.265912551398,135.000003628,134.999995988
0.40315288454,-0.537899095794,0.289110121401,-0.477460949656,0.455388504587,0.265912551398,135.000003628,134.999995988
0.403261276371,-0.53723594541,0.289036963444,-0.476771693628,0.455388504587,0.265912551398,135.000003628,134.999995988
0.403369699097,-0.536572547554,0.288963950036,-0.476082436599,0.455388504587,0.265912551398,135.000003628,134.999995988
0.40347815201,-0.535908903154,0.288891081089,-0.475393180015,0.455388504587,0.265912551398,135.000003628,134.999995988
0.40358663426,-0.535245013242,0.288818356686,-0.474703925211,0.455388504587,0.265912551398,135.000003628,134.999995988
0.403695144888,-0.534580878934,0.28874577668,-0.474014673662,0.455388504587,0.265912551398,135.000003628,134.999995988
0.403803683078,-0.533916501239,0.288673341024,-0.473325426779,0.455388504587,0.265912551398,135.000003628,134.999995988
0.403912248123,-0.533251881081,0.288601049755,-0.472636185921,0.455388504587,0.265912551398,135.000003628,134.999995988
0.404020839145,-0.532587019518,0.288528902722,-0.471946952555,0.455388504587,0.265912551398,135.000003628,134.999995988
0.40412945519,-0.531921917659,0.288456899921,-0.471257728059,0.455388504587,0.265912551398,135.000003628,134.999995988
0.404238095481,-0.531256576485,0.288385041342,-0.470568513812,0.455388504587,0.265912551398,135.000003628,134.999995988
0.404346759313,-0.530590996917,0.28831332683,-0.469879311277,0.455388504587,0.265912551398,135.000003628,134.999995988
0.404455445781,-0.529925180034,0.288241756425,-0.469190121797,0.455388504587,0.265912551398,135.000003628,134.999995988
0.404564153936,-0.529259126942,0.28817033007,-0.468500946771,0.455388504587,0.265912551398,135.000003628,134.999995988
0.404672883039,-0.528592838592,0.288099047607,-0.467811787658,0.455388504587,0.265912551398,135.000003628,134.999995988
0.404781632388,-0.527926315905,0.288027909119,-0.467122645765,0.455388504587,0.265912551398,135.000003628,134.999995988
0.404890401051,-0.527259559977,0.2879569145,-0.466433522514,0.455388504587,0.265912551398,135.000003628,134.999995988
0.404999188088,-0.526592571912,0.287886063594,-0.465744419357,0.455388504587,0.265912551398,135.000003628,134.999995988
0.405107992792,-0.525925352632,0.287815356519,-0.465055337567,0.455388504587,0.265912551398,135.000003628,134.999995988
0.405216814443,-0.525257903073,0.28774479313,-0.464366278587,0.455388504587,0.265912551398,135.000003628,134.999995988
0.405325652109,-0.524590224333,0.287674373264,-0.46367724386,0.455388504587,0.265912551398,135.000003628,134.999995988
0.405434504876,-0.523922317493,0.287604097054,-0.462988234648,0.455388504587,0.265912551398,135.000003628,134.999995988
0.405543372049,-0.52325418347,0.287533964337,-0.462299252391,0.455388504587,0.265912551398,135.000003628,134.999995988
0.405652252884,-0.522585823214,0.287463974976,-0.461610298512,0.455388504587,0.265912551398,135.000003628,134.999995988
0.405761146455,-0.521917237821,0.287394129076,-0.460921374282,0.455388504587,0.265912551398,135.000003628,134.999995988
0.405870051884,-0.521248428346,0.28732442647,-0.460232481134,0.455388504587,0.265912551398,135.000003628,134.999995988
0.405978968476,-0.520579395702,0.28725486706,-0.45954362046,0.455388504587,0.265912551398,135.000003628,134.999995988
0.406087895468,-0.519910140857,0.287185450907,-0.458854793548,0.455388504587,0.265912551398,135.000003628,134.999995988
0.406196831939,-0.5192406649,0.287116177844,-0.458166001826,0.455388504587,0.265912551398,135.000003628,134.999995988
0.406305777042,-0.518570968865,0.287047047807,-0.457477246654,0.455388504587,0.265912551398,135.000003628,134.999995988
0.406414730088,-0.51790105366,0.286978060819,-0.456788529336,0.455388504587,0.265912551398,135.000003628,134.999995988
0.406523690293,-0.517230920268,0.28690921671,-0.456099851294,0.455388504587,0.265912551398,135.000003628,134.999995988
0.406632656743,-0.516560569774,0.286840515451,-0.455411213859,0.455388504587,0.265912551398,135.000003628,134.999995988
0.406741628622,-0.515890003187,0.286771957027,-0.45472261835,0.455388504587,0.265912551398,135.000003628,134.999995988
0.406850605242,-0.515219221415,0.286703541264,-0.454034066183,0.455388504587,0.265912551398,135.000003628,134.999995988
0.406959585803,-0.514548225453,0.286635268167,-0.453345558658,0.455388504587,0.265912551398,135.000003628,134.999995988
0.4070685694,-0.51387701638,0.286567137684,-0.452657097111,0.455388504587,0.265912551398,135.000003628,134.999995988
0.407177555242,-0.513205595185,0.286499149639,-0.451968682948,0.455388504587,0.265912551398,135.000003628,134.999995988
0.407286542645,-0.512533962772,0.286431304067,-0.451280317446,0.455388504587,0.265912551398,135.000003628,134.999995988
0.407395530795,-0.511862120148,0.286363600877,-0.450592001952,0.455388504587,0.265912551398,135.000003628,134.999995988
0.407504518795,-0.511190068386,0.286296039885,-0.449903737875,0.455388504587,0.265912551398,135.000003628,134.999995988
0.407613505878,-0.510517808457,0.286228621152,-0.44921552646,0.455388504587,0.265912551398,135.000003628,134.999995988
0.407722491363,-0.50984534126,0.286161344552,-0.448527369074,0.455388504587,0.265912551398,135.000003628,134.999995988
0.407831474423,-0.509172667814,0.286094209896,-0.447839267116,0.455388504587,0.265912551398,135.000003628,134.999995988
0.407940454164,-0.508499789191,0.286027217275,-0.447151221807,0.455388504587,0.265912551398,135.000003628,134.999995988
0.408049429841,-0.507826706344,0.285960366528,-0.446463234525,0.455388504587,0.265912551398,135.000003628,134.999995988
0.408158400776,-0.507153420168,0.285893657465,-0.445775306663,0.455388504587,0.265912551398,135.000003628,134.999995988
0.408267366125,-0.506479931699,0.285827090205,-0.445087439415,0.455388504587,0.265912551398,135.000003628,134.999995988
0.40837632499,-0.50580624201,0.285760664555,-0.44439963417,0.455388504587,0.265912551398,135.000003628,134.999995988
0.408485276643,-0.50513235204,0.285694380322,-0.443711892316,0.455388504587,0.265912551398,135.000003628,134.999995988
0.408594220412,-0.504458262683,0.285628237627,-0.443024215035,0.455388504587,0.265912551398,135.000003628,134.999995988
0.408703155442,-0.50378397498,0.285562236272,-0.442336603712,0.455388504587,0.265912551398,135.000003628,134.999995988
0.408812080844,-0.50310949,0.28549637609,-0.44164905971,0.455388504587,0.265912551398,135.000003628,134.999995988
0.408920995909,-0.502434808667,0.285430657172,-0.440961584221,0.455388504587,0.265912551398,135.000003628,134.999995988
0.409029899967,-0.501759931872,0.28536507932,-0.440274178621,0.455388504587,0.265912551398,135.000003628,134.999995988
0.40913879216,-0.501084860659,0.285299642389,-0.439586844249,0.455388504587,0.265912551398,135.000003628,134.999995988
0.409247671605,-0.500409596094,0.285234346445,-0.438899582306,0.455388504587,0.265912551398,135.000003628,134.999995988
0.409356537611,-0.499734139085,0.285169191286,-0.438212394161,0.455388504587,0.265912551398,135.000003628,134.999995988
0.409465389513,-0.49905849052,0.285104176791,-0.437525281131,0.455388504587,0.265912551398,135.000003628,134.999995988
0.409574226448,-0.498382651448,0.285039302999,-0.436838244422,0.455388504587,0.265912551398,135.000003628,134.999995988
0.409683047543,-0.497706622927,0.284974569707,-0.436151285397,0.455388504587,0.265912551398,135.000003628,134.999995988
0.409791852121,-0.497030405854,0.284909976813,-0.43546440535,0.455388504587,0.265912551398,135.000003628,134.999995988
0.409900639521,-0.496354001113,0.284845524333,-0.434777605495,0.455388504587,0.265912551398,135.000003628,134.999995988
0.410009408881,-0.495677409753,0.284781212064,-0.434090887186,0.455388504587,0.265912551398,135.000003628,134.999995988
0.410118159334,-0.495000632828,0.28471703992,-0.433404251695,0.455388504587,0.265912551398,135.000003628,134.999995988
0.410226890216,-0.494323671224,0.284653007897,-0.432717700243,0.455388504587,0.265912551398,135.000003628,134.999995988
0.410335600871,-0.493646525822,0.284589115788,-0.432031234175,0.455388504587,0.265912551398,135.000003628,134.999995988
0.410444290438,-0.492969197669,0.284525363527,-0.431344854744,0.455388504587,0.265912551398,135.000003628,134.999995988
0.41055295806,-0.492291687814,0.284461751088,-0.430658563173,0.455388504587,0.265912551398,135.000003628,134.999995988
0.410661603083,-0.491613997133,0.284398278262,-0.429972360801,0.455388504587,0.265912551398,135.000003628,134.999995988
0.41077022485,-0.490936126507,0.284334944998,-0.429286248862,0.455388504587,0.265912551398,135.000003628,134.999995988
0.410878822509,-0.490258076979,0.284271751253,-0.428600228581,0.455388504587,0.265912551398,135.000003628,134.999995988
0.410987395215,-0.489579849585,0.284208696815,-0.42791430129,0.455388504587,0.265912551398,135.000003628,134.999995988
0.411095942321,-0.4889014452,0.284145781648,-0.427228468203,0.455388504587,0.265912551398,135.000003628,134.999995988
0.411204463169,-0.488222864701,0.284083005691,-0.426542730548,0.455388504587,0.265912551398,135.000003628,134.999995988
0.411312956917,-0.487544109126,0.284020368731,-0.425857089649,0.455388504587,0.265912551398,135.000003628,134.999995988
0.411421422732,-0.486865179504,0.283957870743,-0.425171546702,0.455388504587,0.265912551398,135.000003628,134.999995988
0.411529859968,-0.486186076703,0.283895511652,-0.424486102936,0.455388504587,0.265912551398,135.000003628,134.999995988
0.411638267974,-0.485506801599,0.283833291243,-0.423800759667,0.455388504587,0.265912551398,135.000003628,134.999995988
0.411746645916,-0.484827355223,0.283771209502,-0.423115518076,0.455388504587,0.265912551398,135.000003628,134.999995988
0.411854992968,-0.484147738596,0.283709266339,-0.422430379388,0.455388504587,0.265912551398,135.000003628,134.999995988
0.411963308492,-0.483467952584,0.28364746154,-0.421745344915,0.455388504587,0.265912551398,135.000003628,134.999995988
0.412071591841,-0.482787998057,0.283585795096,-0.421060415819,0.455388504587,0.265912551398,135.000003628,134.999995988
0.41217984219,-0.482107876038,0.283524266909,-0.420375593326,0.455388504587,0.265912551398,135.000003628,134.999995988
0.412288058721,-0.481427587545,0.283462876761,-0.419690878738,0.455388504587,0.265912551398,135.000003628,134.999995988
0.412396240799,-0.48074713344,0.283401624651,-0.419006273204,0.455388504587,0.265912551398,135.000003628,134.999995988
0.412504387788,-0.480066514584,0.283340510472,-0.418321777946,0.455388504587,0.265912551398,135.000003628,134.999995988
0.412612498868,-0.479385731995,0.283279534002,-0.417637394257,0.455388504587,0.265912551398,135.000003628,134.999995988
0.412720573228,-0.478704786686,0.283218695248,-0.416953123275,0.455388504587,0.265912551398,135.000003628,134.999995988
0.412828610239,-0.478023679516,0.283157994093,-0.416268966216,0.455388504587,0.265912551398,135.000003628,134.999995988
0.412936609272,-0.477342411338,0.283097430315,-0.415584924366,0.455388504587,0.265912551398,135.000003628,134.999995988
0.413044569518,-0.476660983162,0.283037003921,-0.41490099885,0.455388504587,0.265912551398,135.000003628,134.999995988
0.413152490171,-0.475979395999,0.282976714793,-0.414217190878,0.455388504587,0.265912551398,135.000003628,134.999995988
0.413260370605,-0.475297650701,0.282916562705,-0.413533501727,0.455388504587,0.265912551398,135.000003628,134.999995988
0.413368210197,-0.474615748121,0.282856547665,-0.412849932513,0.455388504587,0.265912551398,135.000003628,134.999995988
0.413476008153,-0.473933689254,0.282796669551,-0.412166484437,0.455388504587,0.265912551398,135.000003628,134.999995988
0.413583763676,-0.473251475104,0.282736928137,-0.41148315877,0.455388504587,0.265912551398,135.000003628,134.999995988
0.413691476138,-0.472569106527,0.282677323428,-0.410799956616,0.455388504587,0.265912551398,135.000003628,134.999995988
0.413799144921,-0.471886584368,0.282617855303,-0.410116879169,0.455388504587,0.265912551398,135.000003628,134.999995988
0.413906769249,-0.471203909609,0.282558523531,-0.40943392769,0.455388504587,0.265912551398,135.000003628,134.999995988
0.414014348334,-0.470521083249,0.282499328119,-0.408751103276,0.455388504587,0.265912551398,135.000003628,134.999995988
0.414121881544,-0.469838106144,0.282440268941,-0.40806840711,0.455388504587,0.265912551398,135.000003628,134.999995988
0.414229368266,-0.469154979136,0.28238134577,-0.407385840445,0.455388504587,0.265912551398,135.000003628,134.999995988
0.414336807743,-0.468471703191,0.282322558602,-0.406703404371,0.455388504587,0.265912551398,135.000003628,134.999995988
0.414444199197,-0.467788279301,0.28226390732,-0.406021100058,0.455388504587,0.265912551398,135.000003628,134.999995988
0.41455154199,-0.467104708325,0.28220539169,-0.405338928752,0.455388504587,0.265912551398,135.000003628,134.999995988
0.414658835515,-0.466420991101,0.282147011705,-0.404656891537,0.455388504587,0.265912551398,135.000003628,134.999995988
0.414766079037,-0.465737128579,0.282088767251,-0.40397498957,0.455388504587,0.265912551398,135.000003628,134.999995988
0.414873271783,-0.465053121742,0.282030658093,-0.403293224087,0.455388504587,0.265912551398,135.000003628,134.999995988
0.414980413113,-0.464368971456,0.281972684214,-0.40261159617,0.455388504587,0.265912551398,135.000003628,134.999995988
0.415087502423,-0.463684678553,0.281914845508,-0.401930106958,0.455388504587,0.265912551398,135.000003628,134.999995988
0.415194539001,-0.463000243964,0.281857141739,-0.401248757681,0.455388504587,0.265912551398,135.000003628,134.999995988
0.415301522083,-0.462315668665,0.281799572877,-0.400567549417,0.455388504587,0.265912551398,135.000003628,134.999995988
0.41540845102,-0.46163095353,0.281742138827,-0.39988648329,0.455388504587,0.265912551398,135.000003628,134.999995988
0.415515325215,-0.460946099385,0.28168483935,-0.399205560518,0.455388504587,0.265912551398,135.000003628,134.999995988
0.415622143979,-0.46026110714,0.281627674403,-0.398524782181,0.455388504587,0.265912551398,135.000003628,134.999995988
0.415728906558,-0.459575977765,0.281570643903,-0.397844149382,0.455388504587,0.265912551398,135.000003628,134.999995988
0.415835612293,-0.458890712141,0.28151374761,-0.397163663333,0.455388504587,0.265912551398,135.000003628,134.999995988
0.415942260593,-0.458205311089,0.281456985465,-0.396483325112,0.455388504587,0.265912551398,135.000003628,134.999995988
0.416048850794,-0.457519775498,0.281400357398,-0.395803135803,0.455388504587,0.265912551398,135.000003628,134.999995988
0.416155382149,-0.45683410633,0.281343863169,-0.395123096608,0.455388504587,0.265912551398,135.000003628,134.999995988
0.416261853992,-0.456148304475,0.281287502698,-0.394443208608,0.455388504587,0.265912551398,135.000003628,134.999995988
0.416368265737,-0.45546237075,0.281231275935,-0.393763472865,0.455388504587,0.265912551398,135.000003628,134.999995988
0.416474616745,-0.45477630602,0.281175182637,-0.393083890572,0.455388504587,0.265912551398,135.000003628,134.999995988
0.416580906279,-0.454090111239,0.281119222703,-0.392404462814,0.455388504587,0.265912551398,135.000003628,134.999995988
0.416687133662,-0.453403787308,0.281063396104,-0.391725190628,0.455388504587,0.265912551398,135.000003628,134.999995988
0.416793298312,-0.452717335039,0.281007702592,-0.391046075197,0.455388504587,0.265912551398,135.000003628,134.999995988
0.416899399619,-0.452030755272,0.280952142046,-0.390367117615,0.455388504587,0.265912551398,135.000003628,134.999995988
0.417005436854,-0.451344048953,0.280896714457,-0.38968831889,0.455388504587,0.265912551398,135.000003628,134.999995988
0.417111409329,-0.450657216995,0.280841419577,-0.389009680197,0.455388504587,0.265912551398,135.000003628,134.999995988
0.417217316467,-0.449970260205,0.280786257258,-0.388331202638,0.455388504587,0.265912551398,135.000003628,134.999995988
0.417323157686,-0.449283179396,0.280731227516,-0.387652887191,0.455388504587,0.265912551398,135.000003628,134.999995988
0.417428932268,-0.448595975508,0.280676330101,-0.386974735024,0.455388504587,0.265912551398,135.000003628,134.999995988
0.417534639509,-0.447908649466,0.280621564837,-0.386296747247,0.455388504587,0.265912551398,135.000003628,134.999995988
0.41764027884,-0.44722120207,0.280566931767,-0.385618924809,0.455388504587,0.265912551398,135.000003628,134.999995988
0.417745849696,-0.446533634119,0.28051243064,-0.384941268867,0.455388504587,0.265912551398,135.000003628,134.999995988
0.41785135138,-0.445845946533,0.280458061248,-0.384263780543,0.455388504587,0.265912551398,135.000003628,134.999995988
0.417956783185,-0.445158140239,0.280403823665,-0.383586460754,0.455388504587,0.265912551398,135.000003628,134.999995988
0.418062144537,-0.444470216045,0.280349717638,-0.382909310648,0.455388504587,0.265912551398,135.000003628,134.999995988
0.418167434876,-0.443782174743,0.280295742926,-0.38223233136,0.455388504587,0.265912551398,135.000003628,134.999995988
0.41827265354,-0.443094017221,0.280241899612,-0.381555523788,0.455388504587,0.265912551398,135.000003628,134.999995988
0.418377799831,-0.4424057444,0.280188187465,-0.380878889054,0.455388504587,0.265912551398,135.000003628,134.999995988
0.418482873156,-0.441717357103,0.280134606229,-0.380202428295,0.455388504587,0.265912551398,135.000003628,134.999995988
0.418587872961,-0.441028856118,0.280081155963,-0.379526142412,0.455388504587,0.265912551398,135.000003628,134.999995988
0.418692798618,-0.4403402423,0.280027836472,-0.378850032492,0.455388504587,0.265912551398,135.000003628,134.999995988
0.418797649439,-0.439651516564,0.279974647499,-0.378174099662,0.455388504587,0.265912551398,135.000003628,134.999995988
0.418902424813,-0.438962679749,0.279921589064,-0.377498344841,0.455388504587,0.265912551398,135.000003628,134.999995988
0.41900712419,-0.438273732638,0.279868661009,-0.376822769077,0.455388504587,0.265912551398,135.000003628,134.999995988
0.419111746979,-0.437584676052,0.279815863076,-0.376147373486,0.455388504587,0.265912551398,135.000003628,134.999995988
0.419216292501,-0.436895510898,0.279763195243,-0.375472159008,0.455388504587,0.265912551398,135.000003628,134.999995988
0.419320760123,-0.436206238036,0.279710657394,-0.374797126648,0.455388504587,0.265912551398,135.000003628,134.999995988
0.419425149304,-0.43551685824,0.279658249268,-0.374122277515,0.455388504587,0.265912551398,135.000003628,134.999995988
0.419529459487,-0.4348273723,0.2796059708,-0.373447612568,0.455388504587,0.265912551398,135.000003628,134.999995988
0.419633690003,-0.434137781112,0.279553821917,-0.372773132769,0.455388504587,0.265912551398,135.000003628,134.999995988
0.419737840199,-0.433448085558,0.279501802358,-0.372098839217,0.455388504587,0.265912551398,135.000003628,134.999995988
0.41984190954,-0.432758286406,0.279449912008,-0.371424732897,0.455388504587,0.265912551398,135.000003628,134.999995988
0.41994589749,-0.432068384423,0.279398150842,-0.370750814722,0.455388504587,0.265912551398,135.000003628,134.999995988
0.420049803404,-0.431378380484,0.279346518598,-0.370077085783,0.455388504587,0.265912551398,135.000003628,134.999995988
0.420153626625,-0.430688275476,0.279295015111,-0.369403547089,0.455388504587,0.265912551398,135.000003628,134.999995988
0.420257366606,-0.429998070177,0.279243640406,-0.368730199507,0.455388504587,0.265912551398,135.000003628,134.999995988
0.420361022821,-0.429307765347,0.279192394218,-0.368057044116,0.455388504587,0.265912551398,135.000003628,134.999995988
0.420464594663,-0.428617361823,0.279141276329,-0.367384081957,0.455388504587,0.265912551398,135.000003628,134.999995988
0.420568081484,-0.427926860483,0.279090286812,-0.366711313846,0.455388504587,0.265912551398,135.000003628,134.999995988
0.420671482714,-0.427236262128,0.279039425406,-0.366038740849,0.455388504587,0.265912551398,135.000003628,134.999995988
0.42077479783,-0.426545567514,0.278988691843,-0.365366364033,0.455388504587,0.265912551398,135.000003628,134.999995988
0.42087802627,-0.425854777437,0.278938086188,-0.364694184211,0.455388504587,0.265912551398,135.000003628,134.999995988
0.42098116739,-0.425163892768,0.278887608235,-0.364022202394,0.455388504587,0.265912551398,135.000003628,134.999995988
0.421084220595,-0.424472914336,0.278837257711,-0.363350419641,0.455388504587,0.265912551398,135.000003628,134.999995988
0.421187185369,-0.42378184289,0.278787034621,-0.3626788368,0.455388504587,0.265912551398,135.000003628,134.999995988
0.421290061189,-0.423090679183,0.278736938816,-0.362007454826,0.455388504587,0.265912551398,135.000003628,134.999995988
0.421392847413,-0.422399424091,0.278686970019,-0.361336274773,0.455388504587,0.265912551398,135.000003628,134.999995988
0.421495543409,-0.421708078475,0.278637128168,-0.360665297525,0.455388504587,0.265912551398,135.000003628,134.999995988
0.421598148668,-0.421016643078,0.278587413179,-0.359994523977,0.455388504587,0.265912551398,135.000003628,134.999995988
0.421700662684,-0.420325118641,0.278537824773,-0.359323955173,0.455388504587,0.265912551398,135.000003628,134.999995988
0.421803084851,-0.419633505997,0.278488362822,-0.358653592037,0.455388504587,0.265912551398,135.000003628,134.999995988
0.42190541454,-0.418941806012,0.278439027308,-0.3579834354,0.455388504587,0.265912551398,135.000003628,134.999995988
0.422007651216,-0.418250019451,0.278389817952,-0.357313486296,0.455388504587,0.265912551398,135.000003628,134.999995988
0.422109794379,-0.417558147047,0.278340734553,-0.356643745693,0.455388504587,0.265912551398,135.000003628,134.999995988
0.422211843474,-0.416866189587,0.278291777167,-0.355974214354,0.455388504587,0.265912551398,135.000003628,134.999995988
0.42231379788,-0.416174147927,0.278242945511,-0.355304893303,0.455388504587,0.265912551398,135.000003628,134.999995988
0.42241565703,-0.415482022867,0.278194239311,-0.354635783555,0.455388504587,0.265912551398,135.000003628,134.999995988
0.422517420429,-0.414789815131,0.278145658629,-0.353966885855,0.455388504587,0.265912551398,135.000003628,134.999995988
0.422619087573,-0.414097525458,0.278097203249,-0.353298201163,0.455388504587,0.265912551398,135.000003628,134.999995988
0.42272065785,-0.413405154694,0.278048872888,-0.352629730491,0.455388504587,0.265912551398,135.000003628,134.999995988
0.422822130658,-0.412712703672,0.278000667537,-0.351961474627,0.455388504587,0.265912551398,135.000003628,134.999995988
0.42292350551,-0.412020173114,0.27795258706,-0.351293434457,0.455388504587,0.265912551398,135.000003628,134.999995988
0.423024781921,-0.411327563736,0.277904631172,-0.350625610981,0.455388504587,0.265912551398,135.000003628,134.999995988
0.423125959317,-0.410634876345,0.277856799782,-0.349958005042,0.455388504587,0.265912551398,135.000003628,134.999995988
0.423227037097,-0.409942111776,0.277809092837,-0.349290617447,0.455388504587,0.265912551398,135.000003628,134.999995988
0.423328014748,-0.409249270776,0.277761510049,-0.348623449188,0.455388504587,0.265912551398,135.000003628,134.999995988
0.42342889179,-0.408556354056,0.277714051244,-0.347956501161,0.455388504587,0.265912551398,135.000003628,134.999995988
0.423529667705,-0.407863362367,0.277666716453,-0.347289774095,0.455388504587,0.265912551398,135.000003628,134.999995988
0.423630341899,-0.407170296537,0.277619505387,-0.346623268969,0.455388504587,0.265912551398,135.000003628,134.999995988
0.423730913822,-0.40647715735,0.277572417784,-0.345956986739,0.455388504587,0.265912551398,135.000003628,134.999995988
0.423831383002,-0.405783945509,0.2775254537,-0.345290928103,0.455388504587,0.265912551398,135.000003628,134.999995988
0.423931748966,-0.405090661718,0.277478612909,-0.344625093976,0.455388504587,0.265912551398,135.000003628,134.999995988
0.424032011138,-0.404397306788,0.277431895121,-0.343959485326,0.455388504587,0.265912551398,135.000003628,134.999995988
0.424132168936,-0.403703881537,0.277385300325,-0.34329410289,0.455388504587,0.265912551398,135.000003628,134.999995988
0.424232221887,-0.403010386669,0.277338828391,-0.342628947497,0.455388504587,0.265912551398,135.000003628,134.999995988
0.424332169527,-0.402316822877,0.277292479025,-0.341964020104,0.455388504587,0.265912551398,135.000003628,134.999995988
0.424432011334,-0.401623190917,0.277246252122,-0.341299321513,0.455388504587,0.265912551398,135.000003628,134.999995988
0.424531746736,-0.400929491597,0.277200147648,-0.340634852463,0.455388504587,0.265912551398,135.000003628,134.999995988
0.424631375221,-0.400235725661,0.277154165309,-0.3399706139,0.455388504587,0.265912551398,135.000003628,134.999995988
0.42473089633,-0.399541893798,0.277108304897,-0.339306606695,0.455388504587,0.265912551398,135.000003628,134.999995988
0.424830309599,-0.398847996703,0.277062566464,-0.338642831506,0.455388504587,0.265912551398,135.000003628,134.999995988
0.424929614463,-0.398154035175,0.277016949732,-0.337979289254,0.455388504587,0.265912551398,135.000003628,134.999995988
0.425028810372,-0.397460010001,0.276971454406,-0.33731598087,0.455388504587,0.265912551398,135.000003628,134.999995988
0.425127896872,-0.396765921863,0.276926080518,-0.336652907014,0.455388504587,0.265912551398,135.000003628,134.999995988
0.425226873515,-0.396071771438,0.276880827899,-0.335990068508,0.455388504587,0.265912551398,135.000003628,134.999995988
0.425325739788,-0.395377559473,0.27683569625,-0.335327466272,0.455388504587,0.265912551398,135.000003628,134.999995988
0.425424495137,-0.394683286757,0.276790685495,-0.334665101044,0.455388504587,0.265912551398,135.000003628,134.999995988
0.425523139078,-0.393988954005,0.276745795574,-0.334002973541,0.455388504587,0.265912551398,135.000003628,134.999995988
0.425621671169,-0.39329456189,0.276701026189,-0.333341084675,0.455388504587,0.265912551398,135.000003628,134.999995988
0.425720090953,-0.392600111093,0.27665637715,-0.332679435262,0.455388504587,0.265912551398,135.000003628,134.999995988
0.425818397888,-0.391905602395,0.276611848505,-0.332018025919,0.455388504587,0.265912551398,135.000003628,134.999995988
0.425916591447,-0.391211036557,0.276567439961,-0.331356857539,0.455388504587,0.265912551398,135.000003628,134.999995988
0.426014671193,-0.390516414244,0.276523151217,-0.330695931021,0.455388504587,0.265912551398,135.000003628,134.999995988
0.426112636692,-0.389821736117,0.276478982313,-0.330035246974,0.455388504587,0.265912551398,135.000003628,134.999995988
0.426210487447,-0.389127002903,0.276434933076,-0.32937480618,0.455388504587,0.265912551398,135.000003628,134.999995988
0.426308222928,-0.38843221537,0.276391003204,-0.328714609526,0.455388504587,0.265912551398,135.000003628,134.999995988
0.426405842665,-0.387737374217,0.276347192615,-0.328054657711,0.455388504587,0.265912551398,135.000003628,134.999995988
0.426503346232,-0.387042480096,0.27630350126,-0.327394951401,0.455388504587,0.265912551398,135.000003628,134.999995988
0.426600733193,-0.38634753367,0.276259928835,-0.326735491472,0.455388504587,0.265912551398,135.000003628,134.999995988
0.426698003025,-0.385652535696,0.27621647513,-0.326076278716,0.455388504587,0.265912551398,135.000003628,134.999995988
0.426795155216,-0.384957486921,0.27617314019,-0.325417313709,0.455388504587,0.265912551398,135.000003628,134.999995988
0.426892189345,-0.384262387993,0.276129923746,-0.324758597284,0.455388504587,0.265912551398,135.000003628,134.999995988
0.426989104991,-0.383567239554,0.276086825494,-0.324100130303,0.455388504587,0.265912551398,135.000003628,134.999995988
0.427085901687,-0.382872042304,0.27604384544,-0.323441913359,0.455388504587,0.265912551398,135.000003628,134.999995988
0.42718257892,-0.382176796989,0.27600098345,-0.322783947161,0.455388504587,0.265912551398,135.000003628,134.999995988
0.42727913623,-0.381481504298,0.275958239217,-0.322126232558,0.455388504587,0.265912551398,135.000003628,134.999995988
0.427375573205,-0.380786164868,0.275915612611,-0.321468770249,0.455388504587,0.265912551398,135.000003628,134.999995988
0.427471889433,-0.380090779333,0.275873103637,-0.320811560807,0.455388504587,0.265912551398,135.000003628,134.999995988
0.427568084417,-0.379395348424,0.275830711987,-0.320154605074,0.455388504587,0.265912551398,135.000003628,134.999995988
0.427664157655,-0.378699872877,0.27578843739,-0.319497903856,0.455388504587,0.265912551398,135.000003628,134.999995988
0.427760108735,-0.378004353327,0.275746279885,-0.318841457683,0.455388504587,0.265912551398,135.000003628,134.999995988
0.427855937254,-0.377308790399,0.275704239273,-0.318185267292,0.455388504587,0.265912551398,135.000003628,134.999995988
0.427951642777,-0.376613184753,0.275662315244,-0.317529333509,0.455388504587,0.265912551398,135.000003628,134.999995988
0.428047224813,-0.375917537115,0.275620507728,-0.316873656946,0.455388504587,0.265912551398,135.000003628,134.999995988
0.4281426829,-0.375221848173,0.275578816674,-0.316218238198,0.455388504587,0.265912551398,135.000003628,134.999995988
0.428238016643,-0.374526118547,0.275537241772,-0.315563078079,0.455388504587,0.265912551398,135.000003628,134.999995988
0.428333225643,-0.373830348852,0.275495782799,-0.314908177322,0.455388504587,0.265912551398,135.000003628,134.999995988
0.428428309445,-0.373134539775,0.275454439795,-0.314253536428,0.455388504587,0.265912551398,135.000003628,134.999995988
0.428523267566,-0.37243869203,0.275413212512,-0.313599156145,0.455388504587,0.265912551398,135.000003628,134.999995988
0.428618099589,-0.371742806256,0.275372100637,-0.312945037274,0.455388504587,0.265912551398,135.000003628,134.999995988
0.428712805125,-0.371046883064,0.275331104143,-0.31229118036,0.455388504587,0.265912551398,135.000003628,134.999995988
0.428807383782,-0.370350923062,0.275290222942,-0.311637585996,0.455388504587,0.265912551398,135.000003628,134.999995988
0.428901835087,-0.369654926955,0.275249456719,-0.310984254973,0.455388504587,0.265912551398,135.000003628,134.999995988
0.428996158573,-0.368958895443,0.275208805285,-0.310331187968,0.455388504587,0.265912551398,135.000003628,134.999995988
0.429090353855,-0.368262829124,0.275168268675,-0.309678385451,0.455388504587,0.265912551398,135.000003628,134.999995988
0.429184420555,-0.367566728598,0.275127846616,-0.309025848163,0.455388504587,0.265912551398,135.000003628,134.999995988
0.429278358261,-0.366870594494,0.275087538793,-0.308373576878,0.455388504587,0.265912551398,135.000003628,134.999995988
0.429372166513,-0.366174427504,0.275047345197,-0.307721572095,0.455388504587,0.265912551398,135.000003628,134.999995988
0.429465844878,-0.365478228286,0.275007265728,-0.307069834386,0.455388504587,0.265912551398,135.000003628,134.999995988
0.429559392983,-0.36478199743,0.274967300069,-0.306418364516,0.455388504587,0.265912551398,135.000003628,134.999995988
0.429652810453,-0.364085735521,0.274927448036,-0.305767163125,0.455388504587,0.265912551398,135.000003628,134.999995988
0.429746096867,-0.363389443208,0.274887709664,-0.305116230653,0.455388504587,0.265912551398,135.000003628,134.999995988
0.429839251772,-0.362693121171,0.274848084677,-0.304465567813,0.455388504587,0.265912551398,135.000003628,134.999995988
0.429932274769,-0.361996770029,0.274808572756,-0.303815175355,0.455388504587,0.265912551398,135.000003628,134.999995988
0.430025165493,-0.361300390359,0.274769173891,-0.303165053746,0.455388504587,0.265912551398,135.000003628,134.999995988
0.430117923578,-0.360603982739,0.27472988799,-0.30251520352,0.455388504587,0.265912551398,135.000003628,134.999995988
0.430210548591,-0.359907547829,0.274690714732,-0.301865625415,0.455388504587,0.265912551398,135.000003628,134.999995988
0.430303040091,-0.359211086297,0.274651653922,-0.301216320055,0.455388504587,0.265912551398,135.000003628,134.999995988
0.430395397707,-0.358514598727,0.27461270559,-0.300567287847,0.455388504587,0.265912551398,135.000003628,134.999995988
0.430487621082,-0.357818085686,0.274573869481,-0.299918529458,0.455388504587,0.265912551398,135.000003628,134.999995988
0.430579709853,-0.357121547749,0.274535145274,-0.299270045611,0.455388504587,0.265912551398,135.000003628,134.999995988
0.430671663585,-0.356424985577,0.274496532933,-0.298621836764,0.455388504587,0.265912551398,135.000003628,134.999995988
0.430763481854,-0.355728399818,0.274458032399,-0.297973903389,0.455388504587,0.265912551398,135.000003628,134.999995988
0.43085516431,-0.355031791031,0.274419643347,-0.297326246199,0.455388504587,0.265912551398,135.000003628,134.999995988
0.430946710602,-0.354335159773,0.274381365545,-0.29667886582,0.455388504587,0.265912551398,135.000003628,134.999995988
0.431038120361,-0.353638506628,0.274343199021,-0.296031762631,0.455388504587,0.265912551398,135.000003628,134.999995988
0.431129393163,-0.352941832243,0.274305143566,-0.295384937225,0.455388504587,0.265912551398,135.000003628,134.999995988
0.431220528609,-0.352245137235,0.274267198853,-0.2947383903,0.455388504587,0.265912551398,135.000003628,134.999995988
0.431311526356,-0.351548422155,0.274229364798,-0.294092122328,0.455388504587,0.265912551398,135.000003628,134.999995988
0.431402386061,-0.350851687549,0.2741916414,-0.293446133695,0.455388504587,0.265912551398,135.000003628,134.999995988
0.431493107354,-0.350154934002,0.274154028332,-0.292800425086,0.455388504587,0.265912551398,135.000003628,134.999995988
0.431583689818,-0.349458162149,0.274116525296,-0.292154997158,0.455388504587,0.265912551398,135.000003628,134.999995988
0.431674133077,-0.348761372584,0.274079132322,-0.291509850256,0.455388504587,0.265912551398,135.000003628,134.999995988
0.431764436796,-0.348064565845,0.274041849268,-0.290864984877,0.455388504587,0.265912551398,135.000003628,134.999995988
0.431854600641,-0.347367742466,0.274004675808,-0.290220401695,0.455388504587,0.265912551398,135.000003628,134.999995988
0.43194462424,-0.346670903033,0.273967611779,-0.289576101218,0.455388504587,0.265912551398,135.000003628,134.999995988
0.432034507188,-0.34597404817,0.273930657209,-0.288932083773,0.455388504587,0.265912551398,135.000003628,134.999995988
0.432124249125,-0.345277178447,0.273893811825,-0.288288349966,0.455388504587,0.265912551398,135.000003628,134.999995988
0.432213849725,-0.344580294389,0.273857075297,-0.287644900455,0.455388504587,0.265912551398,135.000003628,134.999995988
0.432303308662,-0.343883396523,0.273820447594,-0.287001735607,0.455388504587,0.265912551398,135.000003628,134.999995988
0.432392625567,-0.343186485429,0.273783928676,-0.286358855794,0.455388504587,0.265912551398,135.000003628,134.999995988
0.432481800045,-0.342489561718,0.27374751821,-0.285716261662,0.455388504587,0.265912551398,135.000003628,134.999995988
0.432570831751,-0.341792625942,0.273711215932,-0.285073953789,0.455388504587,0.265912551398,135.000003628,134.999995988
0.432659720366,-0.341095678615,0.273675021868,-0.284431932468,0.455388504587,0.265912551398,135.000003628,134.999995988
0.432748465575,-0.340398720251,0.273638935858,-0.283790198168,0.455388504587,0.265912551398,135.000003628,134.999995988
0.432837067011,-0.339701751425,0.273602957568,-0.28314875152,0.455388504587,0.265912551398,135.000003628,134.999995988
0.43292552429,-0.339004772735,0.27356708685,-0.28250759297,0.455388504587,0.265912551398,135.000003628,134.999995988
0.43301383708,-0.338307784716,0.273531323731,-0.281866722795,0.455388504587,0.265912551398,135.000003628,134.999995988
0.433102005069,-0.337610787872,0.273495667935,-0.281226141554,0.455388504587,0.265912551398,135.000003628,134.999995988
0.43319002795,-0.336913782706,0.273460119129,-0.280585849862,0.455388504587,0.265912551398,135.000003628,134.999995988
0.433277905365,-0.336216769781,0.273424677275,-0.279945848041,0.455388504587,0.265912551398,135.000003628,134.999995988
0.433365636939,-0.335519749684,0.273389342354,-0.27930613639,0.455388504587,0.265912551398,135.000003628,134.999995988
0.433453222349,-0.334822722936,0.27335411403,-0.278666715513,0.455388504587,0.265912551398,135.000003628,134.999995988
0.433540661292,-0.334125690031,0.273318992009,-0.278027585967,0.455388504587,0.265912551398,135.000003628,134.999995988
0.433627953468,-0.33342865146,0.273283976315,-0.277388747997,0.455388504587,0.265912551398,135.000003628,134.999995988
0.433715098529,-0.332731607771,0.273249066832,-0.276750201978,0.455388504587,0.265912551398,135.000003628,134.999995988
0.433802096111,-0.332034559541,0.27321426322,-0.276111948497,0.455388504587,0.265912551398,135.000003628,134.999995988
0.433888945898,-0.331337507281,0.273179565282,-0.275473988004,0.455388504587,0.265912551398,135.000003628,134.999995988
0.433975647593,-0.330640451471,0.27314497304,-0.274836320722,0.455388504587,0.265912551398,135.000003628,134.999995988
0.434062200905,-0.329943392593,0.273110486287,-0.274198947096,0.455388504587,0.265912551398,135.000003628,134.999995988
0.4341486055,-0.329246331178,0.273076104684,-0.273561867701,0.455388504587,0.265912551398,135.000003628,134.999995988
0.434234861021,-0.328549267788,0.273041828119,-0.27292508288,0.455388504587,0.265912551398,135.000003628,134.999995988
0.434320967157,-0.32785220293,0.273007656616,-0.272288592837,0.455388504587,0.265912551398,135.000003628,134.999995988
0.43440692362,-0.327155137073,0.272973589883,-0.271652398081,0.455388504587,0.265912551398,135.000003628,134.999995988
0.434492730126,-0.326458070686,0.272939627581,-0.271016499174,0.455388504587,0.265912551398,135.000003628,134.999995988
0.434578386356,-0.325761004279,0.272905769678,-0.270380896357,0.455388504587,0.265912551398,135.000003628,134.999995988
0.434663891964,-0.325063938404,0.272872016174,-0.269745589838,0.455388504587,0.265912551398,135.000003628,134.999995988
0.434749246637,-0.324366873563,0.272838366727,-0.269110580162,0.455388504587,0.265912551398,135.000003628,134.999995988
0.434834450098,-0.323669810214,0.272804821014,-0.268475867855,0.455388504587,0.265912551398,135.000003628,134.999995988
0.434919502069,-0.322972748813,0.272771379057,-0.267841453087,0.455388504587,0.265912551398,135.000003628,134.999995988
0.43500440225,-0.322275689849,0.272738040789,-0.267207336111,0.455388504587,0.265912551398,135.000003628,134.999995988
0.435089150303,-0.321578633859,0.272704805866,-0.26657351746,0.455388504587,0.265912551398,135.000003628,134.999995988
0.435173745915,-0.320881581345,0.272671674029,-0.265939997575,0.455388504587,0.265912551398,135.000003628,134.999995988
0.435258188815,-0.320184532756,0.272638645299,-0.265306776609,0.455388504587,0.265912551398,135.000003628,134.999995988
0.435342478734,-0.319487488536,0.272605719552,-0.264673854854,0.455388504587,0.265912551398,135.000003628,134.999995988
0.435426615393,-0.318790449144,0.272572896442,-0.264041232827,0.455388504587,0.265912551398,135.000003628,134.999995988
0.43551059846,-0.318093415106,0.272540175766,-0.263408910897,0.455388504587,0.265912551398,135.000003628,134.999995988
0.435594427621,-0.317396386929,0.272507557542,-0.262776889196,0.455388504587,0.265912551398,135.000003628,134.999995988
0.435678102612,-0.316699365048,0.2724750416,-0.262145168047,0.455388504587,0.265912551398,135.000003628,134.999995988
0.435761623172,-0.316002349897,0.272442627592,-0.261513747953,0.455388504587,0.265912551398,135.000003628,134.999995988
0.435844989039,-0.315305341906,0.272410315359,-0.260882629217,0.455388504587,0.265912551398,135.000003628,134.999995988
0.435928199896,-0.314608341586,0.272378104921,-0.26025181195,0.455388504587,0.265912551398,135.000003628,134.999995988
0.436011255424,-0.313911349447,0.272345996067,-0.259621296499,0.455388504587,0.265912551398,135.000003628,134.999995988
0.436094155364,-0.313214365918,0.272313988447,-0.258991083352,0.455388504587,0.265912551398,135.000003628,134.999995988
0.436176899462,-0.312517391419,0.272282081941,-0.258361172753,0.455388504587,0.265912551398,135.000003628,134.999995988
0.436259487465,-0.31182042637,0.272250276567,-0.257731564796,0.455388504587,0.265912551398,135.000003628,134.999995988
0.43634191908,-0.311123471244,0.272218572084,-0.25710225984,0.455388504587,0.265912551398,135.000003628,134.999995988
0.436424193996,-0.310426526542,0.272186968141,-0.256473258358,0.455388504587,0.265912551398,135.000003628,134.999995988
0.436506311946,-0.309729592702,0.272155464645,-0.255844560547,0.455388504587,0.265912551398,135.000003628,134.999995988
0.436588272682,-0.309032670136,0.272124061613,-0.255216166479,0.455388504587,0.265912551398,135.000003628,134.999995988
0.436670075959,-0.308335759249,0.272092758786,-0.254588076519,0.455388504587,0.265912551398,135.000003628,134.999995988
0.43675172151,-0.307638860478,0.272061555809,-0.253960291124,0.455388504587,0.265912551398,135.000003628,134.999995988
0.436833209029,-0.306941974317,0.272030452608,-0.253332810452,0.455388504587,0.265912551398,135.000003628,134.999995988
0.436914538231,-0.306245101226,0.271999449199,-0.252705634558,0.455388504587,0.265912551398,135.000003628,134.999995988
0.436995708878,-0.305548241604,0.271968545313,-0.252078763796,0.455388504587,0.265912551398,135.000003628,134.999995988
0.437076720732,-0.304851395845,0.271937740594,-0.251452198611,0.455388504587,0.265912551398,135.000003628,134.999995988
0.437157573556,-0.304154564342,0.271907034975,-0.250825939133,0.455388504587,0.265912551398,135.000003628,134.999995988
0.437238267051,-0.303457747577,0.271876428472,-0.250199985397,0.455388504587,0.265912551398,135.000003628,134.999995988
0.437318800918,-0.302760946031,0.271845920815,-0.249574337738,0.455388504587,0.265912551398,135.000003628,134.999995988
0.437399174924,-0.302064160095,0.271815511649,-0.248948996587,0.455388504587,0.265912551398,135.000003628,134.999995988
0.437479388837,-0.30136739015,0.271785200903,-0.248323962058,0.455388504587,0.265912551398,135.000003628,134.999995988
0.437559442428,-0.300670636579,0.271754988591,-0.247699234164,0.455388504587,0.265912551398,135.000003628,134.999995988
0.437639335435,-0.299973899809,0.271724874456,-0.247074813213,0.455388504587,0.265912551398,135.000003628,134.999995988
0.437719067567,-0.299277180311,0.271694858142,-0.246450699618,0.455388504587,0.265912551398,135.000003628,134.999995988
0.43779863857,-0.298580478502,0.271664939562,-0.245826893491,0.455388504587,0.265912551398,135.000003628,134.999995988
0.437878048219,-0.297883794754,0.271635118732,-0.245203394824,0.455388504587,0.265912551398,135.000003628,134.999995988
0.437957296293,-0.297187129436,0.271605395416,-0.244580203882,0.455388504587,0.265912551398,135.000003628,134.999995988
0.438036382569,-0.296490482918,0.271575769257,-0.243957321065,0.455388504587,0.265912551398,135.000003628,134.999995988
0.438115306764,-0.295793855659,0.271546240143,-0.24333474649,0.455388504587,0.265912551398,135.000003628,134.999995988
0.438194068598,-0.29509724811,0.271516808089,-0.242712480132,0.455388504587,0.265912551398,135.000003628,134.999995988
0.438272667857,-0.29440066063,0.271487472896,-0.242090522198,0.455388504587,0.265912551398,135.000003628,134.999995988
0.438351104324,-0.293704093576,0.271458234201,-0.241468873074,0.455388504587,0.265912551398,135.000003628,134.999995988
0.438429377788,-0.293007547303,0.271429091859,-0.2408475329,0.455388504587,0.265912551398,135.000003628,134.999995988
0.438507488005,-0.29231102221,0.271400045883,-0.240226501629,0.455388504587,0.265912551398,135.000003628,134.999995988
0.4385854347,-0.291614518739,0.271371096119,-0.2396057794,0.455388504587,0.265912551398,135.000003628,134.999995988
0.438663217634,-0.290918037287,0.271342242203,-0.238985366584,0.455388504587,0.265912551398,135.000003628,134.999995988
0.438740836598,-0.290221578197,0.271313483938,-0.23836526336,0.455388504587,0.265912551398,135.000003628,134.999995988
0.438818291388,-0.289525141812,0.271284821338,-0.237745469661,0.455388504587,0.265912551398,135.000003628,134.999995988
0.438895581797,-0.288828728472,0.271256254306,-0.237125985541,0.455388504587,0.265912551398,135.000003628,134.999995988
0.438972707566,-0.288132338598,0.271227782477,-0.236506811357,0.455388504587,0.265912551398,135.000003628,134.999995988
0.439049668431,-0.28743597262,0.271199405591,-0.23588794734,0.455388504587,0.265912551398,135.000003628,134.999995988
0.439126464185,-0.286739630881,0.27117112366,-0.235269393406,0.455388504587,0.265912551398,135.000003628,134.999995988
0.439203094629,-0.286043313711,0.271142936663,-0.234651149503,0.455388504587,0.265912551398,135.000003628,134.999995988
0.439279559565,-0.285347021437,0.27111484423,-0.234033215976,0.455388504587,0.265912551398,135.000003628,134.999995988
0.439355858781,-0.284650754407,0.271086846028,-0.233415593124,0.455388504587,0.265912551398,135.000003628,134.999995988
0.439431992021,-0.283954513038,0.271058942068,-0.232798280842,0.455388504587,0.265912551398,135.000003628,134.999995988
0.439507959045,-0.283258297724,0.271031132364,-0.232181279019,0.455388504587,0.265912551398,135.000003628,134.999995988
0.439583759658,-0.282562108783,0.271003416597,-0.231564587924,0.455388504587,0.265912551398,135.000003628,134.999995988
0.439659393671,-0.281865946529,0.270975794395,-0.230948207883,0.455388504587,0.265912551398,135.000003628,134.999995988
0.439734860894,-0.281169811277,0.27094826572,-0.230332138833,0.455388504587,0.265912551398,135.000003628,134.999995988
0.439810161107,-0.280473703385,0.270920830582,-0.229716380641,0.455388504587,0.265912551398,135.000003628,134.999995988
0.439885294063,-0.279777623255,0.270893488764,-0.229100933442,0.455388504587,0.265912551398,135.000003628,134.999995988
0.439960259545,-0.279081571243,0.270866239893,-0.228485797548,0.455388504587,0.265912551398,135.000003628,134.999995988
0.44003505737,-0.27838554765,0.270839083826,-0.227870972996,0.455388504587,0.265912551398,135.000003628,134.999995988
0.440109687353,-0.277689552778,0.270812020577,-0.227256459634,0.455388504587,0.265912551398,135.000003628,134.999995988
0.440184149314,-0.276993586925,0.27078505004,-0.226642257442,0.455388504587,0.265912551398,135.000003628,134.999995988
0.440258443029,-0.276297650455,0.270758171842,-0.226028366718,0.455388504587,0.265912551398,135.000003628,134.999995988
0.440332568258,-0.275601743757,0.270731385724,-0.225414787619,0.455388504587,0.265912551398,135.000003628,134.999995988
0.440406524807,-0.274905867151,0.270704691697,-0.224801519974,0.455388504587,0.265912551398,135.000003628,134.999995988
0.440480312498,-0.274210020925,0.270678089773,-0.224188563606,0.455388504587,0.265912551398,135.000003628,134.999995988
0.440553931158,-0.273514205366,0.270651579591,-0.223575918778,0.455388504587,0.265912551398,135.000003628,134.999995988
0.440627380611,-0.272818420757,0.270625160775,-0.222963585772,0.455388504587,0.265912551398,135.000003628,134.999995988
0.440700660635,-0.272122667461,0.270598833322,-0.222351564416,0.455388504587,0.265912551398,135.000003628,134.999995988
0.440773770998,-0.271426945853,0.270572597241,-0.221739854514,0.455388504587,0.265912551398,135.000003628,134.999995988
0.440846711522,-0.270731256225,0.270546452318,-0.221128456135,0.455388504587,0.265912551398,135.000003628,134.999995988
0.440919482037,-0.270035598852,0.270520398177,-0.220517369546,0.455388504587,0.265912551398,135.000003628,134.999995988
0.440992082376,-0.269339974004,0.270494434664,-0.219906594736,0.455388504587,0.265912551398,135.000003628,134.999995988
0.441064512373,-0.268644381951,0.270468561789,-0.219296131488,0.455388504587,0.265912551398,135.000003628,134.999995988
0.441136771809,-0.267948823047,0.270442779502,-0.218685979654,0.455388504587,0.265912551398,135.000003628,134.999995988
0.441208860462,-0.267253297654,0.270417087424,-0.218076139488,0.455388504587,0.265912551398,135.000003628,134.999995988
0.441280778162,-0.266557806043,0.270391485236,-0.217466611162,0.455388504587,0.265912551398,135.000003628,134.999995988
0.44135252475,-0.265862348475,0.270365972949,-0.21685739444,0.455388504587,0.265912551398,135.000003628,134.999995988
0.441424100065,-0.265166925205,0.270340550574,-0.216248489078,0.455388504587,0.265912551398,135.000003628,134.999995988
0.441495503949,-0.264471536487,0.270315217848,-0.215639895168,0.455388504587,0.265912551398,135.000003628,134.999995988
0.441566736191,-0.263776182661,0.270289974391,-0.215031612944,0.455388504587,0.265912551398,135.000003628,134.999995988
0.441637796577,-0.263080864075,0.270264820093,-0.214423642299,0.455388504587,0.265912551398,135.000003628,134.999995988
0.441708684945,-0.262385580988,0.270239754965,-0.213815982971,0.455388504587,0.265912551398,135.000003628,134.999995988
0.441779401142,-0.261690333645,0.270214778941,-0.213208634783,0.455388504587,0.265912551398,135.000003628,134.999995988
0.441849945014,-0.260995122286,0.27018989164,-0.212601597957,0.455388504587,0.265912551398,135.000003628,134.999995988
0.441920316411,-0.260299947152,0.270165092754,-0.21199487262,0.455388504587,0.265912551398,135.000003628,134.999995988
0.441990515137,-0.259604808558,0.27014038229,-0.211388458488,0.455388504587,0.265912551398,135.000003628,134.999995988
0.442060540983,-0.258909706839,0.27011576026,-0.210782355273,0.455388504587,0.265912551398,135.000003628,134.999995988
0.442130393791,-0.258214642249,0.270091226422,-0.210176563,0.455388504587,0.265912551398,135.000003628,134.999995988
0.442200073412,-0.257519615019,0.270066780391,-0.209571081874,0.455388504587,0.265912551398,135.000003628,134.999995988
0.442269579703,-0.256824625374,0.270042422035,-0.208965911779,0.455388504587,0.265912551398,135.000003628,134.999995988
0.442338912519,-0.25612967354,0.270018151361,-0.208361052404,0.455388504587,0.265912551398,135.000003628,134.999995988
0.442408071682,-0.2554347598,0.269993968365,-0.207756503453,0.455388504587,0.265912551398,135.000003628,134.999995988
0.442477056992,-0.254739884476,0.269969872661,-0.207152265118,0.455388504587,0.265912551398,135.000003628,134.999995988
0.442545868285,-0.254045047826,0.269945863877,-0.206548337571,0.455388504587,0.265912551398,135.000003628,134.999995988
0.442614505422,-0.253350250065,0.269921942023,-0.205944720484,0.455388504587,0.265912551398,135.000003628,134.999995988
0.442682968265,-0.252655491406,0.269898107106,-0.205341413523,0.455388504587,0.265912551398,135.000003628,134.999995988
0.442751256677,-0.251960772059,0.269874358982,-0.204738416546,0.455388504587,0.265912551398,135.000003628,134.999995988
0.442819370503,-0.251266092265,0.269850697264,-0.204135729731,0.455388504587,0.265912551398,135.000003628,134.999995988
0.44288730955,-0.250571452332,0.269827121718,-0.203533353051,0.455388504587,0.265912551398,135.000003628,134.999995988
0.442955073644,-0.249876852534,0.269803632351,-0.202931286151,0.455388504587,0.265912551398,135.000003628,134.999995988
0.443022662655,-0.24918229307,0.269780229173,-0.202329528671,0.455388504587,0.265912551398,135.000003628,134.999995988
0.44309007645,-0.248487774139,0.269756911919,-0.201728080606,0.455388504587,0.265912551398,135.000003628,134.999995988
0.4431573149,-0.247793295935,0.269733680199,-0.20112694212,0.455388504587,0.265912551398,135.000003628,134.999995988
0.443224377877,-0.247098858651,0.269710533896,-0.200526113004,0.455388504587,0.265912551398,135.000003628,134.999995988
0.443291265195,-0.246404462579,0.26968747302,-0.19992559288,0.455388504587,0.265912551398,135.000003628,134.999995988
0.443357976669,-0.245710108014,0.269664497579,-0.19932538136,0.455388504587,0.265912551398,135.000003628,134.999995988
0.443424512172,-0.245015795145,0.269641607208,-0.198725478556,0.455388504587,0.265912551398,135.000003628,134.999995988
0.44349087158,-0.244321524154,0.269618801515,-0.198125884613,0.455388504587,0.265912551398,135.000003628,134.999995988
0.44355705477,-0.243627295223,0.269596080483,-0.19752659917,0.455388504587,0.265912551398,135.000003628,134.999995988
0.443623061619,-0.242933108529,0.269573444119,-0.196927621821,0.455388504587,0.265912551398,135.000003628,134.999995988
0.443688891977,-0.242238964303,0.269550892382,-0.196328952221,0.455388504587,0.265912551398,135.000003628,134.999995988
0.443754545665,-0.241544862825,0.269528424878,-0.195730590502,0.455388504587,0.265912551398,135.000003628,134.999995988
0.443820022535,-0.240850804319,0.269506041264,-0.195132536728,0.455388504587,0.265912551398,135.000003628,134.999995988
0.443885322469,-0.240156788955,0.269483741549,-0.194534790474,0.455388504587,0.265912551398,135.000003628,134.999995988
0.443950445352,-0.239462816899,0.269461525739,-0.193937351308,0.455388504587,0.265912551398,135.000003628,134.999995988
0.444015391067,-0.238768888314,0.269439393739,-0.193340218937,0.455388504587,0.265912551398,135.000003628,134.999995988
0.444080159501,-0.23807500336,0.269417345155,-0.192743393477,0.455388504587,0.265912551398,135.000003628,134.999995988
0.444144750483,-0.2373811623,0.269395379695,-0.192146874903,0.455388504587,0.265912551398,135.000003628,134.999995988
0.444209163843,-0.236687365401,0.269373497366,-0.191550662762,0.455388504587,0.265912551398,135.000003628,134.999995988
0.444273399466,-0.235993612822,0.269351698177,-0.190954756599,0.455388504587,0.265912551398,135.000003628,134.999995988
0.444337457242,-0.235299904717,0.269329982001,-0.190359156136,0.455388504587,0.265912551398,135.000003628,134.999995988
0.444401337061,-0.234606241234,0.269308348442,-0.189763861479,0.455388504587,0.265912551398,135.000003628,134.999995988
0.444465038816,-0.233912622519,0.269286797235,-0.189168872541,0.455388504587,0.265912551398,135.000003628,134.999995988
0.444528562384,-0.233219048746,0.26926532839,-0.188574188846,0.455388504587,0.265912551398,135.000003628,134.999995988
0.4445919076,-0.232525520169,0.269243941914,-0.187979809911,0.455388504587,0.265912551398,135.000003628,134.999995988
0.444655074314,-0.23183203701,0.269222637674,-0.187385735444,0.455388504587,0.265912551398,135.000003628,134.999995988
0.444718062423,-0.231138599408,0.269201415274,-0.186791965536,0.455388504587,0.265912551398,135.000003628,134.999995988
0.444780871825,-0.230445207496,0.269180274452,-0.186198500077,0.455388504587,0.265912551398,135.000003628,134.999995988
0.444843502416,-0.229751861408,0.269159215215,-0.185605338565,0.455388504587,0.265912551398,135.000003628,134.999995988
0.444905954096,-0.229058561271,0.269138237572,-0.185012480492,0.455388504587,0.265912551398,135.000003628,134.999995988
0.444968226738,-0.228365307268,0.269117341414,-0.184419925512,0.455388504587,0.265912551398,135.000003628,134.999995988
0.445030320182,-0.227672099638,0.269096526338,-0.183827673703,0.455388504587,0.265912551398,135.000003628,134.999995988
0.4450922343,-0.226978938566,0.269075792062,-0.183235724968,0.455388504587,0.265912551398,135.000003628,134.999995988
0.445153968993,-0.226285824173,0.269055138592,-0.182644078782,0.455388504587,0.265912551398,135.000003628,134.999995988
0.445215524167,-0.225592756576,0.269034565936,-0.182052734612,0.455388504587,0.265912551398,135.000003628,134.999995988
0.445276899726,-0.224899735892,0.269014074035,-0.181461692014,0.455388504587,0.265912551398,135.000003628,134.999995988
0.445338095576,-0.22420676223,0.268993662485,-0.180870951053,0.455388504587,0.265912551398,135.000003628,134.999995988
0.445399111591,-0.223513835768,0.268973330952,-0.18028051169,0.455388504587,0.265912551398,135.000003628,134.999995988
0.44545994762,-0.222820956732,0.268953079441,-0.179690373376,0.455388504587,0.265912551398,135.000003628,134.999995988
0.445520603543,-0.222128125282,0.268932907961,-0.179100535553,0.455388504587,0.265912551398,135.000003628,134.999995988
0.445581079271,-0.221435341522,0.268912816518,-0.178510997654,0.455388504587,0.265912551398,135.000003628,134.999995988
0.445641374715,-0.220742605553,0.268892804721,-0.177921759708,0.455388504587,0.265912551398,135.000003628,134.999995988
0.445701489786,-0.220049917473,0.268872872166,-0.177332821766,0.455388504587,0.265912551398,135.000003628,134.999995988
0.445761424397,-0.219357277379,0.268853018846,-0.176744183271,0.455388504587,0.265912551398,135.000003628,134.999995988
0.445821178431,-0.218664685422,0.268833244769,-0.176155843643,0.455388504587,0.265912551398,135.000003628,134.999995988
0.445880751743,-0.217972141819,0.26881354994,-0.175567802289,0.455388504587,0.265912551398,135.000003628,134.999995988
0.445940144218,-0.21727964672,0.26879393408,-0.174980059054,0.455388504587,0.265912551398,135.000003628,134.999995988
0.445999355772,-0.216587200212,0.268774396783,-0.174392613976,0.455388504587,0.265912551398,135.000003628,134.999995988
0.446058386323,-0.21589480238,0.268754937928,-0.173805466647,0.455388504587,0.265912551398,135.000003628,134.999995988
0.446117235787,-0.215202453306,0.268735557523,-0.17321861646,0.455388504587,0.265912551398,135.000003628,134.999995988
0.446175904086,-0.214510153068,0.268716255575,-0.172632062802,0.455388504587,0.265912551398,135.000003628,134.999995988
0.446234391119,-0.213817901782,0.268697031947,-0.172045805272,0.455388504587,0.265912551398,135.000003628,134.999995988
0.446292696748,-0.213125699647,0.268677886232,-0.171459843896,0.455388504587,0.265912551398,135.000003628,134.999995988
0.446350820851,-0.212433546827,0.268658818163,-0.170874178473,0.455388504587,0.265912551398,135.000003628,134.999995988
0.446408763351,-0.211741443391,0.268639827747,-0.170288808373,0.455388504587,0.265912551398,135.000003628,134.999995988
0.446466524171,-0.211049389408,0.268620914991,-0.169703732958,0.455388504587,0.265912551398,135.000003628,134.999995988
0.446524103237,-0.210357384944,0.268602079902,-0.16911895158,0.455388504587,0.265912551398,135.000003628,134.999995988
0.446581500472,-0.20966543006,0.268583322107,-0.168534464193,0.455388504587,0.265912551398,135.000003628,134.999995988
0.446638715804,-0.208973524816,0.268564641195,-0.167950270809,0.455388504587,0.265912551398,135.000003628,134.999995988
0.446695749101,-0.208281669395,0.268546037136,-0.167366370833,0.455388504587,0.265912551398,135.000003628,134.999995988
0.446752600228,-0.207589863986,0.268527509935,-0.166782763604,0.455388504587,0.265912551398,135.000003628,134.999995988
0.446809269113,-0.206898108648,0.2685090596,-0.166199448451,0.455388504587,0.265912551398,135.000003628,134.999995988
0.446865755684,-0.206206403434,0.268490685976,-0.16561642496,0.455388504587,0.265912551398,135.000003628,134.999995988
0.446922059871,-0.205514748392,0.268472388649,-0.165033693133,0.455388504587,0.265912551398,135.000003628,134.999995988
0.446978181606,-0.204823143569,0.268454167369,-0.164451252707,0.455388504587,0.265912551398,135.000003628,134.999995988
0.447034120821,-0.204131589008,0.268436022142,-0.163869102996,0.455388504587,0.265912551398,135.000003628,134.999995988
0.447089877421,-0.203440084812,0.268417952976,-0.163287243308,0.455388504587,0.265912551398,135.000003628,134.999995988
0.447145451278,-0.202748631155,0.268399959877,-0.162705672943,0.455388504587,0.265912551398,135.000003628,134.999995988
0.447200842292,-0.202057228152,0.268382042526,-0.16212439173,0.455388504587,0.265912551398,135.000003628,134.999995988
0.447256050398,-0.201365875838,0.26836420051,-0.161543399661,0.455388504587,0.265912551398,135.000003628,134.999995988
0.447311075531,-0.200674574247,0.268346433737,-0.160962696185,0.455388504587,0.265912551398,135.000003628,134.999995988
0.447365917629,-0.199983323409,0.268328742215,-0.160382280589,0.455388504587,0.265912551398,135.000003628,134.999995988
0.44742057663,-0.199292123352,0.268311125949,-0.159802152149,0.455388504587,0.265912551398,135.000003628,134.999995988
0.447475052472,-0.198600974101,0.268293584924,-0.159222310173,0.455388504587,0.265912551398,135.000003628,134.999995988
0.447529345046,-0.197909875785,0.268276118721,-0.158642754642,0.455388504587,0.265912551398,135.000003628,134.999995988
0.447583454231,-0.197218828569,0.268258726948,-0.158063485495,0.455388504587,0.265912551398,135.000003628,134.999995988
0.44763737995,-0.196527832505,0.268241409612,-0.157484501996,0.455388504587,0.265912551398,135.000003628,134.999995988
0.447691122147,-0.195836887613,0.268224166717,-0.156905803397,0.455388504587,0.265912551398,135.000003628,134.999995988
0.447744680762,-0.195145993906,0.268206998272,-0.156327388948,0.455388504587,0.265912551398,135.000003628,134.999995988
0.44779805574,-0.194455151396,0.268189904183,-0.15574925806,0.455388504587,0.265912551398,135.000003628,134.999995988
0.447851247023,-0.193764360094,0.268172884029,-0.155171410702,0.455388504587,0.265912551398,135.000003628,134.999995988
0.447904254558,-0.193073620004,0.268155937493,-0.154593846673,0.455388504587,0.265912551398,135.000003628,134.999995988
0.447957078232,-0.192382931263,0.26813906458,-0.154016565206,0.455388504587,0.265912551398,135.000003628,134.999995988
0.448009717929,-0.19169229402,0.268122265298,-0.153439565526,0.455388504587,0.265912551398,135.000003628,134.999995988
0.448062173587,-0.191001708297,0.268105539652,-0.152862846852,0.455388504587,0.265912551398,135.000003628,134.999995988
0.448114445155,-0.190311174091,0.26808888752,-0.152286408621,0.455388504587,0.265912551398,135.000003628,134.999995988
0.448166532579,-0.189620691401,0.268072308479,-0.151710250797,0.455388504587,0.265912551398,135.000003628,134.999995988
0.448218435809,-0.188930260219,0.268055802238,-0.151134373111,0.455388504587,0.265912551398,135.000003628,134.999995988
0.448270154796,-0.188239880538,0.268039368804,-0.150558774768,0.455388504587,0.265912551398,135.000003628,134.999995988
0.448321689488,-0.187549552345,0.268023008184,-0.149983454965,0.455388504587,0.265912551398,135.000003628,134.999995988
0.448373039787,-0.186859275749,0.268006720383,-0.14940841289,0.455388504587,0.265912551398,135.000003628,134.999995988
0.448424205579,-0.186169050892,0.267990505299,-0.148833647922,0.455388504587,0.265912551398,135.000003628,134.999995988
0.448475186803,-0.185478877787,0.267974362508,-0.148259160016,0.455388504587,0.265912551398,135.000003628,134.999995988
0.448525983413,-0.184788756418,0.267958291696,-0.147684948927,0.455388504587,0.265912551398,135.000003628,134.999995988
0.448576595362,-0.184098686763,0.267942292869,-0.147111013832,0.455388504587,0.265912551398,135.000003628,134.999995988
0.448627022605,-0.183408668799,0.267926366034,-0.146537353901,0.455388504587,0.265912551398,135.000003628,134.999995988
0.448677265098,-0.182718702498,0.267910511197,-0.145963968293,0.455388504587,0.265912551398,135.000003628,134.999995988
0.448727322795,-0.182028787832,0.26789472833,-0.145390856224,0.455388504587,0.265912551398,135.000003628,134.999995988
0.448777195622,-0.181338924847,0.267879017008,-0.144818017642,0.455388504587,0.265912551398,135.000003628,134.999995988
0.448826883471,-0.180649113673,0.267863376839,-0.14424545243,0.455388504587,0.265912551398,135.000003628,134.999995988
0.448876386265,-0.179959354359,0.267847807829,-0.143673159739,0.455388504587,0.265912551398,135.000003628,134.999995988
0.448925703963,-0.17926964687,0.267832309984,-0.14310113871,0.455388504587,0.265912551398,135.000003628,134.999995988
0.448974836525,-0.178579991168,0.267816883311,-0.142529388475,0.455388504587,0.265912551398,135.000003628,134.999995988
0.449023783909,-0.177890387212,0.267801527817,-0.14195790816,0.455388504587,0.265912551398,135.000003628,134.999995988
0.449072546076,-0.177200834958,0.267786243174,-0.141386697514,0.455388504587,0.265912551398,135.000003628,134.999995988
0.449121122988,-0.176511334359,0.267771028954,-0.14081575648,0.455388504587,0.265912551398,135.000003628,134.999995988
0.449169514605,-0.175821885367,0.267755885063,-0.140245084372,0.455388504587,0.265912551398,135.000003628,134.999995988
0.44921772083,-0.175132488086,0.267740811506,-0.139674680304,0.455388504587,0.265912551398,135.000003628,134.999995988
0.449265741557,-0.174443142638,0.267725808289,-0.139104543383,0.455388504587,0.265912551398,135.000003628,134.999995988
0.449313576746,-0.173753848981,0.26771087542,-0.138534672706,0.455388504587,0.265912551398,135.000003628,134.999995988
0.449361226361,-0.17306460706,0.26769601277,-0.137965067627,0.455388504587,0.265912551398,135.000003628,134.999995988
0.449408690366,-0.172375416818,0.267681219907,-0.137395728084,0.455388504587,0.265912551398,135.000003628,134.999995988
0.449455968726,-0.171686278195,0.267666496538,-0.136826653754,0.455388504587,0.265912551398,135.000003628,134.999995988
0.449503061408,-0.170997191127,0.267651842667,-0.136257843727,0.455388504587,0.265912551398,135.000003628,134.999995988
0.449549968378,-0.170308155548,0.267637258301,-0.135689297085,0.455388504587,0.265912551398,135.000003628,134.999995988
0.449596689596,-0.169619171405,0.267622743446,-0.135121012899,0.455388504587,0.265912551398,135.000003628,134.999995988
0.449643224964,-0.168930238808,0.267608298109,-0.134552990235,0.455388504587,0.265912551398,135.000003628,134.999995988
0.449689574387,-0.168241357849,0.267593921992,-0.133985228757,0.455388504587,0.265912551398,135.000003628,134.999995988
0.449735737835,-0.167552528458,0.267579614661,-0.133417728403,0.455388504587,0.265912551398,135.000003628,134.999995988
0.449781715276,-0.166863750561,0.267565375989,-0.132850488506,0.455388504587,0.265912551398,135.000003628,134.999995988
0.44982750668,-0.166175024081,0.26755120598,-0.13228350812,0.455388504587,0.265912551398,135.000003628,134.999995988
0.449873112018,-0.165486348938,0.267537104643,-0.131716786295,0.455388504587,0.265912551398,135.000003628,134.999995988
0.449918531261,-0.164797725051,0.267523071981,-0.13115032207,0.455388504587,0.265912551398,135.000003628,134.999995988
0.44996376438,-0.164109152333,0.267509108004,-0.130584114476,0.455388504587,0.265912551398,135.000003628,134.999995988
0.450008811348,-0.163420630698,0.267495212315,-0.130018163364,0.455388504587,0.265912551398,135.000003628,134.999995988
0.450053672072,-0.162732160236,0.26748138448,-0.129452468671,0.455388504587,0.265912551398,135.000003628,134.999995988
0.450098346455,-0.162043741049,0.267467624463,-0.128887029514,0.455388504587,0.265912551398,135.000003628,134.999995988
0.450142834469,-0.161355373057,0.267453932271,-0.128321844918,0.455388504587,0.265912551398,135.000003628,134.999995988
0.450187136087,-0.160667056166,0.26744030791,-0.127756913899,0.455388504587,0.265912551398,135.000003628,134.999995988
0.450231251284,-0.159978790283,0.267426751387,-0.127192235465,0.455388504587,0.265912551398,135.000003628,134.999995988
0.450275180034,-0.159290575308,0.267413262707,-0.126627808616,0.455388504587,0.265912551398,135.000003628,134.999995988
0.450318922315,-0.158602411142,0.267399841462,-0.126063633227,0.455388504587,0.265912551398,135.000003628,134.999995988
0.450362478101,-0.157914297682,0.267386487214,-0.125499709238,0.455388504587,0.265912551398,135.000003628,134.999995988
0.45040584737,-0.157226234821,0.26737319994,-0.124936035712,0.455388504587,0.265912551398,135.000003628,134.999995988
0.450449030067,-0.156538222545,0.267359979646,-0.124372611645,0.455388504587,0.265912551398,135.000003628,134.999995988
0.450492026098,-0.155850260949,0.267346826339,-0.123809436021,0.455388504587,0.265912551398,135.000003628,134.999995988
0.450534835404,-0.155162350031,0.267333740024,-0.123246507818,0.455388504587,0.265912551398,135.000003628,134.999995988
0.450577457965,-0.15447448968,0.267320720709,-0.122683826007,0.455388504587,0.265912551398,135.000003628,134.999995988
0.450619893758,-0.153786679785,0.267307768059,-0.122121390291,0.455388504587,0.265912551398,135.000003628,134.999995988
0.450662142765,-0.153098920231,0.267294881635,-0.121559200616,0.455388504587,0.265912551398,135.000003628,134.999995988
0.450704204963,-0.152411210898,0.267282061336,-0.120997256189,0.455388504587,0.265912551398,135.000003628,134.999995988
0.450746080335,-0.151723551667,0.267269307166,-0.120435555975,0.455388504587,0.265912551398,135.000003628,134.999995988
0.450787768861,-0.151035942414,0.267256619134,-0.11987409893,0.455388504587,0.265912551398,135.000003628,134.999995988
0.450829270523,-0.150348383012,0.267243997244,-0.119312884005,0.455388504587,0.265912551398,135.000003628,134.999995988
0.45087058526,-0.149660873463,0.267231441503,-0.118751910138,0.455388504587,0.265912551398,135.000003628,134.999995988
0.450911712982,-0.148973413854,0.267218951756,-0.118191176629,0.455388504587,0.265912551398,135.000003628,134.999995988
0.450952653643,-0.148286004144,0.267206527558,-0.117630683429,0.455388504587,0.265912551398,135.000003628,134.999995988
0.450993407227,-0.147598644204,0.267194168629,-0.117070430127,0.455388504587,0.265912551398,135.000003628,134.999995988
0.451033973717,-0.1469113339,0.267181874976,-0.116510415661,0.455388504587,0.265912551398,135.000003628,134.999995988
0.451074353097,-0.1462240731,0.267169646605,-0.115950638961,0.455388504587,0.265912551398,135.000003628,134.999995988
0.451114545352,-0.145536861664,0.267157483521,-0.115391098947,0.455388504587,0.265912551398,135.000003628,134.999995988
0.451154550466,-0.144849699454,0.26714538573,-0.114831794533,0.455388504587,0.265912551398,135.000003628,134.999995988
0.451194368424,-0.144162586325,0.26713335324,-0.114272724623,0.455388504587,0.265912551398,135.000003628,134.999995988
0.451233999213,-0.143475522134,0.267121385732,-0.113713888875,0.455388504587,0.265912551398,135.000003628,134.999995988
0.451273442797,-0.142788506799,0.267109482761,-0.113155287255,0.455388504587,0.265912551398,135.000003628,134.999995988
0.45131269909,-0.142101540403,0.267097644204,-0.112596918973,0.455388504587,0.265912551398,135.000003628,134.999995988
0.451351768027,-0.141414622963,0.267085870069,-0.112038782931,0.455388504587,0.265912551398,135.000003628,134.999995988
0.451390649595,-0.140727754331,0.26707416036,-0.111480878028,0.455388504587,0.265912551398,135.000003628,134.999995988
0.451429343781,-0.140040934356,0.267062515084,-0.110923203148,0.455388504587,0.265912551398,135.000003628,134.999995988
0.451467850574,-0.139354162885,0.267050934248,-0.110365757172,0.455388504587,0.265912551398,135.000003628,134.999995988
0.451506169962,-0.138667439763,0.267039417857,-0.10980853897,0.455388504587,0.265912551398,135.000003628,134.999995988
0.451544301933,-0.137980764831,0.267027965554,-0.109251548291,0.455388504587,0.265912551398,135.000003628,134.999995988
0.451582246477,-0.137294137928,0.267016576891,-0.108694785118,0.455388504587,0.265912551398,135.000003628,134.999995988
0.451620003583,-0.13660755889,0.267005251784,-0.108138248554,0.455388504587,0.265912551398,135.000003628,134.999995988
0.451657573242,-0.135921027551,0.266993990237,-0.107581937471,0.455388504587,0.265912551398,135.000003628,134.999995988
0.451694955408,-0.135234543861,0.266982792257,-0.107025850733,0.455388504587,0.265912551398,135.000003628,134.999995988
0.451732149997,-0.134548107901,0.26697165785,-0.106469987196,0.455388504587,0.265912551398,135.000003628,134.999995988
0.451769156961,-0.133861719634,0.266960587021,-0.105914345705,0.455388504587,0.265912551398,135.000003628,134.999995988
0.451805976291,-0.133175378893,0.266949579777,-0.1053589251,0.455388504587,0.265912551398,135.000003628,134.999995988
0.451842607978,-0.132489085509,0.266938635863,-0.104803724876,0.455388504587,0.265912551398,135.000003628,134.999995988
0.451879052015,-0.131802839307,0.266927754828,-0.104248745035,0.455388504587,0.265912551398,135.000003628,134.999995988
0.451915308393,-0.131116640113,0.266916936481,-0.103693984924,0.455388504587,0.265912551398,135.000003628,134.999995988
0.451951377105,-0.130430487749,0.266906180829,-0.103139443385,0.455388504587,0.265912551398,135.000003628,134.999995988
0.451987258144,-0.129744382033,0.266895487878,-0.102585119253,0.455388504587,0.265912551398,135.000003628,134.999995988
0.452022951503,-0.129058322783,0.266884857633,-0.102031011354,0.455388504587,0.265912551398,135.000003628,134.999995988
0.452058457176,-0.128372309811,0.266874290101,-0.101477118505,0.455388504587,0.265912551398,135.000003628,134.999995988
0.452093775153,-0.127686342946,0.266863785287,-0.100923439515,0.455388504587,0.265912551398,135.000003628,134.999995988
0.45212890535,-0.127000422269,0.266853343198,-0.100369973182,0.455388504587,0.265912551398,135.000003628,134.999995988
0.452163847691,-0.126314547847,0.266842963381,-0.0998167195269,0.455388504587,0.265912551398,135.000003628,134.999995988
0.452198602171,-0.125628719493,0.266832645382,-0.099263678586,0.455388504587,0.265912551398,135.000003628,134.999995988
0.452233168785,-0.124942937019,0.266822389206,-0.0987108491795,0.455388504587,0.265912551398,135.000003628,134.999995988
0.452267547527,-0.124257200234,0.266812194858,-0.0981582301155,0.455388504587,0.265912551398,135.000003628,134.999995988
0.452301738393,-0.123571508944,0.266802062345,-0.0976058201935,0.455388504587,0.265912551398,135.000003628,134.999995988
0.452335741379,-0.122885862953,0.266791991671,-0.0970536182042,0.455388504587,0.265912551398,135.000003628,134.999995988
0.452369556481,-0.122200262062,0.266781982844,-0.0965016229293,0.455388504587,0.265912551398,135.000003628,134.999995988
0.452403183696,-0.121514706069,0.266772035868,-0.0959498331418,0.455388504587,0.265912551398,135.000003628,134.999995988
0.45243662302,-0.120829194769,0.266762150741,-0.0953982476335,0.455388504587,0.265912551398,135.000003628,134.999995988
0.45246987445,-0.120143727957,0.266752327004,-0.0948468664649,0.455388504587,0.265912551398,135.000003628,134.999995988
0.452502937984,-0.11945830542,0.266742564212,-0.094295689683,0.455388504587,0.265912551398,135.000003628,134.999995988
0.452535813547,-0.118772927226,0.26673286237,-0.0937447160728,0.455388504587,0.265912551398,135.000003628,134.999995988
0.452568501059,-0.118087593462,0.266723221484,-0.0931939444108,0.455388504587,0.265912551398,135.000003628,134.999995988
0.452601000511,-0.117402303944,0.266713641559,-0.0926433734649,0.455388504587,0.265912551398,135.000003628,134.999995988
0.452633311903,-0.116717058464,0.266704122601,-0.0920930019937,0.455388504587,0.265912551398,135.000003628,134.999995988
0.452665435231,-0.116031856811,0.266694664616,-0.0915428287473,0.455388504587,0.265912551398,135.000003628,134.999995988
0.452697370496,-0.115346698773,0.26668526761,-0.0909928524663,0.455388504587,0.265912551398,135.000003628,134.999995988
0.452729117695,-0.114661584134,0.266675931589,-0.0904430718821,0.455388504587,0.265912551398,135.000003628,134.999995988
0.452760676829,-0.113976512676,0.266666656287,-0.0898934865234,0.455388504587,0.265912551398,135.000003628,134.999995988
0.452792047895,-0.113291484179,0.266657441245,-0.0893440965079,0.455388504587,0.265912551398,135.000003628,134.999995988
0.452823230894,-0.112606498419,0.266648286273,-0.0887949011645,0.455388504587,0.265912551398,135.000003628,134.999995988
0.452854225826,-0.11192155517,0.266639191379,-0.0882458992421,0.455388504587,0.265912551398,135.000003628,134.999995988
0.452885032691,-0.111236654204,0.266630156566,-0.087697089481,0.455388504587,0.265912551398,135.000003628,134.999995988
0.45291565149,-0.110551795288,0.26662118184,-0.0871484706123,0.455388504587,0.265912551398,135.000003628,134.999995988
0.452946082149,-0.109866978494,0.266612267207,-0.0866000413584,0.455388504587,0.265912551398,135.000003628,134.999995988
0.452976324588,-0.109182203922,0.266603412673,-0.0860518004321,0.455388504587,0.265912551398,135.000003628,134.999995988
0.453006378804,-0.108497471371,0.266594618244,-0.085503746537,0.455388504587,0.265912551398,135.000003628,134.999995988
0.453036244796,-0.107812780615,0.266585883925,-0.0849558783671,0.455388504587,0.265912551398,135.000003628,134.999995988
0.453065922566,-0.107128131423,0.266577209443,-0.0844081954915,0.455388504587,0.265912551398,135.000003628,134.999995988
0.453095412115,-0.106443523564,0.266568594334,-0.0838606980919,0.455388504587,0.265912551398,135.000003628,134.999995988
0.453124713445,-0.105758956802,0.266560038416,-0.0833133854862,0.455388504587,0.265912551398,135.000003628,134.999995988
0.453153826557,-0.1050744309,0.266551541693,-0.0827662563924,0.455388504587,0.265912551398,135.000003628,134.999995988
0.453182751453,-0.104389945619,0.266543104171,-0.0822193095191,0.455388504587,0.265912551398,135.000003628,134.999995988
0.453211488136,-0.103705500715,0.266534725855,-0.0816725435663,0.455388504587,0.265912551398,135.000003628,134.999995988
0.453240036607,-0.103021095944,0.266526406751,-0.0811259572246,0.455388504587,0.265912551398,135.000003628,134.999995988
0.45326839687,-0.102336731057,0.266518146864,-0.0805795491752,0.455388504587,0.265912551398,135.000003628,134.999995988
0.453296568927,-0.101652405804,0.266509946199,-0.0800333180896,0.455388504587,0.265912551398,135.000003628,134.999995988
0.453324552781,-0.100968119931,0.266501804763,-0.0794872626297,0.455388504587,0.265912551398,135.000003628,134.999995988
0.453352348369,-0.100283873482,0.266493722561,-0.0789413814473,0.455388504587,0.265912551398,135.000003628,134.999995988
0.453379955613,-0.0995996665769,0.266485699149,-0.0783956747149,0.455388504587,0.265912551398,135.000003628,134.999995988
0.453407374501,-0.0989154990398,0.266477734061,-0.0778501427071,0.455388504587,0.265912551398,135.000003628,134.999995988
0.453434605034,-0.098231370625,0.266469827281,-0.0773047841934,0.455388504587,0.265912551398,135.000003628,134.999995988
0.453461647218,-0.0975472810837,0.266461978813,-0.0767595978578,0.455388504587,0.265912551398,135.000003628,134.999995988
0.453488501055,-0.0968632301649,0.266454188662,-0.0762145823754,0.455388504587,0.265912551398,135.000003628,134.999995988
0.45351516655,-0.0961792176149,0.266446456834,-0.0756697364117,0.455388504587,0.265912551398,135.000003628,134.999995988
0.453541643705,-0.0954952431775,0.266438783333,-0.0751250586229,0.455388504587,0.265912551398,135.000003628,134.999995988
0.453567932525,-0.0948113065939,0.266431168165,-0.0745805476555,0.455388504587,0.265912551398,135.000003628,134.999995988
0.453594033015,-0.0941274076027,0.266423611336,-0.0740362021462,0.455388504587,0.265912551398,135.000003628,134.999995988
0.453619945179,-0.0934435459401,0.26641611285,-0.0734920207213,0.455388504587,0.265912551398,135.000003628,134.999995988
0.453645669021,-0.0927597213392,0.266408672714,-0.072948001997,0.455388504587,0.265912551398,135.000003628,134.999995988
0.453671204546,-0.0920759335308,0.266401290698,-0.0724041454403,0.455388504587,0.265912551398,135.000003628,134.999995988
0.453696551758,-0.0913921822426,0.266393966334,-0.0718604514261,0.455388504587,0.265912551398,135.000003628,134.999995988
0.453721710664,-0.0907084671998,0.266386699385,-0.0713169194989,0.455388504587,0.265912551398,135.000003628,134.999995988
0.453746681247,-0.0900247882235,0.266379489857,-0.0707735483174,0.455388504587,0.265912551398,135.000003628,134.999995988
0.453771463431,-0.0893411454608,0.266372337755,-0.0702303365309,0.455388504587,0.265912551398,135.000003628,134.999995988
0.453796057155,-0.0886575389687,0.266365243082,-0.0696872827795,0.455388504587,0.265912551398,135.000003628,134.999995988
0.453820462425,-0.0879739684833,0.266358205845,-0.0691443856937,0.455388504587,0.265912551398,135.000003628,134.999995988
0.453844679246,-0.0872904337386,0.266351226048,-0.068601643894,0.455388504587,0.265912551398,135.000003628,134.999995988
0.453868707624,-0.0866069344662,0.266344303696,-0.0680590559909,0.455388504587,0.265912551398,135.000003628,134.999995988
0.453892547563,-0.0859234703952,0.266337438794,-0.0675166205846,0.455388504587,0.265912551398,135.000003628,134.999995988
0.45391619907,-0.0852400412522,0.266330631348,-0.0669743362646,0.455388504587,0.265912551398,135.000003628,134.999995988
0.453939662149,-0.0845566467614,0.266323881362,-0.0664322016094,0.455388504587,0.265912551398,135.000003628,134.999995988
0.453962936807,-0.0838732866443,0.266317188842,-0.0658902151863,0.455388504587,0.265912551398,135.000003628,134.999995988
0.453986023049,-0.0831899606201,0.266310553317,-0.0653483774901,0.455388504587,0.265912551398,135.000003628,134.999995988
0.454008920881,-0.082506668405,0.266303974317,-0.0648066890705,0.455388504587,0.265912551398,135.000003628,134.999995988
0.454031630309,-0.0818234097129,0.266297451841,-0.0642651485784,0.455388504587,0.265912551398,135.000003628,134.999995988
0.45405415134,-0.0811401842545,0.266290985895,-0.0637237546401,0.455388504587,0.265912551398,135.000003628,134.999995988
0.454076483979,-0.0804569917382,0.266284576483,-0.0631825058723,0.455388504587,0.265912551398,135.000003628,134.999995988
0.454098628233,-0.0797738318692,0.266278223609,-0.062641400882,0.455388504587,0.265912551398,135.000003628,134.999995988
0.454120584108,-0.0790907043499,0.266271927278,-0.0621004382664,0.455388504587,0.265912551398,135.000003628,134.999995988
0.454142351611,-0.0784076088798,0.266265687494,-0.0615596166121,0.455388504587,0.265912551398,135.000003628,134.999995988
0.454163930696,-0.0777245454574,0.266259504263,-0.0610189344952,0.455388504587,0.265912551398,135.000003628,134.999995988
0.454185321285,-0.0770415142889,0.266253377589,-0.060478390481,0.455388504587,0.265912551398,135.000003628,134.999995988
0.454206523349,-0.0763585152907,0.266247307476,-0.0599379831233,0.455388504587,0.265912551398,135.000003628,134.999995988
0.454227536895,-0.0756755481806,0.26624129393,-0.0593977109641,0.455388504587,0.265912551398,135.000003628,134.999995988
0.45424836193,-0.0749926126742,0.266235336955,-0.0588575725337,0.455388504587,0.265912551398,135.000003628,134.999995988
0.454268998459,-0.0743097084845,0.266229436512,-0.0583175665517,0.455388504587,0.265912551398,135.000003628,134.999995988
0.45428944649,-0.0736268353226,0.266223592124,-0.057777693753,0.455388504587,0.265912551398,135.000003628,134.999995988
0.454309706028,-0.0729439928968,0.266217803358,-0.0572379547219,0.455388504587,0.265912551398,135.000003628,134.999995988
0.454329777081,-0.0722611809133,0.266212070221,-0.0566983480691,0.455388504587,0.265912551398,135.000003628,134.999995988
0.454349659655,-0.0715783990754,0.266206392715,-0.0561588723954,0.455388504587,0.265912551398,135.000003628,134.999995988
0.454369353757,-0.0708956470842,0.266200770845,-0.0556195262925,0.455388504587,0.265912551398,135.000003628,134.999995988
0.454388859393,-0.070212924638,0.266195204615,-0.0550803083415,0.455388504587,0.265912551398,135.000003628,134.999995988
0.454408176571,-0.0695302314324,0.266189694029,-0.0545412171136,0.455388504587,0.265912551398,135.000003628,134.999995988
0.454427305297,-0.0688475671602,0.266184239092,-0.0540022511689,0.455388504587,0.265912551398,135.000003628,134.999995988
0.454446245578,-0.0681649315116,0.266178839807,-0.0534634090567,0.455388504587,0.265912551398,135.000003628,134.999995988
0.45446499742,-0.0674823241735,0.266173496178,-0.0529246893143,0.455388504587,0.265912551398,135.000003628,134.999995988
0.454483560832,-0.0667997448301,0.266168208211,-0.0523860904674,0.455388504587,0.265912551398,135.000003628,134.999995988
0.45450193582,-0.0661171931623,0.266162975909,-0.0518476110289,0.455388504587,0.265912551398,135.000003628,134.999995988
0.45452012239,-0.0654346688479,0.266157799277,-0.0513092494989,0.455388504587,0.265912551398,135.000003628,134.999995988
0.45453812055,-0.0647521715615,0.266152678318,-0.0507710043636,0.455388504587,0.265912551398,135.000003628,134.999995988
0.454555930307,-0.064069700974,0.266147613038,-0.0502328740955,0.455388504587,0.265912551398,135.000003628,134.999995988
0.454573551601,-0.0633872572341,0.266142603358,-0.04969485759,0.455388504587,0.265912551398,135.000003628,134.999995988
0.454590984352,-0.0627048406575,0.266137648797,-0.0491569559346,0.455388504587,0.265912551398,135.000003628,134.999995988
0.454608228544,-0.0620224510977,0.266132748959,-0.0486191698522,0.455388504587,0.265912551398,135.000003628,134.999995988
0.454625284185,-0.0613400882579,0.266127903846,-0.0480814979366,0.455388504587,0.265912551398,135.000003628,134.999995988
0.454642151281,-0.0606577518393,0.266123113463,-0.0475439387717,0.455388504587,0.265912551398,135.000003628,134.999995988
0.454658829839,-0.0599754415409,0.266118377814,-0.0470064909319,0.455388504587,0.265912551398,135.000003628,134.999995988
0.454675319867,-0.0592931570598,0.266113696901,-0.0464691529812,0.455388504587,0.265912551398,135.000003628,134.999995988
0.45469162137,-0.0586108980905,0.266109070728,-0.0459319234729,0.455388504587,0.265912551398,135.000003628,134.999995988
0.454707734355,-0.0579286643257,0.266104499299,-0.0453948009492,0.455388504587,0.265912551398,135.000003628,134.999995988
0.45472365883,-0.0572464554554,0.266099982618,-0.0448577839404,0.455388504587,0.265912551398,135.000003628,134.999995988
0.4547393948,-0.0565642711675,0.266095520689,-0.0443208709647,0.455388504587,0.265912551398,135.000003628,134.999995988
0.454754942273,-0.055882111147,0.266091113514,-0.0437840605272,0.455388504587,0.265912551398,135.000003628,134.999995988
0.454770301255,-0.0551999750767,0.266086761097,-0.0432473511197,0.455388504587,0.265912551398,135.000003628,134.999995988
0.454785471754,-0.0545178626366,0.266082463443,-0.0427107412195,0.455388504587,0.265912551398,135.000003628,134.999995988
0.454800453775,-0.0538357735037,0.266078220554,-0.0421742292891,0.455388504587,0.265912551398,135.000003628,134.999995988
0.454815247325,-0.0531537073523,0.266074032434,-0.0416378137749,0.455388504587,0.265912551398,135.000003628,134.999995988
0.454829852411,-0.0524716638536,0.266069899088,-0.0411014931069,0.455388504587,0.265912551398,135.000003628,134.999995988
0.45484426904,-0.0517896426757,0.266065820517,-0.0405652656972,0.455388504587,0.265912551398,135.000003628,134.999995988
0.454858497218,-0.0511076434833,0.266061796727,-0.0400291299392,0.455388504587,0.265912551398,135.000003628,134.999995988
0.454872536952,-0.0504256659377,0.266057827721,-0.0394930842065,0.455388504587,0.265912551398,135.000003628,134.999995988
0.454886388248,-0.0497437096964,0.266053913048,-0.0389571299538,0.455388504587,0.265912551398,135.000003628,134.999995988
0.454900051113,-0.0490617744132,0.266050052226,-0.0384212689984,0.455388504587,0.265912551398,135.000003628,134.999995988
0.454913525553,-0.0483798597379,0.266046245224,-0.0378855001829,0.455388504587,0.265912551398,135.000003628,134.999995988
0.454926811575,-0.0476979653157,0.266042492042,-0.0373498220991,0.455388504587,0.265912551398,135.000003628,134.999995988
0.454939909185,-0.0470160907878,0.266038792686,-0.0368142333296,0.455388504587,0.265912551398,135.000003628,134.999995988
0.454952818389,-0.0463342357902,0.266035147157,-0.0362787324476,0.455388504587,0.265912551398,135.000003628,134.999995988
0.454965539195,-0.0456523999539,0.266031555458,-0.0357433180159,0.455388504587,0.265912551398,135.000003628,134.999995988
0.454978071537,-0.0449705836094,0.266028017593,-0.0352079885867,0.455388504587,0.265912551398,135.000003628,134.999995988
0.454990415334,-0.0442887873316,0.266024533563,-0.0346727427008,0.455388504587,0.265912551398,135.000003628,134.999995988
0.45500257057,-0.0436070110313,0.266021103373,-0.0341375788866,0.455388504587,0.265912551398,135.000003628,134.999995988
0.45501453725,-0.0429252544119,0.266017727024,-0.0336024956595,0.455388504587,0.265912551398,135.000003628,134.999995988
0.455026315381,-0.0422435171759,0.266014404519,-0.0330674915211,0.455388504587,0.265912551398,135.000003628,134.999995988
0.455037904969,-0.0415617990249,0.266011135862,-0.0325325649577,0.455388504587,0.265912551398,135.000003628,134.999995988
0.455049306018,-0.0408800996597,0.266007921056,-0.03199771444,0.455388504587,0.265912551398,135.000003628,134.999995988
0.455060518536,-0.0401984187801,0.266004760101,-0.031462938421,0.455388504587,0.265912551398,135.000003628,134.999995988
0.455071542527,-0.0395167560852,0.266001653003,-0.0309282353355,0.455388504587,0.265912551398,135.000003628,134.999995988
0.455082377997,-0.0388351112731,0.265998599763,-0.030393603598,0.455388504587,0.265912551398,135.000003628,134.999995988
0.455093024951,-0.038153484041,0.265995600383,-0.0298590416011,0.455388504587,0.265912551398,135.000003628,134.999995988
0.455103483396,-0.0374718740852,0.265992654867,-0.0293245477142,0.455388504587,0.265912551398,135.000003628,134.999995988
0.455113753335,-0.0367902811009,0.265989763218,-0.0287901202808,0.455388504587,0.265912551398,135.000003628,134.999995988
0.455123834775,-0.0361087047825,0.265986925437,-0.0282557576166,0.455388504587,0.265912551398,135.000003628,134.999995988
0.455133727721,-0.0354271448233,0.265984141527,-0.0277214580069,0.455388504587,0.265912551398,135.000003628,134.999995988
0.455143432177,-0.0347456009156,0.265981411492,-0.0271872197038,0.455388504587,0.265912551398,135.000003628,134.999995988
0.45515294815,-0.0340640727507,0.265978735333,-0.0266530409229,0.455388504587,0.265912551398,135.000003628,134.999995988
0.455162275643,-0.0333825600187,0.265976113053,-0.0261189198399,0.455388504587,0.265912551398,135.000003628,134.999995988
0.455171414662,-0.0327010624084,0.265973544654,-0.0255848545862,0.455388504587,0.265912551398,135.000003628,134.999995988
0.455180365212,-0.0320195796077,0.265971029899,-0.0250508457923,0.455388504587,0.265912551398,135.000003628,134.999995988
0.455189127298,-0.0313381113028,0.2659685683,-0.024516896982,0.455388504587,0.265912551398,135.000003628,134.999995988
0.455197700924,-0.030656657179,0.265966159607,-0.0239830094451,0.455388504587,0.265912551398,135.000003628,134.999995988
0.455206086094,-0.0299752169197,0.265963803823,-0.0234491818661,0.455388504587,0.265912551398,135.000003628,134.999995988
0.455214282815,-0.0292937902071,0.265961500949,-0.022915412928,0.455388504587,0.265912551398,135.000003628,134.999995988
0.455222291088,-0.0286123767214,0.265959250988,-0.0223817013132,0.455388504587,0.265912551398,135.000003628,134.999995988
0.455230110921,-0.0279309761413,0.26595705394,-0.0218480457028,0.455388504587,0.265912551398,135.000003628,134.999995988
0.455237742315,-0.0272495881433,0.265954909809,-0.0213144447769,0.455388504587,0.265912551398,135.000003628,134.999995988
0.455245185277,-0.0265682124018,0.265952818595,-0.0207808972148,0.455388504587,0.265912551398,135.000003628,134.999995988
0.455252439809,-0.0258868485888,0.265950780301,-0.0202474016946,0.455388504587,0.265912551398,135.000003628,134.999995988
0.455259505916,-0.0252054963738,0.265948794927,-0.0197139568937,0.455388504587,0.265912551398,135.000003628,134.999995988
0.455266383602,-0.0245241554232,0.265946862477,-0.0191805614884,0.455388504587,0.265912551398,135.000003628,134.999995988
0.455273072871,-0.0238428254002,0.26594498295,-0.0186472141542,0.455388504587,0.265912551398,135.000003628,134.999995988
0.455279573726,-0.0231615059643,0.26594315635,-0.0181139135658,0.455388504587,0.265912551398,135.000003628,134.999995988
0.455285886172,-0.0224801967709,0.265941382677,-0.017580658397,0.455388504587,0.265912551398,135.000003628,134.999995988
0.455292010211,-0.0217988974704,0.265939661933,-0.0170474473207,0.455388504587,0.265912551398,135.000003628,134.999995988
0.455297945847,-0.0211176077079,0.265937994119,-0.0165142790092,0.455388504587,0.265912551398,135.000003628,134.999995988
0.455303693083,-0.0204363271223,0.265936379237,-0.0159811521338,0.455388504587,0.265912551398,135.000003628,134.999995988
0.455309251924,-0.0197550553448,0.265934817289,-0.0154480653653,0.455388504587,0.265912551398,135.000003628,134.999995988
0.455314622371,-0.0190737919983,0.265933308275,-0.0149150173736,0.455388504587,0.265912551398,135.000003628,134.999995988
0.455319804429,-0.0183925366955,0.265931852197,-0.014382006828,0.455388504587,0.265912551398,135.000003628,134.999995988
0.4553247981,-0.0177112890371,0.265930449055,-0.013849032397,0.455388504587,0.265912551398,135.000003628,134.999995988
0.455329603386,-0.0170300486097,0.265929098853,-0.0133160927486,0.455388504587,0.265912551398,135.000003628,134.999995988
0.455334220292,-0.0163488149823,0.265927801589,-0.0127831865502,0.455388504587,0.265912551398,135.000003628,134.999995988
0.455338648818,-0.0156675877033,0.265926557267,-0.0122503124684,0.455388504587,0.265912551398,135.000003628,134.999995988
0.455342888969,-0.0149863662954,0.265925365886,-0.0117174691694,0.455388504587,0.265912551398,135.000003628,134.999995988
0.455346940746,-0.0143051502496,0.265924227448,-0.0111846553188,0.455388504587,0.265912551398,135.000003628,134.999995988
0.455350804152,-0.0136239390175,0.265923141953,-0.0106518695816,0.455388504587,0.265912551398,135.000003628,134.999995988
0.45535447919,-0.0129427320009,0.265922109404,-0.0101191106224,0.455388504587,0.265912551398,135.000003628,134.999995988
0.45535796586,-0.0122615285378,0.265921129799,-0.00958637710528,0.455388504587,0.265912551398,135.000003628,134.999995988
0.455361264166,-0.0115803278841,0.265920203142,-0.00905366769385,0.455388504587,0.265912551398,135.000003628,134.999995988
0.45536437411,-0.0108991291874,0.265919329432,-0.0085209810513,0.455388504587,0.265912551398,135.000003628,134.999995988
0.455367295692,-0.0102179314512,0.26591850867,-0.00798831584038,0.455388504587,0.265912551398,135.000003628,134.999995988
0.455370028916,-0.00953673348309,0.265917740856,-0.00745567072351,0.455388504587,0.265912551398,135.000003628,134.999995988
0.455372573782,-0.00885553381936,0.265917025993,-0.00692304436269,0.455388504587,0.265912551398,135.000003628,134.999995988
0.455374930293,-0.00817433061099,0.265916364079,-0.00639043541963,0.455388504587,0.265912551398,135.000003628,134.999995988
0.455377098392,-0.00749312491617,0.265915755116,-0.00585784255569,0.455388504587,0.265912551398,135.000003628,134.999995988
0.45537907799,-0.00681192067882,0.265915199105,-0.00532526443198,0.455388504587,0.265912551398,135.000003628,134.999995988
0.455380869051,-0.0061307195895,0.265914696045,-0.00479269970931,0.455388504587,0.265912551398,135.000003628,134.999995988
0.455382471576,-0.00544952133373,0.265914245938,-0.00426014704826,0.455388504587,0.265912551398,135.000003628,134.999995988
0.455383885567,-0.0047683255969,0.265913848783,-0.0037276051092,0.455388504587,0.265912551398,135.000003628,134.999995988
0.455385111024,-0.00408713206433,0.265913504581,-0.00319507255231,0.455388504587,0.265912551398,135.000003628,134.999995988
0.455386147948,-0.00340594042127,0.265913213333,-0.00266254803759,0.455388504587,0.265912551398,135.000003628,134.999995988
0.45538699634,-0.00272475035289,0.265912975038,-0.00213003022489,0.455388504587,0.265912551398,135.000003628,134.999995988
0.455387656199,-0.00204356154432,0.265912789697,-0.00159751777396,0.455388504587,0.265912551398,135.000003628,134.999995988
0.455388127526,-0.00136237368065,0.26591265731,-0.00106500934445,0.455388504587,0.265912551398,135.000003628,134.999995988
0.455388410322,-0.000681186446918,0.265912577877,-0.000532503595906,0.455388504587,0.265912551398,135.000003628,134.999995988
0.455388504587,-0,0.265912551398,-0,0.455388504587,0.265912551398,135.000003628,134.999995988
0.455388410322,0.000681186446918,0.265912577877,0.000532503595906,0.455388504587,0.265912551398,135.000003628,134.999995988
0.455388127526,0.00136237368065,0.26591265731,0.00106500934445,0.455388504587,0.265912551398,135.000003628,134.999995988
0.455387656199,0.00204356154432,0.265912789697,0.00159751777396,0.455388504587,0.265912551398,135.000003628,134.999995988
0.45538699634,0.00272475035289,0.265912975038,0.00213003022489,0.455388504587,0.265912551398,135.000003628,134.999995988
0.455386147948,0.00340594042127,0.265913213333,0.00266254803759,0.455388504587,0.265912551398,135.000003628,134.999995988
0.455385111024,0.00408713206433,0.265913504581,0.00319507255231,0.455388504587,0.265912551398,135.000003628,134.999995988
0.455383885567,0.0047683255969,0.265913848783,0.0037276051092,0.455388504587,0.265912551398,135.000003628,134.999995988
0.455382471576,0.00544952133373,0.265914245938,0.00426014704826,0.455388504587,0.265912551398,135.000003628,134.999995988
0.455380869051,0.0061307195895,0.265914696045,0.00479269970931,0.455388504587,0.265912551398,135.000003628,134.999995988
0.45537907799,0.00681192067882,0.265915199105,0.00532526443198,0.455388504587,0.265912551398,135.000003628,134.999995988
0.455377098392,0.00749312491617,0.265915755116,0.00585784255569,0.455388504587,0.265912551398,135.000003628,134.999995988
0.455374930293,0.00817433061099,0.265916364079,0.00639043541963,0.455388504587,0.265912551398,135.000003628,134.999995988
0.455372573782,0.00885553381936,0.265917025993,0.00692304436269,0.455388504587,0.265912551398,135.000003628,134.999995988
0.455370028916,0.00953673348309,0.265917740856,0.00745567072351,0.455388504587,0.265912551398,135.000003628,134.999995988
0.455367295692,0.0102179314512,0.26591850867,0.00798831584038,0.455388504587,0.265912551398,135.000003628,134.999995988
0.45536437411,0.0108991291874,0.265919329432,0.0085209810513,0.455388504587,0.265912551398,135.000003628,134.999995988
0.455361264166,0.0115803278841,0.265920203142,0.00905366769385,0.455388504587,0.265912551398,135.000003628,134.999995988
0.45535796586,0.0122615285378,0.265921129799,0.00958637710528,0.455388504587,0.265912551398,135.000003628,134.999995988
0.45535447919,0.0129427320009,0.265922109404,0.0101191106224,0.455388504587,0.265912551398,135.000003628,134.999995988
0.455350804152,0.0136239390175,0.265923141953,0.0106518695816,0.455388504587,0.265912551398,135.000003628,134.999995988
0.455346940746,0.0143051502496,0.265924227448,0.0111846553188,0.455388504587,0.265912551398,135.000003628,134.999995988
0.455342888969,0.0149863662954,0.265925365886,0.0117174691694,0.455388504587,0.265912551398,135.000003628,134.999995988
0.455338648818,0.0156675877033,0.265926557267,0.0122503124684,0.455388504587,0.265912551398,135.000003628,134.999995988
0.455334220292,0.0163488149823,0.265927801589,0.0127831865502,0.455388504587,0.265912551398,135.000003628,134.999995988
0.455329603386,0.0170300486097,0.265929098853,0.0133160927486,0.455388504587,0.265912551398,135.000003628,134.999995988
0.4553247981,0.0177112890371,0.265930449055,0.013849032397,0.455388504587,0.265912551398,135.000003628,134.999995988
0.455319804429,0.0183925366955,0.265931852197,0.014382006828,0.455388504587,0.265912551398,135.000003628,134.999995988
0.455314622371,0.0190737919983,0.265933308275,0.0149150173736,0.455388504587,0.265912551398,135.000003628,134.999995988
0.455309251924,0.0197550553448,0.265934817289,0.0154480653653,0.455388504587,0.265912551398,135.000003628,134.999995988
0.455303693083,0.0204363271223,0.265936379237,0.0159811521338,0.455388504587,0.265912551398,135.000003628,134.999995988
0.455297945847,0.0211176077079,0.265937994119,0.0165142790092,0.455388504587,0.265912551398,135.000003628,134.999995988
0.455292010211,0.0217988974704,0.265939661933,0.0170474473207,0.455388504587,0.265912551398,135.000003628,134.999995988
0.455285886172,0.0224801967709,0.265941382677,0.017580658397,0.455388504587,0.265912551398,135.000003628,134.999995988
0.455279573726,0.0231615059643,0.26594315635,0.0181139135658,0.455388504587,0.265912551398,135.000003628,134.999995988
0.455273072871,0.0238428254002,0.26594498295,0.0186472141542,0.455388504587,0.265912551398,135.000003628,134.999995988
0.455266383602,0.0245241554232,0.265946862477,0.0191805614884,0.455388504587,0.265912551398,135.000003628,134.999995988
0.455259505916,0.0252054963738,0.265948794927,0.0197139568937,0.455388504587,0.265912551398,135.000003628,134.999995988
0.455252439809,0.0258868485888,0.265950780301,0.0202474016946,0.455388504587,0.265912551398,135.000003628,134.999995988
0.455245185277,0.0265682124018,0.265952818595,0.0207808972148,0.455388504587,0.265912551398,135.000003628,134.999995988
0.455237742315,0.0272495881433,0.265954909809,0.0213144447769,0.455388504587,0.265912551398,135.000003628,134.999995988
0.455230110921,0.0279309761413,0.26595705394,0.0218480457028,0.455388504587,0.265912551398,135.000003628,134.999995988
0.455222291088,0.0286123767214,0.265959250988,0.0223817013132,0.455388504587,0.265912551398,135.000003628,134.999995988
0.455214282815,0.0292937902071,0.265961500949,0.022915412928,0.455388504587,0.265912551398,135.000003628,134.999995988
0.455206086094,0.0299752169197,0.265963803823,0.0234491818661,0.455388504587,0.265912551398,135.000003628,134.999995988
0.455197700924,0.030656657179,0.265966159607,0.0239830094451,0.455388504587,0.265912551398,135.000003628,134.999995988
0.455189127298,0.0313381113028,0.2659685683,0.024516896982,0.455388504587,0.265912551398,135.000003628,134.999995988
0.455180365212,0.0320195796077,0.265971029899,0.0250508457923,0.455388504587,0.265912551398,135.000003628,134.999995988
0.455171414662,0.0327010624084,0.265973544654,0.0255848545862,0.455388504587,0.265912551398,135.000003628,134.999995988
0.455162275643,0.0333825600187,0.265976113053,0.0261189198399,0.455388504587,0.265912551398,135.000003628,134.999995988
0.45515294815,0.0340640727507,0.265978735333,0.0266530409229,0.455388504587,0.265912551398,135.000003628,134.999995988
0.455143432177,0.0347456009156,0.265981411492,0.0271872197038,0.455388504587,0.265912551398,135.000003628,134.999995988
0.455133727721,0.0354271448233,0.265984141527,0.0277214580069,0.455388504587,0.265912551398,135.000003628,134.999995988
0.455123834775,0.0361087047825,0.265986925437,0.0282557576166,0.455388504587,0.265912551398,135.000003628,134.999995988
0.455113753335,0.0367902811009,0.265989763218,0.0287901202808,0.455388504587,0.265912551398,135.000003628,134.999995988
0.455103483396,0.0374718740852,0.265992654867,0.0293245477142,0.455388504587,0.265912551398,135.000003628,134.999995988
0.455093024951,0.038153484041,0.265995600383,0.0298590416011,0.455388504587,0.265912551398,135.000003628,134.999995988
0.455082377997,0.0388351112731,0.265998599763,0.030393603598,0.455388504587,0.265912551398,135.000003628,134.999995988
0.455071542527,0.0395167560852,0.266001653003,0.0309282353355,0.455388504587,0.265912551398,135.000003628,134.999995988
0.455060518536,0.0401984187801,0.266004760101,0.031462938421,0.455388504587,0.265912551398,135.000003628,134.999995988
0.455049306018,0.0408800996597,0.266007921056,0.03199771444,0.455388504587,0.265912551398,135.000003628,134.999995988
0.455037904969,0.0415617990249,0.266011135862,0.0325325649577,0.455388504587,0.265912551398,135.000003628,134.999995988
0.455026315381,0.0422435171759,0.266014404519,0.0330674915211,0.455388504587,0.265912551398,135.000003628,134.999995988
0.45501453725,0.0429252544119,0.266017727024,0.0336024956595,0.455388504587,0.265912551398,135.000003628,134.999995988
0.45500257057,0.0436070110313,0.266021103373,0.0341375788866,0.455388504587,0.265912551398,135.000003628,134.999995988
0.454990415334,0.0442887873316,0.266024533563,0.0346727427008,0.455388504587,0.265912551398,135.000003628,134.999995988
0.454978071537,0.0449705836094,0.266028017593,0.0352079885867,0.455388504587,0.265912551398,135.000003628,134.999995988
0.454965539195,0.0456523999539,0.266031555458,0.0357433180159,0.455388504587,0.265912551398,135.000003628,134.999995988
0.454952818389,0.0463342357902,0.266035147157,0.0362787324476,0.455388504587,0.265912551398,135.000003628,134.999995988
0.454939909185,0.0470160907878,0.266038792686,0.0368142333296,0.455388504587,0.265912551398,135.000003628,134.999995988
0.454926811575,0.0476979653157,0.266042492042,0.0373498220991,0.455388504587,0.265912551398,135.000003628,134.999995988
0.454913525553,0.0483798597379,0.266046245224,0.0378855001829,0.455388504587,0.265912551398,135.000003628,134.999995988
0.454900051113,0.0490617744132,0.266050052226,0.0384212689984,0.455388504587,0.265912551398,135.000003628,134.999995988
0.454886388248,0.0497437096964,0.266053913048,0.0389571299538,0.455388504587,0.265912551398,135.000003628,134.999995988
0.454872536952,0.0504256659377,0.266057827721,0.0394930842065,0.455388504587,0.265912551398,135.000003628,134.999995988
0.454858497218,0.0511076434833,0.266061796727,0.0400291299392,0.455388504587,0.265912551398,135.000003628,134.999995988
0.45484426904,0.0517896426757,0.266065820517,0.0405652656972,0.455388504587,0.265912551398,135.000003628,134.999995988
0.454829852411,0.0524716638536,0.266069899088,0.0411014931069,0.455388504587,0.265912551398,135.000003628,134.999995988
0.454815247325,0.0531537073523,0.266074032434,0.0416378137749,0.455388504587,0.265912551398,135.000003628,134.999995988
0.454800453775,0.0538357735037,0.266078220554,0.0421742292891,0.455388504587,0.265912551398,135.000003628,134.999995988
0.454785471754,0.0545178626366,0.266082463443,0.0427107412195,0.455388504587,0.265912551398,135.000003628,134.999995988
0.454770301255,0.0551999750767,0.266086761097,0.0432473511197,0.455388504587,0.265912551398,135.000003628,134.999995988
0.454754942273,0.055882111147,0.266091113514,0.0437840605272,0.455388504587,0.265912551398,135.000003628,134.999995988
0.4547393948,0.0565642711675,0.266095520689,0.0443208709647,0.455388504587,0.265912551398,135.000003628,134.999995988
0.45472365883,0.0572464554554,0.266099982618,0.0448577839404,0.455388504587,0.265912551398,135.000003628,134.999995988
0.454707734355,0.0579286643257,0.266104499299,0.0453948009492,0.455388504587,0.265912551398,135.000003628,134.999995988
0.45469162137,0.0586108980905,0.266109070728,0.0459319234729,0.455388504587,0.265912551398,135.000003628,134.999995988
0.454675319867,0.0592931570598,0.266113696901,0.0464691529812,0.455388504587,0.265912551398,135.000003628,134.999995988
0.454658829839,0.0599754415409,0.266118377814,0.0470064909319,0.455388504587,0.265912551398,135.000003628,134.999995988
0.454642151281,0.0606577518393,0.266123113463,0.0475439387717,0.455388504587,0.265912551398,135.000003628,134.999995988
0.454625284185,0.0613400882579,0.266127903846,0.0480814979366,0.455388504587,0.265912551398,135.000003628,134.999995988
0.454608228544,0.0620224510977,0.266132748959,0.0486191698522,0.455388504587,0.265912551398,135.000003628,134.999995988
0.454590984352,0.0627048406575,0.266137648797,0.0491569559346,0.455388504587,0.265912551398,135.000003628,134.999995988
0.454573551601,0.0633872572341,0.266142603358,0.04969485759,0.455388504587,0.265912551398,135.000003628,134.999995988
0.454555930307,0.064069700974,0.266147613038,0.0502328740955,0.455388504587,0.265912551398,135.000003628,134.999995988
0.45453812055,0.0647521715615,0.266152678318,0.0507710043636,0.455388504587,0.265912551398,135.000003628,134.999995988
0.45452012239,0.0654346688479,0.266157799277,0.0513092494989,0.455388504587,0.265912551398,135.000003628,134.999995988
0.45450193582,0.0661171931623,0.266162975909,0.0518476110289,0.455388504587,0.265912551398,135.000003628,134.999995988
0.454483560832,0.0667997448301,0.266168208211,0.0523860904674,0.455388504587,0.265912551398,135.000003628,134.999995988
0.45446499742,0.0674823241735,0.266173496178,0.0529246893143,0.455388504587,0.265912551398,135.000003628,134.999995988
0.454446245578,0.0681649315116,0.266178839807,0.0534634090567,0.455388504587,0.265912551398,135.000003628,134.999995988
0.454427305297,0.0688475671602,0.266184239092,0.0540022511689,0.455388504587,0.265912551398,135.000003628,134.999995988
0.454408176571,0.0695302314324,0.266189694029,0.0545412171136,0.455388504587,0.265912551398,135.000003628,134.999995988
0.454388859393,0.070212924638,0.266195204615,0.0550803083415,0.455388504587,0.265912551398,135.000003628,134.999995988
0.454369353757,0.0708956470842,0.266200770845,0.0556195262925,0.455388504587,0.265912551398,135.000003628,134.999995988
0.454349659655,0.0715783990754,0.266206392715,0.0561588723954,0.455388504587,0.265912551398,135.000003628,134.999995988
0.454329777081,0.0722611809133,0.266212070221,0.0566983480691,0.455388504587,0.265912551398,135.000003628,134.999995988
0.454309706028,0.0729439928968,0.266217803358,0.0572379547219,0.455388504587,0.265912551398,135.000003628,134.999995988
0.45428944649,0.0736268353226,0.266223592124,0.057777693753,0.455388504587,0.265912551398,135.000003628,134.999995988
0.454268998459,0.0743097084845,0.266229436512,0.0583175665517,0.455388504587,0.265912551398,135.000003628,134.999995988
0.45424836193,0.0749926126742,0.266235336955,0.0588575725337,0.455388504587,0.265912551398,135.000003628,134.999995988
0.454227536895,0.0756755481806,0.26624129393,0.0593977109641,0.455388504587,0.265912551398,135.000003628,134.999995988
0.454206523349,0.0763585152907,0.266247307476,0.0599379831233,0.455388504587,0.265912551398,135.000003628,134.999995988
0.454185321285,0.0770415142889,0.266253377589,0.060478390481,0.455388504587,0.265912551398,135.000003628,134.999995988
0.454163930696,0.0777245454574,0.266259504263,0.0610189344952,0.455388504587,0.265912551398,135.000003628,134.999995988
0.454142351611,0.0784076088798,0.266265687494,0.0615596166121,0.455388504587,0.265912551398,135.000003628,134.999995988
0.454120584108,0.0790907043499,0.266271927278,0.0621004382664,0.455388504587,0.265912551398,135.000003628,134.999995988
0.454098628233,0.0797738318692,0.266278223609,0.062641400882,0.455388504587,0.265912551398,135.000003628,134.999995988
0.454076483979,0.0804569917382,0.266284576483,0.0631825058723,0.455388504587,0.265912551398,135.000003628,134.999995988
0.45405415134,0.0811401842545,0.266290985895,0.0637237546401,0.455388504587,0.265912551398,135.000003628,134.999995988
0.454031630309,0.0818234097129,0.266297451841,0.0642651485784,0.455388504587,0.265912551398,135.000003628,134.999995988
0.454008920881,0.082506668405,0.266303974317,0.0648066890705,0.455388504587,0.265912551398,135.000003628,134.999995988
0.453986023049,0.0831899606201,0.266310553317,0.0653483774901,0.455388504587,0.265912551398,135.000003628,134.999995988
0.453962936807,0.0838732866443,0.266317188842,0.0658902151863,0.455388504587,0.265912551398,135.000003628,134.999995988
0.453939662149,0.0845566467614,0.266323881362,0.0664322016094,0.455388504587,0.265912551398,135.000003628,134.999995988
0.45391619907,0.0852400412522,0.266330631348,0.0669743362646,0.455388504587,0.265912551398,135.000003628,134.999995988
0.453892547563,0.0859234703952,0.266337438794,0.0675166205846,0.455388504587,0.265912551398,135.000003628,134.999995988
0.453868707624,0.0866069344662,0.266344303696,0.0680590559909,0.455388504587,0.265912551398,135.000003628,134.999995988
0.453844679246,0.0872904337386,0.266351226048,0.068601643894,0.455388504587,0.265912551398,135.000003628,134.999995988
0.453820462425,0.0879739684833,0.266358205845,0.0691443856937,0.455388504587,0.265912551398,135.000003628,134.999995988
0.453796057155,0.0886575389687,0.266365243082,0.0696872827795,0.455388504587,0.265912551398,135.000003628,134.999995988
0.453771463431,0.0893411454608,0.266372337755,0.0702303365309,0.455388504587,0.265912551398,135.000003628,134.999995988
0.453746681247,0.0900247882235,0.266379489857,0.0707735483174,0.455388504587,0.265912551398,135.000003628,134.999995988
0.453721710664,0.0907084671998,0.266386699385,0.0713169194989,0.455388504587,0.265912551398,135.000003628,134.999995988
0.453696551758,0.0913921822426,0.266393966334,0.0718604514261,0.455388504587,0.265912551398,135.000003628,134.999995988
0.453671204546,0.0920759335308,0.266401290698,0.0724041454403,0.455388504587,0.265912551398,135.000003628,134.999995988
0.453645669021,0.0927597213392,0.266408672714,0.072948001997,0.455388504587,0.265912551398,135.000003628,134.999995988
0.453619945179,0.0934435459401,0.26641611285,0.0734920207213,0.455388504587,0.265912551398,135.000003628,134.999995988
0.453594033015,0.0941274076027,0.266423611336,0.0740362021462,0.455388504587,0.265912551398,135.000003628,134.999995988
0.453567932525,0.0948113065939,0.266431168165,0.0745805476555,0.455388504587,0.265912551398,135.000003628,134.999995988
0.453541643705,0.0954952431775,0.266438783333,0.0751250586229,0.455388504587,0.265912551398,135.000003628,134.999995988
0.45351516655,0.0961792176149,0.266446456834,0.0756697364117,0.455388504587,0.265912551398,135.000003628,134.999995988
0.453488501055,0.0968632301649,0.266454188662,0.0762145823754,0.455388504587,0.265912551398,135.000003628,134.999995988
0.453461647218,0.0975472810837,0.266461978813,0.0767595978578,0.455388504587,0.265912551398,135.000003628,134.999995988
0.453434605034,0.098231370625,0.266469827281,0.0773047841934,0.455388504587,0.265912551398,135.000003628,134.999995988
0.453407374501,0.0989154990398,0.266477734061,0.0778501427071,0.455388504587,0.265912551398,135.000003628,134.999995988
0.453379955613,0.0995996665769,0.266485699149,0.0783956747149,0.455388504587,0.265912551398,135.000003628,134.999995988
0.453352348369,0.100283873482,0.266493722561,0.0789413814473,0.455388504587,0.265912551398,135.000003628,134.999995988
0.453324552781,0.100968119931,0.266501804763,0.0794872626297,0.455388504587,0.265912551398,135.000003628,134.999995988
0.453296568927,0.101652405804,0.266509946199,0.0800333180896,0.455388504587,0.265912551398,135.000003628,134.999995988
0.45326839687,0.102336731057,0.266518146864,0.0805795491752,0.455388504587,0.265912551398,135.000003628,134.999995988
0.453240036607,0.103021095944,0.266526406751,0.0811259572246,0.455388504587,0.265912551398,135.000003628,134.999995988
0.453211488136,0.103705500715,0.266534725855,0.0816725435663,0.455388504587,0.265912551398,135.000003628,134.999995988
0.453182751453,0.104389945619,0.266543104171,0.0822193095191,0.455388504587,0.265912551398,135.000003628,134.999995988
0.453153826557,0.1050744309,0.266551541693,0.0827662563924,0.455388504587,0.265912551398,135.000003628,134.999995988
0.453124713445,0.105758956802,0.266560038416,0.0833133854862,0.455388504587,0.265912551398,135.000003628,134.999995988
0.453095412115,0.106443523564,0.266568594334,0.0838606980919,0.455388504587,0.265912551398,135.000003628,134.999995988
0.453065922566,0.107128131423,0.266577209443,0.0844081954915,0.455388504587,0.265912551398,135.000003628,134.999995988
0.453036244796,0.107812780615,0.266585883925,0.0849558783671,0.455388504587,0.265912551398,135.000003628,134.999995988
0.453006378804,0.108497471371,0.266594618244,0.085503746537,0.455388504587,0.265912551398,135.000003628,134.999995988
0.452976324588,0.109182203922,0.266603412673,0.0860518004321,0.455388504587,0.265912551398,135.000003628,134.999995988
0.452946082149,0.109866978494,0.266612267207,0.0866000413584,0.455388504587,0.265912551398,135.000003628,134.999995988
0.45291565149,0.110551795288,0.26662118184,0.0871484706123,0.455388504587,0.265912551398,135.000003628,134.999995988
0.452885032691,0.111236654204,0.266630156566,0.087697089481,0.455388504587,0.265912551398,135.000003628,134.999995988
0.452854225826,0.11192155517,0.266639191379,0.0882458992421,0.455388504587,0.265912551398,135.000003628,134.999995988
0.452823230894,0.112606498419,0.266648286273,0.0887949011645,0.455388504587,0.265912551398,135.000003628,134.999995988
0.452792047895,0.113291484179,0.266657441245,0.0893440965079,0.455388504587,0.265912551398,135.000003628,134.999995988
0.452760676829,0.113976512676,0.266666656287,0.0898934865234,0.455388504587,0.265912551398,135.000003628,134.999995988
0.452729117695,0.114661584134,0.266675931589,0.0904430718821,0.455388504587,0.265912551398,135.000003628,134.999995988
0.452697370496,0.115346698773,0.26668526761,0.0909928524663,0.455388504587,0.265912551398,135.000003628,134.999995988
0.452665435231,0.116031856811,0.266694664616,0.0915428287473,0.455388504587,0.265912551398,135.000003628,134.999995988
0.452633311903,0.116717058464,0.266704122601,0.0920930019937,0.455388504587,0.265912551398,135.000003628,134.999995988
0.452601000511,0.117402303944,0.266713641559,0.0926433734649,0.455388504587,0.265912551398,135.000003628,134.999995988
0.452568501059,0.118087593462,0.266723221484,0.0931939444108,0.455388504587,0.265912551398,135.000003628,134.999995988
0.452535813547,0.118772927226,0.26673286237,0.0937447160728,0.455388504587,0.265912551398,135.000003628,134.999995988
0.452502937984,0.11945830542,0.266742564212,0.094295689683,0.455388504587,0.265912551398,135.000003628,134.999995988
0.45246987445,0.120143727957,0.266752327004,0.0948468664649,0.455388504587,0.265912551398,135.000003628,134.999995988
0.45243662302,0.120829194769,0.266762150741,0.0953982476335,0.455388504587,0.265912551398,135.000003628,134.999995988
0.452403183696,0.121514706069,0.266772035868,0.0959498331418,0.455388504587,0.265912551398,135.000003628,134.999995988
0.452369556481,0.122200262062,0.266781982844,0.0965016229293,0.455388504587,0.265912551398,135.000003628,134.999995988
0.452335741379,0.122885862953,0.266791991671,0.0970536182042,0.455388504587,0.265912551398,135.000003628,134.999995988
0.452301738393,0.123571508944,0.266802062345,0.0976058201935,0.455388504587,0.265912551398,135.000003628,134.999995988
0.452267547527,0.124257200234,0.266812194858,0.0981582301155,0.455388504587,0.265912551398,135.000003628,134.999995988
0.452233168785,0.124942937019,0.266822389206,0.0987108491795,0.455388504587,0.265912551398,135.000003628,134.999995988
0.452198602171,0.125628719493,0.266832645382,0.099263678586,0.455388504587,0.265912551398,135.000003628,134.999995988
0.452163847691,0.126314547847,0.266842963381,0.0998167195269,0.455388504587,0.265912551398,135.000003628,134.999995988
0.45212890535,0.127000422269,0.266853343198,0.100369973182,0.455388504587,0.265912551398,135.000003628,134.999995988
0.452093775153,0.127686342946,0.266863785287,0.100923439515,0.455388504587,0.265912551398,135.000003628,134.999995988
0.452058457176,0.128372309811,0.266874290101,0.101477118505,0.455388504587,0.265912551398,135.000003628,134.999995988
0.452022951503,0.129058322783,0.266884857633,0.102031011354,0.455388504587,0.265912551398,135.000003628,134.999995988
0.451987258144,0.129744382033,0.266895487878,0.102585119253,0.455388504587,0.265912551398,135.000003628,134.999995988
0.451951377105,0.130430487749,0.266906180829,0.103139443385,0.455388504587,0.265912551398,135.000003628,134.999995988
0.451915308393,0.131116640113,0.266916936481,0.103693984924,0.455388504587,0.265912551398,135.000003628,134.999995988
0.451879052015,0.131802839307,0.266927754828,0.104248745035,0.455388504587,0.265912551398,135.000003628,134.999995988
0.451842607978,0.132489085509,0.266938635863,0.104803724876,0.455388504587,0.265912551398,135.000003628,134.999995988
0.451805976291,0.133175378893,0.266949579777,0.1053589251,0.455388504587,0.265912551398,135.000003628,134.999995988
0.451769156961,0.133861719634,0.266960587021,0.105914345705,0.455388504587,0.265912551398,135.000003628,134.999995988
0.451732149997,0.134548107901,0.26697165785,0.106469987196,0.455388504587,0.265912551398,135.000003628,134.999995988
0.451694955408,0.135234543861,0.266982792257,0.107025850733,0.455388504587,0.265912551398,135.000003628,134.999995988
0.451657573242,0.135921027551,0.266993990237,0.107581937471,0.455388504587,0.265912551398,135.000003628,134.999995988
0.451620003583,0.13660755889,0.267005251784,0.108138248554,0.455388504587,0.265912551398,135.000003628,134.999995988
0.451582246477,0.137294137928,0.267016576891,0.108694785118,0.455388504587,0.265912551398,135.000003628,134.999995988
0.451544301933,0.137980764831,0.267027965554,0.109251548291,0.455388504587,0.265912551398,135.000003628,134.999995988
0.451506169962,0.138667439763,0.267039417857,0.10980853897,0.455388504587,0.265912551398,135.000003628,134.999995988
0.451467850574,0.139354162885,0.267050934248,0.110365757172,0.455388504587,0.265912551398,135.000003628,134.999995988
0.451429343781,0.140040934356,0.267062515084,0.110923203148,0.455388504587,0.265912551398,135.000003628,134.999995988
0.451390649595,0.140727754331,0.26707416036,0.111480878028,0.455388504587,0.265912551398,135.000003628,134.999995988
0.451351768027,0.141414622963,0.267085870069,0.112038782931,0.455388504587,0.265912551398,135.000003628,134.999995988
0.45131269909,0.142101540403,0.267097644204,0.112596918973,0.455388504587,0.265912551398,135.000003628,134.999995988
0.451273442797,0.142788506799,0.267109482761,0.113155287255,0.455388504587,0.265912551398,135.000003628,134.999995988
0.451233999213,0.143475522134,0.267121385732,0.113713888875,0.455388504587,0.265912551398,135.000003628,134.999995988
0.451194368424,0.144162586325,0.26713335324,0.114272724623,0.455388504587,0.265912551398,135.000003628,134.999995988
0.451154550466,0.144849699454,0.26714538573,0.114831794533,0.455388504587,0.265912551398,135.000003628,134.999995988
0.451114545352,0.145536861664,0.267157483521,0.115391098947,0.455388504587,0.265912551398,135.000003628,134.999995988
0.451074353097,0.1462240731,0.267169646605,0.115950638961,0.455388504587,0.265912551398,135.000003628,134.999995988
0.451033973717,0.1469113339,0.267181874976,0.116510415661,0.455388504587,0.265912551398,135.000003628,134.999995988
0.450993407227,0.147598644204,0.267194168629,0.117070430127,0.455388504587,0.265912551398,135.000003628,134.999995988
0.450952653643,0.148286004144,0.267206527558,0.117630683429,0.455388504587,0.265912551398,135.000003628,134.999995988
0.450911712982,0.148973413854,0.267218951756,0.118191176629,0.455388504587,0.265912551398,135.000003628,134.999995988
0.45087058526,0.149660873463,0.267231441503,0.118751910138,0.455388504587,0.265912551398,135.000003628,134.999995988
0.450829270523,0.150348383012,0.267243997244,0.119312884005,0.455388504587,0.265912551398,135.000003628,134.999995988
0.450787768861,0.151035942414,0.267256619134,0.11987409893,0.455388504587,0.265912551398,135.000003628,134.999995988
0.450746080335,0.151723551667,0.267269307166,0.120435555975,0.455388504587,0.265912551398,135.000003628,134.999995988
0.450704204963,0.152411210898,0.267282061336,0.120997256189,0.455388504587,0.265912551398,135.000003628,134.999995988
0.450662142765,0.153098920231,0.267294881635,0.121559200616,0.455388504587,0.265912551398,135.000003628,134.999995988
0.450619893758,0.153786679785,0.267307768059,0.122121390291,0.455388504587,0.265912551398,135.000003628,134.999995988
0.450577457965,0.15447448968,0.267320720709,0.122683826007,0.455388504587,0.265912551398,135.000003628,134.999995988
0.450534835404,0.155162350031,0.267333740024,0.123246507818,0.455388504587,0.265912551398,135.000003628,134.999995988
0.450492026098,0.155850260949,0.267346826339,0.123809436021,0.455388504587,0.265912551398,135.000003628,134.999995988
0.450449030067,0.156538222545,0.267359979646,0.124372611645,0.455388504587,0.265912551398,135.000003628,134.999995988
0.45040584737,0.157226234821,0.26737319994,0.124936035712,0.455388504587,0.265912551398,135.000003628,134.999995988
0.450362478101,0.157914297682,0.267386487214,0.125499709238,0.455388504587,0.265912551398,135.000003628,134.999995988
0.450318922315,0.158602411142,0.267399841462,0.126063633227,0.455388504587,0.265912551398,135.000003628,134.999995988
0.450275180034,0.159290575308,0.267413262707,0.126627808616,0.455388504587,0.265912551398,135.000003628,134.999995988
0.450231251284,0.159978790283,0.267426751387,0.127192235465,0.455388504587,0.265912551398,135.000003628,134.999995988
0.450187136087,0.160667056166,0.26744030791,0.127756913899,0.455388504587,0.265912551398,135.000003628,134.999995988
0.450142834469,0.161355373057,0.267453932271,0.128321844918,0.455388504587,0.265912551398,135.000003628,134.999995988
0.450098346455,0.162043741049,0.267467624463,0.128887029514,0.455388504587,0.265912551398,135.000003628,134.999995988
0.450053672072,0.162732160236,0.26748138448,0.129452468671,0.455388504587,0.265912551398,135.000003628,134.999995988
0.450008811348,0.163420630698,0.267495212315,0.130018163364,0.455388504587,0.265912551398,135.000003628,134.999995988
0.44996376438,0.164109152333,0.267509108004,0.130584114476,0.455388504587,0.265912551398,135.000003628,134.999995988
0.449918531261,0.164797725051,0.267523071981,0.13115032207,0.455388504587,0.265912551398,135.000003628,134.999995988
0.449873112018,0.165486348938,0.267537104643,0.131716786295,0.455388504587,0.265912551398,135.000003628,134.999995988
0.44982750668,0.166175024081,0.26755120598,0.13228350812,0.455388504587,0.265912551398,135.000003628,134.999995988
0.449781715276,0.166863750561,0.267565375989,0.132850488506,0.455388504587,0.265912551398,135.000003628,134.999995988
0.449735737835,0.167552528458,0.267579614661,0.133417728403,0.455388504587,0.265912551398,135.000003628,134.999995988
0.449689574387,0.168241357849,0.267593921992,0.133985228757,0.455388504587,0.265912551398,135.000003628,134.999995988
0.449643224964,0.168930238808,0.267608298109,0.134552990235,0.455388504587,0.265912551398,135.000003628,134.999995988
0.449596689596,0.169619171405,0.267622743446,0.135121012899,0.455388504587,0.265912551398,135.000003628,134.999995988
0.449549968378,0.170308155548,0.267637258301,0.135689297085,0.455388504587,0.265912551398,135.000003628,134.999995988
0.449503061408,0.170997191127,0.267651842667,0.136257843727,0.455388504587,0.265912551398,135.000003628,134.999995988
0.449455968726,0.171686278195,0.267666496538,0.136826653754,0.455388504587,0.265912551398,135.000003628,134.999995988
0.449408690366,0.172375416818,0.267681219907,0.137395728084,0.455388504587,0.265912551398,135.000003628,134.999995988
0.449361226361,0.17306460706,0.26769601277,0.137965067627,0.455388504587,0.265912551398,135.000003628,134.999995988
0.449313576746,0.173753848981,0.26771087542,0.138534672706,0.455388504587,0.265912551398,135.000003628,134.999995988
0.449265741557,0.174443142638,0.267725808289,0.139104543383,0.455388504587,0.265912551398,135.000003628,134.999995988
0.44921772083,0.175132488086,0.267740811506,0.139674680304,0.455388504587,0.265912551398,135.000003628,134.999995988
0.449169514605,0.175821885367,0.267755885063,0.140245084372,0.455388504587,0.265912551398,135.000003628,134.999995988
0.449121122988,0.176511334359,0.267771028954,0.14081575648,0.455388504587,0.265912551398,135.000003628,134.999995988
0.449072546076,0.177200834958,0.267786243174,0.141386697514,0.455388504587,0.265912551398,135.000003628,134.999995988
0.449023783909,0.177890387212,0.267801527817,0.14195790816,0.455388504587,0.265912551398,135.000003628,134.999995988
0.448974836525,0.178579991168,0.267816883311,0.142529388475,0.455388504587,0.265912551398,135.000003628,134.999995988
0.448925703963,0.17926964687,0.267832309984,0.14310113871,0.455388504587,0.265912551398,135.000003628,134.999995988
0.448876386265,0.179959354359,0.267847807829,0.143673159739,0.455388504587,0.265912551398,135.000003628,134.999995988
0.448826883471,0.180649113673,0.267863376839,0.14424545243,0.455388504587,0.265912551398,135.000003628,134.999995988
0.448777195622,0.181338924847,0.267879017008,0.144818017642,0.455388504587,0.265912551398,135.000003628,134.999995988
0.448727322795,0.182028787832,0.26789472833,0.145390856224,0.455388504587,0.265912551398,135.000003628,134.999995988
0.448677265098,0.182718702498,0.267910511197,0.145963968293,0.455388504587,0.265912551398,135.000003628,134.999995988
0.448627022605,0.183408668799,0.267926366034,0.146537353901,0.455388504587,0.265912551398,135.000003628,134.999995988
0.448576595362,0.184098686763,0.267942292869,0.147111013832,0.455388504587,0.265912551398,135.000003628,134.999995988
0.448525983413,0.184788756418,0.267958291696,0.147684948927,0.455388504587,0.265912551398,135.000003628,134.999995988
0.448475186803,0.185478877787,0.267974362508,0.148259160016,0.455388504587,0.265912551398,135.000003628,134.999995988
0.448424205579,0.186169050892,0.267990505299,0.148833647922,0.455388504587,0.265912551398,135.000003628,134.999995988
0.448373039787,0.186859275749,0.268006720383,0.14940841289,0.455388504587,0.265912551398,135.000003628,134.999995988
0.448321689488,0.187549552345,0.268023008184,0.149983454965,0.455388504587,0.265912551398,135.000003628,134.999995988
0.448270154796,0.188239880538,0.268039368804,0.150558774768,0.455388504587,0.265912551398,135.000003628,134.999995988
0.448218435809,0.188930260219,0.268055802238,0.151134373111,0.455388504587,0.265912551398,135.000003628,134.999995988
0.448166532579,0.189620691401,0.268072308479,0.151710250797,0.455388504587,0.265912551398,135.000003628,134.999995988
0.448114445155,0.190311174091,0.26808888752,0.152286408621,0.455388504587,0.265912551398,135.000003628,134.999995988
0.448062173587,0.191001708297,0.268105539652,0.152862846852,0.455388504587,0.265912551398,135.000003628,134.999995988
0.448009717929,0.19169229402,0.268122265298,0.153439565526,0.455388504587,0.265912551398,135.000003628,134.999995988
0.447957078232,0.192382931263,0.26813906458,0.154016565206,0.455388504587,0.265912551398,135.000003628,134.999995988
0.447904254558,0.193073620004,0.268155937493,0.154593846673,0.455388504587,0.265912551398,135.000003628,134.999995988
0.447851247023,0.193764360094,0.268172884029,0.155171410702,0.455388504587,0.265912551398,135.000003628,134.999995988
0.44779805574,0.194455151396,0.268189904183,0.15574925806,0.455388504587,0.265912551398,135.000003628,134.999995988
0.447744680762,0.195145993906,0.268206998272,0.156327388948,0.455388504587,0.265912551398,135.000003628,134.999995988
0.447691122147,0.195836887613,0.268224166717,0.156905803397,0.455388504587,0.265912551398,135.000003628,134.999995988
0.44763737995,0.196527832505,0.268241409612,0.157484501996,0.455388504587,0.265912551398,135.000003628,134.999995988
0.447583454231,0.197218828569,0.268258726948,0.158063485495,0.455388504587,0.265912551398,135.000003628,134.999995988
0.447529345046,0.197909875785,0.268276118721,0.158642754642,0.455388504587,0.265912551398,135.000003628,134.999995988
0.447475052472,0.198600974101,0.268293584924,0.159222310173,0.455388504587,0.265912551398,135.000003628,134.999995988
0.44742057663,0.199292123352,0.268311125949,0.159802152149,0.455388504587,0.265912551398,135.000003628,134.999995988
0.447365917629,0.199983323409,0.268328742215,0.160382280589,0.455388504587,0.265912551398,135.000003628,134.999995988
0.447311075531,0.200674574247,0.268346433737,0.160962696185,0.455388504587,0.265912551398,135.000003628,134.999995988
0.447256050398,0.201365875838,0.26836420051,0.161543399661,0.455388504587,0.265912551398,135.000003628,134.999995988
0.447200842292,0.202057228152,0.268382042526,0.16212439173,0.455388504587,0.265912551398,135.000003628,134.999995988
0.447145451278,0.202748631155,0.268399959877,0.162705672943,0.455388504587,0.265912551398,135.000003628,134.999995988
0.447089877421,0.203440084812,0.268417952976,0.163287243308,0.455388504587,0.265912551398,135.000003628,134.999995988
0.447034120821,0.204131589008,0.268436022142,0.163869102996,0.455388504587,0.265912551398,135.000003628,134.999995988
0.446978181606,0.204823143569,0.268454167369,0.164451252707,0.455388504587,0.265912551398,135.000003628,134.999995988
0.446922059871,0.205514748392,0.268472388649,0.165033693133,0.455388504587,0.265912551398,135.000003628,134.999995988
0.446865755684,0.206206403434,0.268490685976,0.16561642496,0.455388504587,0.265912551398,135.000003628,134.999995988
0.446809269113,0.206898108648,0.2685090596,0.166199448451,0.455388504587,0.265912551398,135.000003628,134.999995988
0.446752600228,0.207589863986,0.268527509935,0.166782763604,0.455388504587,0.265912551398,135.000003628,134.999995988
0.446695749101,0.208281669395,0.268546037136,0.167366370833,0.455388504587,0.265912551398,135.000003628,134.999995988
0.446638715804,0.208973524816,0.268564641195,0.167950270809,0.455388504587,0.265912551398,135.000003628,134.999995988
0.446581500472,0.20966543006,0.268583322107,0.168534464193,0.455388504587,0.265912551398,135.000003628,134.999995988
0.446524103237,0.210357384944,0.268602079902,0.16911895158,0.455388504587,0.265912551398,135.000003628,134.999995988
0.446466524171,0.211049389408,0.268620914991,0.169703732958,0.455388504587,0.265912551398,135.000003628,134.999995988
0.446408763351,0.211741443391,0.268639827747,0.170288808373,0.455388504587,0.265912551398,135.000003628,134.999995988
0.446350820851,0.212433546827,0.268658818163,0.170874178473,0.455388504587,0.265912551398,135.000003628,134.999995988
0.446292696748,0.213125699647,0.268677886232,0.171459843896,0.455388504587,0.265912551398,135.000003628,134.999995988
0.446234391119,0.213817901782,0.268697031947,0.172045805272,0.455388504587,0.265912551398,135.000003628,134.999995988
0.446175904086,0.214510153068,0.268716255575,0.172632062802,0.455388504587,0.265912551398,135.000003628,134.999995988
0.446117235787,0.215202453306,0.268735557523,0.17321861646,0.455388504587,0.265912551398,135.000003628,134.999995988
0.446058386323,0.21589480238,0.268754937928,0.173805466647,0.455388504587,0.265912551398,135.000003628,134.999995988
0.445999355772,0.216587200212,0.268774396783,0.174392613976,0.455388504587,0.265912551398,135.000003628,134.999995988
0.445940144218,0.21727964672,0.26879393408,0.174980059054,0.455388504587,0.265912551398,135.000003628,134.999995988
0.445880751743,0.217972141819,0.26881354994,0.175567802289,0.455388504587,0.265912551398,135.000003628,134.999995988
0.445821178431,0.218664685422,0.268833244769,0.176155843643,0.455388504587,0.265912551398,135.000003628,134.999995988
0.445761424397,0.219357277379,0.268853018846,0.176744183271,0.455388504587,0.265912551398,135.000003628,134.999995988
0.445701489786,0.220049917473,0.268872872166,0.177332821766,0.455388504587,0.265912551398,135.000003628,134.999995988
0.445641374715,0.220742605553,0.268892804721,0.177921759708,0.455388504587,0.265912551398,135.000003628,134.999995988
0.445581079271,0.221435341522,0.268912816518,0.178510997654,0.455388504587,0.265912551398,135.000003628,134.999995988
0.445520603543,0.222128125282,0.268932907961,0.179100535553,0.455388504587,0.265912551398,135.000003628,134.999995988
0.44545994762,0.222820956732,0.268953079441,0.179690373376,0.455388504587,0.265912551398,135.000003628,134.999995988
0.445399111591,0.223513835768,0.268973330952,0.18028051169,0.455388504587,0.265912551398,135.000003628,134.999995988
0.445338095576,0.22420676223,0.268993662485,0.180870951053,0.455388504587,0.265912551398,135.000003628,134.999995988
0.445276899726,0.224899735892,0.269014074035,0.181461692014,0.455388504587,0.265912551398,135.000003628,134.999995988
0.445215524167,0.225592756576,0.269034565936,0.182052734612,0.455388504587,0.265912551398,135.000003628,134.999995988
0.445153968993,0.226285824173,0.269055138592,0.182644078782,0.455388504587,0.265912551398,135.000003628,134.999995988
0.4450922343,0.226978938566,0.269075792062,0.183235724968,0.455388504587,0.265912551398,135.000003628,134.999995988
0.445030320182,0.227672099638,0.269096526338,0.183827673703,0.455388504587,0.265912551398,135.000003628,134.999995988
0.444968226738,0.228365307268,0.269117341414,0.184419925512,0.455388504587,0.265912551398,135.000003628,134.999995988
0.444905954096,0.229058561271,0.269138237572,0.185012480492,0.455388504587,0.265912551398,135.000003628,134.999995988
0.444843502416,0.229751861408,0.269159215215,0.185605338565,0.455388504587,0.265912551398,135.000003628,134.999995988
0.444780871825,0.230445207496,0.269180274452,0.186198500077,0.455388504587,0.265912551398,135.000003628,134.999995988
0.444718062423,0.231138599408,0.269201415274,0.186791965536,0.455388504587,0.265912551398,135.000003628,134.999995988
0.444655074314,0.23183203701,0.269222637674,0.187385735444,0.455388504587,0.265912551398,135.000003628,134.999995988
0.4445919076,0.232525520169,0.269243941914,0.187979809911,0.455388504587,0.265912551398,135.000003628,134.999995988
0.444528562384,0.233219048746,0.26926532839,0.188574188846,0.455388504587,0.265912551398,135.000003628,134.999995988
0.444465038816,0.233912622519,0.269286797235,0.189168872541,0.455388504587,0.265912551398,135.000003628,134.999995988
0.444401337061,0.234606241234,0.269308348442,0.189763861479,0.455388504587,0.265912551398,135.000003628,134.999995988
0.444337457242,0.235299904717,0.269329982001,0.190359156136,0.455388504587,0.265912551398,135.000003628,134.999995988
0.444273399466,0.235993612822,0.269351698177,0.190954756599,0.455388504587,0.265912551398,135.000003628,134.999995988
0.444209163843,0.236687365401,0.269373497366,0.191550662762,0.455388504587,0.265912551398,135.000003628,134.999995988
0.444144750483,0.2373811623,0.269395379695,0.192146874903,0.455388504587,0.265912551398,135.000003628,134.999995988
0.444080159501,0.23807500336,0.269417345155,0.192743393477,0.455388504587,0.265912551398,135.000003628,134.999995988
0.444015391067,0.238768888314,0.269439393739,0.193340218937,0.455388504587,0.265912551398,135.000003628,134.999995988
0.443950445352,0.239462816899,0.269461525739,0.193937351308,0.455388504587,0.265912551398,135.000003628,134.999995988
0.443885322469,0.240156788955,0.269483741549,0.194534790474,0.455388504587,0.265912551398,135.000003628,134.999995988
0.443820022535,0.240850804319,0.269506041264,0.195132536728,0.455388504587,0.265912551398,135.000003628,134.999995988
0.443754545665,0.241544862825,0.269528424878,0.195730590502,0.455388504587,0.265912551398,135.000003628,134.999995988
0.443688891977,0.242238964303,0.269550892382,0.196328952221,0.455388504587,0.265912551398,135.000003628,134.999995988
0.443623061619,0.242933108529,0.269573444119,0.196927621821,0.455388504587,0.265912551398,135.000003628,134.999995988
0.44355705477,0.243627295223,0.269596080483,0.19752659917,0.455388504587,0.265912551398,135.000003628,134.999995988
0.44349087158,0.244321524154,0.269618801515,0.198125884613,0.455388504587,0.265912551398,135.000003628,134.999995988
0.443424512172,0.245015795145,0.269641607208,0.198725478556,0.455388504587,0.265912551398,135.000003628,134.999995988
0.443357976669,0.245710108014,0.269664497579,0.19932538136,0.455388504587,0.265912551398,135.000003628,134.999995988
0.443291265195,0.246404462579,0.26968747302,0.19992559288,0.455388504587,0.265912551398,135.000003628,134.999995988
0.443224377877,0.247098858651,0.269710533896,0.200526113004,0.455388504587,0.265912551398,135.000003628,134.999995988
0.4431573149,0.247793295935,0.269733680199,0.20112694212,0.455388504587,0.265912551398,135.000003628,134.999995988
0.44309007645,0.248487774139,0.269756911919,0.201728080606,0.455388504587,0.265912551398,135.000003628,134.999995988
0.443022662655,0.24918229307,0.269780229173,0.202329528671,0.455388504587,0.265912551398,135.000003628,134.999995988
0.442955073644,0.249876852534,0.269803632351,0.202931286151,0.455388504587,0.265912551398,135.000003628,134.999995988
0.44288730955,0.250571452332,0.269827121718,0.203533353051,0.455388504587,0.265912551398,135.000003628,134.999995988
0.442819370503,0.251266092265,0.269850697264,0.204135729731,0.455388504587,0.265912551398,135.000003628,134.999995988
0.442751256677,0.251960772059,0.269874358982,0.204738416546,0.455388504587,0.265912551398,135.000003628,134.999995988
0.442682968265,0.252655491406,0.269898107106,0.205341413523,0.455388504587,0.265912551398,135.000003628,134.999995988
0.442614505422,0.253350250065,0.269921942023,0.205944720484,0.455388504587,0.265912551398,135.000003628,134.999995988
0.442545868285,0.254045047826,0.269945863877,0.206548337571,0.455388504587,0.265912551398,135.000003628,134.999995988
0.442477056992,0.254739884476,0.269969872661,0.207152265118,0.455388504587,0.265912551398,135.000003628,134.999995988
0.442408071682,0.2554347598,0.269993968365,0.207756503453,0.455388504587,0.265912551398,135.000003628,134.999995988
0.442338912519,0.25612967354,0.270018151361,0.208361052404,0.455388504587,0.265912551398,135.000003628,134.999995988
0.442269579703,0.256824625374,0.270042422035,0.208965911779,0.455388504587,0.265912551398,135.000003628,134.999995988
0.442200073412,0.257519615019,0.270066780391,0.209571081874,0.455388504587,0.265912551398,135.000003628,134.999995988
0.442130393791,0.258214642249,0.270091226422,0.210176563,0.455388504587,0.265912551398,135.000003628,134.999995988
0.442060540983,0.258909706839,0.27011576026,0.210782355273,0.455388504587,0.265912551398,135.000003628,134.999995988
0.441990515137,0.259604808558,0.27014038229,0.211388458488,0.455388504587,0.265912551398,135.000003628,134.999995988
0.441920316411,0.260299947152,0.270165092754,0.21199487262,0.455388504587,0.265912551398,135.000003628,134.999995988
0.441849945014,0.260995122286,0.27018989164,0.212601597957,0.455388504587,0.265912551398,135.000003628,134.999995988
0.441779401142,0.261690333645,0.270214778941,0.213208634783,0.455388504587,0.265912551398,135.000003628,134.999995988
0.441708684945,0.262385580988,0.270239754965,0.213815982971,0.455388504587,0.265912551398,135.000003628,134.999995988
0.441637796577,0.263080864075,0.270264820093,0.214423642299,0.455388504587,0.265912551398,135.000003628,134.999995988
0.441566736191,0.263776182661,0.270289974391,0.215031612944,0.455388504587,0.265912551398,135.000003628,134.999995988
0.441495503949,0.264471536487,0.270315217848,0.215639895168,0.455388504587,0.265912551398,135.000003628,134.999995988
0.441424100065,0.265166925205,0.270340550574,0.216248489078,0.455388504587,0.265912551398,135.000003628,134.999995988
0.44135252475,0.265862348475,0.270365972949,0.21685739444,0.455388504587,0.265912551398,135.000003628,134.999995988
0.441280778162,0.266557806043,0.270391485236,0.217466611162,0.455388504587,0.265912551398,135.000003628,134.999995988
0.441208860462,0.267253297654,0.270417087424,0.218076139488,0.455388504587,0.265912551398,135.000003628,134.999995988
0.441136771809,0.267948823047,0.270442779502,0.218685979654,0.455388504587,0.265912551398,135.000003628,134.999995988
0.441064512373,0.268644381951,0.270468561789,0.219296131488,0.455388504587,0.265912551398,135.000003628,134.999995988
0.440992082376,0.269339974004,0.270494434664,0.219906594736,0.455388504587,0.265912551398,135.000003628,134.999995988
0.440919482037,0.270035598852,0.270520398177,0.220517369546,0.455388504587,0.265912551398,135.000003628,134.999995988
0.440846711522,0.270731256225,0.270546452318,0.221128456135,0.455388504587,0.265912551398,135.000003628,134.999995988
0.440773770998,0.271426945853,0.270572597241,0.221739854514,0.455388504587,0.265912551398,135.000003628,134.999995988
0.440700660635,0.272122667461,0.270598833322,0.222351564416,0.455388504587,0.265912551398,135.000003628,134.999995988
0.440627380611,0.272818420757,0.270625160775,0.222963585772,0.455388504587,0.265912551398,135.000003628,134.999995988
0.440553931158,0.273514205366,0.270651579591,0.223575918778,0.455388504587,0.265912551398,135.000003628,134.999995988
0.440480312498,0.274210020925,0.270678089773,0.224188563606,0.455388504587,0.265912551398,135.000003628,134.999995988
0.440406524807,0.274905867151,0.270704691697,0.224801519974,0.455388504587,0.265912551398,135.000003628,134.999995988
0.440332568258,0.275601743757,0.270731385724,0.225414787619,0.455388504587,0.265912551398,135.000003628,134.999995988
0.440258443029,0.276297650455,0.270758171842,0.226028366718,0.455388504587,0.265912551398,135.000003628,134.999995988
0.440184149314,0.276993586925,0.27078505004,0.226642257442,0.455388504587,0.265912551398,135.000003628,134.999995988
0.440109687353,0.277689552778,0.270812020577,0.227256459634,0.455388504587,0.265912551398,135.000003628,134.999995988
0.44003505737,0.27838554765,0.270839083826,0.227870972996,0.455388504587,0.265912551398,135.000003628,134.999995988
0.439960259545,0.279081571243,0.270866239893,0.228485797548,0.455388504587,0.265912551398,135.000003628,134.999995988
0.439885294063,0.279777623255,0.270893488764,0.229100933442,0.455388504587,0.265912551398,135.000003628,134.999995988
0.439810161107,0.280473703385,0.270920830582,0.229716380641,0.455388504587,0.265912551398,135.000003628,134.999995988
0.439734860894,0.281169811277,0.27094826572,0.230332138833,0.455388504587,0.265912551398,135.000003628,134.999995988
0.439659393671,0.281865946529,0.270975794395,0.230948207883,0.455388504587,0.265912551398,135.000003628,134.999995988
0.439583759658,0.282562108783,0.271003416597,0.231564587924,0.455388504587,0.265912551398,135.000003628,134.999995988
0.439507959045,0.283258297724,0.271031132364,0.232181279019,0.455388504587,0.265912551398,135.000003628,134.999995988
0.439431992021,0.283954513038,0.271058942068,0.232798280842,0.455388504587,0.265912551398,135.000003628,134.999995988
0.439355858781,0.284650754407,0.271086846028,0.233415593124,0.455388504587,0.265912551398,135.000003628,134.999995988
0.439279559565,0.285347021437,0.27111484423,0.234033215976,0.455388504587,0.265912551398,135.000003628,134.999995988
0.439203094629,0.286043313711,0.271142936663,0.234651149503,0.455388504587,0.265912551398,135.000003628,134.999995988
0.439126464185,0.286739630881,0.27117112366,0.235269393406,0.455388504587,0.265912551398,135.000003628,134.999995988
0.439049668431,0.28743597262,0.271199405591,0.23588794734,0.455388504587,0.265912551398,135.000003628,134.999995988
0.438972707566,0.288132338598,0.271227782477,0.236506811357,0.455388504587,0.265912551398,135.000003628,134.999995988
0.438895581797,0.288828728472,0.271256254306,0.237125985541,0.455388504587,0.265912551398,135.000003628,134.999995988
0.438818291388,0.289525141812,0.271284821338,0.237745469661,0.455388504587,0.265912551398,135.000003628,134.999995988
0.438740836598,0.290221578197,0.271313483938,0.23836526336,0.455388504587,0.265912551398,135.000003628,134.999995988
0.438663217634,0.290918037287,0.271342242203,0.238985366584,0.455388504587,0.265912551398,135.000003628,134.999995988
0.4385854347,0.291614518739,0.271371096119,0.2396057794,0.455388504587,0.265912551398,135.000003628,134.999995988
0.438507488005,0.29231102221,0.271400045883,0.240226501629,0.455388504587,0.265912551398,135.000003628,134.999995988
0.438429377788,0.293007547303,0.271429091859,0.2408475329,0.455388504587,0.265912551398,135.000003628,134.999995988
0.438351104324,0.293704093576,0.271458234201,0.241468873074,0.455388504587,0.265912551398,135.000003628,134.999995988
0.438272667857,0.29440066063,0.271487472896,0.242090522198,0.455388504587,0.265912551398,135.000003628,134.999995988
0.438194068598,0.29509724811,0.271516808089,0.242712480132,0.455388504587,0.265912551398,135.000003628,134.999995988
0.438115306764,0.295793855659,0.271546240143,0.24333474649,0.455388504587,0.265912551398,135.000003628,134.999995988
0.438036382569,0.296490482918,0.271575769257,0.243957321065,0.455388504587,0.265912551398,135.000003628,134.999995988
0.437957296293,0.297187129436,0.271605395416,0.244580203882,0.455388504587,0.265912551398,135.000003628,134.999995988
0.437878048219,0.297883794754,0.271635118732,0.245203394824,0.455388504587,0.265912551398,135.000003628,134.999995988
0.43779863857,0.298580478502,0.271664939562,0.245826893491,0.455388504587,0.265912551398,135.000003628,134.999995988
0.437719067567,0.299277180311,0.271694858142,0.246450699618,0.455388504587,0.265912551398,135.000003628,134.999995988
0.437639335435,0.299973899809,0.271724874456,0.247074813213,0.455388504587,0.265912551398,135.000003628,134.999995988
0.437559442428,0.300670636579,0.271754988591,0.247699234164,0.455388504587,0.265912551398,135.000003628,134.999995988
0.437479388837,0.30136739015,0.271785200903,0.248323962058,0.455388504587,0.265912551398,135.000003628,134.999995988
0.437399174924,0.302064160095,0.271815511649,0.248948996587,0.455388504587,0.265912551398,135.000003628,134.999995988
0.437318800918,0.302760946031,0.271845920815,0.249574337738,0.455388504587,0.265912551398,135.000003628,134.999995988
0.437238267051,0.303457747577,0.271876428472,0.250199985397,0.455388504587,0.265912551398,135.000003628,134.999995988
0.437157573556,0.304154564342,0.271907034975,0.250825939133,0.455388504587,0.265912551398,135.000003628,134.999995988
0.437076720732,0.304851395845,0.271937740594,0.251452198611,0.455388504587,0.265912551398,135.000003628,134.999995988
0.436995708878,0.305548241604,0.271968545313,0.252078763796,0.455388504587,0.265912551398,135.000003628,134.999995988
0.436914538231,0.306245101226,0.271999449199,0.252705634558,0.455388504587,0.265912551398,135.000003628,134.999995988
0.436833209029,0.306941974317,0.272030452608,0.253332810452,0.455388504587,0.265912551398,135.000003628,134.999995988
0.43675172151,0.307638860478,0.272061555809,0.253960291124,0.455388504587,0.265912551398,135.000003628,134.999995988
0.436670075959,0.308335759249,0.272092758786,0.254588076519,0.455388504587,0.265912551398,135.000003628,134.999995988
0.436588272682,0.309032670136,0.272124061613,0.255216166479,0.455388504587,0.265912551398,135.000003628,134.999995988
0.436506311946,0.309729592702,0.272155464645,0.255844560547,0.455388504587,0.265912551398,135.000003628,134.999995988
0.436424193996,0.310426526542,0.272186968141,0.256473258358,0.455388504587,0.265912551398,135.000003628,134.999995988
0.43634191908,0.311123471244,0.272218572084,0.25710225984,0.455388504587,0.265912551398,135.000003628,134.999995988
0.436259487465,0.31182042637,0.272250276567,0.257731564796,0.455388504587,0.265912551398,135.000003628,134.999995988
0.436176899462,0.312517391419,0.272282081941,0.258361172753,0.455388504587,0.265912551398,135.000003628,134.999995988
0.436094155364,0.313214365918,0.272313988447,0.258991083352,0.455388504587,0.265912551398,135.000003628,134.999995988
0.436011255424,0.313911349447,0.272345996067,0.259621296499,0.455388504587,0.265912551398,135.000003628,134.999995988
0.435928199896,0.314608341586,0.272378104921,0.26025181195,0.455388504587,0.265912551398,135.000003628,134.999995988
0.435844989039,0.315305341906,0.272410315359,0.260882629217,0.455388504587,0.265912551398,135.000003628,134.999995988
0.435761623172,0.316002349897,0.272442627592,0.261513747953,0.455388504587,0.265912551398,135.000003628,134.999995988
0.435678102612,0.316699365048,0.2724750416,0.262145168047,0.455388504587,0.265912551398,135.000003628,134.999995988
0.435594427621,0.317396386929,0.272507557542,0.262776889196,0.455388504587,0.265912551398,135.000003628,134.999995988
0.43551059846,0.318093415106,0.272540175766,0.263408910897,0.455388504587,0.265912551398,135.000003628,134.999995988
0.435426615393,0.318790449144,0.272572896442,0.264041232827,0.455388504587,0.265912551398,135.000003628,134.999995988
0.435342478734,0.319487488536,0.272605719552,0.264673854854,0.455388504587,0.265912551398,135.000003628,134.999995988
0.435258188815,0.320184532756,0.272638645299,0.265306776609,0.455388504587,0.265912551398,135.000003628,134.999995988
0.435173745915,0.320881581345,0.272671674029,0.265939997575,0.455388504587,0.265912551398,135.000003628,134.999995988
0.435089150303,0.321578633859,0.272704805866,0.26657351746,0.455388504587,0.265912551398,135.000003628,134.999995988
0.43500440225,0.322275689849,0.272738040789,0.267207336111,0.455388504587,0.265912551398,135.000003628,134.999995988
0.434919502069,0.322972748813,0.272771379057,0.267841453087,0.455388504587,0.265912551398,135.000003628,134.999995988
0.434834450098,0.323669810214,0.272804821014,0.268475867855,0.455388504587,0.265912551398,135.000003628,134.999995988
0.434749246637,0.324366873563,0.272838366727,0.269110580162,0.455388504587,0.265912551398,135.000003628,134.999995988
0.434663891964,0.325063938404,0.272872016174,0.269745589838,0.455388504587,0.265912551398,135.000003628,134.999995988
0.434578386356,0.325761004279,0.272905769678,0.270380896357,0.455388504587,0.265912551398,135.000003628,134.999995988
0.434492730126,0.326458070686,0.272939627581,0.271016499174,0.455388504587,0.265912551398,135.000003628,134.999995988
0.43440692362,0.327155137073,0.272973589883,0.271652398081,0.455388504587,0.265912551398,135.000003628,134.999995988
0.434320967157,0.32785220293,0.273007656616,0.272288592837,0.455388504587,0.265912551398,135.000003628,134.999995988
0.434234861021,0.328549267788,0.273041828119,0.27292508288,0.455388504587,0.265912551398,135.000003628,134.999995988
0.4341486055,0.329246331178,0.273076104684,0.273561867701,0.455388504587,0.265912551398,135.000003628,134.999995988
0.434062200905,0.329943392593,0.273110486287,0.274198947096,0.455388504587,0.265912551398,135.000003628,134.999995988
0.433975647593,0.330640451471,0.27314497304,0.274836320722,0.455388504587,0.265912551398,135.000003628,134.999995988
0.433888945898,0.331337507281,0.273179565282,0.275473988004,0.455388504587,0.265912551398,135.000003628,134.999995988
0.433802096111,0.332034559541,0.27321426322,0.276111948497,0.455388504587,0.265912551398,135.000003628,134.999995988
0.433715098529,0.332731607771,0.273249066832,0.276750201978,0.455388504587,0.265912551398,135.000003628,134.999995988
0.433627953468,0.33342865146,0.273283976315,0.277388747997,0.455388504587,0.265912551398,135.000003628,134.999995988
0.433540661292,0.334125690031,0.273318992009,0.278027585967,0.455388504587,0.265912551398,135.000003628,134.999995988
0.433453222349,0.334822722936,0.27335411403,0.278666715513,0.455388504587,0.265912551398,135.000003628,134.999995988
0.433365636939,0.335519749684,0.273389342354,0.27930613639,0.455388504587,0.265912551398,135.000003628,134.999995988
0.433277905365,0.336216769781,0.273424677275,0.279945848041,0.455388504587,0.265912551398,135.000003628,134.999995988
0.43319002795,0.336913782706,0.273460119129,0.280585849862,0.455388504587,0.265912551398,135.000003628,134.999995988
0.433102005069,0.337610787872,0.273495667935,0.281226141554,0.455388504587,0.265912551398,135.000003628,134.999995988
0.43301383708,0.338307784716,0.273531323731,0.281866722795,0.455388504587,0.265912551398,135.000003628,134.999995988
0.43292552429,0.339004772735,0.27356708685,0.28250759297,0.455388504587,0.265912551398,135.000003628,134.999995988
0.432837067011,0.339701751425,0.273602957568,0.28314875152,0.455388504587,0.265912551398,135.000003628,134.999995988
0.432748465575,0.340398720251,0.273638935858,0.283790198168,0.455388504587,0.265912551398,135.000003628,134.999995988
0.432659720366,0.341095678615,0.273675021868,0.284431932468,0.455388504587,0.265912551398,135.000003628,134.999995988
0.432570831751,0.341792625942,0.273711215932,0.285073953789,0.455388504587,0.265912551398,135.000003628,134.999995988
0.432481800045,0.342489561718,0.27374751821,0.285716261662,0.455388504587,0.265912551398,135.000003628,134.999995988
0.432392625567,0.343186485429,0.273783928676,0.286358855794,0.455388504587,0.265912551398,135.000003628,134.999995988
0.432303308662,0.343883396523,0.273820447594,0.287001735607,0.455388504587,0.265912551398,135.000003628,134.999995988
0.432213849725,0.344580294389,0.273857075297,0.287644900455,0.455388504587,0.265912551398,135.000003628,134.999995988
0.432124249125,0.345277178447,0.273893811825,0.288288349966,0.455388504587,0.265912551398,135.000003628,134.999995988
0.432034507188,0.34597404817,0.273930657209,0.288932083773,0.455388504587,0.265912551398,135.000003628,134.999995988
0.43194462424,0.346670903033,0.273967611779,0.289576101218,0.455388504587,0.265912551398,135.000003628,134.999995988
0.431854600641,0.347367742466,0.274004675808,0.290220401695,0.455388504587,0.265912551398,135.000003628,134.999995988
0.431764436796,0.348064565845,0.274041849268,0.290864984877,0.455388504587,0.265912551398,135.000003628,134.999995988
0.431674133077,0.348761372584,0.274079132322,0.291509850256,0.455388504587,0.265912551398,135.000003628,134.999995988
0.431583689818,0.349458162149,0.274116525296,0.292154997158,0.455388504587,0.265912551398,135.000003628,134.999995988
0.431493107354,0.350154934002,0.274154028332,0.292800425086,0.455388504587,0.265912551398,135.000003628,134.999995988
0.431402386061,0.350851687549,0.2741916414,0.293446133695,0.455388504587,0.265912551398,135.000003628,134.999995988
0.431311526356,0.351548422155,0.274229364798,0.294092122328,0.455388504587,0.265912551398,135.000003628,134.999995988
0.431220528609,0.352245137235,0.274267198853,0.2947383903,0.455388504587,0.265912551398,135.000003628,134.999995988
0.431129393163,0.352941832243,0.274305143566,0.295384937225,0.455388504587,0.265912551398,135.000003628,134.999995988
0.431038120361,0.353638506628,0.274343199021,0.296031762631,0.455388504587,0.265912551398,135.000003628,134.999995988
0.430946710602,0.354335159773,0.274381365545,0.29667886582,0.455388504587,0.265912551398,135.000003628,134.999995988
0.43085516431,0.355031791031,0.274419643347,0.297326246199,0.455388504587,0.265912551398,135.000003628,134.999995988
0.430763481854,0.355728399818,0.274458032399,0.297973903389,0.455388504587,0.265912551398,135.000003628,134.999995988
0.430671663585,0.356424985577,0.274496532933,0.298621836764,0.455388504587,0.265912551398,135.000003628,134.999995988
0.430579709853,0.357121547749,0.274535145274,0.299270045611,0.455388504587,0.265912551398,135.000003628,134.999995988
0.430487621082,0.357818085686,0.274573869481,0.299918529458,0.455388504587,0.265912551398,135.000003628,134.999995988
0.430395397707,0.358514598727,0.27461270559,0.300567287847,0.455388504587,0.265912551398,135.000003628,134.999995988
0.430303040091,0.359211086297,0.274651653922,0.301216320055,0.455388504587,0.265912551398,135.000003628,134.999995988
0.430210548591,0.359907547829,0.274690714732,0.301865625415,0.455388504587,0.265912551398,135.000003628,134.999995988
0.430117923578,0.360603982739,0.27472988799,0.30251520352,0.455388504587,0.265912551398,135.000003628,134.999995988
0.430025165493,0.361300390359,0.274769173891,0.303165053746,0.455388504587,0.265912551398,135.000003628,134.999995988
0.429932274769,0.361996770029,0.274808572756,0.303815175355,0.455388504587,0.265912551398,135.000003628,134.999995988
0.429839251772,0.362693121171,0.274848084677,0.304465567813,0.455388504587,0.265912551398,135.000003628,134.999995988
0.429746096867,0.363389443208,0.274887709664,0.305116230653,0.455388504587,0.265912551398,135.000003628,134.999995988
0.429652810453,0.364085735521,0.274927448036,0.305767163125,0.455388504587,0.265912551398,135.000003628,134.999995988
0.429559392983,0.36478199743,0.274967300069,0.306418364516,0.455388504587,0.265912551398,135.000003628,134.999995988
0.429465844878,0.365478228286,0.275007265728,0.307069834386,0.455388504587,0.265912551398,135.000003628,134.999995988
0.429372166513,0.366174427504,0.275047345197,0.307721572095,0.455388504587,0.265912551398,135.000003628,134.999995988
0.429278358261,0.366870594494,0.275087538793,0.308373576878,0.455388504587,0.265912551398,135.000003628,134.999995988
0.429184420555,0.367566728598,0.275127846616,0.309025848163,0.455388504587,0.265912551398,135.000003628,134.999995988
0.429090353855,0.368262829124,0.275168268675,0.309678385451,0.455388504587,0.265912551398,135.000003628,134.999995988
0.428996158573,0.368958895443,0.275208805285,0.310331187968,0.455388504587,0.265912551398,135.000003628,134.999995988
0.428901835087,0.369654926955,0.275249456719,0.310984254973,0.455388504587,0.265912551398,135.000003628,134.999995988
0.428807383782,0.370350923062,0.275290222942,0.311637585996,0.455388504587,0.265912551398,135.000003628,134.999995988
0.428712805125,0.371046883064,0.275331104143,0.31229118036,0.455388504587,0.265912551398,135.000003628,134.999995988
0.428618099589,0.371742806256,0.275372100637,0.312945037274,0.455388504587,0.265912551398,135.000003628,134.999995988
0.428523267566,0.37243869203,0.275413212512,0.313599156145,0.455388504587,0.265912551398,135.000003628,134.999995988
0.428428309445,0.373134539775,0.275454439795,0.314253536428,0.455388504587,0.265912551398,135.000003628,134.999995988
0.428333225643,0.373830348852,0.275495782799,0.314908177322,0.455388504587,0.265912551398,135.000003628,134.999995988
0.428238016643,0.374526118547,0.275537241772,0.315563078079,0.455388504587,0.265912551398,135.000003628,134.999995988
0.4281426829,0.375221848173,0.275578816674,0.316218238198,0.455388504587,0.265912551398,135.000003628,134.999995988
0.428047224813,0.375917537115,0.275620507728,0.316873656946,0.455388504587,0.265912551398,135.000003628,134.999995988
0.427951642777,0.376613184753,0.275662315244,0.317529333509,0.455388504587,0.265912551398,135.000003628,134.999995988
0.427855937254,0.377308790399,0.275704239273,0.318185267292,0.455388504587,0.265912551398,135.000003628,134.999995988
0.427760108735,0.378004353327,0.275746279885,0.318841457683,0.455388504587,0.265912551398,135.000003628,134.999995988
0.427664157655,0.378699872877,0.27578843739,0.319497903856,0.455388504587,0.265912551398,135.000003628,134.999995988
0.427568084417,0.379395348424,0.275830711987,0.320154605074,0.455388504587,0.265912551398,135.000003628,134.999995988
0.427471889433,0.380090779333,0.275873103637,0.320811560807,0.455388504587,0.265912551398,135.000003628,134.999995988
0.427375573205,0.380786164868,0.275915612611,0.321468770249,0.455388504587,0.265912551398,135.000003628,134.999995988
0.42727913623,0.381481504298,0.275958239217,0.322126232558,0.455388504587,0.265912551398,135.000003628,134.999995988
0.42718257892,0.382176796989,0.27600098345,0.322783947161,0.455388504587,0.265912551398,135.000003628,134.999995988
0.427085901687,0.382872042304,0.27604384544,0.323441913359,0.455388504587,0.265912551398,135.000003628,134.999995988
0.426989104991,0.383567239554,0.276086825494,0.324100130303,0.455388504587,0.265912551398,135.000003628,134.999995988
0.426892189345,0.384262387993,0.276129923746,0.324758597284,0.455388504587,0.265912551398,135.000003628,134.999995988
0.426795155216,0.384957486921,0.27617314019,0.325417313709,0.455388504587,0.265912551398,135.000003628,134.999995988
0.426698003025,0.385652535696,0.27621647513,0.326076278716,0.455388504587,0.265912551398,135.000003628,134.999995988
0.426600733193,0.38634753367,0.276259928835,0.326735491472,0.455388504587,0.265912551398,135.000003628,134.999995988
0.426503346232,0.387042480096,0.27630350126,0.327394951401,0.455388504587,0.265912551398,135.000003628,134.999995988
0.426405842665,0.387737374217,0.276347192615,0.328054657711,0.455388504587,0.265912551398,135.000003628,134.999995988
0.426308222928,0.38843221537,0.276391003204,0.328714609526,0.455388504587,0.265912551398,135.000003628,134.999995988
0.426210487447,0.389127002903,0.276434933076,0.32937480618,0.455388504587,0.265912551398,135.000003628,134.999995988
0.426112636692,0.389821736117,0.276478982313,0.330035246974,0.455388504587,0.265912551398,135.000003628,134.999995988
0.426014671193,0.390516414244,0.276523151217,0.330695931021,0.455388504587,0.265912551398,135.000003628,134.999995988
0.425916591447,0.391211036557,0.276567439961,0.331356857539,0.455388504587,0.265912551398,135.000003628,134.999995988
0.425818397888,0.391905602395,0.276611848505,0.332018025919,0.455388504587,0.265912551398,135.000003628,134.999995988
0.425720090953,0.392600111093,0.27665637715,0.332679435262,0.455388504587,0.265912551398,135.000003628,134.999995988
0.425621671169,0.39329456189,0.276701026189,0.333341084675,0.455388504587,0.265912551398,135.000003628,134.999995988
0.425523139078,0.393988954005,0.276745795574,0.334002973541,0.455388504587,0.265912551398,135.000003628,134.999995988
0.425424495137,0.394683286757,0.276790685495,0.334665101044,0.455388504587,0.265912551398,135.000003628,134.999995988
0.425325739788,0.395377559473,0.27683569625,0.335327466272,0.455388504587,0.265912551398,135.000003628,134.999995988
0.425226873515,0.396071771438,0.276880827899,0.335990068508,0.455388504587,0.265912551398,135.000003628,134.999995988
0.425127896872,0.396765921863,0.276926080518,0.336652907014,0.455388504587,0.265912551398,135.000003628,134.999995988
0.425028810372,0.397460010001,0.276971454406,0.33731598087,0.455388504587,0.265912551398,135.000003628,134.999995988
0.424929614463,0.398154035175,0.277016949732,0.337979289254,0.455388504587,0.265912551398,135.000003628,134.999995988
0.424830309599,0.398847996703,0.277062566464,0.338642831506,0.455388504587,0.265912551398,135.000003628,134.999995988
0.42473089633,0.399541893798,0.277108304897,0.339306606695,0.455388504587,0.265912551398,135.000003628,134.999995988
0.424631375221,0.400235725661,0.277154165309,0.3399706139,0.455388504587,0.265912551398,135.000003628,134.999995988
0.424531746736,0.400929491597,0.277200147648,0.340634852463,0.455388504587,0.265912551398,135.000003628,134.999995988
0.424432011334,0.401623190917,0.277246252122,0.341299321513,0.455388504587,0.265912551398,135.000003628,134.999995988
0.424332169527,0.402316822877,0.277292479025,0.341964020104,0.455388504587,0.265912551398,135.000003628,134.999995988
0.424232221887,0.403010386669,0.277338828391,0.342628947497,0.455388504587,0.265912551398,135.000003628,134.999995988
0.424132168936,0.403703881537,0.277385300325,0.34329410289,0.455388504587,0.265912551398,135.000003628,134.999995988
0.424032011138,0.404397306788,0.277431895121,0.343959485326,0.455388504587,0.265912551398,135.000003628,134.999995988
0.423931748966,0.405090661718,0.277478612909,0.344625093976,0.455388504587,0.265912551398,135.000003628,134.999995988
0.423831383002,0.405783945509,0.2775254537,0.345290928103,0.455388504587,0.265912551398,135.000003628,134.999995988
0.423730913822,0.40647715735,0.277572417784,0.345956986739,0.455388504587,0.265912551398,135.000003628,134.999995988
0.423630341899,0.407170296537,0.277619505387,0.346623268969,0.455388504587,0.265912551398,135.000003628,134.999995988
0.423529667705,0.407863362367,0.277666716453,0.347289774095,0.455388504587,0.265912551398,135.000003628,134.999995988
0.42342889179,0.408556354056,0.277714051244,0.347956501161,0.455388504587,0.265912551398,135.000003628,134.999995988
0.423328014748,0.409249270776,0.277761510049,0.348623449188,0.455388504587,0.265912551398,135.000003628,134.999995988
0.423227037097,0.409942111776,0.277809092837,0.349290617447,0.455388504587,0.265912551398,135.000003628,134.999995988
0.423125959317,0.410634876345,0.277856799782,0.349958005042,0.455388504587,0.265912551398,135.000003628,134.999995988
0.423024781921,0.411327563736,0.277904631172,0.350625610981,0.455388504587,0.265912551398,135.000003628,134.999995988
0.42292350551,0.412020173114,0.27795258706,0.351293434457,0.455388504587,0.265912551398,135.000003628,134.999995988
0.422822130658,0.412712703672,0.278000667537,0.351961474627,0.455388504587,0.265912551398,135.000003628,134.999995988
0.42272065785,0.413405154694,0.278048872888,0.352629730491,0.455388504587,0.265912551398,135.000003628,134.999995988
0.422619087573,0.414097525458,0.278097203249,0.353298201163,0.455388504587,0.265912551398,135.000003628,134.999995988
0.422517420429,0.414789815131,0.278145658629,0.353966885855,0.455388504587,0.265912551398,135.000003628,134.999995988
0.42241565703,0.415482022867,0.278194239311,0.354635783555,0.455388504587,0.265912551398,135.000003628,134.999995988
0.42231379788,0.416174147927,0.278242945511,0.355304893303,0.455388504587,0.265912551398,135.000003628,134.999995988
0.422211843474,0.416866189587,0.278291777167,0.355974214354,0.455388504587,0.265912551398,135.000003628,134.999995988
0.422109794379,0.417558147047,0.278340734553,0.356643745693,0.455388504587,0.265912551398,135.000003628,134.999995988
0.422007651216,0.418250019451,0.278389817952,0.357313486296,0.455388504587,0.265912551398,135.000003628,134.999995988
0.42190541454,0.418941806012,0.278439027308,0.3579834354,0.455388504587,0.265912551398,135.000003628,134.999995988
0.421803084851,0.419633505997,0.278488362822,0.358653592037,0.455388504587,0.265912551398,135.000003628,134.999995988
0.421700662684,0.420325118641,0.278537824773,0.359323955173,0.455388504587,0.265912551398,135.000003628,134.999995988
0.421598148668,0.421016643078,0.278587413179,0.359994523977,0.455388504587,0.265912551398,135.000003628,134.999995988
0.421495543409,0.421708078475,0.278637128168,0.360665297525,0.455388504587,0.265912551398,135.000003628,134.999995988
0.421392847413,0.422399424091,0.278686970019,0.361336274773,0.455388504587,0.265912551398,135.000003628,134.999995988
0.421290061189,0.423090679183,0.278736938816,0.362007454826,0.455388504587,0.265912551398,135.000003628,134.999995988
0.421187185369,0.42378184289,0.278787034621,0.3626788368,0.455388504587,0.265912551398,135.000003628,134.999995988
0.421084220595,0.424472914336,0.278837257711,0.363350419641,0.455388504587,0.265912551398,135.000003628,134.999995988
0.42098116739,0.425163892768,0.278887608235,0.364022202394,0.455388504587,0.265912551398,135.000003628,134.999995988
0.42087802627,0.425854777437,0.278938086188,0.364694184211,0.455388504587,0.265912551398,135.000003628,134.999995988
0.42077479783,0.426545567514,0.278988691843,0.365366364033,0.455388504587,0.265912551398,135.000003628,134.999995988
0.420671482714,0.427236262128,0.279039425406,0.366038740849,0.455388504587,0.265912551398,135.000003628,134.999995988
0.420568081484,0.427926860483,0.279090286812,0.366711313846,0.455388504587,0.265912551398,135.000003628,134.999995988
0.420464594663,0.428617361823,0.279141276329,0.367384081957,0.455388504587,0.265912551398,135.000003628,134.999995988
0.420361022821,0.429307765347,0.279192394218,0.368057044116,0.455388504587,0.265912551398,135.000003628,134.999995988
0.420257366606,0.429998070177,0.279243640406,0.368730199507,0.455388504587,0.265912551398,135.000003628,134.999995988
0.420153626625,0.430688275476,0.279295015111,0.369403547089,0.455388504587,0.265912551398,135.000003628,134.999995988
0.420049803404,0.431378380484,0.279346518598,0.370077085783,0.455388504587,0.265912551398,135.000003628,134.999995988
0.41994589749,0.432068384423,0.279398150842,0.370750814722,0.455388504587,0.265912551398,135.000003628,134.999995988
0.41984190954,0.432758286406,0.279449912008,0.371424732897,0.455388504587,0.265912551398,135.000003628,134.999995988
0.419737840199,0.433448085558,0.279501802358,0.372098839217,0.455388504587,0.265912551398,135.000003628,134.999995988
0.419633690003,0.434137781112,0.279553821917,0.372773132769,0.455388504587,0.265912551398,135.000003628,134.999995988
0.419529459487,0.4348273723,0.2796059708,0.373447612568,0.455388504587,0.265912551398,135.000003628,134.999995988
0.419425149304,0.43551685824,0.279658249268,0.374122277515,0.455388504587,0.265912551398,135.000003628,134.999995988
0.419320760123,0.436206238036,0.279710657394,0.374797126648,0.455388504587,0.265912551398,135.000003628,134.999995988
0.419216292501,0.436895510898,0.279763195243,0.375472159008,0.455388504587,0.265912551398,135.000003628,134.999995988
0.419111746979,0.437584676052,0.279815863076,0.376147373486,0.455388504587,0.265912551398,135.000003628,134.999995988
0.41900712419,0.438273732638,0.279868661009,0.376822769077,0.455388504587,0.265912551398,135.000003628,134.999995988
0.418902424813,0.438962679749,0.279921589064,0.377498344841,0.455388504587,0.265912551398,135.000003628,134.999995988
0.418797649439,0.439651516564,0.279974647499,0.378174099662,0.455388504587,0.265912551398,135.000003628,134.999995988
0.418692798618,0.4403402423,0.280027836472,0.378850032492,0.455388504587,0.265912551398,135.000003628,134.999995988
0.418587872961,0.441028856118,0.280081155963,0.379526142412,0.455388504587,0.265912551398,135.000003628,134.999995988
0.418482873156,0.441717357103,0.280134606229,0.380202428295,0.455388504587,0.265912551398,135.000003628,134.999995988
0.418377799831,0.4424057444,0.280188187465,0.380878889054,0.455388504587,0.265912551398,135.000003628,134.999995988
0.41827265354,0.443094017221,0.280241899612,0.381555523788,0.455388504587,0.265912551398,135.000003628,134.999995988
0.418167434876,0.443782174743,0.280295742926,0.38223233136,0.455388504587,0.265912551398,135.000003628,134.999995988
0.418062144537,0.444470216045,0.280349717638,0.382909310648,0.455388504587,0.265912551398,135.000003628,134.999995988
0.417956783185,0.445158140239,0.280403823665,0.383586460754,0.455388504587,0.265912551398,135.000003628,134.999995988
0.41785135138,0.445845946533,0.280458061248,0.384263780543,0.455388504587,0.265912551398,135.000003628,134.999995988
0.417745849696,0.446533634119,0.28051243064,0.384941268867,0.455388504587,0.265912551398,135.000003628,134.999995988
0.41764027884,0.44722120207,0.280566931767,0.385618924809,0.455388504587,0.265912551398,135.000003628,134.999995988
0.417534639509,0.447908649466,0.280621564837,0.386296747247,0.455388504587,0.265912551398,135.000003628,134.999995988
0.417428932268,0.448595975508,0.280676330101,0.386974735024,0.455388504587,0.265912551398,135.000003628,134.999995988
0.417323157686,0.449283179396,0.280731227516,0.387652887191,0.455388504587,0.265912551398,135.000003628,134.999995988
0.417217316467,0.449970260205,0.280786257258,0.388331202638,0.455388504587,0.265912551398,135.000003628,134.999995988
0.417111409329,0.450657216995,0.280841419577,0.389009680197,0.455388504587,0.265912551398,135.000003628,134.999995988
0.417005436854,0.451344048953,0.280896714457,0.38968831889,0.455388504587,0.265912551398,135.000003628,134.999995988
0.416899399619,0.452030755272,0.280952142046,0.390367117615,0.455388504587,0.265912551398,135.000003628,134.999995988
0.416793298312,0.452717335039,0.281007702592,0.391046075197,0.455388504587,0.265912551398,135.000003628,134.999995988
0.416687133662,0.453403787308,0.281063396104,0.391725190628,0.455388504587,0.265912551398,135.000003628,134.999995988
0.416580906279,0.454090111239,0.281119222703,0.392404462814,0.455388504587,0.265912551398,135.000003628,134.999995988
0.416474616745,0.45477630602,0.281175182637,0.393083890572,0.455388504587,0.265912551398,135.000003628,134.999995988
0.416368265737,0.45546237075,0.281231275935,0.393763472865,0.455388504587,0.265912551398,135.000003628,134.999995988
0.416261853992,0.456148304475,0.281287502698,0.394443208608,0.455388504587,0.265912551398,135.000003628,134.999995988
0.416155382149,0.45683410633,0.281343863169,0.395123096608,0.455388504587,0.265912551398,135.000003628,134.999995988
0.416048850794,0.457519775498,0.281400357398,0.395803135803,0.455388504587,0.265912551398,135.000003628,134.999995988
0.415942260593,0.458205311089,0.281456985465,0.396483325112,0.455388504587,0.265912551398,135.000003628,134.999995988
0.415835612293,0.458890712141,0.28151374761,0.397163663333,0.455388504587,0.265912551398,135.000003628,134.999995988
0.415728906558,0.459575977765,0.281570643903,0.397844149382,0.455388504587,0.265912551398,135.000003628,134.999995988
0.415622143979,0.46026110714,0.281627674403,0.398524782181,0.455388504587,0.265912551398,135.000003628,134.999995988
0.415515325215,0.460946099385,0.28168483935,0.399205560518,0.455388504587,0.265912551398,135.000003628,134.999995988
0.41540845102,0.46163095353,0.281742138827,0.39988648329,0.455388504587,0.265912551398,135.000003628,134.999995988
0.415301522083,0.462315668665,0.281799572877,0.400567549417,0.455388504587,0.265912551398,135.000003628,134.999995988
0.415194539001,0.463000243964,0.281857141739,0.401248757681,0.455388504587,0.265912551398,135.000003628,134.999995988
0.415087502423,0.463684678553,0.281914845508,0.401930106958,0.455388504587,0.265912551398,135.000003628,134.999995988
0.414980413113,0.464368971456,0.281972684214,0.40261159617,0.455388504587,0.265912551398,135.000003628,134.999995988
0.414873271783,0.465053121742,0.282030658093,0.403293224087,0.455388504587,0.265912551398,135.000003628,134.999995988
0.414766079037,0.465737128579,0.282088767251,0.40397498957,0.455388504587,0.265912551398,135.000003628,134.999995988
0.414658835515,0.466420991101,0.282147011705,0.404656891537,0.455388504587,0.265912551398,135.000003628,134.999995988
0.41455154199,0.467104708325,0.28220539169,0.405338928752,0.455388504587,0.265912551398,135.000003628,134.999995988
0.414444199197,0.467788279301,0.28226390732,0.406021100058,0.455388504587,0.265912551398,135.000003628,134.999995988
0.414336807743,0.468471703191,0.282322558602,0.406703404371,0.455388504587,0.265912551398,135.000003628,134.999995988
0.414229368266,0.469154979136,0.28238134577,0.407385840445,0.455388504587,0.265912551398,135.000003628,134.999995988
0.414121881544,0.469838106144,0.282440268941,0.40806840711,0.455388504587,0.265912551398,135.000003628,134.999995988
0.414014348334,0.470521083249,0.282499328119,0.408751103276,0.455388504587,0.265912551398,135.000003628,134.999995988
0.413906769249,0.471203909609,0.282558523531,0.40943392769,0.455388504587,0.265912551398,135.000003628,134.999995988
0.413799144921,0.471886584368,0.282617855303,0.410116879169,0.455388504587,0.265912551398,135.000003628,134.999995988
0.413691476138,0.472569106527,0.282677323428,0.410799956616,0.455388504587,0.265912551398,135.000003628,134.999995988
0.413583763676,0.473251475104,0.282736928137,0.41148315877,0.455388504587,0.265912551398,135.000003628,134.999995988
0.413476008153,0.473933689254,0.282796669551,0.412166484437,0.455388504587,0.265912551398,135.000003628,134.999995988
0.413368210197,0.474615748121,0.282856547665,0.412849932513,0.455388504587,0.265912551398,135.000003628,134.999995988
0.413260370605,0.475297650701,0.282916562705,0.413533501727,0.455388504587,0.265912551398,135.000003628,134.999995988
0.413152490171,0.475979395999,0.282976714793,0.414217190878,0.455388504587,0.265912551398,135.000003628,134.999995988
0.413044569518,0.476660983162,0.283037003921,0.41490099885,0.455388504587,0.265912551398,135.000003628,134.999995988
0.412936609272,0.477342411338,0.283097430315,0.415584924366,0.455388504587,0.265912551398,135.000003628,134.999995988
0.412828610239,0.478023679516,0.283157994093,0.416268966216,0.455388504587,0.265912551398,135.000003628,134.999995988
0.412720573228,0.478704786686,0.283218695248,0.416953123275,0.455388504587,0.265912551398,135.000003628,134.999995988
0.412612498868,0.479385731995,0.283279534002,0.417637394257,0.455388504587,0.265912551398,135.000003628,134.999995988
0.412504387788,0.480066514584,0.283340510472,0.418321777946,0.455388504587,0.265912551398,135.000003628,134.999995988
0.412396240799,0.48074713344,0.283401624651,0.419006273204,0.455388504587,0.265912551398,135.000003628,134.999995988
0.412288058721,0.481427587545,0.283462876761,0.419690878738,0.455388504587,0.265912551398,135.000003628,134.999995988
0.41217984219,0.482107876038,0.283524266909,0.420375593326,0.455388504587,0.265912551398,135.000003628,134.999995988
0.412071591841,0.482787998057,0.283585795096,0.421060415819,0.455388504587,0.265912551398,135.000003628,134.999995988
0.411963308492,0.483467952584,0.28364746154,0.421745344915,0.455388504587,0.265912551398,135.000003628,134.999995988
0.411854992968,0.484147738596,0.283709266339,0.422430379388,0.455388504587,0.265912551398,135.000003628,134.999995988
0.411746645916,0.484827355223,0.283771209502,0.423115518076,0.455388504587,0.265912551398,135.000003628,134.999995988
0.411638267974,0.485506801599,0.283833291243,0.423800759667,0.455388504587,0.265912551398,135.000003628,134.999995988
0.411529859968,0.486186076703,0.283895511652,0.424486102936,0.455388504587,0.265912551398,135.000003628,134.999995988
0.411421422732,0.486865179504,0.283957870743,0.425171546702,0.455388504587,0.265912551398,135.000003628,134.999995988
0.411312956917,0.487544109126,0.284020368731,0.425857089649,0.455388504587,0.265912551398,135.000003628,134.999995988
0.411204463169,0.488222864701,0.284083005691,0.426542730548,0.455388504587,0.265912551398,135.000003628,134.999995988
0.411095942321,0.4889014452,0.284145781648,0.427228468203,0.455388504587,0.265912551398,135.000003628,134.999995988
0.410987395215,0.489579849585,0.284208696815,0.42791430129,0.455388504587,0.265912551398,135.000003628,134.999995988
0.410878822509,0.490258076979,0.284271751253,0.428600228581,0.455388504587,0.265912551398,135.000003628,134.999995988
0.41077022485,0.490936126507,0.284334944998,0.429286248862,0.455388504587,0.265912551398,135.000003628,134.999995988
0.410661603083,0.491613997133,0.284398278262,0.429972360801,0.455388504587,0.265912551398,135.000003628,134.999995988
0.41055295806,0.492291687814,0.284461751088,0.430658563173,0.455388504587,0.265912551398,135.000003628,134.999995988
0.410444290438,0.492969197669,0.284525363527,0.431344854744,0.455388504587,0.265912551398,135.000003628,134.999995988
0.410335600871,0.493646525822,0.284589115788,0.432031234175,0.455388504587,0.265912551398,135.000003628,134.999995988
0.410226890216,0.494323671224,0.284653007897,0.432717700243,0.455388504587,0.265912551398,135.000003628,134.999995988
0.410118159334,0.495000632828,0.28471703992,0.433404251695,0.455388504587,0.265912551398,135.000003628,134.999995988
0.410009408881,0.495677409753,0.284781212064,0.434090887186,0.455388504587,0.265912551398,135.000003628,134.999995988
0.409900639521,0.496354001113,0.284845524333,0.434777605495,0.455388504587,0.265912551398,135.000003628,134.999995988
0.409791852121,0.497030405854,0.284909976813,0.43546440535,0.455388504587,0.265912551398,135.000003628,134.999995988
0.409683047543,0.497706622927,0.284974569707,0.436151285397,0.455388504587,0.265912551398,135.000003628,134.999995988
0.409574226448,0.498382651448,0.285039302999,0.436838244422,0.455388504587,0.265912551398,135.000003628,134.999995988
0.409465389513,0.49905849052,0.285104176791,0.437525281131,0.455388504587,0.265912551398,135.000003628,134.999995988
0.409356537611,0.499734139085,0.285169191286,0.438212394161,0.455388504587,0.265912551398,135.000003628,134.999995988
0.409247671605,0.500409596094,0.285234346445,0.438899582306,0.455388504587,0.265912551398,135.000003628,134.999995988
0.40913879216,0.501084860659,0.285299642389,0.439586844249,0.455388504587,0.265912551398,135.000003628,134.999995988
0.409029899967,0.501759931872,0.28536507932,0.440274178621,0.455388504587,0.265912551398,135.000003628,134.999995988
0.408920995909,0.502434808667,0.285430657172,0.440961584221,0.455388504587,0.265912551398,135.000003628,134.999995988
0.408812080844,0.50310949,0.28549637609,0.44164905971,0.455388504587,0.265912551398,135.000003628,134.999995988
0.408703155442,0.50378397498,0.285562236272,0.442336603712,0.455388504587,0.265912551398,135.000003628,134.999995988
0.408594220412,0.504458262683,0.285628237627,0.443024215035,0.455388504587,0.265912551398,135.000003628,134.999995988
0.408485276643,0.50513235204,0.285694380322,0.443711892316,0.455388504587,0.265912551398,135.000003628,134.999995988
0.40837632499,0.50580624201,0.285760664555,0.44439963417,0.455388504587,0.265912551398,135.000003628,134.999995988
0.408267366125,0.506479931699,0.285827090205,0.445087439415,0.455388504587,0.265912551398,135.000003628,134.999995988
0.408158400776,0.507153420168,0.285893657465,0.445775306663,0.455388504587,0.265912551398,135.000003628,134.999995988
0.408049429841,0.507826706344,0.285960366528,0.446463234525,0.455388504587,0.265912551398,135.000003628,134.999995988
0.407940454164,0.508499789191,0.286027217275,0.447151221807,0.455388504587,0.265912551398,135.000003628,134.999995988
0.407831474423,0.509172667814,0.286094209896,0.447839267116,0.455388504587,0.265912551398,135.000003628,134.999995988
0.407722491363,0.50984534126,0.286161344552,0.448527369074,0.455388504587,0.265912551398,135.000003628,134.999995988
0.407613505878,0.510517808457,0.286228621152,0.44921552646,0.455388504587,0.265912551398,135.000003628,134.999995988
0.407504518795,0.511190068386,0.286296039885,0.449903737875,0.455388504587,0.265912551398,135.000003628,134.999995988
0.407395530795,0.511862120148,0.286363600877,0.450592001952,0.455388504587,0.265912551398,135.000003628,134.999995988
0.407286542645,0.512533962772,0.286431304067,0.451280317446,0.455388504587,0.265912551398,135.000003628,134.999995988
0.407177555242,0.513205595185,0.286499149639,0.451968682948,0.455388504587,0.265912551398,135.000003628,134.999995988
0.4070685694,0.51387701638,0.286567137684,0.452657097111,0.455388504587,0.265912551398,135.000003628,134.999995988
0.406959585803,0.514548225453,0.286635268167,0.453345558658,0.455388504587,0.265912551398,135.000003628,134.999995988
0.406850605242,0.515219221415,0.286703541264,0.454034066183,0.455388504587,0.265912551398,135.000003628,134.999995988
0.406741628622,0.515890003187,0.286771957027,0.45472261835,0.455388504587,0.265912551398,135.000003628,134.999995988
0.406632656743,0.516560569774,0.286840515451,0.455411213859,0.455388504587,0.265912551398,135.000003628,134.999995988
0.406523690293,0.517230920268,0.28690921671,0.456099851294,0.455388504587,0.265912551398,135.000003628,134.999995988
0.406414730088,0.51790105366,0.286978060819,0.456788529336,0.455388504587,0.265912551398,135.000003628,134.999995988
0.406305777042,0.518570968865,0.287047047807,0.457477246654,0.455388504587,0.265912551398,135.000003628,134.999995988
0.406196831939,0.5192406649,0.287116177844,0.458166001826,0.455388504587,0.265912551398,135.000003628,134.999995988
0.406087895468,0.519910140857,0.287185450907,0.458854793548,0.455388504587,0.265912551398,135.000003628,134.999995988
0.405978968476,0.520579395702,0.28725486706,0.45954362046,0.455388504587,0.265912551398,135.000003628,134.999995988
0.405870051884,0.521248428346,0.28732442647,0.460232481134,0.455388504587,0.265912551398,135.000003628,134.999995988
0.405761146455,0.521917237821,0.287394129076,0.460921374282,0.455388504587,0.265912551398,135.000003628,134.999995988
0.405652252884,0.522585823214,0.287463974976,0.461610298512,0.455388504587,0.265912551398,135.000003628,134.999995988
0.405543372049,0.52325418347,0.287533964337,0.462299252391,0.455388504587,0.265912551398,135.000003628,134.999995988
0.405434504876,0.523922317493,0.287604097054,0.462988234648,0.455388504587,0.265912551398,135.000003628,134.999995988
0.405325652109,0.524590224333,0.287674373264,0.46367724386,0.455388504587,0.265912551398,135.000003628,134.999995988
0.405216814443,0.525257903073,0.28774479313,0.464366278587,0.455388504587,0.265912551398,135.000003628,134.999995988
0.405107992792,0.525925352632,0.287815356519,0.465055337567,0.455388504587,0.265912551398,135.000003628,134.999995988
0.404999188088,0.526592571912,0.287886063594,0.465744419357,0.455388504587,0.265912551398,135.000003628,134.999995988
0.404890401051,0.527259559977,0.2879569145,0.466433522514,0.455388504587,0.265912551398,135.000003628,134.999995988
0.404781632388,0.527926315905,0.288027909119,0.467122645765,0.455388504587,0.265912551398,135.000003628,134.999995988
0.404672883039,0.528592838592,0.288099047607,0.467811787658,0.455388504587,0.265912551398,135.000003628,134.999995988
0.404564153936,0.529259126942,0.28817033007,0.468500946771,0.455388504587,0.265912551398,135.000003628,134.999995988
0.404455445781,0.529925180034,0.288241756425,0.469190121797,0.455388504587,0.265912551398,135.000003628,134.999995988
0.404346759313,0.530590996917,0.28831332683,0.469879311277,0.455388504587,0.265912551398,135.000003628,134.999995988
0.404238095481,0.531256576485,0.288385041342,0.470568513812,0.455388504587,0.265912551398,135.000003628,134.999995988
0.40412945519,0.531921917659,0.288456899921,0.471257728059,0.455388504587,0.265912551398,135.000003628,134.999995988
0.404020839145,0.532587019518,0.288528902722,0.471946952555,0.455388504587,0.265912551398,135.000003628,134.999995988
0.403912248123,0.533251881081,0.288601049755,0.472636185921,0.455388504587,0.265912551398,135.000003628,134.999995988
0.403803683078,0.533916501239,0.288673341024,0.473325426779,0.455388504587,0.265912551398,135.000003628,134.999995988
0.403695144888,0.534580878934,0.28874577668,0.474014673662,0.455388504587,0.265912551398,135.000003628,134.999995988
0.40358663426,0.535245013242,0.288818356686,0.474703925211,0.455388504587,0.265912551398,135.000003628,134.999995988
0.40347815201,0.535908903154,0.288891081089,0.475393180015,0.455388504587,0.265912551398,135.000003628,134.999995988
0.403369699097,0.536572547554,0.288963950036,0.476082436599,0.455388504587,0.265912551398,135.000003628,134.999995988
0.403261276371,0.53723594541,0.289036963444,0.476771693628,0.455388504587,0.265912551398,135.000003628,134.999995988
0.40315288454,0.537899095794,0.289110121401,0.477460949656,0.455388504587,0.265912551398,135.000003628,134.999995988
0.403044524462,0.538561997666,0.289183424055,0.478150203202,0.455388504587,0.265912551398,135.000003628,134.999995988
0.402936197101,0.539224649907,0.28925687127,0.478839452953,0.455388504587,0.265912551398,135.000003628,134.999995988
0.402827903275,0.539887051508,0.289330463183,0.479528697429,0.455388504587,0.265912551398,135.000003628,134.999995988
0.402719643693,0.54054920154,0.289404199936,0.480217935143,0.455388504587,0.265912551398,135.000003628,134.999995988
0.402611419256,0.541211098931,0.289478081383,0.48090716478,0.455388504587,0.265912551398,135.000003628,134.999995988
0.402503230937,0.541872742557,0.289552107668,0.48159638485,0.455388504587,0.265912551398,135.000003628,134.999995988
0.402395079516,0.542534131436,0.289626278889,0.482285593884,0.455388504587,0.265912551398,135.000003628,134.999995988
0.402286965703,0.543195264638,0.289700594941,0.482974790537,0.455388504587,0.265912551398,135.000003628,134.999995988
0.402178890447,0.543856141055,0.289775055961,0.483663973312,0.455388504587,0.265912551398,135.000003628,134.999995988
0.402070854726,0.544516759559,0.289849661998,0.484353140766,0.455388504587,0.265912551398,135.000003628,134.999995988
0.401962859281,0.545177119198,0.289924412992,0.485042291517,0.455388504587,0.265912551398,135.000003628,134.999995988
0.401854904839,0.545837219027,0.28999930908,0.485731424063,0.455388504587,0.265912551398,135.000003628,134.999995988
0.401746992384,0.546497057915,0.290074350255,0.486420536986,0.455388504587,0.265912551398,135.000003628,134.999995988
0.401639122882,0.547156634742,0.290149536507,0.487109628867,0.455388504587,0.265912551398,135.000003628,134.999995988
0.40153129705,0.547815948573,0.290224867972,0.487798698197,0.455388504587,0.265912551398,135.000003628,134.999995988
0.401423515661,0.548474998429,0.290300344585,0.488487743586,0.455388504587,0.265912551398,135.000003628,134.999995988
0.401315779704,0.549133783176,0.290375966388,0.489176763577,0.455388504587,0.265912551398,135.000003628,134.999995988
0.401208090106,0.549792301722,0.290451733512,0.489865756656,0.455388504587,0.265912551398,135.000003628,134.999995988
0.401100447583,0.550450553131,0.290527645839,0.490554721458,0.455388504587,0.265912551398,135.000003628,134.999995988
0.400992852961,0.551108536388,0.290603703461,0.491243656489,0.455388504587,0.265912551398,135.000003628,134.999995988
0.400885307232,0.551766250354,0.290679906505,0.491932560231,0.455388504587,0.265912551398,135.000003628,134.999995988
0.400777811281,0.55242369397,0.290756254816,0.492621431334,0.455388504587,0.265912551398,135.000003628,134.999995988
0.400670365824,0.553080866298,0.290832748518,0.493310268276,0.455388504587,0.265912551398,135.000003628,134.999995988
0.40056297174,0.553737766285,0.290909387718,0.493999069547,0.455388504587,0.265912551398,135.000003628,134.999995988
0.400455630026,0.554394392787,0.290986172277,0.494687833778,0.455388504587,0.265912551398,135.000003628,134.999995988
0.400348341521,0.55505074478,0.291063102316,0.495376559444,0.455388504587,0.265912551398,135.000003628,134.999995988
0.400241106943,0.555706821325,0.291140177883,0.49606524506,0.455388504587,0.265912551398,135.000003628,134.999995988
0.400133927223,0.556362621327,0.291217398892,0.496753889222,0.455388504587,0.265912551398,135.000003628,134.999995988
0.400026803365,0.557018143641,0.291294765463,0.497442490397,0.455388504587,0.265912551398,135.000003628,134.999995988
0.399919736159,0.557673387277,0.291372277583,0.49813104713,0.455388504587,0.265912551398,135.000003628,134.999995988
0.399812726323,0.558328351294,0.29144993522,0.498819557977,0.455388504587,0.265912551398,135.000003628,134.999995988
0.399705774846,0.558983034556,0.291527738492,0.499508021401,0.455388504587,0.265912551398,135.000003628,134.999995988
0.399598882736,0.559637435917,0.291605687326,0.500196435976,0.455388504587,0.265912551398,135.000003628,134.999995988
0.399492050732,0.560291554421,0.291683781743,0.500884800218,0.455388504587,0.265912551398,135.000003628,134.999995988
0.399385279589,0.560945389101,0.29176202186,0.501573112585,0.455388504587,0.265912551398,135.000003628,134.999995988
0.399278570317,0.561598938805,0.291840407541,0.502261371681,0.455388504587,0.265912551398,135.000003628,134.999995988
0.399171923896,0.562252202408,0.291918938865,0.502949575981,0.455388504587,0.265912551398,135.000003628,134.999995988
0.399065341045,0.562905178968,0.291997615944,0.503637723941,0.455388504587,0.265912551398,135.000003628,134.999995988
0.398958822575,0.563557867475,0.292076438606,0.504325814178,0.455388504587,0.265912551398,135.000003628,134.999995988
0.398852369504,0.564210266775,0.292155406961,0.505013845143,0.455388504587,0.265912551398,135.000003628,134.999995988
0.398745982757,0.56486237578,0.292234521094,0.505701815301,0.455388504587,0.265912551398,135.000003628,134.999995988
0.398639663052,0.565514193546,0.292313780855,0.506389723249,0.455388504587,0.265912551398,135.000003628,134.999995988
0.398533411262,0.566165719022,0.292393186351,0.507077567435,0.455388504587,0.265912551398,135.000003628,134.999995988
0.39842722841,0.56681695105,0.292472737602,0.507765346353,0.455388504587,0.265912551398,135.000003628,134.999995988
0.398321115362,0.567467888582,0.292552434518,0.508453058561,0.455388504587,0.265912551398,135.000003628,134.999995988
0.398215072839,0.568118530673,0.292632277202,0.509140702501,0.455388504587,0.265912551398,135.000003628,134.999995988
0.398109101776,0.568768876226,0.292712265609,0.509828276699,0.455388504587,0.265912551398,135.000003628,134.999995988
0.398003203199,0.569418924082,0.292792399709,0.510515779673,0.455388504587,0.265912551398,135.000003628,134.999995988
0.397897377916,0.570068673232,0.2928726796,0.51120320986,0.455388504587,0.265912551398,135.000003628,134.999995988
0.397791626647,0.570718122732,0.292953105175,0.511890565817,0.455388504587,0.265912551398,135.000003628,134.999995988
0.397685950393,0.571367271438,0.293033676459,0.512577846022,0.455388504587,0.265912551398,135.000003628,134.999995988
0.397580350184,0.572016118189,0.293114393551,0.513265048907,0.455388504587,0.265912551398,135.000003628,134.999995988
0.397474826766,0.57266466202,0.293195256275,0.513952173061,0.455388504587,0.265912551398,135.000003628,134.999995988
0.397369380894,0.573312901958,0.293276264718,0.51463921692,0.455388504587,0.265912551398,135.000003628,134.999995988
0.397264013599,0.57396083684,0.293357418975,0.515326178915,0.455388504587,0.265912551398,135.000003628,134.999995988
0.39715872588,0.574608465527,0.293438718859,0.516013057632,0.455388504587,0.265912551398,135.000003628,134.999995988
0.397053518453,0.575255787072,0.293520164462,0.516699851501,0.455388504587,0.265912551398,135.000003628,134.999995988
0.396948392136,0.57590280046,0.29360175582,0.517386558976,0.455388504587,0.265912551398,135.000003628,134.999995988
0.396843347952,0.576549504534,0.293683492799,0.518073178612,0.455388504587,0.265912551398,135.000003628,134.999995988
0.396738386826,0.577195898202,0.293765375488,0.51875970883,0.455388504587,0.265912551398,135.000003628,134.999995988
0.396633509476,0.577841980517,0.293847403855,0.519446148121,0.455388504587,0.265912551398,135.000003628,134.999995988
0.396528716782,0.578487750421,0.293929577827,0.520132494996,0.455388504587,0.265912551398,135.000003628,134.999995988
0.396424009765,0.579133206757,0.29401189749,0.520818747874,0.455388504587,0.265912551398,135.000003628,134.999995988
0.396319389285,0.579778348477,0.294094362741,0.521504905278,0.455388504587,0.265912551398,135.000003628,134.999995988
0.39621485606,0.580423174634,0.294176973565,0.522190965681,0.455388504587,0.265912551398,135.000003628,134.999995988
0.396110411035,0.581067684123,0.294259730035,0.522876927505,0.455388504587,0.265912551398,135.000003628,134.999995988
0.396006055236,0.581711875785,0.294342631978,0.523562789305,0.455388504587,0.265912551398,135.000003628,134.999995988
0.395901789458,0.582355748616,0.294425679438,0.524248549516,0.455388504587,0.265912551398,135.000003628,134.999995988
0.395797614416,0.582999301668,0.294508872482,0.524934206555,0.455388504587,0.265912551398,135.000003628,134.999995988
0.395693531126,0.583642533787,0.294592210909,0.525619758991,0.455388504587,0.265912551398,135.000003628,134.999995988
0.395589540615,0.584285443814,0.294675694784,0.526305205238,0.455388504587,0.265912551398,135.000003628,134.999995988
0.395485643613,0.584928030789,0.294759324136,0.526990543731,0.455388504587,0.265912551398,135.000003628,134.999995988
0.395381840887,0.585570293726,0.294843098796,0.527675773012,0.455388504587,0.265912551398,135.000003628,134.999995988
0.39527813347,0.586212231461,0.294927018829,0.528360891492,0.455388504587,0.265912551398,135.000003628,134.999995988
0.395174522337,0.586853842868,0.295011084193,0.529045897639,0.455388504587,0.265912551398,135.000003628,134.999995988
0.3950710082,0.587495126997,0.295095294782,0.529730789955,0.455388504587,0.265912551398,135.000003628,134.999995988
0.394967591899,0.588136082814,0.295179650656,0.530415566848,0.455388504587,0.265912551398,135.000003628,134.999995988
0.394864274467,0.588776709154,0.295264151707,0.531100226817,0.455388504587,0.265912551398,135.000003628,134.999995988
0.394761056812,0.589417004935,0.295348797889,0.531784768324,0.455388504587,0.265912551398,135.000003628,134.999995988
0.394657939643,0.590056969208,0.29543358926,0.532469189772,0.455388504587,0.265912551398,135.000003628,134.999995988
0.394554923873,0.590696600889,0.295518525642,0.533153489695,0.455388504587,0.265912551398,135.000003628,134.999995988
0.394452010537,0.59133589881,0.295603607052,0.533837666515,0.455388504587,0.265912551398,135.000003628,134.999995988
0.394349200469,0.591974861939,0.295688833545,0.534521718631,0.455388504587,0.265912551398,135.000003628,134.999995988
0.394246494381,0.592613489325,0.295774204902,0.535205644592,0.455388504587,0.265912551398,135.000003628,134.999995988
0.394143893256,0.593251779834,0.295859721174,0.535889442797,0.455388504587,0.265912551398,135.000003628,134.999995988
0.394041398131,0.593889732298,0.295945382383,0.536573111659,0.455388504587,0.265912551398,135.000003628,134.999995988
0.393939009768,0.59452734573,0.296031188336,0.537256649706,0.455388504587,0.265912551398,135.000003628,134.999995988
0.393836728896,0.595164619167,0.296117139082,0.537940055333,0.455388504587,0.265912551398,135.000003628,134.999995988
0.393734556553,0.595801551439,0.296203234571,0.538623326987,0.455388504587,0.265912551398,135.000003628,134.999995988
0.393632493759,0.596438141388,0.296289474675,0.539306463157,0.455388504587,0.265912551398,135.000003628,134.999995988
0.39353054122,0.597074388063,0.296375859438,0.539989462232,0.455388504587,0.265912551398,135.000003628,134.999995988
0.393428699737,0.597710290451,0.29646238874,0.540672322695,0.455388504587,0.265912551398,135.000003628,134.999995988
0.39332697035,0.598345847381,0.296549062516,0.541355042993,0.455388504587,0.265912551398,135.000003628,134.999995988
0.393225354006,0.598981057742,0.296635880808,0.542037621513,0.455388504587,0.265912551398,135.000003628,134.999995988
0.393123851407,0.599615920585,0.296722843423,0.542720056771,0.455388504587,0.265912551398,135.000003628,134.999995988
0.39302246343,0.600250434846,0.296809950363,0.543402347173,0.455388504587,0.265912551398,135.000003628,134.999995988
0.392921191116,0.600884599351,0.296897201664,0.544084491105,0.455388504587,0.265912551398,135.000003628,134.999995988
0.392820035336,0.60151841304,0.296984597092,0.544766487099,0.455388504587,0.265912551398,135.000003628,134.999995988
0.392718996787,0.602151874964,0.297072136683,0.545448333537,0.455388504587,0.265912551398,135.000003628,134.999995988
0.392618076426,0.602784984007,0.297159820442,0.546130028819,0.455388504587,0.265912551398,135.000003628,134.999995988
0.392517275294,0.603417738993,0.297247648159,0.546811571456,0.455388504587,0.265912551398,135.000003628,134.999995988
0.392416594182,0.604050138914,0.297335619868,0.54749295983,0.455388504587,0.265912551398,135.000003628,134.999995988
0.392316033786,0.604682182821,0.2974237355,0.548174192371,0.455388504587,0.265912551398,135.000003628,134.999995988
0.392215595139,0.605313869544,0.297511994912,0.548855267554,0.455388504587,0.265912551398,135.000003628,134.999995988
0.392115279286,0.605945197909,0.297600398133,0.549536183754,0.455388504587,0.265912551398,135.000003628,134.999995988
0.392015086935,0.606576166957,0.297688945022,0.55021693944,0.455388504587,0.265912551398,135.000003628,134.999995988
0.391915018847,0.607206775695,0.297777635502,0.550897533042,0.455388504587,0.265912551398,135.000003628,134.999995988
0.391815076068,0.607837022946,0.297866469596,0.551577962937,0.455388504587,0.265912551398,135.000003628,134.999995988
0.391715259576,0.608466907578,0.297955447093,0.552258227623,0.455388504587,0.265912551398,135.000003628,134.999995988
0.391615570061,0.60909642864,0.298044567978,0.552938325495,0.455388504587,0.265912551398,135.000003628,134.999995988
0.391516008365,0.609725585087,0.298133832274,0.553618254924,0.455388504587,0.265912551398,135.000003628,134.999995988
0.391416575534,0.610354375742,0.298223239727,0.554298014427,0.455388504587,0.265912551398,135.000003628,134.999995988
0.391317272463,0.610982799522,0.298312790357,0.554977602375,0.455388504587,0.265912551398,135.000003628,134.999995988
0.391218099839,0.611610855481,0.298402484149,0.555657017155,0.455388504587,0.265912551398,135.000003628,134.999995988
0.391119058585,0.612238542517,0.298492320879,0.556336257263,0.455388504587,0.265912551398,135.000003628,134.999995988
0.391020149747,0.612865859454,0.298582300562,0.557015321067,0.455388504587,0.265912551398,135.000003628,134.999995988
0.390921374134,0.613492805262,0.298672423111,0.55769420699,0.455388504587,0.265912551398,135.000003628,134.999995988
0.390822732432,0.614119378994,0.298762688367,0.558372913488,0.455388504587,0.265912551398,135.000003628,134.999995988
0.390724225644,0.614745579497,0.298853096341,0.559051438926,0.455388504587,0.265912551398,135.000003628,134.999995988
0.390625854815,0.615371405592,0.298943646872,0.559729781761,0.455388504587,0.265912551398,135.000003628,134.999995988
0.390527620671,0.615996856304,0.299034339868,0.560407940411,0.455388504587,0.265912551398,135.000003628,134.999995988
0.390429523932,0.61662193066,0.299125175337,0.561085913238,0.455388504587,0.265912551398,135.000003628,134.999995988
0.390331565644,0.617246627479,0.299216153042,0.561763698733,0.455388504587,0.265912551398,135.000003628,134.999995988
0.390233746812,0.617870945607,0.299307272958,0.562441295275,0.455388504587,0.265912551398,135.000003628,134.999995988
0.390136068113,0.618494884098,0.299398535089,0.563118701223,0.455388504587,0.265912551398,135.000003628,134.999995988
0.390038530348,0.619118441926,0.299489939162,0.563795915085,0.455388504587,0.265912551398,135.000003628,134.999995988
0.389941134564,0.619741617908,0.299581485179,0.564472935218,0.455388504587,0.265912551398,135.000003628,134.999995988
0.389843881679,0.620364410946,0.299673173104,0.565149760001,0.455388504587,0.265912551398,135.000003628,134.999995988
0.389746772365,0.620986820093,0.299765002699,0.565826387918,0.455388504587,0.265912551398,135.000003628,134.999995988
0.389649807507,0.621608844268,0.299856973959,0.566502817325,0.455388504587,0.265912551398,135.000003628,134.999995988
0.389552988148,0.622230482292,0.299949086776,0.567179046635,0.455388504587,0.265912551398,135.000003628,134.999995988
0.389456315121,0.622851733118,0.300041340976,0.567855074293,0.455388504587,0.265912551398,135.000003628,134.999995988
0.389359789092,0.6234725958,0.300133736553,0.568530898653,0.455388504587,0.265912551398,135.000003628,134.999995988
0.389263411029,0.624093069204,0.300226273323,0.569206518164,0.455388504587,0.265912551398,135.000003628,134.999995988
0.389167181975,0.624713152151,0.300318951178,0.569881931231,0.455388504587,0.265912551398,135.000003628,134.999995988
0.389071102672,0.625332843647,0.300411770108,0.570557136206,0.455388504587,0.265912551398,135.000003628,134.999995988
0.388975173791,0.625952142742,0.300504729855,0.571232131573,0.455388504587,0.265912551398,135.000003628,134.999995988
0.388879396375,0.626571048255,0.300597830377,0.571906915698,0.455388504587,0.265912551398,135.000003628,134.999995988
0.388783771456,0.627189559012,0.300691071659,0.572581486932,0.455388504587,0.265912551398,135.000003628,134.999995988
0.388688299695,0.627807674067,0.300784453411,0.573255843772,0.455388504587,0.265912551398,135.000003628,134.999995988
0.388592981843,0.628425392419,0.300877975615,0.573929984567,0.455388504587,0.265912551398,135.000003628,134.999995988
0.388497818939,0.629042712889,0.300971638213,0.574603907687,0.455388504587,0.265912551398,135.000003628,134.999995988
0.388402811923,0.629659634357,0.301065440949,0.575277611606,0.455388504587,0.265912551398,135.000003628,134.999995988
0.388307961448,0.630276155881,0.301159383802,0.575951094672,0.455388504587,0.265912551398,135.000003628,134.999995988
0.388213268345,0.63089227641,0.301253466641,0.576624355289,0.455388504587,0.265912551398,135.000003628,134.999995988
0.388118733634,0.631507994771,0.301347689275,0.577297391893,0.455388504587,0.265912551398,135.000003628,134.999995988
0.388024358161,0.632123309905,0.301442051676,0.577970202832,0.455388504587,0.265912551398,135.000003628,134.999995988
0.387930142573,0.63273822087,0.301536553642,0.578642786543,0.455388504587,0.265912551398,135.000003628,134.999995988
0.387836087779,0.633352726563,0.301631195038,0.579315141428,0.455388504587,0.265912551398,135.000003628,134.999995988
0.387742194799,0.633966825815,0.301725975828,0.579987265837,0.455388504587,0.265912551398,135.000003628,134.999995988
0.387648464386,0.634580517617,0.30182089573,0.580659158244,0.455388504587,0.265912551398,135.000003628,134.999995988
0.387554897185,0.635193801028,0.301915954673,0.581330817015,0.455388504587,0.265912551398,135.000003628,134.999995988
0.387461494184,0.635806674895,0.302011152613,0.582002240499,0.455388504587,0.265912551398,135.000003628,134.999995988
0.3873682564,0.636419138048,0.302106489233,0.582673427185,0.455388504587,0.265912551398,135.000003628,134.999995988
0.387275184499,0.637031189531,0.302201964488,0.583344375422,0.455388504587,0.265912551398,135.000003628,134.999995988
0.387182279174,0.637642828371,0.302297578293,0.584015083576,0.455388504587,0.265912551398,135.000003628,134.999995988
0.387089541439,0.638254053397,0.302393330365,0.584685550117,0.455388504587,0.265912551398,135.000003628,134.999995988
0.386996972253,0.638864863474,0.302489220652,0.58535577339,0.455388504587,0.265912551398,135.000003628,134.999995988
0.386904572248,0.639475257663,0.302585249,0.586025751797,0.455388504587,0.265912551398,135.000003628,134.999995988
0.386812342194,0.640085234942,0.302681415188,0.586695483769,0.455388504587,0.265912551398,135.000003628,134.999995988
0.386720283103,0.640694794141,0.30277771916,0.587364967653,0.455388504587,0.265912551398,135.000003628,134.999995988
0.386628395847,0.641303934176,0.302874160691,0.588034201881,0.455388504587,0.265912551398,135.000003628,134.999995988
0.386536681049,0.64191265411,0.302970739622,0.588703184851,0.455388504587,0.265912551398,135.000003628,134.999995988
0.38644513956,0.64252095287,0.303067455893,0.589371914907,0.455388504587,0.265912551398,135.000003628,134.999995988
0.38635377239,0.643128829286,0.303164309209,0.590040390515,0.455388504587,0.265912551398,135.000003628,134.999995988
0.386262580319,0.643736282328,0.303261299472,0.590708610036,0.455388504587,0.265912551398,135.000003628,134.999995988
0.386171563965,0.644343311058,0.303358426618,0.591376571815,0.455388504587,0.265912551398,135.000003628,134.999995988
0.386080724259,0.644949914355,0.30345569031,0.592044274335,0.455388504587,0.265912551398,135.000003628,134.999995988
0.385990062205,0.64555609105,0.303553090481,0.592711715938,0.455388504587,0.265912551398,135.000003628,134.999995988
0.385899578496,0.646161840163,0.303650627039,0.593378894981,0.455388504587,0.265912551398,135.000003628,134.999995988
0.385809273748,0.646767160755,0.303748299667,0.594045809931,0.455388504587,0.265912551398,135.000003628,134.999995988
0.385719148964,0.647372051659,0.303846108296,0.59471245913,0.455388504587,0.265912551398,135.000003628,134.999995988
0.385629205142,0.64797651171,0.303944052763,0.595378840967,0.455388504587,0.265912551398,135.000003628,134.999995988
0.385539442887,0.648580539976,0.304042132812,0.596044953876,0.455388504587,0.265912551398,135.000003628,134.999995988
0.385449862894,0.649184135471,0.30414034837,0.596710796197,0.455388504587,0.265912551398,135.000003628,134.999995988
0.385360466161,0.649787297027,0.304238699203,0.597376366351,0.455388504587,0.265912551398,135.000003628,134.999995988
0.385271253597,0.650390023531,0.304337185118,0.598041662737,0.455388504587,0.265912551398,135.000003628,134.999995988
0.385182225801,0.650992314051,0.304435806035,0.598706683698,0.455388504587,0.265912551398,135.000003628,134.999995988
0.385093383544,0.651594167555,0.304534561655,0.599371427683,0.455388504587,0.265912551398,135.000003628,134.999995988
0.38500472782,0.652195582876,0.30463345184,0.600035893061,0.455388504587,0.265912551398,135.000003628,134.999995988
0.38491625945,0.65279655895,0.304732476507,0.600700078171,0.455388504587,0.265912551398,135.000003628,134.999995988
0.384827979023,0.653397094848,0.304831635298,0.601363981491,0.455388504587,0.265912551398,135.000003628,134.999995988
0.384739887389,0.65399718949,0.304930928125,0.602027601361,0.455388504587,0.265912551398,135.000003628,134.999995988
0.384651985537,0.654596841709,0.305030354893,0.602690936124,0.455388504587,0.265912551398,135.000003628,134.999995988
0.384564274198,0.655196050494,0.305129915246,0.603353984254,0.455388504587,0.265912551398,135.000003628,134.999995988
0.384476753955,0.655794814915,0.305229609093,0.604016744089,0.455388504587,0.265912551398,135.000003628,134.999995988
0.384389425732,0.656393133846,0.305329436271,0.604679214003,0.455388504587,0.265912551398,135.000003628,134.999995988
0.384302290515,0.656991006123,0.305429396482,0.605341392439,0.455388504587,0.265912551398,135.000003628,134.999995988
0.384215348944,0.657588430781,0.30552948963,0.606003277735,0.455388504587,0.265912551398,135.000003628,134.999995988
0.384128601613,0.658185406885,0.305629715488,0.606664868294,0.455388504587,0.265912551398,135.000003628,134.999995988
0.384042049505,0.658781933272,0.305730073811,0.607326162528,0.455388504587,0.265912551398,135.000003628,134.999995988
0.38395569358,0.659378008788,0.305830564501,0.607987158775,0.455388504587,0.265912551398,135.000003628,134.999995988
0.383869534408,0.659973632511,0.305931187263,0.608647855468,0.455388504587,0.265912551398,135.000003628,134.999995988
0.383783572656,0.660568803458,0.306031941912,0.609308250989,0.455388504587,0.265912551398,135.000003628,134.999995988
0.3836978093,0.661163520467,0.306132828341,0.609968343675,0.455388504587,0.265912551398,135.000003628,134.999995988
0.383612245216,0.661757782434,0.306233846193,0.61062813199,0.455388504587,0.265912551398,135.000003628,134.999995988
0.383526880964,0.662351588438,0.306334995337,0.611287614283,0.455388504587,0.265912551398,135.000003628,134.999995988
0.383441717282,0.662944937453,0.306436275662,0.611946788893,0.455388504587,0.265912551398,135.000003628,134.999995988
0.383356755143,0.663537828317,0.30653768678,0.612605654296,0.455388504587,0.265912551398,135.000003628,134.999995988
0.383271995333,0.664130259975,0.30663922858,0.613264208829,0.455388504587,0.265912551398,135.000003628,134.999995988
0.383187438405,0.664722231507,0.306740900915,0.613922450847,0.455388504587,0.265912551398,135.000003628,134.999995988
0.383103085169,0.665313741844,0.306842703423,0.614580378808,0.455388504587,0.265912551398,135.000003628,134.999995988
0.383018936591,0.665904789826,0.30694463599,0.615237991051,0.455388504587,0.265912551398,135.000003628,134.999995988
0.382934993371,0.666495374445,0.307046698404,0.615895285959,0.455388504587,0.265912551398,135.000003628,134.999995988
0.382851256051,0.667085494783,0.307148890358,0.616552261962,0.455388504587,0.265912551398,135.000003628,134.999995988
0.382767725516,0.667675149728,0.307251211732,0.617208917398,0.455388504587,0.265912551398,135.000003628,134.999995988
0.38268440272,0.668264338121,0.307353662253,0.617865250678,0.455388504587,0.265912551398,135.000003628,134.999995988
0.382601288281,0.668853059004,0.307456241666,0.618521260205,0.455388504587,0.265912551398,135.000003628,134.999995988
0.382518382731,0.669441311458,0.307558949845,0.619176944317,0.455388504587,0.265912551398,135.000003628,134.999995988
0.382435687022,0.67002909433,0.307661786456,0.619832301453,0.455388504587,0.265912551398,135.000003628,134.999995988
0.382353202105,0.670616406464,0.307764751296,0.620487329988,0.455388504587,0.265912551398,135.000003628,134.999995988
0.382270928509,0.671203246946,0.307867844234,0.62114202826,0.455388504587,0.265912551398,135.000003628,134.999995988
0.382188866833,0.671789614819,0.307971064874,0.621796394737,0.455388504587,0.265912551398,135.000003628,134.999995988
0.382107018023,0.67237550893,0.308074413065,0.622450427765,0.455388504587,0.265912551398,135.000003628,134.999995988
0.382025382947,0.672960928167,0.308177888671,0.623104125684,0.455388504587,0.265912551398,135.000003628,134.999995988
0.381943962125,0.67354587162,0.308281491273,0.62375748697,0.455388504587,0.265912551398,135.000003628,134.999995988
0.381862756217,0.674130338294,0.308385220731,0.624410509963,0.455388504587,0.265912551398,135.000003628,134.999995988
0.381781766153,0.674714327041,0.30848907687,0.625063193018,0.455388504587,0.265912551398,135.000003628,134.999995988
0.381700992718,0.675297836798,0.3085930593,0.625715534596,0.455388504587,0.265912551398,135.000003628,134.999995988
0.381620436418,0.675880866655,0.308697167877,0.626367533036,0.455388504587,0.265912551398,135.000003628,134.999995988
0.381540097972,0.676463415583,0.308801402367,0.627019186721,0.455388504587,0.265912551398,135.000003628,134.999995988
0.381459978296,0.677045482441,0.308905762424,0.627670494088,0.455388504587,0.265912551398,135.000003628,134.999995988
0.381380078087,0.67762706621,0.309010247893,0.628321453479,0.455388504587,0.265912551398,135.000003628,134.999995988
0.381300397843,0.678208165984,0.309114858476,0.628972063308,0.455388504587,0.265912551398,135.000003628,134.999995988
0.381220938344,0.678788780696,0.309219593874,0.629622321986,0.455388504587,0.265912551398,135.000003628,134.999995988
0.381141700495,0.679368909209,0.309324453923,0.630272227858,0.455388504587,0.265912551398,135.000003628,134.999995988
0.381062684917,0.679948550543,0.309429438268,0.630921779362,0.455388504587,0.265912551398,135.000003628,134.999995988
0.3809838921,0.680527703795,0.309534546654,0.631570974888,0.455388504587,0.265912551398,135.000003628,134.999995988
0.380905322878,0.681106367863,0.309639778913,0.63221981278,0.455388504587,0.265912551398,135.000003628,134.999995988
0.38082697815,0.681684541611,0.309745134638,0.632868291501,0.455388504587,0.265912551398,135.000003628,134.999995988
0.380748858462,0.682262224102,0.309850613615,0.633516409417,0.455388504587,0.265912551398,135.000003628,134.999995988
0.380670964291,0.682839414432,0.309956215673,0.634164164874,0.455388504587,0.265912551398,135.000003628,134.999995988
0.380593296529,0.683416111466,0.310061940357,0.634811556354,0.455388504587,0.265912551398,135.000003628,134.999995988
0.380515856067,0.683992314072,0.310167787492,0.635458582205,0.455388504587,0.265912551398,135.000003628,134.999995988
0.380438643374,0.684568021349,0.310273756891,0.636105240777,0.455388504587,0.265912551398,135.000003628,134.999995988
0.380361658981,0.685143232363,0.310379848103,0.63675153055,0.455388504587,0.265912551398,135.000003628,134.999995988
0.380284903771,0.68571794598,0.310486060947,0.637397449873,0.455388504587,0.265912551398,135.000003628,134.999995988
0.380208378562,0.686292161106,0.310592395185,0.638042997119,0.455388504587,0.265912551398,135.000003628,134.999995988
0.380132083815,0.686865876842,0.310698850407,0.638688170746,0.455388504587,0.265912551398,135.000003628,134.999995988
0.380056020109,0.687439092222,0.310805426427,0.639332969103,0.455388504587,0.265912551398,135.000003628,134.999995988
0.379980188319,0.688011806118,0.310912122956,0.639977390588,0.455388504587,0.265912551398,135.000003628,134.999995988
0.379904589194,0.688584017468,0.311018939626,0.640621433638,0.455388504587,0.265912551398,135.000003628,134.999995988
0.379829223181,0.689155725379,0.311125876244,0.641265096602,0.455388504587,0.265912551398,135.000003628,134.999995988
0.37975409091,0.689726928853,0.311232932473,0.641908377901,0.455388504587,0.265912551398,135.000003628,134.999995988
0.379679193245,0.690297626765,0.311340107981,0.642551275951,0.455388504587,0.265912551398,135.000003628,134.999995988
0.379604530867,0.69086781809,0.311447402573,0.643193789103,0.455388504587,0.265912551398,135.000003628,134.999995988
0.379530104213,0.691437501934,0.311554815862,0.643835915799,0.455388504587,0.265912551398,135.000003628,134.999995988
0.379455913958,0.692006677275,0.311662347555,0.644477654437,0.455388504587,0.265912551398,135.000003628,134.999995988
0.379381960956,0.692575342988,0.311769997451,0.645119003367,0.455388504587,0.265912551398,135.000003628,134.999995988
0.379308245822,0.693143498082,0.311877765116,0.645759961055,0.455388504587,0.265912551398,135.000003628,134.999995988
0.379234768981,0.693711141668,0.311985650293,0.646400525878,0.455388504587,0.265912551398,135.000003628,134.999995988
0.37916153115,0.694278272694,0.312093652776,0.647040696189,0.455388504587,0.265912551398,135.000003628,134.999995988
0.379088533177,0.69484489004,0.312201772085,0.647680470473,0.455388504587,0.265912551398,135.000003628,134.999995988
0.379015775609,0.695410992747,0.312310007999,0.648319847091,0.455388504587,0.265912551398,135.000003628,134.999995988
0.378943258859,0.695976579928,0.312418360306,0.648958824395,0.455388504587,0.265912551398,135.000003628,134.999995988
0.378870983688,0.696541650507,0.312526828509,0.64959740088,0.455388504587,0.265912551398,135.000003628,134.999995988
0.378798950931,0.697106203366,0.312635412392,0.6502355749,0.455388504587,0.265912551398,135.000003628,134.999995988
0.378727161073,0.697670237577,0.312744111713,0.650873344824,0.455388504587,0.265912551398,135.000003628,134.999995988
0.378655614516,0.698233752258,0.312852925994,0.651510709134,0.455388504587,0.265912551398,135.000003628,134.999995988
0.378584312058,0.698796746307,0.312961855016,0.652147666185,0.455388504587,0.265912551398,135.000003628,134.999995988
0.378513254523,0.69935921861,0.313070898493,0.652784214368,0.455388504587,0.265912551398,135.000003628,134.999995988
0.378442442337,0.69992116827,0.31318005598,0.653420352145,0.455388504587,0.265912551398,135.000003628,134.999995988
0.378371875905,0.700482594396,0.313289327252,0.654056077877,0.455388504587,0.265912551398,135.000003628,134.999995988
0.378301556044,0.701043495876,0.31339871198,0.654691389969,0.455388504587,0.265912551398,135.000003628,134.999995988
0.378231483553,0.701603871606,0.31350820975,0.655326286873,0.455388504587,0.265912551398,135.000003628,134.999995988
0.378161658813,0.702163720709,0.313617820333,0.655960766947,0.455388504587,0.265912551398,135.000003628,134.999995988
0.378092082261,0.702723042274,0.313727543359,0.656594828618,0.455388504587,0.265912551398,135.000003628,134.999995988
0.378022754705,0.703281835192,0.313837378444,0.657228470319,0.455388504587,0.265912551398,135.000003628,134.999995988
0.377953676886,0.703840098387,0.313947325352,0.657861690414,0.455388504587,0.265912551398,135.000003628,134.999995988
0.377884849176,0.704397830983,0.314057383675,0.658494487346,0.455388504587,0.265912551398,135.000003628,134.999995988
0.377816272038,0.704955032051,0.314167553056,0.659126859534,0.455388504587,0.265912551398,135.000003628,134.999995988
0.377747946268,0.705511700486,0.314277833254,0.659758805344,0.455388504587,0.265912551398,135.000003628,134.999995988
0.377679872557,0.706067835236,0.314388223825,0.660390323235,0.455388504587,0.265912551398,135.000003628,134.999995988
0.377612051262,0.70662343543,0.314498724436,0.661021411616,0.455388504587,0.265912551398,135.000003628,134.999995988
0.377544482873,0.707178500121,0.314609334841,0.661652068851,0.455388504587,0.265912551398,135.000003628,134.999995988
0.377477168173,0.707733028208,0.31472005456,0.662282293418,0.455388504587,0.265912551398,135.000003628,134.999995988
0.377410107804,0.708287018663,0.314830883285,0.662912083713,0.455388504587,0.265912551398,135.000003628,134.999995988
0.377343302111,0.708840470617,0.314941820765,0.663541438102,0.455388504587,0.265912551398,135.000003628,134.999995988
0.377276751604,0.709393383109,0.315052866485,0.664170355079,0.455388504587,0.265912551398,135.000003628,134.999995988
0.377210457055,0.709945755042,0.315164020159,0.664798833028,0.455388504587,0.265912551398,135.000003628,134.999995988
0.37714441906,0.710497585408,0.315275281533,0.665426870317,0.455388504587,0.265912551398,135.000003628,134.999995988
0.377078637948,0.711048873343,0.315386650056,0.666054465457,0.455388504587,0.265912551398,135.000003628,134.999995988
0.377013114248,0.711599617874,0.315498125466,0.666681616819,0.455388504587,0.265912551398,135.000003628,134.999995988
0.376947848712,0.712149817911,0.315609707502,0.667308322775,0.455388504587,0.265912551398,135.000003628,134.999995988
0.37688284189,0.712699472468,0.315721395606,0.667934581838,0.455388504587,0.265912551398,135.000003628,134.999995988
0.376818094097,0.713248580683,0.31583318951,0.668560392381,0.455388504587,0.265912551398,135.000003628,134.999995988
0.376753605873,0.713797141575,0.315945088921,0.669185752792,0.455388504587,0.265912551398,135.000003628,134.999995988
0.376689377948,0.714345154063,0.316057093298,0.669810661575,0.455388504587,0.265912551398,135.000003628,134.999995988
0.376625410828,0.71489261718,0.31616920236,0.670435117109,0.455388504587,0.265912551398,135.000003628,134.999995988
0.376561704817,0.715439530068,0.316281415779,0.671059117799,0.455388504587,0.265912551398,135.000003628,134.999995988
0.376498260463,0.715985891737,0.31639373303,0.671682662139,0.455388504587,0.265912551398,135.000003628,134.999995988
0.376435078484,0.71653170111,0.316506153827,0.672305748513,0.455388504587,0.265912551398,135.000003628,134.999995988
0.376372159349,0.717076957236,0.316618677814,0.672928375336,0.455388504587,0.265912551398,135.000003628,134.999995988
0.376309503348,0.71762165926,0.316731304483,0.673550541095,0.455388504587,0.265912551398,135.000003628,134.999995988
0.376247111036,0.718165806186,0.316844033541,0.674172244177,0.455388504587,0.265912551398,135.000003628,134.999995988
0.376184983119,0.718709396939,0.316956864607,0.67479348301,0.455388504587,0.265912551398,135.000003628,134.999995988
0.376123120032,0.719252430585,0.317069797187,0.675414256073,0.455388504587,0.265912551398,135.000003628,134.999995988
0.376061522053,0.71979490627,0.317182830984,0.676034561755,0.455388504587,0.265912551398,135.000003628,134.999995988
0.376000189737,0.720336822994,0.317295965592,0.676654398495,0.455388504587,0.265912551398,135.000003628,134.999995988
0.375939123778,0.720878179687,0.317409200528,0.677273764767,0.455388504587,0.265912551398,135.000003628,134.999995988
0.375878324582,0.721418975425,0.317522535492,0.677892658962,0.455388504587,0.265912551398,135.000003628,134.999995988
0.375817792412,0.721959209359,0.317635970054,0.678511079531,0.455388504587,0.265912551398,135.000003628,134.999995988
0.375757527823,0.722498880487,0.317749503744,0.679129024941,0.455388504587,0.265912551398,135.000003628,134.999995988
0.375697531494,0.723037987742,0.317863136254,0.679746493586,0.455388504587,0.265912551398,135.000003628,134.999995988
0.375637803806,0.72357653021,0.317976867134,0.680363483926,0.455388504587,0.265912551398,135.000003628,134.999995988
0.375578345007,0.724114507047,0.318090695924,0.680979994425,0.455388504587,0.265912551398,135.000003628,134.999995988
0.375519155648,0.724651917249,0.31820462231,0.68159602348,0.455388504587,0.265912551398,135.000003628,134.999995988
0.375460236393,0.725188759753,0.318318645823,0.682211569559,0.455388504587,0.265912551398,135.000003628,134.999995988
0.3754015876,0.725725033656,0.31843276601,0.682826631124,0.455388504587,0.265912551398,135.000003628,134.999995988
0.375343209505,0.726260738114,0.318546982554,0.683441206573,0.455388504587,0.265912551398,135.000003628,134.999995988
0.375285102647,0.726795872127,0.318661294965,0.684055294384,0.455388504587,0.265912551398,135.000003628,134.999995988
0.375227267677,0.727330434636,0.318775702797,0.684668893016,0.455388504587,0.265912551398,135.000003628,134.999995988
0.375169704934,0.727864424744,0.318890205728,0.685282000869,0.455388504587,0.265912551398,135.000003628,134.999995988
0.375112414639,0.72839784161,0.319004803252,0.68589461643,0.455388504587,0.265912551398,135.000003628,134.999995988
0.375055397318,0.72893068424,0.319119494927,0.686506738154,0.455388504587,0.265912551398,135.000003628,134.999995988
0.374998653607,0.729462951578,0.319234280426,0.687118364448,0.455388504587,0.265912551398,135.000003628,134.999995988
0.374942183831,0.72999464273,0.319349159228,0.687729493802,0.455388504587,0.265912551398,135.000003628,134.999995988
0.374885988196,0.730525756862,0.319464130895,0.688340124673,0.455388504587,0.265912551398,135.000003628,134.999995988
0.374830067208,0.731056292983,0.319579195091,0.688950255468,0.455388504587,0.265912551398,135.000003628,134.999995988
0.37477442149,0.731586250043,0.319694351286,0.689559884687,0.455388504587,0.265912551398,135.000003628,134.999995988
0.374719051356,0.732115627151,0.319809599041,0.690169010785,0.455388504587,0.265912551398,135.000003628,134.999995988
0.374663956996,0.732644423475,0.319924938016,0.690777632172,0.455388504587,0.265912551398,135.000003628,134.999995988
0.374609138896,0.733172638034,0.320040367668,0.691385747354,0.455388504587,0.265912551398,135.000003628,134.999995988
0.37455459766,0.733700269783,0.320155887557,0.691993354787,0.455388504587,0.265912551398,135.000003628,134.999995988
0.374500333597,0.734227317829,0.32027149734,0.692600452885,0.455388504587,0.265912551398,135.000003628,134.999995988
0.374446346883,0.734753781345,0.320387196462,0.693207040157,0.455388504587,0.265912551398,135.000003628,134.999995988
0.374392637975,0.73527965936,0.320502984483,0.693813115061,0.455388504587,0.265912551398,135.000003628,134.999995988
0.374339207462,0.735804950836,0.320618861051,0.694418676016,0.455388504587,0.265912551398,135.000003628,134.999995988
0.374286055651,0.736329654876,0.320734825606,0.695023721534,0.455388504587,0.265912551398,135.000003628,134.999995988
0.374233182704,0.736853770658,0.320850877703,0.695628250078,0.455388504587,0.265912551398,135.000003628,134.999995988
0.374180589042,0.737377297224,0.320967016984,0.696232260066,0.455388504587,0.265912551398,135.000003628,134.999995988
0.374128275242,0.73790023354,0.321083242884,0.696835750016,0.455388504587,0.265912551398,135.000003628,134.999995988
0.37407624161,0.738422578706,0.32119955495,0.697438718394,0.455388504587,0.265912551398,135.000003628,134.999995988
0.374024488294,0.738944331902,0.321315952821,0.698041163623,0.455388504587,0.265912551398,135.000003628,134.999995988
0.373973015679,0.739465492188,0.321432435926,0.698643084223,0.455388504587,0.265912551398,135.000003628,134.999995988
0.373921824323,0.739986058534,0.321549003804,0.699244478662,0.455388504587,0.265912551398,135.000003628,134.999995988
0.373870914542,0.740506030033,0.321665656089,0.69984534537,0.455388504587,0.265912551398,135.000003628,134.999995988
0.373820286466,0.741025405869,0.321782392207,0.700445682866,0.455388504587,0.265912551398,135.000003628,134.999995988
0.373769940437,0.741544185121,0.321899211689,0.701045489627,0.455388504587,0.265912551398,135.000003628,134.999995988
0.373719876999,0.742062366765,0.32201611416,0.701644764082,0.455388504587,0.265912551398,135.000003628,134.999995988
0.373670096476,0.742579949883,0.322133099049,0.702243504756,0.455388504587,0.265912551398,135.000003628,134.999995988
0.373620598985,0.743096933666,0.322250165874,0.702841710128,0.455388504587,0.265912551398,135.000003628,134.999995988
0.373571384816,0.743613317212,0.322367314253,0.703439378634,0.455388504587,0.265912551398,135.000003628,134.999995988
0.373522454489,0.744129099507,0.322484543619,0.704036508797,0.455388504587,0.265912551398,135.000003628,134.999995988
0.373473808341,0.744644279625,0.32260185347,0.704633099107,0.455388504587,0.265912551398,135.000003628,134.999995988
0.373425446472,0.74515885676,0.322719243419,0.705229148003,0.455388504587,0.265912551398,135.000003628,134.999995988
0.373377369121,0.745672830034,0.322836712897,0.705824654009,0.455388504587,0.265912551398,135.000003628,134.999995988
0.373329576785,0.746186198439,0.322954261387,0.706419615624,0.455388504587,0.265912551398,135.000003628,134.999995988
0.37328206982,0.746698961038,0.32307188849,0.707014031295,0.455388504587,0.265912551398,135.000003628,134.999995988
0.373234848311,0.747211117027,0.323189593641,0.707607899543,0.455388504587,0.265912551398,135.000003628,134.999995988
0.373187912439,0.747722665556,0.323307376306,0.708201218878,0.455388504587,0.265912551398,135.000003628,134.999995988
0.373141262685,0.748233605621,0.323425236079,0.708793987749,0.455388504587,0.265912551398,135.000003628,134.999995988
0.373094899429,0.748743936269,0.323543172404,0.709386204677,0.455388504587,0.265912551398,135.000003628,134.999995988
0.373048822741,0.749253656701,0.323661184727,0.70997786818,0.455388504587,0.265912551398,135.000003628,134.999995988
0.373003032739,0.749762766094,0.323779272637,0.710568976711,0.455388504587,0.265912551398,135.000003628,134.999995988
0.372957529888,0.750271263449,0.323897435587,0.71115952879,0.455388504587,0.265912551398,135.000003628,134.999995988
0.372912314597,0.750779147796,0.324015673001,0.711749522944,0.455388504587,0.265912551398,135.000003628,134.999995988
0.372867386919,0.75128641834,0.324133984465,0.712338957632,0.455388504587,0.265912551398,135.000003628,134.999995988
0.372822746906,0.751793074288,0.324252369439,0.712927831367,0.455388504587,0.265912551398,135.000003628,134.999995988
0.372778395007,0.752299114645,0.324370827329,0.713516142691,0.455388504587,0.265912551398,135.000003628,134.999995988
0.372734331662,0.752804538424,0.324489357711,0.714103890065,0.455388504587,0.265912551398,135.000003628,134.999995988
0.372690556911,0.753309344832,0.324607960061,0.714691072,0.455388504587,0.265912551398,135.000003628,134.999995988
0.372647070786,0.753813533082,0.324726633758,0.715277687048,0.455388504587,0.265912551398,135.000003628,134.999995988
0.372603873665,0.754317102212,0.324845378375,0.715863733676,0.455388504587,0.265912551398,135.000003628,134.999995988
0.372560965973,0.754820051239,0.3249641934,0.716449210389,0.455388504587,0.265912551398,135.000003628,134.999995988
0.372518347787,0.755322379348,0.325083078187,0.717034115753,0.455388504587,0.265912551398,135.000003628,134.999995988
0.372476019123,0.755824085756,0.325202032302,0.717618448239,0.455388504587,0.265912551398,135.000003628,134.999995988
0.372433980281,0.756325169537,0.325321055252,0.718202206345,0.455388504587,0.265912551398,135.000003628,134.999995988
0.372392231668,0.756825629713,0.325440146361,0.718785388654,0.455388504587,0.265912551398,135.000003628,134.999995988
0.372350773405,0.757325465445,0.325559305189,0.719367993639,0.455388504587,0.265912551398,135.000003628,134.999995988
0.372309605493,0.757824675954,0.325678531262,0.719950019793,0.455388504587,0.265912551398,135.000003628,134.999995988
0.372268728147,0.758323260352,0.325797823873,0.720531465713,0.455388504587,0.265912551398,135.000003628,134.999995988
0.372228141756,0.758821217667,0.325917182578,0.721112329877,0.455388504587,0.265912551398,135.000003628,134.999995988
0.372187846491,0.759318547032,0.326036606921,0.721692610771,0.455388504587,0.265912551398,135.000003628,134.999995988
0.372147842337,0.759815247672,0.326156096183,0.722272306999,0.455388504587,0.265912551398,135.000003628,134.999995988
0.372108129419,0.760311318742,0.326275649895,0.722851417053,0.455388504587,0.265912551398,135.000003628,134.999995988
0.372068708108,0.760806759272,0.326395267606,0.723429939418,0.455388504587,0.265912551398,135.000003628,134.999995988
0.37202957863,0.761301568369,0.32651494861,0.724007872695,0.455388504587,0.265912551398,135.000003628,134.999995988
0.371990740952,0.761795745261,0.326634692402,0.724585215392,0.455388504587,0.265912551398,135.000003628,134.999995988
0.371952195106,0.762289289144,0.326754498527,0.725161966,0.455388504587,0.265912551398,135.000003628,134.999995988
0.371913941444,0.762782199058,0.326874366302,0.725738123108,0.455388504587,0.265912551398,135.000003628,134.999995988
0.371875980252,0.763274474075,0.326994295188,0.726313685247,0.455388504587,0.265912551398,135.000003628,134.999995988
0.37183831148,0.763766113429,0.327114284721,0.726888650909,0.455388504587,0.265912551398,135.000003628,134.999995988
0.371800935076,0.764257116352,0.327234334248,0.727463018675,0.455388504587,0.265912551398,135.000003628,134.999995988
0.37176385136,0.764747481899,0.327354443188,0.728036787094,0.455388504587,0.265912551398,135.000003628,134.999995988
0.37172706066,0.765237209117,0.327474611073,0.728609954664,0.455388504587,0.265912551398,135.000003628,134.999995988
0.37169056293,0.765726297234,0.32759483728,0.729182519954,0.455388504587,0.265912551398,135.000003628,134.999995988
0.371654358101,0.76621474549,0.327715121186,0.729754481533,0.455388504587,0.265912551398,135.000003628,134.999995988
0.371618446383,0.766702552987,0.327835462316,0.730325837905,0.455388504587,0.265912551398,135.000003628,134.999995988
0.371582828089,0.767189718778,0.32795586008,0.730896587627,0.455388504587,0.265912551398,135.000003628,134.999995988
0.371547503241,0.767676242055,0.32807631381,0.73146672929,0.455388504587,0.265912551398,135.000003628,134.999995988
0.371512471756,0.768162122062,0.328196823028,0.732036261402,0.455388504587,0.265912551398,135.000003628,134.999995988
0.37147773373,0.768647357952,0.328317387174,0.732605182508,0.455388504587,0.265912551398,135.000003628,134.999995988
0.371443289453,0.769131948786,0.328438005538,0.73317349122,0.455388504587,0.265912551398,135.000003628,134.999995988
0.371409139025,0.769615893717,0.328558677634,0.733741186052,0.455388504587,0.265912551398,135.000003628,134.999995988
0.371375282344,0.770099191992,0.328679402938,0.734308265536,0.455388504587,0.265912551398,135.000003628,134.999995988
0.371341719388,0.77058184282,0.328800180698,0.734874728305,0.455388504587,0.265912551398,135.000003628,134.999995988
0.371308450424,0.77106384527,0.328921010415,0.73544057288,0.455388504587,0.265912551398,135.000003628,134.999995988
0.371275475628,0.771545198455,0.329041891592,0.736005797784,0.455388504587,0.265912551398,135.000003628,134.999995988
0.37124279488,0.772025901628,0.32916282348,0.736570401651,0.455388504587,0.265912551398,135.000003628,134.999995988
0.371210408058,0.772505954043,0.329283805525,0.73713438303,0.455388504587,0.265912551398,135.000003628,134.999995988
0.371178315389,0.772985354786,0.329404837223,0.737697740448,0.455388504587,0.265912551398,135.000003628,134.999995988
0.371146517113,0.773464102934,0.329525917862,0.738260472526,0.455388504587,0.265912551398,135.000003628,134.999995988
0.371115013114,0.773942197736,0.329647046838,0.738822577838,0.455388504587,0.265912551398,135.000003628,134.999995988
0.371083803253,0.774419638452,0.329768223641,0.739384054915,0.455388504587,0.265912551398,135.000003628,134.999995988
0.371052887626,0.774896424227,0.329889447601,0.739944902364,0.455388504587,0.265912551398,135.000003628,134.999995988
0.371022266457,0.775372554144,0.330010718061,0.740505118782,0.455388504587,0.265912551398,135.000003628,134.999995988
0.370991939719,0.775848027405,0.330132034504,0.741064702709,0.455388504587,0.265912551398,135.000003628,134.999995988
0.370961907257,0.776322843276,0.330253396304,0.741623652732,0.455388504587,0.265912551398,135.000003628,134.999995988
0.370932169035,0.776797000961,0.330374802751,0.742181967477,0.455388504587,0.265912551398,135.000003628,134.999995988
0.370902725254,0.777270499551,0.330496253321,0.742739645488,0.455388504587,0.265912551398,135.000003628,134.999995988
0.370873575986,0.7777433382,0.330617747433,0.743296685336,0.455388504587,0.265912551398,135.000003628,134.999995988
0.370844721058,0.778215516177,0.33073928432,0.743853085674,0.455388504587,0.265912551398,135.000003628,134.999995988
0.370816160295,0.77868703275,0.330860863454,0.744408845051,0.455388504587,0.265912551398,135.000003628,134.999995988
0.37078789388,0.779157887017,0.3309824843,0.744963962019,0.455388504587,0.265912551398,135.000003628,134.999995988
0.370759921984,0.779628078081,0.331104146082,0.74551843524,0.455388504587,0.265912551398,135.000003628,134.999995988
0.370732244418,0.780097605216,0.331225848217,0.74607226329,0.455388504587,0.265912551398,135.000003628,134.999995988
0.370704860985,0.780566467698,0.331347590171,0.746625444722,0.455388504587,0.265912551398,135.000003628,134.999995988
0.370677771726,0.78103466469,0.331469371211,0.747177978183,0.455388504587,0.265912551398,135.000003628,134.999995988
0.370650976798,0.781502195299,0.331591190694,0.747729862277,0.455388504587,0.265912551398,135.000003628,134.999995988
0.370624476113,0.781969058746,0.33171304808,0.748281095565,0.455388504587,0.265912551398,135.000003628,134.999995988
0.370598269459,0.782435254314,0.331834942688,0.748831676671,0.455388504587,0.265912551398,135.000003628,134.999995988
0.370572356725,0.782900781233,0.331956873812,0.749381604232,0.455388504587,0.265912551398,135.000003628,134.999995988
0.370546738048,0.783365638618,0.332078840905,0.749930876814,0.455388504587,0.265912551398,135.000003628,134.999995988
0.370521413453,0.783829825634,0.332200843342,0.75047949302,0.455388504587,0.265912551398,135.000003628,134.999995988
0.370496382712,0.784293341569,0.33232288035,0.751027451519,0.455388504587,0.265912551398,135.000003628,134.999995988
0.37047164559,0.784756185708,0.332444951378,0.751574750883,0.455388504587,0.265912551398,135.000003628,134.999995988
0.37044720217,0.78521835719,0.332567055855,0.752121389693,0.455388504587,0.265912551398,135.000003628,134.999995988
0.370423052564,0.785679855136,0.332689192988,0.752667366631,0.455388504587,0.265912551398,135.000003628,134.999995988
0.370399196556,0.786140678824,0.332811362174,0.753212680293,0.455388504587,0.265912551398,135.000003628,134.999995988
0.370375633897,0.786600827546,0.332933562855,0.75375732926,0.455388504587,0.265912551398,135.000003628,134.999995988
0.370352364505,0.787060300514,0.333055794278,0.754301312198,0.455388504587,0.265912551398,135.000003628,134.999995988
0.37032938847,0.787519096857,0.333178055772,0.754844627738,0.455388504587,0.265912551398,135.000003628,134.999995988
0.370306705704,0.787977215791,0.333300346772,0.755387274465,0.455388504587,0.265912551398,135.000003628,134.999995988
0.370284315938,0.788434656613,0.333422666587,0.755929251022,0.455388504587,0.265912551398,135.000003628,134.999995988
0.370262218924,0.788891418612,0.333545014471,0.756470556075,0.455388504587,0.265912551398,135.000003628,134.999995988
0.37024041473,0.789347500925,0.333667389857,0.757011188217,0.455388504587,0.265912551398,135.000003628,134.999995988
0.370218903398,0.789802902704,0.333789792114,0.757551146063,0.455388504587,0.265912551398,135.000003628,134.999995988
0.37019768464,0.790257623253,0.333912220437,0.758090428313,0.455388504587,0.265912551398,135.000003628,134.999995988
0.370176758167,0.790711661876,0.334034674238,0.758629033568,0.455388504587,0.265912551398,135.000003628,134.999995988
0.370156123897,0.79116501778,0.334157152941,0.759166960426,0.455388504587,0.265912551398,135.000003628,134.999995988
0.370135781868,0.791617690115,0.334279655749,0.759704207585,0.455388504587,0.265912551398,135.000003628,134.999995988
0.370115731907,0.792069678128,0.334402181996,0.760240773684,0.455388504587,0.265912551398,135.000003628,134.999995988
0.370095973707,0.792520981132,0.3345247311,0.760776657328,0.455388504587,0.265912551398,135.000003628,134.999995988
0.370076507006,0.792971598413,0.334647302331,0.761311857188,0.455388504587,0.265912551398,135.000003628,134.999995988
0.370057331822,0.793421529129,0.334769894946,0.76184637194,0.455388504587,0.265912551398,135.000003628,134.999995988
0.370038448118,0.793870772462,0.334892508353,0.762380200199,0.455388504587,0.265912551398,135.000003628,134.999995988
0.37001985557,0.794319327727,0.335015141889,0.762913340608,0.455388504587,0.265912551398,135.000003628,134.999995988
0.37000155385,0.794767194243,0.335137794736,0.763445791881,0.455388504587,0.265912551398,135.000003628,134.999995988
0.36998354284,0.795214371227,0.335260466291,0.763977552639,0.455388504587,0.265912551398,135.000003628,134.999995988
0.36996582253,0.795660857845,0.335383155954,0.764508621505,0.455388504587,0.265912551398,135.000003628,134.999995988
0.369948392695,0.796106653367,0.335505862908,0.765038997193,0.455388504587,0.265912551398,135.000003628,134.999995988
0.369931252987,0.796551757115,0.335628586469,0.765568678365,0.455388504587,0.265912551398,135.000003628,134.999995988
0.3699144031,0.796996168392,0.335751326031,0.766097663647,0.455388504587,0.265912551398,135.000003628,134.999995988
0.369897843004,0.797439886374,0.335874080851,0.76662595173,0.455388504587,0.265912551398,135.000003628,134.999995988
0.369881572623,0.797882910257,0.33599685016,0.767153541312,0.455388504587,0.265912551398,135.000003628,134.999995988
0.36986559159,0.79832523937,0.336119633349,0.767680431027,0.455388504587,0.265912551398,135.000003628,134.999995988
0.369849899541,0.798766873042,0.336242429746,0.768206619536,0.455388504587,0.265912551398,135.000003628,134.999995988
0.369834496292,0.799207810517,0.336365238524,0.768732105569,0.455388504587,0.265912551398,135.000003628,134.999995988
0.369819381787,0.79964805098,0.336488059044,0.769256887777,0.455388504587,0.265912551398,135.000003628,134.999995988
0.369804555775,0.800087593704,0.336610890687,0.769780964799,0.455388504587,0.265912551398,135.000003628,134.999995988
0.369790017873,0.800526438025,0.336733732645,0.770304335363,0.455388504587,0.265912551398,135.000003628,134.999995988
0.369775767699,0.800964583276,0.336856584191,0.77082699816,0.455388504587,0.265912551398,135.000003628,134.999995988
0.369761805175,0.801402028649,0.336979444702,0.771348951838,0.455388504587,0.265912551398,135.000003628,134.999995988
0.36974813021,0.801838773344,0.337102313447,0.771870195093,0.455388504587,0.265912551398,135.000003628,134.999995988
0.369734742401,0.802274816702,0.337225189613,0.772390726658,0.455388504587,0.265912551398,135.000003628,134.999995988
0.369721641343,0.802710158066,0.337348072569,0.772910545188,0.455388504587,0.265912551398,135.000003628,134.999995988
0.36970882676,0.803144796717,0.337470961666,0.773429649348,0.455388504587,0.265912551398,135.000003628,134.999995988
0.369696298547,0.803578731858,0.337593856064,0.773948037887,0.455388504587,0.265912551398,135.000003628,134.999995988
0.36968405646,0.804011962757,0.337716755064,0.774465709494,0.455388504587,0.265912551398,135.000003628,134.999995988
0.369672100075,0.804444488762,0.337839658031,0.774982662831,0.455388504587,0.265912551398,135.000003628,134.999995988
0.369660428964,0.804876309224,0.337962564188,0.775498896624,0.455388504587,0.265912551398,135.000003628,134.999995988
0.369649042944,0.805307423378,0.338085472743,0.776014409607,0.455388504587,0.265912551398,135.000003628,134.999995988
0.369637941885,0.805737830439,0.338208383055,0.776529200449,0.455388504587,0.265912551398,135.000003628,134.999995988
0.369627125399,0.806167529736,0.338331294432,0.777043267843,0.455388504587,0.265912551398,135.000003628,134.999995988
0.369616593043,0.806596520625,0.338454206025,0.777556610551,0.455388504587,0.265912551398,135.000003628,134.999995988
0.369606344419,0.80702480244,0.338577117152,0.778069227265,0.455388504587,0.265912551398,135.000003628,134.999995988
0.369596379373,0.807452374402,0.338700027165,0.778581116663,0.455388504587,0.265912551398,135.000003628,134.999995988
0.369586697695,0.807879235759,0.338822935253,0.779092277495,0.455388504587,0.265912551398,135.000003628,134.999995988
0.369577298922,0.808305385874,0.338945840635,0.779602708501,0.455388504587,0.265912551398,135.000003628,134.999995988
0.369568182588,0.808730824109,0.339068742658,0.780112408364,0.455388504587,0.265912551398,135.000003628,134.999995988
0.369559348369,0.809155549763,0.3391916406,0.780621375801,0.455388504587,0.265912551398,135.000003628,134.999995988
0.369550796085,0.809579562068,0.339314533606,0.781129609586,0.455388504587,0.265912551398,135.000003628,134.999995988
0.369542525403,0.810002860325,0.339437420994,0.781637108423,0.455388504587,0.265912551398,135.000003628,134.999995988
0.369534535838,0.810425443905,0.339560302106,0.782143871003,0.455388504587,0.265912551398,135.000003628,134.999995988
0.369526826903,0.810847312178,0.339683176108,0.782649896097,0.455388504587,0.265912551398,135.000003628,134.999995988
0.369519398337,0.811268464413,0.339806042219,0.783155182454,0.455388504587,0.265912551398,135.000003628,134.999995988
0.369512249931,0.811688899851,0.339928899773,0.783659728774,0.455388504587,0.265912551398,135.000003628,134.999995988
0.369505381243,0.812108617843,0.34005174803,0.784163533794,0.455388504587,0.265912551398,135.000003628,134.999995988
0.369498791767,0.812527617768,0.340174586129,0.784666596299,0.455388504587,0.265912551398,135.000003628,134.999995988
0.369492481014,0.812945898994,0.340297413374,0.785168915009,0.455388504587,0.265912551398,135.000003628,134.999995988
0.369486448753,0.813363460773,0.340420229091,0.785670488634,0.455388504587,0.265912551398,135.000003628,134.999995988
0.369480694729,0.813780302368,0.340543032441,0.786171315958,0.455388504587,0.265912551398,135.000003628,134.999995988
0.36947521842,0.814196423164,0.340665822626,0.786671395748,0.455388504587,0.265912551398,135.000003628,134.999995988
0.369470019299,0.814611822547,0.340788598964,0.787170726722,0.455388504587,0.265912551398,135.000003628,134.999995988
0.369465096922,0.815026499862,0.340911360712,0.787669307626,0.455388504587,0.265912551398,135.000003628,134.999995988
0.369460451031,0.815440454374,0.341034107003,0.788167137263,0.455388504587,0.265912551398,135.000003628,134.999995988
0.369456081278,0.815853685386,0.341156837117,0.788664214371,0.455388504587,0.265912551398,135.000003628,134.999995988
0.369451987118,0.816266192291,0.341279550369,0.789160537678,0.455388504587,0.265912551398,135.000003628,134.999995988
0.369448168005,0.816677974481,0.341402245925,0.789656105976,0.455388504587,0.265912551398,135.000003628,134.999995988
0.369444623527,0.817089031287,0.341524922959,0.790150918054,0.455388504587,0.265912551398,135.000003628,134.999995988
0.3694413534,0.817499361984,0.341647580782,0.790644972645,0.455388504587,0.265912551398,135.000003628,134.999995988
0.369438357193,0.817908965911,0.341770218656,0.791138268506,0.455388504587,0.265912551398,135.000003628,134.999995988
0.36943563434,0.818317842468,0.341892835708,0.791630804451,0.455388504587,0.265912551398,135.000003628,134.999995988
0.369433184273,0.818725991055,0.342015431185,0.792122579246,0.455388504587,0.265912551398,135.000003628,134.999995988
0.369431006606,0.819133410994,0.342138004391,0.792613591633,0.455388504587,0.265912551398,135.000003628,134.999995988
0.369429101024,0.819540101568,0.342260554507,0.793103840409,0.455388504587,0.265912551398,135.000003628,134.999995988
0.369427467026,0.819946062148,0.342383080672,0.793593324391,0.455388504587,0.265912551398,135.000003628,134.999995988
0.369426104025,0.820351292143,0.342505582185,0.79408204233,0.455388504587,0.265912551398,135.000003628,134.999995988
0.369425011433,0.82075579096,0.342628058327,0.794569992982,0.455388504587,0.265912551398,135.000003628,134.999995988
0.369424188875,0.821159557914,0.34275050822,0.795057175178,0.455388504587,0.265912551398,135.000003628,134.999995988
0.369423636009,0.821562592301,0.342872931067,0.795543587714,0.455388504587,0.265912551398,135.000003628,134.999995988
0.369423352273,0.821964893518,0.342995326158,0.79602922935,0.455388504587,0.265912551398,135.000003628,134.999995988
0.369423337061,0.82236646098,0.343117692705,0.796514098882,0.455388504587,0.265912551398,135.000003628,134.999995988
0.369423589763,0.822767294104,0.343240029825,0.796998195146,0.455388504587,0.265912551398,135.000003628,134.999995988
0.369424110006,0.823167392202,0.343362336778,0.797481516922,0.455388504587,0.265912551398,135.000003628,134.999995988
0.369424897424,0.82356675458,0.343484612851,0.797964062979,0.455388504587,0.265912551398,135.000003628,134.999995988
0.369425951406,0.823965380657,0.343606857186,0.798445832149,0.455388504587,0.265912551398,135.000003628,134.999995988
0.369427271324,0.824363269856,0.34372906893,0.798926823263,0.455388504587,0.265912551398,135.000003628,134.999995988
0.369428856555,0.824760421601,0.343851247364,0.799407035097,0.455388504587,0.265912551398,135.000003628,134.999995988
0.369430706711,0.825156835206,0.343973391736,0.799886466445,0.455388504587,0.265912551398,135.000003628,134.999995988
0.369432821393,0.825552509995,0.344095501159,0.800365116158,0.455388504587,0.265912551398,135.000003628,134.999995988
0.369435199957,0.825947445398,0.344217574832,0.800842983053,0.455388504587,0.265912551398,135.000003628,134.999995988
0.369437841753,0.826341640849,0.344339612028,0.801320065917,0.455388504587,0.265912551398,135.000003628,134.999995988
0.369440746149,0.826735095773,0.344461611936,0.801796363573,0.455388504587,0.265912551398,135.000003628,134.999995988
0.369443912729,0.8271278095,0.344583573667,0.802271874883,0.455388504587,0.265912551398,135.000003628,134.999995988
0.369447341055,0.827519781367,0.344705496463,0.802746598651,0.455388504587,0.265912551398,135.000003628,134.999995988
0.369451030463,0.827911010813,0.344827379591,0.803220533675,0.455388504587,0.265912551398,135.000003628,134.999995988
0.369454980285,0.828301497281,0.344949222186,0.803693678809,0.455388504587,0.265912551398,135.000003628,134.999995988
0.369459189865,0.828691240205,0.345071023374,0.804166032914,0.455388504587,0.265912551398,135.000003628,134.999995988
0.369463658761,0.829080238926,0.345192782418,0.804637594793,0.455388504587,0.265912551398,135.000003628,134.999995988
0.369468386508,0.829468492792,0.34531449856,0.805108363262,0.455388504587,0.265912551398,135.000003628,134.999995988
0.36947337242,0.829856001254,0.345436170906,0.805578337195,0.455388504587,0.265912551398,135.000003628,134.999995988
0.369478615808,0.830242763761,0.34555779862,0.806047515444,0.455388504587,0.265912551398,135.000003628,134.999995988
0.369484115989,0.83062877976,0.345679380958,0.806515896823,0.455388504587,0.265912551398,135.000003628,134.999995988
0.369489872493,0.831014048604,0.345800917116,0.806983480174,0.455388504587,0.265912551398,135.000003628,134.999995988
0.369495884834,0.831398569651,0.345922406198,0.80745026438,0.455388504587,0.265912551398,135.000003628,134.999995988
0.369502152308,0.831782342358,0.346043847401,0.807916248286,0.455388504587,0.265912551398,135.000003628,134.999995988
0.369508674206,0.832165366184,0.346165239975,0.808381430716,0.455388504587,0.265912551398,135.000003628,134.999995988
0.369515449814,0.832547640588,0.346286583075,0.808845810538,0.455388504587,0.265912551398,135.000003628,134.999995988
0.369522478627,0.832929164939,0.346407875803,0.809309386642,0.455388504587,0.265912551398,135.000003628,134.999995988
0.369529760141,0.833309938605,0.346529117383,0.809772157871,0.455388504587,0.265912551398,135.000003628,134.999995988
0.36953729364,0.833689961046,0.34665030706,0.810234123057,0.455388504587,0.265912551398,135.000003628,134.999995988
0.369545078393,0.83406923173,0.346771443954,0.810695281091,0.455388504587,0.265912551398,135.000003628,134.999995988
0.36955311367,0.834447750127,0.34689252717,0.81115563087,0.455388504587,0.265912551398,135.000003628,134.999995988
0.369561398914,0.834825515625,0.34701355595,0.811615171236,0.455388504587,0.265912551398,135.000003628,134.999995988
0.3695699336,0.835202527603,0.347134529525,0.812073901037,0.455388504587,0.265912551398,135.000003628,134.999995988
0.369578717015,0.83557878552,0.34725544699,0.81253181918,0.455388504587,0.265912551398,135.000003628,134.999995988
0.36958774841,0.835954288852,0.347376307474,0.812988924561,0.455388504587,0.265912551398,135.000003628,134.999995988
0.369597027033,0.836329037078,0.347497110212,0.813445216031,0.455388504587,0.265912551398,135.000003628,134.999995988
0.36960655227,0.836703029613,0.347617854406,0.81390069246,0.455388504587,0.265912551398,135.000003628,134.999995988
0.369616323569,0.837076265846,0.347738539148,0.814355352764,0.455388504587,0.265912551398,135.000003628,134.999995988
0.369626340229,0.837448745234,0.347859163586,0.814809195838,0.455388504587,0.265912551398,135.000003628,134.999995988
0.369636601483,0.83782046726,0.34797972695,0.815262220546,0.455388504587,0.265912551398,135.000003628,134.999995988
0.369647106556,0.838191431412,0.348100228414,0.815714425773,0.455388504587,0.265912551398,135.000003628,134.999995988
0.369657854771,0.838561637135,0.34822066707,0.816165810446,0.455388504587,0.265912551398,135.000003628,134.999995988
0.369668845546,0.838931083832,0.348341042079,0.816616373462,0.455388504587,0.265912551398,135.000003628,134.999995988
0.369680078201,0.839299770949,0.348461352665,0.817066113695,0.455388504587,0.265912551398,135.000003628,134.999995988
0.369691551945,0.839667697982,0.348581597982,0.817515030049,0.455388504587,0.265912551398,135.000003628,134.999995988
0.369703265988,0.840034864426,0.34870177712,0.817963121457,0.455388504587,0.265912551398,135.000003628,134.999995988
0.369715219578,0.84040126976,0.348821889248,0.818410386823,0.455388504587,0.265912551398,135.000003628,134.999995988
0.369727412108,0.840766913398,0.348941933586,0.818856825028,0.455388504587,0.265912551398,135.000003628,134.999995988
0.36973984292,0.841131794777,0.349061909271,0.819302434994,0.455388504587,0.265912551398,135.000003628,134.999995988
0.369752511205,0.841495913402,0.34918181539,0.819747215664,0.455388504587,0.265912551398,135.000003628,134.999995988
0.369765416152,0.841859268777,0.34930165112,0.820191165944,0.455388504587,0.265912551398,135.000003628,134.999995988
0.369778556947,0.84222186041,0.349421415674,0.82063428473,0.455388504587,0.265912551398,135.000003628,134.999995988
0.369791932944,0.842583687732,0.349541108176,0.821076570954,0.455388504587,0.265912551398,135.000003628,134.999995988
0.369805543507,0.842944750173,0.349660727712,0.82151802357,0.455388504587,0.265912551398,135.000003628,134.999995988
0.369819387819,0.843305047242,0.34978027346,0.821958641492,0.455388504587,0.265912551398,135.000003628,134.999995988
0.369833465049,0.843664578452,0.349899744628,0.822398423624,0.455388504587,0.265912551398,135.000003628,134.999995988
0.369847774364,0.84402334332,0.350019140332,0.822837368914,0.455388504587,0.265912551398,135.000003628,134.999995988
0.369862315044,0.844381341313,0.350138459656,0.823275476322,0.455388504587,0.265912551398,135.000003628,134.999995988
0.369877086445,0.844738571862,0.350257701776,0.823712744773,0.455388504587,0.265912551398,135.000003628,134.999995988
0.369892087802,0.845095034456,0.350376865896,0.824149173182,0.455388504587,0.265912551398,135.000003628,134.999995988
0.369907318266,0.845450728618,0.350495951125,0.824584760505,0.455388504587,0.265912551398,135.000003628,134.999995988
0.369922776982,0.845805653875,0.350614956546,0.825019505714,0.455388504587,0.265912551398,135.000003628,134.999995988
0.369938463131,0.846159809738,0.35073388133,0.825453407744,0.455388504587,0.265912551398,135.000003628,134.999995988
0.369954376041,0.846513195654,0.350852724677,0.82588646552,0.455388504587,0.265912551398,135.000003628,134.999995988
0.369970515,0.846865811088,0.350971485693,0.826318678009,0.455388504587,0.265912551398,135.000003628,134.999995988
0.369986879139,0.847217655573,0.35109016346,0.82675004419,0.455388504587,0.265912551398,135.000003628,134.999995988
0.370003467584,0.847568728647,0.351208757141,0.827180563012,0.455388504587,0.265912551398,135.000003628,134.999995988
0.37002027946,0.847919029845,0.35132726593,0.82761023341,0.455388504587,0.265912551398,135.000003628,134.999995988
0.370037314019,0.848268558651,0.351445688937,0.828039054359,0.455388504587,0.265912551398,135.000003628,134.999995988
0.370054570556,0.848617314527,0.351564025241,0.828467024848,0.455388504587,0.265912551398,135.000003628,134.999995988
0.370072048229,0.848965296997,0.351682273994,0.828894143839,0.455388504587,0.265912551398,135.000003628,134.999995988
0.370089746145,0.849312505607,0.351800434385,0.829320410278,0.455388504587,0.265912551398,135.000003628,134.999995988
0.37010766341,0.849658939905,0.351918505529,0.829745823147,0.455388504587,0.265912551398,135.000003628,134.999995988
0.370125799164,0.850004599423,0.352036486504,0.830170381444,0.455388504587,0.265912551398,135.000003628,134.999995988
0.370144152671,0.850349483639,0.352154376448,0.830594084146,0.455388504587,0.265912551398,135.000003628,134.999995988
0.370162723153,0.850693592051,0.352272174548,0.83101693021,0.455388504587,0.265912551398,135.000003628,134.999995988
0.370181509698,0.851036924216,0.352389879924,0.831438918622,0.455388504587,0.265912551398,135.000003628,134.999995988
0.370200511393,0.851379479691,0.352507491654,0.831860048392,0.455388504587,0.265912551398,135.000003628,134.999995988
0.37021972732,0.851721258034,0.352625008862,0.83228031851,0.455388504587,0.265912551398,135.000003628,134.999995988
0.370239156663,0.852062258762,0.352742430727,0.832699727946,0.455388504587,0.265912551398,135.000003628,134.999995988
0.370258798653,0.852402481372,0.352859756382,0.83311827569,0.455388504587,0.265912551398,135.000003628,134.999995988
0.370278652409,0.852741925406,0.352976984904,0.833535960761,0.455388504587,0.265912551398,135.000003628,134.999995988
0.370298717001,0.853080590432,0.353094115397,0.833952782167,0.455388504587,0.265912551398,135.000003628,134.999995988
0.370318991492,0.85341847602,0.353211147035,0.834368738889,0.455388504587,0.265912551398,135.000003628,134.999995988
0.370339474952,0.853755581737,0.353328078967,0.83478382992,0.455388504587,0.265912551398,135.000003628,134.999995988
0.370360166582,0.854091907094,0.353444910265,0.835198054289,0.455388504587,0.265912551398,135.000003628,134.999995988
0.37038106557,0.854427451608,0.353561640014,0.835611411022,0.455388504587,0.265912551398,135.000003628,134.999995988
0.370402170967,0.854762214857,0.353678267385,0.836023899111,0.455388504587,0.265912551398,135.000003628,134.999995988
0.370423481819,0.85509619642,0.353794791538,0.836435517553,0.455388504587,0.265912551398,135.000003628,134.999995988
0.37044499717,0.855429395877,0.353911211548,0.836846265386,0.455388504587,0.265912551398,135.000003628,134.999995988
0.370466716111,0.855761812791,0.354027526488,0.837256141649,0.455388504587,0.265912551398,135.000003628,134.999995988
0.370488637814,0.856093446688,0.354143735513,0.837665145351,0.455388504587,0.265912551398,135.000003628,134.999995988
0.370510761397,0.856424297117,0.354259837787,0.838073275496,0.455388504587,0.265912551398,135.000003628,134.999995988
0.37053308589,0.856754363669,0.354375832396,0.838480531128,0.455388504587,0.265912551398,135.000003628,134.999995988
0.370555610318,0.857083645935,0.354491718413,0.838886911294,0.455388504587,0.265912551398,135.000003628,134.999995988
0.370578333705,0.857412143507,0.354607494964,0.839292415026,0.455388504587,0.265912551398,135.000003628,134.999995988
0.370601255152,0.857739855946,0.354723161212,0.839697041338,0.455388504587,0.265912551398,135.000003628,134.999995988
0.370624373807,0.858066782792,0.354838716263,0.840100789273,0.455388504587,0.265912551398,135.000003628,134.999995988
0.370647688733,0.858392923623,0.354954159189,0.840503657891,0.455388504587,0.265912551398,135.000003628,134.999995988
0.370671198938,0.858718278041,0.355069489089,0.840905646242,0.455388504587,0.265912551398,135.000003628,134.999995988
0.370694903427,0.859042845648,0.355184705123,0.841306753353,0.455388504587,0.265912551398,135.000003628,134.999995988
0.370718801203,0.859366626051,0.355299806422,0.841706978265,0.455388504587,0.265912551398,135.000003628,134.999995988
0.370742891362,0.859689618815,0.355414792057,0.842106320048,0.455388504587,0.265912551398,135.000003628,134.999995988
0.370767173019,0.860011823498,0.355529661101,0.842504777774,0.455388504587,0.265912551398,135.000003628,134.999995988
0.370791645189,0.860333239702,0.355644412706,0.842902350482,0.455388504587,0.265912551398,135.000003628,134.999995988
0.370816306861,0.860653867042,0.355759046025,0.843299037213,0.455388504587,0.265912551398,135.000003628,134.999995988
0.37084115702,0.860973705132,0.355873560134,0.843694837046,0.455388504587,0.265912551398,135.000003628,134.999995988
0.37086619465,0.861292753591,0.355987954104,0.844089749062,0.455388504587,0.265912551398,135.000003628,134.999995988
0.370891418834,0.861611011992,0.356102227051,0.844483772326,0.455388504587,0.265912551398,135.000003628,134.999995988
0.370916828666,0.861928479908,0.356216378126,0.84487690589,0.455388504587,0.265912551398,135.000003628,134.999995988
0.370942423125,0.862245156959,0.356330406434,0.84526914883,0.455388504587,0.265912551398,135.000003628,134.999995988
0.370968201182,0.862561042771,0.356444311045,0.845660500237,0.455388504587,0.265912551398,135.000003628,134.999995988
0.370994161801,0.862876136973,0.356558091041,0.8460509592,0.455388504587,0.265912551398,135.000003628,134.999995988
0.371020303947,0.863190439195,0.356671745569,0.846440524785,0.455388504587,0.265912551398,135.000003628,134.999995988
0.371046626679,0.863503949025,0.356785273763,0.846829196062,0.455388504587,0.265912551398,135.000003628,134.999995988
0.371073129057,0.863816666055,0.356898674693,0.847216972135,0.455388504587,0.265912551398,135.000003628,134.999995988
0.37109981004,0.864128589917,0.35701194743,0.847603852107,0.455388504587,0.265912551398,135.000003628,134.999995988
0.371126668576,0.864439720253,0.357125091094,0.847989835063,0.455388504587,0.265912551398,135.000003628,134.999995988
0.371153703612,0.864750056701,0.35723810483,0.848374920083,0.455388504587,0.265912551398,135.000003628,134.999995988
0.371180914092,0.865059598905,0.357350987729,0.848759106268,0.455388504587,0.265912551398,135.000003628,134.999995988
0.371208299046,0.865368346472,0.35746373886,0.849142392733,0.455388504587,0.265912551398,135.000003628,134.999995988
0.371235857508,0.865676299006,0.35757635731,0.84952477859,0.455388504587,0.265912551398,135.000003628,134.999995988
0.371263588422,0.865983456154,0.357688842227,0.849906262923,0.455388504587,0.265912551398,135.000003628,134.999995988
0.371291490716,0.866289817568,0.357801192744,0.850286844829,0.455388504587,0.265912551398,135.000003628,134.999995988
0.371319563318,0.866595382901,0.35791340793,0.850666523433,0.455388504587,0.265912551398,135.000003628,134.999995988
0.371347805154,0.866900151809,0.358025486855,0.851045297862,0.455388504587,0.265912551398,135.000003628,134.999995988
0.371376215213,0.867204123919,0.358137428636,0.851423167225,0.455388504587,0.265912551398,135.000003628,134.999995988
0.371404792501,0.867507298856,0.358249232419,0.851800130625,0.455388504587,0.265912551398,135.000003628,134.999995988
0.37143353595,0.867809676273,0.358360897298,0.852176187184,0.455388504587,0.265912551398,135.000003628,134.999995988
0.371462444471,0.868111255835,0.358472422343,0.852551336041,0.455388504587,0.265912551398,135.000003628,134.999995988
0.371491516975,0.868412037209,0.358583806627,0.852925576334,0.455388504587,0.265912551398,135.000003628,134.999995988
0.371520752366,0.868712020063,0.358695049289,0.853298907178,0.455388504587,0.265912551398,135.000003628,134.999995988
0.371550149594,0.869011204049,0.358806149465,0.853671327689,0.455388504587,0.265912551398,135.000003628,134.999995988
0.371579707637,0.869309588805,0.358917106224,0.854042837016,0.455388504587,0.265912551398,135.000003628,134.999995988
0.371609425425,0.869607173994,0.359027918636,0.85441343431,0.455388504587,0.265912551398,135.000003628,134.999995988
0.371639301851,0.869903959292,0.359138585797,0.854783118713,0.455388504587,0.265912551398,135.000003628,134.999995988
0.371669335804,0.87019994438,0.359249106839,0.855151889354,0.455388504587,0.265912551398,135.000003628,134.999995988
0.371699526174,0.870495128939,0.359359480873,0.855519745376,0.455388504587,0.265912551398,135.000003628,134.999995988
0.371729871864,0.870789512645,0.359469706966,0.855886685939,0.455388504587,0.265912551398,135.000003628,134.999995988
0.371760371821,0.871083095155,0.35957978419,0.856252710207,0.455388504587,0.265912551398,135.000003628,134.999995988
0.371791024971,0.871375876139,0.359689711656,0.856617817329,0.455388504587,0.265912551398,135.000003628,134.999995988
0.371821830188,0.871667855288,0.359799488491,0.85698200645,0.455388504587,0.265912551398,135.000003628,134.999995988
0.371852786346,0.871959032293,0.359909113784,0.857345276734,0.455388504587,0.265912551398,135.000003628,134.999995988
0.371883892316,0.87224940685,0.360018586607,0.857707627354,0.455388504587,0.265912551398,135.000003628,134.999995988
0.371915146965,0.872538978655,0.360127906029,0.858069057488,0.455388504587,0.265912551398,135.000003628,134.999995988
0.371946549204,0.872827747388,0.360237071171,0.858429566294,0.455388504587,0.265912551398,135.000003628,134.999995988
0.371978097944,0.87311571273,0.360346081158,0.858789152931,0.455388504587,0.265912551398,135.000003628,134.999995988
0.372009792048,0.873402874381,0.360454935065,0.859147816583,0.455388504587,0.265912551398,135.000003628,134.999995988
0.372041630372,0.873689232048,0.360563631961,0.859505556437,0.455388504587,0.265912551398,135.000003628,134.999995988
0.37207361177,0.873974785439,0.360672170925,0.85986237168,0.455388504587,0.265912551398,135.000003628,134.999995988
0.372105735094,0.874259534263,0.36078055108,0.860218261483,0.455388504587,0.265912551398,135.000003628,134.999995988
0.372137999205,0.874543478226,0.360888771541,0.860573225024,0.455388504587,0.265912551398,135.000003628,134.999995988
0.372170402981,0.87482661703,0.360996831379,0.860927261499,0.455388504587,0.265912551398,135.000003628,134.999995988
0.372202945283,0.875108950382,0.361104729667,0.861280370111,0.455388504587,0.265912551398,135.000003628,134.999995988
0.372235624951,0.875390478002,0.36121246549,0.861632550055,0.455388504587,0.265912551398,135.000003628,134.999995988
0.372268440821,0.875671199612,0.361320037969,0.861983800517,0.455388504587,0.265912551398,135.000003628,134.999995988
0.372301391728,0.875951114934,0.361427446213,0.862334120692,0.455388504587,0.265912551398,135.000003628,134.999995988
0.372334476507,0.876230223692,0.361534689294,0.86268350979,0.455388504587,0.265912551398,135.000003628,134.999995988
0.372367693997,0.876508525611,0.361641766285,0.863031967024,0.455388504587,0.265912551398,135.000003628,134.999995988
0.372401043036,0.876786020414,0.361748676274,0.863379491606,0.455388504587,0.265912551398,135.000003628,134.999995988
0.372434522448,0.877062707835,0.36185541838,0.863726082735,0.455388504587,0.265912551398,135.000003628,134.999995988
0.372468131055,0.877338587606,0.361961991703,0.864071739622,0.455388504587,0.265912551398,135.000003628,134.999995988
0.372501867677,0.877613659465,0.362068395319,0.864416461491,0.455388504587,0.265912551398,135.000003628,134.999995988
0.372535731132,0.877887923148,0.3621746283,0.86476024757,0.455388504587,0.265912551398,135.000003628,134.999995988
0.372569720235,0.878161378397,0.362280689738,0.865103097081,0.455388504587,0.265912551398,135.000003628,134.999995988
0.372603833787,0.878434024959,0.362386578748,0.865445009239,0.455388504587,0.265912551398,135.000003628,134.999995988
0.372638070582,0.878705862585,0.362492294432,0.865785983269,0.455388504587,0.265912551398,135.000003628,134.999995988
0.372672429429,0.878976891022,0.362597835865,0.866126018409,0.455388504587,0.265912551398,135.000003628,134.999995988
0.37270690913,0.87924711002,0.362703202124,0.866465113899,0.455388504587,0.265912551398,135.000003628,134.999995988
0.37274150849,0.87951651933,0.362808392294,0.866803268977,0.455388504587,0.265912551398,135.000003628,134.999995988
0.372776226309,0.879785118706,0.362913405491,0.867140482874,0.455388504587,0.265912551398,135.000003628,134.999995988
0.37281106138,0.880052907905,0.363018240816,0.867476754827,0.455388504587,0.265912551398,135.000003628,134.999995988
0.372846012461,0.880319886701,0.363122897345,0.867812084088,0.455388504587,0.265912551398,135.000003628,134.999995988
0.372881078313,0.880586054869,0.363227374157,0.868146469911,0.455388504587,0.265912551398,135.000003628,134.999995988
0.372916257727,0.880851412169,0.363331670334,0.86847991155,0.455388504587,0.265912551398,135.000003628,134.999995988
0.372951549493,0.881115958368,0.363435784989,0.86881240825,0.455388504587,0.265912551398,135.000003628,134.999995988
0.372986952397,0.881379693231,0.363539717229,0.869143959262,0.455388504587,0.265912551398,135.000003628,134.999995988
0.373022465227,0.881642616526,0.36364346613,0.86947456385,0.455388504587,0.265912551398,135.000003628,134.999995988
0.373058086761,0.881904728027,0.363747030772,0.869804221282,0.455388504587,0.265912551398,135.000003628,134.999995988
0.373093815752,0.882166027516,0.363850410234,0.870132930829,0.455388504587,0.265912551398,135.000003628,134.999995988
0.373129650958,0.882426514779,0.363953603626,0.87046069175,0.455388504587,0.265912551398,135.000003628,134.999995988
0.373165591154,0.882686189594,0.364056610055,0.87078750331,0.455388504587,0.265912551398,135.000003628,134.999995988
0.373201635114,0.882945051739,0.364159428602,0.871113364787,0.455388504587,0.265912551398,135.000003628,134.999995988
0.373237781609,0.883203100998,0.364262058349,0.871438275463,0.455388504587,0.265912551398,135.000003628,134.999995988
0.373274029411,0.883460337153,0.364364498375,0.87176223462,0.455388504587,0.265912551398,135.000003628,134.999995988
0.373310377339,0.883716759969,0.364466747782,0.872085241538,0.455388504587,0.265912551398,135.000003628,134.999995988
0.373346824473,0.883972369101,0.364568805676,0.872407295496,0.455388504587,0.265912551398,135.000003628,134.999995988
0.373383369837,0.884227164232,0.364670671148,0.872728395782,0.455388504587,0.265912551398,135.000003628,134.999995988
0.373420012179,0.884481145158,0.364772343279,0.873048541692,0.455388504587,0.265912551398,135.000003628,134.999995988
0.373456750247,0.884734311681,0.364873821152,0.873367732524,0.455388504587,0.265912551398,135.000003628,134.999995988
0.373493582788,0.884986663603,0.364975103859,0.873685967574,0.455388504587,0.265912551398,135.000003628,134.999995988
0.373530508547,0.885238200726,0.365076190504,0.874003246136,0.455388504587,0.265912551398,135.000003628,134.999995988
0.373567526269,0.885488922857,0.365177080183,0.874319567513,0.455388504587,0.265912551398,135.000003628,134.999995988
0.373604634581,0.885738829853,0.365277771982,0.874634931012,0.455388504587,0.265912551398,135.000003628,134.999995988
0.373641832095,0.885987921577,0.365378264985,0.874949335944,0.455388504587,0.265912551398,135.000003628,134.999995988
0.373679117537,0.886236197848,0.365478558278,0.875262781624,0.455388504587,0.265912551398,135.000003628,134.999995988
0.373716489643,0.88648365848,0.365578650962,0.875575267364,0.455388504587,0.265912551398,135.000003628,134.999995988
0.373753947147,0.88673030329,0.365678542136,0.875886792476,0.455388504587,0.265912551398,135.000003628,134.999995988
0.373791488784,0.886976132096,0.365778230888,0.876197356282,0.455388504587,0.265912551398,135.000003628,134.999995988
0.373829113285,0.887221144719,0.365877716307,0.876506958109,0.455388504587,0.265912551398,135.000003628,134.999995988
0.373866819261,0.887465341033,0.36597699748,0.876815597284,0.455388504587,0.265912551398,135.000003628,134.999995988
0.3739046052,0.887708720964,0.366076073499,0.877123273136,0.455388504587,0.265912551398,135.000003628,134.999995988
0.373942469716,0.887951284387,0.366174943461,0.877429984995,0.455388504587,0.265912551398,135.000003628,134.999995988
0.373980411536,0.88819303113,0.36627360646,0.877735732196,0.455388504587,0.265912551398,135.000003628,134.999995988
0.374018429387,0.888433961023,0.366372061585,0.878040514079,0.455388504587,0.265912551398,135.000003628,134.999995988
0.374056521994,0.888674073898,0.366470307927,0.878344329984,0.455388504587,0.265912551398,135.000003628,134.999995988
0.374094688083,0.88891336959,0.366568344579,0.878647179257,0.455388504587,0.265912551398,135.000003628,134.999995988
0.374132926378,0.889151847934,0.366666170632,0.878949061244,0.455388504587,0.265912551398,135.000003628,134.999995988
0.374171235364,0.889389508867,0.366763785177,0.879249975295,0.455388504587,0.265912551398,135.000003628,134.999995988
0.374209613512,0.889626352336,0.366861187306,0.879549920765,0.455388504587,0.265912551398,135.000003628,134.999995988
0.374248059529,0.889862378187,0.366958376114,0.879848897009,0.455388504587,0.265912551398,135.000003628,134.999995988
0.374286572135,0.890097586263,0.367055350695,0.880146903384,0.455388504587,0.265912551398,135.000003628,134.999995988
0.374325150049,0.890331976412,0.367152110145,0.880443939252,0.455388504587,0.265912551398,135.000003628,134.999995988
0.374363791988,0.890565548479,0.367248653549,0.880740003981,0.455388504587,0.265912551398,135.000003628,134.999995988
0.374402496671,0.890798302314,0.367344979992,0.881035096942,0.455388504587,0.265912551398,135.000003628,134.999995988
0.37444126276,0.891030237791,0.367441088573,0.881329217504,0.455388504587,0.265912551398,135.000003628,134.999995988
0.374480088715,0.891261354871,0.367536978388,0.881622365039,0.455388504587,0.265912551398,135.000003628,134.999995988
0.37451897304,0.891491653496,0.367632648536,0.881914538922,0.455388504587,0.265912551398,135.000003628,134.999995988
0.37455791445,0.891721133524,0.367728098114,0.882205738532,0.455388504587,0.265912551398,135.000003628,134.999995988
0.374596911658,0.891949794813,0.3678233262,0.882495963257,0.455388504587,0.265912551398,135.000003628,134.999995988
0.374635963375,0.892177637225,0.36791833188,0.882785212489,0.455388504587,0.265912551398,135.000003628,134.999995988
0.374675068313,0.892404660623,0.368013114254,0.883073485612,0.455388504587,0.265912551398,135.000003628,134.999995988
0.374714225181,0.892630864871,0.368107672425,0.883360782015,0.455388504587,0.265912551398,135.000003628,134.999995988
0.374753432622,0.892856249865,0.368202005497,0.88364710109,0.455388504587,0.265912551398,135.000003628,134.999995988
0.374792689081,0.893080815585,0.36829611257,0.883932442231,0.455388504587,0.265912551398,135.000003628,134.999995988
0.374831993068,0.893304561983,0.368389992732,0.884216804843,0.455388504587,0.265912551398,135.000003628,134.999995988
0.374871343291,0.893527488933,0.368483645078,0.88450018833,0.455388504587,0.265912551398,135.000003628,134.999995988
0.374910738457,0.893749596309,0.368577068713,0.884782592094,0.455388504587,0.265912551398,135.000003628,134.999995988
0.374950177272,0.893970883987,0.368670262744,0.885064015541,0.455388504587,0.265912551398,135.000003628,134.999995988
0.37498965844,0.894191351847,0.368763226279,0.885344458078,0.455388504587,0.265912551398,135.000003628,134.999995988
0.375029180665,0.894410999769,0.368855958458,0.885623919104,0.455388504587,0.265912551398,135.000003628,134.999995988
0.375068742627,0.894629827647,0.368948458504,0.885902397984,0.455388504587,0.265912551398,135.000003628,134.999995988
0.375108342759,0.894847835477,0.369040725612,0.8861798941,0.455388504587,0.265912551398,135.000003628,134.999995988
0.375147979523,0.895065023248,0.369132758886,0.886456406873,0.455388504587,0.265912551398,135.000003628,134.999995988
0.375187651621,0.895281390847,0.369224557433,0.886731935727,0.455388504587,0.265912551398,135.000003628,134.999995988
0.375227357754,0.895496938165,0.369316120361,0.88700648009,0.455388504587,0.265912551398,135.000003628,134.999995988
0.375267096623,0.895711665094,0.369407446774,0.887280039392,0.455388504587,0.265912551398,135.000003628,134.999995988
0.375306866929,0.895925571529,0.369498535727,0.887552613088,0.455388504587,0.265912551398,135.000003628,134.999995988
0.37534666737,0.896138657366,0.36958938628,0.887824200635,0.455388504587,0.265912551398,135.000003628,134.999995988
0.375386496644,0.896350922504,0.369679997543,0.88809480147,0.455388504587,0.265912551398,135.000003628,134.999995988
0.375426353261,0.896562366923,0.36977036863,0.888364415035,0.455388504587,0.265912551398,135.000003628,134.999995988
0.375466235648,0.896772990639,0.369860498653,0.888633040771,0.455388504587,0.265912551398,135.000003628,134.999995988
0.375506142424,0.896982793588,0.369950386728,0.888900678126,0.455388504587,0.265912551398,135.000003628,134.999995988
0.375546072286,0.897191775677,0.370040031896,0.889167326578,0.455388504587,0.265912551398,135.000003628,134.999995988
0.37558602393,0.897399936814,0.370129433176,0.889432985619,0.455388504587,0.265912551398,135.000003628,134.999995988
0.375625996053,0.897607276909,0.370218589664,0.889697654714,0.455388504587,0.265912551398,135.000003628,134.999995988
0.375665987349,0.897813795876,0.37030750048,0.889961333317,0.455388504587,0.265912551398,135.000003628,134.999995988
0.375705996512,0.898019493628,0.370396164746,0.890224020889,0.455388504587,0.265912551398,135.000003628,134.999995988
0.375746022222,0.898224370089,0.370484581582,0.89048571689,0.455388504587,0.265912551398,135.000003628,134.999995988
0.3757860629,0.89842842529,0.370572750083,0.890746420799,0.455388504587,0.265912551398,135.000003628,134.999995988
0.375826116986,0.89863165926,0.370660669272,0.891006132124,0.455388504587,0.265912551398,135.000003628,134.999995988
0.375866183174,0.898834071919,0.370748338204,0.891264850365,0.455388504587,0.265912551398,135.000003628,134.999995988
0.375906260155,0.899035663192,0.370835756008,0.891522574993,0.455388504587,0.265912551398,135.000003628,134.999995988
0.375946346623,0.899236433007,0.370922921812,0.891779305484,0.455388504587,0.265912551398,135.000003628,134.999995988
0.375986441269,0.89943638129,0.371009834747,0.892035041315,0.455388504587,0.265912551398,135.000003628,134.999995988
0.376026542786,0.899635507973,0.371096493945,0.892289781967,0.455388504587,0.265912551398,135.000003628,134.999995988
0.376066649863,0.899833812989,0.371182898466,0.892543526952,0.455388504587,0.265912551398,135.000003628,134.999995988
0.376106761157,0.900031296287,0.371269047342,0.892796275799,0.455388504587,0.265912551398,135.000003628,134.999995988
0.376146875088,0.900227957917,0.371354939675,0.89304802801,0.455388504587,0.265912551398,135.000003628,134.999995988
0.376186990112,0.900423797914,0.371440574603,0.893298783076,0.455388504587,0.265912551398,135.000003628,134.999995988
0.376227104919,0.90061881622,0.371525951264,0.893548540491,0.455388504587,0.265912551398,135.000003628,134.999995988
0.376267218199,0.900813012777,0.371611068798,0.89379729975,0.455388504587,0.265912551398,135.000003628,134.999995988
0.376307328641,0.901006387531,0.371695926347,0.894045060352,0.455388504587,0.265912551398,135.000003628,134.999995988
0.376347434935,0.901198940427,0.371780522956,0.89429182184,0.455388504587,0.265912551398,135.000003628,134.999995988
0.376387535769,0.901390671415,0.371864857666,0.894537583761,0.455388504587,0.265912551398,135.000003628,134.999995988
0.376427629832,0.901581580446,0.37194892961,0.894782345627,0.455388504587,0.265912551398,135.000003628,134.999995988
0.37646771581,0.901771667473,0.372032737935,0.895026106946,0.455388504587,0.265912551398,135.000003628,134.999995988
0.376507792156,0.90196093255,0.37211628179,0.895268867232,0.455388504587,0.265912551398,135.000003628,134.999995988
0.376547857294,0.902149375745,0.372199560325,0.895510625999,0.455388504587,0.265912551398,135.000003628,134.999995988
0.376587909877,0.902336997029,0.372282572689,0.895751382766,0.455388504587,0.265912551398,135.000003628,134.999995988
0.376627948596,0.902523796365,0.372365317936,0.895991137093,0.455388504587,0.265912551398,135.000003628,134.999995988
0.376667972136,0.902709773715,0.372447795112,0.896229888549,0.455388504587,0.265912551398,135.000003628,134.999995988
0.376707979185,0.902894929045,0.372530003367,0.896467636662,0.455388504587,0.265912551398,135.000003628,134.999995988
0.37674796843,0.903079262322,0.372611941857,0.896704380961,0.455388504587,0.265912551398,135.000003628,134.999995988
0.376787938556,0.903262773515,0.372693609739,0.896940120976,0.455388504587,0.265912551398,135.000003628,134.999995988
0.37682788825,0.903445462598,0.372775006173,0.897174856243,0.455388504587,0.265912551398,135.000003628,134.999995988
0.376867816124,0.903627329574,0.372856130319,0.897408586296,0.455388504587,0.265912551398,135.000003628,134.999995988
0.376907720603,0.903808374528,0.372936981258,0.897641310711,0.455388504587,0.265912551398,135.000003628,134.999995988
0.376947600185,0.903988597516,0.373017558048,0.897873029072,0.455388504587,0.265912551398,135.000003628,134.999995988
0.376987453557,0.904167998519,0.373097859828,0.898103740935,0.455388504587,0.265912551398,135.000003628,134.999995988
0.377027279404,0.904346577517,0.373177885765,0.898333445848,0.455388504587,0.265912551398,135.000003628,134.999995988
0.377067076413,0.904524334496,0.373257635025,0.89856214336,0.455388504587,0.265912551398,135.000003628,134.999995988
0.377106843268,0.904701269441,0.37333710678,0.898789833026,0.455388504587,0.265912551398,135.000003628,134.999995988
0.377146578656,0.904877382341,0.373416300198,0.8990165144,0.455388504587,0.265912551398,135.000003628,134.999995988
0.377186281261,0.905052673186,0.373495214413,0.899242187057,0.455388504587,0.265912551398,135.000003628,134.999995988
0.377225949767,0.90522714197,0.373573848493,0.899466850603,0.455388504587,0.265912551398,135.000003628,134.999995988
0.37726558279,0.905400788717,0.373652201545,0.899690504629,0.455388504587,0.265912551398,135.000003628,134.999995988
0.377305178761,0.905573613528,0.373730272745,0.899913148702,0.455388504587,0.265912551398,135.000003628,134.999995988
0.377344736181,0.905745616481,0.37380806127,0.900134782392,0.455388504587,0.265912551398,135.000003628,134.999995988
0.377384253736,0.905916797574,0.373885566302,0.90035540527,0.455388504587,0.265912551398,135.000003628,134.999995988
0.377423730111,0.906087156813,0.373962787019,0.900575016912,0.455388504587,0.265912551398,135.000003628,134.999995988
0.377463163992,0.9062566942,0.374039722604,0.900793616895,0.455388504587,0.265912551398,135.000003628,134.999995988
0.377502554063,0.906425409745,0.374116372166,0.90101120483,0.455388504587,0.265912551398,135.000003628,134.999995988
0.377541899009,0.906593303457,0.374192734783,0.901227780345,0.455388504587,0.265912551398,135.000003628,134.999995988
0.377581197514,0.906760375347,0.374268809613,0.901443343038,0.455388504587,0.265912551398,135.000003628,134.999995988
0.377620448264,0.90692662543,0.374344595844,0.901657892497,0.455388504587,0.265912551398,135.000003628,134.999995988
0.377659649942,0.907092053722,0.374420092666,0.901871428313,0.455388504587,0.265912551398,135.000003628,134.999995988
0.377698801037,0.907256660323,0.374495299269,0.902083950082,0.455388504587,0.265912551398,135.000003628,134.999995988
0.377737899992,0.907420445354,0.374570214846,0.902295457399,0.455388504587,0.265912551398,135.000003628,134.999995988
0.377776945446,0.907583408856,0.374644838591,0.902505949864,0.455388504587,0.265912551398,135.000003628,134.999995988
0.377815936084,0.907745550854,0.374719169616,0.902715427115,0.455388504587,0.265912551398,135.000003628,134.999995988
0.377854870592,0.907906871375,0.374793207014,0.902923888799,0.455388504587,0.265912551398,135.000003628,134.999995988
0.377893747654,0.908067370448,0.374866949963,0.903131334533,0.455388504587,0.265912551398,135.000003628,134.999995988
0.377932565957,0.908227048103,0.374940397664,0.903337763927,0.455388504587,0.265912551398,135.000003628,134.999995988
0.377971324185,0.908385904373,0.375013549316,0.903543176596,0.455388504587,0.265912551398,135.000003628,134.999995988
0.378010021022,0.908543939295,0.375086404125,0.903747572155,0.455388504587,0.265912551398,135.000003628,134.999995988
0.378048655154,0.908701152907,0.375158961292,0.903950950223,0.455388504587,0.265912551398,135.000003628,134.999995988
0.378087225265,0.908857545248,0.375231220024,0.904153310422,0.455388504587,0.265912551398,135.000003628,134.999995988
0.378125729856,0.909013116437,0.37530317947,0.904354652402,0.455388504587,0.265912551398,135.000003628,134.999995988
0.378164167384,0.909167866613,0.375374838738,0.904554975831,0.455388504587,0.265912551398,135.000003628,134.999995988
0.378202536491,0.909321795842,0.375446196994,0.904754280358,0.455388504587,0.265912551398,135.000003628,134.999995988
0.378240835861,0.909474904172,0.37551725345,0.904952565616,0.455388504587,0.265912551398,135.000003628,134.999995988
0.378279064183,0.909627191652,0.37558800732,0.90514983124,0.455388504587,0.265912551398,135.000003628,134.999995988
0.378317220141,0.909778658336,0.375658457819,0.905346076869,0.455388504587,0.265912551398,135.000003628,134.999995988
0.378355302422,0.909929304279,0.375728604162,0.905541302144,0.455388504587,0.265912551398,135.000003628,134.999995988
0.378393309713,0.910079129539,0.375798445566,0.90573550671,0.455388504587,0.265912551398,135.000003628,134.999995988
0.378431240698,0.910228134174,0.375867981251,0.905928690214,0.455388504587,0.265912551398,135.000003628,134.999995988
0.378469094065,0.910376318247,0.37593721034,0.906120852347,0.455388504587,0.265912551398,135.000003628,134.999995988
0.378506868499,0.910523681822,0.376006131957,0.906311992801,0.455388504587,0.265912551398,135.000003628,134.999995988
0.378544562651,0.910670224981,0.376074745324,0.906502111233,0.455388504587,0.265912551398,135.000003628,134.999995988
0.37858217499,0.910815947881,0.376143049669,0.906691207299,0.455388504587,0.265912551398,135.000003628,134.999995988
0.378619704028,0.910960850667,0.376211044216,0.906879280663,0.455388504587,0.265912551398,135.000003628,134.999995988
0.37865714845,0.911104933411,0.376278728194,0.907066330987,0.455388504587,0.265912551398,135.000003628,134.999995988
0.378694506946,0.911248196189,0.376346100833,0.907252357938,0.455388504587,0.265912551398,135.000003628,134.999995988
0.378731778203,0.911390639077,0.376413161364,0.907437361186,0.455388504587,0.265912551398,135.000003628,134.999995988
0.378768960909,0.911532262155,0.376479909015,0.907621340405,0.455388504587,0.265912551398,135.000003628,134.999995988
0.378806053754,0.911673065504,0.376546342929,0.907804295308,0.455388504587,0.265912551398,135.000003628,134.999995988
0.378843055423,0.911813049208,0.37661246225,0.907986225612,0.455388504587,0.265912551398,135.000003628,134.999995988
0.378879964607,0.911952213353,0.376678266214,0.908167130997,0.455388504587,0.265912551398,135.000003628,134.999995988
0.378916779994,0.912090558028,0.376743754061,0.908347011148,0.455388504587,0.265912551398,135.000003628,134.999995988
0.378953500271,0.912228083324,0.376808925031,0.90852586575,0.455388504587,0.265912551398,135.000003628,134.999995988
0.378990124127,0.912364789333,0.376873778364,0.908703694494,0.455388504587,0.265912551398,135.000003628,134.999995988
0.379026650096,0.912500676216,0.376938313304,0.908880497071,0.455388504587,0.265912551398,135.000003628,134.999995988
0.379063076669,0.912635744153,0.377002529095,0.909056273178,0.455388504587,0.265912551398,135.000003628,134.999995988
0.379099402489,0.912769993261,0.377066424982,0.909231022512,0.455388504587,0.265912551398,135.000003628,134.999995988
0.379135626247,0.912903423643,0.377130000161,0.909404744796,0.455388504587,0.265912551398,135.000003628,134.999995988
0.379171746635,0.913036035402,0.377193253794,0.90957743977,0.455388504587,0.265912551398,135.000003628,134.999995988
0.379207762344,0.913167828645,0.377256185094,0.909749107156,0.455388504587,0.265912551398,135.000003628,134.999995988
0.379243672064,0.913298803479,0.377318793314,0.909919746663,0.455388504587,0.265912551398,135.000003628,134.999995988
0.379279474487,0.913428960016,0.377381077707,0.910089358004,0.455388504587,0.265912551398,135.000003628,134.999995988
0.379315168306,0.913558298368,0.377443037528,0.910257940894,0.455388504587,0.265912551398,135.000003628,134.999995988
0.379350752211,0.91368681865,0.377504672032,0.910425495051,0.455388504587,0.265912551398,135.000003628,134.999995988
0.379386224895,0.913814520981,0.377565980478,0.910592020198,0.455388504587,0.265912551398,135.000003628,134.999995988
0.37942158505,0.913941405481,0.377626962124,0.910757516057,0.455388504587,0.265912551398,135.000003628,134.999995988
0.379456831368,0.914067472271,0.37768761623,0.910921982356,0.455388504587,0.265912551398,135.000003628,134.999995988
0.379491962463,0.914192721508,0.37774794201,0.911085418845,0.455388504587,0.265912551398,135.000003628,134.999995988
0.379526976844,0.914317153398,0.377807938646,0.911247825291,0.455388504587,0.265912551398,135.000003628,134.999995988
0.379561873098,0.91444076811,0.377867605369,0.911409201443,0.455388504587,0.265912551398,135.000003628,134.999995988
0.379596649922,0.914563565777,0.377926941446,0.911569547039,0.455388504587,0.265912551398,135.000003628,134.999995988
0.379631306011,0.914685546532,0.377985946146,0.911728861821,0.455388504587,0.265912551398,135.000003628,134.999995988
0.379665840061,0.914806710509,0.378044618738,0.911887145533,0.455388504587,0.265912551398,135.000003628,134.999995988
0.379700250768,0.914927057846,0.378102958493,0.912044397922,0.455388504587,0.265912551398,135.000003628,134.999995988
0.379734536828,0.915046588683,0.378160964683,0.912200618739,0.455388504587,0.265912551398,135.000003628,134.999995988
0.379768696939,0.915165303162,0.378218636582,0.912355807737,0.455388504587,0.265912551398,135.000003628,134.999995988
0.379802729796,0.915283201427,0.378275973466,0.912509964671,0.455388504587,0.265912551398,135.000003628,134.999995988
0.379836634098,0.915400283627,0.378332974611,0.912663089301,0.455388504587,0.265912551398,135.000003628,134.999995988
0.379870408542,0.915516549908,0.378389639222,0.912815181419,0.455388504587,0.265912551398,135.000003628,134.999995988
0.379904051827,0.915632000424,0.378445966504,0.912966240821,0.455388504587,0.265912551398,135.000003628,134.999995988
0.37993756265,0.915746635328,0.378501955735,0.913116267275,0.455388504587,0.265912551398,135.000003628,134.999995988
0.37997093971,0.915860454775,0.378557606197,0.913265260553,0.455388504587,0.265912551398,135.000003628,134.999995988
0.380004181558,0.915973458986,0.378612917175,0.913413220427,0.455388504587,0.265912551398,135.000003628,134.999995988
0.380037286726,0.91608564819,0.378667887956,0.913560146675,0.455388504587,0.265912551398,135.000003628,134.999995988
0.380070253896,0.916197022559,0.378722517825,0.913706039076,0.455388504587,0.265912551398,135.000003628,134.999995988
0.380103081771,0.916307582257,0.378776806072,0.913850897411,0.455388504587,0.265912551398,135.000003628,134.999995988
0.380135769052,0.91641732745,0.378830751988,0.913994721467,0.455388504587,0.265912551398,135.000003628,134.999995988
0.380168314443,0.916526258307,0.378884354862,0.914137511031,0.455388504587,0.265912551398,135.000003628,134.999995988
0.380200716649,0.916634374999,0.378937613989,0.914279265894,0.455388504587,0.265912551398,135.000003628,134.999995988
0.380232974373,0.916741677701,0.378990528629,0.914419985866,0.455388504587,0.265912551398,135.000003628,134.999995988
0.38026508632,0.916848166588,0.379043098007,0.914559670772,0.455388504587,0.265912551398,135.000003628,134.999995988
0.380297051195,0.916953841838,0.379095321387,0.914698320426,0.455388504587,0.265912551398,135.000003628,134.999995988
0.380328867704,0.917058703631,0.379147198066,0.914835934631,0.455388504587,0.265912551398,135.000003628,134.999995988
0.380360534554,0.91716275215,0.379198727348,0.914972513194,0.455388504587,0.265912551398,135.000003628,134.999995988
0.380392050451,0.917265987581,0.379249908533,0.915108055922,0.455388504587,0.265912551398,135.000003628,134.999995988
0.380423414104,0.917368410109,0.379300740925,0.915242562628,0.455388504587,0.265912551398,135.000003628,134.999995988
0.380454624221,0.917470019925,0.37935122383,0.915376033125,0.455388504587,0.265912551398,135.000003628,134.999995988
0.380485679511,0.917570817219,0.379401356555,0.915508467232,0.455388504587,0.265912551398,135.000003628,134.999995988
0.380516578574,0.917670802232,0.379451138407,0.91563986477,0.455388504587,0.265912551398,135.000003628,134.999995988
0.380547319972,0.917769975221,0.379500568695,0.915770225561,0.455388504587,0.265912551398,135.000003628,134.999995988
0.380577902374,0.917868336402,0.379549646732,0.915899549432,0.455388504587,0.265912551398,135.000003628,134.999995988
0.380608324494,0.917965885974,0.379598371829,0.916027836213,0.455388504587,0.265912551398,135.000003628,134.999995988
0.380638585045,0.91806262414,0.379646743238,0.916155085762,0.455388504587,0.265912551398,135.000003628,134.999995988
0.380668682744,0.918158551104,0.37969476021,0.916281297941,0.455388504587,0.265912551398,135.000003628,134.999995988
0.380698616305,0.918253667072,0.379742422064,0.916406472588,0.455388504587,0.265912551398,135.000003628,134.999995988
0.380728384446,0.918347972254,0.379789728117,0.916530609545,0.455388504587,0.265912551398,135.000003628,134.999995988
0.380757985886,0.918441466859,0.379836677691,0.916653708655,0.455388504587,0.265912551398,135.000003628,134.999995988
0.380787419341,0.9185341511,0.379883270108,0.916775769765,0.455388504587,0.265912551398,135.000003628,134.999995988
0.380816683533,0.918626025194,0.379929504691,0.916896792725,0.455388504587,0.265912551398,135.000003628,134.999995988
0.380845777183,0.918717089357,0.379975380765,0.917016777389,0.455388504587,0.265912551398,135.000003628,134.999995988
0.380874699011,0.918807343808,0.380020897656,0.917135723612,0.455388504587,0.265912551398,135.000003628,134.999995988
0.380903447741,0.918896788769,0.380066054694,0.917253631253,0.455388504587,0.265912551398,135.000003628,134.999995988
0.380932022097,0.918985424463,0.380110851207,0.917370500174,0.455388504587,0.265912551398,135.000003628,134.999995988
0.380960420805,0.919073251116,0.380155286527,0.91748633024,0.455388504587,0.265912551398,135.000003628,134.999995988
0.380988642591,0.919160268956,0.380199359986,0.917601121319,0.455388504587,0.265912551398,135.000003628,134.999995988
0.381016686183,0.919246478212,0.380243070913,0.917714873283,0.455388504587,0.265912551398,135.000003628,134.999995988
0.381044550284,0.919331879127,0.380286418588,0.91782758603,0.455388504587,0.265912551398,135.000003628,134.999995988
0.381072233492,0.91941647199,0.380329402297,0.917939259458,0.455388504587,0.265912551398,135.000003628,134.999995988
0.381099734435,0.91950025708,0.380372021379,0.918049893446,0.455388504587,0.265912551398,135.000003628,134.999995988
0.381127051848,0.919583234633,0.380414275176,0.918159487877,0.455388504587,0.265912551398,135.000003628,134.999995988
0.381154184468,0.919665404888,0.38045616303,0.918268042635,0.455388504587,0.265912551398,135.000003628,134.999995988
0.381181131033,0.919746768087,0.380497684286,0.918375557609,0.455388504587,0.265912551398,135.000003628,134.999995988
0.381207890285,0.919827324473,0.380538838289,0.91848203269,0.455388504587,0.265912551398,135.000003628,134.999995988
0.381234460964,0.919907074288,0.380579624389,0.918587467772,0.455388504587,0.265912551398,135.000003628,134.999995988
0.381260841815,0.919986017781,0.380620041933,0.918691862752,0.455388504587,0.265912551398,135.000003628,134.999995988
0.381287031584,0.920064155199,0.380660090273,0.91879521753,0.455388504587,0.265912551398,135.000003628,134.999995988
0.38131302902,0.920141486791,0.380699768762,0.918897532009,0.455388504587,0.265912551398,135.000003628,134.999995988
0.381338832874,0.920218012809,0.380739076755,0.918998806094,0.455388504587,0.265912551398,135.000003628,134.999995988
0.381364441898,0.920293733507,0.380778013606,0.919099039695,0.455388504587,0.265912551398,135.000003628,134.999995988
0.38138985485,0.920368649138,0.380816578676,0.919198232723,0.455388504587,0.265912551398,135.000003628,134.999995988
0.381415070486,0.920442759958,0.380854771322,0.919296385092,0.455388504587,0.265912551398,135.000003628,134.999995988
0.38144008757,0.920516066225,0.380892590899,0.919393496723,0.455388504587,0.265912551398,135.000003628,134.999995988
0.381464904866,0.920588568198,0.380930036721,0.919489567556,0.455388504587,0.265912551398,135.000003628,134.999995988
0.381489521141,0.920660266137,0.380967108113,0.919584597532,0.455388504587,0.265912551398,135.000003628,134.999995988
0.381513935168,0.920731160302,0.381003804442,0.919678586576,0.455388504587,0.265912551398,135.000003628,134.999995988
0.381538145722,0.920801250956,0.381040125078,0.919771534616,0.455388504587,0.265912551398,135.000003628,134.999995988
0.381562151582,0.920870538361,0.381076069394,0.919863441584,0.455388504587,0.265912551398,135.000003628,134.999995988
0.381585951533,0.920939022783,0.381111636762,0.919954307414,0.455388504587,0.265912551398,135.000003628,134.999995988
0.381609544363,0.921006704485,0.38114682656,0.920044132042,0.455388504587,0.265912551398,135.000003628,134.999995988
0.381632924431,0.92107358557,0.381181638165,0.920132915408,0.455388504587,0.265912551398,135.000003628,134.999995988
0.381656085267,0.921139668487,0.381216070957,0.920220657454,0.455388504587,0.265912551398,135.000003628,134.999995988
0.381679024856,0.921204953841,0.381250124321,0.920307358126,0.455388504587,0.265912551398,135.000003628,134.999995988
0.381701742042,0.921269441885,0.381283797639,0.92039301737,0.455388504587,0.265912551398,135.000003628,134.999995988
0.381724235671,0.921333132871,0.381317090301,0.920477635137,0.455388504587,0.265912551398,135.000003628,134.999995988
0.38174650459,0.921396027057,0.381350001697,0.920561211379,0.455388504587,0.265912551398,135.000003628,134.999995988
0.381768547647,0.921458124701,0.381382531218,0.920643746053,0.455388504587,0.265912551398,135.000003628,134.999995988
0.381790363694,0.921519426062,0.381414678261,0.920725239115,0.455388504587,0.265912551398,135.000003628,134.999995988
0.381811951583,0.921579931403,0.381446442225,0.920805690526,0.455388504587,0.265912551398,135.000003628,134.999995988
0.381833310168,0.921639640987,0.38147782251,0.92088510025,0.455388504587,0.265912551398,135.000003628,134.999995988
0.381854438308,0.921698555079,0.381508818521,0.92096346825,0.455388504587,0.265912551398,135.000003628,134.999995988
0.38187533486,0.921756673947,0.381539429667,0.921040794493,0.455388504587,0.265912551398,135.000003628,134.999995988
0.381895998688,0.92181399786,0.381569653557,0.921117079697,0.455388504587,0.265912551398,135.000003628,134.999995988
0.381916428655,0.921870527087,0.381599487649,0.921192324643,0.455388504587,0.265912551398,135.000003628,134.999995988
0.38193662363,0.921926261901,0.381628931219,0.921266529365,0.455388504587,0.265912551398,135.000003628,134.999995988
0.381956582483,0.921981202574,0.381657983703,0.921339693832,0.455388504587,0.265912551398,135.000003628,134.999995988
0.381976304089,0.92203534938,0.381686644541,0.921411818016,0.455388504587,0.265912551398,135.000003628,134.999995988
0.381995787325,0.922088702596,0.381714913176,0.921482901893,0.455388504587,0.265912551398,135.000003628,134.999995988
0.382015031073,0.922141262498,0.38174278905,0.921552945442,0.455388504587,0.265912551398,135.000003628,134.999995988
0.38203403422,0.922193029363,0.38177027161,0.921621948642,0.455388504587,0.265912551398,135.000003628,134.999995988
0.382052795655,0.92224400347,0.381797360304,0.921689911477,0.455388504587,0.265912551398,135.000003628,134.999995988
0.382071314276,0.922294185097,0.381824054582,0.921756833935,0.455388504587,0.265912551398,135.000003628,134.999995988
0.382089588985,0.922343574523,0.381850353895,0.921822716003,0.455388504587,0.265912551398,135.000003628,134.999995988
0.382107618688,0.922392172027,0.381876257698,0.921887557675,0.455388504587,0.265912551398,135.000003628,134.999995988
0.382125402303,0.922439977889,0.381901765449,0.921951358945,0.455388504587,0.265912551398,135.000003628,134.999995988
0.38214293875,0.922486992386,0.381926876607,0.922014119809,0.455388504587,0.265912551398,135.000003628,134.999995988
0.382160226962,0.922533215797,0.381951590633,0.922075840268,0.455388504587,0.265912551398,135.000003628,134.999995988
0.382177265881,0.922578648396,0.381975906994,0.922136520323,0.455388504587,0.265912551398,135.000003628,134.999995988
0.382194054458,0.92262329046,0.381999825158,0.92219615998,0.455388504587,0.265912551398,135.000003628,134.999995988
0.382210591658,0.922667142259,0.382023344595,0.922254759245,0.455388504587,0.265912551398,135.000003628,134.999995988
0.382226875497,0.922710204462,0.382046464782,0.922312318127,0.455388504587,0.265912551398,135.000003628,134.999995988
0.382242897055,0.922752480611,0.382069185196,0.922368836638,0.455388504587,0.265912551398,135.000003628,134.999995988
0.382258648429,0.922793973832,0.382091505321,0.922424314791,0.455388504587,0.265912551398,135.000003628,134.999995988
0.382274128715,0.922834684353,0.382113424645,0.9224787526,0.455388504587,0.265912551398,135.000003628,134.999995988
0.38228933701,0.922874612404,0.38213494266,0.922532150082,0.455388504587,0.265912551398,135.000003628,134.999995988
0.382304272412,0.922913758218,0.382156058864,0.922584507256,0.455388504587,0.265912551398,135.000003628,134.999995988
0.382318934018,0.922952122031,0.382176772762,0.922635824139,0.455388504587,0.265912551398,135.000003628,134.999995988
0.382333320929,0.922989704081,0.382197083866,0.922686100752,0.455388504587,0.265912551398,135.000003628,134.999995988
0.382347432244,0.923026504607,0.382216990307,0.922735337689,0.455388504587,0.265912551398,135.000003628,134.999995988
0.382361267064,0.923062523853,0.382236488688,0.922783536183,0.455388504587,0.265912551398,135.000003628,134.999995988
0.38237482449,0.923097762064,0.382255577028,0.922830696883,0.455388504587,0.265912551398,135.000003628,134.999995988
0.382388103626,0.923132219486,0.382274254899,0.922876819797,0.455388504587,0.265912551398,135.000003628,134.999995988
0.382401103574,0.923165896369,0.382292521875,0.922921904938,0.455388504587,0.265912551398,135.000003628,134.999995988
0.382413823438,0.923198792966,0.382310377533,0.922965952321,0.455388504587,0.265912551398,135.000003628,134.999995988
0.382426262323,0.923230909531,0.382327821448,0.923008961965,0.455388504587,0.265912551398,135.000003628,134.999995988
0.382438419335,0.923262246321,0.382344853199,0.923050933892,0.455388504587,0.265912551398,135.000003628,134.999995988
0.382450293581,0.923292803595,0.382361472366,0.923091868125,0.455388504587,0.265912551398,135.000003628,134.999995988
0.382461884168,0.923322581614,0.382377678528,0.923131764693,0.455388504587,0.265912551398,135.000003628,134.999995988
0.382473190203,0.923351580644,0.382393471268,0.923170623627,0.455388504587,0.265912551398,135.000003628,134.999995988
0.382484210797,0.92337980095,0.382408850169,0.923208444961,0.455388504587,0.265912551398,135.000003628,134.999995988
0.382494945059,0.923407242801,0.382423814816,0.923245228732,0.455388504587,0.265912551398,135.000003628,134.999995988
0.382505392099,0.923433906468,0.382438364794,0.923280974982,0.455388504587,0.265912551398,135.000003628,134.999995988
0.38251555103,0.923459792226,0.382452499691,0.923315683753,0.455388504587,0.265912551398,135.000003628,134.999995988
0.382525420963,0.923484900348,0.382466219094,0.923349355092,0.455388504587,0.265912551398,135.000003628,134.999995988
0.382535001012,0.923509231115,0.382479522594,0.92338198905,0.455388504587,0.265912551398,135.000003628,134.999995988
0.382544290292,0.923532784807,0.382492409782,0.923413585679,0.455388504587,0.265912551398,135.000003628,134.999995988
0.382553287917,0.923555561706,0.382504880249,0.923444145036,0.455388504587,0.265912551398,135.000003628,134.999995988
0.382561993002,0.923577562098,0.38251693359,0.92347366718,0.455388504587,0.265912551398,135.000003628,134.999995988
0.382570404666,0.923598786272,0.3825285694,0.923502152173,0.455388504587,0.265912551398,135.000003628,134.999995988
0.382578522025,0.923619234516,0.382539787274,0.923529600082,0.455388504587,0.265912551398,135.000003628,134.999995988
0.382586344198,0.923638907124,0.38255058681,0.923556010975,0.455388504587,0.265912551398,135.000003628,134.999995988
0.382593870305,0.923657804391,0.382560967607,0.923581384925,0.455388504587,0.265912551398,135.000003628,134.999995988
0.382601099465,0.923675926614,0.382570929266,0.923605722005,0.455388504587,0.265912551398,135.000003628,134.999995988
0.3826080308,0.923693274092,0.382580471386,0.923629022295,0.455388504587,0.265912551398,135.000003628,134.999995988
0.382614663432,0.923709847128,0.382589593572,0.923651285877,0.455388504587,0.265912551398,135.000003628,134.999995988
0.382620996484,0.923725646025,0.382598295427,0.923672512834,0.455388504587,0.265912551398,135.000003628,134.999995988
0.382627029079,0.923740671091,0.382606576556,0.923692703255,0.455388504587,0.265912551398,135.000003628,134.999995988
0.382632760343,0.923754922635,0.382614436566,0.92371185723,0.455388504587,0.265912551398,135.000003628,134.999995988
0.382638189401,0.923768400969,0.382621875065,0.923729974853,0.455388504587,0.265912551398,135.000003628,134.999995988
0.38264331538,0.923781106405,0.382628891662,0.923747056222,0.455388504587,0.265912551398,135.000003628,134.999995988
0.382648137407,0.923793039261,0.382635485968,0.923763101438,0.455388504587,0.265912551398,135.000003628,134.999995988
0.38265265461,0.923804199854,0.382641657594,0.923778110603,0.455388504587,0.265912551398,135.000003628,134.999995988
0.38265686612,0.923814588506,0.382647406154,0.923792083824,0.455388504587,0.265912551398,135.000003628,134.999995988
0.382660771065,0.92382420554,0.382652731262,0.923805021211,0.455388504587,0.265912551398,135.000003628,134.999995988
0.382664368578,0.923833051282,0.382657632533,0.923816922878,0.455388504587,0.265912551398,135.000003628,134.999995988
0.38266765779,0.923841126059,0.382662109585,0.92382778894,0.455388504587,0.265912551398,135.000003628,134.999995988
0.382670637835,0.923848430203,0.382666162035,0.923837619517,0.455388504587,0.265912551398,135.000003628,134.999995988
0.382673307846,0.923854964045,0.382669789505,0.92384641473,0.455388504587,0.265912551398,135.000003628,134.999995988
0.382675666959,0.92386072792,0.382672991614,0.923854174707,0.455388504587,0.265912551398,135.000003628,134.999995988
0.382677714308,0.923865722167,0.382675767984,0.923860899575,0.455388504587,0.265912551398,135.000003628,134.999995988
0.382679449032,0.923869947124,0.38267811824,0.923866589466,0.455388504587,0.265912551398,135.000003628,134.999995988
0.382680870267,0.923873403135,0.382680042006,0.923871244516,0.455388504587,0.265912551398,135.000003628,134.999995988
0.382681977152,0.923876090542,0.382681538909,0.923874864862,0.455388504587,0.265912551398,135.000003628,134.999995988
0.382682768828,0.923878009694,0.382682608575,0.923877450647,0.455388504587,0.265912551398,135.000003628,134.999995988
0.382683244434,0.923879160939,0.382683250633,0.923879002014,0.455388504587,0.265912551398,135.000003628,134.999995988
0.382683403112,0.923879544628,0.382683464714,0.923879519112,0.455388504587,0.265912551398,135.000003628,134.999995988
