x_coordinate_over_R,y_coordinate_over_R,x_proper_over_R,y_proper_over_R,q_coordinate,q_proper,delta_coordinate_deg,delta_proper_deg
0.793353331098,-0.608761440989,0.793353356265,-0.608761408192,0.719903808565,0.631530713373,75.0000017305,74.9999969932
0.793353161775,-0.608761310873,0.793353133472,-0.608761237083,0.719903808565,0.631530713373,75.0000017305,74.9999969932
0.79335265399,-0.608760920286,0.793352465245,-0.608760723564,0.719903808565,0.631530713373,75.0000017305,74.9999969932
0.793351808112,-0.608760268751,0.793351351881,-0.608759867248,0.719903808565,0.631530713373,75.0000017305,74.9999969932
0.79335062451,-0.608759355792,0.793349793682,-0.608758667751,0.719903808565,0.631530713373,75.0000017305,74.9999969932
0.793349103555,-0.608758180932,0.793347790951,-0.608757124689,0.719903808565,0.631530713373,75.0000017305,74.9999969932
0.793347245619,-0.608756743698,0.79334534399,-0.608755237677,0.719903808565,0.631530713373,75.0000017305,74.9999969932
0.793345051074,-0.608755043614,0.793342453105,-0.608753006336,0.719903808565,0.631530713373,75.0000017305,74.9999969932
0.793342520295,-0.608753080209,0.793339118602,-0.608750430283,0.719903808565,0.631530713373,75.0000017305,74.9999969932
0.793339653655,-0.60875085301,0.793335340788,-0.608747509139,0.719903808565,0.631530713373,75.0000017305,74.9999969932
0.793336451531,-0.608748361545,0.793331119973,-0.608744242526,0.719903808565,0.631530713373,75.0000017305,74.9999969932
0.793332914299,-0.608745605344,0.793326456467,-0.608740630065,0.719903808565,0.631530713373,75.0000017305,74.9999969932
0.793329042337,-0.608742583936,0.793321350581,-0.60873667138,0.719903808565,0.631530713373,75.0000017305,74.9999969932
0.793324836024,-0.608739296853,0.793315802629,-0.608732366095,0.719903808565,0.631530713373,75.0000017305,74.9999969932
0.793320295741,-0.608735743626,0.793309812925,-0.608727713836,0.719903808565,0.631530713373,75.0000017305,74.9999969932
0.793315421866,-0.608731923788,0.793303381784,-0.60872271423,0.719903808565,0.631530713373,75.0000017305,74.9999969932
0.793310214784,-0.608727836872,0.793296509523,-0.608717366904,0.719903808565,0.631530713373,75.0000017305,74.9999969932
0.793304674876,-0.608723482413,0.793289196462,-0.608711671486,0.719903808565,0.631530713373,75.0000017305,74.9999969932
0.793298802526,-0.608718859945,0.79328144292,-0.608705627607,0.719903808565,0.631530713373,75.0000017305,74.9999969932
0.793292598119,-0.608713969004,0.793273249217,-0.608699234898,0.719903808565,0.631530713373,75.0000017305,74.9999969932
0.793286062041,-0.608708809128,0.793264615676,-0.608692492989,0.719903808565,0.631530713373,75.0000017305,74.9999969932
0.793279194679,-0.608703379853,0.793255542622,-0.608685401515,0.719903808565,0.631530713373,75.0000017305,74.9999969932
0.793271996421,-0.608697680717,0.793246030378,-0.608677960109,0.719903808565,0.631530713373,75.0000017305,74.9999969932
0.793264467655,-0.608691711261,0.793236079273,-0.608670168406,0.719903808565,0.631530713373,75.0000017305,74.9999969932
0.793256608772,-0.608685471025,0.793225689632,-0.608662026042,0.719903808565,0.631530713373,75.0000017305,74.9999969932
0.793248420162,-0.608678959548,0.793214861785,-0.608653532655,0.719903808565,0.631530713373,75.0000017305,74.9999969932
0.793239902218,-0.608672176373,0.793203596064,-0.608644687883,0.719903808565,0.631530713373,75.0000017305,74.9999969932
0.793231055331,-0.608665121042,0.793191892799,-0.608635491365,0.719903808565,0.631530713373,75.0000017305,74.9999969932
0.793221879896,-0.6086577931,0.793179752323,-0.608625942742,0.719903808565,0.631530713373,75.0000017305,74.9999969932
0.793212376307,-0.608650192089,0.793167174972,-0.608616041655,0.719903808565,0.631530713373,75.0000017305,74.9999969932
0.793202544961,-0.608642317555,0.79315416108,-0.608605787748,0.719903808565,0.631530713373,75.0000017305,74.9999969932
0.793192386254,-0.608634169045,0.793140710985,-0.608595180663,0.719903808565,0.631530713373,75.0000017305,74.9999969932
0.793181900584,-0.608625746105,0.793126825025,-0.608584220045,0.719903808565,0.631530713373,75.0000017305,74.9999969932
0.79317108835,-0.608617048282,0.79311250354,-0.60857290554,0.719903808565,0.631530713373,75.0000017305,74.9999969932
0.793159949951,-0.608608075126,0.793097746871,-0.608561236796,0.719903808565,0.631530713373,75.0000017305,74.9999969932
0.793148485788,-0.608598826185,0.793082555361,-0.60854921346,0.719903808565,0.631530713373,75.0000017305,74.9999969932
0.793136696262,-0.60858930101,0.793066929352,-0.608536835182,0.719903808565,0.631530713373,75.0000017305,74.9999969932
0.793124581777,-0.608579499153,0.793050869191,-0.608524101611,0.719903808565,0.631530713373,75.0000017305,74.9999969932
0.793112142735,-0.608569420165,0.793034375222,-0.608511012399,0.719903808565,0.631530713373,75.0000017305,74.9999969932
0.793099379542,-0.608559063598,0.793017447795,-0.608497567199,0.719903808565,0.631530713373,75.0000017305,74.9999969932
0.793086292603,-0.608548429008,0.793000087257,-0.608483765663,0.719903808565,0.631530713373,75.0000017305,74.9999969932
0.793072882324,-0.608537515948,0.79298229396,-0.608469607446,0.719903808565,0.631530713373,75.0000017305,74.9999969932
0.793059149113,-0.608526323975,0.792964068254,-0.608455092205,0.719903808565,0.631530713373,75.0000017305,74.9999969932
0.793045093378,-0.608514852643,0.792945410493,-0.608440219595,0.719903808565,0.631530713373,75.0000017305,74.9999969932
0.793030715528,-0.608503101512,0.792926321031,-0.608424989276,0.719903808565,0.631530713373,75.0000017305,74.9999969932
0.793016015975,-0.608491070138,0.792906800223,-0.608409400904,0.719903808565,0.631530713373,75.0000017305,74.9999969932
0.793000995128,-0.608478758081,0.792886848426,-0.608393454142,0.719903808565,0.631530713373,75.0000017305,74.9999969932
0.792985653401,-0.608466164901,0.792866465998,-0.608377148649,0.719903808565,0.631530713373,75.0000017305,74.9999969932
0.792969991207,-0.608453290159,0.792845653299,-0.608360484089,0.719903808565,0.631530713373,75.0000017305,74.9999969932
0.792954008959,-0.608440133417,0.792824410689,-0.608343460124,0.719903808565,0.631530713373,75.0000017305,74.9999969932
0.792937707072,-0.608426694236,0.79280273853,-0.608326076419,0.719903808565,0.631530713373,75.0000017305,74.9999969932
0.792921085964,-0.608412972181,0.792780637186,-0.608308332639,0.719903808565,0.631530713373,75.0000017305,74.9999969932
0.792904146049,-0.608398966816,0.792758107022,-0.608290228452,0.719903808565,0.631530713373,75.0000017305,74.9999969932
0.792886887748,-0.608384677707,0.792735148402,-0.608271763525,0.719903808565,0.631530713373,75.0000017305,74.9999969932
0.792869311477,-0.608370104419,0.792711761695,-0.608252937527,0.719903808565,0.631530713373,75.0000017305,74.9999969932
0.792851417658,-0.608355246519,0.792687947269,-0.608233750128,0.719903808565,0.631530713373,75.0000017305,74.9999969932
0.79283320671,-0.608340103577,0.792663705493,-0.608214200999,0.719903808565,0.631530713373,75.0000017305,74.9999969932
0.792814679056,-0.608324675159,0.79263903674,-0.608194289812,0.719903808565,0.631530713373,75.0000017305,74.9999969932
0.792795835118,-0.608308960838,0.79261394138,-0.608174016241,0.719903808565,0.631530713373,75.0000017305,74.9999969932
0.792776675318,-0.608292960182,0.792588419788,-0.60815337996,0.719903808565,0.631530713373,75.0000017305,74.9999969932
0.792757200083,-0.608276672765,0.792562472339,-0.608132380644,0.719903808565,0.631530713373,75.0000017305,74.9999969932
0.792737409836,-0.608260098157,0.79253609941,-0.608111017971,0.719903808565,0.631530713373,75.0000017305,74.9999969932
0.792717305005,-0.608243235934,0.792509301376,-0.608089291618,0.719903808565,0.631530713373,75.0000017305,74.9999969932
0.792696886016,-0.608226085669,0.792482078618,-0.608067201265,0.719903808565,0.631530713373,75.0000017305,74.9999969932
0.792676153298,-0.608208646938,0.792454431516,-0.60804474659,0.719903808565,0.631530713373,75.0000017305,74.9999969932
0.792655107279,-0.608190919317,0.79242636045,-0.608021927276,0.719903808565,0.631530713373,75.0000017305,74.9999969932
0.79263374839,-0.608172902383,0.792397865804,-0.607998743005,0.719903808565,0.631530713373,75.0000017305,74.9999969932
0.79261207706,-0.608154595714,0.792368947962,-0.607975193459,0.719903808565,0.631530713373,75.0000017305,74.9999969932
0.792590093723,-0.608135998889,0.792339610582,-0.607951274056,0.719903808565,0.631530713373,75.0000017305,74.9999969932
0.79256779881,-0.608117111489,0.792309857433,-0.607926980076,0.719903808565,0.631530713373,75.0000017305,74.9999969932
0.792545192755,-0.608097933094,0.792279689029,-0.607902311041,0.719903808565,0.631530713373,75.0000017305,74.9999969932
0.792522275993,-0.608078463285,0.792249105801,-0.607877266581,0.719903808565,0.631530713373,75.0000017305,74.9999969932
0.792499048958,-0.608058701647,0.792218108188,-0.607851846324,0.719903808565,0.631530713373,75.0000017305,74.9999969932
0.792475512088,-0.608038647762,0.792186696631,-0.607826049896,0.719903808565,0.631530713373,75.0000017305,74.9999969932
0.792451665818,-0.608018301215,0.792154871576,-0.607799876916,0.719903808565,0.631530713373,75.0000017305,74.9999969932
0.792427510588,-0.607997661592,0.792122633473,-0.607773327007,0.719903808565,0.631530713373,75.0000017305,74.9999969932
0.792403046836,-0.607976728479,0.792089982776,-0.607746399784,0.719903808565,0.631530713373,75.0000017305,74.9999969932
0.792378275525,-0.607955500782,0.792056919941,-0.607719094865,0.719903808565,0.631530713373,75.0000017305,74.9999969932
0.792353201848,-0.607933971895,0.792023445429,-0.607691411864,0.719903808565,0.631530713373,75.0000017305,74.9999969932
0.7923278305,-0.607912135863,0.791989559701,-0.607663350396,0.719903808565,0.631530713373,75.0000017305,74.9999969932
0.792302161972,-0.607889992216,0.791955263225,-0.607634910072,0.719903808565,0.631530713373,75.0000017305,74.9999969932
0.792276196758,-0.607867540475,0.791920556468,-0.607606090505,0.719903808565,0.631530713373,75.0000017305,74.9999969932
0.79224993536,-0.60784478016,0.791885439901,-0.607576891306,0.719903808565,0.631530713373,75.0000017305,74.9999969932
0.792223378281,-0.607821710786,0.791849913998,-0.607547312087,0.719903808565,0.631530713373,75.0000017305,74.9999969932
0.792196526032,-0.607798331865,0.791813979235,-0.607517352458,0.719903808565,0.631530713373,75.0000017305,74.9999969932
0.792169379123,-0.607774642906,0.791777636089,-0.60748701203,0.719903808565,0.631530713373,75.0000017305,74.9999969932
0.792141938073,-0.607750643415,0.791740885042,-0.607456290413,0.719903808565,0.631530713373,75.0000017305,74.9999969932
0.792114203399,-0.607726332898,0.791703726576,-0.607425187217,0.719903808565,0.631530713373,75.0000017305,74.9999969932
0.792086175625,-0.607701710856,0.791666161174,-0.607393702054,0.719903808565,0.631530713373,75.0000017305,74.9999969932
0.792057855277,-0.607676776791,0.791628189324,-0.607361834533,0.719903808565,0.631530713373,75.0000017305,74.9999969932
0.792029242882,-0.6076515302,0.791589811515,-0.607329584266,0.719903808565,0.631530713373,75.0000017305,74.9999969932
0.792000338971,-0.607625970583,0.791551028235,-0.607296950864,0.719903808565,0.631530713373,75.0000017305,74.9999969932
0.791971144077,-0.607600097436,0.791511839978,-0.607263933938,0.719903808565,0.631530713373,75.0000017305,74.9999969932
0.791941658737,-0.607573910255,0.791472247238,-0.6072305331,0.719903808565,0.631530713373,75.0000017305,74.9999969932
0.791911883488,-0.607547408535,0.791432250509,-0.607196747963,0.719903808565,0.631530713373,75.0000017305,74.9999969932
0.79188181887,-0.60752059177,0.79139185029,-0.60716257814,0.719903808565,0.631530713373,75.0000017305,74.9999969932
0.791851465425,-0.607493459454,0.79135104708,-0.607128023244,0.719903808565,0.631530713373,75.0000017305,74.9999969932
0.791820823697,-0.60746601108,0.791309841379,-0.607093082889,0.719903808565,0.631530713373,75.0000017305,74.9999969932
0.791789894232,-0.60743824614,0.79126823369,-0.607057756691,0.719903808565,0.631530713373,75.0000017305,74.9999969932
0.791758677578,-0.607410164129,0.791226224517,-0.607022044264,0.719903808565,0.631530713373,75.0000017305,74.9999969932
0.791727174282,-0.607381764537,0.791183814365,-0.606985945224,0.719903808565,0.631530713373,75.0000017305,74.9999969932
0.791695384898,-0.607353046858,0.791141003741,-0.606949459189,0.719903808565,0.631530713373,75.0000017305,74.9999969932
0.791663309977,-0.607324010584,0.791097793155,-0.606912585775,0.719903808565,0.631530713373,75.0000017305,74.9999969932
0.791630950073,-0.607294655208,0.791054183116,-0.606875324601,0.719903808565,0.631530713373,75.0000017305,74.9999969932
0.791598305741,-0.607264980221,0.791010174136,-0.606837675286,0.719903808565,0.631530713373,75.0000017305,74.9999969932
0.79156537754,-0.607234985116,0.790965768063,-0.60679963571,0.719903808565,0.631530713373,75.0000017305,74.9999969932
0.791532166027,-0.607204669386,0.790920967665,-0.606761202557,0.719903808565,0.631530713373,75.0000017305,74.9999969932
0.791498671762,-0.607174032525,0.790875774379,-0.606722374246,0.719903808565,0.631530713373,75.0000017305,74.9999969932
0.791464895307,-0.607143074026,0.790830188743,-0.606683150374,0.719903808565,0.631530713373,75.0000017305,74.9999969932
0.791430837223,-0.607111793383,0.790784211294,-0.606643530541,0.719903808565,0.631530713373,75.0000017305,74.9999969932
0.791396498075,-0.607080190089,0.790737842572,-0.606603514345,0.719903808565,0.631530713373,75.0000017305,74.9999969932
0.791361878428,-0.607048263639,0.790691083121,-0.606563101381,0.719903808565,0.631530713373,75.0000017305,74.9999969932
0.791326978847,-0.60701601353,0.790643933484,-0.606522291249,0.719903808565,0.631530713373,75.0000017305,74.9999969932
0.791291799901,-0.606983439255,0.790596394209,-0.606481083546,0.719903808565,0.631530713373,75.0000017305,74.9999969932
0.791256342157,-0.606950540311,0.790548465846,-0.606439477869,0.719903808565,0.631530713373,75.0000017305,74.9999969932
0.791220606185,-0.606917316196,0.790500148945,-0.606397473815,0.719903808565,0.631530713373,75.0000017305,74.9999969932
0.791184592557,-0.606883766405,0.790451444059,-0.606355070982,0.719903808565,0.631530713373,75.0000017305,74.9999969932
0.791148301844,-0.606849890437,0.790402351744,-0.606312268968,0.719903808565,0.631530713373,75.0000017305,74.9999969932
0.791111734618,-0.606815687791,0.790352872556,-0.606269067371,0.719903808565,0.631530713373,75.0000017305,74.9999969932
0.791074891455,-0.606781157965,0.790303007053,-0.606225465789,0.719903808565,0.631530713373,75.0000017305,74.9999969932
0.79103777356,-0.606746299636,0.790252755798,-0.606181463821,0.719903808565,0.631530713373,75.0000017305,74.9999969932
0.79100038468,-0.606711108171,0.790202119351,-0.606137061066,0.719903808565,0.631530713373,75.0000017305,74.9999969932
0.79096272794,-0.606675579751,0.790151098278,-0.606092257124,0.719903808565,0.631530713373,75.0000017305,74.9999969932
0.790924803938,-0.606639713848,0.790099693143,-0.606047051594,0.719903808565,0.631530713373,75.0000017305,74.9999969932
0.790886613276,-0.606603509937,0.790047904515,-0.606001444077,0.719903808565,0.631530713373,75.0000017305,74.9999969932
0.790848156556,-0.606566967492,0.789995732962,-0.605955434174,0.719903808565,0.631530713373,75.0000017305,74.9999969932
0.790809434384,-0.606530085983,0.789943179056,-0.605909021486,0.719903808565,0.631530713373,75.0000017305,74.9999969932
0.790770447368,-0.606492864884,0.789890243368,-0.605862205616,0.719903808565,0.631530713373,75.0000017305,74.9999969932
0.790731196114,-0.606455303666,0.789836926472,-0.605814986167,0.719903808565,0.631530713373,75.0000017305,74.9999969932
0.790691681234,-0.606417401801,0.789783228945,-0.605767362741,0.719903808565,0.631530713373,75.0000017305,74.9999969932
0.790651903341,-0.606379158761,0.789729151364,-0.605719334943,0.719903808565,0.631530713373,75.0000017305,74.9999969932
0.790611863047,-0.606340574015,0.789674694306,-0.605670902378,0.719903808565,0.631530713373,75.0000017305,74.9999969932
0.790571560968,-0.606301647035,0.789619858372,-0.605622064624,0.719903808565,0.631530713373,75.0000017305,74.9999969932
0.790530997721,-0.606262377293,0.7895646442,-0.605572821215,0.719903808565,0.631530713373,75.0000017305,74.9999969932
0.790490173924,-0.60622276426,0.789509052411,-0.605523171709,0.719903808565,0.631530713373,75.0000017305,74.9999969932
0.790449090197,-0.606182807406,0.789453083588,-0.605473115714,0.719903808565,0.631530713373,75.0000017305,74.9999969932
0.790407747161,-0.606142506203,0.789396738319,-0.605422652838,0.719903808565,0.631530713373,75.0000017305,74.9999969932
0.79036614544,-0.606101860123,0.789340017191,-0.605371782689,0.719903808565,0.631530713373,75.0000017305,74.9999969932
0.790324285656,-0.606060868637,0.789282920794,-0.605320504877,0.719903808565,0.631530713373,75.0000017305,74.9999969932
0.790282168435,-0.606019531217,0.789225449719,-0.605268819012,0.719903808565,0.631530713373,75.0000017305,74.9999969932
0.790239794403,-0.605977847336,0.789167604556,-0.605216724705,0.719903808565,0.631530713373,75.0000017305,74.9999969932
0.790197164189,-0.605935816467,0.789109385902,-0.605164221568,0.719903808565,0.631530713373,75.0000017305,74.9999969932
0.790154278421,-0.605893438082,0.789050794349,-0.605111309214,0.719903808565,0.631530713373,75.0000017305,74.9999969932
0.790111137729,-0.605850711655,0.788991830494,-0.605057987258,0.719903808565,0.631530713373,75.0000017305,74.9999969932
0.790067742745,-0.60580763666,0.788932494935,-0.605004255312,0.719903808565,0.631530713373,75.0000017305,74.9999969932
0.790024094101,-0.605764212571,0.788872788271,-0.604950112994,0.719903808565,0.631530713373,75.0000017305,74.9999969932
0.789980192431,-0.605720438863,0.788812711103,-0.604895559919,0.719903808565,0.631530713373,75.0000017305,74.9999969932
0.789936038369,-0.605676315012,0.788752264031,-0.604840595704,0.719903808565,0.631530713373,75.0000017305,74.9999969932
0.789891632551,-0.605631840494,0.788691447659,-0.604785219969,0.719903808565,0.631530713373,75.0000017305,74.9999969932
0.789846975615,-0.605587014785,0.78863026259,-0.604729432332,0.719903808565,0.631530713373,75.0000017305,74.9999969932
0.789802068197,-0.605541837362,0.788568709432,-0.604673232414,0.719903808565,0.631530713373,75.0000017305,74.9999969932
0.789756910936,-0.605496307703,0.788506788789,-0.604616619835,0.719903808565,0.631530713373,75.0000017305,74.9999969932
0.789711504545,-0.605450425193,0.788444501271,-0.604559594217,0.719903808565,0.631530713373,75.0000017305,74.9999969932
0.789665849744,-0.605404189206,0.788381847487,-0.604502155185,0.719903808565,0.631530713373,75.0000017305,74.9999969932
0.789619947183,-0.605357599212,0.788318828047,-0.604444302362,0.719903808565,0.631530713373,75.0000017305,74.9999969932
0.789573797505,-0.60531065469,0.788255443614,-0.604386035305,0.719903808565,0.631530713373,75.0000017305,74.9999969932
0.789527401355,-0.605263355122,0.788191694867,-0.604327353556,0.719903808565,0.631530713373,75.0000017305,74.9999969932
0.789480759377,-0.605215699987,0.788127582435,-0.604268256725,0.719903808565,0.631530713373,75.0000017305,74.9999969932
0.789433872217,-0.605167688768,0.788063106932,-0.604208744439,0.719903808565,0.631530713373,75.0000017305,74.9999969932
0.789386740524,-0.605119320948,0.787998268977,-0.604148816325,0.719903808565,0.631530713373,75.0000017305,74.9999969932
0.789339364944,-0.605070596008,0.787933069188,-0.604088472012,0.719903808565,0.631530713373,75.0000017305,74.9999969932
0.789291746127,-0.605021513434,0.787867508185,-0.604027711132,0.719903808565,0.631530713373,75.0000017305,74.9999969932
0.789243884722,-0.604972072711,0.78780158659,-0.603966533316,0.719903808565,0.631530713373,75.0000017305,74.9999969932
0.789195781379,-0.604922273323,0.787735305024,-0.603904938194,0.719903808565,0.631530713373,75.0000017305,74.9999969932
0.789147436751,-0.604872114758,0.787668664112,-0.603842925402,0.719903808565,0.631530713373,75.0000017305,74.9999969932
0.789098851489,-0.604821596502,0.787601664478,-0.603780494573,0.719903808565,0.631530713373,75.0000017305,74.9999969932
0.789050026246,-0.604770718044,0.787534306748,-0.603717645343,0.719903808565,0.631530713373,75.0000017305,74.9999969932
0.789000961677,-0.604719478872,0.787466591549,-0.603654377348,0.719903808565,0.631530713373,75.0000017305,74.9999969932
0.788951658435,-0.604667878477,0.78739851951,-0.603590690226,0.719903808565,0.631530713373,75.0000017305,74.9999969932
0.788902117176,-0.604615916348,0.787330091259,-0.603526583614,0.719903808565,0.631530713373,75.0000017305,74.9999969932
0.788852338556,-0.604563591978,0.787261307429,-0.603462057153,0.719903808565,0.631530713373,75.0000017305,74.9999969932
0.788802323233,-0.604510904859,0.78719216865,-0.603397110484,0.719903808565,0.631530713373,75.0000017305,74.9999969932
0.788752071863,-0.604457854484,0.787122675555,-0.603331743247,0.719903808565,0.631530713373,75.0000017305,74.9999969932
0.788701585106,-0.604404440347,0.787052828779,-0.603265955086,0.719903808565,0.631530713373,75.0000017305,74.9999969932
0.788650863621,-0.604350661944,0.786982628963,-0.603199745638,0.719903808565,0.631530713373,75.0000017305,74.9999969932
0.788599908067,-0.60429651877,0.786912076815,-0.603133114452,0.719903808565,0.631530713373,75.0000017305,74.9999969932
0.788548719105,-0.604242010323,0.78684117304,-0.603066061088,0.719903808565,0.631530713373,75.0000017305,74.9999969932
0.788497297397,-0.6041871361,0.786769918278,-0.602998585191,0.719903808565,0.631530713373,75.0000017305,74.9999969932
0.788445643692,-0.604131895485,0.78669831317,-0.602930686409,0.719903808565,0.631530713373,75.0000017305,74.9999969932
0.788393758743,-0.60407628786,0.786626358356,-0.602862364389,0.719903808565,0.631530713373,75.0000017305,74.9999969932
0.78834164322,-0.604020312721,0.786554054481,-0.602793618781,0.719903808565,0.631530713373,75.0000017305,74.9999969932
0.788289297785,-0.603963969567,0.786481402188,-0.602724449235,0.719903808565,0.631530713373,75.0000017305,74.9999969932
0.788236723106,-0.6039072579,0.786408402122,-0.602654855404,0.719903808565,0.631530713373,75.0000017305,74.9999969932
0.788183919848,-0.603850177223,0.786335054929,-0.602584836939,0.719903808565,0.631530713373,75.0000017305,74.9999969932
0.788130888678,-0.60379272704,0.786261361257,-0.602514393494,0.719903808565,0.631530713373,75.0000017305,74.9999969932
0.788077630264,-0.603734906855,0.786187321754,-0.602443524724,0.719903808565,0.631530713373,75.0000017305,74.9999969932
0.788024145274,-0.603676716173,0.786112937071,-0.602372230285,0.719903808565,0.631530713373,75.0000017305,74.9999969932
0.787970434376,-0.603618154501,0.786038207857,-0.602300509834,0.719903808565,0.631530713373,75.0000017305,74.9999969932
0.787916498242,-0.603559221347,0.785963134764,-0.602228363028,0.719903808565,0.631530713373,75.0000017305,74.9999969932
0.787862337539,-0.603499916219,0.785887718446,-0.602155789528,0.719903808565,0.631530713373,75.0000017305,74.9999969932
0.787807952941,-0.603440238627,0.785811959556,-0.602082788993,0.719903808565,0.631530713373,75.0000017305,74.9999969932
0.787753345116,-0.603380188081,0.785735858749,-0.602009361084,0.719903808565,0.631530713373,75.0000017305,74.9999969932
0.787698514739,-0.603319764092,0.785659416707,-0.601935505432,0.719903808565,0.631530713373,75.0000017305,74.9999969932
0.787643462482,-0.603258966173,0.785582634167,-0.601861221596,0.719903808565,0.631530713373,75.0000017305,74.9999969932
0.787588189017,-0.603197793839,0.785505511841,-0.601786509168,0.719903808565,0.631530713373,75.0000017305,74.9999969932
0.787532695018,-0.603136246602,0.785428050391,-0.601711367814,0.719903808565,0.631530713373,75.0000017305,74.9999969932
0.787476981161,-0.603074323979,0.785350250476,-0.6016357972,0.719903808565,0.631530713373,75.0000017305,74.9999969932
0.78742104812,-0.603012025487,0.785272112761,-0.601559796992,0.719903808565,0.631530713373,75.0000017305,74.9999969932
0.787364896571,-0.602949350643,0.785193637907,-0.601483366858,0.719903808565,0.631530713373,75.0000017305,74.9999969932
0.787308527189,-0.602886298966,0.78511482658,-0.601406506469,0.719903808565,0.631530713373,75.0000017305,74.9999969932
0.787251940679,-0.602822869939,0.785035679444,-0.601329215493,0.719903808565,0.631530713373,75.0000017305,74.9999969932
0.78719513782,-0.602759062953,0.784956197167,-0.601251493602,0.719903808565,0.631530713373,75.0000017305,74.9999969932
0.787138119364,-0.60269487743,0.784876380416,-0.60117334047,0.719903808565,0.631530713373,75.0000017305,74.9999969932
0.787080885991,-0.602630312893,0.78479622986,-0.601094755769,0.719903808565,0.631530713373,75.0000017305,74.9999969932
0.78702343838,-0.602565368864,0.784715746168,-0.601015739175,0.719903808565,0.631530713373,75.0000017305,74.9999969932
0.786965777211,-0.602500044867,0.784634930012,-0.600936290363,0.719903808565,0.631530713373,75.0000017305,74.9999969932
0.786907903166,-0.602434340428,0.784553782062,-0.60085640901,0.719903808565,0.631530713373,75.0000017305,74.9999969932
0.786849816926,-0.602368255072,0.784472302992,-0.600776094794,0.719903808565,0.631530713373,75.0000017305,74.9999969932
0.786791519173,-0.602301788326,0.784390493477,-0.600695347394,0.719903808565,0.631530713373,75.0000017305,74.9999969932
0.78673301059,-0.60223493972,0.784308354279,-0.600614166376,0.719903808565,0.631530713373,75.0000017305,74.9999969932
0.786674291859,-0.602167708781,0.784225886158,-0.60053255131,0.719903808565,0.631530713373,75.0000017305,74.9999969932
0.786615363663,-0.60210009504,0.784143089792,-0.600450501878,0.719903808565,0.631530713373,75.0000017305,74.9999969932
0.786556226688,-0.60203209803,0.784059965861,-0.600368017762,0.719903808565,0.631530713373,75.0000017305,74.9999969932
0.786496881618,-0.601963717281,0.783976515043,-0.600285098646,0.719903808565,0.631530713373,75.0000017305,74.9999969932
0.786437329136,-0.601894952328,0.783892738021,-0.600201744215,0.719903808565,0.631530713373,75.0000017305,74.9999969932
0.786377569931,-0.601825802706,0.783808635475,-0.600117954156,0.719903808565,0.631530713373,75.0000017305,74.9999969932
0.786317604686,-0.60175626795,0.783724208088,-0.600033728154,0.719903808565,0.631530713373,75.0000017305,74.9999969932
0.786257434089,-0.601686347597,0.783639456544,-0.599949065899,0.719903808565,0.631530713373,75.0000017305,74.9999969932
0.786197058826,-0.601616041184,0.783554381529,-0.59986396708,0.719903808565,0.631530713373,75.0000017305,74.9999969932
0.786136479586,-0.601545348252,0.783468983727,-0.599778431387,0.719903808565,0.631530713373,75.0000017305,74.9999969932
0.786075697056,-0.60147426834,0.783383263826,-0.599692458512,0.719903808565,0.631530713373,75.0000017305,74.9999969932
0.786014712015,-0.60140280087,0.783297222514,-0.599606048148,0.719903808565,0.631530713373,75.0000017305,74.9999969932
0.785953525264,-0.60133094524,0.783210860478,-0.599519199989,0.719903808565,0.631530713373,75.0000017305,74.9999969932
0.785892137513,-0.601258700964,0.78312417841,-0.599431913729,0.719903808565,0.631530713373,75.0000017305,74.9999969932
0.785830549453,-0.601186067586,0.783037177079,-0.599344188961,0.719903808565,0.631530713373,75.0000017305,74.9999969932
0.785768761776,-0.601113044651,0.78294985727,-0.599256025261,0.719903808565,0.631530713373,75.0000017305,74.9999969932
0.785706775172,-0.601039631704,0.782862219691,-0.599167422308,0.719903808565,0.631530713373,75.0000017305,74.9999969932
0.785644590334,-0.600965828291,0.782774265035,-0.5990783798,0.719903808565,0.631530713373,75.0000017305,74.9999969932
0.785582207954,-0.600891633961,0.782685993999,-0.598988897437,0.719903808565,0.631530713373,75.0000017305,74.9999969932
0.785519628726,-0.600817048263,0.782597407278,-0.598898974919,0.719903808565,0.631530713373,75.0000017305,74.9999969932
0.785456853341,-0.600742070746,0.782508505571,-0.59880861195,0.719903808565,0.631530713373,75.0000017305,74.9999969932
0.785393882495,-0.600666700962,0.782419289575,-0.59871780823,0.719903808565,0.631530713373,75.0000017305,74.9999969932
0.785330716881,-0.600590938462,0.78232975999,-0.598626563465,0.719903808565,0.631530713373,75.0000017305,74.9999969932
0.785267357193,-0.600514782801,0.782239917517,-0.598534877359,0.719903808565,0.631530713373,75.0000017305,74.9999969932
0.785203804128,-0.600438233532,0.782149762856,-0.598442749619,0.719903808565,0.631530713373,75.0000017305,74.9999969932
0.785140058379,-0.600361290212,0.78205929671,-0.598350179952,0.719903808565,0.631530713373,75.0000017305,74.9999969932
0.785076120644,-0.600283952396,0.781968519782,-0.598257168067,0.719903808565,0.631530713373,75.0000017305,74.9999969932
0.785011991617,-0.600206219644,0.781877432777,-0.598163713674,0.719903808565,0.631530713373,75.0000017305,74.9999969932
0.784947671996,-0.600128091513,0.781786036459,-0.598069816403,0.719903808565,0.631530713373,75.0000017305,74.9999969932
0.784883162482,-0.60004956756,0.781694331635,-0.597975475836,0.719903808565,0.631530713373,75.0000017305,74.9999969932
0.784818463891,-0.599970647188,0.78160231905,-0.597880691636,0.719903808565,0.631530713373,75.0000017305,74.9999969932
0.78475357704,-0.599891329805,0.781509999413,-0.597785463516,0.719903808565,0.631530713373,75.0000017305,74.9999969932
0.784688502627,-0.599811614974,0.781417373435,-0.597689791189,0.719903808565,0.631530713373,75.0000017305,74.9999969932
0.784623241352,-0.599731502258,0.781324441825,-0.59759367437,0.719903808565,0.631530713373,75.0000017305,74.9999969932
0.784557793914,-0.599650991222,0.781231205295,-0.597497112777,0.719903808565,0.631530713373,75.0000017305,74.9999969932
0.784492161014,-0.599570081431,0.781137664557,-0.597400106127,0.719903808565,0.631530713373,75.0000017305,74.9999969932
0.784426343352,-0.599488772452,0.781043820325,-0.597302654138,0.719903808565,0.631530713373,75.0000017305,74.9999969932
0.78436034163,-0.599407063853,0.780949673313,-0.597204756531,0.719903808565,0.631530713373,75.0000017305,74.9999969932
0.784294156547,-0.599324955204,0.780855224237,-0.597106413025,0.719903808565,0.631530713373,75.0000017305,74.9999969932
0.784227788805,-0.599242446074,0.780760473811,-0.597007623344,0.719903808565,0.631530713373,75.0000017305,74.9999969932
0.784161239108,-0.599159536035,0.780665422754,-0.59690838721,0.719903808565,0.631530713373,75.0000017305,74.9999969932
0.784094508155,-0.599076224659,0.780570071797,-0.596808704329,0.719903808565,0.631530713373,75.0000017305,74.9999969932
0.784027596652,-0.59899251152,0.780474421764,-0.596708574288,0.719903808565,0.631530713373,75.0000017305,74.9999969932
0.783960505299,-0.598908396193,0.780378473467,-0.596607996695,0.719903808565,0.631530713373,75.0000017305,74.9999969932
0.7838932348,-0.598823878254,0.780282227628,-0.596506971275,0.719903808565,0.631530713373,75.0000017305,74.9999969932
0.78382578586,-0.598738957279,0.780185684968,-0.596405497756,0.719903808565,0.631530713373,75.0000017305,74.9999969932
0.78375815918,-0.598653632848,0.780088846211,-0.596303575867,0.719903808565,0.631530713373,75.0000017305,74.9999969932
0.783690355537,-0.598567904447,0.77999171208,-0.596201205338,0.719903808565,0.631530713373,75.0000017305,74.9999969932
0.783622375763,-0.598481771489,0.779894283302,-0.5960983859,0.719903808565,0.631530713373,75.0000017305,74.9999969932
0.783554220624,-0.598395233475,0.779796560601,-0.595995117284,0.719903808565,0.631530713373,75.0000017305,74.9999969932
0.783485890826,-0.598308289987,0.779698544705,-0.595891399225,0.719903808565,0.631530713373,75.0000017305,74.9999969932
0.783417387075,-0.598220940608,0.779600236341,-0.595787231456,0.719903808565,0.631530713373,75.0000017305,74.9999969932
0.783348710078,-0.598133184921,0.779501636237,-0.595682613713,0.719903808565,0.631530713373,75.0000017305,74.9999969932
0.783279860541,-0.598045022512,0.779402745123,-0.595577545732,0.719903808565,0.631530713373,75.0000017305,74.9999969932
0.783210839172,-0.597956452967,0.779303563763,-0.595472027207,0.719903808565,0.631530713373,75.0000017305,74.9999969932
0.783141646678,-0.597867475873,0.779204092998,-0.595366057732,0.719903808565,0.631530713373,75.0000017305,74.9999969932
0.783072283766,-0.597778090819,0.779104333638,-0.595259636945,0.719903808565,0.631530713373,75.0000017305,74.9999969932
0.783002751146,-0.597688297394,0.779004286417,-0.595152764586,0.719903808565,0.631530713373,75.0000017305,74.9999969932
0.782933049525,-0.597598095189,0.77890395207,-0.595045440396,0.719903808565,0.631530713373,75.0000017305,74.9999969932
0.782863179611,-0.597507483796,0.778803331331,-0.594937664117,0.719903808565,0.631530713373,75.0000017305,74.9999969932
0.782793142114,-0.597416462808,0.778702424936,-0.594829435493,0.719903808565,0.631530713373,75.0000017305,74.9999969932
0.782722937742,-0.59732503182,0.778601233624,-0.594720754267,0.719903808565,0.631530713373,75.0000017305,74.9999969932
0.782652567205,-0.597233190426,0.778499758131,-0.594611620185,0.719903808565,0.631530713373,75.0000017305,74.9999969932
0.782582031226,-0.597140938206,0.778397999196,-0.594502032993,0.719903808565,0.631530713373,75.0000017305,74.9999969932
0.782511330652,-0.597048274577,0.77829595756,-0.59439199244,0.719903808565,0.631530713373,75.0000017305,74.9999969932
0.782440466318,-0.596955198974,0.778193633961,-0.594281498274,0.719903808565,0.631530713373,75.0000017305,74.9999969932
0.782369438936,-0.596861710995,0.778091029145,-0.594170550241,0.719903808565,0.631530713373,75.0000017305,74.9999969932
0.782298249217,-0.596767810241,0.777988143968,-0.594059147942,0.719903808565,0.631530713373,75.0000017305,74.9999969932
0.782226897872,-0.596673496312,0.777884979284,-0.593947290983,0.719903808565,0.631530713373,75.0000017305,74.9999969932
0.782155385614,-0.596578768812,0.777781535838,-0.593834979116,0.719903808565,0.631530713373,75.0000017305,74.9999969932
0.782083713155,-0.596483627342,0.777677814376,-0.593722212095,0.719903808565,0.631530713373,75.0000017305,74.9999969932
0.782011881207,-0.596388071508,0.777573815642,-0.593608989673,0.719903808565,0.631530713373,75.0000017305,74.9999969932
0.781939890482,-0.596292100916,0.777469540384,-0.593495311606,0.719903808565,0.631530713373,75.0000017305,74.9999969932
0.781867741693,-0.596195715173,0.777364989351,-0.593381177651,0.719903808565,0.631530713373,75.0000017305,74.9999969932
0.781795435554,-0.596098913886,0.777260163289,-0.593266587566,0.719903808565,0.631530713373,75.0000017305,74.9999969932
0.781722972776,-0.596001696664,0.777155062949,-0.593151541108,0.719903808565,0.631530713373,75.0000017305,74.9999969932
0.781650354074,-0.595904063119,0.77704968908,-0.593036038039,0.719903808565,0.631530713373,75.0000017305,74.9999969932
0.781577580161,-0.595806012862,0.776944042434,-0.592920078118,0.719903808565,0.631530713373,75.0000017305,74.9999969932
0.781504651751,-0.595707545505,0.77683812379,-0.592803661074,0.719903808565,0.631530713373,75.0000017305,74.9999969932
0.781431569634,-0.595608660562,0.776731934016,-0.592686786514,0.719903808565,0.631530713373,75.0000017305,74.9999969932
0.781358334671,-0.595509357457,0.776625473957,-0.592569454085,0.719903808565,0.631530713373,75.0000017305,74.9999969932
0.781284947645,-0.595409635712,0.776518744366,-0.592451663552,0.719903808565,0.631530713373,75.0000017305,74.9999969932
0.781211409273,-0.595309494945,0.776411746001,-0.59233341468,0.719903808565,0.631530713373,75.0000017305,74.9999969932
0.781137720269,-0.595208934772,0.776304479616,-0.592214707235,0.719903808565,0.631530713373,75.0000017305,74.9999969932
0.78106388135,-0.595107954811,0.776196945969,-0.592095540986,0.719903808565,0.631530713373,75.0000017305,74.9999969932
0.780989893231,-0.595006554683,0.776089145819,-0.591975915701,0.719903808565,0.631530713373,75.0000017305,74.9999969932
0.780915756629,-0.594904734009,0.775981079922,-0.59185583115,0.719903808565,0.631530713373,75.0000017305,74.9999969932
0.780841472259,-0.594802492409,0.775872749039,-0.591735287104,0.719903808565,0.631530713373,75.0000017305,74.9999969932
0.780767040838,-0.594699829507,0.77576415393,-0.591614283335,0.719903808565,0.631530713373,75.0000017305,74.9999969932
0.780692463082,-0.594596744927,0.775655295355,-0.591492819616,0.719903808565,0.631530713373,75.0000017305,74.9999969932
0.780617739708,-0.594493238296,0.77554617418,-0.591370895587,0.719903808565,0.631530713373,75.0000017305,74.9999969932
0.780542871432,-0.594389309238,0.775436791285,-0.591248510866,0.719903808565,0.631530713373,75.0000017305,74.9999969932
0.780467858972,-0.594284957383,0.775327147451,-0.591125665209,0.719903808565,0.631530713373,75.0000017305,74.9999969932
0.780392703043,-0.594180182358,0.775217243442,-0.591002358391,0.719903808565,0.631530713373,75.0000017305,74.9999969932
0.780317404469,-0.594074983658,0.775107080022,-0.590878590191,0.719903808565,0.631530713373,75.0000017305,74.9999969932
0.780241964119,-0.593969360711,0.774996657959,-0.590754360387,0.719903808565,0.631530713373,75.0000017305,74.9999969932
0.78016638276,-0.593863313084,0.774885978018,-0.59062966876,0.719903808565,0.631530713373,75.0000017305,74.9999969932
0.78009066111,-0.593756840412,0.774775040967,-0.59050451509,0.719903808565,0.631530713373,75.0000017305,74.9999969932
0.780014799888,-0.593649942326,0.774663847574,-0.59037889916,0.719903808565,0.631530713373,75.0000017305,74.9999969932
0.779938799812,-0.593542618461,0.774552398609,-0.590252820752,0.719903808565,0.631530713373,75.0000017305,74.9999969932
0.779862661601,-0.593434868453,0.774440694839,-0.590126279652,0.719903808565,0.631530713373,75.0000017305,74.9999969932
0.779786385974,-0.59332669194,0.774328737142,-0.589999275506,0.719903808565,0.631530713373,75.0000017305,74.9999969932
0.779709973649,-0.593218088558,0.774216526408,-0.589871807942,0.719903808565,0.631530713373,75.0000017305,74.9999969932
0.779633425346,-0.593109057949,0.774104063424,-0.589743876729,0.719903808565,0.631530713373,75.0000017305,74.9999969932
0.779556741783,-0.592999599751,0.773991348963,-0.589615481653,0.719903808565,0.631530713373,75.0000017305,74.9999969932
0.779479923679,-0.592889713607,0.773878383798,-0.589486622505,0.719903808565,0.631530713373,75.0000017305,74.9999969932
0.779402971754,-0.592779399159,0.773765168705,-0.589357299074,0.719903808565,0.631530713373,75.0000017305,74.9999969932
0.779325886727,-0.592668656052,0.773651704458,-0.589227511151,0.719903808565,0.631530713373,75.0000017305,74.9999969932
0.779248669391,-0.592557483833,0.773537991832,-0.589097258529,0.719903808565,0.631530713373,75.0000017305,74.9999969932
0.779171320623,-0.592445881939,0.773424031604,-0.588966541,0.719903808565,0.631530713373,75.0000017305,74.9999969932
0.779093841228,-0.592333849909,0.77330982455,-0.588835358359,0.719903808565,0.631530713373,75.0000017305,74.9999969932
0.779016231925,-0.592221387389,0.773195371478,-0.588703710366,0.719903808565,0.631530713373,75.0000017305,74.9999969932
0.778938493434,-0.592108494029,0.773080673284,-0.588571596658,0.719903808565,0.631530713373,75.0000017305,74.9999969932
0.778860626477,-0.591995169477,0.77296573084,-0.588439016912,0.719903808565,0.631530713373,75.0000017305,74.9999969932
0.778782631773,-0.591881413385,0.772850544926,-0.588305970927,0.719903808565,0.631530713373,75.0000017305,74.9999969932
0.778704510042,-0.591767225405,0.772735116324,-0.588172458501,0.719903808565,0.631530713373,75.0000017305,74.9999969932
0.778626262006,-0.591652605191,0.772619445814,-0.588038479434,0.719903808565,0.631530713373,75.0000017305,74.9999969932
0.778547888384,-0.591537552396,0.77250353418,-0.587904033527,0.719903808565,0.631530713373,75.0000017305,74.9999969932
0.778469389898,-0.591422066676,0.772387382203,-0.587769120583,0.719903808565,0.631530713373,75.0000017305,74.9999969932
0.778390767267,-0.591306147688,0.772270990667,-0.587633740406,0.719903808565,0.631530713373,75.0000017305,74.9999969932
0.778312021212,-0.59118979509,0.772154360356,-0.587497892799,0.719903808565,0.631530713373,75.0000017305,74.9999969932
0.778233152454,-0.591073008542,0.772037492055,-0.587361577569,0.719903808565,0.631530713373,75.0000017305,74.9999969932
0.778154161843,-0.590955787531,0.771920386655,-0.587224794381,0.719903808565,0.631530713373,75.0000017305,74.9999969932
0.778075050263,-0.590838131507,0.771803045063,-0.587087542886,0.719903808565,0.631530713373,75.0000017305,74.9999969932
0.777995818463,-0.59072004009,0.771685468079,-0.586949822875,0.719903808565,0.631530713373,75.0000017305,74.9999969932
0.777916467166,-0.590601512944,0.771567656491,-0.586811634156,0.719903808565,0.631530713373,75.0000017305,74.9999969932
0.777836997094,-0.590482549731,0.771449611085,-0.586672976541,0.719903808565,0.631530713373,75.0000017305,74.9999969932
0.777757408967,-0.590363150118,0.771331332652,-0.586533849841,0.719903808565,0.631530713373,75.0000017305,74.9999969932
0.777677703506,-0.59024331377,0.771212821981,-0.586394253867,0.719903808565,0.631530713373,75.0000017305,74.9999969932
0.777597881433,-0.590123040355,0.771094079862,-0.586254188434,0.719903808565,0.631530713373,75.0000017305,74.9999969932
0.777517943468,-0.590002329541,0.770975107085,-0.586113653357,0.719903808565,0.631530713373,75.0000017305,74.9999969932
0.777437890334,-0.589881180998,0.770855904442,-0.58597264845,0.719903808565,0.631530713373,75.0000017305,74.9999969932
0.777357722751,-0.589759594396,0.770736472822,-0.585831173402,0.719903808565,0.631530713373,75.0000017305,74.9999969932
0.77727744144,-0.589637569409,0.770616813138,-0.585689227873,0.719903808565,0.631530713373,75.0000017305,74.9999969932
0.777197047122,-0.589515105708,0.770496926203,-0.585546811655,0.719903808565,0.631530713373,75.0000017305,74.9999969932
0.77711654062,-0.589392202833,0.77037681281,-0.585403924568,0.719903808565,0.631530713373,75.0000017305,74.9999969932
0.77703592282,-0.589268860243,0.770256473755,-0.585260566432,0.719903808565,0.631530713373,75.0000017305,74.9999969932
0.776955194503,-0.589145077535,0.770135909832,-0.585116737068,0.719903808565,0.631530713373,75.0000017305,74.9999969932
0.776874356391,-0.589020854385,0.770015121837,-0.5849724363,0.719903808565,0.631530713373,75.0000017305,74.9999969932
0.776793409204,-0.588896190472,0.769894110566,-0.584827663951,0.719903808565,0.631530713373,75.0000017305,74.9999969932
0.776712353665,-0.588771085474,0.769772876815,-0.584682419846,0.719903808565,0.631530713373,75.0000017305,74.9999969932
0.776631190494,-0.588645539071,0.769651421385,-0.584536703807,0.719903808565,0.631530713373,75.0000017305,74.9999969932
0.776549920413,-0.588519550946,0.76952974519,-0.584390515508,0.719903808565,0.631530713373,75.0000017305,74.9999969932
0.776468544142,-0.588393120781,0.769407849144,-0.584243854626,0.719903808565,0.631530713373,75.0000017305,74.9999969932
0.776387062403,-0.588266248259,0.769285734046,-0.584096720987,0.719903808565,0.631530713373,75.0000017305,74.9999969932
0.776305475916,-0.588138933066,0.769163400694,-0.583949114424,0.719903808565,0.631530713373,75.0000017305,74.9999969932
0.776223785402,-0.588011174888,0.769040849891,-0.583801034765,0.719903808565,0.631530713373,75.0000017305,74.9999969932
0.776141991581,-0.587882973413,0.768918082435,-0.583652481844,0.719903808565,0.631530713373,75.0000017305,74.9999969932
0.776060095319,-0.587754328137,0.768795099129,-0.583503455493,0.719903808565,0.631530713373,75.0000017305,74.9999969932
0.7759780975,-0.587625238535,0.768671900774,-0.583353955546,0.719903808565,0.631530713373,75.0000017305,74.9999969932
0.775895998866,-0.587495704268,0.768548488173,-0.583203981838,0.719903808565,0.631530713373,75.0000017305,74.9999969932
0.775813800136,-0.587365725027,0.768424862179,-0.583053534139,0.719903808565,0.631530713373,75.0000017305,74.9999969932
0.775731502033,-0.587235300506,0.76830102371,-0.582902612133,0.719903808565,0.631530713373,75.0000017305,74.9999969932
0.775649105276,-0.587104430397,0.768176973633,-0.582751215577,0.719903808565,0.631530713373,75.0000017305,74.9999969932
0.775566610585,-0.586973114395,0.768052712753,-0.582599344309,0.719903808565,0.631530713373,75.0000017305,74.9999969932
0.775484018681,-0.586841352196,0.767928241875,-0.582446998169,0.719903808565,0.631530713373,75.0000017305,74.9999969932
0.775401330284,-0.586709143496,0.767803561804,-0.582294176999,0.719903808565,0.631530713373,75.0000017305,74.9999969932
0.775318546113,-0.586576487994,0.767678673346,-0.582140880639,0.719903808565,0.631530713373,75.0000017305,74.9999969932
0.775235666889,-0.586443385389,0.767553577307,-0.581987108935,0.719903808565,0.631530713373,75.0000017305,74.9999969932
0.77515269333,-0.586309835382,0.767428274494,-0.581832861729,0.719903808565,0.631530713373,75.0000017305,74.9999969932
0.77506962624,-0.586175837563,0.767302765725,-0.581678138855,0.719903808565,0.631530713373,75.0000017305,74.9999969932
0.774986466501,-0.58604139142,0.767177051917,-0.581522940014,0.719903808565,0.631530713373,75.0000017305,74.9999969932
0.774903214914,-0.585906496548,0.767051133978,-0.581367264921,0.719903808565,0.631530713373,75.0000017305,74.9999969932
0.774819872198,-0.585771152651,0.766925012718,-0.581211113424,0.719903808565,0.631530713373,75.0000017305,74.9999969932
0.774736439072,-0.585635359436,0.766798688947,-0.581054485372,0.719903808565,0.631530713373,75.0000017305,74.9999969932
0.774652916255,-0.585499116608,0.766672163472,-0.580897380616,0.719903808565,0.631530713373,75.0000017305,74.9999969932
0.774569304466,-0.585362423876,0.766545437106,-0.580739799007,0.719903808565,0.631530713373,75.0000017305,74.9999969932
0.774485604424,-0.585225280948,0.766418510658,-0.580581740399,0.719903808565,0.631530713373,75.0000017305,74.9999969932
0.774401816846,-0.585087687534,0.766291384939,-0.580423204644,0.719903808565,0.631530713373,75.0000017305,74.9999969932
0.774317942451,-0.584949643347,0.766164060761,-0.580264191598,0.719903808565,0.631530713373,75.0000017305,74.9999969932
0.774233981957,-0.584811148097,0.766036538994,-0.580104701039,0.719903808565,0.631530713373,75.0000017305,74.9999969932
0.774149936081,-0.5846722015,0.765908820512,-0.579944732741,0.719903808565,0.631530713373,75.0000017305,74.9999969932
0.77406580562,-0.584532803165,0.765780906132,-0.579784286558,0.719903808565,0.631530713373,75.0000017305,74.9999969932
0.773981591455,-0.584392952591,0.765652796666,-0.579623362349,0.719903808565,0.631530713373,75.0000017305,74.9999969932
0.773897294386,-0.584252649385,0.765524492926,-0.579461959977,0.719903808565,0.631530713373,75.0000017305,74.9999969932
0.773812915132,-0.584111893262,0.765395995725,-0.579300079304,0.719903808565,0.631530713373,75.0000017305,74.9999969932
0.773728454409,-0.583970683942,0.765267305876,-0.579137720192,0.719903808565,0.631530713373,75.0000017305,74.9999969932
0.773643912934,-0.583829021145,0.765138424193,-0.578974882508,0.719903808565,0.631530713373,75.0000017305,74.9999969932
0.773559291424,-0.583686904591,0.76500935149,-0.578811566116,0.719903808565,0.631530713373,75.0000017305,74.9999969932
0.773474590593,-0.583544334004,0.764880088462,-0.57864777104,0.719903808565,0.631530713373,75.0000017305,74.9999969932
0.77338981116,-0.583401309106,0.764750635796,-0.578483497315,0.719903808565,0.631530713373,75.0000017305,74.9999969932
0.773304953838,-0.583257829622,0.764620994297,-0.578318744827,0.719903808565,0.631530713373,75.0000017305,74.9999969932
0.773220019343,-0.583113895277,0.764491164774,-0.578153513452,0.719903808565,0.631530713373,75.0000017305,74.9999969932
0.773135008391,-0.5829695058,0.764361148036,-0.57798780307,0.719903808565,0.631530713373,75.0000017305,74.9999969932
0.773049921821,-0.582824660751,0.764230944896,-0.577821613559,0.719903808565,0.631530713373,75.0000017305,74.9999969932
0.772964760509,-0.582679359647,0.764100556163,-0.5776549448,0.719903808565,0.631530713373,75.0000017305,74.9999969932
0.772879525207,-0.582533602167,0.763969982649,-0.577487796673,0.719903808565,0.631530713373,75.0000017305,74.9999969932
0.772794216628,-0.582387388042,0.763839225169,-0.577320169059,0.719903808565,0.631530713373,75.0000017305,74.9999969932
0.772708835487,-0.582240717005,0.763708284555,-0.577152061814,0.719903808565,0.631530713373,75.0000017305,74.9999969932
0.772623382498,-0.58209358879,0.763577161634,-0.576983474801,0.719903808565,0.631530713373,75.0000017305,74.9999969932
0.772537858373,-0.58194600313,0.76344585722,-0.576814407908,0.719903808565,0.631530713373,75.0000017305,74.9999969932
0.772452263827,-0.58179795976,0.763314372121,-0.576644861024,0.719903808565,0.631530713373,75.0000017305,74.9999969932
0.77236659957,-0.581649458419,0.76318270715,-0.576474834039,0.719903808565,0.631530713373,75.0000017305,74.9999969932
0.772280866316,-0.581500498844,0.763050863119,-0.576304326845,0.719903808565,0.631530713373,75.0000017305,74.9999969932
0.772195064777,-0.581351080773,0.76291884084,-0.576133339335,0.719903808565,0.631530713373,75.0000017305,74.9999969932
0.772109195719,-0.581201203875,0.762786641124,-0.5759618714,0.719903808565,0.631530713373,75.0000017305,74.9999969932
0.772023260013,-0.581050867679,0.762654264798,-0.575789922921,0.719903808565,0.631530713373,75.0000017305,74.9999969932
0.771937258474,-0.580900071789,0.762521712699,-0.575617493757,0.719903808565,0.631530713373,75.0000017305,74.9999969932
0.771851191812,-0.580748815949,0.762388985652,-0.575444583792,0.719903808565,0.631530713373,75.0000017305,74.9999969932
0.771765060738,-0.580597099903,0.76225608447,-0.575271192923,0.719903808565,0.631530713373,75.0000017305,74.9999969932
0.771678865962,-0.580444923397,0.762123009964,-0.575097321053,0.719903808565,0.631530713373,75.0000017305,74.9999969932
0.771592608194,-0.580292286178,0.761989762946,-0.574922968084,0.719903808565,0.631530713373,75.0000017305,74.9999969932
0.771506288144,-0.580139187993,0.76185634423,-0.574748133917,0.719903808565,0.631530713373,75.0000017305,74.9999969932
0.77141990652,-0.579985628592,0.761722754628,-0.574572818458,0.719903808565,0.631530713373,75.0000017305,74.9999969932
0.771333464031,-0.579831607724,0.761588994953,-0.574397021611,0.719903808565,0.631530713373,75.0000017305,74.9999969932
0.771246961386,-0.579677125142,0.761455066034,-0.574220743263,0.719903808565,0.631530713373,75.0000017305,74.9999969932
0.771160399319,-0.57952218056,0.761320968699,-0.574043983302,0.719903808565,0.631530713373,75.0000017305,74.9999969932
0.771073778694,-0.579366773526,0.761186703759,-0.57386674164,0.719903808565,0.631530713373,75.0000017305,74.9999969932
0.770987100345,-0.579210903626,0.761052272028,-0.573689018186,0.719903808565,0.631530713373,75.0000017305,74.9999969932
0.770900364978,-0.579054570615,0.760917674317,-0.573510812855,0.719903808565,0.631530713373,75.0000017305,74.9999969932
0.770813573299,-0.578897774252,0.76078291144,-0.57333212556,0.719903808565,0.631530713373,75.0000017305,74.9999969932
0.770726726014,-0.578740514293,0.76064798421,-0.573152956216,0.719903808565,0.631530713373,75.0000017305,74.9999969932
0.77063982383,-0.578582790498,0.760512893439,-0.572973304738,0.719903808565,0.631530713373,75.0000017305,74.9999969932
0.77055286745,-0.578424602628,0.760377639945,-0.572793171041,0.719903808565,0.631530713373,75.0000017305,74.9999969932
0.770465857581,-0.578265950443,0.760242224545,-0.572612555035,0.719903808565,0.631530713373,75.0000017305,74.9999969932
0.770378794925,-0.578106833706,0.760106648053,-0.572431456641,0.719903808565,0.631530713373,75.0000017305,74.9999969932
0.770291680188,-0.577947252181,0.759970911282,-0.57224987578,0.719903808565,0.631530713373,75.0000017305,74.9999969932
0.77020451411,-0.577787205582,0.759835015044,-0.572067812377,0.719903808565,0.631530713373,75.0000017305,74.9999969932
0.770117297543,-0.577626693478,0.759698960151,-0.571885266355,0.719903808565,0.631530713373,75.0000017305,74.9999969932
0.7700300313,-0.577465715487,0.759562747416,-0.571702237642,0.719903808565,0.631530713373,75.0000017305,74.9999969932
0.769942716083,-0.577304271378,0.759426377652,-0.571518726164,0.719903808565,0.631530713373,75.0000017305,74.9999969932
0.769855352593,-0.577142360921,0.75928985167,-0.571334731851,0.719903808565,0.631530713373,75.0000017305,74.9999969932
0.769767941533,-0.576979983885,0.75915317028,-0.571150254638,0.719903808565,0.631530713373,75.0000017305,74.9999969932
0.769680483601,-0.576817140043,0.75901633429,-0.57096529446,0.719903808565,0.631530713373,75.0000017305,74.9999969932
0.769592979499,-0.576653829168,0.758879344512,-0.570779851251,0.719903808565,0.631530713373,75.0000017305,74.9999969932
0.769505429926,-0.576490051034,0.758742201758,-0.570593924946,0.719903808565,0.631530713373,75.0000017305,74.9999969932
0.769417835581,-0.576325805415,0.75860490684,-0.57040751548,0.719903808565,0.631530713373,75.0000017305,74.9999969932
0.769330197162,-0.576161092088,0.75846746057,-0.570220622791,0.719903808565,0.631530713373,75.0000017305,74.9999969932
0.769242515416,-0.575995910768,0.75832986376,-0.570033246816,0.719903808565,0.631530713373,75.0000017305,74.9999969932
0.769154791123,-0.575830261121,0.758192117218,-0.569845387499,0.719903808565,0.631530713373,75.0000017305,74.9999969932
0.769067025019,-0.575664142877,0.758054221744,-0.569657044797,0.719903808565,0.631530713373,75.0000017305,74.9999969932
0.768979217797,-0.575497555819,0.757916178143,-0.569468218663,0.719903808565,0.631530713373,75.0000017305,74.9999969932
0.768891370153,-0.575330499731,0.757777987224,-0.569278909042,0.719903808565,0.631530713373,75.0000017305,74.9999969932
0.768803482782,-0.575162974397,0.757639649799,-0.56908911588,0.719903808565,0.631530713373,75.0000017305,74.9999969932
0.768715556376,-0.574994979603,0.757501166677,-0.568898839123,0.719903808565,0.631530713373,75.0000017305,74.9999969932
0.768627591629,-0.574826515138,0.757362538671,-0.56870807872,0.719903808565,0.631530713373,75.0000017305,74.9999969932
0.768539589235,-0.574657580789,0.75722376659,-0.56851683462,0.719903808565,0.631530713373,75.0000017305,74.9999969932
0.768451549884,-0.574488176345,0.75708485124,-0.568325106781,0.719903808565,0.631530713373,75.0000017305,74.9999969932
0.76836347426,-0.574318301609,0.756945793414,-0.568132895179,0.719903808565,0.631530713373,75.0000017305,74.9999969932
0.768275362884,-0.5741479566,0.756806593909,-0.567940199784,0.719903808565,0.631530713373,75.0000017305,74.9999969932
0.768187216286,-0.573977141327,0.756667253534,-0.567747020553,0.719903808565,0.631530713373,75.0000017305,74.9999969932
0.768099035147,-0.573805855593,0.7565277731,-0.567553357441,0.719903808565,0.631530713373,75.0000017305,74.9999969932
0.768010820152,-0.573634099203,0.756388153415,-0.567359210408,0.719903808565,0.631530713373,75.0000017305,74.9999969932
0.767922571983,-0.573461871961,0.756248395289,-0.567164579413,0.719903808565,0.631530713373,75.0000017305,74.9999969932
0.767834291322,-0.573289173673,0.756108499532,-0.566969464415,0.719903808565,0.631530713373,75.0000017305,74.9999969932
0.767745978851,-0.573116004145,0.755968466941,-0.566773865391,0.719903808565,0.631530713373,75.0000017305,74.9999969932
0.767657635251,-0.572942363187,0.755828298301,-0.566577782337,0.719903808565,0.631530713373,75.0000017305,74.9999969932
0.767569261201,-0.572768250609,0.755687994409,-0.566381215234,0.719903808565,0.631530713373,75.0000017305,74.9999969932
0.767480857383,-0.572593666219,0.755547556071,-0.566184164051,0.719903808565,0.631530713373,75.0000017305,74.9999969932
0.767392424494,-0.572418609804,0.755406984095,-0.565986628755,0.719903808565,0.631530713373,75.0000017305,74.9999969932
0.76730396324,-0.572243081142,0.755266279289,-0.565788609315,0.719903808565,0.631530713373,75.0000017305,74.9999969932
0.767215474304,-0.572067080039,0.755125442461,-0.565590105702,0.719903808565,0.631530713373,75.0000017305,74.9999969932
0.76712695836,-0.571890606314,0.754984474418,-0.565391117887,0.719903808565,0.631530713373,75.0000017305,74.9999969932
0.767038416084,-0.571713659785,0.754843375948,-0.56519164587,0.719903808565,0.631530713373,75.0000017305,74.9999969932
0.766949848149,-0.571536240274,0.754702147831,-0.564991689661,0.719903808565,0.631530713373,75.0000017305,74.9999969932
0.766861255229,-0.571358347602,0.754560790863,-0.564791249249,0.719903808565,0.631530713373,75.0000017305,74.9999969932
0.766772637996,-0.57117998159,0.754419305852,-0.564590324612,0.719903808565,0.631530713373,75.0000017305,74.9999969932
0.766683997123,-0.571001142064,0.754277693601,-0.564388915729,0.719903808565,0.631530713373,75.0000017305,74.9999969932
0.766595333281,-0.570821828848,0.754135954918,-0.56418702258,0.719903808565,0.631530713373,75.0000017305,74.9999969932
0.766506647161,-0.57064204174,0.753994090608,-0.563984645148,0.719903808565,0.631530713373,75.0000017305,74.9999969932
0.766417939468,-0.570461780522,0.753852101475,-0.563781783416,0.719903808565,0.631530713373,75.0000017305,74.9999969932
0.766329210881,-0.570281045008,0.753709988291,-0.563578437412,0.719903808565,0.631530713373,75.0000017305,74.9999969932
0.766240462069,-0.570099835028,0.75356775183,-0.563374607164,0.719903808565,0.631530713373,75.0000017305,74.9999969932
0.766151693697,-0.569918150418,0.753425392894,-0.563170292661,0.719903808565,0.631530713373,75.0000017305,74.9999969932
0.766062906432,-0.569735991009,0.753282912289,-0.562965493892,0.719903808565,0.631530713373,75.0000017305,74.9999969932
0.765974100937,-0.569553356639,0.753140310816,-0.562760210847,0.719903808565,0.631530713373,75.0000017305,74.9999969932
0.765885277878,-0.569370247144,0.752997589279,-0.562554443517,0.719903808565,0.631530713373,75.0000017305,74.9999969932
0.765796437918,-0.569186662361,0.752854748482,-0.562348191895,0.719903808565,0.631530713373,75.0000017305,74.9999969932
0.765707581719,-0.569002602129,0.75271178921,-0.562141455998,0.719903808565,0.631530713373,75.0000017305,74.9999969932
0.765618709957,-0.568818066271,0.752568712231,-0.561934235869,0.719903808565,0.631530713373,75.0000017305,74.9999969932
0.765529823313,-0.568633054603,0.752425518327,-0.561726531531,0.719903808565,0.631530713373,75.0000017305,74.9999969932
0.765440922452,-0.56844756696,0.752282208298,-0.561518342982,0.719903808565,0.631530713373,75.0000017305,74.9999969932
0.765352008033,-0.568261603187,0.752138782947,-0.561309670225,0.719903808565,0.631530713373,75.0000017305,74.9999969932
0.765263080713,-0.568075163133,0.751995243073,-0.561100513259,0.719903808565,0.631530713373,75.0000017305,74.9999969932
0.765174141148,-0.567888246646,0.751851589477,-0.560890872088,0.719903808565,0.631530713373,75.0000017305,74.9999969932
0.765085189996,-0.567700853574,0.75170782296,-0.560680746714,0.719903808565,0.631530713373,75.0000017305,74.9999969932
0.76499622791,-0.56751298377,0.751563944283,-0.560470137197,0.719903808565,0.631530713373,75.0000017305,74.9999969932
0.764907255545,-0.567324637084,0.751419954203,-0.560259043598,0.719903808565,0.631530713373,75.0000017305,74.9999969932
0.764818273556,-0.56713581337,0.751275853519,-0.560047465926,0.719903808565,0.631530713373,75.0000017305,74.9999969932
0.7647292826,-0.566946512476,0.75113164303,-0.559835404192,0.719903808565,0.631530713373,75.0000017305,74.9999969932
0.764640283334,-0.566756734249,0.750987323533,-0.559622858407,0.719903808565,0.631530713373,75.0000017305,74.9999969932
0.76455127641,-0.566566478547,0.750842895826,-0.559409828583,0.719903808565,0.631530713373,75.0000017305,74.9999969932
0.764462262475,-0.56637574523,0.750698360707,-0.559196314733,0.719903808565,0.631530713373,75.0000017305,74.9999969932
0.764373242179,-0.566184534161,0.750553718949,-0.558982316907,0.719903808565,0.631530713373,75.0000017305,74.9999969932
0.764284216167,-0.565992845201,0.750408971305,-0.558767835177,0.719903808565,0.631530713373,75.0000017305,74.9999969932
0.764195185087,-0.565800678216,0.750264118556,-0.558552869584,0.719903808565,0.631530713373,75.0000017305,74.9999969932
0.764106149584,-0.565608033068,0.750119161495,-0.558337420149,0.719903808565,0.631530713373,75.0000017305,74.9999969932
0.764017110303,-0.565414909626,0.749974100919,-0.558121486893,0.719903808565,0.631530713373,75.0000017305,74.9999969932
0.763928067887,-0.565221307757,0.749828937622,-0.557905069837,0.719903808565,0.631530713373,75.0000017305,74.9999969932
0.763839022973,-0.565027227339,0.749683672399,-0.557688169006,0.719903808565,0.631530713373,75.0000017305,74.9999969932
0.763749976197,-0.564832668248,0.749538306032,-0.557470784441,0.719903808565,0.631530713373,75.0000017305,74.9999969932
0.763660928199,-0.564637630358,0.749392839266,-0.557252916232,0.719903808565,0.631530713373,75.0000017305,74.9999969932
0.763571879618,-0.564442113545,0.749247272861,-0.557034564453,0.719903808565,0.631530713373,75.0000017305,74.9999969932
0.763482831092,-0.564246117683,0.749101607609,-0.556815729134,0.719903808565,0.631530713373,75.0000017305,74.9999969932
0.763393783258,-0.564049642651,0.748955844301,-0.556596410305,0.719903808565,0.631530713373,75.0000017305,74.9999969932
0.763304736752,-0.563852688326,0.748809983731,-0.556376607999,0.719903808565,0.631530713373,75.0000017305,74.9999969932
0.763215692209,-0.563655254588,0.748664026688,-0.556156322249,0.719903808565,0.631530713373,75.0000017305,74.9999969932
0.763126650265,-0.563457341317,0.748517973963,-0.55593555309,0.719903808565,0.631530713373,75.0000017305,74.9999969932
0.763037611542,-0.563258948409,0.748371826297,-0.555714300626,0.719903808565,0.631530713373,75.0000017305,74.9999969932
0.762948576658,-0.563060075768,0.748225584434,-0.555492564957,0.719903808565,0.631530713373,75.0000017305,74.9999969932
0.762859546236,-0.56286072329,0.748079249161,-0.555270346122,0.719903808565,0.631530713373,75.0000017305,74.9999969932
0.762770520907,-0.562660890861,0.747932821267,-0.555047644162,0.719903808565,0.631530713373,75.0000017305,74.9999969932
0.762681501298,-0.562460578372,0.747786301542,-0.554824459118,0.719903808565,0.631530713373,75.0000017305,74.9999969932
0.762592488036,-0.562259785712,0.747639690773,-0.554600791034,0.719903808565,0.631530713373,75.0000017305,74.9999969932
0.762503481749,-0.562058512773,0.747492989748,-0.554376639951,0.719903808565,0.631530713373,75.0000017305,74.9999969932
0.762414483061,-0.561856759448,0.747346199209,-0.554152005979,0.719903808565,0.631530713373,75.0000017305,74.9999969932
0.762325492598,-0.56165452563,0.747199319889,-0.553926889233,0.719903808565,0.631530713373,75.0000017305,74.9999969932
0.762236510978,-0.561451811222,0.747052352569,-0.553701289772,0.719903808565,0.631530713373,75.0000017305,74.9999969932
0.7621475388,-0.561248616153,0.746905298032,-0.553475207645,0.719903808565,0.631530713373,75.0000017305,74.9999969932
0.762058576665,-0.561044940348,0.746758157065,-0.553248642904,0.719903808565,0.631530713373,75.0000017305,74.9999969932
0.761969625193,-0.560840783708,0.746610930452,-0.553021595601,0.719903808565,0.631530713373,75.0000017305,74.9999969932
0.761880685003,-0.560636146136,0.746463618976,-0.552794065788,0.719903808565,0.631530713373,75.0000017305,74.9999969932
0.761791756711,-0.560431027534,0.746316223378,-0.552566053582,0.719903808565,0.631530713373,75.0000017305,74.9999969932
0.761702840934,-0.560225427808,0.746168744381,-0.552337559116,0.719903808565,0.631530713373,75.0000017305,74.9999969932
0.761613938287,-0.560019346863,0.746021182756,-0.552108582466,0.719903808565,0.631530713373,75.0000017305,74.9999969932
0.761525049386,-0.559812784607,0.745873539285,-0.55187912369,0.719903808565,0.631530713373,75.0000017305,74.9999969932
0.761436174843,-0.559605740947,0.745725814747,-0.55164918285,0.719903808565,0.631530713373,75.0000017305,74.9999969932
0.761347315242,-0.559398215835,0.745578009925,-0.551418760006,0.719903808565,0.631530713373,75.0000017305,74.9999969932
0.761258471161,-0.559190209226,0.745430125598,-0.551187855223,0.719903808565,0.631530713373,75.0000017305,74.9999969932
0.761169643207,-0.558981721036,0.745282162499,-0.550956468628,0.719903808565,0.631530713373,75.0000017305,74.9999969932
0.761080831989,-0.558772751181,0.745134121343,-0.550724600372,0.719903808565,0.631530713373,75.0000017305,74.9999969932
0.760992038113,-0.558563299578,0.744986002893,-0.550492250545,0.719903808565,0.631530713373,75.0000017305,74.9999969932
0.760903262186,-0.558353366145,0.744837807928,-0.550259419214,0.719903808565,0.631530713373,75.0000017305,74.9999969932
0.760814504812,-0.5581429508,0.744689537223,-0.55002610645,0.719903808565,0.631530713373,75.0000017305,74.9999969932
0.760725766596,-0.557932053464,0.744541191557,-0.549792312324,0.719903808565,0.631530713373,75.0000017305,74.9999969932
0.760637048141,-0.557720674059,0.744392771704,-0.549558036908,0.719903808565,0.631530713373,75.0000017305,74.9999969932
0.76054835002,-0.557508812545,0.744244278387,-0.54932328035,0.719903808565,0.631530713373,75.0000017305,74.9999969932
0.760459672797,-0.557296468899,0.74409571231,-0.549088042817,0.719903808565,0.631530713373,75.0000017305,74.9999969932
0.760371017063,-0.557083643058,0.743947074236,-0.548852324407,0.719903808565,0.631530713373,75.0000017305,74.9999969932
0.760282383414,-0.556870334952,0.743798364936,-0.548616125197,0.719903808565,0.631530713373,75.0000017305,74.9999969932
0.760193772447,-0.556656544509,0.743649585184,-0.548379445266,0.719903808565,0.631530713373,75.0000017305,74.9999969932
0.760105184757,-0.556442271661,0.743500735752,-0.548142284696,0.719903808565,0.631530713373,75.0000017305,74.9999969932
0.760016620939,-0.556227516341,0.743351817412,-0.547904643568,0.719903808565,0.631530713373,75.0000017305,74.9999969932
0.759928081586,-0.556012278481,0.743202830869,-0.547666522054,0.719903808565,0.631530713373,75.0000017305,74.9999969932
0.759839567291,-0.555796558016,0.74305377682,-0.547427920341,0.719903808565,0.631530713373,75.0000017305,74.9999969932
0.759751078613,-0.555580354923,0.742904656027,-0.547188838524,0.719903808565,0.631530713373,75.0000017305,74.9999969932
0.7596626161,-0.555363669201,0.742755469258,-0.546949276691,0.719903808565,0.631530713373,75.0000017305,74.9999969932
0.759574180326,-0.555146500805,0.742606217283,-0.546709234932,0.719903808565,0.631530713373,75.0000017305,74.9999969932
0.759485771878,-0.554928849678,0.742456900869,-0.546468713336,0.719903808565,0.631530713373,75.0000017305,74.9999969932
0.759397391342,-0.554710715762,0.742307520778,-0.546227712,0.719903808565,0.631530713373,75.0000017305,74.9999969932
0.759309039302,-0.554492099001,0.7421580777,-0.545986231124,0.719903808565,0.631530713373,75.0000017305,74.9999969932
0.759220716341,-0.554272999341,0.742008572327,-0.545744270901,0.719903808565,0.631530713373,75.0000017305,74.9999969932
0.759132423041,-0.554053416727,0.741859005423,-0.545501831427,0.719903808565,0.631530713373,75.0000017305,74.9999969932
0.759044159985,-0.553833351107,0.741709377754,-0.545258912799,0.719903808565,0.631530713373,75.0000017305,74.9999969932
0.758955927716,-0.553612802479,0.741559690082,-0.545015515116,0.719903808565,0.631530713373,75.0000017305,74.9999969932
0.758867726765,-0.553391770858,0.741409943171,-0.544771638476,0.719903808565,0.631530713373,75.0000017305,74.9999969932
0.758779557698,-0.553170256213,0.741260137764,-0.544527283008,0.719903808565,0.631530713373,75.0000017305,74.9999969932
0.75869142109,-0.552948258498,0.741110274548,-0.544282448914,0.719903808565,0.631530713373,75.0000017305,74.9999969932
0.758603317516,-0.55272577767,0.740960354233,-0.544037136367,0.719903808565,0.631530713373,75.0000017305,74.9999969932
0.758515247548,-0.552502813684,0.740810377579,-0.543791345474,0.719903808565,0.631530713373,75.0000017305,74.9999969932
0.758427211758,-0.552279366499,0.740660345346,-0.54354507634,0.719903808565,0.631530713373,75.0000017305,74.9999969932
0.758339210718,-0.552055436075,0.740510258291,-0.543298329073,0.719903808565,0.631530713373,75.0000017305,74.9999969932
0.758251244998,-0.55183102237,0.740360117175,-0.543051103781,0.719903808565,0.631530713373,75.0000017305,74.9999969932
0.758163315118,-0.551606125413,0.740209922712,-0.542803400631,0.719903808565,0.631530713373,75.0000017305,74.9999969932
0.758075421593,-0.551380745239,0.740059675584,-0.542555219837,0.719903808565,0.631530713373,75.0000017305,74.9999969932
0.757987564982,-0.551154881823,0.739909376513,-0.542306561557,0.719903808565,0.631530713373,75.0000017305,74.9999969932
0.757899745849,-0.550928535132,0.739759026254,-0.542057425907,0.719903808565,0.631530713373,75.0000017305,74.9999969932
0.757811964757,-0.550701705133,0.739608625562,-0.541807813001,0.719903808565,0.631530713373,75.0000017305,74.9999969932
0.757724222268,-0.550474391798,0.739458175192,-0.541557722955,0.719903808565,0.631530713373,75.0000017305,74.9999969932
0.757636518941,-0.550246595096,0.739307675896,-0.541307155887,0.719903808565,0.631530713373,75.0000017305,74.9999969932
0.757548855337,-0.550018314999,0.739157128357,-0.541056112011,0.719903808565,0.631530713373,75.0000017305,74.9999969932
0.757461232008,-0.54978955149,0.739006533247,-0.540804591555,0.719903808565,0.631530713373,75.0000017305,74.9999969932
0.757373649454,-0.54956030462,0.738855891308,-0.540552594656,0.719903808565,0.631530713373,75.0000017305,74.9999969932
0.757286108183,-0.54933057443,0.738705203289,-0.540300121437,0.719903808565,0.631530713373,75.0000017305,74.9999969932
0.757198608747,-0.549100360902,0.738554469941,-0.54004717202,0.719903808565,0.631530713373,75.0000017305,74.9999969932
0.757111151701,-0.548869664013,0.738403692011,-0.539793746532,0.719903808565,0.631530713373,75.0000017305,74.9999969932
0.757023737593,-0.548638483746,0.738252870228,-0.539539845127,0.719903808565,0.631530713373,75.0000017305,74.9999969932
0.756936366975,-0.548406820082,0.738102005254,-0.539285468049,0.719903808565,0.631530713373,75.0000017305,74.9999969932
0.756849040394,-0.548174673005,0.737951097775,-0.53903061551,0.719903808565,0.631530713373,75.0000017305,74.9999969932
0.7567617584,-0.5479420425,0.737800148534,-0.538775287643,0.719903808565,0.631530713373,75.0000017305,74.9999969932
0.756674521511,-0.547708928588,0.737649158278,-0.538519484579,0.719903808565,0.631530713373,75.0000017305,74.9999969932
0.75658733021,-0.547475331343,0.73749812775,-0.538263206452,0.719903808565,0.631530713373,75.0000017305,74.9999969932
0.756500185006,-0.547241250803,0.737347057695,-0.538006453394,0.719903808565,0.631530713373,75.0000017305,74.9999969932
0.75641308644,-0.547006686959,0.737195948795,-0.537749225622,0.719903808565,0.631530713373,75.0000017305,74.9999969932
0.756326035052,-0.546771639804,0.737044801706,-0.537491523391,0.719903808565,0.631530713373,75.0000017305,74.9999969932
0.756239031382,-0.546536109331,0.736893617142,-0.537233346879,0.719903808565,0.631530713373,75.0000017305,74.9999969932
0.756152075967,-0.546300095534,0.736742395841,-0.536974696225,0.719903808565,0.631530713373,75.0000017305,74.9999969932
0.756065169344,-0.54606359841,0.736591138543,-0.53671557157,0.719903808565,0.631530713373,75.0000017305,74.9999969932
0.755978312049,-0.545826617956,0.736439845987,-0.536455973054,0.719903808565,0.631530713373,75.0000017305,74.9999969932
0.755891504563,-0.545589154243,0.736288518899,-0.536195900839,0.719903808565,0.631530713373,75.0000017305,74.9999969932
0.755804747355,-0.545351207359,0.736137157925,-0.535935355191,0.719903808565,0.631530713373,75.0000017305,74.9999969932
0.755718040946,-0.545112777323,0.735985763728,-0.535674336359,0.719903808565,0.631530713373,75.0000017305,74.9999969932
0.755631385863,-0.544873864137,0.735834337042,-0.535412844491,0.719903808565,0.631530713373,75.0000017305,74.9999969932
0.755544782635,-0.544634467808,0.735682878601,-0.535150879735,0.719903808565,0.631530713373,75.0000017305,74.9999969932
0.75545823179,-0.54439458834,0.735531389139,-0.534888442239,0.719903808565,0.631530713373,75.0000017305,74.9999969932
0.755371733853,-0.54415422574,0.73537986939,-0.534625532154,0.719903808565,0.631530713373,75.0000017305,74.9999969932
0.755285289349,-0.543913380018,0.735228320024,-0.534362149715,0.719903808565,0.631530713373,75.0000017305,74.9999969932
0.755198898781,-0.543672051209,0.735076741681,-0.534098295204,0.719903808565,0.631530713373,75.0000017305,74.9999969932
0.755112562602,-0.543430239419,0.734925135059,-0.533833968815,0.719903808565,0.631530713373,75.0000017305,74.9999969932
0.755026281287,-0.543187944728,0.734773500888,-0.533569170707,0.719903808565,0.631530713373,75.0000017305,74.9999969932
0.754940055352,-0.542945167148,0.734621839897,-0.533303901035,0.719903808565,0.631530713373,75.0000017305,74.9999969932
0.754853885316,-0.542701906698,0.734470152813,-0.533038159957,0.719903808565,0.631530713373,75.0000017305,74.9999969932
0.754767771693,-0.542458163393,0.734318440343,-0.53277194766,0.719903808565,0.631530713373,75.0000017305,74.9999969932
0.754681714999,-0.542213937251,0.734166703117,-0.532505264437,0.719903808565,0.631530713373,75.0000017305,74.9999969932
0.754595715747,-0.541969228292,0.734014941786,-0.532238110554,0.719903808565,0.631530713373,75.0000017305,74.9999969932
0.754509774449,-0.541724036536,0.733863157073,-0.531970486172,0.719903808565,0.631530713373,75.0000017305,74.9999969932
0.754423891554,-0.541478362091,0.733711349702,-0.531702391457,0.719903808565,0.631530713373,75.0000017305,74.9999969932
0.754338067497,-0.541232205084,0.733559520396,-0.531433826573,0.719903808565,0.631530713373,75.0000017305,74.9999969932
0.754252302772,-0.540985565558,0.733407669877,-0.531164791687,0.719903808565,0.631530713373,75.0000017305,74.9999969932
0.754166597887,-0.540738443538,0.733255798785,-0.530895287078,0.719903808565,0.631530713373,75.0000017305,74.9999969932
0.754080953346,-0.540490839052,0.733103907739,-0.530625313052,0.719903808565,0.631530713373,75.0000017305,74.9999969932
0.753995369652,-0.540242752131,0.732951997441,-0.530354869806,0.719903808565,0.631530713373,75.0000017305,74.9999969932
0.753909847307,-0.539994182803,0.73280006861,-0.530083957509,0.719903808565,0.631530713373,75.0000017305,74.9999969932
0.753824386812,-0.5397451311,0.732648121961,-0.529812576336,0.719903808565,0.631530713373,75.0000017305,74.9999969932
0.75373898863,-0.539495597106,0.732496158213,-0.529540726459,0.719903808565,0.631530713373,75.0000017305,74.9999969932
0.753653653177,-0.539245580969,0.732344178033,-0.529268408118,0.719903808565,0.631530713373,75.0000017305,74.9999969932
0.753568380906,-0.538995082785,0.732192182034,-0.528995621632,0.719903808565,0.631530713373,75.0000017305,74.9999969932
0.753483172311,-0.538744102592,0.732040170872,-0.528722367255,0.719903808565,0.631530713373,75.0000017305,74.9999969932
0.753398027886,-0.53849264043,0.731888145261,-0.528448645166,0.719903808565,0.631530713373,75.0000017305,74.9999969932
0.753312948122,-0.538240696337,0.731736105913,-0.528174455546,0.719903808565,0.631530713373,75.0000017305,74.9999969932
0.753227933509,-0.537988270356,0.731584053538,-0.527899798574,0.719903808565,0.631530713373,75.0000017305,74.9999969932
0.753142984538,-0.537735362528,0.731431988833,-0.527624674452,0.719903808565,0.631530713373,75.0000017305,74.9999969932
0.753058101683,-0.537481972913,0.731279912401,-0.52734908351,0.719903808565,0.631530713373,75.0000017305,74.9999969932
0.752973285345,-0.537228101679,0.731127824858,-0.52707302606,0.719903808565,0.631530713373,75.0000017305,74.9999969932
0.752888535932,-0.536973748978,0.730975726911,-0.526796502288,0.719903808565,0.631530713373,75.0000017305,74.9999969932
0.752803853926,-0.536718914858,0.730823619266,-0.526519512381,0.719903808565,0.631530713373,75.0000017305,74.9999969932
0.75271923981,-0.53646359937,0.73067150263,-0.526242056527,0.719903808565,0.631530713373,75.0000017305,74.9999969932
0.752634694064,-0.536207802564,0.730519377707,-0.525964134914,0.719903808565,0.631530713373,75.0000017305,74.9999969932
0.752550217167,-0.535951524492,0.730367245108,-0.52568574786,0.719903808565,0.631530713373,75.0000017305,74.9999969932
0.752465809596,-0.535694765206,0.730215105427,-0.525406895707,0.719903808565,0.631530713373,75.0000017305,74.9999969932
0.752381471827,-0.535437524761,0.730062959349,-0.525127578673,0.719903808565,0.631530713373,75.0000017305,74.9999969932
0.752297204253,-0.535179803328,0.729910807576,-0.524847796949,0.719903808565,0.631530713373,75.0000017305,74.9999969932
0.752213007253,-0.534921601096,0.729758650805,-0.524567550733,0.719903808565,0.631530713373,75.0000017305,74.9999969932
0.752128881287,-0.534662918141,0.729606489737,-0.524286840218,0.719903808565,0.631530713373,75.0000017305,74.9999969932
0.752044826824,-0.534403754523,0.729454325003,-0.524005665696,0.719903808565,0.631530713373,75.0000017305,74.9999969932
0.751960844334,-0.534144110302,0.729302157188,-0.523724027519,0.719903808565,0.631530713373,75.0000017305,74.9999969932
0.751876934283,-0.533883985541,0.729149986942,-0.523441925952,0.719903808565,0.631530713373,75.0000017305,74.9999969932
0.751793097137,-0.533623380305,0.728997814959,-0.523159361194,0.719903808565,0.631530713373,75.0000017305,74.9999969932
0.75170933336,-0.533362294657,0.728845641935,-0.522876333449,0.719903808565,0.631530713373,75.0000017305,74.9999969932
0.751625643349,-0.533100728759,0.728693468561,-0.522592842917,0.719903808565,0.631530713373,75.0000017305,74.9999969932
0.751542027464,-0.532838682818,0.728541295487,-0.522308889865,0.719903808565,0.631530713373,75.0000017305,74.9999969932
0.751458486134,-0.532576156948,0.728389123289,-0.522024474658,0.719903808565,0.631530713373,75.0000017305,74.9999969932
0.751375019818,-0.53231315122,0.728236952583,-0.521739597602,0.719903808565,0.631530713373,75.0000017305,74.9999969932
0.751291628972,-0.532049665706,0.72808478406,-0.521454258905,0.719903808565,0.631530713373,75.0000017305,74.9999969932
0.75120831405,-0.531785700478,0.727932618408,-0.521168458777,0.719903808565,0.631530713373,75.0000017305,74.9999969932
0.751125075508,-0.531521255611,0.727780456312,-0.520882197427,0.719903808565,0.631530713373,75.0000017305,74.9999969932
0.751041913797,-0.53125633118,0.727628298438,-0.520595475097,0.719903808565,0.631530713373,75.0000017305,74.9999969932
0.750958829318,-0.530990927332,0.727476145351,-0.520308292164,0.719903808565,0.631530713373,75.0000017305,74.9999969932
0.750875822429,-0.530725044276,0.727323997639,-0.520020648976,0.719903808565,0.631530713373,75.0000017305,74.9999969932
0.750792893534,-0.530458682151,0.727171855986,-0.519732545748,0.719903808565,0.631530713373,75.0000017305,74.9999969932
0.750710043081,-0.530191841038,0.727019721073,-0.519443982695,0.719903808565,0.631530713373,75.0000017305,74.9999969932
0.750627271515,-0.529924521018,0.726867593582,-0.519154960033,0.719903808565,0.631530713373,75.0000017305,74.9999969932
0.750544579277,-0.529656722176,0.726715474187,-0.518865477987,0.719903808565,0.631530713373,75.0000017305,74.9999969932
0.750461966811,-0.529388444595,0.726563363446,-0.518575536945,0.719903808565,0.631530713373,75.0000017305,74.9999969932
0.750379434557,-0.529119688361,0.72641126192,-0.518285137291,0.719903808565,0.631530713373,75.0000017305,74.9999969932
0.75029698291,-0.528850453623,0.726259170286,-0.517994279246,0.719903808565,0.631530713373,75.0000017305,74.9999969932
0.750214612212,-0.528580740605,0.726107089219,-0.517702963033,0.719903808565,0.631530713373,75.0000017305,74.9999969932
0.750132322847,-0.528310549468,0.725955019395,-0.517411188875,0.719903808565,0.631530713373,75.0000017305,74.9999969932
0.75005011525,-0.528039880304,0.725802961487,-0.517118956995,0.719903808565,0.631530713373,75.0000017305,74.9999969932
0.749967989854,-0.527768733205,0.725650916053,-0.51682626778,0.719903808565,0.631530713373,75.0000017305,74.9999969932
0.749885947089,-0.527497108265,0.72549888364,-0.516533121632,0.719903808565,0.631530713373,75.0000017305,74.9999969932
0.749803987386,-0.527225005578,0.725346864909,-0.516239518792,0.719903808565,0.631530713373,75.0000017305,74.9999969932
0.749722111173,-0.526952425239,0.725194860529,-0.51594545949,0.719903808565,0.631530713373,75.0000017305,74.9999969932
0.749640318835,-0.526679367406,0.725042871169,-0.515650943955,0.719903808565,0.631530713373,75.0000017305,74.9999969932
0.749558610696,-0.52640583232,0.724890897495,-0.515355972418,0.719903808565,0.631530713373,75.0000017305,74.9999969932
0.749476987124,-0.526131820161,0.72473894007,-0.515060545258,0.719903808565,0.631530713373,75.0000017305,74.9999969932
0.74939544854,-0.525857331031,0.724586999431,-0.514764662889,0.719903808565,0.631530713373,75.0000017305,74.9999969932
0.749313995366,-0.525582365032,0.724435076219,-0.514468325577,0.719903808565,0.631530713373,75.0000017305,74.9999969932
0.74923262802,-0.525306922266,0.724283171097,-0.514171533558,0.719903808565,0.631530713373,75.0000017305,74.9999969932
0.74915134692,-0.525031002839,0.724131284728,-0.513874287067,0.719903808565,0.631530713373,75.0000017305,74.9999969932
0.749070152483,-0.524754606856,0.723979417773,-0.513576586341,0.719903808565,0.631530713373,75.0000017305,74.9999969932
0.748989045077,-0.524477734489,0.723827570792,-0.513278431758,0.719903808565,0.631530713373,75.0000017305,74.9999969932
0.74890802501,-0.524200385997,0.723675744314,-0.512979823744,0.719903808565,0.631530713373,75.0000017305,74.9999969932
0.748827092636,-0.523922561572,0.723523938965,-0.512680762582,0.719903808565,0.631530713373,75.0000017305,74.9999969932
0.748746248366,-0.523644261324,0.723372155401,-0.512381248516,0.719903808565,0.631530713373,75.0000017305,74.9999969932
0.748665492607,-0.523365485366,0.723220394278,-0.512081281787,0.719903808565,0.631530713373,75.0000017305,74.9999969932
0.748584825767,-0.52308623381,0.723068656251,-0.511780862638,0.719903808565,0.631530713373,75.0000017305,74.9999969932
0.748504248251,-0.522806506771,0.722916941878,-0.511479991451,0.719903808565,0.631530713373,75.0000017305,74.9999969932
0.748423760464,-0.522526304363,0.722765251675,-0.511178668661,0.719903808565,0.631530713373,75.0000017305,74.9999969932
0.748343362753,-0.522245626783,0.722613586258,-0.510876894568,0.719903808565,0.631530713373,75.0000017305,74.9999969932
0.748263055411,-0.521964474303,0.722461946276,-0.51057466942,0.719903808565,0.631530713373,75.0000017305,74.9999969932
0.748182838783,-0.521682847119,0.722310332378,-0.510271993465,0.719903808565,0.631530713373,75.0000017305,74.9999969932
0.748102713269,-0.521400745351,0.722158745214,-0.509968866954,0.719903808565,0.631530713373,75.0000017305,74.9999969932
0.748022679263,-0.521118169121,0.722007185332,-0.509665290273,0.719903808565,0.631530713373,75.0000017305,74.9999969932
0.747942737162,-0.520835118551,0.721855653241,-0.509361263871,0.719903808565,0.631530713373,75.0000017305,74.9999969932
0.747862887358,-0.520551593765,0.721704149547,-0.509056788055,0.719903808565,0.631530713373,75.0000017305,74.9999969932
0.747783130244,-0.520267594888,0.721552674893,-0.508751863082,0.719903808565,0.631530713373,75.0000017305,74.9999969932
0.74770346614,-0.519983122144,0.721401229921,-0.508446489205,0.719903808565,0.631530713373,75.0000017305,74.9999969932
0.747623895327,-0.519698175819,0.721249815273,-0.50814066668,0.719903808565,0.631530713373,75.0000017305,74.9999969932
0.747544418148,-0.519412756102,0.721098431488,-0.507834395908,0.719903808565,0.631530713373,75.0000017305,74.9999969932
0.747465034989,-0.519126863124,0.720947079066,-0.507527677344,0.719903808565,0.631530713373,75.0000017305,74.9999969932
0.747385746235,-0.518840497016,0.720795758605,-0.507220511305,0.719903808565,0.631530713373,75.0000017305,74.9999969932
0.747306552268,-0.518553657909,0.720644470743,-0.50691289805,0.719903808565,0.631530713373,75.0000017305,74.9999969932
0.747227453469,-0.518266345937,0.720493216115,-0.50660483784,0.719903808565,0.631530713373,75.0000017305,74.9999969932
0.747148450218,-0.517978561234,0.720341995356,-0.506296330938,0.719903808565,0.631530713373,75.0000017305,74.9999969932
0.747069542804,-0.517690304062,0.720190808992,-0.505987377759,0.719903808565,0.631530713373,75.0000017305,74.9999969932
0.74699073149,-0.517401574724,0.720039657511,-0.505677978772,0.719903808565,0.631530713373,75.0000017305,74.9999969932
0.746912016624,-0.517112373396,0.719888541511,-0.505368134291,0.719903808565,0.631530713373,75.0000017305,74.9999969932
0.74683339858,-0.516822700216,0.719737461622,-0.505057844582,0.719903808565,0.631530713373,75.0000017305,74.9999969932
0.746754877728,-0.516532555326,0.719586418473,-0.504747109913,0.719903808565,0.631530713373,75.0000017305,74.9999969932
0.74667645444,-0.516241938868,0.719435412691,-0.504435930551,0.719903808565,0.631530713373,75.0000017305,74.9999969932
0.746598129083,-0.515950850982,0.719284444785,-0.504124306934,0.719903808565,0.631530713373,75.0000017305,74.9999969932
0.746519902026,-0.515659291813,0.719133515234,-0.503812239541,0.719903808565,0.631530713373,75.0000017305,74.9999969932
0.74644177352,-0.51536726167,0.718982624636,-0.503499728681,0.719903808565,0.631530713373,75.0000017305,74.9999969932
0.746363743811,-0.515074760872,0.718831773614,-0.503186774626,0.719903808565,0.631530713373,75.0000017305,74.9999969932
0.746285813255,-0.514781789572,0.718680962791,-0.502873377649,0.719903808565,0.631530713373,75.0000017305,74.9999969932
0.746207982215,-0.514488347919,0.718530192787,-0.502559538023,0.719903808565,0.631530713373,75.0000017305,74.9999969932
0.746130251049,-0.514194436063,0.71837946409,-0.502245256213,0.719903808565,0.631530713373,75.0000017305,74.9999969932
0.746052620116,-0.513900054154,0.718228777168,-0.50193053271,0.719903808565,0.631530713373,75.0000017305,74.9999969932
0.745975089771,-0.513605202344,0.718078132626,-0.501615367809,0.719903808565,0.631530713373,75.0000017305,74.9999969932
0.745897660346,-0.513309880819,0.717927531078,-0.501299761791,0.719903808565,0.631530713373,75.0000017305,74.9999969932
0.745820332072,-0.513014089912,0.71777697314,-0.500983714932,0.719903808565,0.631530713373,75.0000017305,74.9999969932
0.745743105202,-0.512717829922,0.717626459426,-0.500667227513,0.719903808565,0.631530713373,75.0000017305,74.9999969932
0.745665980084,-0.512421101005,0.717475990397,-0.500350300032,0.719903808565,0.631530713373,75.0000017305,74.9999969932
0.745588957068,-0.512123903319,0.717325566515,-0.500032932985,0.719903808565,0.631530713373,75.0000017305,74.9999969932
0.745512036501,-0.511826237024,0.71717518839,-0.499715126656,0.719903808565,0.631530713373,75.0000017305,74.9999969932
0.745435218727,-0.511528102278,0.717024856631,-0.499396881328,0.719903808565,0.631530713373,75.0000017305,74.9999969932
0.745358504092,-0.511229499242,0.716874571846,-0.499078197285,0.719903808565,0.631530713373,75.0000017305,74.9999969932
0.745281892879,-0.510930428161,0.716724334624,-0.498759074841,0.719903808565,0.631530713373,75.0000017305,74.9999969932
0.745205385302,-0.510630889384,0.716574145414,-0.498439514503,0.719903808565,0.631530713373,75.0000017305,74.9999969932
0.745128981633,-0.510330883175,0.716424004688,-0.498119516752,0.719903808565,0.631530713373,75.0000017305,74.9999969932
0.745052682209,-0.5100304097,0.716273913048,-0.497799081878,0.719903808565,0.631530713373,75.0000017305,74.9999969932
0.744976487365,-0.509729469125,0.716123871096,-0.497478210168,0.719903808565,0.631530713373,75.0000017305,74.9999969932
0.744900397436,-0.509428061619,0.715973879434,-0.497156901913,0.719903808565,0.631530713373,75.0000017305,74.9999969932
0.744824412755,-0.509126187348,0.715823938619,-0.496835157465,0.719903808565,0.631530713373,75.0000017305,74.9999969932
0.744748533653,-0.508823846484,0.715674049091,-0.496512977342,0.719903808565,0.631530713373,75.0000017305,74.9999969932
0.744672760363,-0.508521039339,0.715524211333,-0.496190362005,0.719903808565,0.631530713373,75.0000017305,74.9999969932
0.744597093083,-0.508217766275,0.71537442594,-0.495867311747,0.719903808565,0.631530713373,75.0000017305,74.9999969932
0.744521532108,-0.507914027513,0.715224693509,-0.495543826862,0.719903808565,0.631530713373,75.0000017305,74.9999969932
0.744446077762,-0.507609823226,0.715075014632,-0.495219907645,0.719903808565,0.631530713373,75.0000017305,74.9999969932
0.74437073037,-0.507305153591,0.714925389833,-0.494895554493,0.719903808565,0.631530713373,75.0000017305,74.9999969932
0.744295490253,-0.507000018783,0.714775819543,-0.494570767936,0.719903808565,0.631530713373,75.0000017305,74.9999969932
0.744220357732,-0.50669441898,0.714626304261,-0.494245548403,0.719903808565,0.631530713373,75.0000017305,74.9999969932
0.744145333114,-0.506388354377,0.714476844575,-0.493919896192,0.719903808565,0.631530713373,75.0000017305,74.9999969932
0.744070416584,-0.506081825346,0.714327441074,-0.493593811605,0.719903808565,0.631530713373,75.0000017305,74.9999969932
0.743995608338,-0.505774832247,0.714178094345,-0.493267294942,0.719903808565,0.631530713373,75.0000017305,74.9999969932
0.743920908689,-0.505467375262,0.714028804872,-0.492940346648,0.719903808565,0.631530713373,75.0000017305,74.9999969932
0.74384631795,-0.505159454573,0.713879573077,-0.492612967264,0.719903808565,0.631530713373,75.0000017305,74.9999969932
0.743771836432,-0.504851070366,0.713730399479,-0.492285157183,0.719903808565,0.631530713373,75.0000017305,74.9999969932
0.743697464444,-0.504542222823,0.71358128466,-0.491956916711,0.719903808565,0.631530713373,75.0000017305,74.9999969932
0.743623202295,-0.504232912132,0.713432229201,-0.491628246151,0.719903808565,0.631530713373,75.0000017305,74.9999969932
0.74354905023,-0.503923138569,0.713283233682,-0.491299145811,0.719903808565,0.631530713373,75.0000017305,74.9999969932
0.743475008418,-0.503612902521,0.713134298545,-0.490969616191,0.719903808565,0.631530713373,75.0000017305,74.9999969932
0.743401077087,-0.50330220429,0.712985424201,-0.490639657842,0.719903808565,0.631530713373,75.0000017305,74.9999969932
0.743327256539,-0.502991044065,0.712836611196,-0.490309271116,0.719903808565,0.631530713373,75.0000017305,74.9999969932
0.743253547074,-0.502679422038,0.712687860104,-0.489978456323,0.719903808565,0.631530713373,75.0000017305,74.9999969932
0.743179948991,-0.502367338401,0.712539171497,-0.489647213773,0.719903808565,0.631530713373,75.0000017305,74.9999969932
0.743106462587,-0.502054793348,0.712390545944,-0.489315543784,0.719903808565,0.631530713373,75.0000017305,74.9999969932
0.743033088156,-0.501741787072,0.712241983847,-0.488983446912,0.719903808565,0.631530713373,75.0000017305,74.9999969932
0.742959825878,-0.501428319942,0.712093485612,-0.488650923708,0.719903808565,0.631530713373,75.0000017305,74.9999969932
0.742886675903,-0.501114392361,0.711945051806,-0.488317974487,0.719903808565,0.631530713373,75.0000017305,74.9999969932
0.742813638501,-0.50080000456,0.711796682998,-0.487984599563,0.719903808565,0.631530713373,75.0000017305,74.9999969932
0.742740713961,-0.500485156737,0.711648379753,-0.48765079925,0.719903808565,0.631530713373,75.0000017305,74.9999969932
0.74266790257,-0.500169849093,0.711500142591,-0.487316573929,0.719903808565,0.631530713373,75.0000017305,74.9999969932
0.742595204615,-0.499854081827,0.711351971906,-0.486981924166,0.719903808565,0.631530713373,75.0000017305,74.9999969932
0.742522620379,-0.499537855142,0.711203868132,-0.486646850464,0.719903808565,0.631530713373,75.0000017305,74.9999969932
0.742450150111,-0.499221169294,0.711055831831,-0.486311353141,0.719903808565,0.631530713373,75.0000017305,74.9999969932
0.742377793947,-0.498904024698,0.710907863562,-0.485975432517,0.719903808565,0.631530713373,75.0000017305,74.9999969932
0.742305552063,-0.498586421718,0.710759963884,-0.485639088911,0.719903808565,0.631530713373,75.0000017305,74.9999969932
0.742233424736,-0.498268360559,0.710612133267,-0.485302322772,0.719903808565,0.631530713373,75.0000017305,74.9999969932
0.742161412243,-0.497949841428,0.710464372093,-0.484965134676,0.719903808565,0.631530713373,75.0000017305,74.9999969932
0.74208951486,-0.497630864534,0.710316680832,-0.48462752507,0.719903808565,0.631530713373,75.0000017305,74.9999969932
0.742017732859,-0.497311430085,0.710169060036,-0.484289494278,0.719903808565,0.631530713373,75.0000017305,74.9999969932
0.741946066514,-0.496991538289,0.710021510258,-0.483951042624,0.719903808565,0.631530713373,75.0000017305,74.9999969932
0.741874515992,-0.496671189511,0.70987403205,-0.483612170431,0.719903808565,0.631530713373,75.0000017305,74.9999969932
0.741803081416,-0.49635038418,0.709726625826,-0.483272878224,0.719903808565,0.631530713373,75.0000017305,74.9999969932
0.74173176301,-0.496029122574,0.70957929196,-0.482933166587,0.719903808565,0.631530713373,75.0000017305,74.9999969932
0.741660561041,-0.495707404909,0.709432030956,-0.482593035906,0.719903808565,0.631530713373,75.0000017305,74.9999969932
0.741589475771,-0.495385231397,0.709284843363,-0.482252486511,0.719903808565,0.631530713373,75.0000017305,74.9999969932
0.741518507464,-0.495062602256,0.709137729724,-0.481911518728,0.719903808565,0.631530713373,75.0000017305,74.9999969932
0.741447656382,-0.494739517701,0.708990690575,-0.4815701329,0.719903808565,0.631530713373,75.0000017305,74.9999969932
0.741376922759,-0.494415977988,0.708843726282,-0.481228329616,0.719903808565,0.631530713373,75.0000017305,74.9999969932
0.741306306703,-0.494091983559,0.708696837214,-0.48088610946,0.719903808565,0.631530713373,75.0000017305,74.9999969932
0.741235808348,-0.49376753482,0.708550023911,-0.480543472764,0.719903808565,0.631530713373,75.0000017305,74.9999969932
0.741165427948,-0.493442631991,0.708403286911,-0.480200419859,0.719903808565,0.631530713373,75.0000017305,74.9999969932
0.741095165756,-0.493117275296,0.708256626753,-0.479856951079,0.719903808565,0.631530713373,75.0000017305,74.9999969932
0.741025022025,-0.492791464955,0.708110043912,-0.479513066845,0.719903808565,0.631530713373,75.0000017305,74.9999969932
0.740954997005,-0.492465201194,0.707963538743,-0.479168767758,0.719903808565,0.631530713373,75.0000017305,74.9999969932
0.740885090946,-0.492138484234,0.707817111659,-0.478824054332,0.719903808565,0.631530713373,75.0000017305,74.9999969932
0.740815303993,-0.491811314455,0.707670763191,-0.478478926904,0.719903808565,0.631530713373,75.0000017305,74.9999969932
0.74074563624,-0.49148369231,0.707524493871,-0.47813338581,0.719903808565,0.631530713373,75.0000017305,74.9999969932
0.74067608788,-0.491155618107,0.707378304229,-0.477787431387,0.719903808565,0.631530713373,75.0000017305,74.9999969932
0.740606659155,-0.490827092074,0.707232194676,-0.477441064146,0.719903808565,0.631530713373,75.0000017305,74.9999969932
0.740537350306,-0.49049811444,0.707086165555,-0.477094284699,0.719903808565,0.631530713373,75.0000017305,74.9999969932
0.740468161573,-0.490168685436,0.706940217324,-0.476747093488,0.719903808565,0.631530713373,75.0000017305,74.9999969932
0.740399093193,-0.489838805291,0.706794350506,-0.476399490853,0.719903808565,0.631530713373,75.0000017305,74.9999969932
0.740330145378,-0.48950847428,0.706648565626,-0.476051477136,0.719903808565,0.631530713373,75.0000017305,74.9999969932
0.740261318207,-0.489177692869,0.706502863205,-0.475703052677,0.719903808565,0.631530713373,75.0000017305,74.9999969932
0.740192611783,-0.488846461487,0.706357243589,-0.475354218082,0.719903808565,0.631530713373,75.0000017305,74.9999969932
0.740124026339,-0.48851478037,0.706211707107,-0.475004973973,0.719903808565,0.631530713373,75.0000017305,74.9999969932
0.740055562106,-0.488182649755,0.706066254269,-0.47465532071,0.719903808565,0.631530713373,75.0000017305,74.9999969932
0.739987219311,-0.487850069877,0.70592088559,-0.474305258638,0.719903808565,0.631530713373,75.0000017305,74.9999969932
0.739918998183,-0.487517040975,0.705775601586,-0.473954788103,0.719903808565,0.631530713373,75.0000017305,74.9999969932
0.739850898947,-0.487183563286,0.705630402723,-0.473603909525,0.719903808565,0.631530713373,75.0000017305,74.9999969932
0.739782921717,-0.48684963722,0.705485289322,-0.473252623532,0.719903808565,0.631530713373,75.0000017305,74.9999969932
0.739715066556,-0.486515263257,0.705340261757,-0.472900930682,0.719903808565,0.631530713373,75.0000017305,74.9999969932
0.739647333639,-0.486180441711,0.705195320538,-0.472548831322,0.719903808565,0.631530713373,75.0000017305,74.9999969932
0.739579723184,-0.485845172824,0.705050466174,-0.472196325802,0.719903808565,0.631530713373,75.0000017305,74.9999969932
0.739512235411,-0.485509456841,0.704905699173,-0.47184341447,0.719903808565,0.631530713373,75.0000017305,74.9999969932
0.739444870536,-0.485173294005,0.704761019928,-0.471490097847,0.719903808565,0.631530713373,75.0000017305,74.9999969932
0.739377628774,-0.48483668456,0.704616428751,-0.471136376573,0.719903808565,0.631530713373,75.0000017305,74.9999969932
0.739310510298,-0.484499628814,0.70447192607,-0.470782251113,0.719903808565,0.631530713373,75.0000017305,74.9999969932
0.739243515159,-0.484162127261,0.704327512388,-0.47042772182,0.719903808565,0.631530713373,75.0000017305,74.9999969932
0.739176643447,-0.483824180332,0.704183188206,-0.470072789046,0.719903808565,0.631530713373,75.0000017305,74.9999969932
0.73910989537,-0.483485788278,0.704038954026,-0.469717453145,0.719903808565,0.631530713373,75.0000017305,74.9999969932
0.739043271136,-0.483146951346,0.703894810162,-0.469361714745,0.719903808565,0.631530713373,75.0000017305,74.9999969932
0.738976770951,-0.482807669789,0.70375075692,-0.469005574491,0.719903808565,0.631530713373,75.0000017305,74.9999969932
0.738910395019,-0.482467943856,0.703606794783,-0.468649032756,0.719903808565,0.631530713373,75.0000017305,74.9999969932
0.738844143545,-0.4821277738,0.703462924247,-0.468292089896,0.719903808565,0.631530713373,75.0000017305,74.9999969932
0.738778016593,-0.481787160079,0.703319145807,-0.467934746267,0.719903808565,0.631530713373,75.0000017305,74.9999969932
0.738712014202,-0.4814461032,0.703175459897,-0.467577002314,0.719903808565,0.631530713373,75.0000017305,74.9999969932
0.738646136538,-0.481104603463,0.703031866813,-0.467218858688,0.719903808565,0.631530713373,75.0000017305,74.9999969932
0.738580383799,-0.480762661125,0.702888366906,-0.466860315958,0.719903808565,0.631530713373,75.0000017305,74.9999969932
0.73851475618,-0.480420276441,0.702744960665,-0.466501374481,0.719903808565,0.631530713373,75.0000017305,74.9999969932
0.738449253875,-0.48007744967,0.702601648578,-0.466142034619,0.719903808565,0.631530713373,75.0000017305,74.9999969932
0.738383877077,-0.479734181069,0.70245843113,-0.46578229673,0.719903808565,0.631530713373,75.0000017305,74.9999969932
0.73831862591,-0.479390471,0.702315308678,-0.465422161371,0.719903808565,0.631530713373,75.0000017305,74.9999969932
0.738253500396,-0.47904631998,0.702172281506,-0.465061629204,0.719903808565,0.631530713373,75.0000017305,74.9999969932
0.738188500623,-0.478701728424,0.702029350029,-0.464700700693,0.719903808565,0.631530713373,75.0000017305,74.9999969932
0.738123626777,-0.478356696595,0.701886514728,-0.464339376202,0.719903808565,0.631530713373,75.0000017305,74.9999969932
0.738058879044,-0.478011224756,0.701743776082,-0.463977656093,0.719903808565,0.631530713373,75.0000017305,74.9999969932
0.737994257606,-0.477665313169,0.701601134566,-0.463615540737,0.719903808565,0.631530713373,75.0000017305,74.9999969932
0.737929762646,-0.477318962099,0.701458590456,-0.463253030803,0.719903808565,0.631530713373,75.0000017305,74.9999969932
0.737865394345,-0.47697217181,0.701316144033,-0.46289012695,0.719903808565,0.631530713373,75.0000017305,74.9999969932
0.737801152711,-0.476624942829,0.701173795773,-0.462526829545,0.719903808565,0.631530713373,75.0000017305,74.9999969932
0.737737037754,-0.476277275687,0.701031546148,-0.462163138952,0.719903808565,0.631530713373,75.0000017305,74.9999969932
0.737673049648,-0.475929170651,0.700889395631,-0.461799055539,0.719903808565,0.631530713373,75.0000017305,74.9999969932
0.737609188567,-0.475580627992,0.700747344611,-0.461434579797,0.719903808565,0.631530713373,75.0000017305,74.9999969932
0.737545454686,-0.475231647977,0.700605393355,-0.461069712401,0.719903808565,0.631530713373,75.0000017305,74.9999969932
0.737481848174,-0.474882230878,0.700463542212,-0.460704453901,0.719903808565,0.631530713373,75.0000017305,74.9999969932
0.737418369203,-0.474532376964,0.700321791649,-0.460338804668,0.719903808565,0.631530713373,75.0000017305,74.9999969932
0.737355017837,-0.474182086669,0.70018014213,-0.459972765071,0.719903808565,0.631530713373,75.0000017305,74.9999969932
0.737291794071,-0.473831360533,0.700038594122,-0.459606335478,0.719903808565,0.631530713373,75.0000017305,74.9999969932
0.737228698002,-0.473480198936,0.699897147926,-0.459239516506,0.719903808565,0.631530713373,75.0000017305,74.9999969932
0.737165729795,-0.473128602152,0.699755803799,-0.458872308838,0.719903808565,0.631530713373,75.0000017305,74.9999969932
0.737102889611,-0.472776570457,0.69961456216,-0.458504712909,0.719903808565,0.631530713373,75.0000017305,74.9999969932
0.737040177613,-0.472424104125,0.699473423468,-0.458136729094,0.719903808565,0.631530713373,75.0000017305,74.9999969932
0.73697759396,-0.472071203434,0.699332388181,-0.457768357763,0.719903808565,0.631530713373,75.0000017305,74.9999969932
0.736915138771,-0.471717868722,0.699191456719,-0.457399599347,0.719903808565,0.631530713373,75.0000017305,74.9999969932
0.736852812029,-0.471364100539,0.699050629331,-0.457030454534,0.719903808565,0.631530713373,75.0000017305,74.9999969932
0.736790613753,-0.471009899377,0.698909906302,-0.456660923956,0.719903808565,0.631530713373,75.0000017305,74.9999969932
0.736728544096,-0.470655265515,0.698769288086,-0.456291007989,0.719903808565,0.631530713373,75.0000017305,74.9999969932
0.736666603212,-0.470300199234,0.698628775135,-0.455920707008,0.719903808565,0.631530713373,75.0000017305,74.9999969932
0.736604791252,-0.469944700817,0.698488367898,-0.455550021387,0.719903808565,0.631530713373,75.0000017305,74.9999969932
0.736543108364,-0.469588770544,0.698348066706,-0.455178951687,0.719903808565,0.631530713373,75.0000017305,74.9999969932
0.736481554698,-0.469232408698,0.698207871798,-0.454807498603,0.719903808565,0.631530713373,75.0000017305,74.9999969932
0.736420130248,-0.468875615801,0.698067783532,-0.454435662647,0.719903808565,0.631530713373,75.0000017305,74.9999969932
0.73635883498,-0.468518392417,0.697927802355,-0.454063444198,0.719903808565,0.631530713373,75.0000017305,74.9999969932
0.736297669013,-0.468160738873,0.69778792871,-0.453690843632,0.719903808565,0.631530713373,75.0000017305,74.9999969932
0.736236632489,-0.467802655453,0.69764816304,-0.453317861328,0.719903808565,0.631530713373,75.0000017305,74.9999969932
0.73617572555,-0.467444142446,0.69750850558,-0.452944497984,0.719903808565,0.631530713373,75.0000017305,74.9999969932
0.736114948333,-0.467085200139,0.697368956558,-0.452570754304,0.719903808565,0.631530713373,75.0000017305,74.9999969932
0.736054300979,-0.466725828819,0.69722951641,-0.452196630675,0.719903808565,0.631530713373,75.0000017305,74.9999969932
0.735993783532,-0.466366028916,0.697090185573,-0.451822127477,0.719903808565,0.631530713373,75.0000017305,74.9999969932
0.735933395948,-0.466005801007,0.696950964483,-0.451447245091,0.719903808565,0.631530713373,75.0000017305,74.9999969932
0.735873138268,-0.465645145527,0.696811853493,-0.451071984026,0.719903808565,0.631530713373,75.0000017305,74.9999969932
0.735813010624,-0.465284062767,0.696672852819,-0.450696344998,0.719903808565,0.631530713373,75.0000017305,74.9999969932
0.735753013147,-0.46492255302,0.696533962763,-0.450320328593,0.719903808565,0.631530713373,75.0000017305,74.9999969932
0.735693145966,-0.464560616578,0.696395183756,-0.449943935195,0.719903808565,0.631530713373,75.0000017305,74.9999969932
0.73563340921,-0.464198253735,0.696256516228,-0.449567165186,0.719903808565,0.631530713373,75.0000017305,74.9999969932
0.735573802979,-0.463835464826,0.696117960608,-0.449190018948,0.719903808565,0.631530713373,75.0000017305,74.9999969932
0.735514327214,-0.463472250437,0.695979517149,-0.448812497137,0.719903808565,0.631530713373,75.0000017305,74.9999969932
0.735454981881,-0.463108611113,0.695841186059,-0.448434600473,0.719903808565,0.631530713373,75.0000017305,74.9999969932
0.735395767103,-0.462744547152,0.69570296772,-0.44805632941,0.719903808565,0.631530713373,75.0000017305,74.9999969932
0.735336683,-0.462380058851,0.695564862555,-0.447677684333,0.719903808565,0.631530713373,75.0000017305,74.9999969932
0.735277729693,-0.462015146509,0.695426870987,-0.447298665627,0.719903808565,0.631530713373,75.0000017305,74.9999969932
0.735218907298,-0.461649810422,0.695288993389,-0.446919273751,0.719903808565,0.631530713373,75.0000017305,74.9999969932
0.735160215933,-0.461284050891,0.695151229963,-0.446539509434,0.719903808565,0.631530713373,75.0000017305,74.9999969932
0.735101655565,-0.460917868451,0.695013580954,-0.44615937333,0.719903808565,0.631530713373,75.0000017305,74.9999969932
0.735043226121,-0.460551263699,0.694876046779,-0.445778865828,0.719903808565,0.631530713373,75.0000017305,74.9999969932
0.734984927676,-0.460184236998,0.694738627854,-0.445397987314,0.719903808565,0.631530713373,75.0000017305,74.9999969932
0.734926760342,-0.45981678865,0.694601324594,-0.445016738177,0.719903808565,0.631530713373,75.0000017305,74.9999969932
0.734868724227,-0.459448918958,0.694464137273,-0.444635119024,0.719903808565,0.631530713373,75.0000017305,74.9999969932
0.73481081944,-0.459080628226,0.694327066082,-0.444253130588,0.719903808565,0.631530713373,75.0000017305,74.9999969932
0.734753046088,-0.458711916757,0.694190111349,-0.443870773387,0.719903808565,0.631530713373,75.0000017305,74.9999969932
0.734695404191,-0.458342784994,0.694053273484,-0.44348804781,0.719903808565,0.631530713373,75.0000017305,74.9999969932
0.734637893664,-0.457973233543,0.693916552897,-0.443104954247,0.719903808565,0.631530713373,75.0000017305,74.9999969932
0.734580514508,-0.457603262875,0.693779949982,-0.442721493107,0.719903808565,0.631530713373,75.0000017305,74.9999969932
0.734523266825,-0.457232873298,0.693643464922,-0.44233766513,0.719903808565,0.631530713373,75.0000017305,74.9999969932
0.734466150713,-0.456862065119,0.693507097911,-0.441953471037,0.719903808565,0.631530713373,75.0000017305,74.9999969932
0.734409166271,-0.456490838648,0.693370849351,-0.441568911222,0.719903808565,0.631530713373,75.0000017305,74.9999969932
0.734352313598,-0.456119194192,0.693234719645,-0.441183986075,0.719903808565,0.631530713373,75.0000017305,74.9999969932
0.734295592765,-0.455747132098,0.693098709194,-0.440798695988,0.719903808565,0.631530713373,75.0000017305,74.9999969932
0.734239003677,-0.455374652982,0.69296281829,-0.440413041522,0.719903808565,0.631530713373,75.0000017305,74.9999969932
0.73418254626,-0.455001757425,0.692827047107,-0.440027023425,0.719903808565,0.631530713373,75.0000017305,74.9999969932
0.734126220605,-0.45462844574,0.692691395923,-0.439640642273,0.719903808565,0.631530713373,75.0000017305,74.9999969932
0.734070026803,-0.454254718239,0.692555865136,-0.439253898461,0.719903808565,0.631530713373,75.0000017305,74.9999969932
0.734013964942,-0.453880575236,0.692420455139,-0.438866792382,0.719903808565,0.631530713373,75.0000017305,74.9999969932
0.733958035111,-0.453506017044,0.692285166326,-0.43847932443,0.719903808565,0.631530713373,75.0000017305,74.9999969932
0.733902237395,-0.453131043977,0.692149998884,-0.438091495322,0.719903808565,0.631530713373,75.0000017305,74.9999969932
0.733846571728,-0.452755656594,0.692014952977,-0.437703305811,0.719903808565,0.631530713373,75.0000017305,74.9999969932
0.733791038002,-0.452379855522,0.691880028974,-0.437314756327,0.719903808565,0.631530713373,75.0000017305,74.9999969932
0.733735636257,-0.452003641146,0.691745227262,-0.436925847265,0.719903808565,0.631530713373,75.0000017305,74.9999969932
0.733680366575,-0.451627013782,0.691610548229,-0.436536579021,0.719903808565,0.631530713373,75.0000017305,74.9999969932
0.733625229035,-0.451249973748,0.691475992185,-0.43614695211,0.719903808565,0.631530713373,75.0000017305,74.9999969932
0.733570223715,-0.450872521362,0.691341559286,-0.435756967288,0.719903808565,0.631530713373,75.0000017305,74.9999969932
0.733515350692,-0.450494656943,0.691207249763,-0.435366625196,0.719903808565,0.631530713373,75.0000017305,74.9999969932
0.733460609954,-0.450116380952,0.691073063998,-0.434975926231,0.719903808565,0.631530713373,75.0000017305,74.9999969932
0.73340600138,-0.449737694028,0.690939002371,-0.434584870789,0.719903808565,0.631530713373,75.0000017305,74.9999969932
0.733351524938,-0.449358596663,0.690805065263,-0.434193459269,0.719903808565,0.631530713373,75.0000017305,74.9999969932
0.733297180698,-0.448979089179,0.690671252877,-0.433801692343,0.719903808565,0.631530713373,75.0000017305,74.9999969932
0.733242968732,-0.448599171899,0.690537565362,-0.433409570775,0.719903808565,0.631530713373,75.0000017305,74.9999969932
0.733188889107,-0.448218845145,0.690404003036,-0.433017095053,0.719903808565,0.631530713373,75.0000017305,74.9999969932
0.733134941892,-0.44783810924,0.690270566275,-0.432624265576,0.719903808565,0.631530713373,75.0000017305,74.9999969932
0.733081127128,-0.447456964547,0.690137255451,-0.432231082742,0.719903808565,0.631530713373,75.0000017305,74.9999969932
0.733027444685,-0.44707541171,0.690004070896,-0.431837547018,0.719903808565,0.631530713373,75.0000017305,74.9999969932
0.732973894455,-0.446693451338,0.689871012747,-0.431443659171,0.719903808565,0.631530713373,75.0000017305,74.9999969932
0.732920476499,-0.446311083756,0.689738081186,-0.431049419905,0.719903808565,0.631530713373,75.0000017305,74.9999969932
0.732867190878,-0.445928309291,0.689605276582,-0.430654829618,0.719903808565,0.631530713373,75.0000017305,74.9999969932
0.732814037653,-0.44554512827,0.6894725993,-0.430259888711,0.719903808565,0.631530713373,75.0000017305,74.9999969932
0.732761016881,-0.44516154102,0.689340049709,-0.429864597583,0.719903808565,0.631530713373,75.0000017305,74.9999969932
0.73270812862,-0.444777547868,0.689207628029,-0.429468956863,0.719903808565,0.631530713373,75.0000017305,74.9999969932
0.73265537277,-0.444393149401,0.689075334392,-0.429072967324,0.719903808565,0.631530713373,75.0000017305,74.9999969932
0.732602749187,-0.444008346272,0.688943169069,-0.428676629514,0.719903808565,0.631530713373,75.0000017305,74.9999969932
0.732550257883,-0.443623138882,0.688811132422,-0.428279943834,0.719903808565,0.631530713373,75.0000017305,74.9999969932
0.732497898909,-0.443237527561,0.688679224809,-0.427882910685,0.719903808565,0.631530713373,75.0000017305,74.9999969932
0.732445672317,-0.44285151264,0.688547446581,-0.427485530482,0.719903808565,0.631530713373,75.0000017305,74.9999969932
0.732393578156,-0.44246509445,0.688415797862,-0.427087804003,0.719903808565,0.631530713373,75.0000017305,74.9999969932
0.732341616474,-0.442078273324,0.688284278781,-0.426689732014,0.719903808565,0.631530713373,75.0000017305,74.9999969932
0.732289787226,-0.441691049743,0.688152889694,-0.426291314919,0.719903808565,0.631530713373,75.0000017305,74.9999969932
0.73223809026,-0.441303424372,0.688021630953,-0.425892553119,0.719903808565,0.631530713373,75.0000017305,74.9999969932
0.73218652551,-0.440915397725,0.687890502911,-0.425493447017,0.719903808565,0.631530713373,75.0000017305,74.9999969932
0.732135093019,-0.440526970138,0.687759505812,-0.425093997191,0.719903808565,0.631530713373,75.0000017305,74.9999969932
0.73208379283,-0.440138141945,0.68762863977,-0.424694204423,0.719903808565,0.631530713373,75.0000017305,74.9999969932
0.732032624982,-0.439748913482,0.687497905006,-0.424294069324,0.719903808565,0.631530713373,75.0000017305,74.9999969932
0.731981589515,-0.439359285084,0.687367301867,-0.423893592298,0.719903808565,0.631530713373,75.0000017305,74.9999969932
0.731930686444,-0.438969257127,0.687236830699,-0.423492773748,0.719903808565,0.631530713373,75.0000017305,74.9999969932
0.7318799156,-0.438578830288,0.687106491849,-0.423091614078,0.719903808565,0.631530713373,75.0000017305,74.9999969932
0.731829276841,-0.438188005204,0.686976285451,-0.422690114028,0.719903808565,0.631530713373,75.0000017305,74.9999969932
0.7317787702,-0.437796782214,0.68684621161,-0.42228827439,0.719903808565,0.631530713373,75.0000017305,74.9999969932
0.73172839571,-0.437405161657,0.68671627064,-0.421886095614,0.719903808565,0.631530713373,75.0000017305,74.9999969932
0.731678153403,-0.437013143872,0.686586462881,-0.421483578104,0.719903808565,0.631530713373,75.0000017305,74.9999969932
0.73162804331,-0.436620729199,0.686456788672,-0.421080722264,0.719903808565,0.631530713373,75.0000017305,74.9999969932
0.73157806546,-0.436227917977,0.686327248279,-0.420677528617,0.719903808565,0.631530713373,75.0000017305,74.9999969932
0.731528219722,-0.435834710815,0.686197841796,-0.420273997961,0.719903808565,0.631530713373,75.0000017305,74.9999969932
0.731478505915,-0.435441108401,0.686068569391,-0.419870130977,0.719903808565,0.631530713373,75.0000017305,74.9999969932
0.73142892402,-0.435047111154,0.685939431396,-0.419465928071,0.719903808565,0.631530713373,75.0000017305,74.9999969932
0.73137947406,-0.434652719416,0.685810428145,-0.419061389648,0.719903808565,0.631530713373,75.0000017305,74.9999969932
0.73133015606,-0.434257933532,0.68568155997,-0.418656516114,0.719903808565,0.631530713373,75.0000017305,74.9999969932
0.731280970041,-0.433862753844,0.685552827027,-0.418251308159,0.719903808565,0.631530713373,75.0000017305,74.9999969932
0.731231916024,-0.433467180695,0.6854242294,-0.417845766591,0.719903808565,0.631530713373,75.0000017305,74.9999969932
0.73118299394,-0.433071214581,0.685295767346,-0.417439891931,0.719903808565,0.631530713373,75.0000017305,74.9999969932
0.731134203599,-0.432674856196,0.685167441194,-0.417033684586,0.719903808565,0.631530713373,75.0000017305,74.9999969932
0.731085544899,-0.432278106086,0.685039251268,-0.41662714496,0.719903808565,0.631530713373,75.0000017305,74.9999969932
0.731037017857,-0.431880964598,0.684911197863,-0.41622027351,0.719903808565,0.631530713373,75.0000017305,74.9999969932
0.730988622488,-0.431483432078,0.684783281055,-0.415813071049,0.719903808565,0.631530713373,75.0000017305,74.9999969932
0.730940358805,-0.431085508874,0.684655500952,-0.415405538337,0.719903808565,0.631530713373,75.0000017305,74.9999969932
0.73089222682,-0.430687195333,0.684527857873,-0.414997675781,0.719903808565,0.631530713373,75.0000017305,74.9999969932
0.73084422653,-0.430288491828,0.68440035214,-0.414589483788,0.719903808565,0.631530713373,75.0000017305,74.9999969932
0.730796357734,-0.429889399062,0.684272984072,-0.414180962762,0.719903808565,0.631530713373,75.0000017305,74.9999969932
0.730748620248,-0.429489917714,0.684145753852,-0.413772113331,0.719903808565,0.631530713373,75.0000017305,74.9999969932
0.730701014081,-0.429090048134,0.68401866155,-0.413362936309,0.719903808565,0.631530713373,75.0000017305,74.9999969932
0.730653539237,-0.428689790672,0.683891707365,-0.412953432296,0.719903808565,0.631530713373,75.0000017305,74.9999969932
0.730606195724,-0.428289145678,0.683764891611,-0.412543601698,0.719903808565,0.631530713373,75.0000017305,74.9999969932
0.730558983544,-0.427888113503,0.683638214602,-0.412133444923,0.719903808565,0.631530713373,75.0000017305,74.9999969932
0.730511902702,-0.427486694497,0.683511676648,-0.411722962376,0.719903808565,0.631530713373,75.0000017305,74.9999969932
0.730464953048,-0.427084889268,0.683385277827,-0.411312154852,0.719903808565,0.631530713373,75.0000017305,74.9999969932
0.730418134372,-0.426682698528,0.683259018199,-0.410901023174,0.719903808565,0.631530713373,75.0000017305,74.9999969932
0.730371446614,-0.426280122736,0.683132898056,-0.410489567773,0.719903808565,0.631530713373,75.0000017305,74.9999969932
0.730324889772,-0.425877162242,0.683006917704,-0.410077789059,0.719903808565,0.631530713373,75.0000017305,74.9999969932
0.730278463844,-0.425473817403,0.682881077451,-0.409665687437,0.719903808565,0.631530713373,75.0000017305,74.9999969932
0.730232168825,-0.42507008857,0.682755377517,-0.409253263454,0.719903808565,0.631530713373,75.0000017305,74.9999969932
0.73018600471,-0.424665976099,0.682629817954,-0.408840517936,0.719903808565,0.631530713373,75.0000017305,74.9999969932
0.730139971421,-0.424261480468,0.682504398899,-0.408427451569,0.719903808565,0.631530713373,75.0000017305,74.9999969932
0.730094068738,-0.423856602396,0.682379120652,-0.40801406476,0.719903808565,0.631530713373,75.0000017305,74.9999969932
0.730048296513,-0.423451342482,0.682253983513,-0.407600357917,0.719903808565,0.631530713373,75.0000017305,74.9999969932
0.730002654738,-0.423045701081,0.682128987782,-0.407186331447,0.719903808565,0.631530713373,75.0000017305,74.9999969932
0.7299571434,-0.422639678549,0.682004133573,-0.406771986063,0.719903808565,0.631530713373,75.0000017305,74.9999969932
0.729911762488,-0.422233275245,0.68187942093,-0.406357322596,0.719903808565,0.631530713373,75.0000017305,74.9999969932
0.72986651199,-0.421826491526,0.68175485008,-0.405942341569,0.719903808565,0.631530713373,75.0000017305,74.9999969932
0.729821391891,-0.421419327747,0.681630421318,-0.405527043389,0.719903808565,0.631530713373,75.0000017305,74.9999969932
0.729776401971,-0.421011784623,0.681506134936,-0.405111428464,0.719903808565,0.631530713373,75.0000017305,74.9999969932
0.729731542001,-0.420603862882,0.681381991199,-0.404695497249,0.719903808565,0.631530713373,75.0000017305,74.9999969932
0.729686811955,-0.420195562898,0.681257990143,-0.404279250578,0.719903808565,0.631530713373,75.0000017305,74.9999969932
0.729642211813,-0.419786885031,0.681134131835,-0.403862689236,0.719903808565,0.631530713373,75.0000017305,74.9999969932
0.729597741558,-0.419377829642,0.681010416561,-0.403445813631,0.719903808565,0.631530713373,75.0000017305,74.9999969932
0.729553401167,-0.41896839709,0.68088684461,-0.403028624172,0.719903808565,0.631530713373,75.0000017305,74.9999969932
0.72950919062,-0.418558587736,0.680763416268,-0.402611121265,0.719903808565,0.631530713373,75.0000017305,74.9999969932
0.729465109771,-0.418148402152,0.680640131696,-0.402193305528,0.719903808565,0.631530713373,75.0000017305,74.9999969932
0.729421158383,-0.417737841074,0.680516990922,-0.4017751778,0.719903808565,0.631530713373,75.0000017305,74.9999969932
0.729377336337,-0.417326905027,0.680393994101,-0.401356738707,0.719903808565,0.631530713373,75.0000017305,74.9999969932
0.729333643607,-0.416915594374,0.680271141513,-0.400937988657,0.719903808565,0.631530713373,75.0000017305,74.9999969932
0.729290080167,-0.416503909477,0.68014843344,-0.400518928057,0.719903808565,0.631530713373,75.0000017305,74.9999969932
0.729246645987,-0.416091850701,0.680025870162,-0.400099557314,0.719903808565,0.631530713373,75.0000017305,74.9999969932
0.729203341038,-0.415679418407,0.679903451736,-0.399679877208,0.719903808565,0.631530713373,75.0000017305,74.9999969932
0.729160165257,-0.415266613019,0.679781178184,-0.399259888583,0.719903808565,0.631530713373,75.0000017305,74.9999969932
0.729117118394,-0.414853435281,0.679659049746,-0.398839591907,0.719903808565,0.631530713373,75.0000017305,74.9999969932
0.729074200238,-0.414439885876,0.679537066698,-0.398418987585,0.719903808565,0.631530713373,75.0000017305,74.9999969932
0.729031410754,-0.41402596517,0.679415229315,-0.397998076025,0.719903808565,0.631530713373,75.0000017305,74.9999969932
0.728988749907,-0.413611673528,0.67929353781,-0.397576857732,0.719903808565,0.631530713373,75.0000017305,74.9999969932
0.728946217662,-0.413197011317,0.679171992199,-0.39715533355,0.719903808565,0.631530713373,75.0000017305,74.9999969932
0.728903813983,-0.412781978901,0.679050592553,-0.396733504228,0.719903808565,0.631530713373,75.0000017305,74.9999969932
0.728861538831,-0.412366576647,0.678929339141,-0.396311370173,0.719903808565,0.631530713373,75.0000017305,74.9999969932
0.728819392008,-0.411950805204,0.678808232233,-0.395888931792,0.719903808565,0.631530713373,75.0000017305,74.9999969932
0.728777373257,-0.411534665323,0.678687272095,-0.395466189489,0.719903808565,0.631530713373,75.0000017305,74.9999969932
0.728735482481,-0.411118157474,0.678566458845,-0.395043143927,0.719903808565,0.631530713373,75.0000017305,74.9999969932
0.728693719637,-0.410701282024,0.67844579249,-0.394619795957,0.719903808565,0.631530713373,75.0000017305,74.9999969932
0.728652084683,-0.410284039341,0.678325273184,-0.394196146171,0.719903808565,0.631530713373,75.0000017305,74.9999969932
0.728610577575,-0.409866429794,0.67820490119,-0.393772194975,0.719903808565,0.631530713373,75.0000017305,74.9999969932
0.728569198269,-0.409448453751,0.678084676772,-0.393347942776,0.719903808565,0.631530713373,75.0000017305,74.9999969932
0.728527946652,-0.409030111699,0.677964600188,-0.392923389979,0.719903808565,0.631530713373,75.0000017305,74.9999969932
0.728486822459,-0.408611404394,0.677844671461,-0.392498537401,0.719903808565,0.631530713373,75.0000017305,74.9999969932
0.728445825491,-0.408192332479,0.677724890588,-0.392073385897,0.719903808565,0.631530713373,75.0000017305,74.9999969932
0.728404955699,-0.407772896324,0.677605257808,-0.391647935907,0.719903808565,0.631530713373,75.0000017305,74.9999969932
0.728364213033,-0.407353096299,0.677485773377,-0.391222187836,0.719903808565,0.631530713373,75.0000017305,74.9999969932
0.728323597442,-0.406932932777,0.67736643755,-0.390796142089,0.719903808565,0.631530713373,75.0000017305,74.9999969932
0.728283108873,-0.406512406128,0.677247250515,-0.390369799186,0.719903808565,0.631530713373,75.0000017305,74.9999969932
0.728242747275,-0.406091516722,0.677128212265,-0.389943159985,0.719903808565,0.631530713373,75.0000017305,74.9999969932
0.728202512408,-0.405670265264,0.677009322857,-0.389516225226,0.719903808565,0.631530713373,75.0000017305,74.9999969932
0.728162403998,-0.40524865252,0.676890582544,-0.389088995314,0.719903808565,0.631530713373,75.0000017305,74.9999969932
0.728122421955,-0.404826678922,0.676771991576,-0.388661470653,0.719903808565,0.631530713373,75.0000017305,74.9999969932
0.728082566224,-0.404404344844,0.676653550201,-0.388233651647,0.719903808565,0.631530713373,75.0000017305,74.9999969932
0.728042836746,-0.403981650658,0.676535258515,-0.387805538965,0.719903808565,0.631530713373,75.0000017305,74.9999969932
0.728003233462,-0.403558596739,0.676417116503,-0.387377133468,0.719903808565,0.631530713373,75.0000017305,74.9999969932
0.727963756314,-0.403135183458,0.676299124302,-0.38694843575,0.719903808565,0.631530713373,75.0000017305,74.9999969932
0.727924405157,-0.40271141134,0.676181282156,-0.386519446215,0.719903808565,0.631530713373,75.0000017305,74.9999969932
0.727885179709,-0.402287281159,0.676063590309,-0.386090165266,0.719903808565,0.631530713373,75.0000017305,74.9999969932
0.727846079768,-0.40186279354,0.675946049005,-0.385660593306,0.719903808565,0.631530713373,75.0000017305,74.9999969932
0.727807105271,-0.401437948859,0.675828658248,-0.38523073115,0.719903808565,0.631530713373,75.0000017305,74.9999969932
0.727768256154,-0.401012747491,0.675711418018,-0.384800579661,0.719903808565,0.631530713373,75.0000017305,74.9999969932
0.727729532351,-0.400587189812,0.675594328526,-0.384370139291,0.719903808565,0.631530713373,75.0000017305,74.9999969932
0.727690933796,-0.400161276196,0.67547739001,-0.383939410443,0.719903808565,0.631530713373,75.0000017305,74.9999969932
0.727652460423,-0.399735007019,0.675360602708,-0.383508393519,0.719903808565,0.631530713373,75.0000017305,74.9999969932
0.727614111963,-0.399308383019,0.675243966804,-0.38307708901,0.719903808565,0.631530713373,75.0000017305,74.9999969932
0.727575888124,-0.398881404982,0.675127482271,-0.382645497784,0.719903808565,0.631530713373,75.0000017305,74.9999969932
0.727537788808,-0.398454073334,0.675011149129,-0.382213620617,0.719903808565,0.631530713373,75.0000017305,74.9999969932
0.727499813945,-0.398026388452,0.674894967613,-0.38178145791,0.719903808565,0.631530713373,75.0000017305,74.9999969932
0.727461963463,-0.397598350715,0.674778937955,-0.381349010066,0.719903808565,0.631530713373,75.0000017305,74.9999969932
0.727424237289,-0.397169960499,0.674663060385,-0.380916277483,0.719903808565,0.631530713373,75.0000017305,74.9999969932
0.727386635351,-0.396741218182,0.674547335005,-0.380483260793,0.719903808565,0.631530713373,75.0000017305,74.9999969932
0.727349157489,-0.396312124294,0.674431761775,-0.380049960871,0.719903808565,0.631530713373,75.0000017305,74.9999969932
0.727311803402,-0.395882679629,0.674316340785,-0.379616378362,0.719903808565,0.631530713373,75.0000017305,74.9999969932
0.727274572871,-0.395452884827,0.674201072263,-0.379182513668,0.719903808565,0.631530713373,75.0000017305,74.9999969932
0.727237465819,-0.395022740269,0.674085956434,-0.378748367187,0.719903808565,0.631530713373,75.0000017305,74.9999969932
0.727200482168,-0.394592246334,0.673970993525,-0.378313939318,0.719903808565,0.631530713373,75.0000017305,74.9999969932
0.727163621839,-0.394161403401,0.673856183551,-0.377879230829,0.719903808565,0.631530713373,75.0000017305,74.9999969932
0.727126884752,-0.39373021185,0.673741526465,-0.377444242603,0.719903808565,0.631530713373,75.0000017305,74.9999969932
0.727090270827,-0.393298672059,0.673627022424,-0.377008975156,0.719903808565,0.631530713373,75.0000017305,74.9999969932
0.727053779792,-0.392866784758,0.673512671648,-0.376573428886,0.719903808565,0.631530713373,75.0000017305,74.9999969932
0.727017411339,-0.392434550747,0.673398474358,-0.376137604192,0.719903808565,0.631530713373,75.0000017305,74.9999969932
0.726981165345,-0.392001970478,0.673284430766,-0.375701501481,0.719903808565,0.631530713373,75.0000017305,74.9999969932
0.726945041727,-0.391569044334,0.673170540818,-0.37526512164,0.719903808565,0.631530713373,75.0000017305,74.9999969932
0.7269090404,-0.391135772693,0.673056804465,-0.374828465545,0.719903808565,0.631530713373,75.0000017305,74.9999969932
0.726873161277,-0.390702155939,0.672943221921,-0.374391533594,0.719903808565,0.631530713373,75.0000017305,74.9999969932
0.726837404273,-0.390268194452,0.672829793403,-0.373954326185,0.719903808565,0.631530713373,75.0000017305,74.9999969932
0.726801769237,-0.389833888727,0.672716519124,-0.373516843713,0.719903808565,0.631530713373,75.0000017305,74.9999969932
0.726766255854,-0.389399239572,0.672603399224,-0.373079086707,0.719903808565,0.631530713373,75.0000017305,74.9999969932
0.726730863867,-0.388964247679,0.67249043364,-0.372641056057,0.719903808565,0.631530713373,75.0000017305,74.9999969932
0.726695593188,-0.388528913431,0.672377622385,-0.37220275252,0.719903808565,0.631530713373,75.0000017305,74.9999969932
0.726660443724,-0.388093237211,0.672264965667,-0.371764176492,0.719903808565,0.631530713373,75.0000017305,74.9999969932
0.726625415384,-0.387657219403,0.672152463696,-0.371325328369,0.719903808565,0.631530713373,75.0000017305,74.9999969932
0.726590508075,-0.387220860387,0.67204011668,-0.370886208545,0.719903808565,0.631530713373,75.0000017305,74.9999969932
0.726555721705,-0.386784160548,0.671927924689,-0.370446817664,0.719903808565,0.631530713373,75.0000017305,74.9999969932
0.726521056022,-0.386347120561,0.671815887653,-0.370007156619,0.719903808565,0.631530713373,75.0000017305,74.9999969932
0.726486510703,-0.385909741241,0.671704005642,-0.369567226054,0.719903808565,0.631530713373,75.0000017305,74.9999969932
0.72645208558,-0.385472023107,0.671592278858,-0.369127026362,0.719903808565,0.631530713373,75.0000017305,74.9999969932
0.726417780555,-0.385033966545,0.671480707506,-0.368686557938,0.719903808565,0.631530713373,75.0000017305,74.9999969932
0.726383595532,-0.384595571939,0.671369291788,-0.368245821172,0.719903808565,0.631530713373,75.0000017305,74.9999969932
0.726349530412,-0.384156839672,0.671258031707,-0.36780481682,0.719903808565,0.631530713373,75.0000017305,74.9999969932
0.726315585096,-0.38371777013,0.671146927187,-0.367363545777,0.719903808565,0.631530713373,75.0000017305,74.9999969932
0.726281759469,-0.383278363725,0.67103597835,-0.366922008579,0.719903808565,0.631530713373,75.0000017305,74.9999969932
0.7262480532,-0.382838621277,0.670925185395,-0.366480205617,0.719903808565,0.631530713373,75.0000017305,74.9999969932
0.726214465974,-0.382398543577,0.670814548519,-0.366038137282,0.719903808565,0.631530713373,75.0000017305,74.9999969932
0.726180997689,-0.38195813101,0.670704067919,-0.365595803966,0.719903808565,0.631530713373,75.0000017305,74.9999969932
0.726147648243,-0.381517383963,0.670593743536,-0.365153206524,0.719903808565,0.631530713373,75.0000017305,74.9999969932
0.726114417531,-0.381076302821,0.670483575288,-0.364710345857,0.719903808565,0.631530713373,75.0000017305,74.9999969932
0.72608130545,-0.38063488797,0.670373563346,-0.364267222397,0.719903808565,0.631530713373,75.0000017305,74.9999969932
0.726048311893,-0.380193139794,0.670263707902,-0.363823836534,0.719903808565,0.631530713373,75.0000017305,74.9999969932
0.726015436657,-0.379751058866,0.670154009149,-0.363380188657,0.719903808565,0.631530713373,75.0000017305,74.9999969932
0.725982679405,-0.379308646012,0.67004446725,-0.362936279205,0.719903808565,0.631530713373,75.0000017305,74.9999969932
0.725950039897,-0.378865901872,0.669935082116,-0.362492109081,0.719903808565,0.631530713373,75.0000017305,74.9999969932
0.725917518024,-0.378422826833,0.669825853686,-0.362047679136,0.719903808565,0.631530713373,75.0000017305,74.9999969932
0.725885113679,-0.377979421283,0.66971678215,-0.361602989757,0.719903808565,0.631530713373,75.0000017305,74.9999969932
0.72585282675,-0.377535685607,0.669607867693,-0.361158041333,0.719903808565,0.631530713373,75.0000017305,74.9999969932
0.725820657129,-0.377091620193,0.669499110503,-0.360712834249,0.719903808565,0.631530713373,75.0000017305,74.9999969932
0.725788604702,-0.376647225426,0.669390510691,-0.360267369031,0.719903808565,0.631530713373,75.0000017305,74.9999969932
0.725756669186,-0.376202502027,0.669282068163,-0.359821646582,0.719903808565,0.631530713373,75.0000017305,74.9999969932
0.725724850236,-0.375757450829,0.669173782895,-0.35937566767,0.719903808565,0.631530713373,75.0000017305,74.9999969932
0.725693147682,-0.375312072332,0.669065655072,-0.358929432681,0.719903808565,0.631530713373,75.0000017305,74.9999969932
0.725661561409,-0.374866366922,0.668957684876,-0.358482942001,0.719903808565,0.631530713373,75.0000017305,74.9999969932
0.725630091303,-0.374420334989,0.668849872487,-0.358036196013,0.719903808565,0.631530713373,75.0000017305,74.9999969932
0.725598737248,-0.37397397692,0.66874221797,-0.357589195317,0.719903808565,0.631530713373,75.0000017305,74.9999969932
0.725567499127,-0.373527293102,0.668634721223,-0.357141940821,0.719903808565,0.631530713373,75.0000017305,74.9999969932
0.725536376815,-0.373080283942,0.668527382261,-0.356694433216,0.719903808565,0.631530713373,75.0000017305,74.9999969932
0.725505369962,-0.372632950277,0.668420201259,-0.356246672888,0.719903808565,0.631530713373,75.0000017305,74.9999969932
0.725474478227,-0.372185292928,0.668313178396,-0.355798660217,0.719903808565,0.631530713373,75.0000017305,74.9999969932
0.725443701492,-0.371737312284,0.668206313846,-0.355350395587,0.719903808565,0.631530713373,75.0000017305,74.9999969932
0.725413039637,-0.371289008733,0.668099607633,-0.354901879662,0.719903808565,0.631530713373,75.0000017305,74.9999969932
0.725382492542,-0.370840382665,0.667993059649,-0.354453113353,0.719903808565,0.631530713373,75.0000017305,74.9999969932
0.725352060085,-0.370391434469,0.667886669937,-0.354004097286,0.719903808565,0.631530713373,75.0000017305,74.9999969932
0.725321742146,-0.369942164531,0.66778043867,-0.353554831843,0.719903808565,0.631530713373,75.0000017305,74.9999969932
0.72529153853,-0.369492573377,0.667674366017,-0.353105317404,0.719903808565,0.631530713373,75.0000017305,74.9999969932
0.725261448884,-0.369042661852,0.66756845215,-0.352655554347,0.719903808565,0.631530713373,75.0000017305,74.9999969932
0.725231472922,-0.368592430663,0.667462697057,-0.352205543395,0.719903808565,0.631530713373,75.0000017305,74.9999969932
0.725201610518,-0.368141880201,0.667357100622,-0.35175528546,0.719903808565,0.631530713373,75.0000017305,74.9999969932
0.725171861548,-0.367691010856,0.667251662914,-0.351304781114,0.719903808565,0.631530713373,75.0000017305,74.9999969932
0.725142225886,-0.367239823016,0.6671463841,-0.350854030734,0.719903808565,0.631530713373,75.0000017305,74.9999969932
0.725112703405,-0.366788317071,0.667041264344,-0.350403034697,0.719903808565,0.631530713373,75.0000017305,74.9999969932
0.725083293979,-0.36633649341,0.666936303813,-0.34995179338,0.719903808565,0.631530713373,75.0000017305,74.9999969932
0.725053997358,-0.365884352662,0.666831502464,-0.34950030755,0.719903808565,0.631530713373,75.0000017305,74.9999969932
0.725024813182,-0.365431895677,0.666726860177,-0.349048578125,0.719903808565,0.631530713373,75.0000017305,74.9999969932
0.72499574121,-0.364979123066,0.666622377037,-0.348596605628,0.719903808565,0.631530713373,75.0000017305,74.9999969932
0.724966781312,-0.36452603522,0.666518053207,-0.348144390434,0.719903808565,0.631530713373,75.0000017305,74.9999969932
0.724937933359,-0.364072632529,0.666413888847,-0.347691932917,0.719903808565,0.631530713373,75.0000017305,74.9999969932
0.724909197219,-0.363618915383,0.666309884117,-0.34723923345,0.719903808565,0.631530713373,75.0000017305,74.9999969932
0.724880572761,-0.363164884172,0.666206038951,-0.346786292837,0.719903808565,0.631530713373,75.0000017305,74.9999969932
0.724852059853,-0.362710539284,0.666102353223,-0.346333111998,0.719903808565,0.631530713373,75.0000017305,74.9999969932
0.724823658198,-0.362255881438,0.665998827032,-0.34587969142,0.719903808565,0.631530713373,75.0000017305,74.9999969932
0.724795367429,-0.36180091149,0.665895460534,-0.345426031476,0.719903808565,0.631530713373,75.0000017305,74.9999969932
0.724767187343,-0.361345629968,0.665792253883,-0.344972132536,0.719903808565,0.631530713373,75.0000017305,74.9999969932
0.724739117807,-0.360890037265,0.665689207237,-0.344517994972,0.719903808565,0.631530713373,75.0000017305,74.9999969932
0.724711158685,-0.36043413377,0.665586320511,-0.344063619608,0.719903808565,0.631530713373,75.0000017305,74.9999969932
0.724683309841,-0.359977919874,0.665483593574,-0.343609007369,0.719903808565,0.631530713373,75.0000017305,74.9999969932
0.724655571139,-0.359521395967,0.66538102653,-0.343154158717,0.719903808565,0.631530713373,75.0000017305,74.9999969932
0.724627942441,-0.359064562438,0.66527861953,-0.342699074023,0.719903808565,0.631530713373,75.0000017305,74.9999969932
0.724600423413,-0.358607420077,0.665176372725,-0.342243753655,0.719903808565,0.631530713373,75.0000017305,74.9999969932
0.724573013683,-0.358149969745,0.665074286265,-0.341788197979,0.719903808565,0.631530713373,75.0000017305,74.9999969932
0.724545713077,-0.357692211907,0.664972360057,-0.341332407832,0.719903808565,0.631530713373,75.0000017305,74.9999969932
0.724518521455,-0.357234146953,0.664870593965,-0.340876384138,0.719903808565,0.631530713373,75.0000017305,74.9999969932
0.724491438677,-0.356775775276,0.66476898809,-0.340420127352,0.719903808565,0.631530713373,75.0000017305,74.9999969932
0.724464464603,-0.356317097265,0.664667542579,-0.339963637841,0.719903808565,0.631530713373,75.0000017305,74.9999969932
0.724437599093,-0.35585811331,0.664566257578,-0.339506915968,0.719903808565,0.631530713373,75.0000017305,74.9999969932
0.724410842003,-0.355398823802,0.664465133233,-0.339049962097,0.719903808565,0.631530713373,75.0000017305,74.9999969932
0.724384192972,-0.354939229582,0.664364169448,-0.338592777061,0.719903808565,0.631530713373,75.0000017305,74.9999969932
0.724357651622,-0.354479331518,0.664263366079,-0.338135361788,0.719903808565,0.631530713373,75.0000017305,74.9999969932
0.724331217797,-0.354019130028,0.664162723222,-0.337677716735,0.719903808565,0.631530713373,75.0000017305,74.9999969932
0.724304891355,-0.353558625503,0.664062241019,-0.337219842264,0.719903808565,0.631530713373,75.0000017305,74.9999969932
0.72427867215,-0.353097818334,0.66396191961,-0.336761738737,0.719903808565,0.631530713373,75.0000017305,74.9999969932
0.724252560038,-0.352636708912,0.663861759137,-0.336303406515,0.719903808565,0.631530713373,75.0000017305,74.9999969932
0.724226554874,-0.352175297627,0.663761759508,-0.33584484641,0.719903808565,0.631530713373,75.0000017305,74.9999969932
0.724200656511,-0.351713584869,0.663661920574,-0.335386059354,0.719903808565,0.631530713373,75.0000017305,74.9999969932
0.724174864565,-0.351251571518,0.663562242416,-0.334927045821,0.719903808565,0.631530713373,75.0000017305,74.9999969932
0.724149178654,-0.350789258452,0.66346272517,-0.334467806172,0.719903808565,0.631530713373,75.0000017305,74.9999969932
0.724123598629,-0.350326646062,0.663363368973,-0.334008340763,0.719903808565,0.631530713373,75.0000017305,74.9999969932
0.724098124344,-0.349863734741,0.663264173961,-0.333548649953,0.719903808565,0.631530713373,75.0000017305,74.9999969932
0.724072755649,-0.349400524879,0.663165140056,-0.333088734519,0.719903808565,0.631530713373,75.0000017305,74.9999969932
0.724047492395,-0.348937016867,0.663066267103,-0.332628595395,0.719903808565,0.631530713373,75.0000017305,74.9999969932
0.724022334433,-0.348473211095,0.662967555159,-0.332168233089,0.719903808565,0.631530713373,75.0000017305,74.9999969932
0.723997281611,-0.348009107958,0.662869004356,-0.331707647958,0.719903808565,0.631530713373,75.0000017305,74.9999969932
0.723972333539,-0.347544708344,0.662770614827,-0.331246840357,0.719903808565,0.631530713373,75.0000017305,74.9999969932
0.723947489829,-0.347080013136,0.662672386703,-0.330785810638,0.719903808565,0.631530713373,75.0000017305,74.9999969932
0.72392275033,-0.346615022728,0.662574319927,-0.33032455953,0.719903808565,0.631530713373,75.0000017305,74.9999969932
0.723898114889,-0.34614973751,0.662476414337,-0.329863087967,0.719903808565,0.631530713373,75.0000017305,74.9999969932
0.723873583355,-0.345684157873,0.662378669961,-0.32940139651,0.719903808565,0.631530713373,75.0000017305,74.9999969932
0.723849155574,-0.345218284209,0.662281086925,-0.328939485512,0.719903808565,0.631530713373,75.0000017305,74.9999969932
0.723824831394,-0.344752116906,0.662183665358,-0.328477355324,0.719903808565,0.631530713373,75.0000017305,74.9999969932
0.723800610659,-0.344285656356,0.662086405386,-0.328015006295,0.719903808565,0.631530713373,75.0000017305,74.9999969932
0.723776492984,-0.343818903435,0.661989306979,-0.327552439087,0.719903808565,0.631530713373,75.0000017305,74.9999969932
0.723752477975,-0.343351859037,0.661892369969,-0.327089654646,0.719903808565,0.631530713373,75.0000017305,74.9999969932
0.723728565469,-0.342884523571,0.661795594339,-0.326626653605,0.719903808565,0.631530713373,75.0000017305,74.9999969932
0.723704755309,-0.342416897429,0.661698980212,-0.326163436313,0.719903808565,0.631530713373,75.0000017305,74.9999969932
0.723681047341,-0.341948981001,0.661602527712,-0.325700003119,0.719903808565,0.631530713373,75.0000017305,74.9999969932
0.723657441407,-0.341480774678,0.66150623696,-0.325236354367,0.719903808565,0.631530713373,75.0000017305,74.9999969932
0.72363393735,-0.341012278849,0.661410107968,-0.324772490629,0.719903808565,0.631530713373,75.0000017305,74.9999969932
0.723610535012,-0.340543493904,0.661314140559,-0.324308412856,0.719903808565,0.631530713373,75.0000017305,74.9999969932
0.723587234027,-0.340074420678,0.661218334666,-0.323844121772,0.719903808565,0.631530713373,75.0000017305,74.9999969932
0.723564033996,-0.33960506007,0.66112269041,-0.323379617723,0.719903808565,0.631530713373,75.0000017305,74.9999969932
0.723540934729,-0.339135412538,0.661027207908,-0.322914901053,0.719903808565,0.631530713373,75.0000017305,74.9999969932
0.723517936068,-0.338665478472,0.660931887279,-0.322449972105,0.719903808565,0.631530713373,75.0000017305,74.9999969932
0.723495037854,-0.338195258263,0.660836728582,-0.321984831336,0.719903808565,0.631530713373,75.0000017305,74.9999969932
0.723472239925,-0.337724752301,0.660741731637,-0.321519479699,0.719903808565,0.631530713373,75.0000017305,74.9999969932
0.723449542121,-0.337253960975,0.660646896317,-0.321053918033,0.719903808565,0.631530713373,75.0000017305,74.9999969932
0.723426944281,-0.336782884675,0.660552222738,-0.320588146678,0.719903808565,0.631530713373,75.0000017305,74.9999969932
0.723404446071,-0.336311524163,0.660457711014,-0.320122165974,0.719903808565,0.631530713373,75.0000017305,74.9999969932
0.723382047088,-0.335839880344,0.660363361259,-0.319655976261,0.719903808565,0.631530713373,75.0000017305,74.9999969932
0.723359747104,-0.335367953753,0.660269173587,-0.319189577874,0.719903808565,0.631530713373,75.0000017305,74.9999969932
0.723337545957,-0.334895744781,0.660175147817,-0.318722971756,0.719903808565,0.631530713373,75.0000017305,74.9999969932
0.723315443483,-0.334423253817,0.66008128376,-0.318256158865,0.719903808565,0.631530713373,75.0000017305,74.9999969932
0.723293439519,-0.33395048125,0.659987581522,-0.317789139552,0.719903808565,0.631530713373,75.0000017305,74.9999969932
0.723271533901,-0.333477427471,0.659894041213,-0.317321914153,0.719903808565,0.631530713373,75.0000017305,74.9999969932
0.723249726466,-0.333004092868,0.659800662943,-0.316854483003,0.719903808565,0.631530713373,75.0000017305,74.9999969932
0.723228016924,-0.332530478098,0.65970744682,-0.316386846435,0.719903808565,0.631530713373,75.0000017305,74.9999969932
0.723206404871,-0.332056584074,0.659614392734,-0.315919005238,0.719903808565,0.631530713373,75.0000017305,74.9999969932
0.723184890024,-0.331582411437,0.659521500492,-0.315450960373,0.719903808565,0.631530713373,75.0000017305,74.9999969932
0.723163472218,-0.33110796058,0.659428770119,-0.314982712342,0.719903808565,0.631530713373,75.0000017305,74.9999969932
0.723142151288,-0.330633231891,0.659336201722,-0.314514261479,0.719903808565,0.631530713373,75.0000017305,74.9999969932
0.723120927067,-0.330158225758,0.659243795407,-0.314045608113,0.719903808565,0.631530713373,75.0000017305,74.9999969932
0.723099799388,-0.329682942572,0.659151551279,-0.313576752574,0.719903808565,0.631530713373,75.0000017305,74.9999969932
0.723078768084,-0.329207382719,0.659059469307,-0.313107695473,0.719903808565,0.631530713373,75.0000017305,74.9999969932
0.723057832928,-0.328731546718,0.658967549294,-0.312638437773,0.719903808565,0.631530713373,75.0000017305,74.9999969932
0.723036993512,-0.328255435487,0.658875791176,-0.312168980153,0.719903808565,0.631530713373,75.0000017305,74.9999969932
0.723016249485,-0.327779049813,0.658784195054,-0.311699322943,0.719903808565,0.631530713373,75.0000017305,74.9999969932
0.722995600681,-0.327302390085,0.658692761032,-0.311229466469,0.719903808565,0.631530713373,75.0000017305,74.9999969932
0.72297504693,-0.326825456693,0.658601489209,-0.310759411058,0.719903808565,0.631530713373,75.0000017305,74.9999969932
0.722954588064,-0.326348250024,0.658510379649,-0.310289157112,0.719903808565,0.631530713373,75.0000017305,74.9999969932
0.722934223912,-0.325870770466,0.658419432148,-0.309818705597,0.719903808565,0.631530713373,75.0000017305,74.9999969932
0.722913954305,-0.325393018407,0.658328646541,-0.3093480574,0.719903808565,0.631530713373,75.0000017305,74.9999969932
0.722893779072,-0.324914994233,0.658238022928,-0.308877212844,0.719903808565,0.631530713373,75.0000017305,74.9999969932
0.722873697823,-0.324436698823,0.658147561405,-0.308406172253,0.719903808565,0.631530713373,75.0000017305,74.9999969932
0.722853710145,-0.3239581331,0.65805726207,-0.307934935948,0.719903808565,0.631530713373,75.0000017305,74.9999969932
0.722833815848,-0.323479297498,0.657967125019,-0.307463504248,0.719903808565,0.631530713373,75.0000017305,74.9999969932
0.722814014761,-0.323000192405,0.657877150116,-0.30699187797,0.719903808565,0.631530713373,75.0000017305,74.9999969932
0.722794306711,-0.322520818208,0.657787337153,-0.306520058085,0.719903808565,0.631530713373,75.0000017305,74.9999969932
0.722774691526,-0.322041175295,0.657697686153,-0.306048045062,0.719903808565,0.631530713373,75.0000017305,74.9999969932
0.722755169035,-0.321561264052,0.657608197211,-0.305575839222,0.719903808565,0.631530713373,75.0000017305,74.9999969932
0.722735739064,-0.321081084864,0.65751887042,-0.30510344088,0.719903808565,0.631530713373,75.0000017305,74.9999969932
0.722716401316,-0.3206006384,0.657429705874,-0.304630850353,0.719903808565,0.631530713373,75.0000017305,74.9999969932
0.722697155376,-0.320119925587,0.657340703551,-0.304158068197,0.719903808565,0.631530713373,75.0000017305,74.9999969932
0.722678000955,-0.319638947076,0.657251863239,-0.303685095385,0.719903808565,0.631530713373,75.0000017305,74.9999969932
0.722658937879,-0.319157703254,0.657163184838,-0.303211932647,0.719903808565,0.631530713373,75.0000017305,74.9999969932
0.722639965973,-0.318676194507,0.657074668437,-0.302738580297,0.719903808565,0.631530713373,75.0000017305,74.9999969932
0.722621085065,-0.318194421221,0.656986314127,-0.302265038649,0.719903808565,0.631530713373,75.0000017305,74.9999969932
0.722602294979,-0.317712383783,0.656898121996,-0.301791308013,0.719903808565,0.631530713373,75.0000017305,74.9999969932
0.722583595539,-0.317230082576,0.656810092134,-0.3013173887,0.719903808565,0.631530713373,75.0000017305,74.9999969932
0.72256498656,-0.316747518013,0.656722224343,-0.300843281637,0.719903808565,0.631530713373,75.0000017305,74.9999969932
0.722546467623,-0.316264691029,0.656634518406,-0.300368987803,0.719903808565,0.631530713373,75.0000017305,74.9999969932
0.722528038325,-0.315781602531,0.65654697439,-0.299894507552,0.719903808565,0.631530713373,75.0000017305,74.9999969932
0.722509698489,-0.315298252908,0.656459592379,-0.299419841194,0.719903808565,0.631530713373,75.0000017305,74.9999969932
0.722491447939,-0.314814642544,0.65637237246,-0.298944989036,0.719903808565,0.631530713373,75.0000017305,74.9999969932
0.722473286499,-0.314330771825,0.656285314717,-0.298469951383,0.719903808565,0.631530713373,75.0000017305,74.9999969932
0.722455213992,-0.313846641135,0.656198419098,-0.297994728842,0.719903808565,0.631530713373,75.0000017305,74.9999969932
0.722437230241,-0.313362250859,0.65611168538,-0.297519322392,0.719903808565,0.631530713373,75.0000017305,74.9999969932
0.722419335069,-0.312877601379,0.656025113478,-0.297043732711,0.719903808565,0.631530713373,75.0000017305,74.9999969932
0.722401528176,-0.31239269336,0.655938703474,-0.296567960103,0.719903808565,0.631530713373,75.0000017305,74.9999969932
0.722383809142,-0.311907527745,0.655852455451,-0.29609200487,0.719903808565,0.631530713373,75.0000017305,74.9999969932
0.722366177671,-0.311422105193,0.65576636949,-0.295615867315,0.719903808565,0.631530713373,75.0000017305,74.9999969932
0.722348633586,-0.31093642609,0.655680445672,-0.295139547735,0.719903808565,0.631530713373,75.0000017305,74.9999969932
0.722331176706,-0.31045049082,0.655594683794,-0.294663047062,0.719903808565,0.631530713373,75.0000017305,74.9999969932
0.722313806855,-0.309964299766,0.655509083628,-0.294186366278,0.719903808565,0.631530713373,75.0000017305,74.9999969932
0.722296523852,-0.309477853311,0.65542364523,-0.293709505736,0.719903808565,0.631530713373,75.0000017305,74.9999969932
0.72227932752,-0.308991151837,0.65533836868,-0.293232465735,0.719903808565,0.631530713373,75.0000017305,74.9999969932
0.722262217678,-0.308504195726,0.655253254054,-0.292755246571,0.719903808565,0.631530713373,75.0000017305,74.9999969932
0.722245193933,-0.308016985859,0.655168301432,-0.292277848539,0.719903808565,0.631530713373,75.0000017305,74.9999969932
0.722228255864,-0.307529523185,0.655083510781,-0.291800272177,0.719903808565,0.631530713373,75.0000017305,74.9999969932
0.722211403264,-0.307041808152,0.654998881869,-0.29132251847,0.719903808565,0.631530713373,75.0000017305,74.9999969932
0.722194635953,-0.306553841145,0.654914414574,-0.290844588163,0.719903808565,0.631530713373,75.0000017305,74.9999969932
0.72217795375,-0.306065622544,0.65483010897,-0.29036648155,0.719903808565,0.631530713373,75.0000017305,74.9999969932
0.722161356475,-0.305577152733,0.654745965132,-0.289888198924,0.719903808565,0.631530713373,75.0000017305,74.9999969932
0.722144843947,-0.305088432092,0.654661983135,-0.289409740575,0.719903808565,0.631530713373,75.0000017305,74.9999969932
0.722128415985,-0.304599461001,0.654578163052,-0.288931106792,0.719903808565,0.631530713373,75.0000017305,74.9999969932
0.722112072364,-0.304110239943,0.654494504731,-0.288452298377,0.719903808565,0.631530713373,75.0000017305,74.9999969932
0.722095812662,-0.303620769872,0.654411007935,-0.287973316319,0.719903808565,0.631530713373,75.0000017305,74.9999969932
0.722079636499,-0.303131051639,0.654327672653,-0.287494161098,0.719903808565,0.631530713373,75.0000017305,74.9999969932
0.722063543694,-0.302641085628,0.654244498956,-0.287014833002,0.719903808565,0.631530713373,75.0000017305,74.9999969932
0.722047534065,-0.302150872218,0.654161486917,-0.286535332316,0.719903808565,0.631530713373,75.0000017305,74.9999969932
0.72203160743,-0.301660411791,0.654078636606,-0.286055659327,0.719903808565,0.631530713373,75.0000017305,74.9999969932
0.722015763606,-0.301169704726,0.653995948073,-0.285575814359,0.719903808565,0.631530713373,75.0000017305,74.9999969932
0.722000002413,-0.300678751402,0.653913421079,-0.285095798407,0.719903808565,0.631530713373,75.0000017305,74.9999969932
0.721984323666,-0.300187552199,0.6538310554,-0.284615612422,0.719903808565,0.631530713373,75.0000017305,74.9999969932
0.72196872709,-0.299696107719,0.653748851106,-0.284135256689,0.719903808565,0.631530713373,75.0000017305,74.9999969932
0.72195321226,-0.299204418923,0.653666808264,-0.283654731489,0.719903808565,0.631530713373,75.0000017305,74.9999969932
0.721937778845,-0.298712486546,0.653584926943,-0.283174037103,0.719903808565,0.631530713373,75.0000017305,74.9999969932
0.721922426663,-0.29822031097,0.653503207209,-0.282693173809,0.719903808565,0.631530713373,75.0000017305,74.9999969932
0.72190715553,-0.297727892573,0.653421649023,-0.282212142128,0.719903808565,0.631530713373,75.0000017305,74.9999969932
0.721891965263,-0.297235231734,0.65334025214,-0.281730943058,0.719903808565,0.631530713373,75.0000017305,74.9999969932
0.721876855679,-0.296742328831,0.653259016419,-0.281249577355,0.719903808565,0.631530713373,75.0000017305,74.9999969932
0.721861826594,-0.29624918424,0.653177941926,-0.280768045297,0.719903808565,0.631530713373,75.0000017305,74.9999969932
0.721846877823,-0.295755798338,0.653097028726,-0.28028634716,0.719903808565,0.631530713373,75.0000017305,74.9999969932
0.721832009062,-0.2952621718,0.653016276881,-0.279804483218,0.719903808565,0.631530713373,75.0000017305,74.9999969932
0.721817219883,-0.294768305592,0.652935686457,-0.279322453743,0.719903808565,0.631530713373,75.0000017305,74.9999969932
0.721802509983,-0.294274200385,0.65285525734,-0.278840259416,0.719903808565,0.631530713373,75.0000017305,74.9999969932
0.72178787918,-0.293779856557,0.65277498928,-0.278357901241,0.719903808565,0.631530713373,75.0000017305,74.9999969932
0.721773327287,-0.293285274486,0.652694882203,-0.27787537981,0.719903808565,0.631530713373,75.0000017305,74.9999969932
0.72175885412,-0.292790454547,0.65261493617,-0.277392695397,0.719903808565,0.631530713373,75.0000017305,74.9999969932
0.721744459496,-0.292295397116,0.652535151243,-0.27690984827,0.719903808565,0.631530713373,75.0000017305,74.9999969932
0.721730143229,-0.291800102569,0.652455527482,-0.276426838697,0.719903808565,0.631530713373,75.0000017305,74.9999969932
0.721715905134,-0.29130457128,0.652376064948,-0.275943666944,0.719903808565,0.631530713373,75.0000017305,74.9999969932
0.721701744898,-0.290808803937,0.652296763471,-0.275460333816,0.719903808565,0.631530713373,75.0000017305,74.9999969932
0.721687662096,-0.290312801515,0.652217622798,-0.274976840321,0.719903808565,0.631530713373,75.0000017305,74.9999969932
0.721673656427,-0.289816564674,0.652138642902,-0.274493186929,0.719903808565,0.631530713373,75.0000017305,74.9999969932
0.721659727707,-0.28932009379,0.652059823841,-0.274009373903,0.719903808565,0.631530713373,75.0000017305,74.9999969932
0.72164587575,-0.288823389239,0.651981165674,-0.273525401508,0.719903808565,0.631530713373,75.0000017305,74.9999969932
0.72163210037,-0.288326451394,0.651902668457,-0.273041270005,0.719903808565,0.631530713373,75.0000017305,74.9999969932
0.721618401383,-0.28782928063,0.651824332249,-0.272556979654,0.719903808565,0.631530713373,75.0000017305,74.9999969932
0.721604778602,-0.28733187732,0.651746156841,-0.272072531342,0.719903808565,0.631530713373,75.0000017305,74.9999969932
0.721591231842,-0.286834241834,0.651668141976,-0.271587926083,0.719903808565,0.631530713373,75.0000017305,74.9999969932
0.721577760809,-0.286336374815,0.651590287657,-0.271103164261,0.719903808565,0.631530713373,75.0000017305,74.9999969932
0.721564365076,-0.285838277244,0.65151259394,-0.270618246135,0.719903808565,0.631530713373,75.0000017305,74.9999969932
0.721551044323,-0.285339949834,0.651435060879,-0.270133171963,0.719903808565,0.631530713373,75.0000017305,74.9999969932
0.721537798364,-0.284841392958,0.651357688528,-0.269647942,0.719903808565,0.631530713373,75.0000017305,74.9999969932
0.721524627012,-0.284342606991,0.651280476943,-0.269162556499,0.719903808565,0.631530713373,75.0000017305,74.9999969932
0.721511530082,-0.283843592303,0.651203425896,-0.268677016385,0.719903808565,0.631530713373,75.0000017305,74.9999969932
0.721498507388,-0.283344349267,0.651126535125,-0.268191322679,0.719903808565,0.631530713373,75.0000017305,74.9999969932
0.721485558742,-0.282844878252,0.651049804646,-0.267705475724,0.719903808565,0.631530713373,75.0000017305,74.9999969932
0.72147268396,-0.282345179629,0.650973234511,-0.267219475773,0.719903808565,0.631530713373,75.0000017305,74.9999969932
0.721459882791,-0.281845253925,0.650896824771,-0.266733323079,0.719903808565,0.631530713373,75.0000017305,74.9999969932
0.721447154807,-0.281345102133,0.650820575477,-0.266247017888,0.719903808565,0.631530713373,75.0000017305,74.9999969932
0.721434499639,-0.28084472509,0.650744486681,-0.265760560449,0.719903808565,0.631530713373,75.0000017305,74.9999969932
0.721421917101,-0.280344123169,0.650668558158,-0.265273951676,0.719903808565,0.631530713373,75.0000017305,74.9999969932
0.721409407005,-0.279843296739,0.650592789642,-0.264787192594,0.719903808565,0.631530713373,75.0000017305,74.9999969932
0.721396969167,-0.279342246172,0.650517181139,-0.264300283558,0.719903808565,0.631530713373,75.0000017305,74.9999969932
0.721384603398,-0.278840971837,0.650441732698,-0.263813224814,0.719903808565,0.631530713373,75.0000017305,74.9999969932
0.721372309513,-0.2783394741,0.650366444368,-0.263326016607,0.719903808565,0.631530713373,75.0000017305,74.9999969932
0.721360087324,-0.277837753331,0.650291316197,-0.262838659179,0.719903808565,0.631530713373,75.0000017305,74.9999969932
0.721347936644,-0.277335809895,0.650216348232,-0.262351152771,0.719903808565,0.631530713373,75.0000017305,74.9999969932
0.721335857055,-0.276833644765,0.650141540274,-0.261863498234,0.719903808565,0.631530713373,75.0000017305,74.9999969932
0.721323848124,-0.276331258948,0.650066892052,-0.261375696599,0.719903808565,0.631530713373,75.0000017305,74.9999969932
0.721311909651,-0.275828652846,0.649992403542,-0.260887748282,0.719903808565,0.631530713373,75.0000017305,74.9999969932
0.721300041451,-0.275325826829,0.649918074789,-0.260399653526,0.719903808565,0.631530713373,75.0000017305,74.9999969932
0.721288243336,-0.274822781263,0.64984390584,-0.259911412567,0.719903808565,0.631530713373,75.0000017305,74.9999969932
0.721276515119,-0.274319516517,0.649769896739,-0.259423025642,0.719903808565,0.631530713373,75.0000017305,74.9999969932
0.721264856614,-0.273816032956,0.649696047532,-0.258934492985,0.719903808565,0.631530713373,75.0000017305,74.9999969932
0.721253267634,-0.273312330945,0.649622358065,-0.258445815328,0.719903808565,0.631530713373,75.0000017305,74.9999969932
0.721241747992,-0.272808410848,0.649548828061,-0.257956993708,0.719903808565,0.631530713373,75.0000017305,74.9999969932
0.721230297373,-0.272304273367,0.649475457443,-0.257468028667,0.719903808565,0.631530713373,75.0000017305,74.9999969932
0.721218915345,-0.271799919517,0.649402246254,-0.256978920438,0.719903808565,0.631530713373,75.0000017305,74.9999969932
0.721207601603,-0.271295349976,0.649329194537,-0.256489669254,0.719903808565,0.631530713373,75.0000017305,74.9999969932
0.721196355961,-0.270790565111,0.649256302335,-0.256000275344,0.719903808565,0.631530713373,75.0000017305,74.9999969932
0.721185178233,-0.270285565287,0.649183569689,-0.255510738936,0.719903808565,0.631530713373,75.0000017305,74.9999969932
0.721174068231,-0.269780350868,0.649110996516,-0.255021060578,0.719903808565,0.631530713373,75.0000017305,74.9999969932
0.721163025768,-0.26927492222,0.649038582532,-0.254531241321,0.719903808565,0.631530713373,75.0000017305,74.9999969932
0.721152050659,-0.268769279704,0.648966327581,-0.254041281895,0.719903808565,0.631530713373,75.0000017305,74.9999969932
0.721141142716,-0.268263423681,0.648894231704,-0.25355118253,0.719903808565,0.631530713373,75.0000017305,74.9999969932
0.721130301753,-0.267757354514,0.648822294942,-0.25306094345,0.719903808565,0.631530713373,75.0000017305,74.9999969932
0.721119527345,-0.2672510732,0.648750517333,-0.25257056488,0.719903808565,0.631530713373,75.0000017305,74.9999969932
0.721108819061,-0.266744580765,0.648678898918,-0.252080047041,0.719903808565,0.631530713373,75.0000017305,74.9999969932
0.721098176706,-0.266237877596,0.648607439709,-0.251589390221,0.719903808565,0.631530713373,75.0000017305,74.9999969932
0.721087600093,-0.265730964057,0.648536139419,-0.25109859548,0.719903808565,0.631530713373,75.0000017305,74.9999969932
0.721077089036,-0.26522384051,0.648464997788,-0.250607663807,0.719903808565,0.631530713373,75.0000017305,74.9999969932
0.721066643349,-0.264716507316,0.648394014855,-0.250116595424,0.719903808565,0.631530713373,75.0000017305,74.9999969932
0.721056262844,-0.264208964836,0.648323190658,-0.249625390551,0.719903808565,0.631530713373,75.0000017305,74.9999969932
0.721045947336,-0.263701213429,0.648252525233,-0.249134049406,0.719903808565,0.631530713373,75.0000017305,74.9999969932
0.721035696638,-0.263193253454,0.648182018618,-0.248642572204,0.719903808565,0.631530713373,75.0000017305,74.9999969932
0.721025510498,-0.26268508545,0.648111670849,-0.248150959157,0.719903808565,0.631530713373,75.0000017305,74.9999969932
0.721015388483,-0.26217671045,0.648041481736,-0.247659211071,0.719903808565,0.631530713373,75.0000017305,74.9999969932
0.721005330229,-0.261668129306,0.647971450988,-0.247167329012,0.719903808565,0.631530713373,75.0000017305,74.9999969932
0.720995335549,-0.26115934238,0.647901578542,-0.246675313456,0.719903808565,0.631530713373,75.0000017305,74.9999969932
0.720985404257,-0.260650350032,0.647831864433,-0.246183164617,0.719903808565,0.631530713373,75.0000017305,74.9999969932
0.720975536168,-0.26014115262,0.647762308695,-0.245690882707,0.719903808565,0.631530713373,75.0000017305,74.9999969932
0.720965731096,-0.259631750503,0.647692911363,-0.245198467935,0.719903808565,0.631530713373,75.0000017305,74.9999969932
0.720955988855,-0.259122144038,0.647623672471,-0.244705920507,0.719903808565,0.631530713373,75.0000017305,74.9999969932
0.720946309258,-0.258612333582,0.647554591981,-0.244213240821,0.719903808565,0.631530713373,75.0000017305,74.9999969932
0.720936692121,-0.258102319488,0.647485669599,-0.24372042995,0.719903808565,0.631530713373,75.0000017305,74.9999969932
0.720927137151,-0.257592102407,0.647416905103,-0.243227488779,0.719903808565,0.631530713373,75.0000017305,74.9999969932
0.720917643919,-0.257081683382,0.647348298525,-0.242734417515,0.719903808565,0.631530713373,75.0000017305,74.9999969932
0.720908212097,-0.256571063161,0.647279849899,-0.242241216364,0.719903808565,0.631530713373,75.0000017305,74.9999969932
0.720898841502,-0.256060242103,0.647211559256,-0.24174788553,0.719903808565,0.631530713373,75.0000017305,74.9999969932
0.720889531949,-0.255549220566,0.647143426628,-0.241254425213,0.719903808565,0.631530713373,75.0000017305,74.9999969932
0.72088028325,-0.255037998904,0.647075452048,-0.240760835611,0.719903808565,0.631530713373,75.0000017305,74.9999969932
0.720871095223,-0.254526577474,0.647007635329,-0.240267117504,0.719903808565,0.631530713373,75.0000017305,74.9999969932
0.720861967681,-0.254014956628,0.646939976174,-0.239773271977,0.719903808565,0.631530713373,75.0000017305,74.9999969932
0.72085290044,-0.253503136719,0.646872474501,-0.239279299532,0.719903808565,0.631530713373,75.0000017305,74.9999969932
0.720843893315,-0.2529911181,0.64680513034,-0.238785200369,0.719903808565,0.631530713373,75.0000017305,74.9999969932
0.720834946014,-0.252478901423,0.646737943722,-0.238290974685,0.719903808565,0.631530713373,75.0000017305,74.9999969932
0.720826058108,-0.251966487743,0.646670914676,-0.237796622676,0.719903808565,0.631530713373,75.0000017305,74.9999969932
0.720817229272,-0.251453877811,0.646604043232,-0.237302144534,0.719903808565,0.631530713373,75.0000017305,74.9999969932
0.720808459323,-0.250941071983,0.646537329417,-0.236807540451,0.719903808565,0.631530713373,75.0000017305,74.9999969932
0.720799748077,-0.250428070612,0.646470772931,-0.236312811518,0.719903808565,0.631530713373,75.0000017305,74.9999969932
0.720791095348,-0.249914874051,0.646404373472,-0.235817958827,0.719903808565,0.631530713373,75.0000017305,74.9999969932
0.720782500953,-0.249401482653,0.646338131069,-0.235322982573,0.719903808565,0.631530713373,75.0000017305,74.9999969932
0.720773964709,-0.248887896766,0.64627204575,-0.234827882948,0.719903808565,0.631530713373,75.0000017305,74.9999969932
0.72076548643,-0.248374116741,0.646206117541,-0.234332660139,0.719903808565,0.631530713373,75.0000017305,74.9999969932
0.720757065934,-0.247860142926,0.646140346471,-0.233837314336,0.719903808565,0.631530713373,75.0000017305,74.9999969932
0.72074870297,-0.24734597586,0.646074732567,-0.23334184572,0.719903808565,0.631530713373,75.0000017305,74.9999969932
0.72074039711,-0.246831616607,0.646009275772,-0.232846254701,0.719903808565,0.631530713373,75.0000017305,74.9999969932
0.72073214799,-0.246317066042,0.645943975783,-0.232350542381,0.719903808565,0.631530713373,75.0000017305,74.9999969932
0.720723955429,-0.245802324516,0.645878832375,-0.231854709638,0.719903808565,0.631530713373,75.0000017305,74.9999969932
0.720715819241,-0.245287392381,0.645813845575,-0.231358756659,0.719903808565,0.631530713373,75.0000017305,74.9999969932
0.720707739246,-0.244772269985,0.645749015408,-0.230862683627,0.719903808565,0.631530713373,75.0000017305,74.9999969932
0.720699715259,-0.244256957679,0.645684341899,-0.230366490724,0.719903808565,0.631530713373,75.0000017305,74.9999969932
0.720691747099,-0.243741455807,0.645619825073,-0.229870178128,0.719903808565,0.631530713373,75.0000017305,74.9999969932
0.720683834581,-0.243225764718,0.645555464954,-0.229373746016,0.719903808565,0.631530713373,75.0000017305,74.9999969932
0.720675977525,-0.242709884756,0.645491261439,-0.228877194922,0.719903808565,0.631530713373,75.0000017305,74.9999969932
0.720668175747,-0.242193816264,0.645427214219,-0.22838052596,0.719903808565,0.631530713373,75.0000017305,74.9999969932
0.720660428839,-0.241677560262,0.645363323114,-0.227883739885,0.719903808565,0.631530713373,75.0000017305,74.9999969932
0.720652736373,-0.241161117828,0.645299588147,-0.227386836875,0.719903808565,0.631530713373,75.0000017305,74.9999969932
0.720645098149,-0.240644489366,0.645236009341,-0.226889817106,0.719903808565,0.631530713373,75.0000017305,74.9999969932
0.720637513985,-0.240127675224,0.64517258672,-0.226392680751,0.719903808565,0.631530713373,75.0000017305,74.9999969932
0.7206299837,-0.239610675749,0.645109320305,-0.225895427981,0.719903808565,0.631530713373,75.0000017305,74.9999969932
0.720622507113,-0.239093491285,0.64504621012,-0.225398058963,0.719903808565,0.631530713373,75.0000017305,74.9999969932
0.720615084041,-0.238576122177,0.644983256048,-0.224900574262,0.719903808565,0.631530713373,75.0000017305,74.9999969932
0.720607714305,-0.238058568768,0.644920457776,-0.224402975001,0.719903808565,0.631530713373,75.0000017305,74.9999969932
0.720600397723,-0.2375408314,0.644857815132,-0.223905261913,0.719903808565,0.631530713373,75.0000017305,74.9999969932
0.720593134114,-0.237022910413,0.644795328137,-0.223407435167,0.719903808565,0.631530713373,75.0000017305,74.9999969932
0.720585923203,-0.236504806436,0.644732996812,-0.222909494931,0.719903808565,0.631530713373,75.0000017305,74.9999969932
0.720578764564,-0.235986520557,0.644670821177,-0.222411441372,0.719903808565,0.631530713373,75.0000017305,74.9999969932
0.720571657867,-0.235468053582,0.644608801254,-0.221913274652,0.719903808565,0.631530713373,75.0000017305,74.9999969932
0.720564602931,-0.234949405853,0.644546937061,-0.22141499493,0.719903808565,0.631530713373,75.0000017305,74.9999969932
0.720557599576,-0.234430577715,0.644485228511,-0.220916602686,0.719903808565,0.631530713373,75.0000017305,74.9999969932
0.720550647624,-0.23391156951,0.644423675287,-0.220418099056,0.719903808565,0.631530713373,75.0000017305,74.9999969932
0.720543746894,-0.233392381579,0.644362277183,-0.219919484861,0.719903808565,0.631530713373,75.0000017305,74.9999969932
0.720536897207,-0.232873014262,0.64430103422,-0.219420760264,0.719903808565,0.631530713373,75.0000017305,74.9999969932
0.720530098384,-0.232353467898,0.644239946416,-0.218921925425,0.719903808565,0.631530713373,75.0000017305,74.9999969932
0.720523350246,-0.231833742824,0.644179013789,-0.218422980502,0.719903808565,0.631530713373,75.0000017305,74.9999969932
0.720516652614,-0.231313839378,0.644118236359,-0.21792392565,0.719903808565,0.631530713373,75.0000017305,74.9999969932
0.720510005152,-0.230793758383,0.644057614144,-0.217424761023,0.719903808565,0.631530713373,75.0000017305,74.9999969932
0.720503407437,-0.230273500946,0.643997147122,-0.216925486885,0.719903808565,0.631530713373,75.0000017305,74.9999969932
0.720496859201,-0.229753067683,0.643936834975,-0.216426104389,0.719903808565,0.631530713373,75.0000017305,74.9999969932
0.720490360268,-0.229232458933,0.643876677423,-0.215926614569,0.719903808565,0.631530713373,75.0000017305,74.9999969932
0.720483910459,-0.228711675037,0.643816674484,-0.215427017582,0.719903808565,0.631530713373,75.0000017305,74.9999969932
0.720477509598,-0.228190716333,0.643756826175,-0.214927313581,0.719903808565,0.631530713373,75.0000017305,74.9999969932
0.720471157506,-0.227669583157,0.643697132513,-0.214427502717,0.719903808565,0.631530713373,75.0000017305,74.9999969932
0.720464854006,-0.227148275846,0.643637593515,-0.213927585137,0.719903808565,0.631530713373,75.0000017305,74.9999969932
0.720458598922,-0.226626794735,0.643578209196,-0.213427560987,0.719903808565,0.631530713373,75.0000017305,74.9999969932
0.720452392076,-0.226105140156,0.643518979573,-0.212927430408,0.719903808565,0.631530713373,75.0000017305,74.9999969932
0.720446233292,-0.225583312441,0.643459904401,-0.212427194333,0.719903808565,0.631530713373,75.0000017305,74.9999969932
0.720440122229,-0.225061312449,0.643400983357,-0.21192685393,0.719903808565,0.631530713373,75.0000017305,74.9999969932
0.720434058465,-0.224539141299,0.643342216381,-0.211426409578,0.719903808565,0.631530713373,75.0000017305,74.9999969932
0.720428041743,-0.224016799587,0.643283603489,-0.210925861421,0.719903808565,0.631530713373,75.0000017305,74.9999969932
0.720422071889,-0.22349428765,0.643225144694,-0.210425209604,0.719903808565,0.631530713373,75.0000017305,74.9999969932
0.720416148727,-0.222971605824,0.643166840013,-0.209924454268,0.719903808565,0.631530713373,75.0000017305,74.9999969932
0.72041027208,-0.222448754442,0.643108689459,-0.209423595549,0.719903808565,0.631530713373,75.0000017305,74.9999969932
0.720404441775,-0.221925733838,0.643050693048,-0.208922633583,0.719903808565,0.631530713373,75.0000017305,74.9999969932
0.720398657637,-0.221402544344,0.642992850694,-0.20842156881,0.719903808565,0.631530713373,75.0000017305,74.9999969932
0.720392919491,-0.22087918629,0.642935162072,-0.207920402408,0.719903808565,0.631530713373,75.0000017305,74.9999969932
0.720387227162,-0.220355660005,0.642877626956,-0.207419135258,0.719903808565,0.631530713373,75.0000017305,74.9999969932
0.720381580476,-0.219831965818,0.642820245359,-0.206917767499,0.719903808565,0.631530713373,75.0000017305,74.9999969932
0.720375979148,-0.219308104423,0.642763017296,-0.206416299267,0.719903808565,0.631530713373,75.0000017305,74.9999969932
0.720370422757,-0.218784076956,0.642705942778,-0.205914730697,0.719903808565,0.631530713373,75.0000017305,74.9999969932
0.720364910998,-0.218259884188,0.64264902182,-0.205413061919,0.719903808565,0.631530713373,75.0000017305,74.9999969932
0.720359443697,-0.217735526452,0.642592254433,-0.204911293062,0.719903808565,0.631530713373,75.0000017305,74.9999969932
0.720354020681,-0.217211004079,0.642535640631,-0.204409424249,0.719903808565,0.631530713373,75.0000017305,74.9999969932
0.720348641779,-0.216686317401,0.6424791802,-0.203907456316,0.719903808565,0.631530713373,75.0000017305,74.9999969932
0.720343306817,-0.216161466746,0.642422872812,-0.203405390461,0.719903808565,0.631530713373,75.0000017305,74.9999969932
0.720338015622,-0.215636452443,0.642366718364,-0.202903227178,0.719903808565,0.631530713373,75.0000017305,74.9999969932
0.720332768024,-0.215111274819,0.642310716868,-0.202400966599,0.719903808565,0.631530713373,75.0000017305,74.9999969932
0.720327563851,-0.214585934198,0.642254868335,-0.20189860885,0.719903808565,0.631530713373,75.0000017305,74.9999969932
0.72032240293,-0.214060430905,0.642199172777,-0.201396154055,0.719903808565,0.631530713373,75.0000017305,74.9999969932
0.72031728509,-0.213534765262,0.642143630204,-0.200893602337,0.719903808565,0.631530713373,75.0000017305,74.9999969932
0.720312209921,-0.213008938403,0.642088240628,-0.200390953813,0.719903808565,0.631530713373,75.0000017305,74.9999969932
0.720307177005,-0.212482951483,0.642033004059,-0.199888208601,0.719903808565,0.631530713373,75.0000017305,74.9999969932
0.720302186169,-0.211956804851,0.64197792021,-0.199385367772,0.719903808565,0.631530713373,75.0000017305,74.9999969932
0.720297237241,-0.211430498835,0.64192298875,-0.198882432547,0.719903808565,0.631530713373,75.0000017305,74.9999969932
0.720292330051,-0.210904033762,0.641868209645,-0.19837940319,0.719903808565,0.631530713373,75.0000017305,74.9999969932
0.72028746443,-0.210377409958,0.641813582905,-0.197876279823,0.719903808565,0.631530713373,75.0000017305,74.9999969932
0.720282640209,-0.209850627747,0.64175910854,-0.197373062565,0.719903808565,0.631530713373,75.0000017305,74.9999969932
0.720277857218,-0.209323687453,0.641704786559,-0.19686975153,0.719903808565,0.631530713373,75.0000017305,74.9999969932
0.720273115288,-0.208796589398,0.641650616972,-0.19636634683,0.719903808565,0.631530713373,75.0000017305,74.9999969932
0.720268414251,-0.2082693339,0.641596599789,-0.195862848577,0.719903808565,0.631530713373,75.0000017305,74.9999969932
0.720263753939,-0.207741921281,0.641542735018,-0.195359256875,0.719903808565,0.631530713373,75.0000017305,74.9999969932
0.720259134131,-0.207214352033,0.641489022355,-0.19485557286,0.719903808565,0.631530713373,75.0000017305,74.9999969932
0.720254554414,-0.206686627331,0.641435461467,-0.194351797772,0.719903808565,0.631530713373,75.0000017305,74.9999969932
0.720250014428,-0.206158748174,0.641382052331,-0.193847931827,0.719903808565,0.631530713373,75.0000017305,74.9999969932
0.720245514004,-0.205630714888,0.641328794956,-0.193343975137,0.719903808565,0.631530713373,75.0000017305,74.9999969932
0.720241052976,-0.205102527795,0.64127568935,-0.192839927812,0.719903808565,0.631530713373,75.0000017305,74.9999969932
0.720236631178,-0.20457418722,0.641222735521,-0.192335789959,0.719903808565,0.631530713373,75.0000017305,74.9999969932
0.720232248442,-0.204045693483,0.641169933477,-0.191831561682,0.719903808565,0.631530713373,75.0000017305,74.9999969932
0.720227904603,-0.203517046904,0.641117283226,-0.191327243081,0.719903808565,0.631530713373,75.0000017305,74.9999969932
0.720223599494,-0.202988247801,0.641064784775,-0.190822834255,0.719903808565,0.631530713373,75.0000017305,74.9999969932
0.720219332951,-0.202459296491,0.641012437867,-0.190318336189,0.719903808565,0.631530713373,75.0000017305,74.9999969932
0.720215104808,-0.20193019329,0.640960242165,-0.189813750146,0.719903808565,0.631530713373,75.0000017305,74.9999969932
0.720210914899,-0.201400938513,0.640908197596,-0.189309076503,0.719903808565,0.631530713373,75.0000017305,74.9999969932
0.720206763031,-0.200871532575,0.640856304167,-0.188804315364,0.719903808565,0.631530713373,75.0000017305,74.9999969932
0.720202648794,-0.200341976674,0.640804561884,-0.18829946683,0.719903808565,0.631530713373,75.0000017305,74.9999969932
0.720198571807,-0.199812271902,0.640752970755,-0.187794531001,0.719903808565,0.631530713373,75.0000017305,74.9999969932
0.720194531907,-0.199282418581,0.640701530785,-0.187289507972,0.719903808565,0.631530713373,75.0000017305,74.9999969932
0.720190528931,-0.198752417031,0.640650241981,-0.186784397835,0.719903808565,0.631530713373,75.0000017305,74.9999969932
0.720186562715,-0.198222267571,0.640599104349,-0.186279200679,0.719903808565,0.631530713373,75.0000017305,74.9999969932
0.720182633097,-0.197691970516,0.640548117747,-0.185773917102,0.719903808565,0.631530713373,75.0000017305,74.9999969932
0.720178739913,-0.197161526183,0.640497281836,-0.185268548386,0.719903808565,0.631530713373,75.0000017305,74.9999969932
0.720174883002,-0.196630934886,0.640446596422,-0.184763095313,0.719903808565,0.631530713373,75.0000017305,74.9999969932
0.720171062201,-0.196100196937,0.640396061512,-0.184257557981,0.719903808565,0.631530713373,75.0000017305,74.9999969932
0.720167277349,-0.195569312647,0.640345677109,-0.183751936483,0.719903808565,0.631530713373,75.0000017305,74.9999969932
0.720163528284,-0.195038282327,0.640295443221,-0.183246230911,0.719903808565,0.631530713373,75.0000017305,74.9999969932
0.720159814845,-0.194507106283,0.64024535985,-0.182740441353,0.719903808565,0.631530713373,75.0000017305,74.9999969932
0.720156136705,-0.193975785442,0.640195427004,-0.182234567893,0.719903808565,0.631530713373,75.0000017305,74.9999969932
0.720152493457,-0.193444321026,0.640145644686,-0.181728610612,0.719903808565,0.631530713373,75.0000017305,74.9999969932
0.720148884863,-0.192912713644,0.640096012902,-0.181222569589,0.719903808565,0.631530713373,75.0000017305,74.9999969932
0.720145310762,-0.192380963613,0.640046531352,-0.180716445975,0.719903808565,0.631530713373,75.0000017305,74.9999969932
0.720141770997,-0.191849071247,0.639997199693,-0.180210241084,0.719903808565,0.631530713373,75.0000017305,74.9999969932
0.720138265407,-0.191317036858,0.639948017886,-0.179703955163,0.719903808565,0.631530713373,75.0000017305,74.9999969932
0.720134793833,-0.19078486076,0.639898985935,-0.179197588298,0.719903808565,0.631530713373,75.0000017305,74.9999969932
0.720131356117,-0.190252543261,0.639850103842,-0.178691140574,0.719903808565,0.631530713373,75.0000017305,74.9999969932
0.720127952101,-0.18972008467,0.639801371613,-0.178184612072,0.719903808565,0.631530713373,75.0000017305,74.9999969932
0.720124581627,-0.189187485295,0.639752789251,-0.177678002868,0.719903808565,0.631530713373,75.0000017305,74.9999969932
0.720121244536,-0.18865474544,0.63970435676,-0.177171313039,0.719903808565,0.631530713373,75.0000017305,74.9999969932
0.720117940672,-0.188121865411,0.639656074142,-0.176664542653,0.719903808565,0.631530713373,75.0000017305,74.9999969932
0.720114669878,-0.187588845509,0.639607941372,-0.17615769189,0.719903808565,0.631530713373,75.0000017305,74.9999969932
0.720111431789,-0.187055686836,0.639559958103,-0.175650762087,0.719903808565,0.631530713373,75.0000017305,74.9999969932
0.720108226003,-0.186522390644,0.63951212402,-0.175143754482,0.719903808565,0.631530713373,75.0000017305,74.9999969932
0.720105052327,-0.185988957391,0.639464439125,-0.174636669153,0.719903808565,0.631530713373,75.0000017305,74.9999969932
0.720101910605,-0.185455387387,0.639416903422,-0.17412950618,0.719903808565,0.631530713373,75.0000017305,74.9999969932
0.720098800682,-0.184921680942,0.639369516913,-0.173622265637,0.719903808565,0.631530713373,75.0000017305,74.9999969932
0.720095722404,-0.184387838365,0.6393222796,-0.173114947594,0.719903808565,0.631530713373,75.0000017305,74.9999969932
0.720092675615,-0.183853859961,0.639275191486,-0.17260755212,0.719903808565,0.631530713373,75.0000017305,74.9999969932
0.720089660161,-0.183319746038,0.639228252573,-0.172100079279,0.719903808565,0.631530713373,75.0000017305,74.9999969932
0.720086675889,-0.182785496897,0.639181462865,-0.171592529133,0.719903808565,0.631530713373,75.0000017305,74.9999969932
0.720083722644,-0.182251112841,0.639134822345,-0.171084901803,0.719903808565,0.631530713373,75.0000017305,74.9999969932
0.720080800274,-0.181716594171,0.639088330665,-0.17057719866,0.719903808565,0.631530713373,75.0000017305,74.9999969932
0.720077908625,-0.181181941186,0.639041987494,-0.170069421019,0.719903808565,0.631530713373,75.0000017305,74.9999969932
0.720075047545,-0.180647154182,0.638995792833,-0.169561568953,0.719903808565,0.631530713373,75.0000017305,74.9999969932
0.720072216739,-0.180112234021,0.638949746683,-0.169053642531,0.719903808565,0.631530713373,75.0000017305,74.9999969932
0.720069415811,-0.179577181988,0.638903849047,-0.168545641817,0.719903808565,0.631530713373,75.0000017305,74.9999969932
0.720066644504,-0.179041998802,0.638858099926,-0.168037566875,0.719903808565,0.631530713373,75.0000017305,74.9999969932
0.720063902669,-0.178506684773,0.638812499321,-0.167529417763,0.719903808565,0.631530713373,75.0000017305,74.9999969932
0.720061190153,-0.177971240205,0.638767047233,-0.167021194538,0.719903808565,0.631530713373,75.0000017305,74.9999969932
0.720058506808,-0.177435665402,0.638721743663,-0.16651289725,0.719903808565,0.631530713373,75.0000017305,74.9999969932
0.720055852482,-0.176899960668,0.638676588613,-0.166004525949,0.719903808565,0.631530713373,75.0000017305,74.9999969932
0.720053227026,-0.176364126302,0.638631581824,-0.165496081679,0.719903808565,0.631530713373,75.0000017305,74.9999969932
0.72005063029,-0.175828162604,0.638586722946,-0.164987565855,0.719903808565,0.631530713373,75.0000017305,74.9999969932
0.720048062125,-0.175292069871,0.638542011886,-0.1644789789,0.719903808565,0.631530713373,75.0000017305,74.9999969932
0.720045522384,-0.174755848401,0.638497448643,-0.163970320874,0.719903808565,0.631530713373,75.0000017305,74.9999969932
0.720043010916,-0.174219498486,0.638453033219,-0.163461591836,0.719903808565,0.631530713373,75.0000017305,74.9999969932
0.720040527574,-0.173683020419,0.638408765613,-0.16295279184,0.719903808565,0.631530713373,75.0000017305,74.9999969932
0.720038072211,-0.173146414492,0.638364645827,-0.162443920937,0.719903808565,0.631530713373,75.0000017305,74.9999969932
0.720035644479,-0.172609681828,0.638320673859,-0.161934979174,0.719903808565,0.631530713373,75.0000017305,74.9999969932
0.720033243985,-0.172072823748,0.638276849711,-0.161425966596,0.719903808565,0.631530713373,75.0000017305,74.9999969932
0.720030870537,-0.171535840746,0.638233173383,-0.160916883242,0.719903808565,0.631530713373,75.0000017305,74.9999969932
0.72002852399,-0.170998733126,0.638189644832,-0.160407729313,0.719903808565,0.631530713373,75.0000017305,74.9999969932
0.720026204198,-0.170461501186,0.638146263705,-0.159898506259,0.719903808565,0.631530713373,75.0000017305,74.9999969932
0.720023911014,-0.169924145227,0.63810302969,-0.159389215374,0.719903808565,0.631530713373,75.0000017305,74.9999969932
0.720021644295,-0.169386665545,0.638059942786,-0.158879856712,0.719903808565,0.631530713373,75.0000017305,74.9999969932
0.720019403895,-0.168849062436,0.638017002992,-0.158370430325,0.719903808565,0.631530713373,75.0000017305,74.9999969932
0.72001718967,-0.168311336195,0.637974210308,-0.157860936259,0.719903808565,0.631530713373,75.0000017305,74.9999969932
0.720015001477,-0.167773487113,0.637931564732,-0.157351374559,0.719903808565,0.631530713373,75.0000017305,74.9999969932
0.720012839171,-0.167235515481,0.637889066265,-0.156841745265,0.719903808565,0.631530713373,75.0000017305,74.9999969932
0.720010702609,-0.166697421588,0.637846714905,-0.156332048413,0.719903808565,0.631530713373,75.0000017305,74.9999969932
0.720008591649,-0.16615920572,0.637804510651,-0.155822284038,0.719903808565,0.631530713373,75.0000017305,74.9999969932
0.720006506147,-0.165620868163,0.637762453503,-0.155312452168,0.719903808565,0.631530713373,75.0000017305,74.9999969932
0.720004445842,-0.165082409726,0.637720543403,-0.154802553067,0.719903808565,0.631530713373,75.0000017305,74.9999969932
0.720002410344,-0.164543831775,0.637678779992,-0.154292588229,0.719903808565,0.631530713373,75.0000017305,74.9999969932
0.720000399386,-0.16400513516,0.637637162973,-0.153782558924,0.719903808565,0.631530713373,75.0000017305,74.9999969932
0.719998412827,-0.163466320179,0.637595692344,-0.153272465198,0.719903808565,0.631530713373,75.0000017305,74.9999969932
0.719996450527,-0.162927387129,0.637554368104,-0.152762307092,0.719903808565,0.631530713373,75.0000017305,74.9999969932
0.719994512345,-0.162388336303,0.63751319025,-0.152252084645,0.719903808565,0.631530713373,75.0000017305,74.9999969932
0.719992598143,-0.161849167996,0.637472158782,-0.15174179789,0.719903808565,0.631530713373,75.0000017305,74.9999969932
0.71999070778,-0.161309882498,0.637431273697,-0.15123144686,0.719903808565,0.631530713373,75.0000017305,74.9999969932
0.719988841117,-0.160770480099,0.637390534994,-0.15072103158,0.719903808565,0.631530713373,75.0000017305,74.9999969932
0.719986998016,-0.160230961087,0.637349942671,-0.150210552076,0.719903808565,0.631530713373,75.0000017305,74.9999969932
0.719985178339,-0.159691325748,0.637309496726,-0.149700008367,0.719903808565,0.631530713373,75.0000017305,74.9999969932
0.719983381949,-0.159151574366,0.637269197158,-0.149189400468,0.719903808565,0.631530713373,75.0000017305,74.9999969932
0.719981608706,-0.158611707224,0.637229043668,-0.148678729667,0.719903808565,0.631530713373,75.0000017305,74.9999969932
0.719979858475,-0.158071724601,0.637189035895,-0.148167997521,0.719903808565,0.631530713373,75.0000017305,74.9999969932
0.719978131118,-0.157531626777,0.637149173779,-0.147657204321,0.719903808565,0.631530713373,75.0000017305,74.9999969932
0.719976426373,-0.15699141461,0.637109457316,-0.147146350103,0.719903808565,0.631530713373,75.0000017305,74.9999969932
0.719974743855,-0.15645108952,0.637069886505,-0.146635434897,0.719903808565,0.631530713373,75.0000017305,74.9999969932
0.719973083311,-0.15591065235,0.637030461343,-0.146124458729,0.719903808565,0.631530713373,75.0000017305,74.9999969932
0.719971444603,-0.155370103394,0.636991181827,-0.145613421623,0.719903808565,0.631530713373,75.0000017305,74.9999969932
0.719969827599,-0.154829442944,0.636952047955,-0.145102323597,0.719903808565,0.631530713373,75.0000017305,74.9999969932
0.719968232164,-0.15428867129,0.636913059724,-0.144591164667,0.719903808565,0.631530713373,75.0000017305,74.9999969932
0.719966658164,-0.15374778872,0.636874217132,-0.144079944845,0.719903808565,0.631530713373,75.0000017305,74.9999969932
0.719965105465,-0.153206795521,0.636835520176,-0.143568664138,0.719903808565,0.631530713373,75.0000017305,74.9999969932
0.719963573935,-0.152665691976,0.636796968825,-0.143057322678,0.719903808565,0.631530713373,75.0000017305,74.9999969932
0.719962063442,-0.152124478369,0.636758562716,-0.142545922074,0.719903808565,0.631530713373,75.0000017305,74.9999969932
0.719960573852,-0.15158315498,0.636720301517,-0.142034463817,0.719903808565,0.631530713373,75.0000017305,74.9999969932
0.719959105034,-0.151041722089,0.636682185225,-0.141522947937,0.719903808565,0.631530713373,75.0000017305,74.9999969932
0.719957656857,-0.150500179973,0.636644213836,-0.141011374456,0.719903808565,0.631530713373,75.0000017305,74.9999969932
0.719956229189,-0.149958528906,0.636606387348,-0.140499743395,0.719903808565,0.631530713373,75.0000017305,74.9999969932
0.7199548219,-0.149416769162,0.636568705756,-0.139988054771,0.719903808565,0.631530713373,75.0000017305,74.9999969932
0.71995343486,-0.148874901011,0.636531169059,-0.139476308596,0.719903808565,0.631530713373,75.0000017305,74.9999969932
0.719952067744,-0.148332925663,0.636493777252,-0.13896450488,0.719903808565,0.631530713373,75.0000017305,74.9999969932
0.719950720178,-0.147790844599,0.636456530333,-0.138452643628,0.719903808565,0.631530713373,75.0000017305,74.9999969932
0.719949391976,-0.14724865837,0.636419428298,-0.13794072484,0.719903808565,0.631530713373,75.0000017305,74.9999969932
0.719948083013,-0.146706367263,0.636382471144,-0.137428748514,0.719903808565,0.631530713373,75.0000017305,74.9999969932
0.719946793159,-0.146163971564,0.636345658868,-0.136916714642,0.719903808565,0.631530713373,75.0000017305,74.9999969932
0.719945522286,-0.14562147156,0.636308991157,-0.136404624651,0.719903808565,0.631530713373,75.0000017305,74.9999969932
0.719944270269,-0.145078867533,0.636272467648,-0.135892480233,0.719903808565,0.631530713373,75.0000017305,74.9999969932
0.719943036978,-0.144536159763,0.636236088282,-0.13538028166,0.719903808565,0.631530713373,75.0000017305,74.9999969932
0.71994182229,-0.14399334853,0.636199853055,-0.134868028948,0.719903808565,0.631530713373,75.0000017305,74.9999969932
0.719940626076,-0.143450434111,0.636163761965,-0.134355722108,0.719903808565,0.631530713373,75.0000017305,74.9999969932
0.719939448213,-0.142907416782,0.636127815007,-0.133843361149,0.719903808565,0.631530713373,75.0000017305,74.9999969932
0.719938288574,-0.142364296815,0.636092012177,-0.133330946075,0.719903808565,0.631530713373,75.0000017305,74.9999969932
0.719937147034,-0.141821074482,0.636056353471,-0.132818476887,0.719903808565,0.631530713373,75.0000017305,74.9999969932
0.71993602347,-0.141277750052,0.636020838886,-0.132305953582,0.719903808565,0.631530713373,75.0000017305,74.9999969932
0.719934917758,-0.140734323792,0.635985468418,-0.131793376151,0.719903808565,0.631530713373,75.0000017305,74.9999969932
0.719933829773,-0.140190795966,0.635950242063,-0.131280744584,0.719903808565,0.631530713373,75.0000017305,74.9999969932
0.719932759355,-0.139647167033,0.635915159816,-0.130768058863,0.719903808565,0.631530713373,75.0000017305,74.9999969932
0.719931706134,-0.139103438538,0.635880221648,-0.1302553191,0.719903808565,0.631530713373,75.0000017305,74.9999969932
0.719930669777,-0.138559611842,0.63584542719,-0.129742527055,0.719903808565,0.631530713373,75.0000017305,74.9999969932
0.719929650163,-0.138015687232,0.635810776103,-0.129229684377,0.719903808565,0.631530713373,75.0000017305,74.9999969932
0.719928647171,-0.137471664989,0.63577626838,-0.128716791076,0.719903808565,0.631530713373,75.0000017305,74.9999969932
0.719927660681,-0.136927545397,0.635741904019,-0.12820384716,0.719903808565,0.631530713373,75.0000017305,74.9999969932
0.719926690571,-0.136383328733,0.635707683015,-0.12769085263,0.719903808565,0.631530713373,75.0000017305,74.9999969932
0.719925736722,-0.135839015276,0.635673605364,-0.127177807485,0.719903808565,0.631530713373,75.0000017305,74.9999969932
0.719924799014,-0.135294605301,0.635639671061,-0.126664711719,0.719903808565,0.631530713373,75.0000017305,74.9999969932
0.719923877327,-0.134750099082,0.635605880102,-0.126151565324,0.719903808565,0.631530713373,75.0000017305,74.9999969932
0.719922971544,-0.13420549689,0.635572232483,-0.125638368285,0.719903808565,0.631530713373,75.0000017305,74.9999969932
0.719922081546,-0.133660798996,0.635538728199,-0.125125120584,0.719903808565,0.631530713373,75.0000017305,74.9999969932
0.719921207214,-0.133116005665,0.635505367245,-0.124611822199,0.719903808565,0.631530713373,75.0000017305,74.9999969932
0.719920348432,-0.132571117163,0.635472149619,-0.124098473103,0.719903808565,0.631530713373,75.0000017305,74.9999969932
0.719919505083,-0.132026133753,0.635439075314,-0.123585073265,0.719903808565,0.631530713373,75.0000017305,74.9999969932
0.719918677049,-0.131481055696,0.635406144086,-0.123071623894,0.719903808565,0.631530713373,75.0000017305,74.9999969932
0.719917864214,-0.130935883249,0.635373355564,-0.122558126859,0.719903808565,0.631530713373,75.0000017305,74.9999969932
0.719917066464,-0.13039061667,0.635340709621,-0.122044582801,0.719903808565,0.631530713373,75.0000017305,74.9999969932
0.719916283574,-0.129845256808,0.635308206251,-0.121530991721,0.719903808565,0.631530713373,75.0000017305,74.9999969932
0.719915515182,-0.129299805301,0.635275845449,-0.121017353615,0.719903808565,0.631530713373,75.0000017305,74.9999969932
0.719914761034,-0.128754263205,0.635243627211,-0.120503668473,0.719903808565,0.631530713373,75.0000017305,74.9999969932
0.719914021016,-0.128208630798,0.635211551532,-0.119989936284,0.719903808565,0.631530713373,75.0000017305,74.9999969932
0.719913295015,-0.127662908362,0.635179618407,-0.11947615703,0.719903808565,0.631530713373,75.0000017305,74.9999969932
0.719912582917,-0.127117096171,0.635147827832,-0.118962330691,0.719903808565,0.631530713373,75.0000017305,74.9999969932
0.71991188461,-0.1265711945,0.635116179801,-0.11844845724,0.719903808565,0.631530713373,75.0000017305,74.9999969932
0.719911199983,-0.126025203624,0.63508467431,-0.117934536649,0.719903808565,0.631530713373,75.0000017305,74.9999969932
0.719910528922,-0.12547912381,0.635053311354,-0.117420568881,0.719903808565,0.631530713373,75.0000017305,74.9999969932
0.719909871318,-0.124932955329,0.635022090929,-0.116906553899,0.719903808565,0.631530713373,75.0000017305,74.9999969932
0.719909227059,-0.124386698447,0.634991013029,-0.116392491657,0.719903808565,0.631530713373,75.0000017305,74.9999969932
0.719908596034,-0.123840353426,0.634960077469,-0.115878383104,0.719903808565,0.631530713373,75.0000017305,74.9999969932
0.719907978134,-0.12329392053,0.634929283875,-0.11536423022,0.719903808565,0.631530713373,75.0000017305,74.9999969932
0.719907373249,-0.122747400016,0.634898632058,-0.114850034012,0.719903808565,0.631530713373,75.0000017305,74.9999969932
0.719906781271,-0.122200792143,0.634868122013,-0.114335794471,0.719903808565,0.631530713373,75.0000017305,74.9999969932
0.71990620209,-0.121654097164,0.634837753735,-0.113821511586,0.719903808565,0.631530713373,75.0000017305,74.9999969932
0.719905635598,-0.121107315333,0.634807527218,-0.113307185342,0.719903808565,0.631530713373,75.0000017305,74.9999969932
0.719905081688,-0.120560446897,0.634777442458,-0.112792815718,0.719903808565,0.631530713373,75.0000017305,74.9999969932
0.719904540252,-0.120013492105,0.634747499449,-0.112278402689,0.719903808565,0.631530713373,75.0000017305,74.9999969932
0.719904011094,-0.119466451735,0.634717698187,-0.111763946226,0.719903808565,0.631530713373,75.0000017305,74.9999969932
0.719903493861,-0.118919327536,0.634688038667,-0.111249446295,0.719903808565,0.631530713373,75.0000017305,74.9999969932
0.719902988288,-0.118372120742,0.634658520882,-0.110734902859,0.719903808565,0.631530713373,75.0000017305,74.9999969932
0.719902494269,-0.11782483163,0.634629144829,-0.110220315873,0.719903808565,0.631530713373,75.0000017305,74.9999969932
0.719902011699,-0.117277460475,0.634599910503,-0.10970568529,0.719903808565,0.631530713373,75.0000017305,74.9999969932
0.719901540473,-0.11673000755,0.634570817897,-0.109191011057,0.719903808565,0.631530713373,75.0000017305,74.9999969932
0.719901080489,-0.116182473127,0.634541867008,-0.108676293115,0.719903808565,0.631530713373,75.0000017305,74.9999969932
0.719900631641,-0.115634857475,0.634513057672,-0.108161532326,0.719903808565,0.631530713373,75.0000017305,74.9999969932
0.719900193828,-0.11508716086,0.634484389516,-0.10764673081,0.719903808565,0.631530713373,75.0000017305,74.9999969932
0.719899766946,-0.114539383546,0.634455862323,-0.10713188979,0.719903808565,0.631530713373,75.0000017305,74.9999969932
0.719899350893,-0.113991525796,0.634427476087,-0.10661700925,0.719903808565,0.631530713373,75.0000017305,74.9999969932
0.719898945567,-0.113443587869,0.634399230805,-0.106102089172,0.719903808565,0.631530713373,75.0000017305,74.9999969932
0.719898550867,-0.112895570022,0.634371126469,-0.105587129533,0.719903808565,0.631530713373,75.0000017305,74.9999969932
0.719898166692,-0.112347472511,0.634343163075,-0.105072130305,0.719903808565,0.631530713373,75.0000017305,74.9999969932
0.719897792942,-0.111799295588,0.634315340618,-0.104557091456,0.719903808565,0.631530713373,75.0000017305,74.9999969932
0.719897429516,-0.111251039501,0.634287659093,-0.104042012948,0.719903808565,0.631530713373,75.0000017305,74.9999969932
0.719897076316,-0.110702704499,0.634260118494,-0.103526894741,0.719903808565,0.631530713373,75.0000017305,74.9999969932
0.719896733241,-0.110154290825,0.634232718816,-0.103011736787,0.719903808565,0.631530713373,75.0000017305,74.9999969932
0.719896400194,-0.109605798721,0.634205460053,-0.102496539034,0.719903808565,0.631530713373,75.0000017305,74.9999969932
0.719896077076,-0.109057228425,0.634178342202,-0.101981301426,0.719903808565,0.631530713373,75.0000017305,74.9999969932
0.719895763789,-0.108508580174,0.634151365255,-0.101466023901,0.719903808565,0.631530713373,75.0000017305,74.9999969932
0.719895460107,-0.107959855068,0.634124529209,-0.10095070639,0.719903808565,0.631530713373,75.0000017305,74.9999969932
0.719895165684,-0.10741105501,0.634097834058,-0.100435348822,0.719903808565,0.631530713373,75.0000017305,74.9999969932
0.719894880306,-0.106862181059,0.634071279706,-0.099919951691,0.719903808565,0.631530713373,75.0000017305,74.9999969932
0.719894603878,-0.106313233491,0.634044865778,-0.0994045172904,0.719903808565,0.631530713373,75.0000017305,74.9999969932
0.719894336304,-0.105764212578,0.634018591987,-0.0988890473704,0.719903808565,0.631530713373,75.0000017305,74.9999969932
0.71989407749,-0.105215118589,0.633992458329,-0.0983735419115,0.719903808565,0.631530713373,75.0000017305,74.9999969932
0.719893827341,-0.104665951794,0.633966464797,-0.0978580008896,0.719903808565,0.631530713373,75.0000017305,74.9999969932
0.719893585764,-0.104116712457,0.633940611388,-0.0973424242759,0.719903808565,0.631530713373,75.0000017305,74.9999969932
0.719893352664,-0.103567400842,0.633914898095,-0.096826812037,0.719903808565,0.631530713373,75.0000017305,74.9999969932
0.719893127949,-0.103018017209,0.633889324914,-0.0963111641345,0.719903808565,0.631530713373,75.0000017305,74.9999969932
0.719892911527,-0.102468561818,0.633863891838,-0.0957954805253,0.719903808565,0.631530713373,75.0000017305,74.9999969932
0.719892703305,-0.101919034923,0.633838598862,-0.0952797611611,0.719903808565,0.631530713373,75.0000017305,74.9999969932
0.719892503192,-0.101369436777,0.633813445982,-0.0947640059883,0.719903808565,0.631530713373,75.0000017305,74.9999969932
0.719892311097,-0.100819767632,0.633788433191,-0.0942482149484,0.719903808565,0.631530713373,75.0000017305,74.9999969932
0.719892126928,-0.100270027734,0.633763560486,-0.0937323879769,0.719903808565,0.631530713373,75.0000017305,74.9999969932
0.719891950596,-0.0997202173287,0.633738827859,-0.0932165250043,0.719903808565,0.631530713373,75.0000017305,74.9999969932
0.719891782012,-0.0991703366581,0.633714235307,-0.0927006259549,0.719903808565,0.631530713373,75.0000017305,74.9999969932
0.719891621085,-0.0986203859609,0.633689782824,-0.0921846907475,0.719903808565,0.631530713373,75.0000017305,74.9999969932
0.719891467727,-0.098070365473,0.633665470405,-0.0916687192947,0.719903808565,0.631530713373,75.0000017305,74.9999969932
0.71989132185,-0.0975202754274,0.633641298045,-0.0911527115032,0.719903808565,0.631530713373,75.0000017305,74.9999969932
0.719891183366,-0.0969701160535,0.6336172655,-0.0906366689357,0.719903808565,0.631530713373,75.0000017305,74.9999969932
0.719891052187,-0.0964198875775,0.633593372393,-0.0901205941327,0.719903808565,0.631530713373,75.0000017305,74.9999969932
0.719890928226,-0.0958695902225,0.633569618584,-0.0896044880121,0.719903808565,0.631530713373,75.0000017305,74.9999969932
0.719890811324,-0.0953192247643,0.633546004068,-0.0890883505483,0.719903808565,0.631530713373,75.0000017305,74.9999969932
0.719890701146,-0.0947687933153,0.633522528838,-0.088572181711,0.719903808565,0.631530713373,75.0000017305,74.9999969932
0.719890597432,-0.0942182974603,0.633499192891,-0.088055981465,0.719903808565,0.631530713373,75.0000017305,74.9999969932
0.719890500098,-0.0936677374741,0.63347599622,-0.0875397497702,0.719903808565,0.631530713373,75.0000017305,74.9999969932
0.719890409059,-0.0931171136292,0.63345293882,-0.0870234865812,0.719903808565,0.631530713373,75.0000017305,74.9999969932
0.719890324231,-0.0925664261958,0.633430020686,-0.0865071918473,0.719903808565,0.631530713373,75.0000017305,74.9999969932
0.719890245531,-0.0920156754415,0.633407241813,-0.0859908655125,0.719903808565,0.631530713373,75.0000017305,74.9999969932
0.719890172875,-0.0914648616317,0.633384602196,-0.0854745075151,0.719903808565,0.631530713373,75.0000017305,74.9999969932
0.719890106182,-0.090913985029,0.633362101829,-0.0849581177879,0.719903808565,0.631530713373,75.0000017305,74.9999969932
0.719890045368,-0.0903630458935,0.633339740707,-0.0844416962575,0.719903808565,0.631530713373,75.0000017305,74.9999969932
0.719889990353,-0.0898120444828,0.633317518825,-0.0839252428448,0.719903808565,0.631530713373,75.0000017305,74.9999969932
0.719889941055,-0.0892609810516,0.633295436179,-0.083408757464,0.719903808565,0.631530713373,75.0000017305,74.9999969932
0.719889897394,-0.0887098558516,0.633273492762,-0.0828922400235,0.719903808565,0.631530713373,75.0000017305,74.9999969932
0.719889859289,-0.0881586691319,0.63325168857,-0.0823756904246,0.719903808565,0.631530713373,75.0000017305,74.9999969932
0.719889826661,-0.0876074211384,0.633230023598,-0.0818591085622,0.719903808565,0.631530713373,75.0000017305,74.9999969932
0.71988979943,-0.087056112114,0.633208497841,-0.081342494324,0.719903808565,0.631530713373,75.0000017305,74.9999969932
0.719889777518,-0.0865047422983,0.633187111247,-0.0808258479583,0.719903808565,0.631530713373,75.0000017305,74.9999969932
0.719889760847,-0.0859533119278,0.633165863435,-0.0803091723057,0.719903808565,0.631530713373,75.0000017305,74.9999969932
0.719889749338,-0.0854018212356,0.633144754074,-0.0797924698896,0.719903808565,0.631530713373,75.0000017305,74.9999969932
0.719889742915,-0.0848502704511,0.633123783159,-0.0792757406864,0.719903808565,0.631530713373,75.0000017305,74.9999969932
0.7198897415,-0.0842986598005,0.633102950684,-0.0787589846677,0.719903808565,0.631530713373,75.0000017305,74.9999969932
0.719889745018,-0.083746989506,0.633082256645,-0.0782422017998,0.719903808565,0.631530713373,75.0000017305,74.9999969932
0.719889753392,-0.083195259786,0.633061701036,-0.0777253920439,0.719903808565,0.631530713373,75.0000017305,74.9999969932
0.719889766546,-0.0826434708552,0.633041283852,-0.0772085553558,0.719903808565,0.631530713373,75.0000017305,74.9999969932
0.719889784407,-0.0820916229241,0.633021005088,-0.0766916916859,0.719903808565,0.631530713373,75.0000017305,74.9999969932
0.719889806899,-0.081539716199,0.63300086474,-0.0761748009785,0.719903808565,0.631530713373,75.0000017305,74.9999969932
0.719889833949,-0.0809877508818,0.632980862802,-0.0756578831724,0.719903808565,0.631530713373,75.0000017305,74.9999969932
0.71988986535,-0.0804357283576,0.632960999269,-0.0751409382003,0.719903808565,0.631530713373,75.0000017305,74.9999969932
0.719889900781,-0.0798836510811,0.632941274136,-0.0746239659883,0.719903808565,0.631530713373,75.0000017305,74.9999969932
0.719889940054,-0.0793315203617,0.6329216874,-0.0741069664564,0.719903808565,0.631530713373,75.0000017305,74.9999969932
0.719889983098,-0.0787793364777,0.632902239053,-0.0735899395179,0.719903808565,0.631530713373,75.0000017305,74.9999969932
0.71989002984,-0.078227099705,0.632882929093,-0.0730728850788,0.719903808565,0.631530713373,75.0000017305,74.9999969932
0.71989008021,-0.0776748103169,0.632863757514,-0.0725558030386,0.719903808565,0.631530713373,75.0000017305,74.9999969932
0.719890134137,-0.0771224685845,0.632844724311,-0.0720386932889,0.719903808565,0.631530713373,75.0000017305,74.9999969932
0.719890191551,-0.076570074776,0.632825829479,-0.0715215557139,0.719903808565,0.631530713373,75.0000017305,74.9999969932
0.719890252383,-0.0760176291569,0.632807073015,-0.0710043901901,0.719903808565,0.631530713373,75.0000017305,74.9999969932
0.719890316564,-0.0754651319901,0.632788454912,-0.0704871965857,0.719903808565,0.631530713373,75.0000017305,74.9999969932
0.719890384025,-0.0749125835355,0.632769975167,-0.0699699747603,0.719903808565,0.631530713373,75.0000017305,74.9999969932
0.719890454698,-0.07435998405,0.632751633775,-0.0694527245651,0.719903808565,0.631530713373,75.0000017305,74.9999969932
0.719890528516,-0.0738073337874,0.6327334304,-0.0689354488837,0.719903808565,0.631530713373,75.0000017305,74.9999969932
0.719890605412,-0.0732546329983,0.632715364662,-0.0684181510902,0.719903808565,0.631530713373,75.0000017305,74.9999969932
0.719890685319,-0.0727018819301,0.632697436509,-0.0679008315898,0.719903808565,0.631530713373,75.0000017305,74.9999969932
0.71989076817,-0.0721490808265,0.632679645938,-0.067383490362,0.719903808565,0.631530713373,75.0000017305,74.9999969932
0.719890853901,-0.0715962299279,0.632661992944,-0.0668661273811,0.719903808565,0.631530713373,75.0000017305,74.9999969932
0.719890942446,-0.071043329471,0.632644477521,-0.0663487426162,0.719903808565,0.631530713373,75.0000017305,74.9999969932
0.71989103374,-0.0704903796883,0.632627099665,-0.0658313360304,0.719903808565,0.631530713373,75.0000017305,74.9999969932
0.71989112772,-0.0699373808089,0.632609859373,-0.0653139075812,0.719903808565,0.631530713373,75.0000017305,74.9999969932
0.719891224321,-0.0693843330572,0.632592756638,-0.0647964572204,0.719903808565,0.631530713373,75.0000017305,74.9999969932
0.719891323481,-0.0688312366538,0.632575791457,-0.064278984893,0.719903808565,0.631530713373,75.0000017305,74.9999969932
0.719891425137,-0.0682780918145,0.632558963825,-0.0637614905379,0.719903808565,0.631530713373,75.0000017305,74.9999969932
0.719891529226,-0.0677248987506,0.632542273737,-0.0632439740874,0.719903808565,0.631530713373,75.0000017305,74.9999969932
0.719891635688,-0.0671716576686,0.63252572119,-0.0627264354664,0.719903808565,0.631530713373,75.0000017305,74.9999969932
0.71989174446,-0.06661836877,0.632509306178,-0.062208874593,0.719903808565,0.631530713373,75.0000017305,74.9999969932
0.719891855482,-0.066065032251,0.632493028698,-0.0616912913775,0.719903808565,0.631530713373,75.0000017305,74.9999969932
0.719891968694,-0.0655116483026,0.632476888745,-0.0611736857224,0.719903808565,0.631530713373,75.0000017305,74.9999969932
0.719892084036,-0.0649582171099,0.632460886315,-0.0606560575223,0.719903808565,0.631530713373,75.0000017305,74.9999969932
0.719892201449,-0.0644047388523,0.632445021403,-0.060138406663,0.719903808565,0.631530713373,75.0000017305,74.9999969932
0.719892320873,-0.0638512137029,0.632429294005,-0.0596207330217,0.719903808565,0.631530713373,75.0000017305,74.9999969932
0.719892442252,-0.0632976418286,0.632413704118,-0.0591030364664,0.719903808565,0.631530713373,75.0000017305,74.9999969932
0.719892565527,-0.0627440233895,0.632398251736,-0.0585853168554,0.719903808565,0.631530713373,75.0000017305,74.9999969932
0.719892690455,-0.0621903606774,0.632382936856,-0.058067574037,0.719903808565,0.631530713373,75.0000017305,74.9999969932
0.719892816733,-0.0616366567932,0.632367759474,-0.0575498078494,0.719903808565,0.631530713373,75.0000017305,74.9999969932
0.719892944239,-0.0610829127714,0.632352719586,-0.0570320181194,0.719903808565,0.631530713373,75.0000017305,74.9999969932
0.719893072918,-0.0605291289059,0.632337817186,-0.056514204663,0.719903808565,0.631530713373,75.0000017305,74.9999969932
0.719893202715,-0.0599753054881,0.632323052273,-0.055996367284,0.719903808565,0.631530713373,75.0000017305,74.9999969932
0.719893333575,-0.0594214428074,0.632308424764,-0.0554785066469,0.719903808565,0.631530713373,75.0000017305,74.9999969932
0.719893465443,-0.0588675411508,0.632293934277,-0.0549606269216,0.719903808565,0.631530713373,75.0000017305,74.9999969932
0.719893598267,-0.0583136008025,0.632279580507,-0.0544427315175,0.719903808565,0.631530713373,75.0000017305,74.9999969932
0.719893731992,-0.0577596220445,0.63226536345,-0.0539248204439,0.719903808565,0.631530713373,75.0000017305,74.9999969932
0.719893866566,-0.0572056051556,0.632251283101,-0.0534068937049,0.719903808565,0.631530713373,75.0000017305,74.9999969932
0.719894001937,-0.0566515504123,0.632237339456,-0.0528889512998,0.719903808565,0.631530713373,75.0000017305,74.9999969932
0.719894138053,-0.0560974580876,0.632223532513,-0.0523709932227,0.719903808565,0.631530713373,75.0000017305,74.9999969932
0.719894274863,-0.0555433284516,0.632209862266,-0.0518530194621,0.719903808565,0.631530713373,75.0000017305,74.9999969932
0.719894412315,-0.0549891617711,0.632196328713,-0.0513350300008,0.719903808565,0.631530713373,75.0000017305,74.9999969932
0.719894550361,-0.0544349583096,0.632182931849,-0.0508170248157,0.719903808565,0.631530713373,75.0000017305,74.9999969932
0.719894688949,-0.0538807183267,0.63216967167,-0.0502990038772,0.719903808565,0.631530713373,75.0000017305,74.9999969932
0.719894828031,-0.0533264420783,0.632156548172,-0.0497809671494,0.719903808565,0.631530713373,75.0000017305,74.9999969932
0.719894967558,-0.0527721298166,0.632143561353,-0.0492629145892,0.719903808565,0.631530713373,75.0000017305,74.9999969932
0.719895107482,-0.0522177817892,0.632130711208,-0.0487448461464,0.719903808565,0.631530713373,75.0000017305,74.9999969932
0.719895247754,-0.0516633982395,0.632117997734,-0.048226761763,0.719903808565,0.631530713373,75.0000017305,74.9999969932
0.719895388329,-0.0511089794064,0.632105420926,-0.0477086613731,0.719903808565,0.631530713373,75.0000017305,74.9999969932
0.719895529158,-0.0505545255236,0.632092980782,-0.0471905449023,0.719903808565,0.631530713373,75.0000017305,74.9999969932
0.719895670195,-0.0500000368199,0.632080677298,-0.0466724122673,0.719903808565,0.631530713373,75.0000017305,74.9999969932
0.719895811395,-0.0494455135187,0.632068510471,-0.0461542633753,0.719903808565,0.631530713373,75.0000017305,74.9999969932
0.719895952713,-0.0488909558375,0.632056480296,-0.0456360981237,0.719903808565,0.631530713373,75.0000017305,74.9999969932
0.719896094103,-0.0483363639879,0.632044586771,-0.0451179163993,0.719903808565,0.631530713373,75.0000017305,74.9999969932
0.719896235522,-0.0477817381751,0.632032829892,-0.0445997180782,0.719903808565,0.631530713373,75.0000017305,74.9999969932
0.719896376925,-0.0472270785974,0.632021209656,-0.0440815030243,0.719903808565,0.631530713373,75.0000017305,74.9999969932
0.71989651827,-0.0466723854461,0.632009726059,-0.0435632710896,0.719903808565,0.631530713373,75.0000017305,74.9999969932
0.719896659513,-0.0461176589049,0.631998379098,-0.0430450221128,0.719903808565,0.631530713373,75.0000017305,74.9999969932
0.719896800613,-0.0455628991495,0.63198716877,-0.0425267559188,0.719903808565,0.631530713373,75.0000017305,74.9999969932
0.719896941526,-0.045008106347,0.631976095073,-0.0420084723177,0.719903808565,0.631530713373,75.0000017305,74.9999969932
0.719897082213,-0.0444532806556,0.631965158001,-0.0414901711042,0.719903808565,0.631530713373,75.0000017305,74.9999969932
0.719897222633,-0.0438984222237,0.631954357553,-0.0409718520563,0.719903808565,0.631530713373,75.0000017305,74.9999969932
0.719897362744,-0.0433435311897,0.631943693726,-0.0404535149345,0.719903808565,0.631530713373,75.0000017305,74.9999969932
0.719897502508,-0.0427886076811,0.631933166516,-0.0399351594803,0.719903808565,0.631530713373,75.0000017305,74.9999969932
0.719897641885,-0.0422336518136,0.63192277592,-0.0394167854156,0.719903808565,0.631530713373,75.0000017305,74.9999969932
0.719897780836,-0.0416786636909,0.631912521936,-0.0388983924409,0.719903808565,0.631530713373,75.0000017305,74.9999969932
0.719897919323,-0.0411236434034,0.63190240456,-0.038379980234,0.719903808565,0.631530713373,75.0000017305,74.9999969932
0.719898057308,-0.0405685910274,0.63189242379,-0.0378615484485,0.719903808565,0.631530713373,75.0000017305,74.9999969932
0.719898194755,-0.0400135066241,0.631882579622,-0.0373430967121,0.719903808565,0.631530713373,75.0000017305,74.9999969932
0.719898331625,-0.0394583902389,0.631872871943,-0.0368246265333,0.719903808565,0.631530713373,75.0000017305,74.9999969932
0.719898467884,-0.0389032418997,0.631863300368,-0.0363061442073,0.719903808565,0.631530713373,75.0000017305,74.9999969932
0.719898603494,-0.0383480616162,0.631853864627,-0.0357876543838,0.719903808565,0.631530713373,75.0000017305,74.9999969932
0.719898738422,-0.037792849378,0.631844564716,-0.0352691571754,0.719903808565,0.631530713373,75.0000017305,74.9999969932
0.719898872631,-0.0372376051537,0.631835400633,-0.0347506526945,0.719903808565,0.631530713373,75.0000017305,74.9999969932
0.719899006089,-0.0366823288889,0.631826372374,-0.0342321410531,0.719903808565,0.631530713373,75.0000017305,74.9999969932
0.71989913866,-0.036127022505,0.631817479938,-0.0337136223631,0.719903808565,0.631530713373,75.0000017305,74.9999969932
0.719899270063,-0.0355716910367,0.631808723322,-0.0331950967362,0.719903808565,0.631530713373,75.0000017305,74.9999969932
0.719899400115,-0.0350163377358,0.631800102522,-0.0326765642837,0.719903808565,0.631530713373,75.0000017305,74.9999969932
0.719899528786,-0.0344609629452,0.631791617537,-0.032158025117,0.719903808565,0.631530713373,75.0000017305,74.9999969932
0.719899656044,-0.033905567008,0.631783268363,-0.031639479347,0.719903808565,0.631530713373,75.0000017305,74.9999969932
0.719899781856,-0.0333501502669,0.631775054999,-0.0311209270844,0.719903808565,0.631530713373,75.0000017305,74.9999969932
0.719899906194,-0.0327947130647,0.631766977441,-0.0306023684399,0.719903808565,0.631530713373,75.0000017305,74.9999969932
0.719900029025,-0.0322392557441,0.631759035689,-0.0300838035238,0.719903808565,0.631530713373,75.0000017305,74.9999969932
0.719900150322,-0.0316837786476,0.631751229738,-0.0295652324464,0.719903808565,0.631530713373,75.0000017305,74.9999969932
0.719900270054,-0.0311282821179,0.631743559586,-0.0290466553174,0.719903808565,0.631530713373,75.0000017305,74.9999969932
0.719900388193,-0.0305727664973,0.631736025233,-0.0285280722469,0.719903808565,0.631530713373,75.0000017305,74.9999969932
0.71990050471,-0.0300172321281,0.631728626674,-0.0280094833442,0.719903808565,0.631530713373,75.0000017305,74.9999969932
0.719900619579,-0.0294616793527,0.631721363908,-0.0274908887189,0.719903808565,0.631530713373,75.0000017305,74.9999969932
0.719900732772,-0.0289061085132,0.631714236933,-0.0269722884802,0.719903808565,0.631530713373,75.0000017305,74.9999969932
0.719900844262,-0.0283505199517,0.631707245746,-0.026453682737,0.719903808565,0.631530713373,75.0000017305,74.9999969932
0.719900954023,-0.0277949140104,0.631700390346,-0.0259350715983,0.719903808565,0.631530713373,75.0000017305,74.9999969932
0.71990106203,-0.0272392910312,0.631693670731,-0.0254164551727,0.719903808565,0.631530713373,75.0000017305,74.9999969932
0.719901168257,-0.0266836513559,0.631687086897,-0.0248978335687,0.719903808565,0.631530713373,75.0000017305,74.9999969932
0.719901272681,-0.0261279953264,0.631680638844,-0.0243792068947,0.719903808565,0.631530713373,75.0000017305,74.9999969932
0.719901375275,-0.0255723232846,0.63167432657,-0.0238605752589,0.719903808565,0.631530713373,75.0000017305,74.9999969932
0.719901476018,-0.025016635572,0.631668150072,-0.0233419387692,0.719903808565,0.631530713373,75.0000017305,74.9999969932
0.719901574886,-0.0244609325304,0.631662109349,-0.0228232975336,0.719903808565,0.631530713373,75.0000017305,74.9999969932
0.719901671857,-0.0239052145012,0.631656204398,-0.0223046516596,0.719903808565,0.631530713373,75.0000017305,74.9999969932
0.719901766908,-0.0233494818261,0.631650435219,-0.021786001255,0.719903808565,0.631530713373,75.0000017305,74.9999969932
0.719901860017,-0.0227937348464,0.631644801808,-0.0212673464271,0.719903808565,0.631530713373,75.0000017305,74.9999969932
0.719901951164,-0.0222379739036,0.631639304166,-0.0207486872832,0.719903808565,0.631530713373,75.0000017305,74.9999969932
0.719902040328,-0.021682199339,0.631633942289,-0.0202300239304,0.719903808565,0.631530713373,75.0000017305,74.9999969932
0.71990212749,-0.0211264114938,0.631628716177,-0.0197113564756,0.719903808565,0.631530713373,75.0000017305,74.9999969932
0.719902212629,-0.0205706107093,0.631623625827,-0.0191926850258,0.719903808565,0.631530713373,75.0000017305,74.9999969932
0.719902295726,-0.0200147973266,0.631618671239,-0.0186740096876,0.719903808565,0.631530713373,75.0000017305,74.9999969932
0.719902376763,-0.0194589716869,0.63161385241,-0.0181553305677,0.719903808565,0.631530713373,75.0000017305,74.9999969932
0.719902455722,-0.0189031341313,0.63160916934,-0.0176366477725,0.719903808565,0.631530713373,75.0000017305,74.9999969932
0.719902532585,-0.0183472850006,0.631604622026,-0.0171179614084,0.719903808565,0.631530713373,75.0000017305,74.9999969932
0.719902607336,-0.017791424636,0.631600210468,-0.0165992715816,0.719903808565,0.631530713373,75.0000017305,74.9999969932
0.719902679957,-0.0172355533782,0.631595934664,-0.0160805783982,0.719903808565,0.631530713373,75.0000017305,74.9999969932
0.719902750433,-0.0166796715683,0.631591794613,-0.0155618819643,0.719903808565,0.631530713373,75.0000017305,74.9999969932
0.719902818748,-0.016123779547,0.631587790313,-0.0150431823858,0.719903808565,0.631530713373,75.0000017305,74.9999969932
0.719902884888,-0.0155678776551,0.631583921764,-0.0145244797684,0.719903808565,0.631530713373,75.0000017305,74.9999969932
0.719902948837,-0.0150119662333,0.631580188964,-0.0140057742178,0.719903808565,0.631530713373,75.0000017305,74.9999969932
0.719903010583,-0.0144560456224,0.631576591911,-0.0134870658397,0.719903808565,0.631530713373,75.0000017305,74.9999969932
0.71990307011,-0.013900116163,0.631573130606,-0.0129683547396,0.719903808565,0.631530713373,75.0000017305,74.9999969932
0.719903127407,-0.0133441781957,0.631569805047,-0.012449641023,0.719903808565,0.631530713373,75.0000017305,74.9999969932
0.719903182461,-0.0127882320612,0.631566615232,-0.011930924795,0.719903808565,0.631530713373,75.0000017305,74.9999969932
0.71990323526,-0.0122322780999,0.631563561161,-0.0114122061611,0.719903808565,0.631530713373,75.0000017305,74.9999969932
0.719903285793,-0.0116763166525,0.631560642834,-0.0108934852263,0.719903808565,0.631530713373,75.0000017305,74.9999969932
0.719903334048,-0.0111203480595,0.631557860248,-0.0103747620958,0.719903808565,0.631530713373,75.0000017305,74.9999969932
0.719903380015,-0.0105643726612,0.631555213404,-0.00985603687458,0.719903808565,0.631530713373,75.0000017305,74.9999969932
0.719903423685,-0.0100083907981,0.6315527023,-0.00933730966765,0.719903808565,0.631530713373,75.0000017305,74.9999969932
0.719903465047,-0.00945240281065,0.631550326936,-0.00881858057989,0.719903808565,0.631530713373,75.0000017305,74.9999969932
0.719903504093,-0.00889640903922,0.63154808731,-0.00829984971611,0.719903808565,0.631530713373,75.0000017305,74.9999969932
0.719903540815,-0.00834040982416,0.631545983423,-0.0077811171811,0.719903808565,0.631530713373,75.0000017305,74.9999969932
0.719903575205,-0.00778440550582,0.631544015274,-0.00726238307958,0.719903808565,0.631530713373,75.0000017305,74.9999969932
0.719903607255,-0.00722839642451,0.631542182862,-0.00674364751622,0.719903808565,0.631530713373,75.0000017305,74.9999969932
0.719903636958,-0.00667238292052,0.631540486186,-0.00622491059562,0.719903808565,0.631530713373,75.0000017305,74.9999969932
0.719903664309,-0.00611636533413,0.631538925246,-0.00570617242237,0.719903808565,0.631530713373,75.0000017305,74.9999969932
0.719903689301,-0.0055603440056,0.631537500041,-0.005187433101,0.719903808565,0.631530713373,75.0000017305,74.9999969932
0.719903711928,-0.00500431927518,0.631536210572,-0.00466869273601,0.719903808565,0.631530713373,75.0000017305,74.9999969932
0.719903732187,-0.00444829148309,0.631535056837,-0.00414995143186,0.719903808565,0.631530713373,75.0000017305,74.9999969932
0.719903750073,-0.00389226096956,0.631534038837,-0.00363120929296,0.719903808565,0.631530713373,75.0000017305,74.9999969932
0.719903765581,-0.00333622807478,0.63153315657,-0.00311246642374,0.719903808565,0.631530713373,75.0000017305,74.9999969932
0.719903778709,-0.00278019313896,0.631532410037,-0.00259372292856,0.719903808565,0.631530713373,75.0000017305,74.9999969932
0.719903789454,-0.00222415650228,0.631531799238,-0.00207497891179,0.719903808565,0.631530713373,75.0000017305,74.9999969932
0.719903797814,-0.00166811850491,0.631531324172,-0.00155623447775,0.719903808565,0.631530713373,75.0000017305,74.9999969932
0.719903803786,-0.00111207948706,0.631530984839,-0.00103748973079,0.719903808565,0.631530713373,75.0000017305,74.9999969932
0.71990380737,-0.00055603978887,0.63153078124,-0.000518744775204,0.719903808565,0.631530713373,75.0000017305,74.9999969932
0.719903808565,-0,0.631530713373,-0,0.719903808565,0.631530713373,75.0000017305,74.9999969932
0.71990380737,0.00055603978887,0.63153078124,0.000518744775204,0.719903808565,0.631530713373,75.0000017305,74.9999969932
0.719903803786,0.00111207948706,0.631530984839,0.00103748973079,0.719903808565,0.631530713373,75.0000017305,74.9999969932
0.719903797814,0.00166811850491,0.631531324172,0.00155623447775,0.719903808565,0.631530713373,75.0000017305,74.9999969932
0.719903789454,0.00222415650228,0.631531799238,0.00207497891179,0.719903808565,0.631530713373,75.0000017305,74.9999969932
0.719903778709,0.00278019313896,0.631532410037,0.00259372292856,0.719903808565,0.631530713373,75.0000017305,74.9999969932
0.719903765581,0.00333622807478,0.63153315657,0.00311246642374,0.719903808565,0.631530713373,75.0000017305,74.9999969932
0.719903750073,0.00389226096956,0.631534038837,0.00363120929296,0.719903808565,0.631530713373,75.0000017305,74.9999969932
0.719903732187,0.00444829148309,0.631535056837,0.00414995143186,0.719903808565,0.631530713373,75.0000017305,74.9999969932
0.719903711928,0.00500431927518,0.631536210572,0.00466869273601,0.719903808565,0.631530713373,75.0000017305,74.9999969932
0.719903689301,0.0055603440056,0.631537500041,0.005187433101,0.719903808565,0.631530713373,75.0000017305,74.9999969932
0.719903664309,0.00611636533413,0.631538925246,0.00570617242237,0.719903808565,0.631530713373,75.0000017305,74.9999969932
0.719903636958,0.00667238292052,0.631540486186,0.00622491059562,0.719903808565,0.631530713373,75.0000017305,74.9999969932
0.719903607255,0.00722839642451,0.631542182862,0.00674364751622,0.719903808565,0.631530713373,75.0000017305,74.9999969932
0.719903575205,0.00778440550582,0.631544015274,0.00726238307958,0.719903808565,0.631530713373,75.0000017305,74.9999969932
0.719903540815,0.00834040982416,0.631545983423,0.0077811171811,0.719903808565,0.631530713373,75.0000017305,74.9999969932
0.719903504093,0.00889640903922,0.63154808731,0.00829984971611,0.719903808565,0.631530713373,75.0000017305,74.9999969932
0.719903465047,0.00945240281065,0.631550326936,0.00881858057989,0.719903808565,0.631530713373,75.0000017305,74.9999969932
0.719903423685,0.0100083907981,0.6315527023,0.00933730966765,0.719903808565,0.631530713373,75.0000017305,74.9999969932
0.719903380015,0.0105643726612,0.631555213404,0.00985603687458,0.719903808565,0.631530713373,75.0000017305,74.9999969932
0.719903334048,0.0111203480595,0.631557860248,0.0103747620958,0.719903808565,0.631530713373,75.0000017305,74.9999969932
0.719903285793,0.0116763166525,0.631560642834,0.0108934852263,0.719903808565,0.631530713373,75.0000017305,74.9999969932
0.71990323526,0.0122322780999,0.631563561161,0.0114122061611,0.719903808565,0.631530713373,75.0000017305,74.9999969932
0.719903182461,0.0127882320612,0.631566615232,0.011930924795,0.719903808565,0.631530713373,75.0000017305,74.9999969932
0.719903127407,0.0133441781957,0.631569805047,0.012449641023,0.719903808565,0.631530713373,75.0000017305,74.9999969932
0.71990307011,0.013900116163,0.631573130606,0.0129683547396,0.719903808565,0.631530713373,75.0000017305,74.9999969932
0.719903010583,0.0144560456224,0.631576591911,0.0134870658397,0.719903808565,0.631530713373,75.0000017305,74.9999969932
0.719902948837,0.0150119662333,0.631580188964,0.0140057742178,0.719903808565,0.631530713373,75.0000017305,74.9999969932
0.719902884888,0.0155678776551,0.631583921764,0.0145244797684,0.719903808565,0.631530713373,75.0000017305,74.9999969932
0.719902818748,0.016123779547,0.631587790313,0.0150431823858,0.719903808565,0.631530713373,75.0000017305,74.9999969932
0.719902750433,0.0166796715683,0.631591794613,0.0155618819643,0.719903808565,0.631530713373,75.0000017305,74.9999969932
0.719902679957,0.0172355533782,0.631595934664,0.0160805783982,0.719903808565,0.631530713373,75.0000017305,74.9999969932
0.719902607336,0.017791424636,0.631600210468,0.0165992715816,0.719903808565,0.631530713373,75.0000017305,74.9999969932
0.719902532585,0.0183472850006,0.631604622026,0.0171179614084,0.719903808565,0.631530713373,75.0000017305,74.9999969932
0.719902455722,0.0189031341313,0.63160916934,0.0176366477725,0.719903808565,0.631530713373,75.0000017305,74.9999969932
0.719902376763,0.0194589716869,0.63161385241,0.0181553305677,0.719903808565,0.631530713373,75.0000017305,74.9999969932
0.719902295726,0.0200147973266,0.631618671239,0.0186740096876,0.719903808565,0.631530713373,75.0000017305,74.9999969932
0.719902212629,0.0205706107093,0.631623625827,0.0191926850258,0.719903808565,0.631530713373,75.0000017305,74.9999969932
0.71990212749,0.0211264114938,0.631628716177,0.0197113564756,0.719903808565,0.631530713373,75.0000017305,74.9999969932
0.719902040328,0.021682199339,0.631633942289,0.0202300239304,0.719903808565,0.631530713373,75.0000017305,74.9999969932
0.719901951164,0.0222379739036,0.631639304166,0.0207486872832,0.719903808565,0.631530713373,75.0000017305,74.9999969932
0.719901860017,0.0227937348464,0.631644801808,0.0212673464271,0.719903808565,0.631530713373,75.0000017305,74.9999969932
0.719901766908,0.0233494818261,0.631650435219,0.021786001255,0.719903808565,0.631530713373,75.0000017305,74.9999969932
0.719901671857,0.0239052145012,0.631656204398,0.0223046516596,0.719903808565,0.631530713373,75.0000017305,74.9999969932
0.719901574886,0.0244609325304,0.631662109349,0.0228232975336,0.719903808565,0.631530713373,75.0000017305,74.9999969932
0.719901476018,0.025016635572,0.631668150072,0.0233419387692,0.719903808565,0.631530713373,75.0000017305,74.9999969932
0.719901375275,0.0255723232846,0.63167432657,0.0238605752589,0.719903808565,0.631530713373,75.0000017305,74.9999969932
0.719901272681,0.0261279953264,0.631680638844,0.0243792068947,0.719903808565,0.631530713373,75.0000017305,74.9999969932
0.719901168257,0.0266836513559,0.631687086897,0.0248978335687,0.719903808565,0.631530713373,75.0000017305,74.9999969932
0.71990106203,0.0272392910312,0.631693670731,0.0254164551727,0.719903808565,0.631530713373,75.0000017305,74.9999969932
0.719900954023,0.0277949140104,0.631700390346,0.0259350715983,0.719903808565,0.631530713373,75.0000017305,74.9999969932
0.719900844262,0.0283505199517,0.631707245746,0.026453682737,0.719903808565,0.631530713373,75.0000017305,74.9999969932
0.719900732772,0.0289061085132,0.631714236933,0.0269722884802,0.719903808565,0.631530713373,75.0000017305,74.9999969932
0.719900619579,0.0294616793527,0.631721363908,0.0274908887189,0.719903808565,0.631530713373,75.0000017305,74.9999969932
0.71990050471,0.0300172321281,0.631728626674,0.0280094833442,0.719903808565,0.631530713373,75.0000017305,74.9999969932
0.719900388193,0.0305727664973,0.631736025233,0.0285280722469,0.719903808565,0.631530713373,75.0000017305,74.9999969932
0.719900270054,0.0311282821179,0.631743559586,0.0290466553174,0.719903808565,0.631530713373,75.0000017305,74.9999969932
0.719900150322,0.0316837786476,0.631751229738,0.0295652324464,0.719903808565,0.631530713373,75.0000017305,74.9999969932
0.719900029025,0.0322392557441,0.631759035689,0.0300838035238,0.719903808565,0.631530713373,75.0000017305,74.9999969932
0.719899906194,0.0327947130647,0.631766977441,0.0306023684399,0.719903808565,0.631530713373,75.0000017305,74.9999969932
0.719899781856,0.0333501502669,0.631775054999,0.0311209270844,0.719903808565,0.631530713373,75.0000017305,74.9999969932
0.719899656044,0.033905567008,0.631783268363,0.031639479347,0.719903808565,0.631530713373,75.0000017305,74.9999969932
0.719899528786,0.0344609629452,0.631791617537,0.032158025117,0.719903808565,0.631530713373,75.0000017305,74.9999969932
0.719899400115,0.0350163377358,0.631800102522,0.0326765642837,0.719903808565,0.631530713373,75.0000017305,74.9999969932
0.719899270063,0.0355716910367,0.631808723322,0.0331950967362,0.719903808565,0.631530713373,75.0000017305,74.9999969932
0.71989913866,0.036127022505,0.631817479938,0.0337136223631,0.719903808565,0.631530713373,75.0000017305,74.9999969932
0.719899006089,0.0366823288889,0.631826372374,0.0342321410531,0.719903808565,0.631530713373,75.0000017305,74.9999969932
0.719898872631,0.0372376051537,0.631835400633,0.0347506526945,0.719903808565,0.631530713373,75.0000017305,74.9999969932
0.719898738422,0.037792849378,0.631844564716,0.0352691571754,0.719903808565,0.631530713373,75.0000017305,74.9999969932
0.719898603494,0.0383480616162,0.631853864627,0.0357876543838,0.719903808565,0.631530713373,75.0000017305,74.9999969932
0.719898467884,0.0389032418997,0.631863300368,0.0363061442073,0.719903808565,0.631530713373,75.0000017305,74.9999969932
0.719898331625,0.0394583902389,0.631872871943,0.0368246265333,0.719903808565,0.631530713373,75.0000017305,74.9999969932
0.719898194755,0.0400135066241,0.631882579622,0.0373430967121,0.719903808565,0.631530713373,75.0000017305,74.9999969932
0.719898057308,0.0405685910274,0.63189242379,0.0378615484485,0.719903808565,0.631530713373,75.0000017305,74.9999969932
0.719897919323,0.0411236434034,0.63190240456,0.038379980234,0.719903808565,0.631530713373,75.0000017305,74.9999969932
0.719897780836,0.0416786636909,0.631912521936,0.0388983924409,0.719903808565,0.631530713373,75.0000017305,74.9999969932
0.719897641885,0.0422336518136,0.63192277592,0.0394167854156,0.719903808565,0.631530713373,75.0000017305,74.9999969932
0.719897502508,0.0427886076811,0.631933166516,0.0399351594803,0.719903808565,0.631530713373,75.0000017305,74.9999969932
0.719897362744,0.0433435311897,0.631943693726,0.0404535149345,0.719903808565,0.631530713373,75.0000017305,74.9999969932
0.719897222633,0.0438984222237,0.631954357553,0.0409718520563,0.719903808565,0.631530713373,75.0000017305,74.9999969932
0.719897082213,0.0444532806556,0.631965158001,0.0414901711042,0.719903808565,0.631530713373,75.0000017305,74.9999969932
0.719896941526,0.045008106347,0.631976095073,0.0420084723177,0.719903808565,0.631530713373,75.0000017305,74.9999969932
0.719896800613,0.0455628991495,0.63198716877,0.0425267559188,0.719903808565,0.631530713373,75.0000017305,74.9999969932
0.719896659513,0.0461176589049,0.631998379098,0.0430450221128,0.719903808565,0.631530713373,75.0000017305,74.9999969932
0.71989651827,0.0466723854461,0.632009726059,0.0435632710896,0.719903808565,0.631530713373,75.0000017305,74.9999969932
0.719896376925,0.0472270785974,0.632021209656,0.0440815030243,0.719903808565,0.631530713373,75.0000017305,74.9999969932
0.719896235522,0.0477817381751,0.632032829892,0.0445997180782,0.719903808565,0.631530713373,75.0000017305,74.9999969932
0.719896094103,0.0483363639879,0.632044586771,0.0451179163993,0.719903808565,0.631530713373,75.0000017305,74.9999969932
0.719895952713,0.0488909558375,0.632056480296,0.0456360981237,0.719903808565,0.631530713373,75.0000017305,74.9999969932
0.719895811395,0.0494455135187,0.632068510471,0.0461542633753,0.719903808565,0.631530713373,75.0000017305,74.9999969932
0.719895670195,0.0500000368199,0.632080677298,0.0466724122673,0.719903808565,0.631530713373,75.0000017305,74.9999969932
0.719895529158,0.0505545255236,0.632092980782,0.0471905449023,0.719903808565,0.631530713373,75.0000017305,74.9999969932
0.719895388329,0.0511089794064,0.632105420926,0.0477086613731,0.719903808565,0.631530713373,75.0000017305,74.9999969932
0.719895247754,0.0516633982395,0.632117997734,0.048226761763,0.719903808565,0.631530713373,75.0000017305,74.9999969932
0.719895107482,0.0522177817892,0.632130711208,0.0487448461464,0.719903808565,0.631530713373,75.0000017305,74.9999969932
0.719894967558,0.0527721298166,0.632143561353,0.0492629145892,0.719903808565,0.631530713373,75.0000017305,74.9999969932
0.719894828031,0.0533264420783,0.632156548172,0.0497809671494,0.719903808565,0.631530713373,75.0000017305,74.9999969932
0.719894688949,0.0538807183267,0.63216967167,0.0502990038772,0.719903808565,0.631530713373,75.0000017305,74.9999969932
0.719894550361,0.0544349583096,0.632182931849,0.0508170248157,0.719903808565,0.631530713373,75.0000017305,74.9999969932
0.719894412315,0.0549891617711,0.632196328713,0.0513350300008,0.719903808565,0.631530713373,75.0000017305,74.9999969932
0.719894274863,0.0555433284516,0.632209862266,0.0518530194621,0.719903808565,0.631530713373,75.0000017305,74.9999969932
0.719894138053,0.0560974580876,0.632223532513,0.0523709932227,0.719903808565,0.631530713373,75.0000017305,74.9999969932
0.719894001937,0.0566515504123,0.632237339456,0.0528889512998,0.719903808565,0.631530713373,75.0000017305,74.9999969932
0.719893866566,0.0572056051556,0.632251283101,0.0534068937049,0.719903808565,0.631530713373,75.0000017305,74.9999969932
0.719893731992,0.0577596220445,0.63226536345,0.0539248204439,0.719903808565,0.631530713373,75.0000017305,74.9999969932
0.719893598267,0.0583136008025,0.632279580507,0.0544427315175,0.719903808565,0.631530713373,75.0000017305,74.9999969932
0.719893465443,0.0588675411508,0.632293934277,0.0549606269216,0.719903808565,0.631530713373,75.0000017305,74.9999969932
0.719893333575,0.0594214428074,0.632308424764,0.0554785066469,0.719903808565,0.631530713373,75.0000017305,74.9999969932
0.719893202715,0.0599753054881,0.632323052273,0.055996367284,0.719903808565,0.631530713373,75.0000017305,74.9999969932
0.719893072918,0.0605291289059,0.632337817186,0.056514204663,0.719903808565,0.631530713373,75.0000017305,74.9999969932
0.719892944239,0.0610829127714,0.632352719586,0.0570320181194,0.719903808565,0.631530713373,75.0000017305,74.9999969932
0.719892816733,0.0616366567932,0.632367759474,0.0575498078494,0.719903808565,0.631530713373,75.0000017305,74.9999969932
0.719892690455,0.0621903606774,0.632382936856,0.058067574037,0.719903808565,0.631530713373,75.0000017305,74.9999969932
0.719892565527,0.0627440233895,0.632398251736,0.0585853168554,0.719903808565,0.631530713373,75.0000017305,74.9999969932
0.719892442252,0.0632976418286,0.632413704118,0.0591030364664,0.719903808565,0.631530713373,75.0000017305,74.9999969932
0.719892320873,0.0638512137029,0.632429294005,0.0596207330217,0.719903808565,0.631530713373,75.0000017305,74.9999969932
0.719892201449,0.0644047388523,0.632445021403,0.060138406663,0.719903808565,0.631530713373,75.0000017305,74.9999969932
0.719892084036,0.0649582171099,0.632460886315,0.0606560575223,0.719903808565,0.631530713373,75.0000017305,74.9999969932
0.719891968694,0.0655116483026,0.632476888745,0.0611736857224,0.719903808565,0.631530713373,75.0000017305,74.9999969932
0.719891855482,0.066065032251,0.632493028698,0.0616912913775,0.719903808565,0.631530713373,75.0000017305,74.9999969932
0.71989174446,0.06661836877,0.632509306178,0.062208874593,0.719903808565,0.631530713373,75.0000017305,74.9999969932
0.719891635688,0.0671716576686,0.63252572119,0.0627264354664,0.719903808565,0.631530713373,75.0000017305,74.9999969932
0.719891529226,0.0677248987506,0.632542273737,0.0632439740874,0.719903808565,0.631530713373,75.0000017305,74.9999969932
0.719891425137,0.0682780918145,0.632558963825,0.0637614905379,0.719903808565,0.631530713373,75.0000017305,74.9999969932
0.719891323481,0.0688312366538,0.632575791457,0.064278984893,0.719903808565,0.631530713373,75.0000017305,74.9999969932
0.719891224321,0.0693843330572,0.632592756638,0.0647964572204,0.719903808565,0.631530713373,75.0000017305,74.9999969932
0.71989112772,0.0699373808089,0.632609859373,0.0653139075812,0.719903808565,0.631530713373,75.0000017305,74.9999969932
0.71989103374,0.0704903796883,0.632627099665,0.0658313360304,0.719903808565,0.631530713373,75.0000017305,74.9999969932
0.719890942446,0.071043329471,0.632644477521,0.0663487426162,0.719903808565,0.631530713373,75.0000017305,74.9999969932
0.719890853901,0.0715962299279,0.632661992944,0.0668661273811,0.719903808565,0.631530713373,75.0000017305,74.9999969932
0.71989076817,0.0721490808265,0.632679645938,0.067383490362,0.719903808565,0.631530713373,75.0000017305,74.9999969932
0.719890685319,0.0727018819301,0.632697436509,0.0679008315898,0.719903808565,0.631530713373,75.0000017305,74.9999969932
0.719890605412,0.0732546329983,0.632715364662,0.0684181510902,0.719903808565,0.631530713373,75.0000017305,74.9999969932
0.719890528516,0.0738073337874,0.6327334304,0.0689354488837,0.719903808565,0.631530713373,75.0000017305,74.9999969932
0.719890454698,0.07435998405,0.632751633775,0.0694527245651,0.719903808565,0.631530713373,75.0000017305,74.9999969932
0.719890384025,0.0749125835355,0.632769975167,0.0699699747603,0.719903808565,0.631530713373,75.0000017305,74.9999969932
0.719890316564,0.0754651319901,0.632788454912,0.0704871965857,0.719903808565,0.631530713373,75.0000017305,74.9999969932
0.719890252383,0.0760176291569,0.632807073015,0.0710043901901,0.719903808565,0.631530713373,75.0000017305,74.9999969932
0.719890191551,0.076570074776,0.632825829479,0.0715215557139,0.719903808565,0.631530713373,75.0000017305,74.9999969932
0.719890134137,0.0771224685845,0.632844724311,0.0720386932889,0.719903808565,0.631530713373,75.0000017305,74.9999969932
0.71989008021,0.0776748103169,0.632863757514,0.0725558030386,0.719903808565,0.631530713373,75.0000017305,74.9999969932
0.71989002984,0.078227099705,0.632882929093,0.0730728850788,0.719903808565,0.631530713373,75.0000017305,74.9999969932
0.719889983098,0.0787793364777,0.632902239053,0.0735899395179,0.719903808565,0.631530713373,75.0000017305,74.9999969932
0.719889940054,0.0793315203617,0.6329216874,0.0741069664564,0.719903808565,0.631530713373,75.0000017305,74.9999969932
0.719889900781,0.0798836510811,0.632941274136,0.0746239659883,0.719903808565,0.631530713373,75.0000017305,74.9999969932
0.71988986535,0.0804357283576,0.632960999269,0.0751409382003,0.719903808565,0.631530713373,75.0000017305,74.9999969932
0.719889833949,0.0809877508818,0.632980862802,0.0756578831724,0.719903808565,0.631530713373,75.0000017305,74.9999969932
0.719889806899,0.081539716199,0.63300086474,0.0761748009785,0.719903808565,0.631530713373,75.0000017305,74.9999969932
0.719889784407,0.0820916229241,0.633021005088,0.0766916916859,0.719903808565,0.631530713373,75.0000017305,74.9999969932
0.719889766546,0.0826434708552,0.633041283852,0.0772085553558,0.719903808565,0.631530713373,75.0000017305,74.9999969932
0.719889753392,0.083195259786,0.633061701036,0.0777253920439,0.719903808565,0.631530713373,75.0000017305,74.9999969932
0.719889745018,0.083746989506,0.633082256645,0.0782422017998,0.719903808565,0.631530713373,75.0000017305,74.9999969932
0.7198897415,0.0842986598005,0.633102950684,0.0787589846677,0.719903808565,0.631530713373,75.0000017305,74.9999969932
0.719889742915,0.0848502704511,0.633123783159,0.0792757406864,0.719903808565,0.631530713373,75.0000017305,74.9999969932
0.719889749338,0.0854018212356,0.633144754074,0.0797924698896,0.719903808565,0.631530713373,75.0000017305,74.9999969932
0.719889760847,0.0859533119278,0.633165863435,0.0803091723057,0.719903808565,0.631530713373,75.0000017305,74.9999969932
0.719889777518,0.0865047422983,0.633187111247,0.0808258479583,0.719903808565,0.631530713373,75.0000017305,74.9999969932
0.71988979943,0.087056112114,0.633208497841,0.081342494324,0.719903808565,0.631530713373,75.0000017305,74.9999969932
0.719889826661,0.0876074211384,0.633230023598,0.0818591085622,0.719903808565,0.631530713373,75.0000017305,74.9999969932
0.719889859289,0.0881586691319,0.63325168857,0.0823756904246,0.719903808565,0.631530713373,75.0000017305,74.9999969932
0.719889897394,0.0887098558516,0.633273492762,0.0828922400235,0.719903808565,0.631530713373,75.0000017305,74.9999969932
0.719889941055,0.0892609810516,0.633295436179,0.083408757464,0.719903808565,0.631530713373,75.0000017305,74.9999969932
0.719889990353,0.0898120444828,0.633317518825,0.0839252428448,0.719903808565,0.631530713373,75.0000017305,74.9999969932
0.719890045368,0.0903630458935,0.633339740707,0.0844416962575,0.719903808565,0.631530713373,75.0000017305,74.9999969932
0.719890106182,0.090913985029,0.633362101829,0.0849581177879,0.719903808565,0.631530713373,75.0000017305,74.9999969932
0.719890172875,0.0914648616317,0.633384602196,0.0854745075151,0.719903808565,0.631530713373,75.0000017305,74.9999969932
0.719890245531,0.0920156754415,0.633407241813,0.0859908655125,0.719903808565,0.631530713373,75.0000017305,74.9999969932
0.719890324231,0.0925664261958,0.633430020686,0.0865071918473,0.719903808565,0.631530713373,75.0000017305,74.9999969932
0.719890409059,0.0931171136292,0.63345293882,0.0870234865812,0.719903808565,0.631530713373,75.0000017305,74.9999969932
0.719890500098,0.0936677374741,0.63347599622,0.0875397497702,0.719903808565,0.631530713373,75.0000017305,74.9999969932
0.719890597432,0.0942182974603,0.633499192891,0.088055981465,0.719903808565,0.631530713373,75.0000017305,74.9999969932
0.719890701146,0.0947687933153,0.633522528838,0.088572181711,0.719903808565,0.631530713373,75.0000017305,74.9999969932
0.719890811324,0.0953192247643,0.633546004068,0.0890883505483,0.719903808565,0.631530713373,75.0000017305,74.9999969932
0.719890928226,0.0958695902225,0.633569618584,0.0896044880121,0.719903808565,0.631530713373,75.0000017305,74.9999969932
0.719891052187,0.0964198875775,0.633593372393,0.0901205941327,0.719903808565,0.631530713373,75.0000017305,74.9999969932
0.719891183366,0.0969701160535,0.6336172655,0.0906366689357,0.719903808565,0.631530713373,75.0000017305,74.9999969932
0.71989132185,0.0975202754274,0.633641298045,0.0911527115032,0.719903808565,0.631530713373,75.0000017305,74.9999969932
0.719891467727,0.098070365473,0.633665470405,0.0916687192947,0.719903808565,0.631530713373,75.0000017305,74.9999969932
0.719891621085,0.0986203859609,0.633689782824,0.0921846907475,0.719903808565,0.631530713373,75.0000017305,74.9999969932
0.719891782012,0.0991703366581,0.633714235307,0.0927006259549,0.719903808565,0.631530713373,75.0000017305,74.9999969932
0.719891950596,0.0997202173287,0.633738827859,0.0932165250043,0.719903808565,0.631530713373,75.0000017305,74.9999969932
0.719892126928,0.100270027734,0.633763560486,0.0937323879769,0.719903808565,0.631530713373,75.0000017305,74.9999969932
0.719892311097,0.100819767632,0.633788433191,0.0942482149484,0.719903808565,0.631530713373,75.0000017305,74.9999969932
0.719892503192,0.101369436777,0.633813445982,0.0947640059883,0.719903808565,0.631530713373,75.0000017305,74.9999969932
0.719892703305,0.101919034923,0.633838598862,0.0952797611611,0.719903808565,0.631530713373,75.0000017305,74.9999969932
0.719892911527,0.102468561818,0.633863891838,0.0957954805253,0.719903808565,0.631530713373,75.0000017305,74.9999969932
0.719893127949,0.103018017209,0.633889324914,0.0963111641345,0.719903808565,0.631530713373,75.0000017305,74.9999969932
0.719893352664,0.103567400842,0.633914898095,0.096826812037,0.719903808565,0.631530713373,75.0000017305,74.9999969932
0.719893585764,0.104116712457,0.633940611388,0.0973424242759,0.719903808565,0.631530713373,75.0000017305,74.9999969932
0.719893827341,0.104665951794,0.633966464797,0.0978580008896,0.719903808565,0.631530713373,75.0000017305,74.9999969932
0.71989407749,0.105215118589,0.633992458329,0.0983735419115,0.719903808565,0.631530713373,75.0000017305,74.9999969932
0.719894336304,0.105764212578,0.634018591987,0.0988890473704,0.719903808565,0.631530713373,75.0000017305,74.9999969932
0.719894603878,0.106313233491,0.634044865778,0.0994045172904,0.719903808565,0.631530713373,75.0000017305,74.9999969932
0.719894880306,0.106862181059,0.634071279706,0.099919951691,0.719903808565,0.631530713373,75.0000017305,74.9999969932
0.719895165684,0.10741105501,0.634097834058,0.100435348822,0.719903808565,0.631530713373,75.0000017305,74.9999969932
0.719895460107,0.107959855068,0.634124529209,0.10095070639,0.719903808565,0.631530713373,75.0000017305,74.9999969932
0.719895763789,0.108508580174,0.634151365255,0.101466023901,0.719903808565,0.631530713373,75.0000017305,74.9999969932
0.719896077076,0.109057228425,0.634178342202,0.101981301426,0.719903808565,0.631530713373,75.0000017305,74.9999969932
0.719896400194,0.109605798721,0.634205460053,0.102496539034,0.719903808565,0.631530713373,75.0000017305,74.9999969932
0.719896733241,0.110154290825,0.634232718816,0.103011736787,0.719903808565,0.631530713373,75.0000017305,74.9999969932
0.719897076316,0.110702704499,0.634260118494,0.103526894741,0.719903808565,0.631530713373,75.0000017305,74.9999969932
0.719897429516,0.111251039501,0.634287659093,0.104042012948,0.719903808565,0.631530713373,75.0000017305,74.9999969932
0.719897792942,0.111799295588,0.634315340618,0.104557091456,0.719903808565,0.631530713373,75.0000017305,74.9999969932
0.719898166692,0.112347472511,0.634343163075,0.105072130305,0.719903808565,0.631530713373,75.0000017305,74.9999969932
0.719898550867,0.112895570022,0.634371126469,0.105587129533,0.719903808565,0.631530713373,75.0000017305,74.9999969932
0.719898945567,0.113443587869,0.634399230805,0.106102089172,0.719903808565,0.631530713373,75.0000017305,74.9999969932
0.719899350893,0.113991525796,0.634427476087,0.10661700925,0.719903808565,0.631530713373,75.0000017305,74.9999969932
0.719899766946,0.114539383546,0.634455862323,0.10713188979,0.719903808565,0.631530713373,75.0000017305,74.9999969932
0.719900193828,0.11508716086,0.634484389516,0.10764673081,0.719903808565,0.631530713373,75.0000017305,74.9999969932
0.719900631641,0.115634857475,0.634513057672,0.108161532326,0.719903808565,0.631530713373,75.0000017305,74.9999969932
0.719901080489,0.116182473127,0.634541867008,0.108676293115,0.719903808565,0.631530713373,75.0000017305,74.9999969932
0.719901540473,0.11673000755,0.634570817897,0.109191011057,0.719903808565,0.631530713373,75.0000017305,74.9999969932
0.719902011699,0.117277460475,0.634599910503,0.10970568529,0.719903808565,0.631530713373,75.0000017305,74.9999969932
0.719902494269,0.11782483163,0.634629144829,0.110220315873,0.719903808565,0.631530713373,75.0000017305,74.9999969932
0.719902988288,0.118372120742,0.634658520882,0.110734902859,0.719903808565,0.631530713373,75.0000017305,74.9999969932
0.719903493861,0.118919327536,0.634688038667,0.111249446295,0.719903808565,0.631530713373,75.0000017305,74.9999969932
0.719904011094,0.119466451735,0.634717698187,0.111763946226,0.719903808565,0.631530713373,75.0000017305,74.9999969932
0.719904540252,0.120013492105,0.634747499449,0.112278402689,0.719903808565,0.631530713373,75.0000017305,74.9999969932
0.719905081688,0.120560446897,0.634777442458,0.112792815718,0.719903808565,0.631530713373,75.0000017305,74.9999969932
0.719905635598,0.121107315333,0.634807527218,0.113307185342,0.719903808565,0.631530713373,75.0000017305,74.9999969932
0.71990620209,0.121654097164,0.634837753735,0.113821511586,0.719903808565,0.631530713373,75.0000017305,74.9999969932
0.719906781271,0.122200792143,0.634868122013,0.114335794471,0.719903808565,0.631530713373,75.0000017305,74.9999969932
0.719907373249,0.122747400016,0.634898632058,0.114850034012,0.719903808565,0.631530713373,75.0000017305,74.9999969932
0.719907978134,0.12329392053,0.634929283875,0.11536423022,0.719903808565,0.631530713373,75.0000017305,74.9999969932
0.719908596034,0.123840353426,0.634960077469,0.115878383104,0.719903808565,0.631530713373,75.0000017305,74.9999969932
0.719909227059,0.124386698447,0.634991013029,0.116392491657,0.719903808565,0.631530713373,75.0000017305,74.9999969932
0.719909871318,0.124932955329,0.635022090929,0.116906553899,0.719903808565,0.631530713373,75.0000017305,74.9999969932
0.719910528922,0.12547912381,0.635053311354,0.117420568881,0.719903808565,0.631530713373,75.0000017305,74.9999969932
0.719911199983,0.126025203624,0.63508467431,0.117934536649,0.719903808565,0.631530713373,75.0000017305,74.9999969932
0.71991188461,0.1265711945,0.635116179801,0.11844845724,0.719903808565,0.631530713373,75.0000017305,74.9999969932
0.719912582917,0.127117096171,0.635147827832,0.118962330691,0.719903808565,0.631530713373,75.0000017305,74.9999969932
0.719913295015,0.127662908362,0.635179618407,0.11947615703,0.719903808565,0.631530713373,75.0000017305,74.9999969932
0.719914021016,0.128208630798,0.635211551532,0.119989936284,0.719903808565,0.631530713373,75.0000017305,74.9999969932
0.719914761034,0.128754263205,0.635243627211,0.120503668473,0.719903808565,0.631530713373,75.0000017305,74.9999969932
0.719915515182,0.129299805301,0.635275845449,0.121017353615,0.719903808565,0.631530713373,75.0000017305,74.9999969932
0.719916283574,0.129845256808,0.635308206251,0.121530991721,0.719903808565,0.631530713373,75.0000017305,74.9999969932
0.719917066464,0.13039061667,0.635340709621,0.122044582801,0.719903808565,0.631530713373,75.0000017305,74.9999969932
0.719917864214,0.130935883249,0.635373355564,0.122558126859,0.719903808565,0.631530713373,75.0000017305,74.9999969932
0.719918677049,0.131481055696,0.635406144086,0.123071623894,0.719903808565,0.631530713373,75.0000017305,74.9999969932
0.719919505083,0.132026133753,0.635439075314,0.123585073265,0.719903808565,0.631530713373,75.0000017305,74.9999969932
0.719920348432,0.132571117163,0.635472149619,0.124098473103,0.719903808565,0.631530713373,75.0000017305,74.9999969932
0.719921207214,0.133116005665,0.635505367245,0.124611822199,0.719903808565,0.631530713373,75.0000017305,74.9999969932
0.719922081546,0.133660798996,0.635538728199,0.125125120584,0.719903808565,0.631530713373,75.0000017305,74.9999969932
0.719922971544,0.13420549689,0.635572232483,0.125638368285,0.719903808565,0.631530713373,75.0000017305,74.9999969932
0.719923877327,0.134750099082,0.635605880102,0.126151565324,0.719903808565,0.631530713373,75.0000017305,74.9999969932
0.719924799014,0.135294605301,0.635639671061,0.126664711719,0.719903808565,0.631530713373,75.0000017305,74.9999969932
0.719925736722,0.135839015276,0.635673605364,0.127177807485,0.719903808565,0.631530713373,75.0000017305,74.9999969932
0.719926690571,0.136383328733,0.635707683015,0.12769085263,0.719903808565,0.631530713373,75.0000017305,74.9999969932
0.719927660681,0.136927545397,0.635741904019,0.12820384716,0.719903808565,0.631530713373,75.0000017305,74.9999969932
0.719928647171,0.137471664989,0.63577626838,0.128716791076,0.719903808565,0.631530713373,75.0000017305,74.9999969932
0.719929650163,0.138015687232,0.635810776103,0.129229684377,0.719903808565,0.631530713373,75.0000017305,74.9999969932
0.719930669777,0.138559611842,0.63584542719,0.129742527055,0.719903808565,0.631530713373,75.0000017305,74.9999969932
0.719931706134,0.139103438538,0.635880221648,0.1302553191,0.719903808565,0.631530713373,75.0000017305,74.9999969932
0.719932759355,0.139647167033,0.635915159816,0.130768058863,0.719903808565,0.631530713373,75.0000017305,74.9999969932
0.719933829773,0.140190795966,0.635950242063,0.131280744584,0.719903808565,0.631530713373,75.0000017305,74.9999969932
0.719934917758,0.140734323792,0.635985468418,0.131793376151,0.719903808565,0.631530713373,75.0000017305,74.9999969932
0.71993602347,0.141277750052,0.636020838886,0.132305953582,0.719903808565,0.631530713373,75.0000017305,74.9999969932
0.719937147034,0.141821074482,0.636056353471,0.132818476887,0.719903808565,0.631530713373,75.0000017305,74.9999969932
0.719938288574,0.142364296815,0.636092012177,0.133330946075,0.719903808565,0.631530713373,75.0000017305,74.9999969932
0.719939448213,0.142907416782,0.636127815007,0.133843361149,0.719903808565,0.631530713373,75.0000017305,74.9999969932
0.719940626076,0.143450434111,0.636163761965,0.134355722108,0.719903808565,0.631530713373,75.0000017305,74.9999969932
0.71994182229,0.14399334853,0.636199853055,0.134868028948,0.719903808565,0.631530713373,75.0000017305,74.9999969932
0.719943036978,0.144536159763,0.636236088282,0.13538028166,0.719903808565,0.631530713373,75.0000017305,74.9999969932
0.719944270269,0.145078867533,0.636272467648,0.135892480233,0.719903808565,0.631530713373,75.0000017305,74.9999969932
0.719945522286,0.14562147156,0.636308991157,0.136404624651,0.719903808565,0.631530713373,75.0000017305,74.9999969932
0.719946793159,0.146163971564,0.636345658868,0.136916714642,0.719903808565,0.631530713373,75.0000017305,74.9999969932
0.719948083013,0.146706367263,0.636382471144,0.137428748514,0.719903808565,0.631530713373,75.0000017305,74.9999969932
0.719949391976,0.14724865837,0.636419428298,0.13794072484,0.719903808565,0.631530713373,75.0000017305,74.9999969932
0.719950720178,0.147790844599,0.636456530333,0.138452643628,0.719903808565,0.631530713373,75.0000017305,74.9999969932
0.719952067744,0.148332925663,0.636493777252,0.13896450488,0.719903808565,0.631530713373,75.0000017305,74.9999969932
0.71995343486,0.148874901011,0.636531169059,0.139476308596,0.719903808565,0.631530713373,75.0000017305,74.9999969932
0.7199548219,0.149416769162,0.636568705756,0.139988054771,0.719903808565,0.631530713373,75.0000017305,74.9999969932
0.719956229189,0.149958528906,0.636606387348,0.140499743395,0.719903808565,0.631530713373,75.0000017305,74.9999969932
0.719957656857,0.150500179973,0.636644213836,0.141011374456,0.719903808565,0.631530713373,75.0000017305,74.9999969932
0.719959105034,0.151041722089,0.636682185225,0.141522947937,0.719903808565,0.631530713373,75.0000017305,74.9999969932
0.719960573852,0.15158315498,0.636720301517,0.142034463817,0.719903808565,0.631530713373,75.0000017305,74.9999969932
0.719962063442,0.152124478369,0.636758562716,0.142545922074,0.719903808565,0.631530713373,75.0000017305,74.9999969932
0.719963573935,0.152665691976,0.636796968825,0.143057322678,0.719903808565,0.631530713373,75.0000017305,74.9999969932
0.719965105465,0.153206795521,0.636835520176,0.143568664138,0.719903808565,0.631530713373,75.0000017305,74.9999969932
0.719966658164,0.15374778872,0.636874217132,0.144079944845,0.719903808565,0.631530713373,75.0000017305,74.9999969932
0.719968232164,0.15428867129,0.636913059724,0.144591164667,0.719903808565,0.631530713373,75.0000017305,74.9999969932
0.719969827599,0.154829442944,0.636952047955,0.145102323597,0.719903808565,0.631530713373,75.0000017305,74.9999969932
0.719971444603,0.155370103394,0.636991181827,0.145613421623,0.719903808565,0.631530713373,75.0000017305,74.9999969932
0.719973083311,0.15591065235,0.637030461343,0.146124458729,0.719903808565,0.631530713373,75.0000017305,74.9999969932
0.719974743855,0.15645108952,0.637069886505,0.146635434897,0.719903808565,0.631530713373,75.0000017305,74.9999969932
0.719976426373,0.15699141461,0.637109457316,0.147146350103,0.719903808565,0.631530713373,75.0000017305,74.9999969932
0.719978131118,0.157531626777,0.637149173779,0.147657204321,0.719903808565,0.631530713373,75.0000017305,74.9999969932
0.719979858475,0.158071724601,0.637189035895,0.148167997521,0.719903808565,0.631530713373,75.0000017305,74.9999969932
0.719981608706,0.158611707224,0.637229043668,0.148678729667,0.719903808565,0.631530713373,75.0000017305,74.9999969932
0.719983381949,0.159151574366,0.637269197158,0.149189400468,0.719903808565,0.631530713373,75.0000017305,74.9999969932
0.719985178339,0.159691325748,0.637309496726,0.149700008367,0.719903808565,0.631530713373,75.0000017305,74.9999969932
0.719986998016,0.160230961087,0.637349942671,0.150210552076,0.719903808565,0.631530713373,75.0000017305,74.9999969932
0.719988841117,0.160770480099,0.637390534994,0.15072103158,0.719903808565,0.631530713373,75.0000017305,74.9999969932
0.71999070778,0.161309882498,0.637431273697,0.15123144686,0.719903808565,0.631530713373,75.0000017305,74.9999969932
0.719992598143,0.161849167996,0.637472158782,0.15174179789,0.719903808565,0.631530713373,75.0000017305,74.9999969932
0.719994512345,0.162388336303,0.63751319025,0.152252084645,0.719903808565,0.631530713373,75.0000017305,74.9999969932
0.719996450527,0.162927387129,0.637554368104,0.152762307092,0.719903808565,0.631530713373,75.0000017305,74.9999969932
0.719998412827,0.163466320179,0.637595692344,0.153272465198,0.719903808565,0.631530713373,75.0000017305,74.9999969932
0.720000399386,0.16400513516,0.637637162973,0.153782558924,0.719903808565,0.631530713373,75.0000017305,74.9999969932
0.720002410344,0.164543831775,0.637678779992,0.154292588229,0.719903808565,0.631530713373,75.0000017305,74.9999969932
0.720004445842,0.165082409726,0.637720543403,0.154802553067,0.719903808565,0.631530713373,75.0000017305,74.9999969932
0.720006506147,0.165620868163,0.637762453503,0.155312452168,0.719903808565,0.631530713373,75.0000017305,74.9999969932
0.720008591649,0.16615920572,0.637804510651,0.155822284038,0.719903808565,0.631530713373,75.0000017305,74.9999969932
0.720010702609,0.166697421588,0.637846714905,0.156332048413,0.719903808565,0.631530713373,75.0000017305,74.9999969932
0.720012839171,0.167235515481,0.637889066265,0.156841745265,0.719903808565,0.631530713373,75.0000017305,74.9999969932
0.720015001477,0.167773487113,0.637931564732,0.157351374559,0.719903808565,0.631530713373,75.0000017305,74.9999969932
0.72001718967,0.168311336195,0.637974210308,0.157860936259,0.719903808565,0.631530713373,75.0000017305,74.9999969932
0.720019403895,0.168849062436,0.638017002992,0.158370430325,0.719903808565,0.631530713373,75.0000017305,74.9999969932
0.720021644295,0.169386665545,0.638059942786,0.158879856712,0.719903808565,0.631530713373,75.0000017305,74.9999969932
0.720023911014,0.169924145227,0.63810302969,0.159389215374,0.719903808565,0.631530713373,75.0000017305,74.9999969932
0.720026204198,0.170461501186,0.638146263705,0.159898506259,0.719903808565,0.631530713373,75.0000017305,74.9999969932
0.72002852399,0.170998733126,0.638189644832,0.160407729313,0.719903808565,0.631530713373,75.0000017305,74.9999969932
0.720030870537,0.171535840746,0.638233173383,0.160916883242,0.719903808565,0.631530713373,75.0000017305,74.9999969932
0.720033243985,0.172072823748,0.638276849711,0.161425966596,0.719903808565,0.631530713373,75.0000017305,74.9999969932
0.720035644479,0.172609681828,0.638320673859,0.161934979174,0.719903808565,0.631530713373,75.0000017305,74.9999969932
0.720038072211,0.173146414492,0.638364645827,0.162443920937,0.719903808565,0.631530713373,75.0000017305,74.9999969932
0.720040527574,0.173683020419,0.638408765613,0.16295279184,0.719903808565,0.631530713373,75.0000017305,74.9999969932
0.720043010916,0.174219498486,0.638453033219,0.163461591836,0.719903808565,0.631530713373,75.0000017305,74.9999969932
0.720045522384,0.174755848401,0.638497448643,0.163970320874,0.719903808565,0.631530713373,75.0000017305,74.9999969932
0.720048062125,0.175292069871,0.638542011886,0.1644789789,0.719903808565,0.631530713373,75.0000017305,74.9999969932
0.72005063029,0.175828162604,0.638586722946,0.164987565855,0.719903808565,0.631530713373,75.0000017305,74.9999969932
0.720053227026,0.176364126302,0.638631581824,0.165496081679,0.719903808565,0.631530713373,75.0000017305,74.9999969932
0.720055852482,0.176899960668,0.638676588613,0.166004525949,0.719903808565,0.631530713373,75.0000017305,74.9999969932
0.720058506808,0.177435665402,0.638721743663,0.16651289725,0.719903808565,0.631530713373,75.0000017305,74.9999969932
0.720061190153,0.177971240205,0.638767047233,0.167021194538,0.719903808565,0.631530713373,75.0000017305,74.9999969932
0.720063902669,0.178506684773,0.638812499321,0.167529417763,0.719903808565,0.631530713373,75.0000017305,74.9999969932
0.720066644504,0.179041998802,0.638858099926,0.168037566875,0.719903808565,0.631530713373,75.0000017305,74.9999969932
0.720069415811,0.179577181988,0.638903849047,0.168545641817,0.719903808565,0.631530713373,75.0000017305,74.9999969932
0.720072216739,0.180112234021,0.638949746683,0.169053642531,0.719903808565,0.631530713373,75.0000017305,74.9999969932
0.720075047545,0.180647154182,0.638995792833,0.169561568953,0.719903808565,0.631530713373,75.0000017305,74.9999969932
0.720077908625,0.181181941186,0.639041987494,0.170069421019,0.719903808565,0.631530713373,75.0000017305,74.9999969932
0.720080800274,0.181716594171,0.639088330665,0.17057719866,0.719903808565,0.631530713373,75.0000017305,74.9999969932
0.720083722644,0.182251112841,0.639134822345,0.171084901803,0.719903808565,0.631530713373,75.0000017305,74.9999969932
0.720086675889,0.182785496897,0.639181462865,0.171592529133,0.719903808565,0.631530713373,75.0000017305,74.9999969932
0.720089660161,0.183319746038,0.639228252573,0.172100079279,0.719903808565,0.631530713373,75.0000017305,74.9999969932
0.720092675615,0.183853859961,0.639275191486,0.17260755212,0.719903808565,0.631530713373,75.0000017305,74.9999969932
0.720095722404,0.184387838365,0.6393222796,0.173114947594,0.719903808565,0.631530713373,75.0000017305,74.9999969932
0.720098800682,0.184921680942,0.639369516913,0.173622265637,0.719903808565,0.631530713373,75.0000017305,74.9999969932
0.720101910605,0.185455387387,0.639416903422,0.17412950618,0.719903808565,0.631530713373,75.0000017305,74.9999969932
0.720105052327,0.185988957391,0.639464439125,0.174636669153,0.719903808565,0.631530713373,75.0000017305,74.9999969932
0.720108226003,0.186522390644,0.63951212402,0.175143754482,0.719903808565,0.631530713373,75.0000017305,74.9999969932
0.720111431789,0.187055686836,0.639559958103,0.175650762087,0.719903808565,0.631530713373,75.0000017305,74.9999969932
0.720114669878,0.187588845509,0.639607941372,0.17615769189,0.719903808565,0.631530713373,75.0000017305,74.9999969932
0.720117940672,0.188121865411,0.639656074142,0.176664542653,0.719903808565,0.631530713373,75.0000017305,74.9999969932
0.720121244536,0.18865474544,0.63970435676,0.177171313039,0.719903808565,0.631530713373,75.0000017305,74.9999969932
0.720124581627,0.189187485295,0.639752789251,0.177678002868,0.719903808565,0.631530713373,75.0000017305,74.9999969932
0.720127952101,0.18972008467,0.639801371613,0.178184612072,0.719903808565,0.631530713373,75.0000017305,74.9999969932
0.720131356117,0.190252543261,0.639850103842,0.178691140574,0.719903808565,0.631530713373,75.0000017305,74.9999969932
0.720134793833,0.19078486076,0.639898985935,0.179197588298,0.719903808565,0.631530713373,75.0000017305,74.9999969932
0.720138265407,0.191317036858,0.639948017886,0.179703955163,0.719903808565,0.631530713373,75.0000017305,74.9999969932
0.720141770997,0.191849071247,0.639997199693,0.180210241084,0.719903808565,0.631530713373,75.0000017305,74.9999969932
0.720145310762,0.192380963613,0.640046531352,0.180716445975,0.719903808565,0.631530713373,75.0000017305,74.9999969932
0.720148884863,0.192912713644,0.640096012902,0.181222569589,0.719903808565,0.631530713373,75.0000017305,74.9999969932
0.720152493457,0.193444321026,0.640145644686,0.181728610612,0.719903808565,0.631530713373,75.0000017305,74.9999969932
0.720156136705,0.193975785442,0.640195427004,0.182234567893,0.719903808565,0.631530713373,75.0000017305,74.9999969932
0.720159814845,0.194507106283,0.64024535985,0.182740441353,0.719903808565,0.631530713373,75.0000017305,74.9999969932
0.720163528284,0.195038282327,0.640295443221,0.183246230911,0.719903808565,0.631530713373,75.0000017305,74.9999969932
0.720167277349,0.195569312647,0.640345677109,0.183751936483,0.719903808565,0.631530713373,75.0000017305,74.9999969932
0.720171062201,0.196100196937,0.640396061512,0.184257557981,0.719903808565,0.631530713373,75.0000017305,74.9999969932
0.720174883002,0.196630934886,0.640446596422,0.184763095313,0.719903808565,0.631530713373,75.0000017305,74.9999969932
0.720178739913,0.197161526183,0.640497281836,0.185268548386,0.719903808565,0.631530713373,75.0000017305,74.9999969932
0.720182633097,0.197691970516,0.640548117747,0.185773917102,0.719903808565,0.631530713373,75.0000017305,74.9999969932
0.720186562715,0.198222267571,0.640599104349,0.186279200679,0.719903808565,0.631530713373,75.0000017305,74.9999969932
0.720190528931,0.198752417031,0.640650241981,0.186784397835,0.719903808565,0.631530713373,75.0000017305,74.9999969932
0.720194531907,0.199282418581,0.640701530785,0.187289507972,0.719903808565,0.631530713373,75.0000017305,74.9999969932
0.720198571807,0.199812271902,0.640752970755,0.187794531001,0.719903808565,0.631530713373,75.0000017305,74.9999969932
0.720202648794,0.200341976674,0.640804561884,0.18829946683,0.719903808565,0.631530713373,75.0000017305,74.9999969932
0.720206763031,0.200871532575,0.640856304167,0.188804315364,0.719903808565,0.631530713373,75.0000017305,74.9999969932
0.720210914899,0.201400938513,0.640908197596,0.189309076503,0.719903808565,0.631530713373,75.0000017305,74.9999969932
0.720215104808,0.20193019329,0.640960242165,0.189813750146,0.719903808565,0.631530713373,75.0000017305,74.9999969932
0.720219332951,0.202459296491,0.641012437867,0.190318336189,0.719903808565,0.631530713373,75.0000017305,74.9999969932
0.720223599494,0.202988247801,0.641064784775,0.190822834255,0.719903808565,0.631530713373,75.0000017305,74.9999969932
0.720227904603,0.203517046904,0.641117283226,0.191327243081,0.719903808565,0.631530713373,75.0000017305,74.9999969932
0.720232248442,0.204045693483,0.641169933477,0.191831561682,0.719903808565,0.631530713373,75.0000017305,74.9999969932
0.720236631178,0.20457418722,0.641222735521,0.192335789959,0.719903808565,0.631530713373,75.0000017305,74.9999969932
0.720241052976,0.205102527795,0.64127568935,0.192839927812,0.719903808565,0.631530713373,75.0000017305,74.9999969932
0.720245514004,0.205630714888,0.641328794956,0.193343975137,0.719903808565,0.631530713373,75.0000017305,74.9999969932
0.720250014428,0.206158748174,0.641382052331,0.193847931827,0.719903808565,0.631530713373,75.0000017305,74.9999969932
0.720254554414,0.206686627331,0.641435461467,0.194351797772,0.719903808565,0.631530713373,75.0000017305,74.9999969932
0.720259134131,0.207214352033,0.641489022355,0.19485557286,0.719903808565,0.631530713373,75.0000017305,74.9999969932
0.720263753939,0.207741921281,0.641542735018,0.195359256875,0.719903808565,0.631530713373,75.0000017305,74.9999969932
0.720268414251,0.2082693339,0.641596599789,0.195862848577,0.719903808565,0.631530713373,75.0000017305,74.9999969932
0.720273115288,0.208796589398,0.641650616972,0.19636634683,0.719903808565,0.631530713373,75.0000017305,74.9999969932
0.720277857218,0.209323687453,0.641704786559,0.19686975153,0.719903808565,0.631530713373,75.0000017305,74.9999969932
0.720282640209,0.209850627747,0.64175910854,0.197373062565,0.719903808565,0.631530713373,75.0000017305,74.9999969932
0.72028746443,0.210377409958,0.641813582905,0.197876279823,0.719903808565,0.631530713373,75.0000017305,74.9999969932
0.720292330051,0.210904033762,0.641868209645,0.19837940319,0.719903808565,0.631530713373,75.0000017305,74.9999969932
0.720297237241,0.211430498835,0.64192298875,0.198882432547,0.719903808565,0.631530713373,75.0000017305,74.9999969932
0.720302186169,0.211956804851,0.64197792021,0.199385367772,0.719903808565,0.631530713373,75.0000017305,74.9999969932
0.720307177005,0.212482951483,0.642033004059,0.199888208601,0.719903808565,0.631530713373,75.0000017305,74.9999969932
0.720312209921,0.213008938403,0.642088240628,0.200390953813,0.719903808565,0.631530713373,75.0000017305,74.9999969932
0.72031728509,0.213534765262,0.642143630204,0.200893602337,0.719903808565,0.631530713373,75.0000017305,74.9999969932
0.72032240293,0.214060430905,0.642199172777,0.201396154055,0.719903808565,0.631530713373,75.0000017305,74.9999969932
0.720327563851,0.214585934198,0.642254868335,0.20189860885,0.719903808565,0.631530713373,75.0000017305,74.9999969932
0.720332768024,0.215111274819,0.642310716868,0.202400966599,0.719903808565,0.631530713373,75.0000017305,74.9999969932
0.720338015622,0.215636452443,0.642366718364,0.202903227178,0.719903808565,0.631530713373,75.0000017305,74.9999969932
0.720343306817,0.216161466746,0.642422872812,0.203405390461,0.719903808565,0.631530713373,75.0000017305,74.9999969932
0.720348641779,0.216686317401,0.6424791802,0.203907456316,0.719903808565,0.631530713373,75.0000017305,74.9999969932
0.720354020681,0.217211004079,0.642535640631,0.204409424249,0.719903808565,0.631530713373,75.0000017305,74.9999969932
0.720359443697,0.217735526452,0.642592254433,0.204911293062,0.719903808565,0.631530713373,75.0000017305,74.9999969932
0.720364910998,0.218259884188,0.64264902182,0.205413061919,0.719903808565,0.631530713373,75.0000017305,74.9999969932
0.720370422757,0.218784076956,0.642705942778,0.205914730697,0.719903808565,0.631530713373,75.0000017305,74.9999969932
0.720375979148,0.219308104423,0.642763017296,0.206416299267,0.719903808565,0.631530713373,75.0000017305,74.9999969932
0.720381580476,0.219831965818,0.642820245359,0.206917767499,0.719903808565,0.631530713373,75.0000017305,74.9999969932
0.720387227162,0.220355660005,0.642877626956,0.207419135258,0.719903808565,0.631530713373,75.0000017305,74.9999969932
0.720392919491,0.22087918629,0.642935162072,0.207920402408,0.719903808565,0.631530713373,75.0000017305,74.9999969932
0.720398657637,0.221402544344,0.642992850694,0.20842156881,0.719903808565,0.631530713373,75.0000017305,74.9999969932
0.720404441775,0.221925733838,0.643050693048,0.208922633583,0.719903808565,0.631530713373,75.0000017305,74.9999969932
0.72041027208,0.222448754442,0.643108689459,0.209423595549,0.719903808565,0.631530713373,75.0000017305,74.9999969932
0.720416148727,0.222971605824,0.643166840013,0.209924454268,0.719903808565,0.631530713373,75.0000017305,74.9999969932
0.720422071889,0.22349428765,0.643225144694,0.210425209604,0.719903808565,0.631530713373,75.0000017305,74.9999969932
0.720428041743,0.224016799587,0.643283603489,0.210925861421,0.719903808565,0.631530713373,75.0000017305,74.9999969932
0.720434058465,0.224539141299,0.643342216381,0.211426409578,0.719903808565,0.631530713373,75.0000017305,74.9999969932
0.720440122229,0.225061312449,0.643400983357,0.21192685393,0.719903808565,0.631530713373,75.0000017305,74.9999969932
0.720446233292,0.225583312441,0.643459904401,0.212427194333,0.719903808565,0.631530713373,75.0000017305,74.9999969932
0.720452392076,0.226105140156,0.643518979573,0.212927430408,0.719903808565,0.631530713373,75.0000017305,74.9999969932
0.720458598922,0.226626794735,0.643578209196,0.213427560987,0.719903808565,0.631530713373,75.0000017305,74.9999969932
0.720464854006,0.227148275846,0.643637593515,0.213927585137,0.719903808565,0.631530713373,75.0000017305,74.9999969932
0.720471157506,0.227669583157,0.643697132513,0.214427502717,0.719903808565,0.631530713373,75.0000017305,74.9999969932
0.720477509598,0.228190716333,0.643756826175,0.214927313581,0.719903808565,0.631530713373,75.0000017305,74.9999969932
0.720483910459,0.228711675037,0.643816674484,0.215427017582,0.719903808565,0.631530713373,75.0000017305,74.9999969932
0.720490360268,0.229232458933,0.643876677423,0.215926614569,0.719903808565,0.631530713373,75.0000017305,74.9999969932
0.720496859201,0.229753067683,0.643936834975,0.216426104389,0.719903808565,0.631530713373,75.0000017305,74.9999969932
0.720503407437,0.230273500946,0.643997147122,0.216925486885,0.719903808565,0.631530713373,75.0000017305,74.9999969932
0.720510005152,0.230793758383,0.644057614144,0.217424761023,0.719903808565,0.631530713373,75.0000017305,74.9999969932
0.720516652614,0.231313839378,0.644118236359,0.21792392565,0.719903808565,0.631530713373,75.0000017305,74.9999969932
0.720523350246,0.231833742824,0.644179013789,0.218422980502,0.719903808565,0.631530713373,75.0000017305,74.9999969932
0.720530098384,0.232353467898,0.644239946416,0.218921925425,0.719903808565,0.631530713373,75.0000017305,74.9999969932
0.720536897207,0.232873014262,0.64430103422,0.219420760264,0.719903808565,0.631530713373,75.0000017305,74.9999969932
0.720543746894,0.233392381579,0.644362277183,0.219919484861,0.719903808565,0.631530713373,75.0000017305,74.9999969932
0.720550647624,0.23391156951,0.644423675287,0.220418099056,0.719903808565,0.631530713373,75.0000017305,74.9999969932
0.720557599576,0.234430577715,0.644485228511,0.220916602686,0.719903808565,0.631530713373,75.0000017305,74.9999969932
0.720564602931,0.234949405853,0.644546937061,0.22141499493,0.719903808565,0.631530713373,75.0000017305,74.9999969932
0.720571657867,0.235468053582,0.644608801254,0.221913274652,0.719903808565,0.631530713373,75.0000017305,74.9999969932
0.720578764564,0.235986520557,0.644670821177,0.222411441372,0.719903808565,0.631530713373,75.0000017305,74.9999969932
0.720585923203,0.236504806436,0.644732996812,0.222909494931,0.719903808565,0.631530713373,75.0000017305,74.9999969932
0.720593134114,0.237022910413,0.644795328137,0.223407435167,0.719903808565,0.631530713373,75.0000017305,74.9999969932
0.720600397723,0.2375408314,0.644857815132,0.223905261913,0.719903808565,0.631530713373,75.0000017305,74.9999969932
0.720607714305,0.238058568768,0.644920457776,0.224402975001,0.719903808565,0.631530713373,75.0000017305,74.9999969932
0.720615084041,0.238576122177,0.644983256048,0.224900574262,0.719903808565,0.631530713373,75.0000017305,74.9999969932
0.720622507113,0.239093491285,0.64504621012,0.225398058963,0.719903808565,0.631530713373,75.0000017305,74.9999969932
0.7206299837,0.239610675749,0.645109320305,0.225895427981,0.719903808565,0.631530713373,75.0000017305,74.9999969932
0.720637513985,0.240127675224,0.64517258672,0.226392680751,0.719903808565,0.631530713373,75.0000017305,74.9999969932
0.720645098149,0.240644489366,0.645236009341,0.226889817106,0.719903808565,0.631530713373,75.0000017305,74.9999969932
0.720652736373,0.241161117828,0.645299588147,0.227386836875,0.719903808565,0.631530713373,75.0000017305,74.9999969932
0.720660428839,0.241677560262,0.645363323114,0.227883739885,0.719903808565,0.631530713373,75.0000017305,74.9999969932
0.720668175747,0.242193816264,0.645427214219,0.22838052596,0.719903808565,0.631530713373,75.0000017305,74.9999969932
0.720675977525,0.242709884756,0.645491261439,0.228877194922,0.719903808565,0.631530713373,75.0000017305,74.9999969932
0.720683834581,0.243225764718,0.645555464954,0.229373746016,0.719903808565,0.631530713373,75.0000017305,74.9999969932
0.720691747099,0.243741455807,0.645619825073,0.229870178128,0.719903808565,0.631530713373,75.0000017305,74.9999969932
0.720699715259,0.244256957679,0.645684341899,0.230366490724,0.719903808565,0.631530713373,75.0000017305,74.9999969932
0.720707739246,0.244772269985,0.645749015408,0.230862683627,0.719903808565,0.631530713373,75.0000017305,74.9999969932
0.720715819241,0.245287392381,0.645813845575,0.231358756659,0.719903808565,0.631530713373,75.0000017305,74.9999969932
0.720723955429,0.245802324516,0.645878832375,0.231854709638,0.719903808565,0.631530713373,75.0000017305,74.9999969932
0.72073214799,0.246317066042,0.645943975783,0.232350542381,0.719903808565,0.631530713373,75.0000017305,74.9999969932
0.72074039711,0.246831616607,0.646009275772,0.232846254701,0.719903808565,0.631530713373,75.0000017305,74.9999969932
0.72074870297,0.24734597586,0.646074732567,0.23334184572,0.719903808565,0.631530713373,75.0000017305,74.9999969932
0.720757065934,0.247860142926,0.646140346471,0.233837314336,0.719903808565,0.631530713373,75.0000017305,74.9999969932
0.72076548643,0.248374116741,0.646206117541,0.234332660139,0.719903808565,0.631530713373,75.0000017305,74.9999969932
0.720773964709,0.248887896766,0.64627204575,0.234827882948,0.719903808565,0.631530713373,75.0000017305,74.9999969932
0.720782500953,0.249401482653,0.646338131069,0.235322982573,0.719903808565,0.631530713373,75.0000017305,74.9999969932
0.720791095348,0.249914874051,0.646404373472,0.235817958827,0.719903808565,0.631530713373,75.0000017305,74.9999969932
0.720799748077,0.250428070612,0.646470772931,0.236312811518,0.719903808565,0.631530713373,75.0000017305,74.9999969932
0.720808459323,0.250941071983,0.646537329417,0.236807540451,0.719903808565,0.631530713373,75.0000017305,74.9999969932
0.720817229272,0.251453877811,0.646604043232,0.237302144534,0.719903808565,0.631530713373,75.0000017305,74.9999969932
0.720826058108,0.251966487743,0.646670914676,0.237796622676,0.719903808565,0.631530713373,75.0000017305,74.9999969932
0.720834946014,0.252478901423,0.646737943722,0.238290974685,0.719903808565,0.631530713373,75.0000017305,74.9999969932
0.720843893315,0.2529911181,0.64680513034,0.238785200369,0.719903808565,0.631530713373,75.0000017305,74.9999969932
0.72085290044,0.253503136719,0.646872474501,0.239279299532,0.719903808565,0.631530713373,75.0000017305,74.9999969932
0.720861967681,0.254014956628,0.646939976174,0.239773271977,0.719903808565,0.631530713373,75.0000017305,74.9999969932
0.720871095223,0.254526577474,0.647007635329,0.240267117504,0.719903808565,0.631530713373,75.0000017305,74.9999969932
0.72088028325,0.255037998904,0.647075452048,0.240760835611,0.719903808565,0.631530713373,75.0000017305,74.9999969932
0.720889531949,0.255549220566,0.647143426628,0.241254425213,0.719903808565,0.631530713373,75.0000017305,74.9999969932
0.720898841502,0.256060242103,0.647211559256,0.24174788553,0.719903808565,0.631530713373,75.0000017305,74.9999969932
0.720908212097,0.256571063161,0.647279849899,0.242241216364,0.719903808565,0.631530713373,75.0000017305,74.9999969932
0.720917643919,0.257081683382,0.647348298525,0.242734417515,0.719903808565,0.631530713373,75.0000017305,74.9999969932
0.720927137151,0.257592102407,0.647416905103,0.243227488779,0.719903808565,0.631530713373,75.0000017305,74.9999969932
0.720936692121,0.258102319488,0.647485669599,0.24372042995,0.719903808565,0.631530713373,75.0000017305,74.9999969932
0.720946309258,0.258612333582,0.647554591981,0.244213240821,0.719903808565,0.631530713373,75.0000017305,74.9999969932
0.720955988855,0.259122144038,0.647623672471,0.244705920507,0.719903808565,0.631530713373,75.0000017305,74.9999969932
0.720965731096,0.259631750503,0.647692911363,0.245198467935,0.719903808565,0.631530713373,75.0000017305,74.9999969932
0.720975536168,0.26014115262,0.647762308695,0.245690882707,0.719903808565,0.631530713373,75.0000017305,74.9999969932
0.720985404257,0.260650350032,0.647831864433,0.246183164617,0.719903808565,0.631530713373,75.0000017305,74.9999969932
0.720995335549,0.26115934238,0.647901578542,0.246675313456,0.719903808565,0.631530713373,75.0000017305,74.9999969932
0.721005330229,0.261668129306,0.647971450988,0.247167329012,0.719903808565,0.631530713373,75.0000017305,74.9999969932
0.721015388483,0.26217671045,0.648041481736,0.247659211071,0.719903808565,0.631530713373,75.0000017305,74.9999969932
0.721025510498,0.26268508545,0.648111670849,0.248150959157,0.719903808565,0.631530713373,75.0000017305,74.9999969932
0.721035696638,0.263193253454,0.648182018618,0.248642572204,0.719903808565,0.631530713373,75.0000017305,74.9999969932
0.721045947336,0.263701213429,0.648252525233,0.249134049406,0.719903808565,0.631530713373,75.0000017305,74.9999969932
0.721056262844,0.264208964836,0.648323190658,0.249625390551,0.719903808565,0.631530713373,75.0000017305,74.9999969932
0.721066643349,0.264716507316,0.648394014855,0.250116595424,0.719903808565,0.631530713373,75.0000017305,74.9999969932
0.721077089036,0.26522384051,0.648464997788,0.250607663807,0.719903808565,0.631530713373,75.0000017305,74.9999969932
0.721087600093,0.265730964057,0.648536139419,0.25109859548,0.719903808565,0.631530713373,75.0000017305,74.9999969932
0.721098176706,0.266237877596,0.648607439709,0.251589390221,0.719903808565,0.631530713373,75.0000017305,74.9999969932
0.721108819061,0.266744580765,0.648678898918,0.252080047041,0.719903808565,0.631530713373,75.0000017305,74.9999969932
0.721119527345,0.2672510732,0.648750517333,0.25257056488,0.719903808565,0.631530713373,75.0000017305,74.9999969932
0.721130301753,0.267757354514,0.648822294942,0.25306094345,0.719903808565,0.631530713373,75.0000017305,74.9999969932
0.721141142716,0.268263423681,0.648894231704,0.25355118253,0.719903808565,0.631530713373,75.0000017305,74.9999969932
0.721152050659,0.268769279704,0.648966327581,0.254041281895,0.719903808565,0.631530713373,75.0000017305,74.9999969932
0.721163025768,0.26927492222,0.649038582532,0.254531241321,0.719903808565,0.631530713373,75.0000017305,74.9999969932
0.721174068231,0.269780350868,0.649110996516,0.255021060578,0.719903808565,0.631530713373,75.0000017305,74.9999969932
0.721185178233,0.270285565287,0.649183569689,0.255510738936,0.719903808565,0.631530713373,75.0000017305,74.9999969932
0.721196355961,0.270790565111,0.649256302335,0.256000275344,0.719903808565,0.631530713373,75.0000017305,74.9999969932
0.721207601603,0.271295349976,0.649329194537,0.256489669254,0.719903808565,0.631530713373,75.0000017305,74.9999969932
0.721218915345,0.271799919517,0.649402246254,0.256978920438,0.719903808565,0.631530713373,75.0000017305,74.9999969932
0.721230297373,0.272304273367,0.649475457443,0.257468028667,0.719903808565,0.631530713373,75.0000017305,74.9999969932
0.721241747992,0.272808410848,0.649548828061,0.257956993708,0.719903808565,0.631530713373,75.0000017305,74.9999969932
0.721253267634,0.273312330945,0.649622358065,0.258445815328,0.719903808565,0.631530713373,75.0000017305,74.9999969932
0.721264856614,0.273816032956,0.649696047532,0.258934492985,0.719903808565,0.631530713373,75.0000017305,74.9999969932
0.721276515119,0.274319516517,0.649769896739,0.259423025642,0.719903808565,0.631530713373,75.0000017305,74.9999969932
0.721288243336,0.274822781263,0.64984390584,0.259911412567,0.719903808565,0.631530713373,75.0000017305,74.9999969932
0.721300041451,0.275325826829,0.649918074789,0.260399653526,0.719903808565,0.631530713373,75.0000017305,74.9999969932
0.721311909651,0.275828652846,0.649992403542,0.260887748282,0.719903808565,0.631530713373,75.0000017305,74.9999969932
0.721323848124,0.276331258948,0.650066892052,0.261375696599,0.719903808565,0.631530713373,75.0000017305,74.9999969932
0.721335857055,0.276833644765,0.650141540274,0.261863498234,0.719903808565,0.631530713373,75.0000017305,74.9999969932
0.721347936644,0.277335809895,0.650216348232,0.262351152771,0.719903808565,0.631530713373,75.0000017305,74.9999969932
0.721360087324,0.277837753331,0.650291316197,0.262838659179,0.719903808565,0.631530713373,75.0000017305,74.9999969932
0.721372309513,0.2783394741,0.650366444368,0.263326016607,0.719903808565,0.631530713373,75.0000017305,74.9999969932
0.721384603398,0.278840971837,0.650441732698,0.263813224814,0.719903808565,0.631530713373,75.0000017305,74.9999969932
0.721396969167,0.279342246172,0.650517181139,0.264300283558,0.719903808565,0.631530713373,75.0000017305,74.9999969932
0.721409407005,0.279843296739,0.650592789642,0.264787192594,0.719903808565,0.631530713373,75.0000017305,74.9999969932
0.721421917101,0.280344123169,0.650668558158,0.265273951676,0.719903808565,0.631530713373,75.0000017305,74.9999969932
0.721434499639,0.28084472509,0.650744486681,0.265760560449,0.719903808565,0.631530713373,75.0000017305,74.9999969932
0.721447154807,0.281345102133,0.650820575477,0.266247017888,0.719903808565,0.631530713373,75.0000017305,74.9999969932
0.721459882791,0.281845253925,0.650896824771,0.266733323079,0.719903808565,0.631530713373,75.0000017305,74.9999969932
0.72147268396,0.282345179629,0.650973234511,0.267219475773,0.719903808565,0.631530713373,75.0000017305,74.9999969932
0.721485558742,0.282844878252,0.651049804646,0.267705475724,0.719903808565,0.631530713373,75.0000017305,74.9999969932
0.721498507388,0.283344349267,0.651126535125,0.268191322679,0.719903808565,0.631530713373,75.0000017305,74.9999969932
0.721511530082,0.283843592303,0.651203425896,0.268677016385,0.719903808565,0.631530713373,75.0000017305,74.9999969932
0.721524627012,0.284342606991,0.651280476943,0.269162556499,0.719903808565,0.631530713373,75.0000017305,74.9999969932
0.721537798364,0.284841392958,0.651357688528,0.269647942,0.719903808565,0.631530713373,75.0000017305,74.9999969932
0.721551044323,0.285339949834,0.651435060879,0.270133171963,0.719903808565,0.631530713373,75.0000017305,74.9999969932
0.721564365076,0.285838277244,0.65151259394,0.270618246135,0.719903808565,0.631530713373,75.0000017305,74.9999969932
0.721577760809,0.286336374815,0.651590287657,0.271103164261,0.719903808565,0.631530713373,75.0000017305,74.9999969932
0.721591231842,0.286834241834,0.651668141976,0.271587926083,0.719903808565,0.631530713373,75.0000017305,74.9999969932
0.721604778602,0.28733187732,0.651746156841,0.272072531342,0.719903808565,0.631530713373,75.0000017305,74.9999969932
0.721618401383,0.28782928063,0.651824332249,0.272556979654,0.719903808565,0.631530713373,75.0000017305,74.9999969932
0.72163210037,0.288326451394,0.651902668457,0.273041270005,0.719903808565,0.631530713373,75.0000017305,74.9999969932
0.72164587575,0.288823389239,0.651981165674,0.273525401508,0.719903808565,0.631530713373,75.0000017305,74.9999969932
0.721659727707,0.28932009379,0.652059823841,0.274009373903,0.719903808565,0.631530713373,75.0000017305,74.9999969932
0.721673656427,0.289816564674,0.652138642902,0.274493186929,0.719903808565,0.631530713373,75.0000017305,74.9999969932
0.721687662096,0.290312801515,0.652217622798,0.274976840321,0.719903808565,0.631530713373,75.0000017305,74.9999969932
0.721701744898,0.290808803937,0.652296763471,0.275460333816,0.719903808565,0.631530713373,75.0000017305,74.9999969932
0.721715905134,0.29130457128,0.652376064948,0.275943666944,0.719903808565,0.631530713373,75.0000017305,74.9999969932
0.721730143229,0.291800102569,0.652455527482,0.276426838697,0.719903808565,0.631530713373,75.0000017305,74.9999969932
0.721744459496,0.292295397116,0.652535151243,0.27690984827,0.719903808565,0.631530713373,75.0000017305,74.9999969932
0.72175885412,0.292790454547,0.65261493617,0.277392695397,0.719903808565,0.631530713373,75.0000017305,74.9999969932
0.721773327287,0.293285274486,0.652694882203,0.27787537981,0.719903808565,0.631530713373,75.0000017305,74.9999969932
0.72178787918,0.293779856557,0.65277498928,0.278357901241,0.719903808565,0.631530713373,75.0000017305,74.9999969932
0.721802509983,0.294274200385,0.65285525734,0.278840259416,0.719903808565,0.631530713373,75.0000017305,74.9999969932
0.721817219883,0.294768305592,0.652935686457,0.279322453743,0.719903808565,0.631530713373,75.0000017305,74.9999969932
0.721832009062,0.2952621718,0.653016276881,0.279804483218,0.719903808565,0.631530713373,75.0000017305,74.9999969932
0.721846877823,0.295755798338,0.653097028726,0.28028634716,0.719903808565,0.631530713373,75.0000017305,74.9999969932
0.721861826594,0.29624918424,0.653177941926,0.280768045297,0.719903808565,0.631530713373,75.0000017305,74.9999969932
0.721876855679,0.296742328831,0.653259016419,0.281249577355,0.719903808565,0.631530713373,75.0000017305,74.9999969932
0.721891965263,0.297235231734,0.65334025214,0.281730943058,0.719903808565,0.631530713373,75.0000017305,74.9999969932
0.72190715553,0.297727892573,0.653421649023,0.282212142128,0.719903808565,0.631530713373,75.0000017305,74.9999969932
0.721922426663,0.29822031097,0.653503207209,0.282693173809,0.719903808565,0.631530713373,75.0000017305,74.9999969932
0.721937778845,0.298712486546,0.653584926943,0.283174037103,0.719903808565,0.631530713373,75.0000017305,74.9999969932
0.72195321226,0.299204418923,0.653666808264,0.283654731489,0.719903808565,0.631530713373,75.0000017305,74.9999969932
0.72196872709,0.299696107719,0.653748851106,0.284135256689,0.719903808565,0.631530713373,75.0000017305,74.9999969932
0.721984323666,0.300187552199,0.6538310554,0.284615612422,0.719903808565,0.631530713373,75.0000017305,74.9999969932
0.722000002413,0.300678751402,0.653913421079,0.285095798407,0.719903808565,0.631530713373,75.0000017305,74.9999969932
0.722015763606,0.301169704726,0.653995948073,0.285575814359,0.719903808565,0.631530713373,75.0000017305,74.9999969932
0.72203160743,0.301660411791,0.654078636606,0.286055659327,0.719903808565,0.631530713373,75.0000017305,74.9999969932
0.722047534065,0.302150872218,0.654161486917,0.286535332316,0.719903808565,0.631530713373,75.0000017305,74.9999969932
0.722063543694,0.302641085628,0.654244498956,0.287014833002,0.719903808565,0.631530713373,75.0000017305,74.9999969932
0.722079636499,0.303131051639,0.654327672653,0.287494161098,0.719903808565,0.631530713373,75.0000017305,74.9999969932
0.722095812662,0.303620769872,0.654411007935,0.287973316319,0.719903808565,0.631530713373,75.0000017305,74.9999969932
0.722112072364,0.304110239943,0.654494504731,0.288452298377,0.719903808565,0.631530713373,75.0000017305,74.9999969932
0.722128415985,0.304599461001,0.654578163052,0.288931106792,0.719903808565,0.631530713373,75.0000017305,74.9999969932
0.722144843947,0.305088432092,0.654661983135,0.289409740575,0.719903808565,0.631530713373,75.0000017305,74.9999969932
0.722161356475,0.305577152733,0.654745965132,0.289888198924,0.719903808565,0.631530713373,75.0000017305,74.9999969932
0.72217795375,0.306065622544,0.65483010897,0.29036648155,0.719903808565,0.631530713373,75.0000017305,74.9999969932
0.722194635953,0.306553841145,0.654914414574,0.290844588163,0.719903808565,0.631530713373,75.0000017305,74.9999969932
0.722211403264,0.307041808152,0.654998881869,0.29132251847,0.719903808565,0.631530713373,75.0000017305,74.9999969932
0.722228255864,0.307529523185,0.655083510781,0.291800272177,0.719903808565,0.631530713373,75.0000017305,74.9999969932
0.722245193933,0.308016985859,0.655168301432,0.292277848539,0.719903808565,0.631530713373,75.0000017305,74.9999969932
0.722262217678,0.308504195726,0.655253254054,0.292755246571,0.719903808565,0.631530713373,75.0000017305,74.9999969932
0.72227932752,0.308991151837,0.65533836868,0.293232465735,0.719903808565,0.631530713373,75.0000017305,74.9999969932
0.722296523852,0.309477853311,0.65542364523,0.293709505736,0.719903808565,0.631530713373,75.0000017305,74.9999969932
0.722313806855,0.309964299766,0.655509083628,0.294186366278,0.719903808565,0.631530713373,75.0000017305,74.9999969932
0.722331176706,0.31045049082,0.655594683794,0.294663047062,0.719903808565,0.631530713373,75.0000017305,74.9999969932
0.722348633586,0.31093642609,0.655680445672,0.295139547735,0.719903808565,0.631530713373,75.0000017305,74.9999969932
0.722366177671,0.311422105193,0.65576636949,0.295615867315,0.719903808565,0.631530713373,75.0000017305,74.9999969932
0.722383809142,0.311907527745,0.655852455451,0.29609200487,0.719903808565,0.631530713373,75.0000017305,74.9999969932
0.722401528176,0.31239269336,0.655938703474,0.296567960103,0.719903808565,0.631530713373,75.0000017305,74.9999969932
0.722419335069,0.312877601379,0.656025113478,0.297043732711,0.719903808565,0.631530713373,75.0000017305,74.9999969932
0.722437230241,0.313362250859,0.65611168538,0.297519322392,0.719903808565,0.631530713373,75.0000017305,74.9999969932
0.722455213992,0.313846641135,0.656198419098,0.297994728842,0.719903808565,0.631530713373,75.0000017305,74.9999969932
0.722473286499,0.314330771825,0.656285314717,0.298469951383,0.719903808565,0.631530713373,75.0000017305,74.9999969932
0.722491447939,0.314814642544,0.65637237246,0.298944989036,0.719903808565,0.631530713373,75.0000017305,74.9999969932
0.722509698489,0.315298252908,0.656459592379,0.299419841194,0.719903808565,0.631530713373,75.0000017305,74.9999969932
0.722528038325,0.315781602531,0.65654697439,0.299894507552,0.719903808565,0.631530713373,75.0000017305,74.9999969932
0.722546467623,0.316264691029,0.656634518406,0.300368987803,0.719903808565,0.631530713373,75.0000017305,74.9999969932
0.72256498656,0.316747518013,0.656722224343,0.300843281637,0.719903808565,0.631530713373,75.0000017305,74.9999969932
0.722583595539,0.317230082576,0.656810092134,0.3013173887,0.719903808565,0.631530713373,75.0000017305,74.9999969932
0.722602294979,0.317712383783,0.656898121996,0.301791308013,0.719903808565,0.631530713373,75.0000017305,74.9999969932
0.722621085065,0.318194421221,0.656986314127,0.302265038649,0.719903808565,0.631530713373,75.0000017305,74.9999969932
0.722639965973,0.318676194507,0.657074668437,0.302738580297,0.719903808565,0.631530713373,75.0000017305,74.9999969932
0.722658937879,0.319157703254,0.657163184838,0.303211932647,0.719903808565,0.631530713373,75.0000017305,74.9999969932
0.722678000955,0.319638947076,0.657251863239,0.303685095385,0.719903808565,0.631530713373,75.0000017305,74.9999969932
0.722697155376,0.320119925587,0.657340703551,0.304158068197,0.719903808565,0.631530713373,75.0000017305,74.9999969932
0.722716401316,0.3206006384,0.657429705874,0.304630850353,0.719903808565,0.631530713373,75.0000017305,74.9999969932
0.722735739064,0.321081084864,0.65751887042,0.30510344088,0.719903808565,0.631530713373,75.0000017305,74.9999969932
0.722755169035,0.321561264052,0.657608197211,0.305575839222,0.719903808565,0.631530713373,75.0000017305,74.9999969932
0.722774691526,0.322041175295,0.657697686153,0.306048045062,0.719903808565,0.631530713373,75.0000017305,74.9999969932
0.722794306711,0.322520818208,0.657787337153,0.306520058085,0.719903808565,0.631530713373,75.0000017305,74.9999969932
0.722814014761,0.323000192405,0.657877150116,0.30699187797,0.719903808565,0.631530713373,75.0000017305,74.9999969932
0.722833815848,0.323479297498,0.657967125019,0.307463504248,0.719903808565,0.631530713373,75.0000017305,74.9999969932
0.722853710145,0.3239581331,0.65805726207,0.307934935948,0.719903808565,0.631530713373,75.0000017305,74.9999969932
0.722873697823,0.324436698823,0.658147561405,0.308406172253,0.719903808565,0.631530713373,75.0000017305,74.9999969932
0.722893779072,0.324914994233,0.658238022928,0.308877212844,0.719903808565,0.631530713373,75.0000017305,74.9999969932
0.722913954305,0.325393018407,0.658328646541,0.3093480574,0.719903808565,0.631530713373,75.0000017305,74.9999969932
0.722934223912,0.325870770466,0.658419432148,0.309818705597,0.719903808565,0.631530713373,75.0000017305,74.9999969932
0.722954588064,0.326348250024,0.658510379649,0.310289157112,0.719903808565,0.631530713373,75.0000017305,74.9999969932
0.72297504693,0.326825456693,0.658601489209,0.310759411058,0.719903808565,0.631530713373,75.0000017305,74.9999969932
0.722995600681,0.327302390085,0.658692761032,0.311229466469,0.719903808565,0.631530713373,75.0000017305,74.9999969932
0.723016249485,0.327779049813,0.658784195054,0.311699322943,0.719903808565,0.631530713373,75.0000017305,74.9999969932
0.723036993512,0.328255435487,0.658875791176,0.312168980153,0.719903808565,0.631530713373,75.0000017305,74.9999969932
0.723057832928,0.328731546718,0.658967549294,0.312638437773,0.719903808565,0.631530713373,75.0000017305,74.9999969932
0.723078768084,0.329207382719,0.659059469307,0.313107695473,0.719903808565,0.631530713373,75.0000017305,74.9999969932
0.723099799388,0.329682942572,0.659151551279,0.313576752574,0.719903808565,0.631530713373,75.0000017305,74.9999969932
0.723120927067,0.330158225758,0.659243795407,0.314045608113,0.719903808565,0.631530713373,75.0000017305,74.9999969932
0.723142151288,0.330633231891,0.659336201722,0.314514261479,0.719903808565,0.631530713373,75.0000017305,74.9999969932
0.723163472218,0.33110796058,0.659428770119,0.314982712342,0.719903808565,0.631530713373,75.0000017305,74.9999969932
0.723184890024,0.331582411437,0.659521500492,0.315450960373,0.719903808565,0.631530713373,75.0000017305,74.9999969932
0.723206404871,0.332056584074,0.659614392734,0.315919005238,0.719903808565,0.631530713373,75.0000017305,74.9999969932
0.723228016924,0.332530478098,0.65970744682,0.316386846435,0.719903808565,0.631530713373,75.0000017305,74.9999969932
0.723249726466,0.333004092868,0.659800662943,0.316854483003,0.719903808565,0.631530713373,75.0000017305,74.9999969932
0.723271533901,0.333477427471,0.659894041213,0.317321914153,0.719903808565,0.631530713373,75.0000017305,74.9999969932
0.723293439519,0.33395048125,0.659987581522,0.317789139552,0.719903808565,0.631530713373,75.0000017305,74.9999969932
0.723315443483,0.334423253817,0.66008128376,0.318256158865,0.719903808565,0.631530713373,75.0000017305,74.9999969932
0.723337545957,0.334895744781,0.660175147817,0.318722971756,0.719903808565,0.631530713373,75.0000017305,74.9999969932
0.723359747104,0.335367953753,0.660269173587,0.319189577874,0.719903808565,0.631530713373,75.0000017305,74.9999969932
0.723382047088,0.335839880344,0.660363361259,0.319655976261,0.719903808565,0.631530713373,75.0000017305,74.9999969932
0.723404446071,0.336311524163,0.660457711014,0.320122165974,0.719903808565,0.631530713373,75.0000017305,74.9999969932
0.723426944281,0.336782884675,0.660552222738,0.320588146678,0.719903808565,0.631530713373,75.0000017305,74.9999969932
0.723449542121,0.337253960975,0.660646896317,0.321053918033,0.719903808565,0.631530713373,75.0000017305,74.9999969932
0.723472239925,0.337724752301,0.660741731637,0.321519479699,0.719903808565,0.631530713373,75.0000017305,74.9999969932
0.723495037854,0.338195258263,0.660836728582,0.321984831336,0.719903808565,0.631530713373,75.0000017305,74.9999969932
0.723517936068,0.338665478472,0.660931887279,0.322449972105,0.719903808565,0.631530713373,75.0000017305,74.9999969932
0.723540934729,0.339135412538,0.661027207908,0.322914901053,0.719903808565,0.631530713373,75.0000017305,74.9999969932
0.723564033996,0.33960506007,0.66112269041,0.323379617723,0.719903808565,0.631530713373,75.0000017305,74.9999969932
0.723587234027,0.340074420678,0.661218334666,0.323844121772,0.719903808565,0.631530713373,75.0000017305,74.9999969932
0.723610535012,0.340543493904,0.661314140559,0.324308412856,0.719903808565,0.631530713373,75.0000017305,74.9999969932
0.72363393735,0.341012278849,0.661410107968,0.324772490629,0.719903808565,0.631530713373,75.0000017305,74.9999969932
0.723657441407,0.341480774678,0.66150623696,0.325236354367,0.719903808565,0.631530713373,75.0000017305,74.9999969932
0.723681047341,0.341948981001,0.661602527712,0.325700003119,0.719903808565,0.631530713373,75.0000017305,74.9999969932
0.723704755309,0.342416897429,0.661698980212,0.326163436313,0.719903808565,0.631530713373,75.0000017305,74.9999969932
0.723728565469,0.342884523571,0.661795594339,0.326626653605,0.719903808565,0.631530713373,75.0000017305,74.9999969932
0.723752477975,0.343351859037,0.661892369969,0.327089654646,0.719903808565,0.631530713373,75.0000017305,74.9999969932
0.723776492984,0.343818903435,0.661989306979,0.327552439087,0.719903808565,0.631530713373,75.0000017305,74.9999969932
0.723800610659,0.344285656356,0.662086405386,0.328015006295,0.719903808565,0.631530713373,75.0000017305,74.9999969932
0.723824831394,0.344752116906,0.662183665358,0.328477355324,0.719903808565,0.631530713373,75.0000017305,74.9999969932
0.723849155574,0.345218284209,0.662281086925,0.328939485512,0.719903808565,0.631530713373,75.0000017305,74.9999969932
0.723873583355,0.345684157873,0.662378669961,0.32940139651,0.719903808565,0.631530713373,75.0000017305,74.9999969932
0.723898114889,0.34614973751,0.662476414337,0.329863087967,0.719903808565,0.631530713373,75.0000017305,74.9999969932
0.72392275033,0.346615022728,0.662574319927,0.33032455953,0.719903808565,0.631530713373,75.0000017305,74.9999969932
0.723947489829,0.347080013136,0.662672386703,0.330785810638,0.719903808565,0.631530713373,75.0000017305,74.9999969932
0.723972333539,0.347544708344,0.662770614827,0.331246840357,0.719903808565,0.631530713373,75.0000017305,74.9999969932
0.723997281611,0.348009107958,0.662869004356,0.331707647958,0.719903808565,0.631530713373,75.0000017305,74.9999969932
0.724022334433,0.348473211095,0.662967555159,0.332168233089,0.719903808565,0.631530713373,75.0000017305,74.9999969932
0.724047492395,0.348937016867,0.663066267103,0.332628595395,0.719903808565,0.631530713373,75.0000017305,74.9999969932
0.724072755649,0.349400524879,0.663165140056,0.333088734519,0.719903808565,0.631530713373,75.0000017305,74.9999969932
0.724098124344,0.349863734741,0.663264173961,0.333548649953,0.719903808565,0.631530713373,75.0000017305,74.9999969932
0.724123598629,0.350326646062,0.663363368973,0.334008340763,0.719903808565,0.631530713373,75.0000017305,74.9999969932
0.724149178654,0.350789258452,0.66346272517,0.334467806172,0.719903808565,0.631530713373,75.0000017305,74.9999969932
0.724174864565,0.351251571518,0.663562242416,0.334927045821,0.719903808565,0.631530713373,75.0000017305,74.9999969932
0.724200656511,0.351713584869,0.663661920574,0.335386059354,0.719903808565,0.631530713373,75.0000017305,74.9999969932
0.724226554874,0.352175297627,0.663761759508,0.33584484641,0.719903808565,0.631530713373,75.0000017305,74.9999969932
0.724252560038,0.352636708912,0.663861759137,0.336303406515,0.719903808565,0.631530713373,75.0000017305,74.9999969932
0.72427867215,0.353097818334,0.66396191961,0.336761738737,0.719903808565,0.631530713373,75.0000017305,74.9999969932
0.724304891355,0.353558625503,0.664062241019,0.337219842264,0.719903808565,0.631530713373,75.0000017305,74.9999969932
0.724331217797,0.354019130028,0.664162723222,0.337677716735,0.719903808565,0.631530713373,75.0000017305,74.9999969932
0.724357651622,0.354479331518,0.664263366079,0.338135361788,0.719903808565,0.631530713373,75.0000017305,74.9999969932
0.724384192972,0.354939229582,0.664364169448,0.338592777061,0.719903808565,0.631530713373,75.0000017305,74.9999969932
0.724410842003,0.355398823802,0.664465133233,0.339049962097,0.719903808565,0.631530713373,75.0000017305,74.9999969932
0.724437599093,0.35585811331,0.664566257578,0.339506915968,0.719903808565,0.631530713373,75.0000017305,74.9999969932
0.724464464603,0.356317097265,0.664667542579,0.339963637841,0.719903808565,0.631530713373,75.0000017305,74.9999969932
0.724491438677,0.356775775276,0.66476898809,0.340420127352,0.719903808565,0.631530713373,75.0000017305,74.9999969932
0.724518521455,0.357234146953,0.664870593965,0.340876384138,0.719903808565,0.631530713373,75.0000017305,74.9999969932
0.724545713077,0.357692211907,0.664972360057,0.341332407832,0.719903808565,0.631530713373,75.0000017305,74.9999969932
0.724573013683,0.358149969745,0.665074286265,0.341788197979,0.719903808565,0.631530713373,75.0000017305,74.9999969932
0.724600423413,0.358607420077,0.665176372725,0.342243753655,0.719903808565,0.631530713373,75.0000017305,74.9999969932
0.724627942441,0.359064562438,0.66527861953,0.342699074023,0.719903808565,0.631530713373,75.0000017305,74.9999969932
0.724655571139,0.359521395967,0.66538102653,0.343154158717,0.719903808565,0.631530713373,75.0000017305,74.9999969932
0.724683309841,0.359977919874,0.665483593574,0.343609007369,0.719903808565,0.631530713373,75.0000017305,74.9999969932
0.724711158685,0.36043413377,0.665586320511,0.344063619608,0.719903808565,0.631530713373,75.0000017305,74.9999969932
0.724739117807,0.360890037265,0.665689207237,0.344517994972,0.719903808565,0.631530713373,75.0000017305,74.9999969932
0.724767187343,0.361345629968,0.665792253883,0.344972132536,0.719903808565,0.631530713373,75.0000017305,74.9999969932
0.724795367429,0.36180091149,0.665895460534,0.345426031476,0.719903808565,0.631530713373,75.0000017305,74.9999969932
0.724823658198,0.362255881438,0.665998827032,0.34587969142,0.719903808565,0.631530713373,75.0000017305,74.9999969932
0.724852059853,0.362710539284,0.666102353223,0.346333111998,0.719903808565,0.631530713373,75.0000017305,74.9999969932
0.724880572761,0.363164884172,0.666206038951,0.346786292837,0.719903808565,0.631530713373,75.0000017305,74.9999969932
0.724909197219,0.363618915383,0.666309884117,0.34723923345,0.719903808565,0.631530713373,75.0000017305,74.9999969932
0.724937933359,0.364072632529,0.666413888847,0.347691932917,0.719903808565,0.631530713373,75.0000017305,74.9999969932
0.724966781312,0.36452603522,0.666518053207,0.348144390434,0.719903808565,0.631530713373,75.0000017305,74.9999969932
0.72499574121,0.364979123066,0.666622377037,0.348596605628,0.719903808565,0.631530713373,75.0000017305,74.9999969932
0.725024813182,0.365431895677,0.666726860177,0.349048578125,0.719903808565,0.631530713373,75.0000017305,74.9999969932
0.725053997358,0.365884352662,0.666831502464,0.34950030755,0.719903808565,0.631530713373,75.0000017305,74.9999969932
0.725083293979,0.36633649341,0.666936303813,0.34995179338,0.719903808565,0.631530713373,75.0000017305,74.9999969932
0.725112703405,0.366788317071,0.667041264344,0.350403034697,0.719903808565,0.631530713373,75.0000017305,74.9999969932
0.725142225886,0.367239823016,0.6671463841,0.350854030734,0.719903808565,0.631530713373,75.0000017305,74.9999969932
0.725171861548,0.367691010856,0.667251662914,0.351304781114,0.719903808565,0.631530713373,75.0000017305,74.9999969932
0.725201610518,0.368141880201,0.667357100622,0.35175528546,0.719903808565,0.631530713373,75.0000017305,74.9999969932
0.725231472922,0.368592430663,0.667462697057,0.352205543395,0.719903808565,0.631530713373,75.0000017305,74.9999969932
0.725261448884,0.369042661852,0.66756845215,0.352655554347,0.719903808565,0.631530713373,75.0000017305,74.9999969932
0.72529153853,0.369492573377,0.667674366017,0.353105317404,0.719903808565,0.631530713373,75.0000017305,74.9999969932
0.725321742146,0.369942164531,0.66778043867,0.353554831843,0.719903808565,0.631530713373,75.0000017305,74.9999969932
0.725352060085,0.370391434469,0.667886669937,0.354004097286,0.719903808565,0.631530713373,75.0000017305,74.9999969932
0.725382492542,0.370840382665,0.667993059649,0.354453113353,0.719903808565,0.631530713373,75.0000017305,74.9999969932
0.725413039637,0.371289008733,0.668099607633,0.354901879662,0.719903808565,0.631530713373,75.0000017305,74.9999969932
0.725443701492,0.371737312284,0.668206313846,0.355350395587,0.719903808565,0.631530713373,75.0000017305,74.9999969932
0.725474478227,0.372185292928,0.668313178396,0.355798660217,0.719903808565,0.631530713373,75.0000017305,74.9999969932
0.725505369962,0.372632950277,0.668420201259,0.356246672888,0.719903808565,0.631530713373,75.0000017305,74.9999969932
0.725536376815,0.373080283942,0.668527382261,0.356694433216,0.719903808565,0.631530713373,75.0000017305,74.9999969932
0.725567499127,0.373527293102,0.668634721223,0.357141940821,0.719903808565,0.631530713373,75.0000017305,74.9999969932
0.725598737248,0.37397397692,0.66874221797,0.357589195317,0.719903808565,0.631530713373,75.0000017305,74.9999969932
0.725630091303,0.374420334989,0.668849872487,0.358036196013,0.719903808565,0.631530713373,75.0000017305,74.9999969932
0.725661561409,0.374866366922,0.668957684876,0.358482942001,0.719903808565,0.631530713373,75.0000017305,74.9999969932
0.725693147682,0.375312072332,0.669065655072,0.358929432681,0.719903808565,0.631530713373,75.0000017305,74.9999969932
0.725724850236,0.375757450829,0.669173782895,0.35937566767,0.719903808565,0.631530713373,75.0000017305,74.9999969932
0.725756669186,0.376202502027,0.669282068163,0.359821646582,0.719903808565,0.631530713373,75.0000017305,74.9999969932
0.725788604702,0.376647225426,0.669390510691,0.360267369031,0.719903808565,0.631530713373,75.0000017305,74.9999969932
0.725820657129,0.377091620193,0.669499110503,0.360712834249,0.719903808565,0.631530713373,75.0000017305,74.9999969932
0.72585282675,0.377535685607,0.669607867693,0.361158041333,0.719903808565,0.631530713373,75.0000017305,74.9999969932
0.725885113679,0.377979421283,0.66971678215,0.361602989757,0.719903808565,0.631530713373,75.0000017305,74.9999969932
0.725917518024,0.378422826833,0.669825853686,0.362047679136,0.719903808565,0.631530713373,75.0000017305,74.9999969932
0.725950039897,0.378865901872,0.669935082116,0.362492109081,0.719903808565,0.631530713373,75.0000017305,74.9999969932
0.725982679405,0.379308646012,0.67004446725,0.362936279205,0.719903808565,0.631530713373,75.0000017305,74.9999969932
0.726015436657,0.379751058866,0.670154009149,0.363380188657,0.719903808565,0.631530713373,75.0000017305,74.9999969932
0.726048311893,0.380193139794,0.670263707902,0.363823836534,0.719903808565,0.631530713373,75.0000017305,74.9999969932
0.72608130545,0.38063488797,0.670373563346,0.364267222397,0.719903808565,0.631530713373,75.0000017305,74.9999969932
0.726114417531,0.381076302821,0.670483575288,0.364710345857,0.719903808565,0.631530713373,75.0000017305,74.9999969932
0.726147648243,0.381517383963,0.670593743536,0.365153206524,0.719903808565,0.631530713373,75.0000017305,74.9999969932
0.726180997689,0.38195813101,0.670704067919,0.365595803966,0.719903808565,0.631530713373,75.0000017305,74.9999969932
0.726214465974,0.382398543577,0.670814548519,0.366038137282,0.719903808565,0.631530713373,75.0000017305,74.9999969932
0.7262480532,0.382838621277,0.670925185395,0.366480205617,0.719903808565,0.631530713373,75.0000017305,74.9999969932
0.726281759469,0.383278363725,0.67103597835,0.366922008579,0.719903808565,0.631530713373,75.0000017305,74.9999969932
0.726315585096,0.38371777013,0.671146927187,0.367363545777,0.719903808565,0.631530713373,75.0000017305,74.9999969932
0.726349530412,0.384156839672,0.671258031707,0.36780481682,0.719903808565,0.631530713373,75.0000017305,74.9999969932
0.726383595532,0.384595571939,0.671369291788,0.368245821172,0.719903808565,0.631530713373,75.0000017305,74.9999969932
0.726417780555,0.385033966545,0.671480707506,0.368686557938,0.719903808565,0.631530713373,75.0000017305,74.9999969932
0.72645208558,0.385472023107,0.671592278858,0.369127026362,0.719903808565,0.631530713373,75.0000017305,74.9999969932
0.726486510703,0.385909741241,0.671704005642,0.369567226054,0.719903808565,0.631530713373,75.0000017305,74.9999969932
0.726521056022,0.386347120561,0.671815887653,0.370007156619,0.719903808565,0.631530713373,75.0000017305,74.9999969932
0.726555721705,0.386784160548,0.671927924689,0.370446817664,0.719903808565,0.631530713373,75.0000017305,74.9999969932
0.726590508075,0.387220860387,0.67204011668,0.370886208545,0.719903808565,0.631530713373,75.0000017305,74.9999969932
0.726625415384,0.387657219403,0.672152463696,0.371325328369,0.719903808565,0.631530713373,75.0000017305,74.9999969932
0.726660443724,0.388093237211,0.672264965667,0.371764176492,0.719903808565,0.631530713373,75.0000017305,74.9999969932
0.726695593188,0.388528913431,0.672377622385,0.37220275252,0.719903808565,0.631530713373,75.0000017305,74.9999969932
0.726730863867,0.388964247679,0.67249043364,0.372641056057,0.719903808565,0.631530713373,75.0000017305,74.9999969932
0.726766255854,0.389399239572,0.672603399224,0.373079086707,0.719903808565,0.631530713373,75.0000017305,74.9999969932
0.726801769237,0.389833888727,0.672716519124,0.373516843713,0.719903808565,0.631530713373,75.0000017305,74.9999969932
0.726837404273,0.390268194452,0.672829793403,0.373954326185,0.719903808565,0.631530713373,75.0000017305,74.9999969932
0.726873161277,0.390702155939,0.672943221921,0.374391533594,0.719903808565,0.631530713373,75.0000017305,74.9999969932
0.7269090404,0.391135772693,0.673056804465,0.374828465545,0.719903808565,0.631530713373,75.0000017305,74.9999969932
0.726945041727,0.391569044334,0.673170540818,0.37526512164,0.719903808565,0.631530713373,75.0000017305,74.9999969932
0.726981165345,0.392001970478,0.673284430766,0.375701501481,0.719903808565,0.631530713373,75.0000017305,74.9999969932
0.727017411339,0.392434550747,0.673398474358,0.376137604192,0.719903808565,0.631530713373,75.0000017305,74.9999969932
0.727053779792,0.392866784758,0.673512671648,0.376573428886,0.719903808565,0.631530713373,75.0000017305,74.9999969932
0.727090270827,0.393298672059,0.673627022424,0.377008975156,0.719903808565,0.631530713373,75.0000017305,74.9999969932
0.727126884752,0.39373021185,0.673741526465,0.377444242603,0.719903808565,0.631530713373,75.0000017305,74.9999969932
0.727163621839,0.394161403401,0.673856183551,0.377879230829,0.719903808565,0.631530713373,75.0000017305,74.9999969932
0.727200482168,0.394592246334,0.673970993525,0.378313939318,0.719903808565,0.631530713373,75.0000017305,74.9999969932
0.727237465819,0.395022740269,0.674085956434,0.378748367187,0.719903808565,0.631530713373,75.0000017305,74.9999969932
0.727274572871,0.395452884827,0.674201072263,0.379182513668,0.719903808565,0.631530713373,75.0000017305,74.9999969932
0.727311803402,0.395882679629,0.674316340785,0.379616378362,0.719903808565,0.631530713373,75.0000017305,74.9999969932
0.727349157489,0.396312124294,0.674431761775,0.380049960871,0.719903808565,0.631530713373,75.0000017305,74.9999969932
0.727386635351,0.396741218182,0.674547335005,0.380483260793,0.719903808565,0.631530713373,75.0000017305,74.9999969932
0.727424237289,0.397169960499,0.674663060385,0.380916277483,0.719903808565,0.631530713373,75.0000017305,74.9999969932
0.727461963463,0.397598350715,0.674778937955,0.381349010066,0.719903808565,0.631530713373,75.0000017305,74.9999969932
0.727499813945,0.398026388452,0.674894967613,0.38178145791,0.719903808565,0.631530713373,75.0000017305,74.9999969932
0.727537788808,0.398454073334,0.675011149129,0.382213620617,0.719903808565,0.631530713373,75.0000017305,74.9999969932
0.727575888124,0.398881404982,0.675127482271,0.382645497784,0.719903808565,0.631530713373,75.0000017305,74.9999969932
0.727614111963,0.399308383019,0.675243966804,0.38307708901,0.719903808565,0.631530713373,75.0000017305,74.9999969932
0.727652460423,0.399735007019,0.675360602708,0.383508393519,0.719903808565,0.631530713373,75.0000017305,74.9999969932
0.727690933796,0.400161276196,0.67547739001,0.383939410443,0.719903808565,0.631530713373,75.0000017305,74.9999969932
0.727729532351,0.400587189812,0.675594328526,0.384370139291,0.719903808565,0.631530713373,75.0000017305,74.9999969932
0.727768256154,0.401012747491,0.675711418018,0.384800579661,0.719903808565,0.631530713373,75.0000017305,74.9999969932
0.727807105271,0.401437948859,0.675828658248,0.38523073115,0.719903808565,0.631530713373,75.0000017305,74.9999969932
0.727846079768,0.40186279354,0.675946049005,0.385660593306,0.719903808565,0.631530713373,75.0000017305,74.9999969932
0.727885179709,0.402287281159,0.676063590309,0.386090165266,0.719903808565,0.631530713373,75.0000017305,74.9999969932
0.727924405157,0.40271141134,0.676181282156,0.386519446215,0.719903808565,0.631530713373,75.0000017305,74.9999969932
0.727963756314,0.403135183458,0.676299124302,0.38694843575,0.719903808565,0.631530713373,75.0000017305,74.9999969932
0.728003233462,0.403558596739,0.676417116503,0.387377133468,0.719903808565,0.631530713373,75.0000017305,74.9999969932
0.728042836746,0.403981650658,0.676535258515,0.387805538965,0.719903808565,0.631530713373,75.0000017305,74.9999969932
0.728082566224,0.404404344844,0.676653550201,0.388233651647,0.719903808565,0.631530713373,75.0000017305,74.9999969932
0.728122421955,0.404826678922,0.676771991576,0.388661470653,0.719903808565,0.631530713373,75.0000017305,74.9999969932
0.728162403998,0.40524865252,0.676890582544,0.389088995314,0.719903808565,0.631530713373,75.0000017305,74.9999969932
0.728202512408,0.405670265264,0.677009322857,0.389516225226,0.719903808565,0.631530713373,75.0000017305,74.9999969932
0.728242747275,0.406091516722,0.677128212265,0.389943159985,0.719903808565,0.631530713373,75.0000017305,74.9999969932
0.728283108873,0.406512406128,0.677247250515,0.390369799186,0.719903808565,0.631530713373,75.0000017305,74.9999969932
0.728323597442,0.406932932777,0.67736643755,0.390796142089,0.719903808565,0.631530713373,75.0000017305,74.9999969932
0.728364213033,0.407353096299,0.677485773377,0.391222187836,0.719903808565,0.631530713373,75.0000017305,74.9999969932
0.728404955699,0.407772896324,0.677605257808,0.391647935907,0.719903808565,0.631530713373,75.0000017305,74.9999969932
0.728445825491,0.408192332479,0.677724890588,0.392073385897,0.719903808565,0.631530713373,75.0000017305,74.9999969932
0.728486822459,0.408611404394,0.677844671461,0.392498537401,0.719903808565,0.631530713373,75.0000017305,74.9999969932
0.728527946652,0.409030111699,0.677964600188,0.392923389979,0.719903808565,0.631530713373,75.0000017305,74.9999969932
0.728569198269,0.409448453751,0.678084676772,0.393347942776,0.719903808565,0.631530713373,75.0000017305,74.9999969932
0.728610577575,0.409866429794,0.67820490119,0.393772194975,0.719903808565,0.631530713373,75.0000017305,74.9999969932
0.728652084683,0.410284039341,0.678325273184,0.394196146171,0.719903808565,0.631530713373,75.0000017305,74.9999969932
0.728693719637,0.410701282024,0.67844579249,0.394619795957,0.719903808565,0.631530713373,75.0000017305,74.9999969932
0.728735482481,0.411118157474,0.678566458845,0.395043143927,0.719903808565,0.631530713373,75.0000017305,74.9999969932
0.728777373257,0.411534665323,0.678687272095,0.395466189489,0.719903808565,0.631530713373,75.0000017305,74.9999969932
0.728819392008,0.411950805204,0.678808232233,0.395888931792,0.719903808565,0.631530713373,75.0000017305,74.9999969932
0.728861538831,0.412366576647,0.678929339141,0.396311370173,0.719903808565,0.631530713373,75.0000017305,74.9999969932
0.728903813983,0.412781978901,0.679050592553,0.396733504228,0.719903808565,0.631530713373,75.0000017305,74.9999969932
0.728946217662,0.413197011317,0.679171992199,0.39715533355,0.719903808565,0.631530713373,75.0000017305,74.9999969932
0.728988749907,0.413611673528,0.67929353781,0.397576857732,0.719903808565,0.631530713373,75.0000017305,74.9999969932
0.729031410754,0.41402596517,0.679415229315,0.397998076025,0.719903808565,0.631530713373,75.0000017305,74.9999969932
0.729074200238,0.414439885876,0.679537066698,0.398418987585,0.719903808565,0.631530713373,75.0000017305,74.9999969932
0.729117118394,0.414853435281,0.679659049746,0.398839591907,0.719903808565,0.631530713373,75.0000017305,74.9999969932
0.729160165257,0.415266613019,0.679781178184,0.399259888583,0.719903808565,0.631530713373,75.0000017305,74.9999969932
0.729203341038,0.415679418407,0.679903451736,0.399679877208,0.719903808565,0.631530713373,75.0000017305,74.9999969932
0.729246645987,0.416091850701,0.680025870162,0.400099557314,0.719903808565,0.631530713373,75.0000017305,74.9999969932
0.729290080167,0.416503909477,0.68014843344,0.400518928057,0.719903808565,0.631530713373,75.0000017305,74.9999969932
0.729333643607,0.416915594374,0.680271141513,0.400937988657,0.719903808565,0.631530713373,75.0000017305,74.9999969932
0.729377336337,0.417326905027,0.680393994101,0.401356738707,0.719903808565,0.631530713373,75.0000017305,74.9999969932
0.729421158383,0.417737841074,0.680516990922,0.4017751778,0.719903808565,0.631530713373,75.0000017305,74.9999969932
0.729465109771,0.418148402152,0.680640131696,0.402193305528,0.719903808565,0.631530713373,75.0000017305,74.9999969932
0.72950919062,0.418558587736,0.680763416268,0.402611121265,0.719903808565,0.631530713373,75.0000017305,74.9999969932
0.729553401167,0.41896839709,0.68088684461,0.403028624172,0.719903808565,0.631530713373,75.0000017305,74.9999969932
0.729597741558,0.419377829642,0.681010416561,0.403445813631,0.719903808565,0.631530713373,75.0000017305,74.9999969932
0.729642211813,0.419786885031,0.681134131835,0.403862689236,0.719903808565,0.631530713373,75.0000017305,74.9999969932
0.729686811955,0.420195562898,0.681257990143,0.404279250578,0.719903808565,0.631530713373,75.0000017305,74.9999969932
0.729731542001,0.420603862882,0.681381991199,0.404695497249,0.719903808565,0.631530713373,75.0000017305,74.9999969932
0.729776401971,0.421011784623,0.681506134936,0.405111428464,0.719903808565,0.631530713373,75.0000017305,74.9999969932
0.729821391891,0.421419327747,0.681630421318,0.405527043389,0.719903808565,0.631530713373,75.0000017305,74.9999969932
0.72986651199,0.421826491526,0.68175485008,0.405942341569,0.719903808565,0.631530713373,75.0000017305,74.9999969932
0.729911762488,0.422233275245,0.68187942093,0.406357322596,0.719903808565,0.631530713373,75.0000017305,74.9999969932
0.7299571434,0.422639678549,0.682004133573,0.406771986063,0.719903808565,0.631530713373,75.0000017305,74.9999969932
0.730002654738,0.423045701081,0.682128987782,0.407186331447,0.719903808565,0.631530713373,75.0000017305,74.9999969932
0.730048296513,0.423451342482,0.682253983513,0.407600357917,0.719903808565,0.631530713373,75.0000017305,74.9999969932
0.730094068738,0.423856602396,0.682379120652,0.40801406476,0.719903808565,0.631530713373,75.0000017305,74.9999969932
0.730139971421,0.424261480468,0.682504398899,0.408427451569,0.719903808565,0.631530713373,75.0000017305,74.9999969932
0.73018600471,0.424665976099,0.682629817954,0.408840517936,0.719903808565,0.631530713373,75.0000017305,74.9999969932
0.730232168825,0.42507008857,0.682755377517,0.409253263454,0.719903808565,0.631530713373,75.0000017305,74.9999969932
0.730278463844,0.425473817403,0.682881077451,0.409665687437,0.719903808565,0.631530713373,75.0000017305,74.9999969932
0.730324889772,0.425877162242,0.683006917704,0.410077789059,0.719903808565,0.631530713373,75.0000017305,74.9999969932
0.730371446614,0.426280122736,0.683132898056,0.410489567773,0.719903808565,0.631530713373,75.0000017305,74.9999969932
0.730418134372,0.426682698528,0.683259018199,0.410901023174,0.719903808565,0.631530713373,75.0000017305,74.9999969932
0.730464953048,0.427084889268,0.683385277827,0.411312154852,0.719903808565,0.631530713373,75.0000017305,74.9999969932
0.730511902702,0.427486694497,0.683511676648,0.411722962376,0.719903808565,0.631530713373,75.0000017305,74.9999969932
0.730558983544,0.427888113503,0.683638214602,0.412133444923,0.719903808565,0.631530713373,75.0000017305,74.9999969932
0.730606195724,0.428289145678,0.683764891611,0.412543601698,0.719903808565,0.631530713373,75.0000017305,74.9999969932
0.730653539237,0.428689790672,0.683891707365,0.412953432296,0.719903808565,0.631530713373,75.0000017305,74.9999969932
0.730701014081,0.429090048134,0.68401866155,0.413362936309,0.719903808565,0.631530713373,75.0000017305,74.9999969932
0.730748620248,0.429489917714,0.684145753852,0.413772113331,0.719903808565,0.631530713373,75.0000017305,74.9999969932
0.730796357734,0.429889399062,0.684272984072,0.414180962762,0.719903808565,0.631530713373,75.0000017305,74.9999969932
0.73084422653,0.430288491828,0.68440035214,0.414589483788,0.719903808565,0.631530713373,75.0000017305,74.9999969932
0.73089222682,0.430687195333,0.684527857873,0.414997675781,0.719903808565,0.631530713373,75.0000017305,74.9999969932
0.730940358805,0.431085508874,0.684655500952,0.415405538337,0.719903808565,0.631530713373,75.0000017305,74.9999969932
0.730988622488,0.431483432078,0.684783281055,0.415813071049,0.719903808565,0.631530713373,75.0000017305,74.9999969932
0.731037017857,0.431880964598,0.684911197863,0.41622027351,0.719903808565,0.631530713373,75.0000017305,74.9999969932
0.731085544899,0.432278106086,0.685039251268,0.41662714496,0.719903808565,0.631530713373,75.0000017305,74.9999969932
0.731134203599,0.432674856196,0.685167441194,0.417033684586,0.719903808565,0.631530713373,75.0000017305,74.9999969932
0.73118299394,0.433071214581,0.685295767346,0.417439891931,0.719903808565,0.631530713373,75.0000017305,74.9999969932
0.731231916024,0.433467180695,0.6854242294,0.417845766591,0.719903808565,0.631530713373,75.0000017305,74.9999969932
0.731280970041,0.433862753844,0.685552827027,0.418251308159,0.719903808565,0.631530713373,75.0000017305,74.9999969932
0.73133015606,0.434257933532,0.68568155997,0.418656516114,0.719903808565,0.631530713373,75.0000017305,74.9999969932
0.73137947406,0.434652719416,0.685810428145,0.419061389648,0.719903808565,0.631530713373,75.0000017305,74.9999969932
0.73142892402,0.435047111154,0.685939431396,0.419465928071,0.719903808565,0.631530713373,75.0000017305,74.9999969932
0.731478505915,0.435441108401,0.686068569391,0.419870130977,0.719903808565,0.631530713373,75.0000017305,74.9999969932
0.731528219722,0.435834710815,0.686197841796,0.420273997961,0.719903808565,0.631530713373,75.0000017305,74.9999969932
0.73157806546,0.436227917977,0.686327248279,0.420677528617,0.719903808565,0.631530713373,75.0000017305,74.9999969932
0.73162804331,0.436620729199,0.686456788672,0.421080722264,0.719903808565,0.631530713373,75.0000017305,74.9999969932
0.731678153403,0.437013143872,0.686586462881,0.421483578104,0.719903808565,0.631530713373,75.0000017305,74.9999969932
0.73172839571,0.437405161657,0.68671627064,0.421886095614,0.719903808565,0.631530713373,75.0000017305,74.9999969932
0.7317787702,0.437796782214,0.68684621161,0.42228827439,0.719903808565,0.631530713373,75.0000017305,74.9999969932
0.731829276841,0.438188005204,0.686976285451,0.422690114028,0.719903808565,0.631530713373,75.0000017305,74.9999969932
0.7318799156,0.438578830288,0.687106491849,0.423091614078,0.719903808565,0.631530713373,75.0000017305,74.9999969932
0.731930686444,0.438969257127,0.687236830699,0.423492773748,0.719903808565,0.631530713373,75.0000017305,74.9999969932
0.731981589515,0.439359285084,0.687367301867,0.423893592298,0.719903808565,0.631530713373,75.0000017305,74.9999969932
0.732032624982,0.439748913482,0.687497905006,0.424294069324,0.719903808565,0.631530713373,75.0000017305,74.9999969932
0.73208379283,0.440138141945,0.68762863977,0.424694204423,0.719903808565,0.631530713373,75.0000017305,74.9999969932
0.732135093019,0.440526970138,0.687759505812,0.425093997191,0.719903808565,0.631530713373,75.0000017305,74.9999969932
0.73218652551,0.440915397725,0.687890502911,0.425493447017,0.719903808565,0.631530713373,75.0000017305,74.9999969932
0.73223809026,0.441303424372,0.688021630953,0.425892553119,0.719903808565,0.631530713373,75.0000017305,74.9999969932
0.732289787226,0.441691049743,0.688152889694,0.426291314919,0.719903808565,0.631530713373,75.0000017305,74.9999969932
0.732341616474,0.442078273324,0.688284278781,0.426689732014,0.719903808565,0.631530713373,75.0000017305,74.9999969932
0.732393578156,0.44246509445,0.688415797862,0.427087804003,0.719903808565,0.631530713373,75.0000017305,74.9999969932
0.732445672317,0.44285151264,0.688547446581,0.427485530482,0.719903808565,0.631530713373,75.0000017305,74.9999969932
0.732497898909,0.443237527561,0.688679224809,0.427882910685,0.719903808565,0.631530713373,75.0000017305,74.9999969932
0.732550257883,0.443623138882,0.688811132422,0.428279943834,0.719903808565,0.631530713373,75.0000017305,74.9999969932
0.732602749187,0.444008346272,0.688943169069,0.428676629514,0.719903808565,0.631530713373,75.0000017305,74.9999969932
0.73265537277,0.444393149401,0.689075334392,0.429072967324,0.719903808565,0.631530713373,75.0000017305,74.9999969932
0.73270812862,0.444777547868,0.689207628029,0.429468956863,0.719903808565,0.631530713373,75.0000017305,74.9999969932
0.732761016881,0.44516154102,0.689340049709,0.429864597583,0.719903808565,0.631530713373,75.0000017305,74.9999969932
0.732814037653,0.44554512827,0.6894725993,0.430259888711,0.719903808565,0.631530713373,75.0000017305,74.9999969932
0.732867190878,0.445928309291,0.689605276582,0.430654829618,0.719903808565,0.631530713373,75.0000017305,74.9999969932
0.732920476499,0.446311083756,0.689738081186,0.431049419905,0.719903808565,0.631530713373,75.0000017305,74.9999969932
0.732973894455,0.446693451338,0.689871012747,0.431443659171,0.719903808565,0.631530713373,75.0000017305,74.9999969932
0.733027444685,0.44707541171,0.690004070896,0.431837547018,0.719903808565,0.631530713373,75.0000017305,74.9999969932
0.733081127128,0.447456964547,0.690137255451,0.432231082742,0.719903808565,0.631530713373,75.0000017305,74.9999969932
0.733134941892,0.44783810924,0.690270566275,0.432624265576,0.719903808565,0.631530713373,75.0000017305,74.9999969932
0.733188889107,0.448218845145,0.690404003036,0.433017095053,0.719903808565,0.631530713373,75.0000017305,74.9999969932
0.733242968732,0.448599171899,0.690537565362,0.433409570775,0.719903808565,0.631530713373,75.0000017305,74.9999969932
0.733297180698,0.448979089179,0.690671252877,0.433801692343,0.719903808565,0.631530713373,75.0000017305,74.9999969932
0.733351524938,0.449358596663,0.690805065263,0.434193459269,0.719903808565,0.631530713373,75.0000017305,74.9999969932
0.73340600138,0.449737694028,0.690939002371,0.434584870789,0.719903808565,0.631530713373,75.0000017305,74.9999969932
0.733460609954,0.450116380952,0.691073063998,0.434975926231,0.719903808565,0.631530713373,75.0000017305,74.9999969932
0.733515350692,0.450494656943,0.691207249763,0.435366625196,0.719903808565,0.631530713373,75.0000017305,74.9999969932
0.733570223715,0.450872521362,0.691341559286,0.435756967288,0.719903808565,0.631530713373,75.0000017305,74.9999969932
0.733625229035,0.451249973748,0.691475992185,0.43614695211,0.719903808565,0.631530713373,75.0000017305,74.9999969932
0.733680366575,0.451627013782,0.691610548229,0.436536579021,0.719903808565,0.631530713373,75.0000017305,74.9999969932
0.733735636257,0.452003641146,0.691745227262,0.436925847265,0.719903808565,0.631530713373,75.0000017305,74.9999969932
0.733791038002,0.452379855522,0.691880028974,0.437314756327,0.719903808565,0.631530713373,75.0000017305,74.9999969932
0.733846571728,0.452755656594,0.692014952977,0.437703305811,0.719903808565,0.631530713373,75.0000017305,74.9999969932
0.733902237395,0.453131043977,0.692149998884,0.438091495322,0.719903808565,0.631530713373,75.0000017305,74.9999969932
0.733958035111,0.453506017044,0.692285166326,0.43847932443,0.719903808565,0.631530713373,75.0000017305,74.9999969932
0.734013964942,0.453880575236,0.692420455139,0.438866792382,0.719903808565,0.631530713373,75.0000017305,74.9999969932
0.734070026803,0.454254718239,0.692555865136,0.439253898461,0.719903808565,0.631530713373,75.0000017305,74.9999969932
0.734126220605,0.45462844574,0.692691395923,0.439640642273,0.719903808565,0.631530713373,75.0000017305,74.9999969932
0.73418254626,0.455001757425,0.692827047107,0.440027023425,0.719903808565,0.631530713373,75.0000017305,74.9999969932
0.734239003677,0.455374652982,0.69296281829,0.440413041522,0.719903808565,0.631530713373,75.0000017305,74.9999969932
0.734295592765,0.455747132098,0.693098709194,0.440798695988,0.719903808565,0.631530713373,75.0000017305,74.9999969932
0.734352313598,0.456119194192,0.693234719645,0.441183986075,0.719903808565,0.631530713373,75.0000017305,74.9999969932
0.734409166271,0.456490838648,0.693370849351,0.441568911222,0.719903808565,0.631530713373,75.0000017305,74.9999969932
0.734466150713,0.456862065119,0.693507097911,0.441953471037,0.719903808565,0.631530713373,75.0000017305,74.9999969932
0.734523266825,0.457232873298,0.693643464922,0.44233766513,0.719903808565,0.631530713373,75.0000017305,74.9999969932
0.734580514508,0.457603262875,0.693779949982,0.442721493107,0.719903808565,0.631530713373,75.0000017305,74.9999969932
0.734637893664,0.457973233543,0.693916552897,0.443104954247,0.719903808565,0.631530713373,75.0000017305,74.9999969932
0.734695404191,0.458342784994,0.694053273484,0.44348804781,0.719903808565,0.631530713373,75.0000017305,74.9999969932
0.734753046088,0.458711916757,0.694190111349,0.443870773387,0.719903808565,0.631530713373,75.0000017305,74.9999969932
0.73481081944,0.459080628226,0.694327066082,0.444253130588,0.719903808565,0.631530713373,75.0000017305,74.9999969932
0.734868724227,0.459448918958,0.694464137273,0.444635119024,0.719903808565,0.631530713373,75.0000017305,74.9999969932
0.734926760342,0.45981678865,0.694601324594,0.445016738177,0.719903808565,0.631530713373,75.0000017305,74.9999969932
0.734984927676,0.460184236998,0.694738627854,0.445397987314,0.719903808565,0.631530713373,75.0000017305,74.9999969932
0.735043226121,0.460551263699,0.694876046779,0.445778865828,0.719903808565,0.631530713373,75.0000017305,74.9999969932
0.735101655565,0.460917868451,0.695013580954,0.44615937333,0.719903808565,0.631530713373,75.0000017305,74.9999969932
0.735160215933,0.461284050891,0.695151229963,0.446539509434,0.719903808565,0.631530713373,75.0000017305,74.9999969932
0.735218907298,0.461649810422,0.695288993389,0.446919273751,0.719903808565,0.631530713373,75.0000017305,74.9999969932
0.735277729693,0.462015146509,0.695426870987,0.447298665627,0.719903808565,0.631530713373,75.0000017305,74.9999969932
0.735336683,0.462380058851,0.695564862555,0.447677684333,0.719903808565,0.631530713373,75.0000017305,74.9999969932
0.735395767103,0.462744547152,0.69570296772,0.44805632941,0.719903808565,0.631530713373,75.0000017305,74.9999969932
0.735454981881,0.463108611113,0.695841186059,0.448434600473,0.719903808565,0.631530713373,75.0000017305,74.9999969932
0.735514327214,0.463472250437,0.695979517149,0.448812497137,0.719903808565,0.631530713373,75.0000017305,74.9999969932
0.735573802979,0.463835464826,0.696117960608,0.449190018948,0.719903808565,0.631530713373,75.0000017305,74.9999969932
0.73563340921,0.464198253735,0.696256516228,0.449567165186,0.719903808565,0.631530713373,75.0000017305,74.9999969932
0.735693145966,0.464560616578,0.696395183756,0.449943935195,0.719903808565,0.631530713373,75.0000017305,74.9999969932
0.735753013147,0.46492255302,0.696533962763,0.450320328593,0.719903808565,0.631530713373,75.0000017305,74.9999969932
0.735813010624,0.465284062767,0.696672852819,0.450696344998,0.719903808565,0.631530713373,75.0000017305,74.9999969932
0.735873138268,0.465645145527,0.696811853493,0.451071984026,0.719903808565,0.631530713373,75.0000017305,74.9999969932
0.735933395948,0.466005801007,0.696950964483,0.451447245091,0.719903808565,0.631530713373,75.0000017305,74.9999969932
0.735993783532,0.466366028916,0.697090185573,0.451822127477,0.719903808565,0.631530713373,75.0000017305,74.9999969932
0.736054300979,0.466725828819,0.69722951641,0.452196630675,0.719903808565,0.631530713373,75.0000017305,74.9999969932
0.736114948333,0.467085200139,0.697368956558,0.452570754304,0.719903808565,0.631530713373,75.0000017305,74.9999969932
0.73617572555,0.467444142446,0.69750850558,0.452944497984,0.719903808565,0.631530713373,75.0000017305,74.9999969932
0.736236632489,0.467802655453,0.69764816304,0.453317861328,0.719903808565,0.631530713373,75.0000017305,74.9999969932
0.736297669013,0.468160738873,0.69778792871,0.453690843632,0.719903808565,0.631530713373,75.0000017305,74.9999969932
0.73635883498,0.468518392417,0.697927802355,0.454063444198,0.719903808565,0.631530713373,75.0000017305,74.9999969932
0.736420130248,0.468875615801,0.698067783532,0.454435662647,0.719903808565,0.631530713373,75.0000017305,74.9999969932
0.736481554698,0.469232408698,0.698207871798,0.454807498603,0.719903808565,0.631530713373,75.0000017305,74.9999969932
0.736543108364,0.469588770544,0.698348066706,0.455178951687,0.719903808565,0.631530713373,75.0000017305,74.9999969932
0.736604791252,0.469944700817,0.698488367898,0.455550021387,0.719903808565,0.631530713373,75.0000017305,74.9999969932
0.736666603212,0.470300199234,0.698628775135,0.455920707008,0.719903808565,0.631530713373,75.0000017305,74.9999969932
0.736728544096,0.470655265515,0.698769288086,0.456291007989,0.719903808565,0.631530713373,75.0000017305,74.9999969932
0.736790613753,0.471009899377,0.698909906302,0.456660923956,0.719903808565,0.631530713373,75.0000017305,74.9999969932
0.736852812029,0.471364100539,0.699050629331,0.457030454534,0.719903808565,0.631530713373,75.0000017305,74.9999969932
0.736915138771,0.471717868722,0.699191456719,0.457399599347,0.719903808565,0.631530713373,75.0000017305,74.9999969932
0.73697759396,0.472071203434,0.699332388181,0.457768357763,0.719903808565,0.631530713373,75.0000017305,74.9999969932
0.737040177613,0.472424104125,0.699473423468,0.458136729094,0.719903808565,0.631530713373,75.0000017305,74.9999969932
0.737102889611,0.472776570457,0.69961456216,0.458504712909,0.719903808565,0.631530713373,75.0000017305,74.9999969932
0.737165729795,0.473128602152,0.699755803799,0.458872308838,0.719903808565,0.631530713373,75.0000017305,74.9999969932
0.737228698002,0.473480198936,0.699897147926,0.459239516506,0.719903808565,0.631530713373,75.0000017305,74.9999969932
0.737291794071,0.473831360533,0.700038594122,0.459606335478,0.719903808565,0.631530713373,75.0000017305,74.9999969932
0.737355017837,0.474182086669,0.70018014213,0.459972765071,0.719903808565,0.631530713373,75.0000017305,74.9999969932
0.737418369203,0.474532376964,0.700321791649,0.460338804668,0.719903808565,0.631530713373,75.0000017305,74.9999969932
0.737481848174,0.474882230878,0.700463542212,0.460704453901,0.719903808565,0.631530713373,75.0000017305,74.9999969932
0.737545454686,0.475231647977,0.700605393355,0.461069712401,0.719903808565,0.631530713373,75.0000017305,74.9999969932
0.737609188567,0.475580627992,0.700747344611,0.461434579797,0.719903808565,0.631530713373,75.0000017305,74.9999969932
0.737673049648,0.475929170651,0.700889395631,0.461799055539,0.719903808565,0.631530713373,75.0000017305,74.9999969932
0.737737037754,0.476277275687,0.701031546148,0.462163138952,0.719903808565,0.631530713373,75.0000017305,74.9999969932
0.737801152711,0.476624942829,0.701173795773,0.462526829545,0.719903808565,0.631530713373,75.0000017305,74.9999969932
0.737865394345,0.47697217181,0.701316144033,0.46289012695,0.719903808565,0.631530713373,75.0000017305,74.9999969932
0.737929762646,0.477318962099,0.701458590456,0.463253030803,0.719903808565,0.631530713373,75.0000017305,74.9999969932
0.737994257606,0.477665313169,0.701601134566,0.463615540737,0.719903808565,0.631530713373,75.0000017305,74.9999969932
0.738058879044,0.478011224756,0.701743776082,0.463977656093,0.719903808565,0.631530713373,75.0000017305,74.9999969932
0.738123626777,0.478356696595,0.701886514728,0.464339376202,0.719903808565,0.631530713373,75.0000017305,74.9999969932
0.738188500623,0.478701728424,0.702029350029,0.464700700693,0.719903808565,0.631530713373,75.0000017305,74.9999969932
0.738253500396,0.47904631998,0.702172281506,0.465061629204,0.719903808565,0.631530713373,75.0000017305,74.9999969932
0.73831862591,0.479390471,0.702315308678,0.465422161371,0.719903808565,0.631530713373,75.0000017305,74.9999969932
0.738383877077,0.479734181069,0.70245843113,0.46578229673,0.719903808565,0.631530713373,75.0000017305,74.9999969932
0.738449253875,0.48007744967,0.702601648578,0.466142034619,0.719903808565,0.631530713373,75.0000017305,74.9999969932
0.73851475618,0.480420276441,0.702744960665,0.466501374481,0.719903808565,0.631530713373,75.0000017305,74.9999969932
0.738580383799,0.480762661125,0.702888366906,0.466860315958,0.719903808565,0.631530713373,75.0000017305,74.9999969932
0.738646136538,0.481104603463,0.703031866813,0.467218858688,0.719903808565,0.631530713373,75.0000017305,74.9999969932
0.738712014202,0.4814461032,0.703175459897,0.467577002314,0.719903808565,0.631530713373,75.0000017305,74.9999969932
0.738778016593,0.481787160079,0.703319145807,0.467934746267,0.719903808565,0.631530713373,75.0000017305,74.9999969932
0.738844143545,0.4821277738,0.703462924247,0.468292089896,0.719903808565,0.631530713373,75.0000017305,74.9999969932
0.738910395019,0.482467943856,0.703606794783,0.468649032756,0.719903808565,0.631530713373,75.0000017305,74.9999969932
0.738976770951,0.482807669789,0.70375075692,0.469005574491,0.719903808565,0.631530713373,75.0000017305,74.9999969932
0.739043271136,0.483146951346,0.703894810162,0.469361714745,0.719903808565,0.631530713373,75.0000017305,74.9999969932
0.73910989537,0.483485788278,0.704038954026,0.469717453145,0.719903808565,0.631530713373,75.0000017305,74.9999969932
0.739176643447,0.483824180332,0.704183188206,0.470072789046,0.719903808565,0.631530713373,75.0000017305,74.9999969932
0.739243515159,0.484162127261,0.704327512388,0.47042772182,0.719903808565,0.631530713373,75.0000017305,74.9999969932
0.739310510298,0.484499628814,0.70447192607,0.470782251113,0.719903808565,0.631530713373,75.0000017305,74.9999969932
0.739377628774,0.48483668456,0.704616428751,0.471136376573,0.719903808565,0.631530713373,75.0000017305,74.9999969932
0.739444870536,0.485173294005,0.704761019928,0.471490097847,0.719903808565,0.631530713373,75.0000017305,74.9999969932
0.739512235411,0.485509456841,0.704905699173,0.47184341447,0.719903808565,0.631530713373,75.0000017305,74.9999969932
0.739579723184,0.485845172824,0.705050466174,0.472196325802,0.719903808565,0.631530713373,75.0000017305,74.9999969932
0.739647333639,0.486180441711,0.705195320538,0.472548831322,0.719903808565,0.631530713373,75.0000017305,74.9999969932
0.739715066556,0.486515263257,0.705340261757,0.472900930682,0.719903808565,0.631530713373,75.0000017305,74.9999969932
0.739782921717,0.48684963722,0.705485289322,0.473252623532,0.719903808565,0.631530713373,75.0000017305,74.9999969932
0.739850898947,0.487183563286,0.705630402723,0.473603909525,0.719903808565,0.631530713373,75.0000017305,74.9999969932
0.739918998183,0.487517040975,0.705775601586,0.473954788103,0.719903808565,0.631530713373,75.0000017305,74.9999969932
0.739987219311,0.487850069877,0.70592088559,0.474305258638,0.719903808565,0.631530713373,75.0000017305,74.9999969932
0.740055562106,0.488182649755,0.706066254269,0.47465532071,0.719903808565,0.631530713373,75.0000017305,74.9999969932
0.740124026339,0.48851478037,0.706211707107,0.475004973973,0.719903808565,0.631530713373,75.0000017305,74.9999969932
0.740192611783,0.488846461487,0.706357243589,0.475354218082,0.719903808565,0.631530713373,75.0000017305,74.9999969932
0.740261318207,0.489177692869,0.706502863205,0.475703052677,0.719903808565,0.631530713373,75.0000017305,74.9999969932
0.740330145378,0.48950847428,0.706648565626,0.476051477136,0.719903808565,0.631530713373,75.0000017305,74.9999969932
0.740399093193,0.489838805291,0.706794350506,0.476399490853,0.719903808565,0.631530713373,75.0000017305,74.9999969932
0.740468161573,0.490168685436,0.706940217324,0.476747093488,0.719903808565,0.631530713373,75.0000017305,74.9999969932
0.740537350306,0.49049811444,0.707086165555,0.477094284699,0.719903808565,0.631530713373,75.0000017305,74.9999969932
0.740606659155,0.490827092074,0.707232194676,0.477441064146,0.719903808565,0.631530713373,75.0000017305,74.9999969932
0.74067608788,0.491155618107,0.707378304229,0.477787431387,0.719903808565,0.631530713373,75.0000017305,74.9999969932
0.74074563624,0.49148369231,0.707524493871,0.47813338581,0.719903808565,0.631530713373,75.0000017305,74.9999969932
0.740815303993,0.491811314455,0.707670763191,0.478478926904,0.719903808565,0.631530713373,75.0000017305,74.9999969932
0.740885090946,0.492138484234,0.707817111659,0.478824054332,0.719903808565,0.631530713373,75.0000017305,74.9999969932
0.740954997005,0.492465201194,0.707963538743,0.479168767758,0.719903808565,0.631530713373,75.0000017305,74.9999969932
0.741025022025,0.492791464955,0.708110043912,0.479513066845,0.719903808565,0.631530713373,75.0000017305,74.9999969932
0.741095165756,0.493117275296,0.708256626753,0.479856951079,0.719903808565,0.631530713373,75.0000017305,74.9999969932
0.741165427948,0.493442631991,0.708403286911,0.480200419859,0.719903808565,0.631530713373,75.0000017305,74.9999969932
0.741235808348,0.49376753482,0.708550023911,0.480543472764,0.719903808565,0.631530713373,75.0000017305,74.9999969932
0.741306306703,0.494091983559,0.708696837214,0.48088610946,0.719903808565,0.631530713373,75.0000017305,74.9999969932
0.741376922759,0.494415977988,0.708843726282,0.481228329616,0.719903808565,0.631530713373,75.0000017305,74.9999969932
0.741447656382,0.494739517701,0.708990690575,0.4815701329,0.719903808565,0.631530713373,75.0000017305,74.9999969932
0.741518507464,0.495062602256,0.709137729724,0.481911518728,0.719903808565,0.631530713373,75.0000017305,74.9999969932
0.741589475771,0.495385231397,0.709284843363,0.482252486511,0.719903808565,0.631530713373,75.0000017305,74.9999969932
0.741660561041,0.495707404909,0.709432030956,0.482593035906,0.719903808565,0.631530713373,75.0000017305,74.9999969932
0.74173176301,0.496029122574,0.70957929196,0.482933166587,0.719903808565,0.631530713373,75.0000017305,74.9999969932
0.741803081416,0.49635038418,0.709726625826,0.483272878224,0.719903808565,0.631530713373,75.0000017305,74.9999969932
0.741874515992,0.496671189511,0.70987403205,0.483612170431,0.719903808565,0.631530713373,75.0000017305,74.9999969932
0.741946066514,0.496991538289,0.710021510258,0.483951042624,0.719903808565,0.631530713373,75.0000017305,74.9999969932
0.742017732859,0.497311430085,0.710169060036,0.484289494278,0.719903808565,0.631530713373,75.0000017305,74.9999969932
0.74208951486,0.497630864534,0.710316680832,0.48462752507,0.719903808565,0.631530713373,75.0000017305,74.9999969932
0.742161412243,0.497949841428,0.710464372093,0.484965134676,0.719903808565,0.631530713373,75.0000017305,74.9999969932
0.742233424736,0.498268360559,0.710612133267,0.485302322772,0.719903808565,0.631530713373,75.0000017305,74.9999969932
0.742305552063,0.498586421718,0.710759963884,0.485639088911,0.719903808565,0.631530713373,75.0000017305,74.9999969932
0.742377793947,0.498904024698,0.710907863562,0.485975432517,0.719903808565,0.631530713373,75.0000017305,74.9999969932
0.742450150111,0.499221169294,0.711055831831,0.486311353141,0.719903808565,0.631530713373,75.0000017305,74.9999969932
0.742522620379,0.499537855142,0.711203868132,0.486646850464,0.719903808565,0.631530713373,75.0000017305,74.9999969932
0.742595204615,0.499854081827,0.711351971906,0.486981924166,0.719903808565,0.631530713373,75.0000017305,74.9999969932
0.74266790257,0.500169849093,0.711500142591,0.487316573929,0.719903808565,0.631530713373,75.0000017305,74.9999969932
0.742740713961,0.500485156737,0.711648379753,0.48765079925,0.719903808565,0.631530713373,75.0000017305,74.9999969932
0.742813638501,0.50080000456,0.711796682998,0.487984599563,0.719903808565,0.631530713373,75.0000017305,74.9999969932
0.742886675903,0.501114392361,0.711945051806,0.488317974487,0.719903808565,0.631530713373,75.0000017305,74.9999969932
0.742959825878,0.501428319942,0.712093485612,0.488650923708,0.719903808565,0.631530713373,75.0000017305,74.9999969932
0.743033088156,0.501741787072,0.712241983847,0.488983446912,0.719903808565,0.631530713373,75.0000017305,74.9999969932
0.743106462587,0.502054793348,0.712390545944,0.489315543784,0.719903808565,0.631530713373,75.0000017305,74.9999969932
0.743179948991,0.502367338401,0.712539171497,0.489647213773,0.719903808565,0.631530713373,75.0000017305,74.9999969932
0.743253547074,0.502679422038,0.712687860104,0.489978456323,0.719903808565,0.631530713373,75.0000017305,74.9999969932
0.743327256539,0.502991044065,0.712836611196,0.490309271116,0.719903808565,0.631530713373,75.0000017305,74.9999969932
0.743401077087,0.50330220429,0.712985424201,0.490639657842,0.719903808565,0.631530713373,75.0000017305,74.9999969932
0.743475008418,0.503612902521,0.713134298545,0.490969616191,0.719903808565,0.631530713373,75.0000017305,74.9999969932
0.74354905023,0.503923138569,0.713283233682,0.491299145811,0.719903808565,0.631530713373,75.0000017305,74.9999969932
0.743623202295,0.504232912132,0.713432229201,0.491628246151,0.719903808565,0.631530713373,75.0000017305,74.9999969932
0.743697464444,0.504542222823,0.71358128466,0.491956916711,0.719903808565,0.631530713373,75.0000017305,74.9999969932
0.743771836432,0.504851070366,0.713730399479,0.492285157183,0.719903808565,0.631530713373,75.0000017305,74.9999969932
0.74384631795,0.505159454573,0.713879573077,0.492612967264,0.719903808565,0.631530713373,75.0000017305,74.9999969932
0.743920908689,0.505467375262,0.714028804872,0.492940346648,0.719903808565,0.631530713373,75.0000017305,74.9999969932
0.743995608338,0.505774832247,0.714178094345,0.493267294942,0.719903808565,0.631530713373,75.0000017305,74.9999969932
0.744070416584,0.506081825346,0.714327441074,0.493593811605,0.719903808565,0.631530713373,75.0000017305,74.9999969932
0.744145333114,0.506388354377,0.714476844575,0.493919896192,0.719903808565,0.631530713373,75.0000017305,74.9999969932
0.744220357732,0.50669441898,0.714626304261,0.494245548403,0.719903808565,0.631530713373,75.0000017305,74.9999969932
0.744295490253,0.507000018783,0.714775819543,0.494570767936,0.719903808565,0.631530713373,75.0000017305,74.9999969932
0.74437073037,0.507305153591,0.714925389833,0.494895554493,0.719903808565,0.631530713373,75.0000017305,74.9999969932
0.744446077762,0.507609823226,0.715075014632,0.495219907645,0.719903808565,0.631530713373,75.0000017305,74.9999969932
0.744521532108,0.507914027513,0.715224693509,0.495543826862,0.719903808565,0.631530713373,75.0000017305,74.9999969932
0.744597093083,0.508217766275,0.71537442594,0.495867311747,0.719903808565,0.631530713373,75.0000017305,74.9999969932
0.744672760363,0.508521039339,0.715524211333,0.496190362005,0.719903808565,0.631530713373,75.0000017305,74.9999969932
0.744748533653,0.508823846484,0.715674049091,0.496512977342,0.719903808565,0.631530713373,75.0000017305,74.9999969932
0.744824412755,0.509126187348,0.715823938619,0.496835157465,0.719903808565,0.631530713373,75.0000017305,74.9999969932
0.744900397436,0.509428061619,0.715973879434,0.497156901913,0.719903808565,0.631530713373,75.0000017305,74.9999969932
0.744976487365,0.509729469125,0.716123871096,0.497478210168,0.719903808565,0.631530713373,75.0000017305,74.9999969932
0.745052682209,0.5100304097,0.716273913048,0.497799081878,0.719903808565,0.631530713373,75.0000017305,74.9999969932
0.745128981633,0.510330883175,0.716424004688,0.498119516752,0.719903808565,0.631530713373,75.0000017305,74.9999969932
0.745205385302,0.510630889384,0.716574145414,0.498439514503,0.719903808565,0.631530713373,75.0000017305,74.9999969932
0.745281892879,0.510930428161,0.716724334624,0.498759074841,0.719903808565,0.631530713373,75.0000017305,74.9999969932
0.745358504092,0.511229499242,0.716874571846,0.499078197285,0.719903808565,0.631530713373,75.0000017305,74.9999969932
0.745435218727,0.511528102278,0.717024856631,0.499396881328,0.719903808565,0.631530713373,75.0000017305,74.9999969932
0.745512036501,0.511826237024,0.71717518839,0.499715126656,0.719903808565,0.631530713373,75.0000017305,74.9999969932
0.745588957068,0.512123903319,0.717325566515,0.500032932985,0.719903808565,0.631530713373,75.0000017305,74.9999969932
0.745665980084,0.512421101005,0.717475990397,0.500350300032,0.719903808565,0.631530713373,75.0000017305,74.9999969932
0.745743105202,0.512717829922,0.717626459426,0.500667227513,0.719903808565,0.631530713373,75.0000017305,74.9999969932
0.745820332072,0.513014089912,0.71777697314,0.500983714932,0.719903808565,0.631530713373,75.0000017305,74.9999969932
0.745897660346,0.513309880819,0.717927531078,0.501299761791,0.719903808565,0.631530713373,75.0000017305,74.9999969932
0.745975089771,0.513605202344,0.718078132626,0.501615367809,0.719903808565,0.631530713373,75.0000017305,74.9999969932
0.746052620116,0.513900054154,0.718228777168,0.50193053271,0.719903808565,0.631530713373,75.0000017305,74.9999969932
0.746130251049,0.514194436063,0.71837946409,0.502245256213,0.719903808565,0.631530713373,75.0000017305,74.9999969932
0.746207982215,0.514488347919,0.718530192787,0.502559538023,0.719903808565,0.631530713373,75.0000017305,74.9999969932
0.746285813255,0.514781789572,0.718680962791,0.502873377649,0.719903808565,0.631530713373,75.0000017305,74.9999969932
0.746363743811,0.515074760872,0.718831773614,0.503186774626,0.719903808565,0.631530713373,75.0000017305,74.9999969932
0.74644177352,0.51536726167,0.718982624636,0.503499728681,0.719903808565,0.631530713373,75.0000017305,74.9999969932
0.746519902026,0.515659291813,0.719133515234,0.503812239541,0.719903808565,0.631530713373,75.0000017305,74.9999969932
0.746598129083,0.515950850982,0.719284444785,0.504124306934,0.719903808565,0.631530713373,75.0000017305,74.9999969932
0.74667645444,0.516241938868,0.719435412691,0.504435930551,0.719903808565,0.631530713373,75.0000017305,74.9999969932
0.746754877728,0.516532555326,0.719586418473,0.504747109913,0.719903808565,0.631530713373,75.0000017305,74.9999969932
0.74683339858,0.516822700216,0.719737461622,0.505057844582,0.719903808565,0.631530713373,75.0000017305,74.9999969932
0.746912016624,0.517112373396,0.719888541511,0.505368134291,0.719903808565,0.631530713373,75.0000017305,74.9999969932
0.74699073149,0.517401574724,0.720039657511,0.505677978772,0.719903808565,0.631530713373,75.0000017305,74.9999969932
0.747069542804,0.517690304062,0.720190808992,0.505987377759,0.719903808565,0.631530713373,75.0000017305,74.9999969932
0.747148450218,0.517978561234,0.720341995356,0.506296330938,0.719903808565,0.631530713373,75.0000017305,74.9999969932
0.747227453469,0.518266345937,0.720493216115,0.50660483784,0.719903808565,0.631530713373,75.0000017305,74.9999969932
0.747306552268,0.518553657909,0.720644470743,0.50691289805,0.719903808565,0.631530713373,75.0000017305,74.9999969932
0.747385746235,0.518840497016,0.720795758605,0.507220511305,0.719903808565,0.631530713373,75.0000017305,74.9999969932
0.747465034989,0.519126863124,0.720947079066,0.507527677344,0.719903808565,0.631530713373,75.0000017305,74.9999969932
0.747544418148,0.519412756102,0.721098431488,0.507834395908,0.719903808565,0.631530713373,75.0000017305,74.9999969932
0.747623895327,0.519698175819,0.721249815273,0.50814066668,0.719903808565,0.631530713373,75.0000017305,74.9999969932
0.74770346614,0.519983122144,0.721401229921,0.508446489205,0.719903808565,0.631530713373,75.0000017305,74.9999969932
0.747783130244,0.520267594888,0.721552674893,0.508751863082,0.719903808565,0.631530713373,75.0000017305,74.9999969932
0.747862887358,0.520551593765,0.721704149547,0.509056788055,0.719903808565,0.631530713373,75.0000017305,74.9999969932
0.747942737162,0.520835118551,0.721855653241,0.509361263871,0.719903808565,0.631530713373,75.0000017305,74.9999969932
0.748022679263,0.521118169121,0.722007185332,0.509665290273,0.719903808565,0.631530713373,75.0000017305,74.9999969932
0.748102713269,0.521400745351,0.722158745214,0.509968866954,0.719903808565,0.631530713373,75.0000017305,74.9999969932
0.748182838783,0.521682847119,0.722310332378,0.510271993465,0.719903808565,0.631530713373,75.0000017305,74.9999969932
0.748263055411,0.521964474303,0.722461946276,0.51057466942,0.719903808565,0.631530713373,75.0000017305,74.9999969932
0.748343362753,0.522245626783,0.722613586258,0.510876894568,0.719903808565,0.631530713373,75.0000017305,74.9999969932
0.748423760464,0.522526304363,0.722765251675,0.511178668661,0.719903808565,0.631530713373,75.0000017305,74.9999969932
0.748504248251,0.522806506771,0.722916941878,0.511479991451,0.719903808565,0.631530713373,75.0000017305,74.9999969932
0.748584825767,0.52308623381,0.723068656251,0.511780862638,0.719903808565,0.631530713373,75.0000017305,74.9999969932
0.748665492607,0.523365485366,0.723220394278,0.512081281787,0.719903808565,0.631530713373,75.0000017305,74.9999969932
0.748746248366,0.523644261324,0.723372155401,0.512381248516,0.719903808565,0.631530713373,75.0000017305,74.9999969932
0.748827092636,0.523922561572,0.723523938965,0.512680762582,0.719903808565,0.631530713373,75.0000017305,74.9999969932
0.74890802501,0.524200385997,0.723675744314,0.512979823744,0.719903808565,0.631530713373,75.0000017305,74.9999969932
0.748989045077,0.524477734489,0.723827570792,0.513278431758,0.719903808565,0.631530713373,75.0000017305,74.9999969932
0.749070152483,0.524754606856,0.723979417773,0.513576586341,0.719903808565,0.631530713373,75.0000017305,74.9999969932
0.74915134692,0.525031002839,0.724131284728,0.513874287067,0.719903808565,0.631530713373,75.0000017305,74.9999969932
0.74923262802,0.525306922266,0.724283171097,0.514171533558,0.719903808565,0.631530713373,75.0000017305,74.9999969932
0.749313995366,0.525582365032,0.724435076219,0.514468325577,0.719903808565,0.631530713373,75.0000017305,74.9999969932
0.74939544854,0.525857331031,0.724586999431,0.514764662889,0.719903808565,0.631530713373,75.0000017305,74.9999969932
0.749476987124,0.526131820161,0.72473894007,0.515060545258,0.719903808565,0.631530713373,75.0000017305,74.9999969932
0.749558610696,0.52640583232,0.724890897495,0.515355972418,0.719903808565,0.631530713373,75.0000017305,74.9999969932
0.749640318835,0.526679367406,0.725042871169,0.515650943955,0.719903808565,0.631530713373,75.0000017305,74.9999969932
0.749722111173,0.526952425239,0.725194860529,0.51594545949,0.719903808565,0.631530713373,75.0000017305,74.9999969932
0.749803987386,0.527225005578,0.725346864909,0.516239518792,0.719903808565,0.631530713373,75.0000017305,74.9999969932
0.749885947089,0.527497108265,0.72549888364,0.516533121632,0.719903808565,0.631530713373,75.0000017305,74.9999969932
0.749967989854,0.527768733205,0.725650916053,0.51682626778,0.719903808565,0.631530713373,75.0000017305,74.9999969932
0.75005011525,0.528039880304,0.725802961487,0.517118956995,0.719903808565,0.631530713373,75.0000017305,74.9999969932
0.750132322847,0.528310549468,0.725955019395,0.517411188875,0.719903808565,0.631530713373,75.0000017305,74.9999969932
0.750214612212,0.528580740605,0.726107089219,0.517702963033,0.719903808565,0.631530713373,75.0000017305,74.9999969932
0.75029698291,0.528850453623,0.726259170286,0.517994279246,0.719903808565,0.631530713373,75.0000017305,74.9999969932
0.750379434557,0.529119688361,0.72641126192,0.518285137291,0.719903808565,0.631530713373,75.0000017305,74.9999969932
0.750461966811,0.529388444595,0.726563363446,0.518575536945,0.719903808565,0.631530713373,75.0000017305,74.9999969932
0.750544579277,0.529656722176,0.726715474187,0.518865477987,0.719903808565,0.631530713373,75.0000017305,74.9999969932
0.750627271515,0.529924521018,0.726867593582,0.519154960033,0.719903808565,0.631530713373,75.0000017305,74.9999969932
0.750710043081,0.530191841038,0.727019721073,0.519443982695,0.719903808565,0.631530713373,75.0000017305,74.9999969932
0.750792893534,0.530458682151,0.727171855986,0.519732545748,0.719903808565,0.631530713373,75.0000017305,74.9999969932
0.750875822429,0.530725044276,0.727323997639,0.520020648976,0.719903808565,0.631530713373,75.0000017305,74.9999969932
0.750958829318,0.530990927332,0.727476145351,0.520308292164,0.719903808565,0.631530713373,75.0000017305,74.9999969932
0.751041913797,0.53125633118,0.727628298438,0.520595475097,0.719903808565,0.631530713373,75.0000017305,74.9999969932
0.751125075508,0.531521255611,0.727780456312,0.520882197427,0.719903808565,0.631530713373,75.0000017305,74.9999969932
0.75120831405,0.531785700478,0.727932618408,0.521168458777,0.719903808565,0.631530713373,75.0000017305,74.9999969932
0.751291628972,0.532049665706,0.72808478406,0.521454258905,0.719903808565,0.631530713373,75.0000017305,74.9999969932
0.751375019818,0.53231315122,0.728236952583,0.521739597602,0.719903808565,0.631530713373,75.0000017305,74.9999969932
0.751458486134,0.532576156948,0.728389123289,0.522024474658,0.719903808565,0.631530713373,75.0000017305,74.9999969932
0.751542027464,0.532838682818,0.728541295487,0.522308889865,0.719903808565,0.631530713373,75.0000017305,74.9999969932
0.751625643349,0.533100728759,0.728693468561,0.522592842917,0.719903808565,0.631530713373,75.0000017305,74.9999969932
0.75170933336,0.533362294657,0.728845641935,0.522876333449,0.719903808565,0.631530713373,75.0000017305,74.9999969932
0.751793097137,0.533623380305,0.728997814959,0.523159361194,0.719903808565,0.631530713373,75.0000017305,74.9999969932
0.751876934283,0.533883985541,0.729149986942,0.523441925952,0.719903808565,0.631530713373,75.0000017305,74.9999969932
0.751960844334,0.534144110302,0.729302157188,0.523724027519,0.719903808565,0.631530713373,75.0000017305,74.9999969932
0.752044826824,0.534403754523,0.729454325003,0.524005665696,0.719903808565,0.631530713373,75.0000017305,74.9999969932
0.752128881287,0.534662918141,0.729606489737,0.524286840218,0.719903808565,0.631530713373,75.0000017305,74.9999969932
0.752213007253,0.534921601096,0.729758650805,0.524567550733,0.719903808565,0.631530713373,75.0000017305,74.9999969932
0.752297204253,0.535179803328,0.729910807576,0.524847796949,0.719903808565,0.631530713373,75.0000017305,74.9999969932
0.752381471827,0.535437524761,0.730062959349,0.525127578673,0.719903808565,0.631530713373,75.0000017305,74.9999969932
0.752465809596,0.535694765206,0.730215105427,0.525406895707,0.719903808565,0.631530713373,75.0000017305,74.9999969932
0.752550217167,0.535951524492,0.730367245108,0.52568574786,0.719903808565,0.631530713373,75.0000017305,74.9999969932
0.752634694064,0.536207802564,0.730519377707,0.525964134914,0.719903808565,0.631530713373,75.0000017305,74.9999969932
0.75271923981,0.53646359937,0.73067150263,0.526242056527,0.719903808565,0.631530713373,75.0000017305,74.9999969932
0.752803853926,0.536718914858,0.730823619266,0.526519512381,0.719903808565,0.631530713373,75.0000017305,74.9999969932
0.752888535932,0.536973748978,0.730975726911,0.526796502288,0.719903808565,0.631530713373,75.0000017305,74.9999969932
0.752973285345,0.537228101679,0.731127824858,0.52707302606,0.719903808565,0.631530713373,75.0000017305,74.9999969932
0.753058101683,0.537481972913,0.731279912401,0.52734908351,0.719903808565,0.631530713373,75.0000017305,74.9999969932
0.753142984538,0.537735362528,0.731431988833,0.527624674452,0.719903808565,0.631530713373,75.0000017305,74.9999969932
0.753227933509,0.537988270356,0.731584053538,0.527899798574,0.719903808565,0.631530713373,75.0000017305,74.9999969932
0.753312948122,0.538240696337,0.731736105913,0.528174455546,0.719903808565,0.631530713373,75.0000017305,74.9999969932
0.753398027886,0.53849264043,0.731888145261,0.528448645166,0.719903808565,0.631530713373,75.0000017305,74.9999969932
0.753483172311,0.538744102592,0.732040170872,0.528722367255,0.719903808565,0.631530713373,75.0000017305,74.9999969932
0.753568380906,0.538995082785,0.732192182034,0.528995621632,0.719903808565,0.631530713373,75.0000017305,74.9999969932
0.753653653177,0.539245580969,0.732344178033,0.529268408118,0.719903808565,0.631530713373,75.0000017305,74.9999969932
0.75373898863,0.539495597106,0.732496158213,0.529540726459,0.719903808565,0.631530713373,75.0000017305,74.9999969932
0.753824386812,0.5397451311,0.732648121961,0.529812576336,0.719903808565,0.631530713373,75.0000017305,74.9999969932
0.753909847307,0.539994182803,0.73280006861,0.530083957509,0.719903808565,0.631530713373,75.0000017305,74.9999969932
0.753995369652,0.540242752131,0.732951997441,0.530354869806,0.719903808565,0.631530713373,75.0000017305,74.9999969932
0.754080953346,0.540490839052,0.733103907739,0.530625313052,0.719903808565,0.631530713373,75.0000017305,74.9999969932
0.754166597887,0.540738443538,0.733255798785,0.530895287078,0.719903808565,0.631530713373,75.0000017305,74.9999969932
0.754252302772,0.540985565558,0.733407669877,0.531164791687,0.719903808565,0.631530713373,75.0000017305,74.9999969932
0.754338067497,0.541232205084,0.733559520396,0.531433826573,0.719903808565,0.631530713373,75.0000017305,74.9999969932
0.754423891554,0.541478362091,0.733711349702,0.531702391457,0.719903808565,0.631530713373,75.0000017305,74.9999969932
0.754509774449,0.541724036536,0.733863157073,0.531970486172,0.719903808565,0.631530713373,75.0000017305,74.9999969932
0.754595715747,0.541969228292,0.734014941786,0.532238110554,0.719903808565,0.631530713373,75.0000017305,74.9999969932
0.754681714999,0.542213937251,0.734166703117,0.532505264437,0.719903808565,0.631530713373,75.0000017305,74.9999969932
0.754767771693,0.542458163393,0.734318440343,0.53277194766,0.719903808565,0.631530713373,75.0000017305,74.9999969932
0.754853885316,0.542701906698,0.734470152813,0.533038159957,0.719903808565,0.631530713373,75.0000017305,74.9999969932
0.754940055352,0.542945167148,0.734621839897,0.533303901035,0.719903808565,0.631530713373,75.0000017305,74.9999969932
0.755026281287,0.543187944728,0.734773500888,0.533569170707,0.719903808565,0.631530713373,75.0000017305,74.9999969932
0.755112562602,0.543430239419,0.734925135059,0.533833968815,0.719903808565,0.631530713373,75.0000017305,74.9999969932
0.755198898781,0.543672051209,0.735076741681,0.534098295204,0.719903808565,0.631530713373,75.0000017305,74.9999969932
0.755285289349,0.543913380018,0.735228320024,0.534362149715,0.719903808565,0.631530713373,75.0000017305,74.9999969932
0.755371733853,0.54415422574,0.73537986939,0.534625532154,0.719903808565,0.631530713373,75.0000017305,74.9999969932
0.75545823179,0.54439458834,0.735531389139,0.534888442239,0.719903808565,0.631530713373,75.0000017305,74.9999969932
0.755544782635,0.544634467808,0.735682878601,0.535150879735,0.719903808565,0.631530713373,75.0000017305,74.9999969932
0.755631385863,0.544873864137,0.735834337042,0.535412844491,0.719903808565,0.631530713373,75.0000017305,74.9999969932
0.755718040946,0.545112777323,0.735985763728,0.535674336359,0.719903808565,0.631530713373,75.0000017305,74.9999969932
0.755804747355,0.545351207359,0.736137157925,0.535935355191,0.719903808565,0.631530713373,75.0000017305,74.9999969932
0.755891504563,0.545589154243,0.736288518899,0.536195900839,0.719903808565,0.631530713373,75.0000017305,74.9999969932
0.755978312049,0.545826617956,0.736439845987,0.536455973054,0.719903808565,0.631530713373,75.0000017305,74.9999969932
0.756065169344,0.54606359841,0.736591138543,0.53671557157,0.719903808565,0.631530713373,75.0000017305,74.9999969932
0.756152075967,0.546300095534,0.736742395841,0.536974696225,0.719903808565,0.631530713373,75.0000017305,74.9999969932
0.756239031382,0.546536109331,0.736893617142,0.537233346879,0.719903808565,0.631530713373,75.0000017305,74.9999969932
0.756326035052,0.546771639804,0.737044801706,0.537491523391,0.719903808565,0.631530713373,75.0000017305,74.9999969932
0.75641308644,0.547006686959,0.737195948795,0.537749225622,0.719903808565,0.631530713373,75.0000017305,74.9999969932
0.756500185006,0.547241250803,0.737347057695,0.538006453394,0.719903808565,0.631530713373,75.0000017305,74.9999969932
0.75658733021,0.547475331343,0.73749812775,0.538263206452,0.719903808565,0.631530713373,75.0000017305,74.9999969932
0.756674521511,0.547708928588,0.737649158278,0.538519484579,0.719903808565,0.631530713373,75.0000017305,74.9999969932
0.7567617584,0.5479420425,0.737800148534,0.538775287643,0.719903808565,0.631530713373,75.0000017305,74.9999969932
0.756849040394,0.548174673005,0.737951097775,0.53903061551,0.719903808565,0.631530713373,75.0000017305,74.9999969932
0.756936366975,0.548406820082,0.738102005254,0.539285468049,0.719903808565,0.631530713373,75.0000017305,74.9999969932
0.757023737593,0.548638483746,0.738252870228,0.539539845127,0.719903808565,0.631530713373,75.0000017305,74.9999969932
0.757111151701,0.548869664013,0.738403692011,0.539793746532,0.719903808565,0.631530713373,75.0000017305,74.9999969932
0.757198608747,0.549100360902,0.738554469941,0.54004717202,0.719903808565,0.631530713373,75.0000017305,74.9999969932
0.757286108183,0.54933057443,0.738705203289,0.540300121437,0.719903808565,0.631530713373,75.0000017305,74.9999969932
0.757373649454,0.54956030462,0.738855891308,0.540552594656,0.719903808565,0.631530713373,75.0000017305,74.9999969932
0.757461232008,0.54978955149,0.739006533247,0.540804591555,0.719903808565,0.631530713373,75.0000017305,74.9999969932
0.757548855337,0.550018314999,0.739157128357,0.541056112011,0.719903808565,0.631530713373,75.0000017305,74.9999969932
0.757636518941,0.550246595096,0.739307675896,0.541307155887,0.719903808565,0.631530713373,75.0000017305,74.9999969932
0.757724222268,0.550474391798,0.739458175192,0.541557722955,0.719903808565,0.631530713373,75.0000017305,74.9999969932
0.757811964757,0.550701705133,0.739608625562,0.541807813001,0.719903808565,0.631530713373,75.0000017305,74.9999969932
0.757899745849,0.550928535132,0.739759026254,0.542057425907,0.719903808565,0.631530713373,75.0000017305,74.9999969932
0.757987564982,0.551154881823,0.739909376513,0.542306561557,0.719903808565,0.631530713373,75.0000017305,74.9999969932
0.758075421593,0.551380745239,0.740059675584,0.542555219837,0.719903808565,0.631530713373,75.0000017305,74.9999969932
0.758163315118,0.551606125413,0.740209922712,0.542803400631,0.719903808565,0.631530713373,75.0000017305,74.9999969932
0.758251244998,0.55183102237,0.740360117175,0.543051103781,0.719903808565,0.631530713373,75.0000017305,74.9999969932
0.758339210718,0.552055436075,0.740510258291,0.543298329073,0.719903808565,0.631530713373,75.0000017305,74.9999969932
0.758427211758,0.552279366499,0.740660345346,0.54354507634,0.719903808565,0.631530713373,75.0000017305,74.9999969932
0.758515247548,0.552502813684,0.740810377579,0.543791345474,0.719903808565,0.631530713373,75.0000017305,74.9999969932
0.758603317516,0.55272577767,0.740960354233,0.544037136367,0.719903808565,0.631530713373,75.0000017305,74.9999969932
0.75869142109,0.552948258498,0.741110274548,0.544282448914,0.719903808565,0.631530713373,75.0000017305,74.9999969932
0.758779557698,0.553170256213,0.741260137764,0.544527283008,0.719903808565,0.631530713373,75.0000017305,74.9999969932
0.758867726765,0.553391770858,0.741409943171,0.544771638476,0.719903808565,0.631530713373,75.0000017305,74.9999969932
0.758955927716,0.553612802479,0.741559690082,0.545015515116,0.719903808565,0.631530713373,75.0000017305,74.9999969932
0.759044159985,0.553833351107,0.741709377754,0.545258912799,0.719903808565,0.631530713373,75.0000017305,74.9999969932
0.759132423041,0.554053416727,0.741859005423,0.545501831427,0.719903808565,0.631530713373,75.0000017305,74.9999969932
0.759220716341,0.554272999341,0.742008572327,0.545744270901,0.719903808565,0.631530713373,75.0000017305,74.9999969932
0.759309039302,0.554492099001,0.7421580777,0.545986231124,0.719903808565,0.631530713373,75.0000017305,74.9999969932
0.759397391342,0.554710715762,0.742307520778,0.546227712,0.719903808565,0.631530713373,75.0000017305,74.9999969932
0.759485771878,0.554928849678,0.742456900869,0.546468713336,0.719903808565,0.631530713373,75.0000017305,74.9999969932
0.759574180326,0.555146500805,0.742606217283,0.546709234932,0.719903808565,0.631530713373,75.0000017305,74.9999969932
0.7596626161,0.555363669201,0.742755469258,0.546949276691,0.719903808565,0.631530713373,75.0000017305,74.9999969932
0.759751078613,0.555580354923,0.742904656027,0.547188838524,0.719903808565,0.631530713373,75.0000017305,74.9999969932
0.759839567291,0.555796558016,0.74305377682,0.547427920341,0.719903808565,0.631530713373,75.0000017305,74.9999969932
0.759928081586,0.556012278481,0.743202830869,0.547666522054,0.719903808565,0.631530713373,75.0000017305,74.9999969932
0.760016620939,0.556227516341,0.743351817412,0.547904643568,0.719903808565,0.631530713373,75.0000017305,74.9999969932
0.760105184757,0.556442271661,0.743500735752,0.548142284696,0.719903808565,0.631530713373,75.0000017305,74.9999969932
0.760193772447,0.556656544509,0.743649585184,0.548379445266,0.719903808565,0.631530713373,75.0000017305,74.9999969932
0.760282383414,0.556870334952,0.743798364936,0.548616125197,0.719903808565,0.631530713373,75.0000017305,74.9999969932
0.760371017063,0.557083643058,0.743947074236,0.548852324407,0.719903808565,0.631530713373,75.0000017305,74.9999969932
0.760459672797,0.557296468899,0.74409571231,0.549088042817,0.719903808565,0.631530713373,75.0000017305,74.9999969932
0.76054835002,0.557508812545,0.744244278387,0.54932328035,0.719903808565,0.631530713373,75.0000017305,74.9999969932
0.760637048141,0.557720674059,0.744392771704,0.549558036908,0.719903808565,0.631530713373,75.0000017305,74.9999969932
0.760725766596,0.557932053464,0.744541191557,0.549792312324,0.719903808565,0.631530713373,75.0000017305,74.9999969932
0.760814504812,0.5581429508,0.744689537223,0.55002610645,0.719903808565,0.631530713373,75.0000017305,74.9999969932
0.760903262186,0.558353366145,0.744837807928,0.550259419214,0.719903808565,0.631530713373,75.0000017305,74.9999969932
0.760992038113,0.558563299578,0.744986002893,0.550492250545,0.719903808565,0.631530713373,75.0000017305,74.9999969932
0.761080831989,0.558772751181,0.745134121343,0.550724600372,0.719903808565,0.631530713373,75.0000017305,74.9999969932
0.761169643207,0.558981721036,0.745282162499,0.550956468628,0.719903808565,0.631530713373,75.0000017305,74.9999969932
0.761258471161,0.559190209226,0.745430125598,0.551187855223,0.719903808565,0.631530713373,75.0000017305,74.9999969932
0.761347315242,0.559398215835,0.745578009925,0.551418760006,0.719903808565,0.631530713373,75.0000017305,74.9999969932
0.761436174843,0.559605740947,0.745725814747,0.55164918285,0.719903808565,0.631530713373,75.0000017305,74.9999969932
0.761525049386,0.559812784607,0.745873539285,0.55187912369,0.719903808565,0.631530713373,75.0000017305,74.9999969932
0.761613938287,0.560019346863,0.746021182756,0.552108582466,0.719903808565,0.631530713373,75.0000017305,74.9999969932
0.761702840934,0.560225427808,0.746168744381,0.552337559116,0.719903808565,0.631530713373,75.0000017305,74.9999969932
0.761791756711,0.560431027534,0.746316223378,0.552566053582,0.719903808565,0.631530713373,75.0000017305,74.9999969932
0.761880685003,0.560636146136,0.746463618976,0.552794065788,0.719903808565,0.631530713373,75.0000017305,74.9999969932
0.761969625193,0.560840783708,0.746610930452,0.553021595601,0.719903808565,0.631530713373,75.0000017305,74.9999969932
0.762058576665,0.561044940348,0.746758157065,0.553248642904,0.719903808565,0.631530713373,75.0000017305,74.9999969932
0.7621475388,0.561248616153,0.746905298032,0.553475207645,0.719903808565,0.631530713373,75.0000017305,74.9999969932
0.762236510978,0.561451811222,0.747052352569,0.553701289772,0.719903808565,0.631530713373,75.0000017305,74.9999969932
0.762325492598,0.56165452563,0.747199319889,0.553926889233,0.719903808565,0.631530713373,75.0000017305,74.9999969932
0.762414483061,0.561856759448,0.747346199209,0.554152005979,0.719903808565,0.631530713373,75.0000017305,74.9999969932
0.762503481749,0.562058512773,0.747492989748,0.554376639951,0.719903808565,0.631530713373,75.0000017305,74.9999969932
0.762592488036,0.562259785712,0.747639690773,0.554600791034,0.719903808565,0.631530713373,75.0000017305,74.9999969932
0.762681501298,0.562460578372,0.747786301542,0.554824459118,0.719903808565,0.631530713373,75.0000017305,74.9999969932
0.762770520907,0.562660890861,0.747932821267,0.555047644162,0.719903808565,0.631530713373,75.0000017305,74.9999969932
0.762859546236,0.56286072329,0.748079249161,0.555270346122,0.719903808565,0.631530713373,75.0000017305,74.9999969932
0.762948576658,0.563060075768,0.748225584434,0.555492564957,0.719903808565,0.631530713373,75.0000017305,74.9999969932
0.763037611542,0.563258948409,0.748371826297,0.555714300626,0.719903808565,0.631530713373,75.0000017305,74.9999969932
0.763126650265,0.563457341317,0.748517973963,0.55593555309,0.719903808565,0.631530713373,75.0000017305,74.9999969932
0.763215692209,0.563655254588,0.748664026688,0.556156322249,0.719903808565,0.631530713373,75.0000017305,74.9999969932
0.763304736752,0.563852688326,0.748809983731,0.556376607999,0.719903808565,0.631530713373,75.0000017305,74.9999969932
0.763393783258,0.564049642651,0.748955844301,0.556596410305,0.719903808565,0.631530713373,75.0000017305,74.9999969932
0.763482831092,0.564246117683,0.749101607609,0.556815729134,0.719903808565,0.631530713373,75.0000017305,74.9999969932
0.763571879618,0.564442113545,0.749247272861,0.557034564453,0.719903808565,0.631530713373,75.0000017305,74.9999969932
0.763660928199,0.564637630358,0.749392839266,0.557252916232,0.719903808565,0.631530713373,75.0000017305,74.9999969932
0.763749976197,0.564832668248,0.749538306032,0.557470784441,0.719903808565,0.631530713373,75.0000017305,74.9999969932
0.763839022973,0.565027227339,0.749683672399,0.557688169006,0.719903808565,0.631530713373,75.0000017305,74.9999969932
0.763928067887,0.565221307757,0.749828937622,0.557905069837,0.719903808565,0.631530713373,75.0000017305,74.9999969932
0.764017110303,0.565414909626,0.749974100919,0.558121486893,0.719903808565,0.631530713373,75.0000017305,74.9999969932
0.764106149584,0.565608033068,0.750119161495,0.558337420149,0.719903808565,0.631530713373,75.0000017305,74.9999969932
0.764195185087,0.565800678216,0.750264118556,0.558552869584,0.719903808565,0.631530713373,75.0000017305,74.9999969932
0.764284216167,0.565992845201,0.750408971305,0.558767835177,0.719903808565,0.631530713373,75.0000017305,74.9999969932
0.764373242179,0.566184534161,0.750553718949,0.558982316907,0.719903808565,0.631530713373,75.0000017305,74.9999969932
0.764462262475,0.56637574523,0.750698360707,0.559196314733,0.719903808565,0.631530713373,75.0000017305,74.9999969932
0.76455127641,0.566566478547,0.750842895826,0.559409828583,0.719903808565,0.631530713373,75.0000017305,74.9999969932
0.764640283334,0.566756734249,0.750987323533,0.559622858407,0.719903808565,0.631530713373,75.0000017305,74.9999969932
0.7647292826,0.566946512476,0.75113164303,0.559835404192,0.719903808565,0.631530713373,75.0000017305,74.9999969932
0.764818273556,0.56713581337,0.751275853519,0.560047465926,0.719903808565,0.631530713373,75.0000017305,74.9999969932
0.764907255545,0.567324637084,0.751419954203,0.560259043598,0.719903808565,0.631530713373,75.0000017305,74.9999969932
0.76499622791,0.56751298377,0.751563944283,0.560470137197,0.719903808565,0.631530713373,75.0000017305,74.9999969932
0.765085189996,0.567700853574,0.75170782296,0.560680746714,0.719903808565,0.631530713373,75.0000017305,74.9999969932
0.765174141148,0.567888246646,0.751851589477,0.560890872088,0.719903808565,0.631530713373,75.0000017305,74.9999969932
0.765263080713,0.568075163133,0.751995243073,0.561100513259,0.719903808565,0.631530713373,75.0000017305,74.9999969932
0.765352008033,0.568261603187,0.752138782947,0.561309670225,0.719903808565,0.631530713373,75.0000017305,74.9999969932
0.765440922452,0.56844756696,0.752282208298,0.561518342982,0.719903808565,0.631530713373,75.0000017305,74.9999969932
0.765529823313,0.568633054603,0.752425518327,0.561726531531,0.719903808565,0.631530713373,75.0000017305,74.9999969932
0.765618709957,0.568818066271,0.752568712231,0.561934235869,0.719903808565,0.631530713373,75.0000017305,74.9999969932
0.765707581719,0.569002602129,0.75271178921,0.562141455998,0.719903808565,0.631530713373,75.0000017305,74.9999969932
0.765796437918,0.569186662361,0.752854748482,0.562348191895,0.719903808565,0.631530713373,75.0000017305,74.9999969932
0.765885277878,0.569370247144,0.752997589279,0.562554443517,0.719903808565,0.631530713373,75.0000017305,74.9999969932
0.765974100937,0.569553356639,0.753140310816,0.562760210847,0.719903808565,0.631530713373,75.0000017305,74.9999969932
0.766062906432,0.569735991009,0.753282912289,0.562965493892,0.719903808565,0.631530713373,75.0000017305,74.9999969932
0.766151693697,0.569918150418,0.753425392894,0.563170292661,0.719903808565,0.631530713373,75.0000017305,74.9999969932
0.766240462069,0.570099835028,0.75356775183,0.563374607164,0.719903808565,0.631530713373,75.0000017305,74.9999969932
0.766329210881,0.570281045008,0.753709988291,0.563578437412,0.719903808565,0.631530713373,75.0000017305,74.9999969932
0.766417939468,0.570461780522,0.753852101475,0.563781783416,0.719903808565,0.631530713373,75.0000017305,74.9999969932
0.766506647161,0.57064204174,0.753994090608,0.563984645148,0.719903808565,0.631530713373,75.0000017305,74.9999969932
0.766595333281,0.570821828848,0.754135954918,0.56418702258,0.719903808565,0.631530713373,75.0000017305,74.9999969932
0.766683997123,0.571001142064,0.754277693601,0.564388915729,0.719903808565,0.631530713373,75.0000017305,74.9999969932
0.766772637996,0.57117998159,0.754419305852,0.564590324612,0.719903808565,0.631530713373,75.0000017305,74.9999969932
0.766861255229,0.571358347602,0.754560790863,0.564791249249,0.719903808565,0.631530713373,75.0000017305,74.9999969932
0.766949848149,0.571536240274,0.754702147831,0.564991689661,0.719903808565,0.631530713373,75.0000017305,74.9999969932
0.767038416084,0.571713659785,0.754843375948,0.56519164587,0.719903808565,0.631530713373,75.0000017305,74.9999969932
0.76712695836,0.571890606314,0.754984474418,0.565391117887,0.719903808565,0.631530713373,75.0000017305,74.9999969932
0.767215474304,0.572067080039,0.755125442461,0.565590105702,0.719903808565,0.631530713373,75.0000017305,74.9999969932
0.76730396324,0.572243081142,0.755266279289,0.565788609315,0.719903808565,0.631530713373,75.0000017305,74.9999969932
0.767392424494,0.572418609804,0.755406984095,0.565986628755,0.719903808565,0.631530713373,75.0000017305,74.9999969932
0.767480857383,0.572593666219,0.755547556071,0.566184164051,0.719903808565,0.631530713373,75.0000017305,74.9999969932
0.767569261201,0.572768250609,0.755687994409,0.566381215234,0.719903808565,0.631530713373,75.0000017305,74.9999969932
0.767657635251,0.572942363187,0.755828298301,0.566577782337,0.719903808565,0.631530713373,75.0000017305,74.9999969932
0.767745978851,0.573116004145,0.755968466941,0.566773865391,0.719903808565,0.631530713373,75.0000017305,74.9999969932
0.767834291322,0.573289173673,0.756108499532,0.566969464415,0.719903808565,0.631530713373,75.0000017305,74.9999969932
0.767922571983,0.573461871961,0.756248395289,0.567164579413,0.719903808565,0.631530713373,75.0000017305,74.9999969932
0.768010820152,0.573634099203,0.756388153415,0.567359210408,0.719903808565,0.631530713373,75.0000017305,74.9999969932
0.768099035147,0.573805855593,0.7565277731,0.567553357441,0.719903808565,0.631530713373,75.0000017305,74.9999969932
0.768187216286,0.573977141327,0.756667253534,0.567747020553,0.719903808565,0.631530713373,75.0000017305,74.9999969932
0.768275362884,0.5741479566,0.756806593909,0.567940199784,0.719903808565,0.631530713373,75.0000017305,74.9999969932
0.76836347426,0.574318301609,0.756945793414,0.568132895179,0.719903808565,0.631530713373,75.0000017305,74.9999969932
0.768451549884,0.574488176345,0.75708485124,0.568325106781,0.719903808565,0.631530713373,75.0000017305,74.9999969932
0.768539589235,0.574657580789,0.75722376659,0.56851683462,0.719903808565,0.631530713373,75.0000017305,74.9999969932
0.768627591629,0.574826515138,0.757362538671,0.56870807872,0.719903808565,0.631530713373,75.0000017305,74.9999969932
0.768715556376,0.574994979603,0.757501166677,0.568898839123,0.719903808565,0.631530713373,75.0000017305,74.9999969932
0.768803482782,0.575162974397,0.757639649799,0.56908911588,0.719903808565,0.631530713373,75.0000017305,74.9999969932
0.768891370153,0.575330499731,0.757777987224,0.569278909042,0.719903808565,0.631530713373,75.0000017305,74.9999969932
0.768979217797,0.575497555819,0.757916178143,0.569468218663,0.719903808565,0.631530713373,75.0000017305,74.9999969932
0.769067025019,0.575664142877,0.758054221744,0.569657044797,0.719903808565,0.631530713373,75.0000017305,74.9999969932
0.769154791123,0.575830261121,0.758192117218,0.569845387499,0.719903808565,0.631530713373,75.0000017305,74.9999969932
0.769242515416,0.575995910768,0.75832986376,0.570033246816,0.719903808565,0.631530713373,75.0000017305,74.9999969932
0.769330197162,0.576161092088,0.75846746057,0.570220622791,0.719903808565,0.631530713373,75.0000017305,74.9999969932
0.769417835581,0.576325805415,0.75860490684,0.57040751548,0.719903808565,0.631530713373,75.0000017305,74.9999969932
0.769505429926,0.576490051034,0.758742201758,0.570593924946,0.719903808565,0.631530713373,75.0000017305,74.9999969932
0.769592979499,0.576653829168,0.758879344512,0.570779851251,0.719903808565,0.631530713373,75.0000017305,74.9999969932
0.769680483601,0.576817140043,0.75901633429,0.57096529446,0.719903808565,0.631530713373,75.0000017305,74.9999969932
0.769767941533,0.576979983885,0.75915317028,0.571150254638,0.719903808565,0.631530713373,75.0000017305,74.9999969932
0.769855352593,0.577142360921,0.75928985167,0.571334731851,0.719903808565,0.631530713373,75.0000017305,74.9999969932
0.769942716083,0.577304271378,0.759426377652,0.571518726164,0.719903808565,0.631530713373,75.0000017305,74.9999969932
0.7700300313,0.577465715487,0.759562747416,0.571702237642,0.719903808565,0.631530713373,75.0000017305,74.9999969932
0.770117297543,0.577626693478,0.759698960151,0.571885266355,0.719903808565,0.631530713373,75.0000017305,74.9999969932
0.77020451411,0.577787205582,0.759835015044,0.572067812377,0.719903808565,0.631530713373,75.0000017305,74.9999969932
0.770291680188,0.577947252181,0.759970911282,0.57224987578,0.719903808565,0.631530713373,75.0000017305,74.9999969932
0.770378794925,0.578106833706,0.760106648053,0.572431456641,0.719903808565,0.631530713373,75.0000017305,74.9999969932
0.770465857581,0.578265950443,0.760242224545,0.572612555035,0.719903808565,0.631530713373,75.0000017305,74.9999969932
0.77055286745,0.578424602628,0.760377639945,0.572793171041,0.719903808565,0.631530713373,75.0000017305,74.9999969932
0.77063982383,0.578582790498,0.760512893439,0.572973304738,0.719903808565,0.631530713373,75.0000017305,74.9999969932
0.770726726014,0.578740514293,0.76064798421,0.573152956216,0.719903808565,0.631530713373,75.0000017305,74.9999969932
0.770813573299,0.578897774252,0.76078291144,0.57333212556,0.719903808565,0.631530713373,75.0000017305,74.9999969932
0.770900364978,0.579054570615,0.760917674317,0.573510812855,0.719903808565,0.631530713373,75.0000017305,74.9999969932
0.770987100345,0.579210903626,0.761052272028,0.573689018186,0.719903808565,0.631530713373,75.0000017305,74.9999969932
0.771073778694,0.579366773526,0.761186703759,0.57386674164,0.719903808565,0.631530713373,75.0000017305,74.9999969932
0.771160399319,0.57952218056,0.761320968699,0.574043983302,0.719903808565,0.631530713373,75.0000017305,74.9999969932
0.771246961386,0.579677125142,0.761455066034,0.574220743263,0.719903808565,0.631530713373,75.0000017305,74.9999969932
0.771333464031,0.579831607724,0.761588994953,0.574397021611,0.719903808565,0.631530713373,75.0000017305,74.9999969932
0.77141990652,0.579985628592,0.761722754628,0.574572818458,0.719903808565,0.631530713373,75.0000017305,74.9999969932
0.771506288144,0.580139187993,0.76185634423,0.574748133917,0.719903808565,0.631530713373,75.0000017305,74.9999969932
0.771592608194,0.580292286178,0.761989762946,0.574922968084,0.719903808565,0.631530713373,75.0000017305,74.9999969932
0.771678865962,0.580444923397,0.762123009964,0.575097321053,0.719903808565,0.631530713373,75.0000017305,74.9999969932
0.771765060738,0.580597099903,0.76225608447,0.575271192923,0.719903808565,0.631530713373,75.0000017305,74.9999969932
0.771851191812,0.580748815949,0.762388985652,0.575444583792,0.719903808565,0.631530713373,75.0000017305,74.9999969932
0.771937258474,0.580900071789,0.762521712699,0.575617493757,0.719903808565,0.631530713373,75.0000017305,74.9999969932
0.772023260013,0.581050867679,0.762654264798,0.575789922921,0.719903808565,0.631530713373,75.0000017305,74.9999969932
0.772109195719,0.581201203875,0.762786641124,0.5759618714,0.719903808565,0.631530713373,75.0000017305,74.9999969932
0.772195064777,0.581351080773,0.76291884084,0.576133339335,0.719903808565,0.631530713373,75.0000017305,74.9999969932
0.772280866316,0.581500498844,0.763050863119,0.576304326845,0.719903808565,0.631530713373,75.0000017305,74.9999969932
0.77236659957,0.581649458419,0.76318270715,0.576474834039,0.719903808565,0.631530713373,75.0000017305,74.9999969932
0.772452263827,0.58179795976,0.763314372121,0.576644861024,0.719903808565,0.631530713373,75.0000017305,74.9999969932
0.772537858373,0.58194600313,0.76344585722,0.576814407908,0.719903808565,0.631530713373,75.0000017305,74.9999969932
0.772623382498,0.58209358879,0.763577161634,0.576983474801,0.719903808565,0.631530713373,75.0000017305,74.9999969932
0.772708835487,0.582240717005,0.763708284555,0.577152061814,0.719903808565,0.631530713373,75.0000017305,74.9999969932
0.772794216628,0.582387388042,0.763839225169,0.577320169059,0.719903808565,0.631530713373,75.0000017305,74.9999969932
0.772879525207,0.582533602167,0.763969982649,0.577487796673,0.719903808565,0.631530713373,75.0000017305,74.9999969932
0.772964760509,0.582679359647,0.764100556163,0.5776549448,0.719903808565,0.631530713373,75.0000017305,74.9999969932
0.773049921821,0.582824660751,0.764230944896,0.577821613559,0.719903808565,0.631530713373,75.0000017305,74.9999969932
0.773135008391,0.5829695058,0.764361148036,0.57798780307,0.719903808565,0.631530713373,75.0000017305,74.9999969932
0.773220019343,0.583113895277,0.764491164774,0.578153513452,0.719903808565,0.631530713373,75.0000017305,74.9999969932
0.773304953838,0.583257829622,0.764620994297,0.578318744827,0.719903808565,0.631530713373,75.0000017305,74.9999969932
0.77338981116,0.583401309106,0.764750635796,0.578483497315,0.719903808565,0.631530713373,75.0000017305,74.9999969932
0.773474590593,0.583544334004,0.764880088462,0.57864777104,0.719903808565,0.631530713373,75.0000017305,74.9999969932
0.773559291424,0.583686904591,0.76500935149,0.578811566116,0.719903808565,0.631530713373,75.0000017305,74.9999969932
0.773643912934,0.583829021145,0.765138424193,0.578974882508,0.719903808565,0.631530713373,75.0000017305,74.9999969932
0.773728454409,0.583970683942,0.765267305876,0.579137720192,0.719903808565,0.631530713373,75.0000017305,74.9999969932
0.773812915132,0.584111893262,0.765395995725,0.579300079304,0.719903808565,0.631530713373,75.0000017305,74.9999969932
0.773897294386,0.584252649385,0.765524492926,0.579461959977,0.719903808565,0.631530713373,75.0000017305,74.9999969932
0.773981591455,0.584392952591,0.765652796666,0.579623362349,0.719903808565,0.631530713373,75.0000017305,74.9999969932
0.77406580562,0.584532803165,0.765780906132,0.579784286558,0.719903808565,0.631530713373,75.0000017305,74.9999969932
0.774149936081,0.5846722015,0.765908820512,0.579944732741,0.719903808565,0.631530713373,75.0000017305,74.9999969932
0.774233981957,0.584811148097,0.766036538994,0.580104701039,0.719903808565,0.631530713373,75.0000017305,74.9999969932
0.774317942451,0.584949643347,0.766164060761,0.580264191598,0.719903808565,0.631530713373,75.0000017305,74.9999969932
0.774401816846,0.585087687534,0.766291384939,0.580423204644,0.719903808565,0.631530713373,75.0000017305,74.9999969932
0.774485604424,0.585225280948,0.766418510658,0.580581740399,0.719903808565,0.631530713373,75.0000017305,74.9999969932
0.774569304466,0.585362423876,0.766545437106,0.580739799007,0.719903808565,0.631530713373,75.0000017305,74.9999969932
0.774652916255,0.585499116608,0.766672163472,0.580897380616,0.719903808565,0.631530713373,75.0000017305,74.9999969932
0.774736439072,0.585635359436,0.766798688947,0.581054485372,0.719903808565,0.631530713373,75.0000017305,74.9999969932
0.774819872198,0.585771152651,0.766925012718,0.581211113424,0.719903808565,0.631530713373,75.0000017305,74.9999969932
0.774903214914,0.585906496548,0.767051133978,0.581367264921,0.719903808565,0.631530713373,75.0000017305,74.9999969932
0.774986466501,0.58604139142,0.767177051917,0.581522940014,0.719903808565,0.631530713373,75.0000017305,74.9999969932
0.77506962624,0.586175837563,0.767302765725,0.581678138855,0.719903808565,0.631530713373,75.0000017305,74.9999969932
0.77515269333,0.586309835382,0.767428274494,0.581832861729,0.719903808565,0.631530713373,75.0000017305,74.9999969932
0.775235666889,0.586443385389,0.767553577307,0.581987108935,0.719903808565,0.631530713373,75.0000017305,74.9999969932
0.775318546113,0.586576487994,0.767678673346,0.582140880639,0.719903808565,0.631530713373,75.0000017305,74.9999969932
0.775401330284,0.586709143496,0.767803561804,0.582294176999,0.719903808565,0.631530713373,75.0000017305,74.9999969932
0.775484018681,0.586841352196,0.767928241875,0.582446998169,0.719903808565,0.631530713373,75.0000017305,74.9999969932
0.775566610585,0.586973114395,0.768052712753,0.582599344309,0.719903808565,0.631530713373,75.0000017305,74.9999969932
0.775649105276,0.587104430397,0.768176973633,0.582751215577,0.719903808565,0.631530713373,75.0000017305,74.9999969932
0.775731502033,0.587235300506,0.76830102371,0.582902612133,0.719903808565,0.631530713373,75.0000017305,74.9999969932
0.775813800136,0.587365725027,0.768424862179,0.583053534139,0.719903808565,0.631530713373,75.0000017305,74.9999969932
0.775895998866,0.587495704268,0.768548488173,0.583203981838,0.719903808565,0.631530713373,75.0000017305,74.9999969932
0.7759780975,0.587625238535,0.768671900774,0.583353955546,0.719903808565,0.631530713373,75.0000017305,74.9999969932
0.776060095319,0.587754328137,0.768795099129,0.583503455493,0.719903808565,0.631530713373,75.0000017305,74.9999969932
0.776141991581,0.587882973413,0.768918082435,0.583652481844,0.719903808565,0.631530713373,75.0000017305,74.9999969932
0.776223785402,0.588011174888,0.769040849891,0.583801034765,0.719903808565,0.631530713373,75.0000017305,74.9999969932
0.776305475916,0.588138933066,0.769163400694,0.583949114424,0.719903808565,0.631530713373,75.0000017305,74.9999969932
0.776387062403,0.588266248259,0.769285734046,0.584096720987,0.719903808565,0.631530713373,75.0000017305,74.9999969932
0.776468544142,0.588393120781,0.769407849144,0.584243854626,0.719903808565,0.631530713373,75.0000017305,74.9999969932
0.776549920413,0.588519550946,0.76952974519,0.584390515508,0.719903808565,0.631530713373,75.0000017305,74.9999969932
0.776631190494,0.588645539071,0.769651421385,0.584536703807,0.719903808565,0.631530713373,75.0000017305,74.9999969932
0.776712353665,0.588771085474,0.769772876815,0.584682419846,0.719903808565,0.631530713373,75.0000017305,74.9999969932
0.776793409204,0.588896190472,0.769894110566,0.584827663951,0.719903808565,0.631530713373,75.0000017305,74.9999969932
0.776874356391,0.589020854385,0.770015121837,0.5849724363,0.719903808565,0.631530713373,75.0000017305,74.9999969932
0.776955194503,0.589145077535,0.770135909832,0.585116737068,0.719903808565,0.631530713373,75.0000017305,74.9999969932
0.77703592282,0.589268860243,0.770256473755,0.585260566432,0.719903808565,0.631530713373,75.0000017305,74.9999969932
0.77711654062,0.589392202833,0.77037681281,0.585403924568,0.719903808565,0.631530713373,75.0000017305,74.9999969932
0.777197047122,0.589515105708,0.770496926203,0.585546811655,0.719903808565,0.631530713373,75.0000017305,74.9999969932
0.77727744144,0.589637569409,0.770616813138,0.585689227873,0.719903808565,0.631530713373,75.0000017305,74.9999969932
0.777357722751,0.589759594396,0.770736472822,0.585831173402,0.719903808565,0.631530713373,75.0000017305,74.9999969932
0.777437890334,0.589881180998,0.770855904442,0.58597264845,0.719903808565,0.631530713373,75.0000017305,74.9999969932
0.777517943468,0.590002329541,0.770975107085,0.586113653357,0.719903808565,0.631530713373,75.0000017305,74.9999969932
0.777597881433,0.590123040355,0.771094079862,0.586254188434,0.719903808565,0.631530713373,75.0000017305,74.9999969932
0.777677703506,0.59024331377,0.771212821981,0.586394253867,0.719903808565,0.631530713373,75.0000017305,74.9999969932
0.777757408967,0.590363150118,0.771331332652,0.586533849841,0.719903808565,0.631530713373,75.0000017305,74.9999969932
0.777836997094,0.590482549731,0.771449611085,0.586672976541,0.719903808565,0.631530713373,75.0000017305,74.9999969932
0.777916467166,0.590601512944,0.771567656491,0.586811634156,0.719903808565,0.631530713373,75.0000017305,74.9999969932
0.777995818463,0.59072004009,0.771685468079,0.586949822875,0.719903808565,0.631530713373,75.0000017305,74.9999969932
0.778075050263,0.590838131507,0.771803045063,0.587087542886,0.719903808565,0.631530713373,75.0000017305,74.9999969932
0.778154161843,0.590955787531,0.771920386655,0.587224794381,0.719903808565,0.631530713373,75.0000017305,74.9999969932
0.778233152454,0.591073008542,0.772037492055,0.587361577569,0.719903808565,0.631530713373,75.0000017305,74.9999969932
0.778312021212,0.59118979509,0.772154360356,0.587497892799,0.719903808565,0.631530713373,75.0000017305,74.9999969932
0.778390767267,0.591306147688,0.772270990667,0.587633740406,0.719903808565,0.631530713373,75.0000017305,74.9999969932
0.778469389898,0.591422066676,0.772387382203,0.587769120583,0.719903808565,0.631530713373,75.0000017305,74.9999969932
0.778547888384,0.591537552396,0.77250353418,0.587904033527,0.719903808565,0.631530713373,75.0000017305,74.9999969932
0.778626262006,0.591652605191,0.772619445814,0.588038479434,0.719903808565,0.631530713373,75.0000017305,74.9999969932
0.778704510042,0.591767225405,0.772735116324,0.588172458501,0.719903808565,0.631530713373,75.0000017305,74.9999969932
0.778782631773,0.591881413385,0.772850544926,0.588305970927,0.719903808565,0.631530713373,75.0000017305,74.9999969932
0.778860626477,0.591995169477,0.77296573084,0.588439016912,0.719903808565,0.631530713373,75.0000017305,74.9999969932
0.778938493434,0.592108494029,0.773080673284,0.588571596658,0.719903808565,0.631530713373,75.0000017305,74.9999969932
0.779016231925,0.592221387389,0.773195371478,0.588703710366,0.719903808565,0.631530713373,75.0000017305,74.9999969932
0.779093841228,0.592333849909,0.77330982455,0.588835358359,0.719903808565,0.631530713373,75.0000017305,74.9999969932
0.779171320623,0.592445881939,0.773424031604,0.588966541,0.719903808565,0.631530713373,75.0000017305,74.9999969932
0.779248669391,0.592557483833,0.773537991832,0.589097258529,0.719903808565,0.631530713373,75.0000017305,74.9999969932
0.779325886727,0.592668656052,0.773651704458,0.589227511151,0.719903808565,0.631530713373,75.0000017305,74.9999969932
0.779402971754,0.592779399159,0.773765168705,0.589357299074,0.719903808565,0.631530713373,75.0000017305,74.9999969932
0.779479923679,0.592889713607,0.773878383798,0.589486622505,0.719903808565,0.631530713373,75.0000017305,74.9999969932
0.779556741783,0.592999599751,0.773991348963,0.589615481653,0.719903808565,0.631530713373,75.0000017305,74.9999969932
0.779633425346,0.593109057949,0.774104063424,0.589743876729,0.719903808565,0.631530713373,75.0000017305,74.9999969932
0.779709973649,0.593218088558,0.774216526408,0.589871807942,0.719903808565,0.631530713373,75.0000017305,74.9999969932
0.779786385974,0.59332669194,0.774328737142,0.589999275506,0.719903808565,0.631530713373,75.0000017305,74.9999969932
0.779862661601,0.593434868453,0.774440694839,0.590126279652,0.719903808565,0.631530713373,75.0000017305,74.9999969932
0.779938799812,0.593542618461,0.774552398609,0.590252820752,0.719903808565,0.631530713373,75.0000017305,74.9999969932
0.780014799888,0.593649942326,0.774663847574,0.59037889916,0.719903808565,0.631530713373,75.0000017305,74.9999969932
0.78009066111,0.593756840412,0.774775040967,0.59050451509,0.719903808565,0.631530713373,75.0000017305,74.9999969932
0.78016638276,0.593863313084,0.774885978018,0.59062966876,0.719903808565,0.631530713373,75.0000017305,74.9999969932
0.780241964119,0.593969360711,0.774996657959,0.590754360387,0.719903808565,0.631530713373,75.0000017305,74.9999969932
0.780317404469,0.594074983658,0.775107080022,0.590878590191,0.719903808565,0.631530713373,75.0000017305,74.9999969932
0.780392703043,0.594180182358,0.775217243442,0.591002358391,0.719903808565,0.631530713373,75.0000017305,74.9999969932
0.780467858972,0.594284957383,0.775327147451,0.591125665209,0.719903808565,0.631530713373,75.0000017305,74.9999969932
0.780542871432,0.594389309238,0.775436791285,0.591248510866,0.719903808565,0.631530713373,75.0000017305,74.9999969932
0.780617739708,0.594493238296,0.77554617418,0.591370895587,0.719903808565,0.631530713373,75.0000017305,74.9999969932
0.780692463082,0.594596744927,0.775655295355,0.591492819616,0.719903808565,0.631530713373,75.0000017305,74.9999969932
0.780767040838,0.594699829507,0.77576415393,0.591614283335,0.719903808565,0.631530713373,75.0000017305,74.9999969932
0.780841472259,0.594802492409,0.775872749039,0.591735287104,0.719903808565,0.631530713373,75.0000017305,74.9999969932
0.780915756629,0.594904734009,0.775981079922,0.59185583115,0.719903808565,0.631530713373,75.0000017305,74.9999969932
0.780989893231,0.595006554683,0.776089145819,0.591975915701,0.719903808565,0.631530713373,75.0000017305,74.9999969932
0.78106388135,0.595107954811,0.776196945969,0.592095540986,0.719903808565,0.631530713373,75.0000017305,74.9999969932
0.781137720269,0.595208934772,0.776304479616,0.592214707235,0.719903808565,0.631530713373,75.0000017305,74.9999969932
0.781211409273,0.595309494945,0.776411746001,0.59233341468,0.719903808565,0.631530713373,75.0000017305,74.9999969932
0.781284947645,0.595409635712,0.776518744366,0.592451663552,0.719903808565,0.631530713373,75.0000017305,74.9999969932
0.781358334671,0.595509357457,0.776625473957,0.592569454085,0.719903808565,0.631530713373,75.0000017305,74.9999969932
0.781431569634,0.595608660562,0.776731934016,0.592686786514,0.719903808565,0.631530713373,75.0000017305,74.9999969932
0.781504651751,0.595707545505,0.77683812379,0.592803661074,0.719903808565,0.631530713373,75.0000017305,74.9999969932
0.781577580161,0.595806012862,0.776944042434,0.592920078118,0.719903808565,0.631530713373,75.0000017305,74.9999969932
0.781650354074,0.595904063119,0.77704968908,0.593036038039,0.719903808565,0.631530713373,75.0000017305,74.9999969932
0.781722972776,0.596001696664,0.777155062949,0.593151541108,0.719903808565,0.631530713373,75.0000017305,74.9999969932
0.781795435554,0.596098913886,0.777260163289,0.593266587566,0.719903808565,0.631530713373,75.0000017305,74.9999969932
0.781867741693,0.596195715173,0.777364989351,0.593381177651,0.719903808565,0.631530713373,75.0000017305,74.9999969932
0.781939890482,0.596292100916,0.777469540384,0.593495311606,0.719903808565,0.631530713373,75.0000017305,74.9999969932
0.782011881207,0.596388071508,0.777573815642,0.593608989673,0.719903808565,0.631530713373,75.0000017305,74.9999969932
0.782083713155,0.596483627342,0.777677814376,0.593722212095,0.719903808565,0.631530713373,75.0000017305,74.9999969932
0.782155385614,0.596578768812,0.777781535838,0.593834979116,0.719903808565,0.631530713373,75.0000017305,74.9999969932
0.782226897872,0.596673496312,0.777884979284,0.593947290983,0.719903808565,0.631530713373,75.0000017305,74.9999969932
0.782298249217,0.596767810241,0.777988143968,0.594059147942,0.719903808565,0.631530713373,75.0000017305,74.9999969932
0.782369438936,0.596861710995,0.778091029145,0.594170550241,0.719903808565,0.631530713373,75.0000017305,74.9999969932
0.782440466318,0.596955198974,0.778193633961,0.594281498274,0.719903808565,0.631530713373,75.0000017305,74.9999969932
0.782511330652,0.597048274577,0.77829595756,0.59439199244,0.719903808565,0.631530713373,75.0000017305,74.9999969932
0.782582031226,0.597140938206,0.778397999196,0.594502032993,0.719903808565,0.631530713373,75.0000017305,74.9999969932
0.782652567205,0.597233190426,0.778499758131,0.594611620185,0.719903808565,0.631530713373,75.0000017305,74.9999969932
0.782722937742,0.59732503182,0.778601233624,0.594720754267,0.719903808565,0.631530713373,75.0000017305,74.9999969932
0.782793142114,0.597416462808,0.778702424936,0.594829435493,0.719903808565,0.631530713373,75.0000017305,74.9999969932
0.782863179611,0.597507483796,0.778803331331,0.594937664117,0.719903808565,0.631530713373,75.0000017305,74.9999969932
0.782933049525,0.597598095189,0.77890395207,0.595045440396,0.719903808565,0.631530713373,75.0000017305,74.9999969932
0.783002751146,0.597688297394,0.779004286417,0.595152764586,0.719903808565,0.631530713373,75.0000017305,74.9999969932
0.783072283766,0.597778090819,0.779104333638,0.595259636945,0.719903808565,0.631530713373,75.0000017305,74.9999969932
0.783141646678,0.597867475873,0.779204092998,0.595366057732,0.719903808565,0.631530713373,75.0000017305,74.9999969932
0.783210839172,0.597956452967,0.779303563763,0.595472027207,0.719903808565,0.631530713373,75.0000017305,74.9999969932
0.783279860541,0.598045022512,0.779402745123,0.595577545732,0.719903808565,0.631530713373,75.0000017305,74.9999969932
0.783348710078,0.598133184921,0.779501636237,0.595682613713,0.719903808565,0.631530713373,75.0000017305,74.9999969932
0.783417387075,0.598220940608,0.779600236341,0.595787231456,0.719903808565,0.631530713373,75.0000017305,74.9999969932
0.783485890826,0.598308289987,0.779698544705,0.595891399225,0.719903808565,0.631530713373,75.0000017305,74.9999969932
0.783554220624,0.598395233475,0.779796560601,0.595995117284,0.719903808565,0.631530713373,75.0000017305,74.9999969932
0.783622375763,0.598481771489,0.779894283302,0.5960983859,0.719903808565,0.631530713373,75.0000017305,74.9999969932
0.783690355537,0.598567904447,0.77999171208,0.596201205338,0.719903808565,0.631530713373,75.0000017305,74.9999969932
0.78375815918,0.598653632848,0.780088846211,0.596303575867,0.719903808565,0.631530713373,75.0000017305,74.9999969932
0.78382578586,0.598738957279,0.780185684968,0.596405497756,0.719903808565,0.631530713373,75.0000017305,74.9999969932
0.7838932348,0.598823878254,0.780282227628,0.596506971275,0.719903808565,0.631530713373,75.0000017305,74.9999969932
0.783960505299,0.598908396193,0.780378473467,0.596607996695,0.719903808565,0.631530713373,75.0000017305,74.9999969932
0.784027596652,0.59899251152,0.780474421764,0.596708574288,0.719903808565,0.631530713373,75.0000017305,74.9999969932
0.784094508155,0.599076224659,0.780570071797,0.596808704329,0.719903808565,0.631530713373,75.0000017305,74.9999969932
0.784161239108,0.599159536035,0.780665422754,0.59690838721,0.719903808565,0.631530713373,75.0000017305,74.9999969932
0.784227788805,0.599242446074,0.780760473811,0.597007623344,0.719903808565,0.631530713373,75.0000017305,74.9999969932
0.784294156547,0.599324955204,0.780855224237,0.597106413025,0.719903808565,0.631530713373,75.0000017305,74.9999969932
0.78436034163,0.599407063853,0.780949673313,0.597204756531,0.719903808565,0.631530713373,75.0000017305,74.9999969932
0.784426343352,0.599488772452,0.781043820325,0.597302654138,0.719903808565,0.631530713373,75.0000017305,74.9999969932
0.784492161014,0.599570081431,0.781137664557,0.597400106127,0.719903808565,0.631530713373,75.0000017305,74.9999969932
0.784557793914,0.599650991222,0.781231205295,0.597497112777,0.719903808565,0.631530713373,75.0000017305,74.9999969932
0.784623241352,0.599731502258,0.781324441825,0.59759367437,0.719903808565,0.631530713373,75.0000017305,74.9999969932
0.784688502627,0.599811614974,0.781417373435,0.597689791189,0.719903808565,0.631530713373,75.0000017305,74.9999969932
0.78475357704,0.599891329805,0.781509999413,0.597785463516,0.719903808565,0.631530713373,75.0000017305,74.9999969932
0.784818463891,0.599970647188,0.78160231905,0.597880691636,0.719903808565,0.631530713373,75.0000017305,74.9999969932
0.784883162482,0.60004956756,0.781694331635,0.597975475836,0.719903808565,0.631530713373,75.0000017305,74.9999969932
0.784947671996,0.600128091513,0.781786036459,0.598069816403,0.719903808565,0.631530713373,75.0000017305,74.9999969932
0.785011991617,0.600206219644,0.781877432777,0.598163713674,0.719903808565,0.631530713373,75.0000017305,74.9999969932
0.785076120644,0.600283952396,0.781968519782,0.598257168067,0.719903808565,0.631530713373,75.0000017305,74.9999969932
0.785140058379,0.600361290212,0.78205929671,0.598350179952,0.719903808565,0.631530713373,75.0000017305,74.9999969932
0.785203804128,0.600438233532,0.782149762856,0.598442749619,0.719903808565,0.631530713373,75.0000017305,74.9999969932
0.785267357193,0.600514782801,0.782239917517,0.598534877359,0.719903808565,0.631530713373,75.0000017305,74.9999969932
0.785330716881,0.600590938462,0.78232975999,0.598626563465,0.719903808565,0.631530713373,75.0000017305,74.9999969932
0.785393882495,0.600666700962,0.782419289575,0.59871780823,0.719903808565,0.631530713373,75.0000017305,74.9999969932
0.785456853341,0.600742070746,0.782508505571,0.59880861195,0.719903808565,0.631530713373,75.0000017305,74.9999969932
0.785519628726,0.600817048263,0.782597407278,0.598898974919,0.719903808565,0.631530713373,75.0000017305,74.9999969932
0.785582207954,0.600891633961,0.782685993999,0.598988897437,0.719903808565,0.631530713373,75.0000017305,74.9999969932
0.785644590334,0.600965828291,0.782774265035,0.5990783798,0.719903808565,0.631530713373,75.0000017305,74.9999969932
0.785706775172,0.601039631704,0.782862219691,0.599167422308,0.719903808565,0.631530713373,75.0000017305,74.9999969932
0.785768761776,0.601113044651,0.78294985727,0.599256025261,0.719903808565,0.631530713373,75.0000017305,74.9999969932
0.785830549453,0.601186067586,0.783037177079,0.599344188961,0.719903808565,0.631530713373,75.0000017305,74.9999969932
0.785892137513,0.601258700964,0.78312417841,0.599431913729,0.719903808565,0.631530713373,75.0000017305,74.9999969932
0.785953525264,0.60133094524,0.783210860478,0.599519199989,0.719903808565,0.631530713373,75.0000017305,74.9999969932
0.786014712015,0.60140280087,0.783297222514,0.599606048148,0.719903808565,0.631530713373,75.0000017305,74.9999969932
0.786075697056,0.60147426834,0.783383263826,0.599692458512,0.719903808565,0.631530713373,75.0000017305,74.9999969932
0.786136479586,0.601545348252,0.783468983727,0.599778431387,0.719903808565,0.631530713373,75.0000017305,74.9999969932
0.786197058826,0.601616041184,0.783554381529,0.59986396708,0.719903808565,0.631530713373,75.0000017305,74.9999969932
0.786257434089,0.601686347597,0.783639456544,0.599949065899,0.719903808565,0.631530713373,75.0000017305,74.9999969932
0.786317604686,0.60175626795,0.783724208088,0.600033728154,0.719903808565,0.631530713373,75.0000017305,74.9999969932
0.786377569931,0.601825802706,0.783808635475,0.600117954156,0.719903808565,0.631530713373,75.0000017305,74.9999969932
0.786437329136,0.601894952328,0.783892738021,0.600201744215,0.719903808565,0.631530713373,75.0000017305,74.9999969932
0.786496881618,0.601963717281,0.783976515043,0.600285098646,0.719903808565,0.631530713373,75.0000017305,74.9999969932
0.786556226688,0.60203209803,0.784059965861,0.600368017762,0.719903808565,0.631530713373,75.0000017305,74.9999969932
0.786615363663,0.60210009504,0.784143089792,0.600450501878,0.719903808565,0.631530713373,75.0000017305,74.9999969932
0.786674291859,0.602167708781,0.784225886158,0.60053255131,0.719903808565,0.631530713373,75.0000017305,74.9999969932
0.78673301059,0.60223493972,0.784308354279,0.600614166376,0.719903808565,0.631530713373,75.0000017305,74.9999969932
0.786791519173,0.602301788326,0.784390493477,0.600695347394,0.719903808565,0.631530713373,75.0000017305,74.9999969932
0.786849816926,0.602368255072,0.784472302992,0.600776094794,0.719903808565,0.631530713373,75.0000017305,74.9999969932
0.786907903166,0.602434340428,0.784553782062,0.60085640901,0.719903808565,0.631530713373,75.0000017305,74.9999969932
0.786965777211,0.602500044867,0.784634930012,0.600936290363,0.719903808565,0.631530713373,75.0000017305,74.9999969932
0.78702343838,0.602565368864,0.784715746168,0.601015739175,0.719903808565,0.631530713373,75.0000017305,74.9999969932
0.787080885991,0.602630312893,0.78479622986,0.601094755769,0.719903808565,0.631530713373,75.0000017305,74.9999969932
0.787138119364,0.60269487743,0.784876380416,0.60117334047,0.719903808565,0.631530713373,75.0000017305,74.9999969932
0.78719513782,0.602759062953,0.784956197167,0.601251493602,0.719903808565,0.631530713373,75.0000017305,74.9999969932
0.787251940679,0.602822869939,0.785035679444,0.601329215493,0.719903808565,0.631530713373,75.0000017305,74.9999969932
0.787308527189,0.602886298966,0.78511482658,0.601406506469,0.719903808565,0.631530713373,75.0000017305,74.9999969932
0.787364896571,0.602949350643,0.785193637907,0.601483366858,0.719903808565,0.631530713373,75.0000017305,74.9999969932
0.78742104812,0.603012025487,0.785272112761,0.601559796992,0.719903808565,0.631530713373,75.0000017305,74.9999969932
0.787476981161,0.603074323979,0.785350250476,0.6016357972,0.719903808565,0.631530713373,75.0000017305,74.9999969932
0.787532695018,0.603136246602,0.785428050391,0.601711367814,0.719903808565,0.631530713373,75.0000017305,74.9999969932
0.787588189017,0.603197793839,0.785505511841,0.601786509168,0.719903808565,0.631530713373,75.0000017305,74.9999969932
0.787643462482,0.603258966173,0.785582634167,0.601861221596,0.719903808565,0.631530713373,75.0000017305,74.9999969932
0.787698514739,0.603319764092,0.785659416707,0.601935505432,0.719903808565,0.631530713373,75.0000017305,74.9999969932
0.787753345116,0.603380188081,0.785735858749,0.602009361084,0.719903808565,0.631530713373,75.0000017305,74.9999969932
0.787807952941,0.603440238627,0.785811959556,0.602082788993,0.719903808565,0.631530713373,75.0000017305,74.9999969932
0.787862337539,0.603499916219,0.785887718446,0.602155789528,0.719903808565,0.631530713373,75.0000017305,74.9999969932
0.787916498242,0.603559221347,0.785963134764,0.602228363028,0.719903808565,0.631530713373,75.0000017305,74.9999969932
0.787970434376,0.603618154501,0.786038207857,0.602300509834,0.719903808565,0.631530713373,75.0000017305,74.9999969932
0.788024145274,0.603676716173,0.786112937071,0.602372230285,0.719903808565,0.631530713373,75.0000017305,74.9999969932
0.788077630264,0.603734906855,0.786187321754,0.602443524724,0.719903808565,0.631530713373,75.0000017305,74.9999969932
0.788130888678,0.60379272704,0.786261361257,0.602514393494,0.719903808565,0.631530713373,75.0000017305,74.9999969932
0.788183919848,0.603850177223,0.786335054929,0.602584836939,0.719903808565,0.631530713373,75.0000017305,74.9999969932
0.788236723106,0.6039072579,0.786408402122,0.602654855404,0.719903808565,0.631530713373,75.0000017305,74.9999969932
0.788289297785,0.603963969567,0.786481402188,0.602724449235,0.719903808565,0.631530713373,75.0000017305,74.9999969932
0.78834164322,0.604020312721,0.786554054481,0.602793618781,0.719903808565,0.631530713373,75.0000017305,74.9999969932
0.788393758743,0.60407628786,0.786626358356,0.602862364389,0.719903808565,0.631530713373,75.0000017305,74.9999969932
0.788445643692,0.604131895485,0.78669831317,0.602930686409,0.719903808565,0.631530713373,75.0000017305,74.9999969932
0.788497297397,0.6041871361,0.786769918278,0.602998585191,0.719903808565,0.631530713373,75.0000017305,74.9999969932
0.788548719105,0.604242010323,0.78684117304,0.603066061088,0.719903808565,0.631530713373,75.0000017305,74.9999969932
0.788599908067,0.60429651877,0.786912076815,0.603133114452,0.719903808565,0.631530713373,75.0000017305,74.9999969932
0.788650863621,0.604350661944,0.786982628963,0.603199745638,0.719903808565,0.631530713373,75.0000017305,74.9999969932
0.788701585106,0.604404440347,0.787052828779,0.603265955086,0.719903808565,0.631530713373,75.0000017305,74.9999969932
0.788752071863,0.604457854484,0.787122675555,0.603331743247,0.719903808565,0.631530713373,75.0000017305,74.9999969932
0.788802323233,0.604510904859,0.78719216865,0.603397110484,0.719903808565,0.631530713373,75.0000017305,74.9999969932
0.788852338556,0.604563591978,0.787261307429,0.603462057153,0.719903808565,0.631530713373,75.0000017305,74.9999969932
0.788902117176,0.604615916348,0.787330091259,0.603526583614,0.719903808565,0.631530713373,75.0000017305,74.9999969932
0.788951658435,0.604667878477,0.78739851951,0.603590690226,0.719903808565,0.631530713373,75.0000017305,74.9999969932
0.789000961677,0.604719478872,0.787466591549,0.603654377348,0.719903808565,0.631530713373,75.0000017305,74.9999969932
0.789050026246,0.604770718044,0.787534306748,0.603717645343,0.719903808565,0.631530713373,75.0000017305,74.9999969932
0.789098851489,0.604821596502,0.787601664478,0.603780494573,0.719903808565,0.631530713373,75.0000017305,74.9999969932
0.789147436751,0.604872114758,0.787668664112,0.603842925402,0.719903808565,0.631530713373,75.0000017305,74.9999969932
0.789195781379,0.604922273323,0.787735305024,0.603904938194,0.719903808565,0.631530713373,75.0000017305,74.9999969932
0.789243884722,0.604972072711,0.78780158659,0.603966533316,0.719903808565,0.631530713373,75.0000017305,74.9999969932
0.789291746127,0.605021513434,0.787867508185,0.604027711132,0.719903808565,0.631530713373,75.0000017305,74.9999969932
0.789339364944,0.605070596008,0.787933069188,0.604088472012,0.719903808565,0.631530713373,75.0000017305,74.9999969932
0.789386740524,0.605119320948,0.787998268977,0.604148816325,0.719903808565,0.631530713373,75.0000017305,74.9999969932
0.789433872217,0.605167688768,0.788063106932,0.604208744439,0.719903808565,0.631530713373,75.0000017305,74.9999969932
0.789480759377,0.605215699987,0.788127582435,0.604268256725,0.719903808565,0.631530713373,75.0000017305,74.9999969932
0.789527401355,0.605263355122,0.788191694867,0.604327353556,0.719903808565,0.631530713373,75.0000017305,74.9999969932
0.789573797505,0.60531065469,0.788255443614,0.604386035305,0.719903808565,0.631530713373,75.0000017305,74.9999969932
0.789619947183,0.605357599212,0.788318828047,0.604444302362,0.719903808565,0.631530713373,75.0000017305,74.9999969932
0.789665849744,0.605404189206,0.788381847487,0.604502155185,0.719903808565,0.631530713373,75.0000017305,74.9999969932
0.789711504545,0.605450425193,0.788444501271,0.604559594217,0.719903808565,0.631530713373,75.0000017305,74.9999969932
0.789756910936,0.605496307703,0.788506788789,0.604616619835,0.719903808565,0.631530713373,75.0000017305,74.9999969932
0.789802068197,0.605541837362,0.788568709432,0.604673232414,0.719903808565,0.631530713373,75.0000017305,74.9999969932
0.789846975615,0.605587014785,0.78863026259,0.604729432332,0.719903808565,0.631530713373,75.0000017305,74.9999969932
0.789891632551,0.605631840494,0.788691447659,0.604785219969,0.719903808565,0.631530713373,75.0000017305,74.9999969932
0.789936038369,0.605676315012,0.788752264031,0.604840595704,0.719903808565,0.631530713373,75.0000017305,74.9999969932
0.789980192431,0.605720438863,0.788812711103,0.604895559919,0.719903808565,0.631530713373,75.0000017305,74.9999969932
0.790024094101,0.605764212571,0.788872788271,0.604950112994,0.719903808565,0.631530713373,75.0000017305,74.9999969932
0.790067742745,0.60580763666,0.788932494935,0.605004255312,0.719903808565,0.631530713373,75.0000017305,74.9999969932
0.790111137729,0.605850711655,0.788991830494,0.605057987258,0.719903808565,0.631530713373,75.0000017305,74.9999969932
0.790154278421,0.605893438082,0.789050794349,0.605111309214,0.719903808565,0.631530713373,75.0000017305,74.9999969932
0.790197164189,0.605935816467,0.789109385902,0.605164221568,0.719903808565,0.631530713373,75.0000017305,74.9999969932
0.790239794403,0.605977847336,0.789167604556,0.605216724705,0.719903808565,0.631530713373,75.0000017305,74.9999969932
0.790282168435,0.606019531217,0.789225449719,0.605268819012,0.719903808565,0.631530713373,75.0000017305,74.9999969932
0.790324285656,0.606060868637,0.789282920794,0.605320504877,0.719903808565,0.631530713373,75.0000017305,74.9999969932
0.79036614544,0.606101860123,0.789340017191,0.605371782689,0.719903808565,0.631530713373,75.0000017305,74.9999969932
0.790407747161,0.606142506203,0.789396738319,0.605422652838,0.719903808565,0.631530713373,75.0000017305,74.9999969932
0.790449090197,0.606182807406,0.789453083588,0.605473115714,0.719903808565,0.631530713373,75.0000017305,74.9999969932
0.790490173924,0.60622276426,0.789509052411,0.605523171709,0.719903808565,0.631530713373,75.0000017305,74.9999969932
0.790530997721,0.606262377293,0.7895646442,0.605572821215,0.719903808565,0.631530713373,75.0000017305,74.9999969932
0.790571560968,0.606301647035,0.789619858372,0.605622064624,0.719903808565,0.631530713373,75.0000017305,74.9999969932
0.790611863047,0.606340574015,0.789674694306,0.605670902378,0.719903808565,0.631530713373,75.0000017305,74.9999969932
0.790651903341,0.606379158761,0.789729151364,0.605719334943,0.719903808565,0.631530713373,75.0000017305,74.9999969932
0.790691681234,0.606417401801,0.789783228945,0.605767362741,0.719903808565,0.631530713373,75.0000017305,74.9999969932
0.790731196114,0.606455303666,0.789836926472,0.605814986167,0.719903808565,0.631530713373,75.0000017305,74.9999969932
0.790770447368,0.606492864884,0.789890243368,0.605862205616,0.719903808565,0.631530713373,75.0000017305,74.9999969932
0.790809434384,0.606530085983,0.789943179056,0.605909021486,0.719903808565,0.631530713373,75.0000017305,74.9999969932
0.790848156556,0.606566967492,0.789995732962,0.605955434174,0.719903808565,0.631530713373,75.0000017305,74.9999969932
0.790886613276,0.606603509937,0.790047904515,0.606001444077,0.719903808565,0.631530713373,75.0000017305,74.9999969932
0.790924803938,0.606639713848,0.790099693143,0.606047051594,0.719903808565,0.631530713373,75.0000017305,74.9999969932
0.79096272794,0.606675579751,0.790151098278,0.606092257124,0.719903808565,0.631530713373,75.0000017305,74.9999969932
0.79100038468,0.606711108171,0.790202119351,0.606137061066,0.719903808565,0.631530713373,75.0000017305,74.9999969932
0.79103777356,0.606746299636,0.790252755798,0.606181463821,0.719903808565,0.631530713373,75.0000017305,74.9999969932
0.791074891455,0.606781157965,0.790303007053,0.606225465789,0.719903808565,0.631530713373,75.0000017305,74.9999969932
0.791111734618,0.606815687791,0.790352872556,0.606269067371,0.719903808565,0.631530713373,75.0000017305,74.9999969932
0.791148301844,0.606849890437,0.790402351744,0.606312268968,0.719903808565,0.631530713373,75.0000017305,74.9999969932
0.791184592557,0.606883766405,0.790451444059,0.606355070982,0.719903808565,0.631530713373,75.0000017305,74.9999969932
0.791220606185,0.606917316196,0.790500148945,0.606397473815,0.719903808565,0.631530713373,75.0000017305,74.9999969932
0.791256342157,0.606950540311,0.790548465846,0.606439477869,0.719903808565,0.631530713373,75.0000017305,74.9999969932
0.791291799901,0.606983439255,0.790596394209,0.606481083546,0.719903808565,0.631530713373,75.0000017305,74.9999969932
0.791326978847,0.60701601353,0.790643933484,0.606522291249,0.719903808565,0.631530713373,75.0000017305,74.9999969932
0.791361878428,0.607048263639,0.790691083121,0.606563101381,0.719903808565,0.631530713373,75.0000017305,74.9999969932
0.791396498075,0.607080190089,0.790737842572,0.606603514345,0.719903808565,0.631530713373,75.0000017305,74.9999969932
0.791430837223,0.607111793383,0.790784211294,0.606643530541,0.719903808565,0.631530713373,75.0000017305,74.9999969932
0.791464895307,0.607143074026,0.790830188743,0.606683150374,0.719903808565,0.631530713373,75.0000017305,74.9999969932
0.791498671762,0.607174032525,0.790875774379,0.606722374246,0.719903808565,0.631530713373,75.0000017305,74.9999969932
0.791532166027,0.607204669386,0.790920967665,0.606761202557,0.719903808565,0.631530713373,75.0000017305,74.9999969932
0.79156537754,0.607234985116,0.790965768063,0.60679963571,0.719903808565,0.631530713373,75.0000017305,74.9999969932
0.791598305741,0.607264980221,0.791010174136,0.606837675286,0.719903808565,0.631530713373,75.0000017305,74.9999969932
0.791630950073,0.607294655208,0.791054183116,0.606875324601,0.719903808565,0.631530713373,75.0000017305,74.9999969932
0.791663309977,0.607324010584,0.791097793155,0.606912585775,0.719903808565,0.631530713373,75.0000017305,74.9999969932
0.791695384898,0.607353046858,0.791141003741,0.606949459189,0.719903808565,0.631530713373,75.0000017305,74.9999969932
0.791727174282,0.607381764537,0.791183814365,0.606985945224,0.719903808565,0.631530713373,75.0000017305,74.9999969932
0.791758677578,0.607410164129,0.791226224517,0.607022044264,0.719903808565,0.631530713373,75.0000017305,74.9999969932
0.791789894232,0.60743824614,0.79126823369,0.607057756691,0.719903808565,0.631530713373,75.0000017305,74.9999969932
0.791820823697,0.60746601108,0.791309841379,0.607093082889,0.719903808565,0.631530713373,75.0000017305,74.9999969932
0.791851465425,0.607493459454,0.79135104708,0.607128023244,0.719903808565,0.631530713373,75.0000017305,74.9999969932
0.79188181887,0.60752059177,0.79139185029,0.60716257814,0.719903808565,0.631530713373,75.0000017305,74.9999969932
0.791911883488,0.607547408535,0.791432250509,0.607196747963,0.719903808565,0.631530713373,75.0000017305,74.9999969932
0.791941658737,0.607573910255,0.791472247238,0.6072305331,0.719903808565,0.631530713373,75.0000017305,74.9999969932
0.791971144077,0.607600097436,0.791511839978,0.607263933938,0.719903808565,0.631530713373,75.0000017305,74.9999969932
0.792000338971,0.607625970583,0.791551028235,0.607296950864,0.719903808565,0.631530713373,75.0000017305,74.9999969932
0.792029242882,0.6076515302,0.791589811515,0.607329584266,0.719903808565,0.631530713373,75.0000017305,74.9999969932
0.792057855277,0.607676776791,0.791628189324,0.607361834533,0.719903808565,0.631530713373,75.0000017305,74.9999969932
0.792086175625,0.607701710856,0.791666161174,0.607393702054,0.719903808565,0.631530713373,75.0000017305,74.9999969932
0.792114203399,0.607726332898,0.791703726576,0.607425187217,0.719903808565,0.631530713373,75.0000017305,74.9999969932
0.792141938073,0.607750643415,0.791740885042,0.607456290413,0.719903808565,0.631530713373,75.0000017305,74.9999969932
0.792169379123,0.607774642906,0.791777636089,0.60748701203,0.719903808565,0.631530713373,75.0000017305,74.9999969932
0.792196526032,0.607798331865,0.791813979235,0.607517352458,0.719903808565,0.631530713373,75.0000017305,74.9999969932
0.792223378281,0.607821710786,0.791849913998,0.607547312087,0.719903808565,0.631530713373,75.0000017305,74.9999969932
0.79224993536,0.60784478016,0.791885439901,0.607576891306,0.719903808565,0.631530713373,75.0000017305,74.9999969932
0.792276196758,0.607867540475,0.791920556468,0.607606090505,0.719903808565,0.631530713373,75.0000017305,74.9999969932
0.792302161972,0.607889992216,0.791955263225,0.607634910072,0.719903808565,0.631530713373,75.0000017305,74.9999969932
0.7923278305,0.607912135863,0.791989559701,0.607663350396,0.719903808565,0.631530713373,75.0000017305,74.9999969932
0.792353201848,0.607933971895,0.792023445429,0.607691411864,0.719903808565,0.631530713373,75.0000017305,74.9999969932
0.792378275525,0.607955500782,0.792056919941,0.607719094865,0.719903808565,0.631530713373,75.0000017305,74.9999969932
0.792403046836,0.607976728479,0.792089982776,0.607746399784,0.719903808565,0.631530713373,75.0000017305,74.9999969932
0.792427510588,0.607997661592,0.792122633473,0.607773327007,0.719903808565,0.631530713373,75.0000017305,74.9999969932
0.792451665818,0.608018301215,0.792154871576,0.607799876916,0.719903808565,0.631530713373,75.0000017305,74.9999969932
0.792475512088,0.608038647762,0.792186696631,0.607826049896,0.719903808565,0.631530713373,75.0000017305,74.9999969932
0.792499048958,0.608058701647,0.792218108188,0.607851846324,0.719903808565,0.631530713373,75.0000017305,74.9999969932
0.792522275993,0.608078463285,0.792249105801,0.607877266581,0.719903808565,0.631530713373,75.0000017305,74.9999969932
0.792545192755,0.608097933094,0.792279689029,0.607902311041,0.719903808565,0.631530713373,75.0000017305,74.9999969932
0.79256779881,0.608117111489,0.792309857433,0.607926980076,0.719903808565,0.631530713373,75.0000017305,74.9999969932
0.792590093723,0.608135998889,0.792339610582,0.607951274056,0.719903808565,0.631530713373,75.0000017305,74.9999969932
0.79261207706,0.608154595714,0.792368947962,0.607975193459,0.719903808565,0.631530713373,75.0000017305,74.9999969932
0.79263374839,0.608172902383,0.792397865804,0.607998743005,0.719903808565,0.631530713373,75.0000017305,74.9999969932
0.792655107279,0.608190919317,0.79242636045,0.608021927276,0.719903808565,0.631530713373,75.0000017305,74.9999969932
0.792676153298,0.608208646938,0.792454431516,0.60804474659,0.719903808565,0.631530713373,75.0000017305,74.9999969932
0.792696886016,0.608226085669,0.792482078618,0.608067201265,0.719903808565,0.631530713373,75.0000017305,74.9999969932
0.792717305005,0.608243235934,0.792509301376,0.608089291618,0.719903808565,0.631530713373,75.0000017305,74.9999969932
0.792737409836,0.608260098157,0.79253609941,0.608111017971,0.719903808565,0.631530713373,75.0000017305,74.9999969932
0.792757200083,0.608276672765,0.792562472339,0.608132380644,0.719903808565,0.631530713373,75.0000017305,74.9999969932
0.792776675318,0.608292960182,0.792588419788,0.60815337996,0.719903808565,0.631530713373,75.0000017305,74.9999969932
0.792795835118,0.608308960838,0.79261394138,0.608174016241,0.719903808565,0.631530713373,75.0000017305,74.9999969932
0.792814679056,0.608324675159,0.79263903674,0.608194289812,0.719903808565,0.631530713373,75.0000017305,74.9999969932
0.79283320671,0.608340103577,0.792663705493,0.608214200999,0.719903808565,0.631530713373,75.0000017305,74.9999969932
0.792851417658,0.608355246519,0.792687947269,0.608233750128,0.719903808565,0.631530713373,75.0000017305,74.9999969932
0.792869311477,0.608370104419,0.792711761695,0.608252937527,0.719903808565,0.631530713373,75.0000017305,74.9999969932
0.792886887748,0.608384677707,0.792735148402,0.608271763525,0.719903808565,0.631530713373,75.0000017305,74.9999969932
0.792904146049,0.608398966816,0.792758107022,0.608290228452,0.719903808565,0.631530713373,75.0000017305,74.9999969932
0.792921085964,0.608412972181,0.792780637186,0.608308332639,0.719903808565,0.631530713373,75.0000017305,74.9999969932
0.792937707072,0.608426694236,0.79280273853,0.608326076419,0.719903808565,0.631530713373,75.0000017305,74.9999969932
0.792954008959,0.608440133417,0.792824410689,0.608343460124,0.719903808565,0.631530713373,75.0000017305,74.9999969932
0.792969991207,0.608453290159,0.792845653299,0.608360484089,0.719903808565,0.631530713373,75.0000017305,74.9999969932
0.792985653401,0.608466164901,0.792866465998,0.608377148649,0.719903808565,0.631530713373,75.0000017305,74.9999969932
0.793000995128,0.608478758081,0.792886848426,0.608393454142,0.719903808565,0.631530713373,75.0000017305,74.9999969932
0.793016015975,0.608491070138,0.792906800223,0.608409400904,0.719903808565,0.631530713373,75.0000017305,74.9999969932
0.793030715528,0.608503101512,0.792926321031,0.608424989276,0.719903808565,0.631530713373,75.0000017305,74.9999969932
0.793045093378,0.608514852643,0.792945410493,0.608440219595,0.719903808565,0.631530713373,75.0000017305,74.9999969932
0.793059149113,0.608526323975,0.792964068254,0.608455092205,0.719903808565,0.631530713373,75.0000017305,74.9999969932
0.793072882324,0.608537515948,0.79298229396,0.608469607446,0.719903808565,0.631530713373,75.0000017305,74.9999969932
0.793086292603,0.608548429008,0.793000087257,0.608483765663,0.719903808565,0.631530713373,75.0000017305,74.9999969932
0.793099379542,0.608559063598,0.793017447795,0.608497567199,0.719903808565,0.631530713373,75.0000017305,74.9999969932
0.793112142735,0.608569420165,0.793034375222,0.608511012399,0.719903808565,0.631530713373,75.0000017305,74.9999969932
0.793124581777,0.608579499153,0.793050869191,0.608524101611,0.719903808565,0.631530713373,75.0000017305,74.9999969932
0.793136696262,0.60858930101,0.793066929352,0.608536835182,0.719903808565,0.631530713373,75.0000017305,74.9999969932
0.793148485788,0.608598826185,0.793082555361,0.60854921346,0.719903808565,0.631530713373,75.0000017305,74.9999969932
0.793159949951,0.608608075126,0.793097746871,0.608561236796,0.719903808565,0.631530713373,75.0000017305,74.9999969932
0.79317108835,0.608617048282,0.79311250354,0.60857290554,0.719903808565,0.631530713373,75.0000017305,74.9999969932
0.793181900584,0.608625746105,0.793126825025,0.608584220045,0.719903808565,0.631530713373,75.0000017305,74.9999969932
0.793192386254,0.608634169045,0.793140710985,0.608595180663,0.719903808565,0.631530713373,75.0000017305,74.9999969932
0.793202544961,0.608642317555,0.79315416108,0.608605787748,0.719903808565,0.631530713373,75.0000017305,74.9999969932
0.793212376307,0.608650192089,0.793167174972,0.608616041655,0.719903808565,0.631530713373,75.0000017305,74.9999969932
0.793221879896,0.6086577931,0.793179752323,0.608625942742,0.719903808565,0.631530713373,75.0000017305,74.9999969932
0.793231055331,0.608665121042,0.793191892799,0.608635491365,0.719903808565,0.631530713373,75.0000017305,74.9999969932
0.793239902218,0.608672176373,0.793203596064,0.608644687883,0.719903808565,0.631530713373,75.0000017305,74.9999969932
0.793248420162,0.608678959548,0.793214861785,0.608653532655,0.719903808565,0.631530713373,75.0000017305,74.9999969932
0.793256608772,0.608685471025,0.793225689632,0.608662026042,0.719903808565,0.631530713373,75.0000017305,74.9999969932
0.793264467655,0.608691711261,0.793236079273,0.608670168406,0.719903808565,0.631530713373,75.0000017305,74.9999969932
0.793271996421,0.608697680717,0.793246030378,0.608677960109,0.719903808565,0.631530713373,75.0000017305,74.9999969932
0.793279194679,0.608703379853,0.793255542622,0.608685401515,0.719903808565,0.631530713373,75.0000017305,74.9999969932
0.793286062041,0.608708809128,0.793264615676,0.608692492989,0.719903808565,0.631530713373,75.0000017305,74.9999969932
0.793292598119,0.608713969004,0.793273249217,0.608699234898,0.719903808565,0.631530713373,75.0000017305,74.9999969932
0.793298802526,0.608718859945,0.79328144292,0.608705627607,0.719903808565,0.631530713373,75.0000017305,74.9999969932
0.793304674876,0.608723482413,0.793289196462,0.608711671486,0.719903808565,0.631530713373,75.0000017305,74.9999969932
0.793310214784,0.608727836872,0.793296509523,0.608717366904,0.719903808565,0.631530713373,75.0000017305,74.9999969932
0.793315421866,0.608731923788,0.793303381784,0.60872271423,0.719903808565,0.631530713373,75.0000017305,74.9999969932
0.793320295741,0.608735743626,0.793309812925,0.608727713836,0.719903808565,0.631530713373,75.0000017305,74.9999969932
0.793324836024,0.608739296853,0.793315802629,0.608732366095,0.719903808565,0.631530713373,75.0000017305,74.9999969932
0.793329042337,0.608742583936,0.793321350581,0.60873667138,0.719903808565,0.631530713373,75.0000017305,74.9999969932
0.793332914299,0.608745605344,0.793326456467,0.608740630065,0.719903808565,0.631530713373,75.0000017305,74.9999969932
0.793336451531,0.608748361545,0.793331119973,0.608744242526,0.719903808565,0.631530713373,75.0000017305,74.9999969932
0.793339653655,0.60875085301,0.793335340788,0.608747509139,0.719903808565,0.631530713373,75.0000017305,74.9999969932
0.793342520295,0.608753080209,0.793339118602,0.608750430283,0.719903808565,0.631530713373,75.0000017305,74.9999969932
0.793345051074,0.608755043614,0.793342453105,0.608753006336,0.719903808565,0.631530713373,75.0000017305,74.9999969932
0.793347245619,0.608756743698,0.79334534399,0.608755237677,0.719903808565,0.631530713373,75.0000017305,74.9999969932
0.793349103555,0.608758180932,0.793347790951,0.608757124689,0.719903808565,0.631530713373,75.0000017305,74.9999969932
0.79335062451,0.608759355792,0.793349793682,0.608758667751,0.719903808565,0.631530713373,75.0000017305,74.9999969932
0.793351808112,0.608760268751,0.793351351881,0.608759867248,0.719903808565,0.631530713373,75.0000017305,74.9999969932
0.79335265399,0.608760920286,0.793352465245,0.608760723564,0.719903808565,0.631530713373,75.0000017305,74.9999969932
0.793353161775,0.608761310873,0.793353133472,0.608761237083,0.719903808565,0.631530713373,75.0000017305,74.9999969932
0.793353331098,0.608761440989,0.793353356265,0.608761408192,0.719903808565,0.631530713373,75.0000017305,74.9999969932
