r_over_R,p_over_pc,eps_over_epsc,m_over_M,A_over_AR,B,v_over_c,gamma_minus_1
0,1,1,0,0.435933234861,1,0.751043783769,0.514572300503
0.000714796283059,0.999996172753,0.999998033547,5.88595612844e-09,0.435933933388,1.00000157404,0.751043318732,0.514571087051
0.00142959256612,0.999992296894,0.999996042116,1.18466721297e-08,0.435934640787,1.00000316797,0.751042847788,0.51456985819
0.00214438884918,0.999985387608,0.999992492078,3.47674716986e-08,0.435935901845,1.00000627371,0.751042008249,0.514567667545
0.00285918513224,0.999975178608,0.999987246612,7.61371902188e-08,0.435937765165,1.00001102398,0.751040767758,0.514564430698
0.0035739814153,0.999964969609,0.999982001146,1.17506908739e-07,0.435939628485,1.00001577425,0.751039527266,0.514561193873
0.00428877769836,0.999948219274,0.999973394549,2.27432427655e-07,0.435942685817,1.00002358779,0.751037491862,0.514555882939
0.00500357398142,0.999931270074,0.999964685769,3.39442137037e-07,0.43594577945,1.00003149447,0.751035432287,0.514550509006
0.00571837026447,0.999911198795,0.999954372674,5.00364077231e-07,0.435949443041,1.00004085951,0.751032993256,0.514544145073
0.00643316654753,0.99988749206,0.999942191459,7.18241069527e-07,0.435953770312,1.00005192272,0.751030112371,0.514536628382
0.00714796283059,0.999863785326,0.999930010244,9.36118061822e-07,0.435958097583,1.00006298593,0.751027231475,0.514529111804
0.00786275911365,0.99983363296,0.999914516581,1.2885281931e-06,0.43596360177,1.00007705917,0.751023567027,0.514519551054
0.00857755539671,0.999803166493,0.999898861501,1.64749422302e-06,0.435969163309,1.0000912791,0.751019864379,0.514509890869
0.00929235167977,0.999769691724,0.999881660264,2.08492454695e-06,0.435975274267,1.00010690403,0.751015795928,0.514499276574
0.0100071479628,0.999732465826,0.999862531085,2.62019398954e-06,0.435982070312,1.0001242809,0.751011271346,0.514487472598
0.0107219442459,0.999695239929,0.999843401906,3.15546343213e-06,0.435988866356,1.00014165777,0.751006746737,0.514475668897
0.0114367405289,0.99965168439,0.999821019081,3.88882579357e-06,0.435996818746,1.0001619916,0.751001452232,0.514461857149
0.012151536812,0.999607700182,0.999798415907,4.63560380212e-06,0.436004849449,1.0001825257,0.75099610555,0.514447909771
0.0128663330951,0.999560823475,0.999774325652,5.4879929026e-06,0.436013408756,1.00020441151,0.750990406892,0.51443304476
0.0135811293781,0.999510082523,0.999748248728,6.48147356683e-06,0.436022674254,1.00022810315,0.750984238014,0.514416953795
0.0142959256612,0.999459341572,0.999722171803,7.47495423106e-06,0.436031939752,1.0002517948,0.750978069086,0.514400863343
0.0150107219442,0.999402388801,0.99969290069,8.72765798655e-06,0.436042340909,1.00027839052,0.75097114398,0.514382801318
0.0157255182273,0.999344893006,0.999663350347,1.00030224912e-05,0.436052841343,1.0003052401,0.750964152711,0.514364567551
0.0164403145104,0.999284621005,0.999632372145,1.14087354405e-05,0.436063849557,1.00033338818,0.750956823288,0.514345452742
0.0171551107934,0.999220372563,0.999599348782,1.30011502245e-05,0.436075585078,1.00036339613,0.750949009535,0.514325075824
0.0178699070765,0.999156124121,0.999566325418,1.45935650085e-05,0.436087320599,1.00039340408,0.750941195701,0.514304699729
0.0185847033595,0.999085782652,0.999530167551,1.65038924053e-05,0.436100171119,1.00042626336,0.750932639376,0.514282388632
0.0192994996426,0.999014784037,0.999493671621,1.84485073211e-05,0.436113141894,1.00045943017,0.750924002883,0.51425986975
0.0200142959257,0.998941125811,0.999455807122,2.05457954115e-05,0.436126599635,1.00049384229,0.750915042042,0.514236506493
0.0207290922087,0.998863379768,0.999415839134,2.28777418855e-05,0.436140805844,1.00053016848,0.750905582717,0.514211845036
0.0214438884918,0.998785633725,0.999375871146,2.52096883596e-05,0.436155012053,1.00056649467,0.750896123273,0.514187184784
0.0221586847748,0.998701914249,0.999332828502,2.79157862803e-05,0.436170312643,1.0006056196,0.750885934984,0.514160626167
0.0228734810579,0.99861742379,0.999289389015,3.06701754735e-05,0.436185754484,1.00064510576,0.750875652499,0.514133823786
0.023588277341,0.998530390541,0.999244640294,3.35971477734e-05,0.436201662491,1.00068578412,0.750865059454,0.514106213768
0.024303073624,0.998439158942,0.999197729919,3.6809068743e-05,0.436218340176,1.00072843088,0.750853953724,0.514077269514
0.0250178699071,0.998347927343,0.999150819545,4.00209897126e-05,0.436235017862,1.00077107765,0.75084284783,0.51404832692
0.0257326661901,0.998250842633,0.999100894501,4.36608412461e-05,0.436252769356,1.0008164707,0.750831026692,0.514017522653
0.0264474624732,0.998152873435,0.999050513898,4.73653591076e-05,0.436270683118,1.00086227876,0.750819097308,0.513986438709
0.0271622587563,0.998052478436,0.998998883427,5.12599540378e-05,0.436289042256,1.00090922592,0.750806871136,0.513954583934
0.0278770550393,0.997947775441,0.998945033306,5.54921081285e-05,0.43630819234,1.000958196,0.750794118024,0.513921358938
0.0285918513224,0.997843072447,0.998891183185,5.97242622192e-05,0.436327342425,1.00100716609,0.750781364696,0.513888136129
0.0293066476054,0.997732637326,0.998834378507,6.44356582544e-05,0.436347545786,1.00105883014,0.750767909686,0.513853088397
0.0300214438885,0.997621204601,0.998777059626,6.92304602971e-05,0.436367932458,1.00111096304,0.75075433235,0.513817725136
0.0307362401716,0.997507463175,0.998718550265,7.42304172304e-05,0.436388743722,1.00116418196,0.750740471986,0.513781627922
0.0314510364546,0.997389305046,0.998657763433,7.96228494987e-05,0.436410367261,1.00121947852,0.750726070374,0.513744124549
0.0321658327377,0.997271146917,0.998596976602,8.5015281767e-05,0.4364319908,1.00127477507,0.750711668485,0.513706623963
0.0328806290207,0.997147378253,0.998533295441,9.0935792613e-05,0.436454647125,1.00133271338,0.750696578436,0.51366733526
0.0335954253038,0.997022499309,0.998469041516,9.69608060973e-05,0.436477507829,1.00139117448,0.750681351954,0.513627695239
0.0343102215868,0.99689542882,0.998403656509,0.000103203636986,0.436500772347,1.00145066853,0.750665856193,0.513587358212
0.0350250178699,0.996763833911,0.998335936397,0.00010989614956,0.436524870532,1.0015122951,0.750649804815,0.513545579136
0.035739814153,0.996632239001,0.998268216285,0.000116588662135,0.436548968717,1.00157392168,0.750633753094,0.513503803519
0.036454610436,0.996495155702,0.998197662177,0.000123855609172,0.436574079231,1.00163813791,0.750617026698,0.513460276651
0.0371694067191,0.996356849937,0.998126476833,0.000131250503763,0.436599415228,1.00170293095,0.750600149729,0.513416362734
0.0378842030021,0.996216469787,0.998054219809,0.000138873464797,0.436625134257,1.00176870388,0.750583017222,0.513371788829
0.0385989992852,0.996071458539,0.997979570239,0.000147005587553,0.436651708415,1.00183666443,0.75056531467,0.513325737032
0.0393137955683,0.995926447291,0.99790492067,0.00015513771031,0.436678282572,1.00190462498,0.7505476117,0.513279689439
0.0400285918513,0.995776070294,0.99782749753,0.000163888137675,0.436705848634,1.00197512318,0.750529247508,0.513231927518
0.0407433881344,0.995624359194,0.997749384788,0.000172792296138,0.436733661317,1.00204625233,0.750510718566,0.513183742876
0.0414581844174,0.995470690815,0.997670259756,0.00018193235944,0.436761836251,1.00211830829,0.750491947824,0.513134935339
0.0421729807005,0.995312285755,0.997588684945,0.000191643320716,0.436790887842,1.00219260716,0.750472592543,0.51308461411
0.0428877769836,0.995153880694,0.997507110134,0.000201354281992,0.436819939433,1.00226690604,0.750453236762,0.513034297901
0.0436025732666,0.994990232968,0.997422822263,0.000211724928302,0.436849962535,1.00234369065,0.750433233183,0.512982304349
0.0443173695497,0.994825140098,0.997337786534,0.000222277417236,0.436880253434,1.00242116046,0.750413050637,0.51292985246
0.0450321658327,0.994658206953,0.997251797887,0.000233071242595,0.436910885793,1.00249950398,0.750392640027,0.512876814845
0.0457469621158,0.994486432684,0.997163302442,0.000244499939945,0.436942416416,1.00258014594,0.750371630317,0.512822227779
0.0464617583989,0.994314658416,0.997074806997,0.000255928637296,0.436973947039,1.00266078791,0.750350620018,0.512767646622
0.0471765546819,0.994137764953,0.996983659076,0.000268055907415,0.437006428802,1.00274386376,0.750328975316,0.512711425168
0.047891350965,0.993959315956,0.996891705164,0.000280395448031,0.437039199581,1.00282767918,0.75030713739,0.512654709819
0.048606147248,0.993779143529,0.996798857677,0.00029297935468,0.437072291021,1.00291231519,0.750285085137,0.512597445985
0.0493209435311,0.993594026732,0.996703446598,0.000306264325681,0.437106302408,1.0029993054,0.750262419152,0.512538596985
0.0500357398142,0.993408909936,0.996608035519,0.000319549296683,0.437140313794,1.00308629561,0.750239752483,0.512479754854
0.0507505360972,0.993218797749,0.996510032611,0.000333569233535,0.437175255973,1.00317566792,0.75021646478,0.512419309537
0.0514653323803,0.99302702034,0.996411165713,0.000347834172488,0.437210508433,1.00326583431,0.750192969553,0.512358334817
0.0521801286633,0.992833636133,0.996311464542,0.000362344110928,0.43724606074,1.00335676812,0.750169273737,0.512296848933
0.0528949249464,0.992635205558,0.996209143221,0.000377623504031,0.437282554758,1.00345011212,0.750144949488,0.512233742209
0.0536097212294,0.992436774982,0.9961068219,0.000392902897134,0.437319048776,1.00354345613,0.750120624449,0.512170643383
0.0543245175125,0.992233473098,0.996001969452,0.000408951153568,0.437356453257,1.0036391305,0.750095691724,0.512105978547
0.0550393137956,0.992028397059,0.995896195154,0.000425279433833,0.437394189333,1.00373565361,0.750070537128,0.512040748854
0.0557541100786,0.991821830592,0.995789645838,0.000441850957708,0.437432204425,1.00383289093,0.750045195688,0.511975045396
0.0564689063617,0.991610117051,0.995680420059,0.000459262503149,0.437471183076,1.00393259468,0.750019211036,0.511907685461
0.0571837026447,0.99139840351,0.995571194279,0.00047667404859,0.437510161728,1.00403229843,0.749993225484,0.511840334527
0.0578984989278,0.991181942967,0.995459498118,0.000494885859293,0.437550030528,1.00413428086,0.749966645573,0.511771454823
0.0586132952109,0.990963600142,0.995346822401,0.000513414991109,0.43759025229,1.00423716684,0.749939829393,0.511701974861
0.0593280914939,0.990743882939,0.99523343086,0.000532183229139,0.437630732216,1.00434071374,0.749912840125,0.51163205861
0.060042887777,0.990518919305,0.995117306797,0.000551864209907,0.437672197639,1.00444678359,0.749885192787,0.511560450284
0.06075768406,0.990293955672,0.995001182735,0.000571545190674,0.437713663062,1.00455285343,0.74985754443,0.511488852133
0.0614724803431,0.990064369511,0.994882649069,0.000592055344151,0.43775599833,1.0046611503,0.749829315025,0.511415762521
0.0621872766262,0.989832793801,0.994763078304,0.000612922376015,0.437798707982,1.00477040569,0.749800834901,0.511342037297
0.0629020729092,0.989599959391,0.99464285084,0.000634022003986,0.437841654923,1.00488026865,0.749772195454,0.511267913342
0.0636168691923,0.989361780591,0.994519835062,0.000656109226855,0.437885609389,1.00499271132,0.749742883001,0.51119206175
0.0643316654753,0.989123601791,0.994396819284,0.000678196449723,0.437929563855,1.00510515399,0.749713569402,0.511116221578
0.0650464617584,0.988880925053,0.994271454705,0.000701139260332,0.437974367871,1.00521977206,0.74968368805,0.511038927321
0.0657612580415,0.988636152407,0.994144995654,0.00072448075007,0.438019567753,1.00533540379,0.749653541476,0.510960962148
0.0664760543245,0.988390236318,0.994017938952,0.000748045962885,0.438064984021,1.00545158966,0.749623249358,0.510882635884
0.0671908506076,0.988138879323,0.993888038416,0.000772675729513,0.438111429937,1.00557041229,0.749592269213,0.510802546456
0.0679056468906,0.987887522329,0.99375813788,0.000797305496141,0.438157875852,1.00568923492,0.749561287786,0.510722469763
0.0686204431737,0.987631792048,0.993625949361,0.0008228147762,0.438205151027,1.00581018132,0.749529751893,0.510640976432
0.0693352394568,0.987373860459,0.993492609178,0.000848766762096,0.438252843612,1.00593219672,0.749497936214,0.510558776928
0.0700500357398,0.987114900208,0.993358730303,0.000874931245897,0.43830073165,1.00605471273,0.749465988788,0.510476254054
0.0707648320229,0.986850404032,0.99322195236,0.000902239323999,0.438349671556,1.00617992284,0.749433338226,0.510391932525
0.0714796283059,0.986585907856,0.993085174417,0.000929547402101,0.438398611462,1.00630513295,0.749400686241,0.510307625116
0.072194424589,0.986317163051,0.992946169311,0.000957756434059,0.438448360336,1.0064324152,0.749367493066,0.510221938587
0.0729092208721,0.98604611255,0.992805955543,0.000986454406069,0.438498548232,1.00656082198,0.74933400548,0.510135510672
0.0736240171551,0.985774147639,0.992665261941,0.00101535131043,0.438548910613,1.00668967574,0.749300399964,0.510048797193
0.0743388134382,0.985496553328,0.992521614333,0.00104547290502,0.438600347184,1.00682128123,0.749266076114,0.509960249601
0.0750536097212,0.985218959017,0.992377966724,0.00107559449962,0.438651783755,1.00695288672,0.749231750692,0.509871717584
0.0757684060043,0.984937240686,0.992232152767,0.0011066360083,0.438704009002,1.00708651272,0.749196897349,0.509781844037
0.0764832022873,0.984653113333,0.992085073351,0.00113821487934,0.43875669495,1.00722131898,0.749161734907,0.509691193937
0.0771979985704,0.984368185241,0.991937572851,0.00116997678953,0.438809534379,1.00735651848,0.749126468376,0.509600296162
0.0779127948535,0.984077535867,0.991787063709,0.00120304651426,0.438863470423,1.00749452764,0.749090468219,0.509507528848
0.0786275911365,0.983786886493,0.991636554567,0.00123611623899,0.438917406467,1.0076325368,0.749054466333,0.509414778635
0.0793423874196,0.983492237607,0.991483939876,0.00127012236394,0.43897211089,1.00777251482,0.749017949792,0.509320724555
0.0800571837026,0.983195077484,0.99133000314,0.00130471644124,0.439027297765,1.00791372904,0.748981109398,0.509225858799
0.0807719799857,0.982897229661,0.991175703951,0.00133947535056,0.439082617075,1.00805528264,0.748944178778,0.50913078334
0.0814867762688,0.982593570315,0.991018341801,0.00137562719912,0.439139055535,1.00819970415,0.748906499148,0.50903380295
0.0822015725518,0.982289910968,0.990860979651,0.00141177904768,0.439195493994,1.00834412566,0.748868817621,0.508936841254
0.0829163688349,0.981982376462,0.990701572723,0.00144888131554,0.439252680524,1.00849046433,0.748830634707,0.50883861343
0.0836311651179,0.981672229666,0.990540787387,0.00148662427211,0.439310371336,1.00863809538,0.748792113115,0.508739538847
0.084345961401,0.981361507525,0.9903796981,0.00152451155436,0.439368173491,1.00878601181,0.74875351519,0.508640292623
0.0850607576841,0.981044885306,0.990215491856,0.00156387887197,0.439427117442,1.00893685471,0.74871415277,0.508539106104
0.0857755539671,0.980728263087,0.990051285612,0.00160324618958,0.439486061392,1.00908769762,0.748674788281,0.508437939942
0.0864903502502,0.980407889853,0.989885095327,0.00164357548662,0.439545733092,1.00924040596,0.748634935672,0.508335545465
0.0872051465332,0.980084804487,0.989717470502,0.00168460033281,0.439605930982,1.00939446308,0.748594729488,0.508232269189
0.0879199428163,0.979761255394,0.989549600089,0.00172574671474,0.439666219076,1.00954875144,0.748554460894,0.508128859419
0.0886347390994,0.979431719406,0.989378559058,0.00176846216977,0.439727671726,1.00970602518,0.748513412221,0.508023474019
0.0893495353824,0.979102183418,0.989207518027,0.00181117762479,0.439789124375,1.00986329892,0.748472361296,0.507918110709
0.0900643316655,0.978769020296,0.989034553644,0.00185486416945,0.439851284437,1.0100223863,0.748430835524,0.507811556975
0.0907791279485,0.97843304646,0.988860098832,0.00189930322455,0.43991399268,1.01018287911,0.748388941206,0.50770408644
0.0914939242316,0.978096719729,0.988685456647,0.00194383875852,0.439976769937,1.01034354887,0.748346998433,0.507596520644
0.0922087205147,0.977754321067,0.988507590525,0.00199003431414,0.440040734626,1.01050726324,0.748304259893,0.507486943916
0.0929235167977,0.977411922405,0.988329724404,0.00203622986976,0.440104699316,1.01067097762,0.748261518912,0.507377391077
0.0936383130808,0.977066020175,0.988149995566,0.00208340318536,0.44016935106,1.01083645379,0.748218316362,0.507266685782
0.0943531093638,0.976717209958,0.987968720658,0.00213138804939,0.440234573064,1.01100339228,0.748174730218,0.507155028723
0.0950679056469,0.97636815684,0.987787316434,0.00217944208603,0.440299842835,1.01117045327,0.748131109609,0.507043314727
0.0957827019299,0.976012948584,0.987602635311,0.00222924897204,0.440366323038,1.01134061846,0.748086677439,0.506929554521
0.096497498213,0.975657740328,0.987417954188,0.00227905585804,0.440432803242,1.01151078365,0.74804224263,0.506815820072
0.0972122944961,0.975299151702,0.987231470916,0.00232984474554,0.440499950118,1.01168265872,0.747997359542,0.506700971215
0.0979270907791,0.974937559171,0.987043386197,0.00238150627104,0.440567689422,1.01185605325,0.747952077728,0.506585135668
0.0986418870622,0.974575832847,0.986855230049,0.00243320743209,0.44063545519,1.01202951566,0.747906775481,0.506469281596
0.0993566833452,0.974207870051,0.986663744403,0.00248675611677,0.440704454512,1.01220614221,0.747860645768,0.506351346064
0.100071479628,0.973839907254,0.986472258756,0.00254030480146,0.440773453834,1.01238276876,0.747814513209,0.506233438227
0.100786275911,0.973468686865,0.986279031453,0.00259483731233,0.440843099422,1.01256105319,0.747767945674,0.506114454106
0.101501072194,0.973094368058,0.986084147597,0.00265030557633,0.440913359697,1.01274091449,0.747720964199,0.505994448407
0.102215868477,0.972720023628,0.985889250021,0.00270578172751,0.440983625071,1.01292078887,0.747673976362,0.505874462684
0.102930664761,0.972339363311,0.985690970721,0.00276320188967,0.441055147249,1.01310388769,0.747626145042,0.505752360278
0.103645461044,0.971958702994,0.985492691421,0.00282062205183,0.441126669428,1.01328698651,0.747578310662,0.50563028757
0.104360257327,0.971574907385,0.985292730871,0.00287902546105,0.441198817434,1.01347169112,0.747530054624,0.505507176786
0.10507505361,0.971187920301,0.985091058943,0.00293842973716,0.441271602483,1.01365803028,0.747481369344,0.50538300957
0.105789849893,0.970800933217,0.984889387014,0.00299783401326,0.441344387532,1.01384436945,0.747432680894,0.505258873072
0.106504646176,0.970407715909,0.984684369121,0.00305922846223,0.441418420105,1.01403390991,0.747383154677,0.505132640392
0.107219442459,0.970014417045,0.984479307428,0.00312064896329,0.441492469008,1.01422349228,0.747333614253,0.505006411631
0.107934238742,0.969618104665,0.984272624795,0.00318304974243,0.441567123267,1.01441462824,0.747283665506,0.504879183083
0.108649035025,0.96921850925,0.984064176249,0.00324651847294,0.441642437024,1.01460745672,0.747233272128,0.504750863283
0.109363831308,0.968818913836,0.983855727704,0.00330998720346,0.441717750782,1.01480028521,0.747182875351,0.504622576304
0.110078627591,0.96841322504,0.983643996389,0.00337547389885,0.441794292581,1.01499626566,0.747131653338,0.50449223113
0.110793423874,0.968007348547,0.983432163953,0.00344102275509,0.441870872208,1.01519234322,0.747080402495,0.504361855432
0.111508220157,0.967598579736,0.983218770782,0.0035075465455,0.441948036683,1.01538992204,0.747028756687,0.504230518316
0.11222301644,0.967186437876,0.983003557465,0.00357520731376,0.442025883214,1.01558925165,0.746976650764,0.504098055165
0.112937812723,0.966774296016,0.982788344148,0.00364286808202,0.442103729744,1.01578858127,0.746924541206,0.503965627002
0.113652609006,0.966356197498,0.982569911245,0.00371257202015,0.442182784828,1.0159910135,0.746871618936,0.503831178706
0.114367405289,0.965937806225,0.982351320107,0.00378237637506,0.44226189931,1.01619359822,0.746818653148,0.503696665484
0.115082201573,0.965516643204,0.982131228322,0.0038531479612,0.442341578091,1.01639763177,0.746765305775,0.503561229298
0.115796997856,0.965092018712,0.98190926247,0.00392512746397,0.44242196159,1.01660347469,0.74671148271,0.503424632324
0.116511794139,0.96466739422,0.981687296618,0.00399710696674,0.442502345088,1.0168093176,0.746657655764,0.503288072572
0.117226590422,0.964236949618,0.981462174338,0.00407115226689,0.442583917644,1.01701821373,0.746603028628,0.503149530823
0.117941386705,0.963806108339,0.981236836929,0.00414533836363,0.44266557124,1.01722731796,0.746548343217,0.503010889787
0.118656182988,0.963372615198,0.981010058836,0.00422048164656,0.442747768543,1.01743781845,0.746493289626,0.502871364324
0.119370979271,0.962935573805,0.980781353075,0.00429690566657,0.442830693335,1.01765018717,0.746437744668,0.502730643353
0.120085775554,0.962498532411,0.980552647314,0.00437332968659,0.442913618128,1.01786255589,0.746382195576,0.502589961903
0.120800571837,0.962055807223,0.980320848252,0.0044518395645,0.442997712466,1.01807792838,0.746325858814,0.502447336667
0.12151536812,0.961612582622,0.980088777393,0.00453053271856,0.443081909568,1.01829356481,0.746269448947,0.502304577824
0.122230164403,0.961166825313,0.979855325678,0.00461017068942,0.443166629735,1.01851054478,0.746212684337,0.502160973174
0.122944960686,0.960717434651,0.979619893024,0.00469116406808,0.443252100276,1.01872945217,0.746155412581,0.502016138326
0.123659756969,0.96026804399,0.97938446037,0.00477215744673,0.443337570817,1.01894835956,0.746098136429,0.501871345364
0.124374553252,0.959813105567,0.979145997498,0.00485525418832,0.443424191376,1.01917022121,0.746040085132,0.501724646906
0.125089349535,0.959357566226,0.9789072064,0.00493857876022,0.443510936502,1.01939240286,0.745981945825,0.501577780557
0.125804145818,0.958899612548,0.978667094128,0.00502283347398,0.443598184002,1.01961587519,0.745923465241,0.501430107105
0.126518942102,0.958437942145,0.978424947988,0.00510852008414,0.443686204876,1.01984133445,0.745864461631,0.501281168798
0.127233738385,0.957976271742,0.978182801847,0.0051942066943,0.44377422575,1.02006679371,0.745805453353,0.501132274805
0.127948534668,0.957509189273,0.977937688518,0.00528201162942,0.443863377094,1.02029515764,0.745745682459,0.500981513683
0.128663330951,0.95704140566,0.977692190783,0.00537009099758,0.443952674893,1.02052389789,0.745685808573,0.500830550423
0.129378127234,0.956571325248,0.977445431399,0.00545908354688,0.44404245432,1.02075387579,0.74562560691,0.500678818851
0.130092923517,0.956097446511,0.977196585568,0.00554958626581,0.444133030239,1.02098590044,0.745564866233,0.500525787795
0.1308077198,0.955623567774,0.976947739738,0.00564008898475,0.444223606158,1.0212179251,0.745504120607,0.500372803545
0.131522516083,0.955144412275,0.976695989684,0.00573272246113,0.444315292976,1.02145280478,0.745442624904,0.500217990614
0.132237312366,0.954664456732,0.976443799303,0.00582567899495,0.444407148224,1.02168811732,0.745381011145,0.500062941333
0.132952108649,0.954182321044,0.976190406633,0.00591952948401,0.444499464298,1.02192461432,0.745319083146,0.499907162616
0.133666904932,0.953696307247,0.975934875298,0.00601497016652,0.444592600103,1.02216321825,0.745256600036,0.499750049816
0.134381701215,0.953210293451,0.975679343962,0.00611041084902,0.444685735907,1.02240182218,0.745194111687,0.499592986377
0.135096497498,0.952719137751,0.975420971297,0.00620799220634,0.444779963012,1.02264323136,0.74513088581,0.499434132784
0.135811293781,0.952227084483,0.97516210265,0.00630594723933,0.444874380615,1.02288513024,0.745067526729,0.499275008664
0.136526090064,0.951732966788,0.9749020909,0.00640477475811,0.444969238179,1.02312816018,0.745003866984,0.49911519407
0.137240886347,0.95123489306,0.974639888635,0.00650527420973,0.445064938838,1.02337335758,0.744939635919,0.498954010823
0.13795568263,0.950736819333,0.97437768637,0.00660577366135,0.445160639496,1.02361855497,0.744875399315,0.498792879556
0.138670478914,0.950233738065,0.974112705586,0.00670842120546,0.445257411826,1.02386650776,0.744810437745,0.498629996741
0.139385275197,0.949729663121,0.973847173444,0.00681149500854,0.445354396814,1.02411500732,0.744745327737,0.498466809258
0.14010007148,0.949223638488,0.973580557197,0.00691541760698,0.445451800837,1.02436458437,0.744679930684,0.498302970348
0.140814867763,0.948713581799,0.973311698968,0.00702109555741,0.445550071444,1.02461638976,0.744613945985,0.498137728244
0.141529664046,0.94820352511,0.973042840738,0.00712677350784,0.445648342052,1.02486819514,0.744547955439,0.497972540799
0.142244460329,0.947688594695,0.972771266707,0.00723460448511,0.445747664668,1.02512270593,0.744481252506,0.497805640497
0.142959256612,0.94717257596,0.972499086229,0.00734291624014,0.4458472222,1.02537782084,0.744414385809,0.497638401416
0.143674052895,0.946654721243,0.972225880451,0.00745205090253,0.445947177772,1.02563395949,0.744347245731,0.497470550043
0.144388849178,0.946132760389,0.971950381611,0.00756302597917,0.446048023551,1.02589238769,0.744279501565,0.497301260961
0.145103645461,0.945610799536,0.971674882772,0.00767400105581,0.446148869329,1.02615081589,0.744211751231,0.497132029282
0.145818441744,0.945084098167,0.971396730745,0.00778713162767,0.446250747415,1.02641189939,0.744143301109,0.496961123516
0.146533238027,0.944556215348,0.97111791748,0.00790079940104,0.446352882777,1.02667364466,0.744074671806,0.496789844894
0.14724803431,0.944026609171,0.970838137514,0.0080152620206,0.446455395112,1.02693635968,0.744005782832,0.4966179932
0.147962830593,0.943492824763,0.970556013808,0.00813165172227,0.44655882141,1.02720142584,0.743936273205,0.496444669313
0.148677626876,0.942959040355,0.970273890102,0.00824804142394,0.446662247707,1.027466492,0.743866757083,0.496271405631
0.149392423159,0.94242064799,0.96998917571,0.00836658664153,0.44676668657,1.02773416322,0.74379655379,0.496096506716
0.150107219442,0.941880982597,0.969703745596,0.00848572735794,0.446871405171,1.02800255413,0.743726155805,0.4959212009
0.150822015726,0.941339705344,0.969417407165,0.00860563271152,0.446976479606,1.02827186061,0.74365551191,0.495745361318
0.151536812009,0.940794179791,0.969128674725,0.00872755338234,0.447082491895,1.02854358018,0.743584230673,0.495568015086
0.152251608292,0.940248654237,0.968839942286,0.00884947405315,0.447188504184,1.02881529975,0.743512942601,0.495390731922
0.152966404575,0.93969865258,0.968548681539,0.00897354783215,0.447295509252,1.029089574,0.743440980003,0.495211852462
0.153681200858,0.939147287915,0.968256650903,0.00909827724863,0.447402816628,1.02936462616,0.743368807102,0.495032532086
0.154395997141,0.938594421713,0.967963770109,0.00922373897158,0.447510458621,1.02964053946,0.743296402103,0.494852717339
0.155110793424,0.938037239207,0.967668445458,0.00935130577499,0.4476190625,1.0299189282,0.743223342946,0.494671361511
0.155825589707,0.937480056702,0.967373120806,0.0094788725784,0.447727666378,1.03019731693,0.743150276607,0.494490071674
0.15654038599,0.936918529189,0.967075330093,0.00960858767402,0.447837243201,1.03047820979,0.743076548411,0.494307224563
0.157255182273,0.936355550332,0.966776715653,0.00973902035402,0.447947145012,1.0307599391,0.7430025942,0.49412390255
0.157969978556,0.935791179038,0.966477308978,0.0098701509152,0.448057360142,1.0310424749,0.742928421759,0.493940125647
0.158684774839,0.935222425542,0.966175409025,0.0100034778082,0.448168561332,1.03132754883,0.742853578216,0.49375477326
0.159399571122,0.934653672045,0.965873509072,0.0101368047012,0.448279762521,1.03161262277,0.742778727131,0.493569489845
0.160114367405,0.934080703832,0.965569205162,0.0102722726834,0.448391916769,1.03190015013,0.742703226889,0.493382688263
0.160829163688,0.933506197625,0.965264024022,0.0104085219711,0.448504418798,1.03218857277,0.742627484814,0.493195377823
0.161543959971,0.93293040681,0.964958108325,0.0105454326481,0.448617212765,1.03247774701,0.742551538437,0.49300765206
0.162258756254,0.932350170039,0.964649650371,0.0106846323557,0.44873101711,1.03276952247,0.742474903879,0.492818316437
0.162973552538,0.931769933268,0.964341192417,0.0108238320633,0.448844821456,1.03306129794,0.74239826141,0.492629052828
0.163688348821,0.931185611213,0.964030392455,0.010965163292,0.44895955892,1.03335547595,0.742320982514,0.492438310241
0.164403145104,0.930599666241,0.963718662109,0.0111073412867,0.449074667073,1.0336506084,0.742243445863,0.492247024871
0.165117941387,0.930012543176,0.963406254631,0.0112501421413,0.449190045696,1.0339464373,0.742165718896,0.492055363829
0.16583273767,0.929420912584,0.963091256364,0.011395326131,0.449306459165,1.0342449309,0.742087286534,0.491862058581
0.166547533953,0.928829281992,0.962776258097,0.0115405101207,0.449422872634,1.03454342451,0.742008845881,0.491668828445
0.167262330236,0.928233694643,0.96245897961,0.0116878137212,0.449540199223,1.0348442696,0.741929781568,0.491474158606
0.167977126519,0.927636401225,0.962140717941,0.0118360312524,0.44965791953,1.0351461286,0.741850443466,0.491278912086
0.168691922802,0.927038034865,0.961821836299,0.0119848311059,0.449775888747,1.03544862865,0.741770929097,0.491083329633
0.169406719085,0.926435101628,0.961500315796,0.0121361095624,0.449894917429,1.03575385728,0.741690691981,0.490886068654
0.170121515368,0.925832168392,0.961178795293,0.012287388019,0.450013946111,1.03605908592,0.741610446184,0.490688885943
0.170836311651,0.925225405967,0.960855056185,0.0124407718582,0.450133867853,1.03636661478,0.741529589529,0.490490302889
0.171551107934,0.924616856132,0.960530281464,0.0125951384598,0.450254206463,1.03667521734,0.741448442939,0.490291109284
0.172265904217,0.924007337104,0.960204943655,0.0127500448689,0.450374772331,1.03698440529,0.741367134198,0.490091619571
0.1729807005,0.923393194104,0.959876919382,0.0129075266693,0.450496422437,1.03729638611,0.741285085216,0.489890417039
0.173695496783,0.922779051104,0.959548895108,0.0130650084698,0.450618072542,1.03760836692,0.741203027151,0.489689295988
0.174410293066,0.92216120548,0.959218713663,0.0132245791314,0.450740595584,1.03792259649,0.741120371071,0.489486814039
0.17512508935,0.921541492958,0.958887444551,0.0133852030172,0.450863558767,1.0382379599,0.741037408794,0.489283687698
0.175839885633,0.920920913537,0.958555668949,0.01354632225,0.450986727461,1.03855385277,0.740954298549,0.489080305157
0.176554681916,0.920295655345,0.95822115976,0.0137101149387,0.451111005321,1.03887260317,0.740870430425,0.488875175534
0.177269478199,0.919670397153,0.95788665057,0.0138739076275,0.451235283181,1.03919135357,0.740786552806,0.488670130661
0.177984274482,0.919041561847,0.957550045449,0.0140397703884,0.451360413784,1.03951230105,0.740702090058,0.488463764421
0.178699070765,0.918410782047,0.957212300992,0.0142067584273,0.451486007933,1.03983444285,0.740617304731,0.488256719973
0.179413867048,0.917779236148,0.956874106353,0.0143741954391,0.451611785744,1.04015705788,0.740532385691,0.48804945932
0.180128663331,0.917142959007,0.95653313149,0.0145444052034,0.451738697808,1.04048259553,0.740446690986,0.48784041735
0.180843459614,0.916506681866,0.956192156626,0.0147146149677,0.451865609873,1.04080813317,0.740360986362,0.487631463453
0.181558255897,0.91586695202,0.955849146869,0.0148868737742,0.451993354417,1.041135816,0.740274709539,0.487421227805
0.18227305218,0.915225202014,0.955504946505,0.0150603314655,0.45212158604,1.04146475397,0.740188093636,0.487210280164
0.182987848463,0.914582785172,0.95516035196,0.0152341898754,0.452249979374,1.04179410868,0.740101358346,0.486999156393
0.183702644746,0.91393558698,0.954812931053,0.0154109215206,0.452379532213,1.04212645147,0.740013829457,0.4867862171
0.184417441029,0.913288388789,0.954465510146,0.0155876531658,0.452509085052,1.04245879427,0.739926290213,0.486573369259
0.185132237312,0.912637861152,0.954116115171,0.01576641061,0.45263945003,1.04279323012,0.739838191749,0.486359279368
0.185847033595,0.911985239659,0.953765478725,0.0159464420592,0.452770325756,1.04312898228,0.739749737576,0.486144443724
0.186561829878,0.911332049012,0.953414503785,0.0161268241265,0.452901341137,1.04346509438,0.739661178421,0.485929472111
0.187276626162,0.910674029306,0.953060656853,0.0163101810521,0.453033541436,1.04380426046,0.739571807578,0.485712650799
0.187991422445,0.9100160096,0.952706809921,0.0164935379776,0.453165741735,1.04414342655,0.739482425934,0.485495924373
0.188706218728,0.909354782511,0.952351049526,0.016678895274,0.453298733757,1.04448463333,0.739392498097,0.485277995681
0.189421015011,0.908691389881,0.95199399721,0.0168656031686,0.453432260331,1.04482721793,0.739302197798,0.485059287506
0.190135811294,0.908027524153,0.951636661763,0.0170526097693,0.453565904394,1.04517010538,0.739211806998,0.484840483604
0.190850607577,0.907358784088,0.951276409213,0.0172426939447,0.453700758957,1.04551611312,0.739120586266,0.484619795857
0.19156540386,0.906690044024,0.950916156663,0.0174327781201,0.453835613521,1.04586212086,0.739029354274,0.484399206482
0.192280200143,0.906018217395,0.950554051022,0.0176248350824,0.453971239309,1.04621011669,0.738937589171,0.484177454712
0.192994996426,0.905344155586,0.950190603437,0.0178183206679,0.454107423592,1.04655955221,0.738845434721,0.483954889755
0.193709792709,0.904669715071,0.949826927751,0.0180120512717,0.454243703088,1.04690923319,0.738753204333,0.483732269393
0.194424588992,0.903990357405,0.949460290378,0.0182089632125,0.454381218835,1.04726210116,0.738660125609,0.483507731073
0.195139385275,0.903310999739,0.949093653005,0.0184058751534,0.454518734582,1.04761496914,0.738567035155,0.483283294662
0.195854181558,0.90262867504,0.948725222671,0.0186047301719,0.454657000972,1.04796977234,0.738473424727,0.483057735811
0.196568977841,0.901944047604,0.948355400806,0.018805093228,0.454795849942,1.04832607747,0.738379407932,0.482831330098
0.197283774124,0.901259134146,0.947985405525,0.0190056458757,0.454934771733,1.04868257035,0.738285329847,0.482604909383
0.197998570407,0.90056926322,0.947612404511,0.0192094846201,0.455074955698,1.04904231736,0.738190384862,0.482376536628
0.19871336669,0.899879392294,0.947239403498,0.0194133233644,0.455215139663,1.04940206437,0.738095427663,0.482148269372
0.199428162974,0.89918667253,0.946864669402,0.0196190733829,0.455356053601,1.04976369346,0.737999963685,0.481918919714
0.200142959257,0.898491584592,0.946488494633,0.0198264122003,0.455497574349,1.0501268871,0.737904076186,0.481688689546
0.20085775554,0.897796301569,0.94611220078,0.0200338834805,0.455639145408,1.05049021046,0.737808142129,0.481458484859
0.201572551823,0.897096023289,0.945732857697,0.0202447465657,0.45578200474,1.05085685549,0.737711322443,0.481226294082
0.202287348106,0.896395745008,0.945353514613,0.020455609651,0.455924864071,1.05122350052,0.737614490048,0.480994212446
0.203002144389,0.895692734706,0.944972498064,0.0206683501442,0.456068432615,1.05159197424,0.737517164129,0.48076108853
0.203716940672,0.894987292946,0.944589992156,0.020882761501,0.456212632345,1.05196207546,0.737419397395,0.480527050484
0.204431736955,0.894281745254,0.944207421132,0.0210972465282,0.456356859758,1.05233224807,0.737321598925,0.480293078478
0.205146533238,0.89357116707,0.943821757937,0.0213152299676,0.456502401717,1.0527058103,0.73722289593,0.480057086369
0.205861329521,0.892860588886,0.943436094742,0.0215332134069,0.456647943676,1.05307937254,0.737124179717,0.479821207091
0.206576125804,0.892147394072,0.943048817426,0.0217530383585,0.456794173992,1.05345470979,0.7370249833,0.479584325739
0.207290922087,0.891431706708,0.942660002531,0.0219746174974,0.456941060023,1.05383173787,0.73692532863,0.479346496666
0.20800571837,0.890716000735,0.942271176115,0.0221962098893,0.457087950982,1.05420877867,0.736825657139,0.479108774268
0.208720514653,0.889995231625,0.941879215154,0.0224214081492,0.457236182942,1.05458927747,0.736725062054,0.478868997788
0.209435310936,0.889274462516,0.941487254194,0.022646606409,0.457384414902,1.05496977627,0.736624453231,0.47862933788
0.210150107219,0.8885511907,0.941093738176,0.022873608289,0.457533314266,1.05535199612,0.736523377588,0.478388716184
0.210864903503,0.887825367465,0.940698636833,0.0231024488944,0.457682894025,1.05573597051,0.736421826113,0.478147113208
0.211579699786,0.887099544231,0.94030353549,0.0233312894998,0.457832473784,1.05611994491,0.736320260631,0.477905628643
0.212294496069,0.88636876153,0.939905341188,0.0235637467273,0.457983385277,1.05650735351,0.736217776696,0.477662114
0.213009292352,0.885637911979,0.939507105196,0.0237962527044,0.458134314721,1.0568948084,0.7361152663,0.477418690746
0.213724088635,0.884904672135,0.939107372918,0.0240305224479,0.458285890517,1.05728393009,0.736012302535,0.477174346071
0.214438884918,0.88416882426,0.938706008055,0.0242667166232,0.458438171543,1.0576748704,0.735908845209,0.476928986584
0.215153681201,0.883432976386,0.938304643192,0.0245029107986,0.458590452569,1.05806581072,0.735805373337,0.47668374932
0.215868477484,0.882692308772,0.937900249798,0.0247427035005,0.45874404613,1.05846013576,0.735700994882,0.476436522021
0.216583273767,0.881951490751,0.937495761894,0.0249826084994,0.458897680651,1.05885456644,0.735596573775,0.476189352973
0.21729807005,0.881208393297,0.937089836176,0.0252242354844,0.459051940368,1.05925060935,0.735491712823,0.475941302953
0.218012866333,0.88046263349,0.936682231108,0.02546787373,0.459206930308,1.05964853535,0.73538634043,0.475692204621
0.218727662616,0.879716873682,0.93627462604,0.0257115119755,0.459361920249,1.06004646134,0.735280952937,0.475443232371
0.219442458899,0.878966432654,0.935864056659,0.0259587283385,0.459518203448,1.06044772233,0.735174670777,0.475192310214
0.220157255182,0.878215759601,0.935453340352,0.0262061220497,0.459674550746,1.06084914862,0.735068329649,0.474941413196
0.220872051465,0.877462911615,0.935047908453,0.026455196046,0.459831501986,1.06125213711,0.73496156227,0.474689675724
0.221586847748,0.876707343315,0.934649086064,0.0267063716707,0.459989208607,1.06165707952,0.734854265411,0.474436856462
0.222301644031,0.875951775014,0.934250263674,0.0269575472954,0.460146915229,1.06206202194,0.734746952883,0.474184167185
0.223016440315,0.87519163565,0.933851254169,0.0272122895589,0.460305895837,1.06247027647,0.734638757596,0.473929568083
0.223731236598,0.874431182763,0.933452231831,0.0274672764527,0.460464963826,1.06287875816,0.734530486892,0.473674961021
0.224446032881,0.873668654161,0.933051929229,0.0277239015887,0.460624614464,1.06328875504,0.734421803555,0.473419553983
0.225160829164,0.872903343901,0.932649910951,0.0279827221259,0.460785045906,1.06370078239,0.734312572474,0.473163031549
0.225875625447,0.872138033641,0.932247892674,0.0282415426632,0.460945477348,1.06411280974,0.734203325143,0.47290664305
0.22659042173,0.871368286038,0.931843125949,0.0285039058377,0.461107163532,1.0645281002,0.734093206935,0.472648384718
0.227305218013,0.870598146554,0.931438116497,0.0287665818787,0.461268960527,1.06494367883,0.733982996719,0.472390085328
0.228020014296,0.869826036922,0.931031881527,0.0290308489938,0.461431318773,1.06536071714,0.733872387563,0.472131026512
0.228734810579,0.869051096543,0.930623885708,0.0292974021952,0.461594483433,1.06577985272,0.733761212226,0.471870818691
0.229449606862,0.868276156163,0.930215889889,0.0295639553966,0.461757648093,1.0661989883,0.733650020041,0.471610748801
0.230164403145,0.867496911616,0.929805205069,0.0298340247173,0.461922048153,1.06662133697,0.733537968919,0.471348849172
0.230879199428,0.86671719885,0.929394227733,0.0301044765309,0.462086582604,1.06704403517,0.733425809061,0.471086875403
0.231593995711,0.865935619869,0.928982079365,0.0303764704518,0.462251656783,1.06746813718,0.73331326404,0.470824182843
0.232308791994,0.865151163401,0.928568125402,0.030650842123,0.462417563161,1.0678944037,0.733200134233,0.470560307697
0.233023588277,0.864366706933,0.92815417144,0.0309252137943,0.462583469539,1.06832067022,0.733086986968,0.470296574522
0.23373838456,0.863578078171,0.927737587743,0.0312030728745,0.462750591877,1.06875009952,0.732972992765,0.470031051804
0.234453180843,0.862788906862,0.927320662088,0.0314813854414,0.462917872333,1.06917994009,0.732858872954,0.469765421874
0.235167977127,0.861997971595,0.92690261962,0.0317611893877,0.463085670871,1.06961112826,0.732744381848,0.469499113878
0.23588277341,0.861204114481,0.926482727247,0.0320434636793,0.463254327567,1.07004454861,0.732629287179,0.469231589741
0.236597569693,0.860410257366,0.926062834874,0.0323257379709,0.463422984264,1.07047796897,0.732514174426,0.46896421166
0.237312365976,0.859612358483,0.925640371846,0.0326114688014,0.46359283738,1.07091450146,0.7323982268,0.468695084329
0.238027162259,0.858813844771,0.925217517772,0.0328977254366,0.463762872493,1.07135150737,0.732282136548,0.46842581673
0.238741958542,0.858013667643,0.92479360083,0.0331854210007,0.463933403913,1.0717898043,0.732165688957,0.468155911876
0.239456754825,0.857210526713,0.924367790115,0.0334756803868,0.464104819632,1.07223040154,0.732048618856,0.467884757353
0.240171551108,0.856407385783,0.923941979399,0.033765939773,0.46427623535,1.07267099878,0.731931530029,0.467613753013
0.240886347391,0.855600332219,0.92351365691,0.0340596227018,0.464448827841,1.0731146572,0.731813618457,0.467341039816
0.241601143674,0.854792593621,0.923084894653,0.0343539050334,0.464621626364,1.07355885157,0.731695547093,0.46706815331
0.242315939957,0.853983290395,0.922655123186,0.0346495721602,0.464794899288,1.07400428003,0.731577132442,0.466794670442
0.24303073624,0.853170983848,0.92222341453,0.0349478974177,0.46496908283,1.07445207735,0.731458076154,0.466519904407
0.243745532523,0.8523586773,0.921791705873,0.0352462226752,0.465143266371,1.07489987467,0.731339000484,0.466245292724
0.244460328806,0.851542585818,0.921357544118,0.0355479363877,0.465318606932,1.07535068186,0.731219114266,0.465969012674
0.245175125089,0.850725741207,0.920922894245,0.0358503243363,0.465494177718,1.07580208796,0.731099050938,0.465692526289
0.245889921372,0.849907428964,0.920487288528,0.0361540413028,0.465670200864,1.07625467085,0.730978658468,0.465415484517
0.246604717655,0.849086076343,0.920049702664,0.0364605114907,0.465847161131,1.07670969158,0.730857605057,0.465137126111
0.247319513939,0.848264723721,0.9196121168,0.0367669816786,0.466024121398,1.07716471231,0.730736531591,0.464858926269
0.248034310222,0.847439712383,0.919172136299,0.0370768031773,0.46620221882,1.07762269126,0.730614659845,0.464579098643
0.248749106505,0.846613881966,0.918731619711,0.0373873749351,0.466380570818,1.07808133248,0.730492593516,0.464299031674
0.249463902788,0.845786679082,0.918290200341,0.0376992183311,0.466559353002,1.0785410928,0.730370212289,0.464018450372
0.250178699071,0.844956401251,0.917846758335,0.0380139107699,0.466739098993,1.07900336038,0.730247150632,0.463736519
0.250893495354,0.84412612342,0.917403316329,0.0383286032088,0.466918844985,1.07946562796,0.730124068234,0.463454750444
0.251608291637,0.843292311569,0.916957537924,0.0386466077938,0.467099708155,1.07993080178,0.730000199894,0.463171394783
0.25232308792,0.842457616864,0.916511175851,0.0389654398047,0.467280850415,1.08039670162,0.729876119342,0.462887766786
0.253037884203,0.841621642989,0.916063963749,0.0392854845125,0.467462400544,1.08086366247,0.729751738234,0.462603665589
0.253752680486,0.840782562113,0.915614686998,0.0396084747643,0.467644941357,1.08133320046,0.729626657026,0.462318180921
0.254467476769,0.839943481237,0.915165410247,0.0399314650162,0.46782748217,1.08180273845,0.729501554371,0.462032863359
0.255182273052,0.839100989473,0.914713855103,0.0402577262657,0.468011120069,1.0822751303,0.729375678187,0.461745999464
0.255897069335,0.838257553286,0.914261669107,0.0405848932047,0.468195061735,1.08274831235,0.729249572002,0.46145883026
0.256611865618,0.837412929324,0.913808685517,0.0409132123804,0.468379388814,1.08322249695,0.729123179707,0.461171229062
0.257326661901,0.836565168844,0.913353595748,0.0412445742285,0.468564733641,1.08369932898,0.728996067451,0.460882211028
0.258041458184,0.835717408365,0.912898505979,0.0415759360766,0.468750078468,1.084176161,0.728868933027,0.460593364429
0.258756254467,0.834866358524,0.912441195582,0.0419105258278,0.468936500169,1.08465579416,0.728741037565,0.46030301236
0.259471050751,0.834014304927,0.911983207555,0.0422461005815,0.469123250481,1.08513628208,0.728612894148,0.460012322027
0.260185847034,0.833161153011,0.911524474041,0.0425827656354,0.469310363605,1.08561771371,0.728484479172,0.459721240982
0.260900643317,0.832304837624,0.911063593312,0.0429225710646,0.469498521734,1.08610186348,0.728355324183,0.459428709772
0.2616154396,0.831448522238,0.910602712583,0.0432623764938,0.469686679863,1.08658601324,0.728226146288,0.459136354363
0.262330235883,0.830589037371,0.910139668741,0.0436053648237,0.469875894531,1.08707291102,0.728096219925,0.458842534437
0.263045032166,0.829728491678,0.909675900906,0.0439494184705,0.470065462822,1.08756072856,0.727966027489,0.458548343312
0.263759828449,0.828866935151,0.909211439354,0.0442944990482,0.470255371179,1.08804943055,0.72783557815,0.458253802827
0.264474624732,0.828002190786,0.908744790051,0.0446428182255,0.47044635199,1.08854092181,0.727704368552,0.457957778889
0.265189421015,0.827137446422,0.908278140748,0.0449911374028,0.470637332801,1.08903241307,0.727573135292,0.457661935155
0.265904217298,0.82626965077,0.907809385591,0.0453425926095,0.470829349692,1.08952659884,0.727441166218,0.457364667944
0.266619013581,0.825400739519,0.907339860499,0.0456951944001,0.47102174539,1.09002176977,0.727308912781,0.457066996622
0.267333809864,0.82453090291,0.906869693117,0.0460487583637,0.471214458257,1.0905177655,0.727176417208,0.456769017359
0.268048606147,0.823657856705,0.906397297957,0.0464056596188,0.471408271222,1.09101662205,0.727043140933,0.456469521396
0.26876340243,0.8227848105,0.905924902796,0.0467625608739,0.471602084187,1.0915154786,0.726909840223,0.456170210076
0.269478198713,0.821908829478,0.905450458774,0.0471225494581,0.471796912644,1.09201697576,0.726775816436,0.455869516405
0.270192994996,0.821031680402,0.904975199307,0.0474837667964,0.471992145267,1.09251952388,0.726641489824,0.455568385735
0.270907791279,0.820153689406,0.904499348623,0.0478458802062,0.47218767201,1.09302283675,0.726506935955,0.45526698861
0.271622587563,0.819272469686,0.904021230651,0.0482114300125,0.472384326691,1.0935290824,0.726371580741,0.45496404158
0.272337383846,0.818391249965,0.903543112679,0.0485769798188,0.472580981373,1.09403532804,0.7262362003,0.454661283667
0.273052180129,0.817507210134,0.903063002562,0.0489455664653,0.472778630829,1.09454416,0.726100109607,0.454357184615
0.273766976412,0.816621952142,0.902582031929,0.0493154648895,0.472976709983,1.09505410913,0.725963697451,0.454052615699
0.274481772695,0.815735933597,0.902100520793,0.0496861919857,0.473175060055,1.09556476255,0.725827073031,0.453747821875
0.275196568978,0.81484666985,0.901616703384,0.0500604549415,0.473374566104,1.09607842111,0.725689626422,0.45344144499
0.275911365261,0.813957406102,0.901132885975,0.0504347178973,0.473574072154,1.09659207966,0.725552153774,0.453135261729
0.276626161544,0.813065435149,0.900647132855,0.0508119654571,0.473774552126,1.09710826982,0.725413983787,0.452827778622
0.277340957827,0.812172198304,0.900160474596,0.0511906086209,0.473975487506,1.09762564376,0.725275473523,0.452519792814
0.27805575411,0.811278280168,0.899673326177,0.0515700118055,0.474176670445,1.09814366113,0.725136766104,0.452211623706
0.278770550393,0.810381103023,0.899183833034,0.0519530506154,0.4743790376,1.09866475639,0.724997215443,0.451901838428
0.279485346676,0.809483925878,0.898694339892,0.0523360894253,0.474581404756,1.09918585165,0.724857637915,0.451592251315
0.280200142959,0.808584152595,0.898202967182,0.0527220588977,0.474784724847,1.09970942339,0.724717376053,0.451281405729
0.280914939242,0.807683068087,0.897710645165,0.0531095085522,0.474988526234,1.10023424591,0.724576754917,0.450970024632
0.281629735525,0.806781379419,0.897217882953,0.053497648371,0.475192551661,1.1007596506,0.724435951854,0.450658501902
0.282344531808,0.805876420624,0.89672273811,0.0538895238278,0.475397789746,1.10128820632,0.724294284289,0.450345329943
0.283059328091,0.804971461828,0.896227593266,0.0542813992845,0.475603027831,1.10181676204,0.724152589009,0.450032360722
0.283774124375,0.804064016088,0.8957306247,0.0546761497996,0.475809197725,1.10234773869,0.724010222494,0.449718174479
0.284488920658,0.803155216216,0.895232663121,0.0550724657746,0.476015874984,1.10288003353,0.723867477523,0.449403419946
0.285203716941,0.802245887148,0.894734310928,0.0554694009002,0.476222752605,1.10341284885,0.723724565975,0.449088565499
0.285918513224,0.801333279544,0.894233538746,0.0558701718665,0.476430871526,1.10394888872,0.723580768452,0.44877202882
0.286633309507,0.80042067194,0.893732766564,0.0562709428328,0.476638990447,1.1044849286,0.723436942347,0.448455699483
0.28734810579,0.799505684676,0.893230226194,0.0566745316339,0.476848019908,1.10502333344,0.723292458202,0.44813819465
0.288062902073,0.798589302819,0.892726649581,0.0570797718204,0.477057582988,1.10556312425,0.723147576233,0.44782008878
0.288777698356,0.797672464539,0.892222731538,0.0574855590345,0.477267322586,1.10610337347,0.723002543159,0.447501924767
0.289492494639,0.79675234204,0.891716356708,0.0578952824252,0.477478332331,1.10664692112,0.722856602424,0.447182045576
0.290207290922,0.79583221954,0.891209981878,0.058305005816,0.477689342077,1.10719046877,0.722710632219,0.446862378359
0.290922087205,0.794909822722,0.890701894079,0.0587174882428,0.477901240949,1.10773632499,0.722564017269,0.446541577248
0.291636883488,0.79398599332,0.890192727288,0.0591317085754,0.478113699877,1.10828363536,0.722416984935,0.446220142385
0.292351679771,0.793061778047,0.889683267848,0.0595464027519,0.478326311315,1.10883134163,0.722269817094,0.445898691199
0.293066476054,0.792134275613,0.889171315391,0.0599651335167,0.478540221953,1.10938242058,0.722121719689,0.445575491948
0.293781272337,0.791206773178,0.888659362934,0.0603838642815,0.478754132591,1.10993349953,0.721973591906,0.445252509332
0.29449606862,0.790277099789,0.888145752403,0.0608052937532,0.478968910794,1.11048683021,0.721824832772,0.444928434495
0.295210864904,0.789345958318,0.887631020618,0.0612285481924,0.479184275678,1.11104168359,0.721675636503,0.444603693229
0.295925661187,0.78841449928,0.887116044555,0.0616522022805,0.479399768894,1.11159686999,0.721526320452,0.444278977503
0.29664045747,0.787479752895,0.886598539821,0.0620799933866,0.47961659057,1.11215550364,0.721376052715,0.443952480888
0.297355253753,0.786545006511,0.886081035088,0.0625077844926,0.479833412245,1.11271413729,0.721225753669,0.443626205598
0.298070050036,0.785608190525,0.88556192684,0.0629382124912,0.480051079775,1.11327496539,0.721074836772,0.443298879828
0.298784846319,0.784669873474,0.885041655577,0.0633705530064,0.480269360796,1.11383738512,0.720923462792,0.44297085499
0.299499642602,0.783731304882,0.884521187987,0.0638032180145,0.480487745805,1.11440007457,0.720771984885,0.442642897596
0.300214438885,0.782789451534,0.883998156657,0.0642401204294,0.480707488738,1.11496628618,0.720619532945,0.442313126555
0.300929235168,0.781847598186,0.883475125326,0.0646770228443,0.48092723167,1.11553249779,0.720467048747,0.441983581557
0.301644031451,0.780903774546,0.882950544701,0.0651164988984,0.481147798595,1.11610084614,0.720313960301,0.441653027885
0.302358827734,0.779958419391,0.882424759806,0.0655579754512,0.481369006012,1.11667085539,0.720160394626,0.441321742547
0.303073624017,0.779012876421,0.881898826106,0.0659997004301,0.481590292898,1.11724107068,0.720006741011,0.440990566595
0.3037884203,0.778064054071,0.881370294189,0.0664457631053,0.481812967382,1.11781488333,0.719852090792,0.440657544308
0.304503216583,0.777115231721,0.880841762272,0.0668918257806,0.482035641865,1.11838869599,0.719697407342,0.440324752806
0.305218012866,0.776164536314,0.880311734931,0.0673403974492,0.482259118323,1.11896458724,0.719542133358,0.439990994501
0.305932809149,0.775212281497,0.879780462578,0.0677910579768,0.482483262464,1.11954220903,0.719386361795,0.439656471975
0.306647605432,0.774259900265,0.879249088508,0.0682418900042,0.482707461383,1.12011997275,0.719230518413,0.43932210081
0.307362401716,0.773304247827,0.878715082346,0.0686971598586,0.482933077781,1.12070140936,0.719073655628,0.438985850697
0.308077197999,0.77234859539,0.878181076183,0.069152429713,0.483158694179,1.12128284597,0.718916758617,0.438649836135
0.308791994282,0.771391165027,0.87764562811,0.06961014257,0.483385090377,1.12186630258,0.718759284895,0.438312896701
0.309506790565,0.77043214993,0.877108894807,0.070070032969,0.48361218164,1.12245155969,0.718601293041,0.437975160537
0.310221586848,0.769473067465,0.876572106428,0.0705300171333,0.483839302815,1.12303689426,0.718443245626,0.437637617739
0.310936383131,0.768510724784,0.876032652693,0.0709945390371,0.48406787156,1.12362597752,0.718284155777,0.437298163456
0.311651179414,0.767548382102,0.875493198957,0.0714590609408,0.484296440305,1.12421506078,0.718125030684,0.436958949515
0.312365975697,0.76658435449,0.874952356458,0.0719259585593,0.484525766514,1.12480610499,0.717965342816,0.436618852689
0.31308077198,0.765618719411,0.874410189042,0.0723951226694,0.484755815365,1.12539902001,0.717805116055,0.436277926675
0.313795568263,0.764653073638,0.873868012739,0.0728643020548,0.484985869084,1.12599194762,0.717644850128,0.435937236056
0.314510364546,0.76368418146,0.873323138435,0.0733381188135,0.485217400673,1.12658869998,0.717483518505,0.435594601497
0.315225160829,0.762715289282,0.87277826413,0.0738119355722,0.485448932263,1.12718545233,0.717322150597,0.435252212093
0.315939957112,0.761744803003,0.872232053833,0.0742880595092,0.485681198821,1.12778410616,0.717160233964,0.434908981845
0.316654753395,0.760772689132,0.871684479475,0.074766539098,0.485914215789,1.1283847014,0.716997757466,0.434564890003
0.317369549678,0.759800575261,0.871136905116,0.0752450186869,0.486147232757,1.12898529664,0.716835244141,0.434221045583
0.318084345961,0.758825318796,0.870586674419,0.0757281071081,0.486381717398,1.12958968764,0.716671670015,0.433875284901
0.318799142244,0.757850018748,0.870036406881,0.0762112594472,0.486616222392,1.13019413128,0.716508044343,0.433529744183
0.319513938528,0.756873213237,0.869484855741,0.0766966492289,0.486851439695,1.13080041646,0.716343884112,0.433183404716
0.320228734811,0.755894762632,0.868931901942,0.0771844839762,0.487087435372,1.13140871398,0.716179142832,0.432836171302
0.320943531094,0.754916312027,0.868378948143,0.0776723187234,0.487323431049,1.1320170115,0.716014363648,0.432489190151
0.321658327377,0.753934842032,0.867823397137,0.0781647015123,0.487560874314,1.13262905007,0.715848535436,0.432140334911
0.32237312366,0.752953276595,0.867267764036,0.0786572280621,0.487798363336,1.1332412069,0.715682636833,0.431791667264
0.323087919943,0.751970292113,0.866710899329,0.0791519211691,0.488036541838,1.13385514489,0.715516217959,0.431442243006
0.323802716226,0.750985647674,0.866152593925,0.0796491486516,0.488275526875,1.13447116642,0.715349196634,0.43109189251
0.324517512509,0.750001003235,0.865594288521,0.0801463761341,0.488514511911,1.13508718795,0.715182136304,0.430741799137
0.325232308792,0.749013460581,0.865033444731,0.0806480892146,0.488754924297,1.13570689532,0.715014038815,0.430389873927
0.325947105075,0.748025773069,0.864472474067,0.0811500264949,0.488995408025,1.13632678691,0.714845851897,0.430038103965
0.326661901358,0.747036750681,0.863910323395,0.0816540583477,0.489236558238,1.13694839885,0.714677159116,0.429685619576
0.327376697641,0.746046056125,0.863346694555,0.0821607140248,0.489478543341,1.13757216581,0.714507842266,0.429332176717
0.328091493924,0.74505536157,0.862783065715,0.0826673697018,0.489720528444,1.13819593277,0.714338485283,0.428978995861
0.328806290207,0.744061887915,0.862216956989,0.083178446927,0.489963920502,1.13882332981,0.714168103109,0.428624025496
0.32952108649,0.743068222444,0.861650677098,0.0836898293328,0.49020740967,1.1394509774,0.713997612272,0.428269178063
0.330235882773,0.742073303995,0.861083268391,0.0842032332781,0.490451542157,1.14008028408,0.713826630102,0.427913658427
0.330950679056,0.741076703833,0.860514344618,0.0847193504767,0.490696538086,1.14071181752,0.713655002024,0.427557148156
0.33166547534,0.740080103672,0.859945420844,0.0852354676753,0.490941534016,1.14134335096,0.71348333266,0.427200904784
0.332380271623,0.739080841435,0.859374075357,0.085755940814,0.491187916348,1.14197845819,0.713310650174,0.426842914306
0.333095067906,0.738081342903,0.85880251491,0.0862768006009,0.491434421742,1.14261388264,0.713137839592,0.426485014475
0.333809864189,0.737080670991,0.858229876421,0.0867996078973,0.491681547115,1.14325090448,0.712964552334,0.426126484701
0.334524660472,0.736078310502,0.857655686552,0.0873252177983,0.491929564682,1.14389022506,0.712790597103,0.425766932197
0.335239456755,0.735075950013,0.857081496683,0.0878508276992,0.492177582249,1.14452954564,0.712616599407,0.425407651504
0.335954253038,0.734071042348,0.856504942936,0.0883807264219,0.492426965504,1.14517238319,0.712441600762,0.425046666178
0.336669049321,0.733065856407,0.855928130939,0.0889110936923,0.492676497959,1.14581560495,0.712266454384,0.42468573925
0.337383845604,0.732059574362,0.855350291249,0.0894433334974,0.492926626879,1.14646036198,0.712090846115,0.424324224672
0.338098641887,0.731051599567,0.854770864458,0.0899784651212,0.493177676941,1.14710748994,0.711914547582,0.423961655339
0.33881343817,0.730043624771,0.854191437667,0.0905135967451,0.493428727003,1.1477546179,0.71173820538,0.423599362747
0.339528234453,0.729033215545,0.853609704489,0.091052948611,0.493681121875,1.14840520546,0.711560874504,0.423235408062
0.340243030736,0.728022488578,0.853027670283,0.0915928513002,0.49393369227,1.14905624457,0.711383376057,0.422871479563
0.340957827019,0.727010740436,0.852444658301,0.0921345506569,0.494186835441,1.14970875637,0.711205430631,0.422507005734
0.341672623302,0.725997298071,0.851860024098,0.0926792308505,0.494440928901,1.1503637115,0.711026772421,0.422141445205
0.342387419585,0.724983855706,0.851275389896,0.0932239110441,0.49469502236,1.15101866664,0.710848069309,0.421776166359
0.343102215868,0.723968089473,0.850688506443,0.0937727414881,0.494950439584,1.15167702346,0.710668389909,0.421409268026
0.343817012152,0.722951968566,0.850101279706,0.0943222053512,0.495206058843,1.15233589945,0.710488522889,0.421042363706
0.344531808435,0.721934899045,0.849513124669,0.094873389175,0.49546222701,1.15299618516,0.710308223935,0.420674956401
0.345246604718,0.720916136539,0.848923312902,0.0954276425982,0.49571937481,1.15365898678,0.710127189446,0.420306430531
0.345961401001,0.719897374033,0.848333501134,0.0959818960214,0.495976522609,1.1543217884,0.709946108793,0.419938191302
0.346676197284,0.718876396009,0.847741496894,0.0965402283414,0.496234972958,1.15498793325,0.709764064349,0.41956837525
0.347390993567,0.717855028928,0.847149107642,0.0970992769399,0.496493652043,1.15565466519,0.709581812025,0.419198521084
0.34810578985,0.716832783401,0.846555839115,0.0976599680064,0.496752855989,1.15632274345,0.709399142945,0.418828206296
0.348820586133,0.715808848848,0.845960879968,0.0982238171192,0.497013069108,1.15699341034,0.709215715344,0.418456741165
0.349535382416,0.714784914295,0.845365920821,0.098787666232,0.497273282228,1.15766407724,0.709032240291,0.418085567642
0.350250178699,0.713758870335,0.844768825607,0.0993555215768,0.497534776512,1.15833802836,0.708847814054,0.417712860021
0.350964974982,0.712732405496,0.844171304195,0.099924176266,0.497796526419,1.15901263477,0.708663159463,0.417340082204
0.351679771265,0.711705129968,0.843572952076,0.100494395199,0.49805877696,1.1596885237,0.70847810343,0.416966886146
0.352394567548,0.710676172103,0.842972876072,0.101067860249,0.498322066414,1.16036707411,0.708292265654,0.416592508053
0.353109363831,0.709647214237,0.842372800069,0.101641325298,0.498585355868,1.16104562452,0.708106379107,0.416218426549
0.353824160114,0.708616250807,0.841770644029,0.102218722656,0.498849904926,1.16172739962,0.707919554098,0.415842853724
0.354538956397,0.707584837253,0.84116802115,0.102797002572,0.499114736687,1.16240989845,0.707732480047,0.415467178673
0.35525375268,0.706552678337,0.840564615664,0.10337676783,0.49938004467,1.16309361561,0.707545020002,0.41509112777
0.355968548964,0.705518846505,0.839959453667,0.10395986684,0.499646421503,1.1637800672,0.707356754755,0.414713863238
0.356683345247,0.704485014674,0.839354291671,0.10454296585,0.499912798335,1.1644665188,0.707168439387,0.414336900283
0.35739814153,0.703449278829,0.838747105282,0.105129922034,0.500180413036,1.16515613498,0.706979198396,0.413958488836
0.358112937813,0.702413066204,0.83813941197,0.105717844083,0.500448337708,1.16584654359,0.706789687454,0.413579943187
0.358827734096,0.701376171092,0.837530983676,0.106307171951,0.500716714008,1.16653810594,0.706599806108,0.41320106408
0.359542530379,0.700337615228,0.836920766891,0.106899920707,0.500986189291,1.16723247576,0.706409095857,0.412820939849
0.360257326662,0.699299059365,0.836310550106,0.107492669462,0.501255664573,1.16792684558,0.706218334106,0.412441122192
0.360972122945,0.69825869872,0.835698364178,0.108089199103,0.501526355809,1.16862431935,0.706026659689,0.412059898919
0.361686919228,0.697217837242,0.835085631807,0.10868677795,0.501797384475,1.16932265447,0.705834694192,0.411678509524
0.362401715511,0.696176345081,0.834479146584,0.109285688571,0.502068839999,1.17002208934,0.705642374012,0.411296829055
0.363116511794,0.695133184324,0.8338891894,0.109888122658,0.502341424857,1.17072443383,0.705449200966,0.410913872039
0.363831308077,0.694090023566,0.833299232216,0.110490556746,0.502614009714,1.17142677833,0.705255975009,0.410531226601
0.36454610436,0.693045101806,0.832708512359,0.111096731677,0.502887788584,1.17213223321,0.705061849355,0.410147218252
0.365260900643,0.691999641535,0.832117559278,0.11170405055,0.50316193258,1.17283863925,0.704867411234,0.409763011857
0.365975696926,0.690953598729,0.831525969972,0.112312627471,0.503436478567,1.173546092,0.70467263423,0.409378556642
0.366690493209,0.689905874729,0.830932544527,0.112924835116,0.503712184695,1.17425656555,0.704476979968,0.4089927932
0.367405289492,0.688858150729,0.830339119081,0.113537042761,0.503987890824,1.1749670391,0.704281271351,0.40860734635
0.368120085776,0.687808758861,0.829743846686,0.11415291382,0.504264769003,1.17568056243,0.704084676013,0.408220579107
0.368834882059,0.68675880763,0.82914795487,0.114770013498,0.504542040259,1.17639510858,0.703887746548,0.407833581874
0.369549678342,0.685708329826,0.828551471656,0.115388289801,0.504819688449,1.17711063487,0.703690494146,0.407446378071
0.370264474625,0.684656187939,0.8279531195,0.116010284491,0.50509852783,1.17782925862,0.703492339809,0.407057834417
0.370979270908,0.683604046051,0.827354767344,0.116632279181,0.505377367212,1.17854788237,0.703294129642,0.406669612373
0.371694067191,0.682550327664,0.826754618928,0.117257858464,0.505657356485,1.17926949409,0.703095045861,0.406280112513
0.372408863474,0.681496031769,0.8261538125,0.117884750866,0.505937766991,1.17999220036,0.702895606053,0.40589035077
0.373123659757,0.680441262851,0.825552459128,0.118512738006,0.506218529173,1.1807158198,0.702695859407,0.405500424716
0.37383845604,0.679384849671,0.824949204534,0.119144530537,0.506500513804,1.18144261344,0.702495185888,0.405109127287
0.374553252323,0.678328436491,0.824345949941,0.119776323067,0.506782498435,1.18216940707,0.702294455029,0.404718156494
0.375268048606,0.677270535908,0.823740949474,0.120411620368,0.507065610602,1.18289912628,0.7020928638,0.404325950516
0.375982844889,0.676212042239,0.823135252858,0.121048315161,0.507349172361,1.18363001203,0.701890894398,0.403933450818
0.376697641172,0.675153126667,0.822529053367,0.121686022399,0.507633060336,1.18436174356,0.701688634413,0.403540829067
0.377412437455,0.674092589373,0.82192092091,0.122327621304,0.507918202227,1.18509672608,0.701485422352,0.403146804528
0.378127233738,0.673032052079,0.821312788452,0.122969220209,0.508203344118,1.1858317086,0.701282151407,0.402753111654
0.378842030021,0.67197011418,0.820702960196,0.123614243117,0.508489590986,1.18656955373,0.70107803347,0.402358226275
0.379556826305,0.670907570195,0.820092398115,0.1242607477,0.508776316013,1.18730863759,0.70087351497,0.401963015399
0.380271622588,0.669844652982,0.819481376839,0.124908182084,0.509063341592,1.18804849945,0.700668722299,0.401567724725
0.380986418871,0.668780139307,0.818868391389,0.125559593625,0.50935165276,1.18879168913,0.700462952083,0.401170999963
0.381701215154,0.667715625633,0.81825540594,0.126211005166,0.509639963928,1.18953487881,0.700257121401,0.4007746119
0.382416011437,0.666649795832,0.81764077445,0.126865759049,0.509929357313,1.19028086755,0.700050457244,0.400377074053
0.38313080772,0.665583349534,0.817025371926,0.127522078544,0.510219257627,1.19102816742,0.699843369885,0.399979179
0.383845604003,0.664516576218,0.816409553491,0.128179244901,0.510509432627,1.19177617714,0.699636024925,0.399581246391
0.384560400286,0.663448234427,0.815791740223,0.128840473055,0.510800925093,1.19252759147,0.699427676681,0.399181848515
0.385275196569,0.662379892636,0.815173926955,0.12950170121,0.51109241756,1.1932790058,0.699219266354,0.398782792373
0.385989992852,0.661310316853,0.814554517079,0.130166189207,0.51138496928,1.19403315509,0.699010036208,0.398382629209
0.386704789135,0.660240116762,0.813934299436,0.130832326442,0.511678056904,1.19478868805,0.698800359971,0.397982077198
0.387419585418,0.659169633384,0.81331370876,0.131499227366,0.511971393142,1.19554486236,0.698590442862,0.397581529858
0.388134381701,0.658097612244,0.812691093149,0.132170273815,0.512266078929,1.19630451802,0.698379496457,0.397179486197
0.388849177984,0.657025591105,0.812068477538,0.132841320263,0.512560764715,1.19706417369,0.698168486316,0.396777789306
0.389563974267,0.655952415744,0.811444314416,0.13351554327,0.512856486587,1.19782649964,0.697956670154,0.396375028188
0.39027877055,0.654878610868,0.810819307281,0.134191498775,0.513152773541,1.19859028196,0.697744384757,0.395971846659
0.390993566833,0.653804563946,0.810193969578,0.134868134614,0.513449282833,1.19935463677,0.697531875377,0.395568712003
0.391708363117,0.652729012703,0.8095665774,0.135548998729,0.513747173957,1.20012254958,0.697318310417,0.395164050105
0.3924231594,0.651653461461,0.808939185222,0.136229862844,0.514045065081,1.2008904624,0.69710468003,0.394759740012
0.393137955683,0.650576833381,0.808310294291,0.136913819504,0.514343968915,1.20166098027,0.696890257562,0.394354408516
0.393852751966,0.649499573196,0.807680523591,0.137599591492,0.514643467211,1.20243302731,0.696675342458,0.393948625123
0.394567548249,0.648422109697,0.807050464369,0.138285960341,0.514943161367,1.20320557767,0.696460220424,0.393542930779
0.395282344532,0.647343178049,0.806418321704,0.138976639175,0.515244269836,1.20398176254,0.69624401625,0.393135678407
0.395997140815,0.6462642464,0.805786179039,0.13966731801,0.515545378306,1.20475794741,0.696027744917,0.392728782875
0.396711937098,0.645184312894,0.805152586032,0.140361004704,0.515847475904,1.20553667156,0.695810695589,0.392320908787
0.397426733381,0.644103747312,0.804518077998,0.141056589065,0.516150197546,1.20631699775,0.695593129965,0.391912551402
0.398141529664,0.643023014631,0.803883323062,0.14175268675,0.516453088363,1.20709775779,0.695375374627,0.391504325203
0.398856325947,0.641940852698,0.803246456294,0.142453175027,0.516757426173,1.20788222866,0.69515651031,0.391094510338
0.39957112223,0.640858690766,0.802609589526,0.143153663305,0.517061763984,1.20866669954,0.694937577064,0.390685057346
0.400285918513,0.639775599531,0.80197132047,0.143857074138,0.517367067132,1.20945364337,0.694717880055,0.390274668659
0.401000714796,0.638691878878,0.80133210164,0.144562464427,0.517673024106,1.21024226216,0.694497642828,0.389863765368
0.401715511079,0.637608024808,0.800692677089,0.145268284499,0.517979123366,1.21103124505,0.694277233268,0.389453035357
0.402430307362,0.636522783112,0.800051112907,0.145978574602,0.518286702495,1.21182401486,0.694055687611,0.389040686192
0.403145103645,0.635437541417,0.799409548725,0.146688864705,0.518594281624,1.21261678467,0.693834071213,0.388628703928
0.403859899929,0.634351440534,0.798766629947,0.1474019915,0.51890280209,1.21341196061,0.69361170543,0.388215828845
0.404574696212,0.633264715519,0.798122727162,0.148117178924,0.519212006362,1.2142088844,0.693388775246,0.387802407945
0.405289492495,0.632177888229,0.797478659396,0.148832712649,0.519521325828,1.21500610231,0.693165690273,0.387389202371
0.406004288778,0.631089717664,0.796832424795,0.149552794609,0.519832158229,1.21580718293,0.692941441805,0.386974347311
0.406719085061,0.630001547098,0.796186190194,0.150272876569,0.520142990631,1.21660826355,0.692717120742,0.386559864177
0.407433881344,0.628912585001,0.795538648318,0.150995708853,0.520454740158,1.21741168294,0.692492064822,0.386144531105
0.408148677627,0.627823006695,0.794890088727,0.151720682266,0.52076720367,1.21821692307,0.692266420051,0.385728621105
0.40886347391,0.626733354702,0.794241404443,0.15244591861,0.521079755079,1.21902238709,0.6920406382,0.385312968418
0.409578270193,0.625642406506,0.793590526726,0.153175780099,0.521393852679,1.21983178928,0.691813665174,0.384895636082
0.410293066476,0.624551458311,0.792939649009,0.153905641587,0.521707950278,1.22064119147,0.691586617657,0.384478680689
0.411007862759,0.623459783763,0.79228751096,0.154638166585,0.522022940582,1.22145286459,0.69135884996,0.384060918238
0.411722659042,0.622367503568,0.79163432202,0.155372912473,0.522338675243,1.22226643124,0.691130468694,0.383642547856
0.412437455325,0.621275175714,0.790981048216,0.1561078381,0.522654470304,1.22308015135,0.690901968224,0.383224476713
0.413152251608,0.620181601446,0.790325554994,0.156847464418,0.522971844995,1.22389788471,0.690672248614,0.382804695926
0.413867047891,0.619088027179,0.789670061771,0.157587090735,0.523289219685,1.22471561808,0.690442452573,0.382385297093
0.414581844174,0.617993789249,0.789013354776,0.158329293358,0.523607462448,1.22553555402,0.69021195118,0.381965134076
0.415296640457,0.616898958873,0.788355564251,0.159073795834,0.523926480132,1.22635745619,0.689980811231,0.38154433224
0.416011436741,0.615804104297,0.787697728228,0.159818395091,0.524245530516,1.22717944121,0.689749570122,0.381123871494
0.416726233024,0.614708055809,0.787037647421,0.160567769159,0.524566194153,1.22800551412,0.689517081621,0.380701671293
0.417441029307,0.61361200732,0.786377566615,0.161317143226,0.524886857789,1.22883158703,0.689284514704,0.380279858046
0.41815582559,0.612515355355,0.7857163182,0.162069006065,0.525208364652,1.2296597937,0.689051257417,0.379857323476
0.418870621873,0.611418126785,0.785053954169,0.162823246856,0.525530677193,1.23049003912,0.688817336314,0.37943411932
0.419585418156,0.610320894898,0.784391583528,0.163577501767,0.525852994532,1.23132029667,0.688583332261,0.379011298027
0.420300214439,0.609222524306,0.783726943369,0.164336604117,0.526176958925,1.23215471622,0.688348052278,0.378586707652
0.421015010722,0.608124153714,0.783062303211,0.165095706467,0.526500923318,1.23298913577,0.688112691848,0.378162509223
0.421729807005,0.607025237312,0.782396541211,0.165857209781,0.526825705879,1.23382561981,0.687876656183,0.377737632313
0.422444603288,0.605925762788,0.781729632061,0.166621168223,0.527151325063,1.23466421492,0.687639931168,0.377312055176
0.423159399571,0.604826288264,0.781062722912,0.167385126664,0.527476944248,1.23550281004,0.687403124631,0.376886872173
0.423874195854,0.603725762907,0.780393583743,0.168153867247,0.527804197854,1.23634552327,0.687165047238,0.376459951487
0.424588992137,0.602625222568,0.779724412778,0.168922676014,0.528131474764,1.23718829521,0.68692687037,0.376033397312
0.42530378842,0.601524191554,0.779054165329,0.169693797727,0.52845954457,1.23803306196,0.686688033557,0.375606207473
0.426018584703,0.600422623541,0.778382739764,0.170467450751,0.528788482131,1.23888001183,0.686448481584,0.3751782869
0.426733380986,0.599321055529,0.777711314199,0.171241103776,0.529117419692,1.2397269617,0.686208845985,0.374750765427
0.427448177269,0.598218528704,0.777037710999,0.17201944462,0.52944796922,1.24057796079,0.685967951715,0.374321550289
0.428162973553,0.597115971185,0.776364038088,0.172797935534,0.529778570352,1.2414290895,0.685726935192,0.373892670008
0.428877769836,0.596012975584,0.775689333634,0.17357865122,0.530109938897,1.24228214289,0.68548527417,0.373463196847
0.429592566119,0.594909466747,0.77501342067,0.174361973352,0.530442206509,1.24313745117,0.685242871901,0.373032962582
0.430307362402,0.59380595791,0.774337507706,0.175145295484,0.530774474122,1.24399275944,0.685000383853,0.372603132374
0.431022158685,0.592701579777,0.773659469153,0.175933210385,0.531108331018,1.24485204725,0.684756649462,0.372171652549
0.431736954968,0.591597157832,0.77298132347,0.176721356761,0.531442268014,1.24571153563,0.684512769775,0.371740476002
0.432451751251,0.590492347844,0.772302190764,0.177511639643,0.531776946728,1.24657287819,0.68426826119,0.371308749319
0.433166547534,0.589387051018,0.771621819735,0.178304602988,0.532112556002,1.24743654702,0.684022984992,0.370876231313
0.433881343817,0.588281754192,0.770941448707,0.179097566332,0.532448165277,1.24830021586,0.683777620812,0.370444122304
0.4345961401,0.587175675065,0.770259003787,0.179895026727,0.532785340922,1.24916779379,0.683531022762,0.370010407751
0.435310936383,0.586069541603,0.769576414826,0.180692799461,0.533122625359,1.25003564322,0.683284256105,0.369576964979
0.436025732666,0.584963067575,0.768892882929,0.181492620399,0.533460625605,1.25090527598,0.683036876307,0.369143014769
0.436740528949,0.58385613574,0.768208083489,0.182295194638,0.53379958808,1.25177730598,0.68278870225,0.368708243169
0.437455325232,0.582749203904,0.767523284048,0.183097768878,0.534138550554,1.25264933597,0.682540437956,0.368273885492
0.438170121515,0.581641574225,0.766836462059,0.183904743836,0.534479056257,1.25352520388,0.682290952412,0.367837966363
0.438884917798,0.58053388229,0.766149459632,0.184712111394,0.534819699635,1.25440141418,0.682041274678,0.367402287607
0.439599714081,0.57942589469,0.765461557918,0.18552143888,0.535161032704,1.2552793366,0.681790999718,0.366966144057
0.440314510365,0.578317480941,0.764772360038,0.186333591264,0.535503359841,1.25615972675,0.681539903571,0.366529149211
0.441029306648,0.577209067192,0.764083162158,0.187145743648,0.535845686977,1.25704011689,0.68128871488,0.366092573197
0.441744102931,0.576100037505,0.763391992709,0.187962199867,0.536189533967,1.25792427303,0.681036317705,0.365654479836
0.442458899214,0.574990940239,0.76270060695,0.18877912828,0.536533547707,1.25880884235,0.680783704485,0.365216595534
0.443173695497,0.573881589631,0.762008365106,0.189597928433,0.536878224807,1.25969505228,0.680530510112,0.36477828902
0.44388849178,0.572771847155,0.761314799081,0.190419623772,0.537223927984,1.26058379989,0.68027646734,0.364339101475
0.444603288063,0.571662104679,0.760621233055,0.191241319112,0.53756963116,1.2614725475,0.680022329662,0.36390033765
0.445318084346,0.570551825601,0.759925746072,0.192067220908,0.537916830582,1.26236498844,0.679766996417,0.363460100593
0.446032880629,0.569441476226,0.759230007435,0.192893673765,0.538264226017,1.26325791323,0.679511422997,0.363020041379
0.446747676912,0.568330913241,0.758533455463,0.193721910322,0.538612258271,1.26415240683,0.679255284653,0.362579602467
0.447462473195,0.567219995285,0.75783555191,0.194553110983,0.538961348774,1.26504950746,0.678998270415,0.362138252964
0.448177269478,0.566109077329,0.757137648357,0.195384311644,0.539310439277,1.2659466081,0.678741158854,0.361697332053
0.448892065761,0.564997699527,0.75643787408,0.19621962095,0.539661002183,1.2668473287,0.678482864792,0.361254982022
0.449606862044,0.56388625131,0.755737813346,0.197055559393,0.540011790551,1.26774860361,0.678224306147,0.360812778726
0.450321658327,0.562774626622,0.755036981563,0.197893193704,0.540363188989,1.26865137531,0.677965198967,0.360370238171
0.45103645461,0.561662686468,0.754334771426,0.198733859602,0.540715678007,1.2695568227,0.677705188111,0.359926757648
0.451751250893,0.560550746314,0.753632561289,0.199574525499,0.541068167026,1.2704622701,0.67744507746,0.359483710566
0.452466047177,0.559438420474,0.752928530277,0.200419201856,0.541422104371,1.27137126341,0.677183797524,0.359039278473
0.45318084346,0.558326026705,0.752224178553,0.201264584572,0.54177629681,1.27228088125,0.676922228317,0.35859496212
0.453895639743,0.557213491002,0.751519097596,0.202111575595,0.542131072361,1.27319192364,0.676660127124,0.35815035086
0.454610436026,0.556100681937,0.750812612145,0.202961664188,0.542486970978,1.27410570966,0.676397094185,0.357704770449
0.455325232309,0.554987872873,0.750106126695,0.203811752781,0.542842869594,1.27501949568,0.67613395892,0.357259628307
0.456040028592,0.553874749679,0.749397869825,0.204665753333,0.543200192228,1.27593675286,0.675869667741,0.356813145248
0.456754824875,0.552761563636,0.748689258547,0.205520536551,0.543557799766,1.27685470453,0.675605062321,0.356366747056
0.457469621158,0.551648266807,0.747981466828,0.206376841574,0.543915963253,1.27777400956,0.67533994162,0.355920096215
0.458184417441,0.550534739675,0.747275378796,0.207236310101,0.544275282439,1.27869612795,0.675073860819,0.355472447241
0.458899213724,0.549421212543,0.746569290764,0.208095778627,0.544634601626,1.27961824634,0.6748076751,0.355025241341
0.459614010007,0.548307390053,0.745883214707,0.208959106705,0.544995320352,1.28054384016,0.674540346938,0.354576738513
0.46032880629,0.547193501106,0.745201641469,0.209823303206,0.545356353984,1.28147021597,0.674272679275,0.354128289786
0.461043602573,0.546079500843,0.744519408447,0.210688962275,0.545717916309,1.28239792001,0.674004513109,0.353679630432
0.461758398856,0.544965250292,0.743835691949,0.211557909817,0.546080667361,1.28332861045,0.673735358015,0.353229943861
0.462473195139,0.543850999742,0.74315197545,0.212426857359,0.546443418413,1.28425930089,0.673466095351,0.352780705144
0.463187991422,0.542736489675,0.742466550144,0.213299593754,0.546807544699,1.28519343913,0.673195703567,0.352330212964
0.463902787706,0.541621914469,0.741780695928,0.214173281153,0.547172016169,1.28612844278,0.672924946655,0.351879744125
0.464617583989,0.540507255578,0.741094221516,0.215048343934,0.54753698894,1.28706470055,0.672653708129,0.351429106492
0.465332380272,0.539392392676,0.74040623516,0.215926759693,0.547903183809,1.28800401572,0.672381451403,0.350977412528
0.466047176555,0.538277529774,0.739718248804,0.216805175453,0.548269378678,1.28894333089,0.672109084392,0.350526171175
0.466761972838,0.537162470705,0.739028598657,0.217687281436,0.548636924253,1.28988601788,0.671835601726,0.350073719784
0.467476769121,0.536047357078,0.738338485773,0.218570413748,0.549004845487,1.29082964264,0.671561727999,0.349621261083
0.468191565404,0.534932184902,0.737647791944,0.219454834686,0.549373240411,1.29177444727,0.671287389714,0.349168675332
0.468906361687,0.533816857528,0.73695555818,0.220342671431,0.549742890961,1.29272237943,0.671012003648,0.348715004339
0.46962115797,0.532701530154,0.736263324416,0.221230508176,0.55011254151,1.29367031159,0.670736504515,0.348261790693
0.470335954253,0.531586067482,0.735569471602,0.222121936348,0.550483517986,1.2946215389,0.67045990336,0.347807410419
0.471050750536,0.530470563349,0.73487512264,0.223014465093,0.550854900784,1.29557377599,0.670182884903,0.347352992312
0.471765546819,0.529355023301,0.734180231634,0.223908196196,0.551226729441,1.29652711855,0.669905419114,0.346898488801
0.472480343102,0.528239379399,0.733483773189,0.224805404193,0.551599847403,1.29748365783,0.669626875653,0.34644287135
0.473195139385,0.527123735497,0.732787314744,0.225702612191,0.551972965365,1.29844019712,0.669348216279,0.345987715954
0.473909935668,0.526008014673,0.732089281709,0.226603312713,0.552347384221,1.29939995422,0.669068468678,0.345531437324
0.474624731951,0.524892267998,0.731390719533,0.227505186902,0.552722240245,1.30036079268,0.668788277226,0.34507509047
0.475339528234,0.523776505538,0.730691653863,0.228408177737,0.553097514083,1.30132266212,0.66850765584,0.344618699753
0.476054324518,0.522660693089,0.729990993741,0.229314704743,0.553474111049,1.30228779645,0.668225926578,0.344161166618
0.476769120801,0.521544880639,0.729290333619,0.23022123175,0.553850708014,1.30325293078,0.667944078487,0.34370410022
0.477483917084,0.52042904714,0.728588143082,0.231131152335,0.554228580593,1.30422120497,0.667661156131,0.343245953955
0.478198713367,0.519313205914,0.727885390836,0.232042318468,0.554606921362,1.30519063159,0.667377763069,0.342787709216
0.47891350965,0.518197366521,0.727182173286,0.232954516149,0.554985651687,1.30616101465,0.667093957635,0.342329462039
0.479628305933,0.517081533515,0.726477334772,0.233870307403,0.5553657391,1.30713472966,0.666809013811,0.341870044198
0.480343102216,0.51596570051,0.725772496258,0.234786098658,0.555745826513,1.30810844467,0.666523948172,0.341411097748
0.481057898499,0.514849899812,0.72506617121,0.235705184562,0.556127164008,1.30908522096,0.666237822397,0.340951114762
0.481772694782,0.513734112021,0.72435925232,0.236625586618,0.556509000888,1.31006322018,0.665951198747,0.340491003202
0.482487491065,0.512618341169,0.723651905948,0.237546935802,0.556891198856,1.31104210131,0.665664180457,0.340030930504
0.483202287348,0.511502635582,0.722942912608,0.23847193402,0.557274788004,1.31202438024,0.665375992951,0.339569659137
0.483917083631,0.510386929994,0.722233919268,0.239396932238,0.557658377152,1.31300665917,0.665087680571,0.339108863784
0.484631879914,0.509271307551,0.721523482976,0.240325126255,0.558043190602,1.31399192023,0.664798322349,0.338647075183
0.485346676197,0.508155721151,0.720812421149,0.241254705682,0.558428534799,1.31497847407,0.664508438774,0.338185128068
0.48606147248,0.507040164282,0.72010096929,0.242185148562,0.55881421141,1.31596583535,0.664218178455,0.337723260979
0.486776268763,0.505924734045,0.719387844974,0.243119293927,0.559201313415,1.31695665897,0.663926717782,0.337260167463
0.487491065046,0.504809303807,0.718674720657,0.244053439292,0.55958841542,1.31794748259,0.663635129103,0.336797554557
0.48820586133,0.503694005018,0.717960196663,0.244990681745,0.559976715698,1.31894120863,0.663342509042,0.33633399164
0.488920657613,0.502578767909,0.717245015892,0.24592937746,0.560365578249,1.31993629658,0.663049335835,0.335870240432
0.489635453896,0.501463570408,0.716529482156,0.246868853758,0.560754744336,1.32093211763,0.662755803946,0.335406610271
0.490350250179,0.500348563381,0.715812250999,0.247812083915,0.561145370147,1.32193146414,0.662461040253,0.334941726187
0.491065046462,0.499233556355,0.715095019841,0.248755314072,0.561535995957,1.32293081065,0.662166145347,0.334477327274
0.491779842745,0.498118726543,0.714376431968,0.249701542809,0.561927793766,1.32393297935,0.661870233681,0.334012021528
0.492494639028,0.49700398654,0.71365715653,0.250649291184,0.562320185528,1.32493657831,0.661573740766,0.333546497889
0.493209435311,0.495889293706,0.712937564807,0.251597738145,0.562712851751,1.32594083617,0.661276907392,0.333081136164
0.493924231594,0.494774857654,0.712216251231,0.252549988194,0.563107012132,1.32694868111,0.660978810453,0.332614493288
0.494639027877,0.493660421602,0.711494937655,0.253502238244,0.563501172513,1.32795652605,0.660680579015,0.332148340112
0.49535382416,0.492546205986,0.710772310004,0.254457388632,0.563896478374,1.32896711248,0.660381345607,0.331681323212
0.496068620443,0.491432110794,0.710048964467,0.255414123494,0.564292410018,1.32997919661,0.66008150253,0.331214059003
0.496783416726,0.490318067817,0.709325338928,0.256371475878,0.56468858685,1.33099186569,0.659781337376,0.330746997407
0.497498213009,0.489204350378,0.708599967643,0.257332678369,0.565086292376,1.33200818185,0.659479876588,0.330278627714
0.498213009292,0.48809063294,0.707874596359,0.258293880861,0.565483997901,1.333024498,0.659178277933,0.329810752216
0.498927805575,0.486977176608,0.707147953316,0.259257885779,0.565882822144,1.3340434745,0.658875692264,0.329342056025
0.499642601858,0.485863873794,0.706420562535,0.2602235384,0.566282304143,1.33506401517,0.658572468189,0.328873083298
0.500357398142,0.484750625726,0.705692927634,0.26118972848,0.566682001868,1.33608506714,0.65826894058,0.328404353713
0.501072194425,0.483637774388,0.704963523644,0.262159813408,0.567083262908,1.33710982444,0.657964084956,0.327934289373
0.501786990708,0.48252492305,0.704234119654,0.263129898335,0.567484523949,1.33813458173,0.657659088017,0.327464723686
0.502501786991,0.481412370934,0.703503485887,0.264102688169,0.567886876704,1.33916191783,0.65735311918,0.326994380252
0.503216583274,0.480300007898,0.702772075012,0.265077187262,0.568289919326,1.3401908835,0.657046482887,0.326523731259
0.503931379557,0.47918769963,0.702040455486,0.266052144816,0.568693148024,1.34122028719,0.656739561757,0.326053365748
0.50464617584,0.478075861699,0.701307044086,0.267031039611,0.569097974739,1.3422534526,0.656431279922,0.325581639127
0.505360972123,0.476964023769,0.700573632685,0.268009934407,0.569502801455,1.343286618,0.656122853241,0.32511041558
0.506075768406,0.475852520616,0.699839033151,0.268991437044,0.569908692643,1.34432228031,0.655813469941,0.324638457135
0.506790564689,0.474741244566,0.699103627623,0.269974708759,0.570315305937,1.34535963644,0.655503389818,0.324166164319
0.507505360972,0.473630020797,0.698368048499,0.270958361065,0.570722075478,1.34639735775,0.655193043707,0.32369419513
0.508220157255,0.472519343374,0.697630655279,0.271945990594,0.571130477806,1.34743889518,0.654881303897,0.323220838787
0.508934953538,0.471408665951,0.696893262058,0.272933620124,0.571538880135,1.34848043262,0.65456941562,0.322747989901
0.509649749821,0.4702983563,0.696154721999,0.273923760948,0.571948319459,1.34952438474,0.654256586166,0.322274448861
0.510364546104,0.469188314221,0.695415347558,0.274915728865,0.572358513249,1.35057009368,0.653943030203,0.321800544858
0.511079342387,0.468078319435,0.694675834149,0.275908000699,0.572768833279,1.35161609546,0.653629227254,0.321327004421
0.51179413867,0.466968949385,0.693934484997,0.276904287256,0.573180820927,1.35266596568,0.653313997304,0.320852051108
0.512508934954,0.465859579335,0.693193135844,0.277900573812,0.573592808575,1.35371583589,0.652998615179,0.320377609595
0.513223731237,0.464750607487,0.692450680795,0.278899275702,0.574005805507,1.35476803834,0.652682307476,0.319902518559
0.51393852752,0.463641946116,0.691707363477,0.279899860827,0.574419589379,1.35582205921,0.652365243265,0.319427036197
0.514653323803,0.462533324553,0.690963941389,0.280900674456,0.574833469315,1.35687630119,0.652047951216,0.318951957121
0.515368120086,0.461425408478,0.690218662492,0.281905537758,0.575249051746,1.35793446168,0.651729198559,0.318475439782
0.516082916369,0.460317492402,0.689473383594,0.28291040106,0.575664634176,1.35899262216,0.651410289928,0.317999438546
0.516797712652,0.459210002394,0.68872703938,0.283917584382,0.576081197952,1.3600530322,0.651090471477,0.317522830291
0.517512508935,0.458102868192,0.687979805525,0.284926705145,0.576498581244,1.36111532083,0.650769866202,0.31704580259
0.518227305218,0.456995763821,0.687232500655,0.285935980323,0.57691603026,1.36217775949,0.650449052379,0.316569217664
0.518942101501,0.455889448032,0.686483318502,0.286949337509,0.577335216684,1.36324416436,0.65012674404,0.316091169435
0.519656897784,0.454783132243,0.685734136348,0.287962694695,0.577754403108,1.36431056923,0.649804275834,0.315613641568
0.520371694067,0.45367726782,0.684983929091,0.288978277301,0.578174542709,1.36537914083,0.649480913723,0.315135549053
0.52108649035,0.452571806942,0.684232805338,0.289995849548,0.578595534502,1.36644964959,0.649156734155,0.31465700922
0.521801286633,0.451466363434,0.68348164388,0.291013503514,0.579016561519,1.36752023809,0.64883236547,0.314178951412
0.522516082916,0.450361793924,0.682728585263,0.292035269139,0.579439360883,1.36859483796,0.648506468061,0.313699405617
0.523230879199,0.449257224413,0.681975526647,0.293057034764,0.579862160246,1.36966943784,0.648180406796,0.3132203844
0.523945675482,0.448153129003,0.681221482765,0.294080931986,0.580285884398,1.37074612154,0.647853467693,0.312740840761
0.524660471766,0.447049487271,0.68046649606,0.295106868981,0.5807104935,1.37182479929,0.647525680186,0.312260822193
0.525375268049,0.445945847974,0.679711504503,0.296132816454,0.581135107178,1.3729034873,0.647197723128,0.311781324649
0.526090064332,0.444843170386,0.678954596523,0.297162902487,0.581561528151,1.37398622922,0.646868202843,0.311300314801
0.526804860615,0.443740492799,0.678197688542,0.29819298852,0.581987949124,1.37506897114,0.646538514611,0.310819833702
0.527519656898,0.442638309484,0.677439834752,0.29922511317,0.582415266278,1.37615371395,0.646207964762,0.310338872253
0.528234453181,0.441536632358,0.676681012348,0.300259325586,0.582843501218,1.37724050587,0.645876535246,0.309857408536
0.528949249464,0.440434955232,0.675922189944,0.301293538002,0.583271736159,1.3783272978,0.645544935571,0.309376475148
0.529664045747,0.439334299869,0.675161487546,0.302331794583,0.583701760908,1.37941806683,0.645211778482,0.308894064376
0.53037884203,0.438233659473,0.674400757609,0.303370110403,0.584131811875,1.38050889411,0.64487842895,0.30841215705
0.531093638313,0.437133530961,0.673639120928,0.304410372767,0.5845627302,1.38160163939,0.644544234169,0.30792981128
0.531808434596,0.436033963512,0.672876490388,0.305452768688,0.584994599214,1.38269648691,0.644209128146,0.307446936184
0.532523230879,0.434934396062,0.672113859848,0.306495164609,0.585426468228,1.38379133444,0.643873847716,0.306964595512
0.533238027162,0.433835902897,0.67134939513,0.307541489636,0.585860100126,1.38489006085,0.643537022924,0.306480822639
0.533952823445,0.432737444557,0.670584870955,0.30858794203,0.58629378917,1.38598891301,0.643199977324,0.305997522926
0.534667619728,0.431639498572,0.669830680577,0.309636266189,0.586728316556,1.38708962867,0.642862102977,0.305513826484
0.535382416011,0.430542153757,0.669088615294,0.310686786573,0.587163827605,1.38819253088,0.642523285488,0.305029573932
0.536097212294,0.429444808942,0.668346550011,0.311737306958,0.587599338654,1.38929543309,0.64218428924,0.30454585985
0.536812008578,0.428348479397,0.667611704208,0.312791763709,0.588036585664,1.39040232694,0.641843761625,0.304060758358
0.537526804861,0.427252201445,0.666877225286,0.313846420498,0.588473920891,1.39150942364,0.641502984489,0.303576099915
0.538241601144,0.426156409248,0.666141874847,0.31490290287,0.588912065532,1.39261837768,0.641161395023,0.303091085948
0.538956397427,0.425061227413,0.665405429324,0.31596167914,0.589351227224,1.39372966552,0.640818829917,0.302605488984
0.53967119371,0.423966045579,0.6646689838,0.317020455409,0.589790388915,1.39484095337,0.640476081587,0.302120434489
0.540385989993,0.422871920801,0.663930704029,0.318083060091,0.590231259859,1.39595614487,0.640131814661,0.301634036746
0.541100786276,0.421777869898,0.663192296067,0.319145932331,0.590672250259,1.39707160918,0.63978726913,0.301148052098
0.541815582559,0.420684315818,0.662453053505,0.320210540097,0.591114020988,1.39818884703,0.639441927787,0.30066175289
0.542530378842,0.41959143063,0.661712687294,0.321277484463,0.591556842301,1.39930847263,0.639095577906,0.300174843999
0.543245175125,0.418498545442,0.660972321082,0.322344428829,0.591999663615,1.40042809823,0.638749040223,0.299688481529
0.543959971408,0.41740676194,0.660230161625,0.323415088058,0.592444167171,1.40155152829,0.638400996889,0.299200819915
0.544674767691,0.416315077218,0.659487841381,0.324486080369,0.592888821562,1.40267529947,0.638052645507,0.298713541624
0.545389563974,0.415223897976,0.658744723217,0.325558719206,0.593334226979,1.40380076051,0.637703514982,0.298225989566
0.546104360257,0.414133448438,0.658000453186,0.326633734946,0.593780716569,1.40492866103,0.637353342685,0.297737801436
0.54681915654,0.4130429989,0.657256183155,0.327708750686,0.594227206158,1.40605656154,0.637002977891,0.297250163631
0.547533952823,0.411953693198,0.656510160695,0.328787368156,0.594675350683,1.40718816646,0.636651120565,0.296761270721
0.548248749107,0.410864513526,0.65576394515,0.329866382471,0.595123677551,1.40832017953,0.636298925387,0.296272731553
0.54896354539,0.409775845578,0.65501696812,0.330946955435,0.595572725931,1.40945379905,0.635945967885,0.295783959227
0.549678341673,0.408687970417,0.654268811361,0.332029943133,0.596022892114,1.41058990736,0.635591935039,0.295294524752
0.550393137956,0.407600095256,0.653520654602,0.333112930831,0.596473058297,1.41172601567,0.635237704882,0.294805644456
0.551107934239,0.406513403595,0.65277078604,0.334199407609,0.59692485181,1.41286572751,0.634881995484,0.294315553014
0.551822730522,0.405426867551,0.652020692396,0.335286343162,0.597376859299,1.41400591317,0.634525918069,0.29382578594
0.552537526805,0.404340847065,0.651269873453,0.336374750678,0.59782955858,1.41514762219,0.634169095289,0.293335826119
0.553252323088,0.403255684704,0.65051784728,0.337465608218,0.598283409322,1.41629186677,0.633811163264,0.292845178396
0.553967119371,0.402170522343,0.649765821108,0.338556465758,0.598737260064,1.41743611136,0.63345302899,0.292355088654
0.554681915654,0.401086580657,0.649012123562,0.339650700276,0.59919271024,1.41858385784,0.633093428935,0.291863831638
0.555396711937,0.400002826503,0.648258169245,0.340745453598,0.599648406135,1.41973214232,0.632733430336,0.29137286983
0.55611150822,0.398919589332,0.647503525562,0.341841593455,0.600104763903,1.42088186748,0.632372703472,0.290881755479
0.556826304503,0.397837277863,0.646747647514,0.342940216014,0.600562306807,1.42203417226,0.63201083313,0.290389927805
0.557541100786,0.396754966394,0.645991769465,0.344038838573,0.60101984971,1.42318647705,0.631648755472,0.289898661865
0.558255897069,0.39567391028,0.645234260274,0.345140726622,0.60147896386,1.42434218141,0.631285225662,0.289406272425
0.558970693352,0.394593075931,0.644476462935,0.346243191534,0.601938355578,1.42549848631,0.630921266421,0.288914149256
0.559685489635,0.393512757588,0.643718011901,0.347346958879,0.602398379056,1.42665614971,0.630556596147,0.288421913526
0.560400285919,0.392433434744,0.64295829974,0.348453238918,0.602859621345,1.42781643395,0.630190747834,0.287928939404
0.561115082202,0.391354111899,0.64219858758,0.349559518958,0.603320863634,1.42897671819,0.629824687009,0.287436530713
0.561829878485,0.390276076595,0.641437284299,0.350668953681,0.603783648698,1.43014029902,0.629457187823,0.286943042185
0.562544674768,0.389198299593,0.640675661814,0.351779021285,0.604246743267,1.4313045412,0.629089227958,0.28644979123
0.563259471051,0.388121035224,0.639913421041,0.352890308614,0.604710439299,1.43247006029,0.628720574421,0.285956467464
0.563974267334,0.387044838351,0.639149892758,0.354004135877,0.605175387807,1.4336382384,0.628350707959,0.285462380595
0.564689063617,0.385968641477,0.638386364474,0.355117963139,0.605640336314,1.43480641651,0.627980623655,0.284968862799
0.5654038599,0.384893761832,0.637621284882,0.356234835024,0.606106798842,1.43597778764,0.627609114942,0.28447430871
0.566118656183,0.383819179321,0.636855855354,0.357352393699,0.606573602895,1.43714987904,0.627237113941,0.283979963743
0.566833452466,0.382745103675,0.636089842673,0.358471090854,0.607040977936,1.43832316648,0.626864436752,0.28348558547
0.567548248749,0.381672169705,0.635322516483,0.359592352353,0.607509639088,1.4394991479,0.62649051143,0.282990419756
0.568263045032,0.380599235735,0.634555190292,0.360713613853,0.607978300241,1.44067512932,0.626116362795,0.282495826701
0.568977841315,0.379527646183,0.633786352388,0.361837810727,0.608448446381,1.44185419969,0.625740803863,0.282000240766
0.569692637598,0.378456394878,0.633017134147,0.362962746122,0.608918966135,1.44303404721,0.625364720675,0.281504835759
0.570407433881,0.377385642283,0.632247367611,0.364088740283,0.609390026234,1.4442150107,0.624987978897,0.281009436694
0.571122230164,0.376316107708,0.631476261958,0.365217320301,0.609862406037,1.44539869975,0.624609953461,0.280513226236
0.571837026447,0.375246573132,0.630705156305,0.366345900319,0.61033478584,1.4465823888,0.624231699099,0.280017591966
0.572551822731,0.374178407665,0.62993257831,0.367477307346,0.610808621326,1.44776906226,0.623852048705,0.279521008085
0.573266619014,0.373110623824,0.629159589914,0.368609502373,0.611282862571,1.44895656761,0.623471841729,0.279024577211
0.573981415297,0.372043328162,0.628386087799,0.36974267805,0.611757613357,1.45014510977,0.623090993871,0.278528191254
0.57469621158,0.370977329,0.627611221357,0.37087845813,0.61223371738,1.4513364055,0.622708826515,0.278030970352
0.575411007863,0.369911329838,0.626836354914,0.372014238209,0.612709821403,1.45252770123,0.622326424472,0.277534329108
0.576125804146,0.368846721979,0.626060055273,0.373152737878,0.613187351538,1.45372187648,0.621942640813,0.277036781368
0.576840600429,0.367782541377,0.625283315509,0.374292072709,0.61366531962,1.454916936,0.621558267888,0.276539358995
0.577555396712,0.366718836051,0.624506096315,0.375432311743,0.614143766289,1.45611295422,0.62117327189,0.276042020232
0.578270192995,0.365656507825,0.623727487984,0.376575170682,0.614623599651,1.45731175025,0.620786920246,0.275543823382
0.578984989278,0.364594179598,0.622948879654,0.37771802962,0.615103433013,1.45851054628,0.620400328003,0.275046209601
0.579699785561,0.363533262373,0.622168877035,0.378863501746,0.615584662654,1.45971211664,0.620012368704,0.274547732274
0.580414581844,0.362472820271,0.621388404922,0.380009853803,0.61606636246,1.4609146212,0.6196237871,0.274049352967
0.581129378127,0.361412838183,0.620607487371,0.381157035356,0.616548509758,1.46211800749,0.619234600327,0.273551095666
0.58184417441,0.360354315886,0.619825156286,0.382306849201,0.617032077112,1.46332419187,0.618844021453,0.273051957564
0.582558970693,0.359295793589,0.6190428252,0.383456663047,0.617515644465,1.46453037625,0.618453195913,0.272553405878
0.583273766976,0.358238699499,0.618259138497,0.384608984762,0.618000578008,1.46573922957,0.618061018017,0.272054033419
0.583988563259,0.357182130617,0.617474953281,0.385762228718,0.618486013952,1.46694906436,0.617668184423,0.27155473194
0.584703359543,0.356126004136,0.616690356322,0.386916229268,0.61897186616,1.46815970521,0.617274763651,0.271055590551
0.585418155826,0.355071422206,0.615904321845,0.388072871313,0.619459171675,1.46937316025,0.616879914023,0.270555546086
0.586132952109,0.354016840277,0.615118287368,0.389229513359,0.61994647719,1.4705866153,0.6164848115,0.270056091323
0.586847748392,0.352963701272,0.614330935699,0.390388559109,0.620435118555,1.47180263377,0.616088371458,0.26955585837
0.587562544675,0.351911139759,0.61354305686,0.391548566878,0.620924294559,1.47301967818,0.615691241972,0.269055669674
0.588277340958,0.350859000694,0.612754799665,0.392709260216,0.62141385548,1.47423745439,0.615293543376,0.268555678831
0.588992137241,0.349808492985,0.611965081391,0.393872600996,0.621904902827,1.47545805653,0.614894378876,0.268054763089
0.589706933524,0.348757985276,0.611175363117,0.395035941777,0.622395950174,1.47667865867,0.614494955086,0.26755444027
0.590421729807,0.347708932724,0.610384365827,0.396201583316,0.62288830279,1.4779017187,0.614094208741,0.267053381641
0.59113652609,0.346660512129,0.609592813075,0.397368224051,0.62338122227,1.47912584616,0.61369273886,0.26655234088
0.591851322373,0.345612491704,0.608800915045,0.398535481276,0.623874495211,1.4803506327,0.613290718003,0.266051535394
0.592566118656,0.344566191455,0.608007532801,0.399705388561,0.624369287547,1.48157825232,0.612887193905,0.265549783654
0.593280914939,0.343519891205,0.607214150556,0.400875295846,0.624864079882,1.48280587193,0.612483403953,0.265048627994
0.593995711222,0.342475055865,0.606419527215,0.402047402236,0.62536014667,1.48403584399,0.612078306534,0.264546778689
0.594710507505,0.341430909109,0.605624320493,0.403220542322,0.625856812518,1.4852669218,0.611672451139,0.264044921205
0.595425303788,0.340387137931,0.604828801253,0.404394231839,0.626353800273,1.48649858766,0.61126606296,0.263543336068
0.596140100071,0.339345177735,0.604031775097,0.40557057063,0.626852340221,1.48773308893,0.610858133922,0.263040783804
0.596854896355,0.338303217539,0.603234748941,0.406746909421,0.627350880169,1.48896759021,0.610449932288,0.262538830708
0.597569692638,0.337262723195,0.602446581626,0.407925355294,0.627850663525,1.49020435346,0.610040438393,0.262036225907
0.598284488921,0.336222972985,0.601662911467,0.409104870819,0.628351078093,1.491442265,0.609630151737,0.261533587236
0.598999285204,0.335183553635,0.600882088671,0.410284894043,0.628851782967,1.49268073709,0.609219350508,0.26103125758
0.599714081487,0.334145940705,0.600116811781,0.41146768918,0.629354072841,1.49392226965,0.60880697036,0.260527940219
0.60042887777,0.333108327775,0.59935153489,0.412650484318,0.629856362715,1.49516380222,0.608394310694,0.260025225046
0.601143674053,0.332072104422,0.598585004189,0.413835393534,0.630359865222,1.49640768245,0.607980373679,0.259521899381
0.601858470336,0.331036641462,0.597817787388,0.415021459601,0.630864031296,1.49765284735,0.607565608559,0.259018514261
0.602573266619,0.33000147925,0.597050303418,0.416207971845,0.631368456107,1.49889850821,0.607150347025,0.258515474342
0.603288062902,0.328968198114,0.596281148403,0.41739727477,0.631874499219,1.50014727115,0.606733467662,0.258011425952
0.604002859185,0.327934916978,0.595511993388,0.418586577695,0.632380542331,1.50139603408,0.606316301668,0.257507982707
0.604717655468,0.326903029012,0.594741619609,0.419777896099,0.632887767261,1.50264703935,0.605897873192,0.257003969768
0.605432451751,0.325871961499,0.593970528087,0.420970401443,0.633395688177,1.50389936516,0.605478580813,0.25649987204
0.606147248034,0.324841165408,0.593199202686,0.422163289688,0.633903836166,1.5051521173,0.605058810227,0.255996155345
0.606862044317,0.323812343263,0.592426176371,0.423358962641,0.63441363558,1.50640796999,0.604637382586,0.255491409898
0.6075768406,0.322783521117,0.591653150056,0.424554635594,0.634923434993,1.50766382267,0.604215661008,0.254987272486
0.608291636883,0.321756093438,0.590878939929,0.425752226848,0.635434385178,1.50892181264,0.603792691925,0.254482605954
0.609006433167,0.320729548346,0.590103980542,0.426951032232,0.63594606371,1.51018115533,0.603368822769,0.253977829667
0.60972122945,0.319703243168,0.589328820454,0.428150159441,0.636457937575,1.51144085677,0.602944493652,0.253473469873
0.610436025733,0.318679006755,0.588551929725,0.42935206171,0.636971495772,1.51270365172,0.602518467956,0.252968061559
0.611150822016,0.317654770343,0.587775038997,0.430553963979,0.63748505397,1.51396644668,0.602092140814,0.252463264103
0.611865618299,0.3166319274,0.586996999309,0.431757688861,0.637999731671,1.51523127423,0.601664581248,0.251957977863
0.612580414582,0.315610031232,0.586218178975,0.432962652095,0.638515170005,1.51649748281,0.601236085074,0.251452557282
0.613295210865,0.314588341304,0.585439191001,0.434167878344,0.639030771864,1.51776398479,0.600807147208,0.250947588271
0.614010007148,0.313568816884,0.584658442805,0.435375866252,0.63954809073,1.51903356746,0.600376472949,0.250441551498
0.614724803431,0.312549292465,0.583877694609,0.436583854159,0.640065409595,1.52030315013,0.599945489528,0.249936128338
0.615439599714,0.31153115823,0.583095832203,0.437793570558,0.640583816486,1.52157466124,0.599513288855,0.249430256479
0.616154395997,0.310514036996,0.582313157895,0.439004546477,0.641103016199,1.52284757757,0.599080114676,0.248924226086
0.61686919228,0.309497086169,0.581530348891,0.440215728947,0.641622347579,1.52412072433,0.598646517088,0.248418681942
0.617583988563,0.308482399494,0.580745750226,0.44142965584,0.642143428379,1.52539693293,0.59821114301,0.247912051335
0.618298784846,0.307467712819,0.579961151561,0.442643582732,0.642664509178,1.52667314154,0.597775451839,0.247406037027
0.619013581129,0.306454410759,0.579175473333,0.44385914563,0.643186646322,1.52795117504,0.597338558674,0.24689961384
0.619728377412,0.305442189945,0.578388952074,0.445075986085,0.643709608365,1.52923063362,0.596900654745,0.246393008334
0.620443173695,0.30443010156,0.577602328948,0.446292979051,0.644232670179,1.53051026226,0.596462345686,0.245886923341
0.621157969979,0.303420377843,0.576813886862,0.447512695284,0.644757513541,1.53179292756,0.596022219769,0.245379733745
0.621872766262,0.302410654125,0.576025444777,0.448732411517,0.645282356904,1.53307559286,0.595581768606,0.244873163061
0.622587562545,0.301402307176,0.575235957668,0.449953672978,0.645808224738,1.5343599803,0.595140130778,0.244366223038
0.623302358828,0.300395111717,0.57444559653,0.451176226827,0.646334949413,1.53564580811,0.594697444577,0.243859077335
0.624017155111,0.299388008576,0.573655166234,0.452398881641,0.646861741945,1.53693174836,0.594254371507,0.243352485978
0.624731951394,0.298383372465,0.572862887821,0.453624234569,0.647390347842,1.53822069348,0.593809440947,0.242844772451
0.625446747677,0.297378736354,0.572070609408,0.454849587496,0.647918953739,1.53950963861,0.593364176759,0.24233768038
0.62616154396,0.296375466892,0.571277320401,0.456076396657,0.648448552056,1.54080020404,0.592917741296,0.241830258214
0.626876340243,0.295373421143,0.570483126496,0.457304509749,0.648979038999,1.54209222031,0.592470219505,0.241322607445
0.627591136526,0.294371425483,0.569688896024,0.458532674832,0.649509561882,1.54338429437,0.592022329071,0.24081554441
0.628305932809,0.293372001033,0.568892788415,0.459763508793,0.650041929608,1.54467933463,0.591572540262,0.240307342229
0.629020729092,0.292372576582,0.568096680806,0.460994342755,0.650574297335,1.54597437488,0.591122409206,0.239799763971
0.629735525375,0.291374506397,0.567299596922,0.462226545811,0.651107625262,1.54727093467,0.590671122316,0.239291894556
0.630450321658,0.290377734104,0.566501577401,0.463460060972,0.651641873422,1.54856895072,0.5902187108,0.238783774069
0.631165117941,0.28938096757,0.56570355378,0.464693581802,0.652176125617,1.54986697306,0.589765948816,0.238276274239
0.631879914224,0.288386878211,0.564903624141,0.46592973811,0.652712253771,1.55116791572,0.58931124733,0.237767618895
0.632594710508,0.287392788853,0.564103694502,0.467165894419,0.653248381924,1.55246885838,0.588856194733,0.237259589867
0.633309506791,0.28640003912,0.563302822792,0.468403334611,0.653785437905,1.55377122101,0.588400001781,0.236751308297
0.634024303074,0.285408663392,0.562500984834,0.469642091636,0.654323445522,1.55507504004,0.587942645568,0.236242753652
0.634739099357,0.284417287664,0.561699146877,0.470880848661,0.654861453139,1.55637885907,0.587484933305,0.235734825847
0.63545389564,0.28342861552,0.560895430647,0.472122127664,0.655401311763,1.55768546134,0.587025287561,0.235225779308
0.636168691923,0.282439984032,0.560091686171,0.473363444592,0.655941198223,1.55899210546,0.586565257901,0.234717335141
0.636883488206,0.281452675287,0.559287033711,0.474605962199,0.656481979993,1.56030007136,0.586104103387,0.234208676708
0.637598284489,0.280466818566,0.55848138452,0.475849797837,0.657023744581,1.56160948823,0.58564174665,0.233699723679
0.638313080772,0.279480961845,0.55767573533,0.477093633475,0.657565509168,1.5629189051,0.5851790246,0.233191399766
0.639027877055,0.278497821185,0.5568682437,0.478339867529,0.658109091419,1.5642309549,0.584714382055,0.232682001367
0.639742673338,0.277514769667,0.556060691601,0.479586180299,0.658652733325,1.56554309112,0.584249318934,0.232173177903
0.640457469621,0.276533021771,0.555252265486,0.48083361262,0.659197237897,1.56685645248,0.583783146471,0.231664178096
0.641172265904,0.275552805803,0.554442812285,0.482082360563,0.659742756217,1.56817125354,0.583315732501,0.231154862672
0.641887062187,0.274572589836,0.553633359083,0.483331108506,0.660288274537,1.5694860546,0.582847943689,0.23064617856
0.64260185847,0.273595099998,0.552822099158,0.484582132652,0.660835576864,1.57080333776,0.582378247479,0.230136464001
0.643316654753,0.272617749838,0.552010746663,0.485833273423,0.661382970596,1.57212074808,0.581908093606,0.229627297296
0.644031451036,0.271641681953,0.551198554,0.487085454769,0.661931194236,1.57343928863,0.581436845895,0.229117991801
0.64474624732,0.270667227761,0.550385304019,0.488338945638,0.66248046228,1.57475925152,0.58096431708,0.228608350183
0.645461043603,0.269692773568,0.549572054039,0.489592436507,0.663029730324,1.57607921442,0.580491403619,0.228099341994
0.646175839886,0.268721053167,0.54875703293,0.490848082788,0.663580748414,1.57740150815,0.580016595957,0.227589347172
0.646890636169,0.26774952501,0.547941887272,0.492103880641,0.66413188957,1.57872396579,0.579541293119,0.227079873491
0.647605432452,0.266779255572,0.547125935172,0.493360642324,0.664683827776,1.58004746063,0.579064911926,0.226570298192
0.648320228735,0.265810683419,0.546308895646,0.494618703658,0.665236840742,1.58137235407,0.578587209725,0.226060366792
0.649035025018,0.264842111267,0.54549185612,0.495876764993,0.665789853709,1.58269724751,0.57810911279,0.225551070856
0.649749821301,0.263876278166,0.544673080936,0.497136862441,0.666344582467,1.58402432027,0.577629134941,0.225040831864
0.650464617584,0.262910691889,0.543854149348,0.498397143369,0.66689946584,1.58535158941,0.577148623979,0.224531087685
0.651179413867,0.261946335524,0.54303907423,0.499658318207,0.667455113322,1.58667981326,0.576667050106,0.224021278659
0.65189421015,0.260983757429,0.542229574991,0.500920785507,0.668011865593,1.58800941748,0.576184115025,0.223511094099
0.652609006433,0.260021179335,0.541420075752,0.502183252806,0.668568617863,1.58933902169,0.575700774827,0.223001546958
0.653323802716,0.259061244689,0.540631310154,0.503447784341,0.669127051604,1.59067092609,0.575215566893,0.22249109989
0.654038598999,0.258101602538,0.539844838707,0.504712544281,0.669685671396,1.59200308499,0.574729787469,0.221981121683
0.654753395282,0.257143108787,0.539057560888,0.505978205571,0.670245022618,1.59333625908,0.574242960237,0.221471114688
0.655468191565,0.256186397025,0.538269031813,0.507245265496,0.670805508808,1.59467100842,0.573754730866,0.220960712829
0.656182987848,0.255229685262,0.537480502737,0.508512325421,0.671365994998,1.59600575777,0.573266085689,0.220450950262
0.656897784132,0.254275587758,0.536690153902,0.509781378195,0.671928128936,1.59734274204,0.572775585255,0.219940329842
0.657612580415,0.253321835268,0.535899564907,0.511050693974,0.672490480333,1.59868002127,0.572284474424,0.219430152636
0.658327376698,0.252369203107,0.535108202708,0.512320838839,0.673053530569,1.60001822586,0.571792330686,0.218919982152
0.659042172981,0.251418438708,0.53431555146,0.513592365917,0.673617745876,1.60135797318,0.571298743324,0.218409397784
0.659756969264,0.250467674309,0.533522900212,0.514863892995,0.674181961183,1.60269772049,0.570804729147,0.217899454504
0.660471765547,0.249519523856,0.532728460068,0.516137297083,0.674747790259,1.60403955167,0.570308872227,0.217388695177
0.66118656183,0.248571776301,0.531933744194,0.517410990482,0.675313868071,1.60538170404,0.569812365546,0.21687835381
0.661901358113,0.247625118953,0.531138288382,0.518685443105,0.675880612061,1.60672469433,0.569314840786,0.216368054272
0.662616154396,0.246680416927,0.530341505465,0.51996125742,0.676448550862,1.60806918745,0.568815830597,0.215857322393
0.663330950679,0.245735714901,0.529544722549,0.521237071735,0.677016489664,1.60941368057,0.568316382252,0.215347233318
0.664045746962,0.244793624327,0.528746181613,0.52251464881,0.677586007974,1.61076010643,0.567815103732,0.214836369754
0.664760543245,0.243851996446,0.527947329194,0.523792538209,0.67815580614,1.61210687473,0.567313135632,0.214325899305
0.665475339528,0.242911426606,0.527147770203,0.525071119451,0.678726237769,1.61345439608,0.566810164192,0.213815505374
0.666190135811,0.241972901415,0.526346845775,0.526351037671,0.679297893559,1.61480337269,0.566305665203,0.213304661227
0.666904932094,0.241034376223,0.525545921346,0.527630955891,0.679869549348,1.61615234929,0.565800716376,0.212794461517
0.667619728377,0.240098457807,0.52474326979,0.528912524285,0.680442750116,1.61750310762,0.56529394998,0.212283528613
0.66833452466,0.239163063776,0.523940270799,0.530194424632,0.681016261677,1.61885422435,0.564786453736,0.211772964405
0.669049320944,0.238228693587,0.523136598713,0.531476952008,0.681590373953,1.62020601207,0.564277968777,0.21126251097
0.669764117227,0.237296459114,0.52233152256,0.532760787357,0.682165739314,1.62155919945,0.563767913849,0.210751590042
0.67047891351,0.236364224642,0.521526446406,0.534044622705,0.682741104676,1.62291238682,0.563257397044,0.2102413151
0.671193709793,0.23543459009,0.52071967403,0.535329997383,0.683317980229,1.62426720516,0.562745075297,0.209730347979
0.671908506076,0.234505543496,0.519912518063,0.536615720171,0.683895197304,1.62562239233,0.562231982989,0.209219725579
0.672623302359,0.23357748452,0.519104722589,0.537902007821,0.684472982333,1.62697817144,0.561717916455,0.208709247755
0.673338098642,0.232651654047,0.518295484106,0.539189570051,0.685052048915,1.62833528624,0.561202237241,0.208198285773
0.674052894925,0.231725823573,0.517486245624,0.540477132281,0.685631115498,1.62969240103,0.560686083742,0.207687971246
0.674767691208,0.230802583993,0.516675341838,0.541766124812,0.686211657243,1.63105099648,0.560168137934,0.20717700526
0.675482487491,0.229879997803,0.515864018084,0.543055478047,0.686792571006,1.63240996534,0.559649380411,0.206666360476
0.676197283774,0.228958360996,0.515052088534,0.544345336712,0.687374019964,1.63376945036,0.55912966299,0.206155893601
0.676912080057,0.228039047169,0.5142386767,0.545636432076,0.687956778457,1.63513019835,0.558608289898,0.205644926539
0.67762687634,0.227119733343,0.513425264867,0.54692752744,0.68853953695,1.63649094634,0.558086429731,0.205134608315
0.678341672623,0.226202999212,0.512610218666,0.548219945974,0.689123735348,1.63785302531,0.557562789874,0.20462367904
0.679056468906,0.225286985746,0.511794715887,0.549512734149,0.689708335998,1.63921547611,0.55703829671,0.204113047924
0.679771265189,0.224371881431,0.510978641148,0.550805971139,0.690293439113,1.64057837082,0.556512857791,0.203602627564
0.680486061472,0.223459196237,0.510161044502,0.552100402362,0.690879879221,1.64194244669,0.555985719942,0.203091691637
0.681200857756,0.222546511044,0.509343447855,0.553394833586,0.691466319328,1.64330652256,0.555458081832,0.202581405844
0.681915654039,0.221636392187,0.508524247791,0.554690482821,0.692054163867,1.64467178055,0.554928676618,0.202070549083
0.682630450322,0.220727063091,0.507704554293,0.555986506886,0.692642440605,1.64603740233,0.554398376075,0.201559967928
0.683345246605,0.219818600926,0.506884322807,0.557282926055,0.693231187127,1.64740339951,0.553867143703,0.201049629872
0.684060042888,0.218912655664,0.506062529414,0.558580492305,0.693821297539,1.64877048659,0.553334168889,0.200538761539
0.684774839171,0.218006710401,0.505240736021,0.559878058556,0.694411407952,1.65013757368,0.552800680216,0.200028544548
0.685489635454,0.217103315958,0.504417370178,0.561176739712,0.695002887127,1.65150569504,0.552265436971,0.199517796329
0.686204431737,0.216200782174,0.503593473783,0.562475797043,0.695594828128,1.65287416538,0.55172925595,0.19900730167
0.68691922802,0.215299071129,0.502769073515,0.56377519876,0.696187206302,1.65424294665,0.551192156782,0.198497081931
0.687634024303,0.214399976376,0.501943070945,0.565075695615,0.696780974673,1.65561271671,0.550653271421,0.197986317891
0.688348820586,0.213500881622,0.501117068374,0.566376192471,0.697374743045,1.65698248677,0.550113858174,0.197476206314
0.689063616869,0.212604320023,0.500289524339,0.56767770326,0.697969844325,1.65835314449,0.549572702811,0.196965602888
0.689778413152,0.211708691758,0.499461412354,0.56897958763,0.698565436713,1.65972412927,0.549030566806,0.196455231502
0.690493209435,0.210813840086,0.498632830765,0.570281768748,0.699161433757,1.66109536482,0.54848752606,0.195945166317
0.691208005718,0.209921705672,0.497802606056,0.571584988168,0.699758846674,1.66246747782,0.547942655144,0.195434543513
0.691922802001,0.209029571259,0.496972381346,0.572888207588,0.70035625959,1.66383959081,0.547397241873,0.1949245742
0.692637598284,0.208139950192,0.496140646177,0.574192342182,0.700954969399,1.66521244628,0.54685009884,0.194414152044
0.693352394568,0.207251336893,0.495308305363,0.57549684373,0.701554199218,1.66658559947,0.546301931886,0.193903940947
0.694067190851,0.206363452098,0.494475529378,0.576801597554,0.702153801295,1.66795894784,0.545752873291,0.193394066775
0.694781987134,0.205478387078,0.493641069006,0.578107327847,0.702754844251,1.66933305169,0.545201940339,0.192883622389
0.695496783417,0.204593322058,0.492806608633,0.579413058141,0.703355887207,1.67070715553,0.544650450099,0.192373832432
0.6962115797,0.203710748445,0.491970668826,0.580719607142,0.703958190891,1.67208185835,0.544097242328,0.191863628245
0.696926375983,0.202829258766,0.491134085364,0.582026512337,0.704561043078,1.67345682177,0.543542966951,0.191353614693
0.697641172266,0.201948446298,0.490298991509,0.583333630715,0.705164235271,1.67483193375,0.54298781269,0.190843968214
0.698355968549,0.201070552122,0.489470316774,0.584641667754,0.70576889264,1.67620768593,0.54243073969,0.190333739669
0.699070764832,0.200192657947,0.488641642038,0.585949704794,0.706373550009,1.67758343811,0.541873093991,0.1898241664
0.699785561115,0.199317157347,0.487829520011,0.587258588571,0.706979431988,1.67895988502,0.541313742678,0.189314216955
0.700500357398,0.198442783815,0.487025192191,0.588567871054,0.707585890601,1.68033665907,0.540753279601,0.188804438231
0.701215153681,0.197569011281,0.486220464279,0.589877369177,0.708192657299,1.6817136148,0.540191949867,0.188295055998
0.701929949964,0.196698144406,0.48541380203,0.591187909859,0.708800913497,1.68309144889,0.539628656118,0.187785079959
0.702644746247,0.19582727753,0.484607139781,0.592498450541,0.709409169695,1.68446928299,0.539064773757,0.187275759951
0.70335954253,0.194958752719,0.483798924217,0.59380978912,0.710018615037,1.68584775823,0.538499196808,0.186766100764
0.704074338813,0.194091418866,0.482989918779,0.595121533436,0.710628665069,1.68722655948,0.537932463169,0.186256592649
0.704789135096,0.193224634664,0.482180550116,0.596433455118,0.711238991513,1.68860549548,0.537364874631,0.185747509793
0.70550393138,0.192360860135,0.481369192579,0.597746347984,0.711850831481,1.68998516932,0.536795276171,0.185237821777
0.706218727663,0.191497085607,0.480557835041,0.59905924085,0.712462671449,1.69136484315,0.536225072661,0.184728790457
0.706933523946,0.190635627157,0.479744952322,0.600372839698,0.713075665004,1.69274501844,0.535653185369,0.184219456531
0.707648320229,0.189775438195,0.47893123362,0.601686825509,0.713689290863,1.69412546858,0.535080096001,0.18371025459
0.708363116512,0.188915745717,0.478117189075,0.603000953845,0.714303161641,1.69550601197,0.53450616307,0.183201506092
0.709077912795,0.1880591685,0.477301099984,0.604315976472,0.714918569194,1.69688714045,0.533930174092,0.18269214185
0.709792709078,0.187202591282,0.476485010894,0.605630999099,0.715533976747,1.69826826893,0.533353563083,0.18218343488
0.710507505361,0.186348302213,0.475667424966,0.606946638227,0.71615050222,1.69964976135,0.532775278875,0.181674461466
0.711222301644,0.185495362851,0.4748489561,0.608262641011,0.716767687118,1.70103146844,0.532195746772,0.181165601546
0.711937097927,0.184642864996,0.474030199316,0.609578755015,0.717385085647,1.70241323304,0.531615381976,0.180657222651
0.71265189421,0.183793589535,0.47320934112,0.610895680765,0.718004043386,1.70379541731,0.531032914812,0.180148218215
0.713366690493,0.182944314073,0.472388482925,0.612212606516,0.718623001126,1.70517760157,0.530449808063,0.179639871538
0.714081486776,0.182097296892,0.471566156457,0.613530061812,0.719243041029,1.7065600147,0.529865038449,0.179131294149
0.714796283059,0.181251711307,0.470742899205,0.614847852803,0.71986376695,1.70794257291,0.529278974691,0.178622812378
0.715511079342,0.180406510453,0.469919392529,0.616165727348,0.720484675449,1.70932515896,0.528692088603,0.178114838591
0.716225875625,0.179564640649,0.469093726317,0.617484325314,0.721107164732,1.71070798612,0.528103053643,0.177606230278
0.716940671909,0.178722770845,0.468268060105,0.618802923279,0.721729654016,1.71209081327,0.527513360953,0.177098280116
0.717655468192,0.177883127522,0.467440954418,0.620121966446,0.722353189641,1.71347373691,0.526922015443,0.17659013453
0.718370264475,0.177044999334,0.46661286916,0.621441312575,0.722977437308,1.7148567262,0.52632932912,0.176082067318
0.719085060758,0.176207197316,0.465784573576,0.62276071834,0.723601836768,1.71623972013,0.525735830273,0.175574534408
0.719799857041,0.175372836503,0.464954058999,0.624080753275,0.724227837677,1.71762276295,0.52514013589,0.175066358815
0.720514653324,0.17453847569,0.464123544422,0.625400788211,0.724853838587,1.71900580576,0.524543765012,0.174558841673
0.721229449607,0.173706307632,0.463291619413,0.62672118671,0.725480849973,1.72038881567,0.523945751034,0.17405116393
0.72194424589,0.172875739879,0.462458665052,0.628041850542,0.726108598819,1.72177180156,0.523346349162,0.173543547971
0.722659042173,0.172045437966,0.461625540101,0.629362553946,0.726736468968,1.72315477567,0.522746143966,0.173036491967
0.723373838456,0.171218688881,0.460790135292,0.630683786208,0.727365960279,1.72453759233,0.52214369643,0.172528785976
0.724088634739,0.170391939797,0.459954730484,0.632005018471,0.727995451589,1.72592040899,0.521540552988,0.172021738641
0.724803431022,0.169567347826,0.459117944546,0.633326535457,0.728625917492,1.72730306663,0.5209357758,0.171514565043
0.725518227305,0.168744442941,0.458280078424,0.634648275124,0.729257145626,1.72868559989,0.520329563233,0.171007437311
0.726233023588,0.167921741807,0.457442082121,0.635970038266,0.729888464904,1.73006811212,0.519722555885,0.170500894507
0.726947819871,0.16710270657,0.456601743609,0.637292223747,0.730521424051,1.73145024593,0.519113259269,0.169993695282
0.727662616154,0.166283671333,0.455761405097,0.638614409229,0.731154383198,1.73283237974,0.518503246665,0.169487154822
0.728377412437,0.165466755659,0.454919715033,0.639936803485,0.731788281058,1.73421423199,0.51789160926,0.168980521936
0.729092208721,0.16465161544,0.454076892839,0.641259372621,0.732422965233,1.7355958484,0.517278488598,0.168473919689
0.729807005004,0.163836615144,0.453233981588,0.642581953211,0.733057710759,1.73697744205,0.516664580982,0.167967926638
0.730521801287,0.163025395228,0.4523886642,0.643904843268,0.733694113805,1.73835842118,0.516048337073,0.167461271627
0.73123659757,0.162214175312,0.451543346812,0.645227733326,0.734330516851,1.73973940031,0.515431356389,0.166955275392
0.731951393853,0.161405035509,0.450696707741,0.646550759197,0.734967822764,1.74111997924,0.514812759395,0.166449220048
0.732666190136,0.160597761098,0.449848883418,0.647873906864,0.735605938346,1.74250019928,0.514192630883,0.165943180826
0.733380986419,0.159790561056,0.449001011916,0.649197058159,0.736244085881,1.74388040278,0.513571722468,0.165437774346
0.734095782702,0.158987257263,0.448150668681,0.650520399541,0.736883907485,1.74525973999,0.512948430659,0.164931701279
0.734810578985,0.158183953471,0.447300325446,0.651843740923,0.737523729088,1.74663907719,0.512324380556,0.164426286902
0.735525375268,0.157382688453,0.446448690706,0.653167148247,0.738164417772,1.74801789978,0.511698722129,0.163920846191
0.736240171551,0.156583380306,0.445595816342,0.654490618862,0.738805938703,1.74939622842,0.511071483549,0.163415407817
0.736954967834,0.155784079268,0.444742937481,0.655814089591,0.739447462627,1.75077455506,0.510443471281,0.162910624986
0.737669764117,0.154988791705,0.443887519521,0.657137624364,0.740090676008,1.75215174744,0.509813028464,0.162405171876
0.7383845604,0.154193504142,0.443032101561,0.658461159138,0.74073388939,1.75352893982,0.509181805066,0.161900377271
0.739099356683,0.153400197668,0.442186778162,0.659784719583,0.741377934169,1.75490556082,0.508548980759,0.161395588535
0.739814152966,0.152608926203,0.441351824078,0.661108306397,0.742022832975,1.7562815949,0.507914527283,0.160890789085
0.740528949249,0.151817654738,0.440516869994,0.662431893212,0.742667731781,1.75765762898,0.507279280297,0.160386647295
0.741243745533,0.151030253353,0.439692209692,0.66375566617,0.743314283738,1.75903279612,0.506641605341,0.159881871932
0.741958541816,0.150242911677,0.438867708208,0.665079442001,0.7439608612,1.76040794989,0.506003101571,0.159377734864
0.742673338099,0.149457449273,0.438041869191,0.666403284343,0.744608235094,1.76178263856,0.505363003104,0.158873634823
0.743388134382,0.148674052955,0.437214559678,0.667727199806,0.74525648459,1.76315681588,0.504721225441,0.158369511276
0.744102930665,0.147890656636,0.436387250165,0.66905111527,0.745904734086,1.76453099321,0.504078630686,0.157866045056
0.744817726948,0.147111102621,0.435557204018,0.670375101417,0.746554595257,1.76590409821,0.503433615031,0.157361985468
0.745532523231,0.146331676266,0.434727066948,0.671699089913,0.747204509976,1.76727716759,0.502787718649,0.156858542158
0.746247319514,0.145554084848,0.43389562185,0.67302308105,0.747855186419,1.7686496666,0.502140232984,0.156355166359
0.746962115797,0.144778653021,0.433062637299,0.674347075297,0.748506759358,1.77002149433,0.501491017509,0.15585175489
0.74767691208,0.144003221194,0.432229652748,0.675671069544,0.749158332297,1.77139332207,0.500840960489,0.15534900032
0.748391708363,0.143231611011,0.431393941247,0.676995004627,0.749811475164,1.77276383992,0.500188489308,0.154845692231
0.749106504646,0.142460198236,0.430558088884,0.678318936654,0.750464699127,1.77413429012,0.499535084727,0.154342978974
0.749821300929,0.141690574324,0.42972095862,0.679642810778,0.751118650233,1.77550406978,0.498880095581,0.153840363144
0.750536097212,0.140923205082,0.428882217697,0.68096661192,0.751773517828,1.7768730043,0.4982233256,0.153337700261
0.751250893495,0.14015583584,0.428043476774,0.682290413062,0.752428385422,1.77824193882,0.497565688706,0.152835693751
0.751965689778,0.139392265755,0.427202018385,0.683614027182,0.753084780948,1.77960932673,0.496905644013,0.152333173203
0.752680486061,0.138628964482,0.426360367719,0.684937628068,0.753741284584,1.7809766052,0.496244612481,0.151831226624
0.753395282345,0.137867404258,0.425517469935,0.686261113943,0.754398480941,1.78234311844,0.495582000338,0.151329406805
0.754110078628,0.137108195345,0.4246728879,0.687584444492,0.755056612827,1.78370859821,0.494917555935,0.150827529351
0.754824874911,0.136348986432,0.423828305865,0.68890777504,0.755714744713,1.78507407798,0.494252218292,0.150326307647
0.755539671194,0.135593552364,0.422981015636,0.690230792778,0.756374362306,1.78643777551,0.493584478782,0.149824610996
0.756254467477,0.134838460156,0.422133480145,0.691553782186,0.757034114448,1.78780131163,0.49291569822,0.149323468057
0.75696926376,0.134085059452,0.421284729021,0.692876603028,0.757694525078,1.78916399367,0.492245340173,0.148822480604
0.757684060043,0.133334108247,0.420434217514,0.694199179764,0.758355889276,1.79052543889,0.491573098047,0.14832142576
0.758398856326,0.132583157043,0.419583706008,0.695521756501,0.759017253474,1.79188688411,0.490899935349,0.147821025943
0.759113652609,0.131835954548,0.418730495356,0.696843896792,0.75968006095,1.79324631289,0.49022437623,0.147320189861
0.759828448892,0.131089168596,0.417876984785,0.698165988588,0.760343028796,1.79460551761,0.489547721069,0.146819887862
0.760543245175,0.130344022877,0.417022290815,0.699487861935,0.761006621121,1.79596378565,0.488869490641,0.146319769448
0.761258041458,0.129601426378,0.416165757628,0.700809395773,0.761671183998,1.79732059792,0.488189323933,0.145819574731
0.761972837741,0.12885882988,0.41530922444,0.702130929612,0.762335746874,1.79867741019,0.487508208265,0.14532003422
0.762687634024,0.128119954137,0.414450000923,0.703451905614,0.763001710418,1.80003197357,0.48682470108,0.144820095697
0.763402430307,0.127381571242,0.413590421046,0.704772807724,0.763667859494,1.80138623907,0.486140042072,0.144320672276
0.76411722659,0.126644775593,0.412729690806,0.706093445302,0.764334599296,1.80273949196,0.485453809032,0.14382145989
0.764832022873,0.125910630403,0.41186703963,0.707413641148,0.765002325524,1.80409105395,0.484765587141,0.143322163158
0.765546819157,0.125176485213,0.411004388455,0.708733836994,0.765670051752,1.80544261595,0.48407638679,0.14282351971
0.76626161544,0.124446031008,0.41013905552,0.71005335594,0.766339135884,1.80679169869,0.483384799219,0.142324516057
0.766976411723,0.123716147571,0.409273307882,0.71137277021,0.767008429999,1.80814039805,0.482692003249,0.141826009191
0.767691208006,0.122987796679,0.408406443774,0.712691877785,0.767678281386,1.80948801597,0.481997633411,0.141327740142
0.768406004289,0.122262198991,0.407537573937,0.714010434383,0.768349133904,1.8108336911,0.481301221789,0.140829379595
0.769120800572,0.121536601303,0.406668704099,0.715328990982,0.769019986423,1.81217936623,0.480603801043,0.140331671306
0.769835596855,0.120814663017,0.405797160817,0.716646754034,0.769692153954,1.81352233418,0.479903996697,0.139833640153
0.770550393138,0.12009337502,0.404925142454,0.717964376069,0.770364555168,1.81486482105,0.479202926568,0.139336088162
0.771265189421,0.119373563166,0.404052042435,0.7192816533,0.771037480529,1.81620616518,0.478500281579,0.138838800077
0.771979985704,0.118656608749,0.403176848606,0.720598263076,0.771711420505,1.81754529727,0.477795541518,0.138341414258
0.772694781987,0.117939654332,0.402301654778,0.721914872852,0.772385360481,1.81888442937,0.477089760442,0.137844679567
0.77340957827,0.117226325927,0.40142379555,0.723230574943,0.773060572479,1.82022062914,0.476381598638,0.137347658867
0.774124374553,0.116513728924,0.400545398686,0.724546093947,0.773736041056,1.82155623743,0.47567211285,0.136851100412
0.774839170836,0.11580252874,0.39967661366,0.725861276591,0.774412001069,1.82289073733,0.47496104991,0.136354831211
0.775553967119,0.115094247345,0.398827913492,0.727175756382,0.775088987983,1.82422292113,0.474247838179,0.135858458912
0.776268763402,0.11438596595,0.397979213323,0.728490236173,0.775765974897,1.82555510492,0.473533552247,0.135362736508
0.776983559685,0.113681158559,0.39712927833,0.729803930544,0.776444191438,1.82688461941,0.472816886926,0.134866763957
0.777698355969,0.112977138775,0.396279063385,0.731117446849,0.777122686753,1.82821352872,0.47209883843,0.134371237357
0.778413152252,0.11227443297,0.395427764827,0.732430643837,0.777801641637,1.82954138245,0.471379208667,0.13387602431
0.779127948535,0.111574697367,0.394574016799,0.733743119018,0.778481635359,1.83086685005,0.470657374999,0.133380703041
0.779842744818,0.110874961765,0.393720268772,0.735055594199,0.779161629082,1.83219231765,0.469934432574,0.132886030332
0.780557541101,0.110178665011,0.392863670468,0.736367173433,0.779842810703,1.8335148978,0.469209110416,0.132391142309
0.781272337384,0.109483237533,0.392006351668,0.737678526188,0.780524292602,1.83483674805,0.468482344809,0.13189668455
0.781987133667,0.108789065242,0.391147987073,0.738989529894,0.781206202657,1.83615749851,0.467753992333,0.131402563896
0.78270192995,0.108097969835,0.390287058882,0.740299677962,0.781889162263,1.83747555298,0.46702338029,0.130908330765
0.783416726233,0.107406874429,0.389426130691,0.741609826031,0.782572121869,1.83879360746,0.466291623483,0.13041474476
0.784131522516,0.106719182216,0.388562351701,0.742918967897,0.783256227582,1.84010855482,0.465557485621,0.129920977785
0.784846318799,0.106032442831,0.387697774543,0.744227828045,0.783940654182,1.84142263226,0.464821843094,0.129427626128
0.785561115082,0.105346898221,0.386832190949,0.745536313899,0.784625477961,1.8427355746,0.464084606552,0.128934634401
0.786275911365,0.104664538815,0.385963924252,0.746843801904,0.785311360597,1.84404549086,0.463345054363,0.128441526925
0.786990707648,0.103982179408,0.385095657554,0.748151289909,0.785997243233,1.84535540712,0.462604319875,0.127949065038
0.787705503931,0.103303185933,0.384224539146,0.749457664044,0.78668423015,1.84666200006,0.461861201931,0.127456456017
0.788420300214,0.102625230467,0.383352541307,0.750763694675,0.787371557614,1.84796756814,0.461116517147,0.126964248133
0.789135096497,0.101948407744,0.382479578056,0.752069330418,0.788059251761,1.84927197527,0.460370229532,0.126472422255
0.789849892781,0.101274880186,0.381603806406,0.753373817423,0.788748012594,1.85057300522,0.459621569779,0.125980478361
0.790564689064,0.100601352628,0.380728034756,0.754678304427,0.789436773427,1.85187403516,0.458871688572,0.125489178418
0.791279485347,0.0999311521312,0.379849410077,0.755981572581,0.790126596717,1.85317152944,0.458119420329,0.124997764648
0.79199428163,0.0992620764566,0.378969820838,0.757284428663,0.790816779206,1.85446782837,0.457365522087,0.124506738621
0.792709077913,0.0985940698735,0.37808930901,0.758586874082,0.791507298408,1.85576295048,0.456610010394,0.124016115903
0.793423874196,0.0979294700645,0.377205857255,0.759888010885,0.792198890581,1.85705432251,0.455852069666,0.123525373937
0.794138670479,0.0972648702554,0.3763224055,0.761189147688,0.792890482754,1.85834569455,0.455092866617,0.123035274179
0.794853466762,0.0966035570333,0.375436098972,0.76248896345,0.793583095593,1.85963332285,0.454331271659,0.12254509335
0.795568263045,0.0959434570807,0.374548738582,0.763788291539,0.794276085219,1.86091956912,0.453567982535,0.122055287683
0.796283059328,0.095284360949,0.373660500378,0.765087198194,0.794969382159,1.86220463319,0.452803067393,0.12156590583
0.796997855611,0.0946287848529,0.372769183997,0.766384627034,0.795663756741,1.86348555176,0.452035665915,0.121076404558
0.797712651894,0.0939732087568,0.371877867616,0.767682055874,0.796358131323,1.86476647032,0.451266959434,0.120587543647
0.798427448177,0.0933208771724,0.370983694275,0.768978064377,0.797053484847,1.86604344178,0.450495854757,0.120098633848
0.79914224446,0.0926698489433,0.370088373261,0.770273502314,0.797749231622,1.86731882764,0.449722990715,0.119610087466
0.799857040743,0.0920197576448,0.369192221325,0.771568513233,0.798445256935,1.86859303703,0.448948485982,0.119121984583
0.800571837026,0.0913733013044,0.368292845704,0.772861867473,0.79914236287,1.86986268208,0.448171437209,0.118633763196
0.80128663331,0.090726844964,0.367393470082,0.774155221712,0.799839468806,1.87113232713,0.447393038831,0.118146180217
0.802001429593,0.0900835894636,0.366491234848,0.775447059319,0.800537512064,1.87239782686,0.446612234423,0.117658579941
0.802716225876,0.0894417290466,0.365587753255,0.776738235903,0.801235963853,1.87366151986,0.445829604386,0.117171332198
0.803431022159,0.0888007370503,0.364683489932,0.778028985266,0.80193466607,1.87492405374,0.445045316715,0.116684546792
0.804145818442,0.0881634966056,0.363775849561,0.77931788905,0.80263445013,1.87618158027,0.444258426898,0.116197644912
0.804860614725,0.0875262561609,0.362868209191,0.780606792835,0.80333423419,1.8774391068,0.443470140833,0.11571137938
0.805575411008,0.0868921351201,0.361976994051,0.781894164983,0.804034914168,1.87869246059,0.442679439134,0.115225127476
0.806290207291,0.0862594854775,0.361093526562,0.783180814672,0.804736016744,1.87994384614,0.441886844402,0.114739218081
0.807005003574,0.0856276117232,0.360209973884,0.784467091096,0.805437342491,1.88119420503,0.441092572494,0.114253788903
0.807719799857,0.0849994992015,0.359326008236,0.785751558071,0.80613975009,1.88243958697,0.440295639213,0.113768245987
0.80843459614,0.0843713866798,0.358442042588,0.787036025046,0.806842157689,1.88368496892,0.439497260869,0.113283337253
0.809149392423,0.0837462945943,0.357555045919,0.788318984614,0.807545420916,1.88492623497,0.438696454378,0.112798471793
0.809864188706,0.083122741029,0.356666505337,0.789601176354,0.808249119974,1.88616540452,0.437893685757,0.112313939403
0.810578984989,0.0824998935592,0.355777249508,0.790883002219,0.808953015844,1.88740358242,0.437089217616,0.111829904135
0.811293781272,0.081880923631,0.354884065878,0.79216281887,0.809657992509,1.88863631463,0.436282027468,0.11134575846
0.812008577555,0.0812619537029,0.353990882247,0.79344263552,0.810362969173,1.88986904685,0.435473341121,0.110862244697
0.812723373838,0.0806459588066,0.353094655921,0.794720853515,0.811068761485,1.8910974758,0.434662211971,0.110378803151
0.813438170122,0.080031597287,0.35219675907,0.795998193803,0.811775001609,1.89232354214,0.433849050236,0.109895686094
0.814152966405,0.0794178709199,0.351298206194,0.797275180537,0.812481412955,1.89354866285,0.433034163831,0.109413082191
0.814867762688,0.078808142675,0.35039552381,0.798549941739,0.813188902095,1.89476783108,0.432216494253,0.108930372394
0.815582558971,0.0781984144301,0.349492841425,0.799824702942,0.813896391236,1.89598699931,0.431397274869,0.108448292134
0.816297355254,0.0775916143728,0.348587103973,0.801097777418,0.814604656244,1.89720168304,0.430575595867,0.107966312407
0.817012151537,0.076986544367,0.347679561505,0.80236985533,0.815313379656,1.89841371721,0.429751812497,0.107484649524
0.81772694782,0.0763820369338,0.346771425995,0.803641598217,0.816022249524,1.89962486562,0.428926276271,0.107003514931
0.818441744103,0.0757816502338,0.345858946561,0.804910887113,0.816732192157,1.900829526,0.428097895162,0.106522280165
0.819156540386,0.0751812635338,0.344946467128,0.80618017601,0.817442134791,1.90203418638,0.427267908003,0.106041672457
0.819871336669,0.0745837567375,0.344030919522,0.80744769341,0.818152813757,1.90323418767,0.426435442058,0.105561192949
0.820586132952,0.0739880785169,0.3431134238,0.808714086009,0.818863960253,1.9044312307,0.425600798574,0.105081023606
0.821300929235,0.0733928886362,0.342195402147,0.809980168593,0.819575229324,1.9056274624,0.42476437077,0.104601396761
0.822015725518,0.0728019441803,0.341272808268,0.811243556021,0.820287564011,1.90681664064,0.423925035813,0.104121676708
0.822730521801,0.0722109997243,0.340350214388,0.812506943449,0.820999898698,1.90800581888,0.423084035745,0.103642581128
0.823445318084,0.0716228854493,0.339424538465,0.813768478045,0.82171293047,1.9091901706,0.422240535157,0.103163640745
0.824160114367,0.0710367001595,0.338496761893,0.815028749792,0.82242643736,1.91037123266,0.421394782408,0.102685004836
0.82487491065,0.0704509273052,0.337568531051,0.8162887433,0.823140043886,1.91155157311,0.420547210327,0.102206924685
0.825589706934,0.0698695267049,0.336635484465,0.817545787181,0.823854706667,1.91272426362,0.419696668241,0.101728759567
0.826304503217,0.0692881261047,0.335702437878,0.818802831062,0.824569369449,1.91389695412,0.418844398973,0.101251216229
0.8270192995,0.0687095045246,0.334766294576,0.820057944342,0.8252846904,1.91506465835,0.417989604656,0.100773854388
0.827734095783,0.0681329142647,0.333827887735,0.821311646451,0.826000492438,1.91622871785,0.417132482027,0.100296792356
0.828448892066,0.0675566588436,0.332889103306,0.822565109178,0.82671637218,1.91739216152,0.416273501222,0.099820298359
0.829163688349,0.0669849047082,0.331945242914,0.823815353846,0.82743329651,1.91854732647,0.415411486949,0.0993437289467
0.829878484632,0.0664131505728,0.331001382522,0.825065598513,0.82815022084,1.91970249141,0.4145476802,0.0988677785131
0.830593280915,0.0658441208188,0.330057394083,0.826313843258,0.828867764801,1.92085252868,0.413681320824,0.0983920351603
0.831308077198,0.0652772250913,0.329113305346,0.82756052145,0.829585794124,1.9219985494,0.412812555376,0.0979165880012
0.832022873481,0.0647105809263,0.328170108279,0.828807015734,0.8303038803,1.9231440967,0.411941888742,0.0974417201377
0.832737669764,0.0641484974895,0.327243076831,0.830050175852,0.831022997212,1.92428106086,0.411068124267,0.0969667876109
0.833452466047,0.0635864140527,0.326316045383,0.831293335969,0.831742114124,1.92541802502,0.410192498562,0.0964924711511
0.83416726233,0.0630269405455,0.325385759192,0.832534567014,0.832461813074,1.92655002172,0.409314288691,0.0960183862719
0.834882058613,0.0624696565908,0.324452742496,0.833774179698,0.833182000314,1.92767785106,0.40843359275,0.0955445947699
0.835596854896,0.0619125430755,0.323519510302,0.835013662761,0.833902224731,1.92880534796,0.407550948065,0.0950713927644
0.836311651179,0.0613600856509,0.322580391103,0.836249604805,0.834623464772,1.9299237631,0.406665138938,0.0945981374152
0.837026447462,0.0608076282264,0.321641271904,0.837485546849,0.835344704813,1.93104217823,0.405777396101,0.0941254951143
0.837741243746,0.0602577279484,0.32069887366,0.838719489041,0.836066490084,1.93215548395,0.404887033525,0.0936531079337
0.838456040029,0.0597101243416,0.31975353038,0.83995163509,0.836788765045,1.93326420069,0.403994102624,0.0931810122162
0.839170836312,0.0591626103126,0.318808070567,0.841183709138,0.837511058664,1.93437273415,0.403099170597,0.092709515167
0.839885632595,0.0586198880609,0.317856377076,0.842411931623,0.838234350307,1.9354714634,0.402201006579,0.0922379774483
0.840600428878,0.0580771658093,0.316904683585,0.843640154108,0.838957641949,1.93657019264,0.401300832357,0.0917670496523
0.841315225161,0.0575369465882,0.315949685559,0.844866309877,0.839681442481,1.9376636796,0.400397998894,0.0912963997745
0.842030021444,0.0569991334909,0.314991510934,0.846090478944,0.840405732201,1.93875212723,0.39949251282,0.090826040573
0.842744817727,0.0564613272515,0.314033327119,0.847314642198,0.841130023281,1.93984056017,0.398584968005,0.0903562881542
0.84345961401,0.0559284513811,0.313068535389,0.84853462564,0.841855292104,1.94091842696,0.397674122739,0.0898865091887
0.844174410293,0.0553955755106,0.31210374366,0.849754609082,0.842580560927,1.94199629375,0.39676118645,0.0894173369119
0.844889206576,0.0548651472174,0.311135620659,0.85097246303,0.84330630282,1.94306879508,0.395845547127,0.0889484645845
0.845604002859,0.054337236933,0.310164070525,0.852188126205,0.844032531397,1.94413577657,0.394927168732,0.0884798833096
0.846318799142,0.0538093266486,0.309192520392,0.853403789379,0.844758759975,1.94520275806,0.394006649722,0.0880119064148
0.847033595425,0.0532863328343,0.308214172472,0.854615064547,0.845485913937,1.94625871879,0.393082797974,0.0875439374428
0.847748391708,0.0527634167952,0.307235717016,0.855826270299,0.846213082538,1.94731450518,0.392156751137,0.0870765623887
0.848463187991,0.0522428915375,0.306253902247,0.857035288043,0.846940688965,1.94836481326,0.391227952778,0.086609508523
0.849177984274,0.0517249987179,0.305268388611,0.858241896619,0.847668777473,1.9494090893,0.390296326561,0.0861427472863
0.849892780558,0.0512071058982,0.304282874975,0.859448505196,0.84839686598,1.95045336534,0.389362471252,0.0856765870356
0.850607576841,0.0506941012191,0.30329037884,0.860650528358,0.849125824622,1.9514861951,0.388425250695,0.085210470452
0.851322373124,0.0501812609236,0.30229764789,0.861852397317,0.849854812526,1.95251863993,0.38748572551,0.084744935036
0.852037169407,0.0496707532659,0.301301528219,0.863052024212,0.850584203641,1.95354550454,0.386543395182,0.0842797412288
0.85275196569,0.0491629951464,0.30030141418,0.86424900833,0.851314070031,1.95456579161,0.385598145702,0.0838148428666
0.853466761973,0.0486552370269,0.29930130014,0.865445992449,0.852043936421,1.95558607867,0.38465057335,0.0833505419848
0.854181558256,0.048152319246,0.298307700682,0.866638239273,0.85277461759,1.95659459429,0.383699599179,0.0828863199857
0.854896354539,0.0476496535231,0.297314440468,0.867830239404,0.853505341188,1.95760249692,0.38274620679,0.0824226673366
0.855611150822,0.0471492246901,0.296320784682,0.869020038045,0.854236434261,1.9586049235,0.381789949762,0.0819593757505
0.856325947105,0.0466516195515,0.295326629553,0.870207057676,0.854967993734,1.95960043749,0.380830679261,0.0814963835532
0.857040743388,0.0461540144129,0.294332474425,0.871394077307,0.855699553207,1.96059595149,0.379868986354,0.0810339852186
0.857755539671,0.0456611584642,0.293330732102,0.872576314252,0.856431872927,1.96157960224,0.378903849377,0.080571699871
0.858470335954,0.0451686406111,0.292328449646,0.873758210716,0.85716424677,1.96256240845,0.377936176134,0.0801099729818
0.859185132237,0.0446782987386,0.291322624352,0.874937862482,0.857896957445,1.96353966382,0.376965572109,0.079648625524
0.85989992852,0.0441909001166,0.290312006986,0.876114478047,0.858630123722,1.96450941108,0.375991856664,0.0791875824107
0.860614724803,0.0437035014946,0.28930138962,0.877291093612,0.85936329,1.96547915834,0.375015613008,0.078727129432
0.861329521086,0.0432208248067,0.288282933623,0.878462721052,0.860097162104,1.96643660784,0.374035877819,0.0782668228983
0.86204431737,0.0427385778779,0.287263764206,0.879633894507,0.860831098447,1.96739293808,0.373053483502,0.0778070649023
0.862759113653,0.042258446815,0.286241011945,0.880802779779,0.861565339742,1.96834364384,0.372068085514,0.0773477038444
0.863473909936,0.0417813845857,0.285213063157,0.88196834629,0.862300023336,1.96928619187,0.371079474862,0.0768886534406
0.864188706219,0.0413043223564,0.28418511437,0.883133912802,0.863034706931,1.97022873991,0.37008822336,0.0764301893319
0.864903502502,0.0408319545806,0.283149053245,0.884294283536,0.863770041834,1.9711585541,0.369093427422,0.075971904613
0.865618298785,0.0403601106309,0.282112086912,0.885454074503,0.864505449413,1.9720869474,0.368095844295,0.0755141595262
0.866333095068,0.03989032111,0.281071495801,0.886611538962,0.865241130888,1.9730096556,0.367095177184,0.0750568279938
0.867047891351,0.0394237296258,0.280025262161,0.887765381853,0.865977238725,1.97392351405,0.366091192566,0.0745998148287
0.867762687634,0.0389571381416,0.27897902852,0.888919224743,0.866713346562,1.9748373725,0.365084446995,0.0741433840058
0.868477483917,0.0384952135119,0.277924383656,0.890067661625,0.867450051128,1.97573805925,0.364074098052,0.0736871649882
0.8691922802,0.0380339093189,0.276868620559,0.891215379804,0.868186835026,1.97663699489,0.363060828201,0.0732314777502
0.869907076483,0.0375745967773,0.275809188737,0.89236073858,0.868923862656,1.9775301986,0.362044385876,0.0727762197635
0.870621872766,0.0371186153781,0.274743620779,0.893502151129,0.869661297939,1.97841381535,0.361024517257,0.0723212893129
0.871336669049,0.0366626339788,0.273678052822,0.894643563679,0.870398733223,1.97929743211,0.360001759408,0.0718669371367
0.872051465332,0.0362112908533,0.272605219764,0.895779359572,0.871136710622,1.98016744284,0.358975332548,0.0714128286361
0.872766261615,0.0357606673273,0.271531259572,0.896914284076,0.871874772127,1.98103534269,0.357945844888,0.070959245156
0.873481057898,0.0353119601501,0.270457520788,0.898046851249,0.872613048196,1.98189754172,0.356913087186,0.0705061056522
0.874195854182,0.034866701361,0.26938418042,0.899175176507,0.873351710362,1.9827494824,0.355876789969,0.0700533043247
0.874910650465,0.034421442572,0.268310840053,0.900303501765,0.874090372527,1.98360142308,0.354837466275,0.0696010770876
0.875625446748,0.0339807524805,0.267228286125,0.901426104622,0.874829522576,1.98443955587,0.353794399933,0.0691491246023
0.876340243031,0.0335408766658,0.266144090069,0.902547687578,0.87556875958,1.98527522769,0.352748126033,0.0686976914737
0.877055039314,0.0331028457351,0.265056081983,0.903666908237,0.876308183226,1.98610521686,0.351698474228,0.0682467159355
0.877769835597,0.0326683920618,0.263960682315,0.904781548365,0.877047968772,1.98692418728,0.350645164273,0.0677960905271
0.87848463188,0.0322339383885,0.262865282648,0.905896188494,0.877787754318,1.9877431577,0.349588680713,0.0673460349086
0.879199428163,0.0318040280616,0.261760258426,0.90700488241,0.878527973808,1.98854786818,0.348528372148,0.0668962843864
0.879914224446,0.0313750366572,0.260653287572,0.908112373664,0.879268281066,1.98934969451,0.347464701709,0.0664470486971
0.880629020729,0.0309478244424,0.259542450198,0.909217485282,0.880008748138,1.9901458318,0.346397534434,0.0659982832116
0.881343817012,0.0305243364563,0.258423519359,0.910317615808,0.880749549733,1.99093006072,0.345326584941,0.0655498814202
0.882058613295,0.0301008484701,0.257304588521,0.911417746334,0.881490351328,1.99171428964,0.3442523038,0.0651020450006
0.882773409578,0.0296818791239,0.256175577095,0.912511701682,0.882231532951,1.99248380169,0.34317410603,0.0646545434621
0.883488205861,0.0292639367939,0.255044274511,0.91360425351,0.882972800947,1.99324996883,0.342092383798,0.0642075534505
0.884203002144,0.0288477065373,0.253909048381,0.914694415039,0.883714203083,1.99401045736,0.341007033531,0.0637610452324
0.884917798427,0.0284353532623,0.252764937405,0.91577916375,0.884455908973,1.9947580867,0.339917770978,0.0633149159745
0.885632594711,0.0280229999874,0.251620826428,0.916863912461,0.885197614864,1.99550571604,0.338825006657,0.0628693475508
0.886347390994,0.027615141528,0.250466126407,0.917942251009,0.885939646913,1.99623816559,0.337728223705,0.0624241432216
0.887062187277,0.0272084219476,0.249308743374,0.919018965375,0.886681761603,1.99696676894,0.336627744544,0.0619794483832
0.88777698356,0.0268033458524,0.248147384184,0.92009328591,0.887423985991,1.9976897219,0.335523492484,0.0615352458699
0.888491779843,0.0264023059166,0.246976260131,0.921161727545,0.888166479783,1.99839879833,0.334415191367,0.061091439363
0.889206576126,0.0260012659807,0.245805136078,0.922230169181,0.888908973574,1.99910787477,0.333303204944,0.0606481890308
0.889921372409,0.0256046980357,0.244622885708,0.923291959058,0.889651739728,1.99980130208,0.332187086252,0.0602053314247
0.890636168692,0.0252093849375,0.243437513278,0.924351882443,0.890394582306,2.00049033822,0.331067089416,0.0597629826
0.891350964975,0.0248156451525,0.242248095364,0.925409416246,0.891137511464,2.00117377139,0.329943159553,0.0593211355366
0.892065761258,0.0244261077552,0.241047871787,0.926460567376,0.89188067188,2.00184223876,0.328815036336,0.058879703391
0.892780557541,0.0240365703579,0.23984764821,0.927511718506,0.892623832295,2.00251070614,0.32768302932,0.0584388226366
0.893495353824,0.0236514837601,0.238635622346,0.928555967611,0.893367211372,2.00316304512,0.32654676331,0.0579983626484
0.894210150107,0.0232677726183,0.237419949153,0.929598083743,0.894110658022,2.00381039985,0.32540642584,0.0575584121202
0.89492494639,0.0228855631001,0.236200165897,0.930637822524,0.894854169543,2.00445221856,0.324261978124,0.0571189716565
0.895639742673,0.0225077305326,0.234968402576,0.93167063177,0.895597870152,2.00507790079,0.323113184268,0.0566799669833
0.896354538956,0.0221298979651,0.233736639255,0.932703441016,0.896341570761,2.00570358303,0.321960291401,0.0562415087911
0.897069335239,0.0217564969535,0.232492344282,0.933729088023,0.897085436439,2.00631264591,0.320802998054,0.0558034988096
0.897784131523,0.0213845971818,0.23124380407,0.93475230874,0.897829358037,2.0069160788,0.319641427169,0.0553660004226
0.898498927806,0.0210141256729,0.229991086993,0.935773173153,0.898573324303,2.00751406383,0.318475549606,0.05492901923
0.899213724089,0.0206482149739,0.228725032119,0.936786513279,0.899317433205,2.00809465244,0.317305163517,0.0544924967691
0.899928520372,0.0202823042749,0.227458977244,0.937799853406,0.900061542108,2.00867524106,0.316130444425,0.0540565157502
0.900643316655,0.0199208093691,0.226177901592,0.938805756292,0.900805762612,2.00923869834,0.314951166672,0.0536210097875
0.901358112938,0.0195609477256,0.22489127023,0.939808908377,0.901550024395,2.00979581929,0.313767390921,0.0531860190844
0.902072909221,0.0192024472908,0.223597606533,0.940809711595,0.902294312219,2.01034755316,0.31257909044,0.0527515515065
0.902787705504,0.0188487306111,0.222279228792,0.94180226009,0.903038691564,2.01088035498,0.31138610829,0.0523175678497
0.903502501787,0.0184950139314,0.220960851052,0.942794808584,0.903783070908,2.01141315681,0.310188537976,0.0518841204638
0.90421729807,0.0181457391469,0.219628315447,0.943779518571,0.904527508117,2.01192805545,0.308986232514,0.0514511746136
0.904932094353,0.0177982520273,0.218290081933,0.944761073907,0.905271968613,2.01243574887,0.307779192583,0.0510187493947
0.905646890636,0.0174520525586,0.216947586262,0.945740310913,0.906016438084,2.0129381678,0.306567385604,0.0505868520586
0.906361686919,0.0171108603535,0.215588516422,0.946710532671,0.906760942451,2.0134200759,0.305350712376,0.0501554665189
0.907076483202,0.0167696681485,0.214229446583,0.947680754428,0.907505446819,2.013901984,0.304129171868,0.0497246119417
0.907791279485,0.016432905251,0.21285513194,0.948642840019,0.908249955186,2.01436545505,0.302902698592,0.049294284929
0.908506075768,0.016098076325,0.21147416095,0.94960137311,0.908994465298,2.01482087592,0.301671236119,0.0488644857037
0.909220872051,0.0157644545431,0.210088863966,0.950557643908,0.909738969172,2.01527119124,0.300434736388,0.0484352177889
0.909935668335,0.0154360605567,0.208684832345,0.951504117368,0.910483446024,2.01569939591,0.299193171673,0.0480064920524
0.910650464618,0.0151076665703,0.207280800724,0.952450590828,0.911227922877,2.01612760058,0.297946433312,0.0475782918293
0.911365260901,0.0147836977163,0.205854099314,0.953388599054,0.911972350031,2.01653678212,0.296694539836,0.0471506445789
0.912080057184,0.0144618197948,0.204416686134,0.954322607347,0.912716753704,2.01693697499,0.295437381346,0.0467235340949
0.912794853467,0.0141410818428,0.202970937179,0.955254375822,0.91346113785,2.0173321601,0.294174883616,0.0462969569957
0.91350964975,0.0138258848594,0.201484671109,0.956175257374,0.914205427086,2.01770300443,0.292907106288,0.0458709552971
0.914224446033,0.013510687876,0.199998405039,0.957096138927,0.914949716322,2.01807384875,0.291633817789,0.0454454735173
0.914939242316,0.0131999908165,0.198494551955,0.958007981907,0.915693901402,2.01842457821,0.290355124973,0.0450205700329
0.915654038599,0.01289158977,0.196981725383,0.958915213102,0.916438033337,2.01876504439,0.28907086789,0.0445962145001
0.916368834882,0.0125842461826,0.195464571108,0.959820278357,0.917182134344,2.01910071188,0.287780933448,0.0441723931126
0.917083631165,0.0122827265819,0.193923581877,0.960713414641,0.917926065007,2.01940995049,0.286485488276,0.043749184021
0.917798427448,0.0119812069812,0.192382592647,0.961606550924,0.918669995671,2.01971918909,0.285184158622,0.0433264890999
0.918513223731,0.0116841856421,0.190822290533,0.962490291261,0.919413767412,2.02000770631,0.283877143475,0.0429043974428
0.919228020014,0.0113896380673,0.189251367533,0.963368864413,0.920157451756,2.02028482805,0.282564237376,0.042482867168
0.919942816297,0.0110960655141,0.187664355022,0.964245352376,0.920901096109,2.0205573745,0.281245273545,0.0420618702404
0.92065761258,0.0108086501821,0.185975737903,0.965108672458,0.921644487915,2.02080102814,0.279920546022,0.0416415256618
0.921372408863,0.0105212348502,0.184287120785,0.96597199254,0.922387879721,2.02104468178,0.278589519327,0.0412216893461
0.922087205147,0.0102386831532,0.182530171273,0.966824423752,0.923131056209,2.02126460837,0.277252491046,0.0408024816524
0.92280200143,0.00995900968723,0.180732783611,0.967670411084,0.923874105274,2.02147049361,0.275909214645,0.0403838516305
0.923516797713,0.0096802799589,0.178931648448,0.968514243268,0.924617106829,2.02167170615,0.27455945289,0.0399657530638
0.924231593996,0.00940848777576,0.177102964891,0.969342232671,0.925359759123,2.02183856897,0.273203661903,0.0395483543349
0.924946390279,0.00913669559261,0.175274281335,0.970170222074,0.926102411417,2.02200543179,0.271841109075,0.039131457782
0.925661186562,0.00886977879946,0.173425173297,0.970986879818,0.92684478744,2.02214784878,0.270472202934,0.0387152172075
0.926375982845,0.00860596254258,0.171563076176,0.971796331119,0.927586987767,2.02227471928,0.269096659647,0.0382995747612
0.927090779128,0.00834297482008,0.169698232785,0.972603823397,0.928329135845,2.02239738541,0.267714146349,0.0378844600821
0.927805575411,0.00808721963378,0.167809416341,0.973394214748,0.929070827825,2.02248335026,0.266325312681,0.0374700975527
0.928520371694,0.00783146444748,0.165920599898,0.9741846061,0.929812519806,2.02256931511,0.264929198455,0.0370562309148
0.929235167977,0.0075805518841,0.164009322888,0.97496334899,0.930553875527,2.02263041448,0.263526325959,0.0366430464778
0.92994996426,0.00733294513009,0.162082713205,0.975734140076,0.9312950017,2.02267453948,0.26211638312,0.0362304832172
0.930664760543,0.00708604778813,0.160152501345,0.976503193394,0.932036074272,2.02271497561,0.260698917774,0.0358184419256
0.931379556826,0.00684670729541,0.158183918118,0.977253735535,0.932776575867,2.02271611686,0.259274804278,0.0354072086689
0.932094353109,0.0066073668027,0.156215334891,0.978004277676,0.933517077462,2.02271725811,0.25784282526,0.0349964648183
0.932809149392,0.0063729452518,0.154173707702,0.978742495876,0.93425718348,2.02269238915,0.256403620333,0.0345864284325
0.933523945675,0.00614212477979,0.152078606191,0.979471691913,0.934996999903,2.02264847852,0.254956859286,0.0341770391526
0.934238741959,0.00591191698159,0.14997891104,0.980199313665,0.935736764722,2.02260126464,0.253501943342,0.0337681639836
0.934953538242,0.00568999412677,0.147817097931,0.98090564697,0.93647583172,2.02250938212,0.252040013252,0.0333601584006
0.935668334525,0.00546807127195,0.145655284823,0.981611980275,0.937214898718,2.02241749961,0.250569553781,0.0329526355292
0.936383130808,0.00525122623572,0.143449133532,0.982305021378,0.937953508265,2.02229789788,0.249091332115,0.0325458462107
0.937097927091,0.00503836481071,0.141208198392,0.982987634584,0.938691758936,2.02215655009,0.247605010176,0.0321397344111
0.937812723374,0.0048259961342,0.138960199645,0.983668925686,0.939429963613,2.02201246165,0.246109805548,0.0317341266758
0.938527519657,0.00462262959603,0.136583154191,0.984326062977,0.940167328034,2.02181830372,0.244607178894,0.0313294576145
0.93924231594,0.00441926305785,0.134206108737,0.984983200267,0.940904692454,2.02162414578,0.243095264342,0.0309252643406
0.939957112223,0.00422120229178,0.131790062245,0.985625812722,0.941641535109,2.02140007215,0.241574967434,0.0305218314297
0.940671908506,0.00402759950723,0.129341246552,0.986256221213,0.94237793937,2.02115086294,0.240045955247,0.0301191113814
0.941386704789,0.00383435219239,0.126887212839,0.986885634642,0.943114307395,2.02089961727,0.238507217093,0.0297168828856
0.942101501072,0.00365092481517,0.124289030069,0.987487559206,0.943849674409,2.02059211367,0.236960599237,0.0293156710198
0.942816297355,0.00346749743794,0.121690847299,0.98808948377,0.944585041424,2.02028461008,0.235403820225,0.0289149277653
0.943531093638,0.00328958947176,0.119040863083,0.988675648551,0.945319819609,2.01994507336,0.233837936166,0.0285149725354
0.944245889921,0.00311664623823,0.116344283257,0.989247637343,0.946054068141,2.01957672273,0.23226263552,0.0281157711478
0.944960686204,0.0029438992579,0.113645773003,0.989819053733,0.946788295044,2.01920721648,0.230676624208,0.0277170459692
0.945675482487,0.00278187584035,0.110841781393,0.990359193275,0.947521340091,2.01877456598,0.229082212118,0.0273194250271
0.946390278771,0.00261985242281,0.108037789783,0.990899332816,0.948254385139,2.01834191548,0.227476624868,0.0269222652435
0.947105075054,0.0024635418586,0.105170080839,0.99142249236,0.948986771749,2.01787524087,0.225861081753,0.0265259218455
0.947819871337,0.00231273130052,0.102241028515,0.991929304541,0.949718524455,2.01737580981,0.224235312886,0.0261303794566
0.94853466762,0.00216193235022,0.099311900632,0.992436081575,0.950450275761,2.01687630887,0.22259767348,0.0257352947031
0.949249463903,0.00202261221579,0.0963080529742,0.992908103099,0.951180643899,2.0163077128,0.220951026476,0.0253414114543
0.949964260186,0.00188329208136,0.0933042053165,0.993380124622,0.951911012037,2.01573911672,0.219292015274,0.0249479816118
0.950679056469,0.00174972242453,0.0902728389517,0.993834426985,0.952640651533,2.01513559565,0.217622031209,0.0245553961297
0.951393852752,0.00162207769413,0.0872131190612,0.99427047265,0.953369540282,2.01449609008,0.215940870884,0.0241636646651
0.952108649035,0.00149443296374,0.0841533991706,0.994706518316,0.954098429031,2.0138565845,0.214246519153,0.0237723821843
0.952823445318,0.00137833758918,0.0810729113556,0.995106383727,0.95482576699,2.01314644108,0.212542308754,0.0233823788981
0.953538241601,0.00126242943389,0.077992086885,0.995505662644,0.955553079809,2.01243515258,0.210824382344,0.0229928344412
0.954253037884,0.0011520555412,0.0749194515288,0.995887334478,0.956279597096,2.01168985501,0.209094244072,0.0226041598334
0.954967834167,0.00104778456849,0.0718558467361,0.996249590063,0.957005237107,2.01090705386,0.207351785362,0.0222163964335
0.95568263045,0.000943513595788,0.0687922419435,0.996611845648,0.957730877118,2.01012425271,0.205594559465,0.0218290738098
0.956397426733,0.000850310617541,0.0657452194078,0.996938351924,0.958454806651,2.00927320792,0.203826380406,0.0214431025711
0.957112223016,0.000757484326988,0.062698761232,0.99726364151,0.959178677969,2.00841984054,0.202042871765,0.021057599361
0.957827019299,0.000670631661857,0.0583478113416,0.997569105521,0.959901695217,2.00752870011,0.200245611144,0.0206729863705
0.958541815583,0.00059083100873,0.0524568768387,0.997851164952,0.960623704216,2.00659296767,0.198434613372,0.0202893431184
0.959256611866,0.000511030355603,0.0465659423358,0.998133224384,0.961345713215,2.00565723522,0.196606934734,0.0199061321447
0.959971408149,0.000462636639657,0.0389492643071,0.998305466542,0.962065749559,2.00450598049,0.194767169824,0.0195243978713
0.960686204432,0.000415891597737,0.031241995193,0.998471943957,0.96278568235,2.00334341214,0.192910128427,0.0191431467151
0.961401000715,0.00037430760703,0.0262148031751,0.998620538644,0.963504599438,2.00214845134,0.191037694086,0.0187628599232
0.962115796998,0.000339248584081,0.0245759551054,0.998746524715,0.964222232401,2.00091253769,0.189150119214,0.0183836766459
0.962830593281,0.000304189561132,0.0229371070358,0.998872510785,0.964939865364,1.99967662404,0.187243516939,0.0180049164494
0.963545389564,0.000274433479806,0.0214400042934,0.998980350298,0.965655303031,1.99841241228,0.185323222961,0.01762773527
0.964260185847,0.000245057221774,0.0199530540627,0.999086890063,0.96637058346,1.99714617366,0.183383250434,0.017251055787
0.96497498213,0.000217864656732,0.018519549876,0.999185856668,0.967084848566,1.9958686249,0.181425332945,0.0168753280815
0.965689778413,0.000193630356439,0.017158449433,0.999274563857,0.967797738206,1.99457575421,0.179449886581,0.0165007387416
0.966404574696,0.000169396056146,0.0157973489901,0.999363271047,0.968510627846,1.99328288353,0.177452450402,0.0161265630628
0.967119370979,0.000149443254134,0.0145406094866,0.999436917438,0.969221296231,1.99196854082,0.175438603987,0.0157539642313
0.967834167262,0.000129882057033,0.0132934152997,0.999509186301,0.96993176145,1.99065223418,0.173401956592,0.0153818813222
0.968548963545,0.000112046884694,0.0120923326978,0.999575293929,0.970641226174,1.98932759842,0.171344021856,0.0150107301233
0.969263759828,9.67190535118e-05,0.0109582349256,0.999632451327,0.971349237511,1.98799086319,0.169265361161,0.0146407447065
0.969978556112,8.13912223299e-05,0.00982413715342,0.999689608726,0.972057248848,1.98665412797,0.167160854125,0.0142711635893
0.970693352395,6.94771248578e-05,0.0087788588284,0.999734397282,0.972763030779,1.98530172984,0.16503626638,0.01390314788
0.971408148678,5.7945544238e-05,0.00774353293033,0.999777799879,0.9734685629,1.98394757663,0.162884735625,0.0135356625161
0.972122944961,4.77246318081e-05,0.00677445828884,0.999816381494,0.974173117863,1.98258781738,0.160707442693,0.0131690845802
0.972837741244,3.95472261437e-05,0.00590867820514,0.999847446552,0.974876149305,1.98121931753,0.158505049429,0.0128036955067
0.973552537527,3.13698204792e-05,0.00504289812144,0.99987851161,0.975579180748,1.97985081768,0.156271620112,0.0124387014697
0.97426733381,2.56034796148e-05,0.00431370384672,0.999900586933,0.976279991686,1.97847356154,0.154013013458,0.0120752527156
0.974982130093,2.01588515639e-05,0.00360273446786,0.99992146274,0.976980506338,1.97709513703,0.15172176397,0.0117123485064
0.975696926376,1.55239502037e-05,0.00295290964732,0.999939277166,0.977680076327,1.97571451503,0.149398539728,0.0113503229994
0.976411722659,1.2245552655e-05,0.00240551794078,0.999951962979,0.978378063759,1.97433021167,0.147043994235,0.0109895035026
0.977126518942,8.96715510626e-06,0.00185812623425,0.999964648793,0.979076051192,1.9729459083,0.14465112792,0.0106290699192
0.977841315225,7.05718800246e-06,0.0014580557466,0.999972090597,0.979771847629,1.97156016178,0.142225709248,0.010270151158
0.978556111508,5.36021642298e-06,0.00108091573405,0.999978716174,0.980467303039,1.97017419063,0.139759425304,0.00991179016314
0.979270907791,4.00546456497e-06,0.000767819829028,0.999984014633,0.981161855294,1.96878923859,0.137252120954,0.00955427489407
0.979985704074,3.26753956362e-06,0.000570158900554,0.999986921056,0.981854779675,1.96740612342,0.134704195649,0.00919797564715
0.980700500357,2.52961456226e-06,0.00037249797208,0.999989827479,0.982547704056,1.96602300826,0.132107138127,0.00884205337732
0.98141529664,2.09749555101e-06,0.000305168227036,0.999991541151,0.983238487467,1.9646460276,0.12946626021,0.00848760539298
0.982130092924,1.7200410779e-06,0.000261135912974,0.999993041612,0.983928888168,1.96327014352,0.126771888966,0.00813372680558
0.982844889207,1.38583040499e-06,0.000221109994023,0.9999943733,0.984618435141,1.96189727613,0.124022436919,0.00778065739073
0.98355968549,1.13561175295e-06,0.000188865658103,0.999995377181,0.985306323924,1.96053026803,0.121217474299,0.00742880638138
0.984274481773,8.85393100908e-07,0.000156621322184,0.999996381063,0.985994212708,1.95916325993,0.118346048906,0.00707732364488
0.984989278056,7.15996320706e-07,0.00012498536253,0.999997065292,0.986680023583,1.95780373079,0.115412202202,0.00672726860161
0.985704074339,5.6299058344e-07,9.34727843475e-05,0.999997684694,0.987365413048,1.95644571841,0.112403678552,0.00637779309884
0.986418870622,4.34597371378e-07,6.89196482008e-05,0.99999820537,0.988049999548,1.95509062844,0.109316057611,0.00602909008227
0.987133666905,3.57812811273e-07,5.89593837261e-05,0.999998519033,0.988732902356,1.95374166631,0.106146585645,0.00568160556037
0.987848463188,2.81028251168e-07,4.89991192513e-05,0.999998832697,0.989415805164,1.95239270417,0.102879516117,0.00533448085552
0.988563259471,2.26805796776e-07,4.13978804612e-05,0.999999055695,0.990096693386,1.95105132993,0.0995153586832,0.00498873778879
0.989278055754,1.77724235531e-07,3.43341579442e-05,0.999999258036,0.990777122575,1.94971168462,0.0960358132411,0.00464358391778
0.989992852037,1.34662849772e-07,2.79121882544e-05,0.999999435897,0.991456798999,1.94837487763,0.092429437956,0.00429916667972
0.99070764832,1.05258454562e-07,2.2946058567e-05,0.999999558225,0.992134767748,1.94704450949,0.0886861446448,0.00395596743363
0.991422444603,7.58540593527e-08,1.79799288796e-05,0.999999680554,0.992812736497,1.94571414134,0.0847777299947,0.00361311979177
0.992137240886,5.7280582542e-08,1.43369457534e-05,0.999999758298,0.993488753617,1.9443911294,0.0806922944466,0.00327160857601
0.992852037169,4.14578503915e-08,1.10300041523e-05,0.99999982472,0.994164275079,1.94306998572,0.0763919165959,0.00293069576754
0.993566833452,2.79765767977e-08,8.13512797531e-06,0.999999881397,0.994839093101,1.94175149167,0.0718394522439,0.00259048471067
0.994281629736,2.02561897993e-08,6.25409087336e-06,0.999999914099,0.995512180393,1.94043951669,0.0669911905178,0.00225149085762
0.994996426019,1.25358028009e-08,4.37305377142e-06,0.999999946801,0.996185267685,1.93912754172,0.0617635192916,0.00191284063195
0.995711222302,8.3979262943e-09,3.17881599494e-06,0.99999996442,0.996856465297,1.93782266881,0.0560672337743,0.00157548276468
0.996426018585,5.26753390259e-09,2.17772194046e-06,0.999999977796,0.997527131488,1.93651979317,0.0497279449821,0.00123873214638
0.997140814868,2.72014664236e-09,1.33212368862e-06,0.999999988691,0.998166904269,1.93521937204,0.0428146672372,0.000917809883282
0.997855611151,1.73297191469e-09,9.0265642246e-07,0.999999992946,0.998724001476,1.93392551958,0.0357211215438,0.00063861047672
0.998570407434,7.45797187013e-10,4.73189156304e-07,0.999999997201,0.999281098682,1.93263166713,0.0268123351848,0.000359644582374
0.999285203717,2.90535770112e-10,2.10733994847e-07,0.999999998983,0.999667050009,1.93134363264,0.0182469173122,0.000166516578122
1,0,0,1,1,1.9300573999,0,0
