r_over_R,n_coordinate,n_proper,log10_n_coordinate,log10_n_proper,n_coordinate_over_n_proper,one_over_A
0,3.89219848355,0.879113064589,0.590194979108,-0.0559552658031,4.42741513047,4.42741513047
0.00076597382602,3.89219772383,0.879114403795,0.590194894337,-0.0559546042165,4.42740752173,4.42740752173
0.00153194765204,3.89219695511,0.879115758863,0.590194808563,-0.055953934795,4.42739982291,4.42739982291
0.00229792147806,3.8921953732,0.879118547469,0.590194632052,-0.0559525571899,4.42738397956,4.42738397956
0.00306389530408,3.89219334847,0.879122116793,0.59019440613,-0.0559507939071,4.42736370081,4.42736370081
0.0038298691301,3.89219091402,0.879126408559,0.590194134492,-0.0559486737399,4.4273393179,4.4273393179
0.00459584295612,3.89218755268,0.879132334681,0.59019375943,-0.055945746205,4.42730565028,4.42730565028
0.00536181678214,3.89218419152,0.879138260833,0.590193384389,-0.0559428186751,4.42727198317,4.42727198317
0.00612779060816,3.89217953637,0.879146469025,0.590192864962,-0.0559387638451,4.42722535266,4.42722535266
0.00689376443418,3.89217483556,0.879154758438,0.590192340438,-0.0559346689309,4.42717826207,4.42717826207
0.0076597382602,3.89216929749,0.879164525138,0.590191722492,-0.0559298442965,4.427122781,4.427122781
0.00842571208622,3.89216325692,0.879175179115,0.590191048475,-0.0559245814191,4.42706226175,4.42706226175
0.00919168591224,3.89215683634,0.879186504575,0.590190332055,-0.0559189869103,4.42699793058,4.42699793058
0.00995765973826,3.89214945651,0.87919952369,0.590189508598,-0.0559125558653,4.42692398214,4.42692398214
0.0107236335643,3.89214207756,0.879212542948,0.590188685238,-0.0559061248447,4.42685003617,4.42685003617
0.0114896073903,3.89213343556,0.879227792855,0.590187720942,-0.0558985920897,4.42676342489,4.42676342489
0.0122555812163,3.8921247184,0.879243177746,0.590186748258,-0.0558909927907,4.42667605153,4.42667605153
0.0130215550423,3.89211519559,0.879259987258,0.590185685673,-0.0558826899584,4.42658059276,4.42658059276
0.0137875288684,3.89210514117,0.879277738221,0.590184563768,-0.0558739222817,4.42647979357,4.42647979357
0.0145535026944,3.89209473837,0.879296107569,0.590183402986,-0.0558648493544,4.42637548929,4.42637548929
0.0153194765204,3.89208334777,0.879316225073,0.590182131979,-0.0558549132009,4.42626126618,4.42626126618
0.0160854503464,3.89207195927,0.879336342919,0.590180861202,-0.0558449771056,4.42614704897,4.42614704897
0.0168514241724,3.89205934034,0.879358639059,0.590179453125,-0.0558339654286,4.42602047386,4.42602047386
0.0176173979985,3.8920466174,0.879381124047,0.590178033435,-0.0558228607655,4.42589283641,4.42589283641
0.0183833718245,3.89203312127,0.879404981003,0.590176527466,-0.0558110788394,4.42575742161,4.42575742161
0.0191493456505,3.89201906528,0.879429833707,0.590174959018,-0.0557988054954,4.42561636654,4.42561636654
0.0199153194765,3.89200469314,0.87945525179,0.590173355287,-0.0557862533014,4.42547211495,4.42547211495
0.0206812933025,3.89198930563,0.879482472839,0.590171638247,-0.0557728111526,4.42531764512,4.42531764512
0.0214472671286,3.89197392196,0.879509694515,0.59016992163,-0.0557593691101,4.42516318607,4.42516318607
0.0222132409546,3.8919573414,0.879539042455,0.590168071448,-0.0557448775863,4.42499667841,4.42499667841
0.0229792147806,3.89194062856,0.879568633273,0.590166206498,-0.055730266623,4.42482880964,4.42482880964
0.0237451886066,3.89192317576,0.879599543635,0.590164258967,-0.0557150046372,4.42465347319,4.42465347319
0.0245111624326,3.8919051356,0.879631504342,0.590162245885,-0.055699224608,4.42447219817,4.42447219817
0.0252771362587,3.89188681211,0.879663977531,0.590160201177,-0.0556831921371,4.4242880367,4.4242880367
0.0260431100847,3.89186744659,0.879698308931,0.59015804018,-0.0556662428849,4.42409335914,4.42409335914
0.0268090839107,3.8918480872,0.879732641329,0.590155879854,-0.0556492938015,4.42389869872,4.42389869872
0.0275750577367,3.89182756528,0.879769048317,0.590153589791,-0.055631321265,4.42369230052,4.42369230052
0.0283410315627,3.8918068835,0.879805752411,0.590151281876,-0.0556132028136,4.42348424392,4.42348424392
0.0291070053888,3.89178549563,0.879843723851,0.590148895155,-0.0555944595503,4.42326903078,4.42326903078
0.0298729792148,3.89176349374,0.879882800565,0.5901464399,-0.0555751715517,4.4230475823,4.4230475823
0.0306389530408,3.89174124184,0.879922336952,0.590143956731,-0.0555556575337,4.42282355887,4.42282355887
0.0314049268668,3.89171792226,0.879963787269,0.5901413544,-0.0555351997964,4.42258872304,4.42258872304
0.0321709006928,3.89169461158,0.880005239042,0.590138753048,-0.0555147423043,4.42235391214,4.42235391214
0.0329368745189,3.89167017357,0.880048714071,0.590136025875,-0.0554932873197,4.4221076758,4.4221076758
0.0337028483449,3.89164554878,0.880092540657,0.59013327784,-0.055471659914,4.42185948523,4.42185948523
0.0344688221709,3.89162025246,0.880137582592,0.590130454847,-0.055449433884,4.42160445075,4.42160445075
0.0352347959969,3.89159431627,0.880183785095,0.590127560428,-0.0554266363508,4.42134288562,4.42134288562
0.0360007698229,3.8915681639,0.880230394524,0.590124641863,-0.0554036392427,4.42107905852,4.42107905852
0.036766743649,3.89154091917,0.880278974107,0.590121601373,-0.0553796713558,4.42080412419,4.42080412419
0.037532717475,3.89151368667,0.88032755569,0.590118562226,-0.0553557038043,4.42052922406,4.42052922406
0.038298691301,3.89148536281,0.880378109511,0.59011540126,-0.055330764661,4.42024321228,4.42024321228
0.039064665127,3.89145682597,0.880429069594,0.590112216502,-0.0553056265507,4.41995495192,4.41995495192
0.039830638953,3.89142765276,0.880481193203,0.5901089607,-0.0552799159891,4.41966016174,4.41966016174
0.0405966127791,3.89139781473,0.880534533068,0.590105630678,-0.055253607071,4.4193585471,4.4193585471
0.0413625866051,3.8913677948,0.880588227147,0.590102280329,-0.0552271250534,4.41905498488,4.41905498488
0.0421285604311,3.89133665888,0.880643948137,0.590098805404,-0.0551996450665,4.41874002213,4.41874002213
0.0428945342571,3.89130553903,0.880699671761,0.590095332244,-0.0551721655192,4.41842510427,4.41842510427
0.0436605080831,3.89127336455,0.880757316894,0.590091741352,-0.055143740229,4.41809939004,4.41809939004
0.0444264819092,3.89124095162,0.880815423273,0.590088123818,-0.0551150893773,4.41777113434,4.41777113434
0.0451924557352,3.8912079381,0.880874641507,0.590084439222,-0.055085892241,4.41743666436,4.41743666436
0.0459584295612,3.8911742357,0.880935132106,0.590080677709,-0.055056069801,4.41709507759,4.41709507759
0.0467244033872,3.89114038612,0.880995924216,0.590076899737,-0.0550261007757,4.41675185908,4.41675185908
0.0474903772132,3.89110539798,0.881058800558,0.590072994654,-0.0549951064512,4.41639694822,4.41639694822
0.0482563510393,3.89107043028,0.881121680256,0.590069091818,-0.0549641126838,4.41604209439,4.41604209439
0.0490223248653,3.89103444541,0.881186430998,0.590065075415,-0.0549321989793,4.41567676093,4.41567676093
0.0497882986913,3.8909981974,0.881251698279,0.590061029607,-0.0549000330614,4.41530859458,4.41530859458
0.0505542725173,3.89096138514,0.88131802587,0.59005692078,-0.0548673470276,4.41493453093,4.41493453093
0.0513202463433,3.89092386088,0.881385682382,0.590052732443,-0.0548340086398,4.41455305963,4.41455305963
0.0520862201694,3.89088622458,0.881453587691,0.590048531559,-0.0548005502286,4.41417027387,4.41417027387
0.0528521939954,3.89084742823,0.881523635138,0.590044201152,-0.0547660390397,4.41377550543,4.41377550543
0.0536181678214,3.89080865723,0.881593686756,0.59003987353,-0.0547315285388,4.4133808076,4.4133808076
0.0543841416474,3.8907689072,0.881665559194,0.590035436584,-0.0546961238717,4.41297594834,4.41297594834
0.0551501154734,3.89072887017,0.8817380038,0.590030967557,-0.0546604402727,4.41256796622,4.41256796622
0.0559160892995,3.89068830576,0.88181145727,0.590026439616,-0.0546242627374,4.41215440521,4.41215440521
0.0566820631255,3.8906470072,0.881886296695,0.590021829678,-0.0545874056859,4.41173314721,4.41173314721
0.0574480369515,3.8906056321,0.88196133216,0.590017211147,-0.0545504552284,4.41131089338,4.41131089338
0.0582140107775,3.89056307663,0.882038568292,0.590012460805,-0.0545124243577,4.41087636809,4.41087636809
0.0589799846035,3.89052055192,0.882115809499,0.590007713845,-0.0544743943187,4.4104419284,4.4104419284
0.0597459584296,3.89047708701,0.882194821517,0.590002861879,-0.0544354958582,4.40999764692,4.40999764692
0.0605119322556,3.89043331207,0.882274461698,0.589997975249,-0.054396291672,4.40954995408,4.40954995408
0.0612779060816,3.89038904713,0.882355059371,0.589993033864,-0.0543566197478,4.40909700218,4.40909700218
0.0620438799076,3.8903440269,0.88243710054,0.589988008106,-0.0543162410245,4.40863606541,4.40863606541
0.0628098537336,3.89029896598,0.882519284926,0.589982977749,-0.0542757955769,4.40817445288,4.40817445288
0.0635758275597,3.89025270553,0.882603729156,0.589977813421,-0.0542342419145,4.40770028159,4.40770028159
0.0643418013857,3.89020648179,0.882688179458,0.589972653131,-0.0541926892399,4.4072262123,4.4072262123
0.0651077752117,3.89015935733,0.882774350752,0.589967392223,-0.0541502938707,4.40674262229,4.40674262229
0.0658737490377,3.89011190067,0.882861206598,0.589962094165,-0.0541075658976,4.40625533391,4.40625533391
0.0666397228637,3.89006399188,0.882948968611,0.589956745565,-0.0540643964121,4.40576310768,4.40576310768
0.0674056966898,3.89001530769,0.883038232199,0.589951310331,-0.0540204927151,4.40526261021,4.40526261021
0.0681716705158,3.88996661899,0.883127586089,0.589945874526,-0.0539765490479,4.4047617584,4.4047617584
0.0689376443418,3.8899167128,0.883219259676,0.589940302724,-0.0539314691893,4.40424806205,4.40424806205
0.0697036181678,3.88986684979,0.883310940428,0.589934735673,-0.0538863904868,4.40373448551,4.40373448551
0.0704695919938,3.88981612616,0.883404292519,0.589929072462,-0.0538404948072,4.40321171077,4.40321171077
0.0712355658199,3.88976504908,0.883498385971,0.589923369714,-0.0537942395521,4.40268495206,4.40268495206
0.0720015396459,3.88971355818,0.883593334294,0.589917620688,-0.053747569046,4.40215357814,4.40215357814
0.0727675134719,3.88966127287,0.883689842831,0.589911782887,-0.0537001367772,4.40161364807,4.40161364807
0.0735334872979,3.88960901949,0.88378638864,0.589905948572,-0.053652691373,4.40107368646,4.40107368646
0.0742994611239,3.88955553192,0.883885314707,0.589899976373,-0.0536040816171,4.40052059605,4.40052059605
0.07506543495,3.88950209454,0.883984249127,0.589894009697,-0.0535554731974,4.39996764465,4.39996764465
0.075831408776,3.88944783721,0.884084805374,0.589887951384,-0.0535060735168,4.39940581895,4.39940581895
0.076597382602,3.88939320613,0.884186160244,0.589881851252,-0.0534562871871,4.39883972517,4.39883972517
0.077363356428,3.88933819997,0.884288318685,0.589875709152,-0.0534061119114,4.3982693402,4.3982693402
0.078129330254,3.88928238148,0.884392096577,0.589869476258,-0.0533551471746,4.39769011566,4.39769011566
0.0788953040801,3.88922661815,0.88449588367,0.589863249433,-0.0533041839,4.39711104365,4.39711104365
0.0796612779061,3.88916963217,0.884602062114,0.589856885988,-0.0532520525727,4.39651884021,4.39651884021
0.0804272517321,3.88911269044,0.8847082753,0.589850527392,-0.0531999104471,4.3959266563,4.3959266563
0.0811932255581,3.88905497,0.884816060917,0.589844081744,-0.0531470027839,4.39532592341,4.39532592341
0.0819591993841,3.88899685649,0.8849247029,0.589837592103,-0.0530936812867,4.39472063978,4.39472063978
0.0827251732102,3.88893840702,0.885034097129,0.589831064849,-0.0530399972007,4.39411139032,4.39411139032
0.0834911470362,3.88887912847,0.88514517067,0.589824444908,-0.0529854957988,4.39349301938,4.39349301938
0.0842571208622,3.88881991297,0.885256254765,0.589817831907,-0.0529309960576,4.39287482245,4.39287482245
0.0850230946882,3.88875951879,0.885369682888,0.589811087172,-0.0528753533534,4.39224382081,4.39224382081
0.0857890685142,3.8886991479,0.885483201835,0.589804344932,-0.0528196732312,4.39161255667,4.39161255667
0.0865550423403,3.88863804008,0.885598243908,0.589797520285,-0.0527632533101,4.39097307027,4.39097307027
0.0873210161663,3.88857652087,0.885714200601,0.589790649585,-0.0527063922499,4.39032875191,4.39032875191
0.0880869899923,3.8885147052,0.885830858165,0.589783745666,-0.0526491950183,4.38968079443,4.38968079443
0.0888529638183,3.88845204489,0.885949255555,0.5897767473,-0.052591152451,4.38902343504,4.38902343504
0.0896189376443,3.88838945604,0.886067664956,0.589769756804,-0.0525331117531,4.3883662725,4.3883662725
0.0903849114704,3.88832573317,0.88618837127,0.589762639534,-0.0524739531608,4.38769663339,4.38769663339
0.0911508852964,3.8882620135,0.886309224887,0.589755522505,-0.0524147304465,4.38702645117,4.38702645117
0.0919168591224,3.88819759919,0.886431552394,0.58974832777,-0.0523547936958,4.38634837477,4.38634837477
0.0926828329484,3.88813275622,0.886554853313,0.589741085038,-0.0522943883717,4.38566518664,4.38566518664
0.0934488067744,3.88806765662,0.886678803655,0.589733813518,-0.0522336733618,4.38497868743,4.38497868743
0.0942147806005,3.88800169805,0.886804555023,0.589726445928,-0.0521720848222,4.38428250737,4.38428250737
0.0949807544265,3.88793581989,0.88693031996,0.589719087197,-0.0521104983708,4.38358654834,4.38358654834
0.0957467282525,3.88786885303,0.887058334883,0.589711606726,-0.0520478190807,4.38287844231,4.38287844231
0.0965127020785,3.88780187018,0.887186554015,0.58970412434,-0.0519850488712,4.38216951394,4.38216951394
0.0972786759045,3.88773423546,0.887316197841,0.589696569006,-0.0519215904196,4.38145302082,4.38145302082
0.0980446497306,3.88766615592,0.887446874447,0.58968896385,-0.0518576358222,4.38073113767,4.38073113767
0.0988106235566,3.88759785986,0.887578148925,0.589681334372,-0.0517933981009,4.38000627276,4.38000627276
0.0995765973826,3.88752869177,0.887711286344,0.589673607342,-0.0517282584728,4.37927144959,4.37927144959
0.100342571209,3.88745961359,0.887844438999,0.589665890219,-0.0516631211612,4.37853687294,4.37853687294
0.101108545035,3.88738949264,0.887979794875,0.589658056461,-0.0515969160618,4.37779048023,4.37779048023
0.101874518861,3.88731933747,0.888115412321,0.589650218739,-0.0515305931434,4.37704298737,4.37704298737
0.102640492687,3.88724857365,0.888252405287,0.589642312875,-0.0514636078169,4.37628826054,4.37628826054
0.103406466513,3.88717734997,0.888390490999,0.58963435549,-0.0513960986249,4.37552786681,4.37552786681
0.104172440339,3.88710595017,0.888529122909,0.589626378282,-0.0513283329554,4.37476482194,4.37476482194
0.104938414165,3.88703366659,0.888669680425,0.589618302183,-0.0512596368103,4.37399154288,4.37399154288
0.105704387991,3.88696148295,0.88881025495,0.5896102371,-0.0511909432184,4.37321853714,4.37321853714
0.106470361817,3.88688830307,0.888952986069,0.589602060555,-0.0511212068932,4.37243404767,4.37243404767
0.107236335643,3.88681507174,0.889096036608,0.589593878106,-0.0510513257379,4.37164818163,4.37164818163
0.108002309469,3.88674127538,0.889240413487,0.589585632369,-0.0509808080565,4.37085541371,4.37085541371
0.108768283295,3.8866670053,0.889385943712,0.589577333543,-0.0509097386338,4.37005670348,4.37005670348
0.109534257121,3.88659259973,0.889531968312,0.589569019417,-0.050838439472,4.36925567398,4.36925567398
0.110300230947,3.8865173,0.88967998196,0.589560605215,-0.0507661810652,4.36844413588,4.36844413588
0.111066204773,3.88644211076,0.889828014503,0.589552203197,-0.0506939254563,4.36763289919,4.36763289919
0.111832178599,3.88636597241,0.88997815713,0.589543694955,-0.0506206521804,4.36681051245,4.36681051245
0.112598152425,3.88628976638,0.890128677543,0.589535178983,-0.0505472069425,4.36598647412,4.36598647412
0.113364126251,3.88621303935,0.890280475085,0.589526604622,-0.0504731511163,4.36515586729,4.36515586729
0.114130100077,3.88613582596,0.890433487241,0.589517975737,-0.0503985155081,4.3643190442,4.3643190442
0.114896073903,3.88605851789,0.890586941773,0.589509336101,-0.0503236769991,4.36348023491,4.36348023491
0.115662047729,3.88598030669,0.890742449606,0.589500595359,-0.0502478502663,4.36263064415,4.36263064415
0.116428021555,3.88590221709,0.890897978336,0.589491868031,-0.0501720265833,4.36178138416,4.36178138416
0.117193995381,3.88582322603,0.89105557073,0.589483039777,-0.0500952103191,4.36092130914,4.36092130914
0.117959969207,3.88574415214,0.891213599826,0.589474202087,-0.0500181948316,4.3600593089,4.3600593089
0.118725943033,3.88566460164,0.891372856789,0.589465310947,-0.0499405947574,4.35919107481,4.35919107481
0.119491916859,3.88558455338,0.891533390326,0.589456363989,-0.0498623866862,4.35831635196,4.35831635196
0.120257890685,3.88550445145,0.891694314045,0.589447410849,-0.0497840026605,4.35743997719,4.35743997719
0.121023864511,3.88542343886,0.891857356161,0.589438355733,-0.0497046012136,4.35655254959,4.35655254959
0.121789838337,3.8853425595,0.892020421294,0.589429315323,-0.049625203075,4.35566548338,4.35566548338
0.122555812163,3.88526082687,0.892185503739,0.589420179345,-0.0495448374691,4.3547679385,4.3547679385
0.123321785989,3.88517899737,0.892351082382,0.589411032347,-0.0494642452393,4.35386819614,4.35386819614
0.124087759815,3.88509673597,0.892517839553,0.589401836876,-0.0493830944962,4.35296255581,4.35296255581
0.124853733641,3.88501396671,0.892685935987,0.589392584438,-0.0493013073581,4.35205015571,4.35205015571
0.125619707467,3.88493118493,0.892854370185,0.589383330404,-0.0492193713273,4.35113643911,4.35113643911
0.126385681293,3.88484748645,0.893024988754,0.589373973692,-0.0491363884507,4.35021139987,4.35021139987
0.127151655119,3.88476393339,0.893195632579,0.589364633036,-0.0490534091466,4.34928675387,4.34928675387
0.127917628945,3.88467957574,0.893368247411,0.589355202229,-0.0489694875246,4.34835196684,4.34835196684
0.128683602771,3.88459510831,0.89354141855,0.589345758944,-0.0488853117304,4.34741471147,4.34741471147
0.129449576597,3.884510254,0.893715718777,0.5893362722,-0.0488006035758,4.34647189525,4.34647189525
0.130215550423,3.88442488309,0.893891421716,0.589326727489,-0.048715230436,4.34552204968,4.34552204968
0.130981524249,3.88433954089,0.894067409754,0.58931718578,-0.0486297355884,4.34457122418,4.34457122418
0.131747498075,3.8842532775,0.894245649046,0.589307540864,-0.0485431642345,4.34360880776,4.34360880776
0.132513471901,3.88416717227,0.89442391596,0.589297913417,-0.0484565967223,4.34264681765,4.34264681765
0.133279445727,3.8840803116,0.894604107597,0.589288201288,-0.0483691120851,4.34167502543,4.34167502543
0.134045419554,3.88399332943,0.894784916292,0.589278475357,-0.0482813455703,4.34070049541,4.34070049541
0.13481139338,3.88390600567,0.894966804512,0.589268711011,-0.0481930729351,4.33972074281,4.33972074281
0.135577367206,3.88381815794,0.895150159687,0.589258887855,-0.0481041065237,4.33873369278,4.33873369278
0.136343341032,3.88373038024,0.895333747025,0.589249072308,-0.0480150457198,4.33774600047,4.33774600047
0.137109314858,3.88364167846,0.895519653444,0.589239153201,-0.0479248785045,4.33674645054,4.33674645054
0.137875288684,3.88355314811,0.895705589977,0.58922925304,-0.047834715404,4.33574736115,4.33574736115
0.13864126251,3.88346391192,0.895893404949,0.589219273717,-0.0477436604229,4.33473880984,4.33473880984
0.139407236336,3.88337454374,0.89608189841,0.589209279404,-0.0476522956927,4.33372725264,4.33372725264
0.140173210162,3.88328487949,0.896271421682,0.589199251749,-0.0475604511768,4.33271081231,4.33271081231
0.140939183988,3.88319468535,0.89646247698,0.5891891646,-0.0474678838838,4.33168680794,4.33168680794
0.141705157814,3.88310460259,0.896653711208,0.589179089675,-0.0473752496518,4.33066249997,4.33066249997
0.14247113164,3.8830135945,0.896847333322,0.589168911021,-0.0472814788496,4.32962606926,4.32962606926
0.143237105466,3.88292277168,0.897040988177,0.589158752852,-0.0471877124384,4.32859013452,4.32859013452
0.144003079292,3.88283129301,0.897236475161,0.589148521088,-0.0470930794504,4.32754507925,4.32754507925
0.144769053118,3.88273967315,0.897432702773,0.58913827329,-0.0469981086662,4.3264967514,4.3264967514
0.145535026944,3.88264780294,0.897629910312,0.589127997248,-0.0469026845336,4.32544388097,4.32544388097
0.14630100077,3.88255539841,0.897828715809,0.589117661194,-0.046806508404,4.32438318138,4.32438318138
0.147066974596,3.8824631466,0.898027646684,0.589107341979,-0.0467102929345,4.3233225179,4.3233225179
0.147832948422,3.88236996992,0.898229035261,0.589096919058,-0.0466129104738,4.32224946814,4.32224946814
0.148598922248,3.8822769929,0.898430459341,0.589086518223,-0.0465155326823,4.32117695091,4.32117695091
0.149364896074,3.8821834104,0.898633669195,0.589076049405,-0.0464173136845,4.32009565575,4.32009565575
0.1501308699,3.88208967883,0.898837682561,0.589065563658,-0.0463187286593,4.3190108227,4.3190108227
0.150896843726,3.88199574282,0.899042625773,0.589055054784,-0.0462197168327,4.31792178872,4.31792178872
0.151662817552,3.88190126958,0.89924923377,0.589044485555,-0.0461199235617,4.31682466195,4.31682466195
0.152428791378,3.88180699038,0.899455913248,0.589033937776,-0.0460201187022,4.31572791195,4.31572791195
0.153194765204,3.88171178851,0.899665121292,0.589023286512,-0.0459191161596,4.31461851376,4.31461851376
0.15396073903,3.88161680124,0.899874367743,0.589012658997,-0.0458181185657,4.31350968578,4.31350968578
0.154726712856,3.88152125924,0.900085353543,0.589001969153,-0.0457163052106,4.31239242363,4.31239242363
0.155492686682,3.88142556164,0.900297206514,0.588991261638,-0.0456140974032,4.31127135968,4.31127135968
0.156258660508,3.88132970564,0.900509939034,0.588980536133,-0.0455114894588,4.31014643748,4.31014643748
0.157024634334,3.88123331112,0.900724404095,0.588969750105,-0.0454080703857,4.30901316038,4.30901316038
0.15779060816,3.88113714145,0.900938909589,0.588958988971,-0.0453046564436,4.30788047907,4.30788047907
0.158556581986,3.88104007394,0.901155969161,0.5889481271,-0.045200036231,4.30673513438,4.30673513438
0.159322555812,3.88094322614,0.901373093406,0.588937289544,-0.0450954100545,4.30559027614,4.30559027614
0.160088529638,3.88084587466,0.901591910483,0.588926395352,-0.0449899936436,4.30443732861,4.30443732861
0.160854503464,3.88074836249,0.901811659204,0.588915482904,-0.0448841541535,4.30328031678,4.30328031678
0.16162047729,3.88065073806,0.902032236931,0.588904557618,-0.0447779413149,4.30211979038,4.30211979038
0.162386451116,3.88055257545,0.902254615922,0.588893571826,-0.0446708874182,4.30095064848,4.30095064848
0.163152424942,3.88045465357,0.902477038496,0.5888826127,-0.0445638389308,4.29978214187,4.29978214187
0.163918398768,3.88035589021,0.902701972597,0.588871559117,-0.044455608513,4.29860131916,4.29860131916
0.164684372594,3.8802573374,0.902927032379,0.588860528818,-0.0443473446097,4.29742071979,4.29742071979
0.16545034642,3.88015833225,0.903153738361,0.58884944761,-0.0442383160886,4.29623237711,4.29623237711
0.166216320246,3.8800591628,0.903381441305,0.588838347729,-0.0441288356493,4.29503970902,4.29503970902
0.166982294072,3.87995992729,0.903609922448,0.58882724017,-0.0440190087821,4.29384387101,4.29384387101
0.167748267898,3.87986015565,0.903840274578,0.588816072314,-0.043908310673,4.29263915846,4.29263915846
0.168514241724,3.87976064118,0.904070673595,0.58880493296,-0.0437976182498,4.29143512172,4.29143512172
0.16928021555,3.87966034208,0.904303541602,0.588793705487,-0.0436857682906,4.29021911736,4.29021911736
0.170046189376,3.87956024566,0.904536597025,0.588782500412,-0.0435738571466,4.28900307452,4.28900307452
0.170812163202,3.8794597485,0.904771251878,0.588771250187,-0.0434612070979,4.28777963541,4.28777963541
0.171578137028,3.87935908495,0.905006969893,0.588759981042,-0.0433480760718,4.28655161121,4.28655161121
0.172344110855,3.87925840158,0.905243415011,0.588748709387,-0.0432346256769,4.28532076263,4.28532076263
0.173110084681,3.87915718588,0.905481801875,0.588737377841,-0.0431202735934,4.28408078202,4.28408078202
0.173876058507,3.87905624438,0.905720239089,0.588726076699,-0.0430059274691,4.28284151879,4.28284151879
0.174642032333,3.87895457554,0.90596110275,0.588714693828,-0.0428904482656,4.28159063757,4.28159063757
0.175408006159,3.87885310285,0.906202216321,0.588703332622,-0.0427748799906,4.28033945734,4.28033945734
0.176173979985,3.87875128127,0.906444882395,0.588691932053,-0.0426585986282,4.27908122888,4.27908122888
0.176939953811,3.87864929277,0.906688678746,0.588680512495,-0.0425418069995,4.27781815709,4.27781815709
0.177705927637,3.87854733069,0.906933150792,0.588669095595,-0.0424247232069,4.27655260733,4.27655260733
0.178471901463,3.87844484191,0.907179636419,0.588657619417,-0.0423067070072,4.27527766961,4.27527766961
0.179237875289,3.87834264491,0.907426176023,0.588646175609,-0.0421886970357,4.27400349184,4.27400349184
0.180003849115,3.8782397783,0.907675099499,0.588634656516,-0.0420695785113,4.27271804685,4.27271804685
0.180769822941,3.87813710272,0.90792433618,0.588623158508,-0.0419503428323,4.2714320436,4.2714320436
0.181535796767,3.87803413028,0.908175078249,0.588611626951,-0.0418304199943,4.27013934114,4.27013934114
0.182301770593,3.87793099203,0.908427018669,0.58860007652,-0.0417099573626,4.26884153854,4.26884153854
0.183067744419,3.8778279264,0.908679583037,0.588588533914,-0.0415892299246,4.26754160519,4.26754160519
0.183833718245,3.87772434156,0.908934233934,0.588576932852,-0.0414675390805,4.26623202955,4.26623202955
0.184599692071,3.87762106668,0.909188942604,0.588565366195,-0.0413458547279,4.2649232574,4.2649232574
0.185365665897,3.87751718034,0.909445992523,0.588553730744,-0.0412230864255,4.26360356989,4.26360356989
0.186131639723,3.87741348133,0.909703419771,0.588542115963,-0.0411001726799,4.26228306617,4.26228306617
0.186897613549,3.87730953764,0.909962305091,0.588530473466,-0.0409765978219,4.26095621319,4.26095621319
0.187663587375,3.87720543097,0.910222457823,0.5885188124,-0.0408524533951,4.25962400471,4.25962400471
0.188429561201,3.87710144303,0.9104831824,0.588507164322,-0.0407280716792,4.25829001345,4.25829001345
0.189195535027,3.87699694532,0.910746067601,0.588495458828,-0.040602695269,4.25694612719,4.25694612719
0.189961508853,3.87689277634,0.91100901455,0.588483789842,-0.0404773256065,4.2556030889,4.2556030889
0.190727482679,3.87678805439,0.91127426005,0.588472058597,-0.0403508966814,4.25424948816,4.25424948816
0.191493456505,3.87668351759,0.911539947874,0.588460347777,-0.0402242938097,4.25289481457,4.25289481457
0.192259430331,3.87657878844,0.911807046226,0.588448615092,-0.0400970559974,4.25153414254,4.25153414254
0.193025404157,3.87647390086,0.912075482082,0.58843686434,-0.039969218585,4.25016786112,4.25016786112
0.193791377983,3.87636917801,0.912344437294,0.588425131727,-0.0398411715664,4.2488001456,4.2488001456
0.194557351809,3.87626395685,0.912615628415,0.588413342967,-0.0397120982675,4.247422284,4.247422284
0.195323325635,3.87615908376,0.912886885441,0.588401592884,-0.0395830319641,4.24604531578,4.24604531578
0.196089299461,3.87605371657,0.913160398227,0.588389787121,-0.0394529311768,4.24465813902,4.24465813902
0.196855273287,3.87594853388,0.913434419238,0.588378001712,-0.0393226277152,4.24326963408,4.24326963408
0.197621247113,3.87584321126,0.913709802984,0.588366200303,-0.0391917156169,4.24187548235,4.24187548235
0.198387220939,3.87573773659,0.91398659539,0.588354381535,-0.0390601736218,4.24047546883,4.24047546883
0.199153194765,3.87563247248,0.914263854261,0.588342586041,-0.038928449876,4.23907437051,4.23907437051
0.199919168591,3.8755267236,0.914543425551,0.588330735902,-0.0387956679575,4.23766287671,4.23766287671
0.200685142417,3.87542134273,0.914823067094,0.588318926681,-0.0386628932725,4.23625232258,4.23625232258
0.201451116243,3.87531552692,0.915104921491,0.588307068396,-0.0385291089803,4.2348319148,4.2348319148
0.202217090069,3.8752098966,0.915387350957,0.588295230576,-0.0383950930531,4.23340992483,4.23340992483
0.202983063895,3.87510417882,0.915671095093,0.58828338263,-0.0382604949318,4.23198264048,4.23198264048
0.203749037721,3.87499831725,0.915956320151,0.588271518246,-0.0381252363428,4.23054924345,4.23054924345
0.204515011547,3.87489271187,0.916241958354,0.588259682252,-0.0379898240376,4.22911511151,4.22911511151
0.205280985373,3.8747866374,0.916529986754,0.588247793359,-0.0378533213524,4.22767033638,4.22767033638
0.206046959199,3.87468095149,0.91681808995,0.588235947691,-0.037716826127,4.22622654806,4.22622654806
0.206812933025,3.87457489009,0.91710836296,0.588224059612,-0.0375793462765,4.22477326189,4.22477326189
0.207578906851,3.87446901684,0.917399278864,0.588212192298,-0.0374416055881,4.22331814086,4.22331814086
0.208344880677,3.87436310862,0.917691461079,0.58820032074,-0.0373033092932,4.2218580786,4.2218580786
0.209110854503,3.8742570668,0.917985197624,0.588188433882,-0.0371643216769,4.22039165428,4.22039165428
0.209876828329,3.87415132657,0.91827929354,0.588176580506,-0.0370252085639,4.21892484544,4.21892484544
0.210642802156,3.87404513515,0.918575858741,0.588164676227,-0.0368849725404,4.21744714744,4.21744714744
0.211408775982,3.87393935345,0.918872503485,0.588152817553,-0.0367447441898,4.21597048421,4.21597048421
0.212174749808,3.87383325596,0.919171274844,0.588140923152,-0.0366035563082,4.21448467982,4.21448467982
0.212940723634,3.873727351,0.919470757943,0.588129050012,-0.0364620781342,4.21299678922,4.21299678922
0.21370669746,3.87362146356,0.919771458681,0.58811717851,-0.0363200710935,4.2115043112,4.2115043112
0.214472671286,3.87351545473,0.920073788339,0.588105293075,-0.0361773415857,4.21000522331,4.21000522331
0.215238645112,3.8734097926,0.920376423121,0.588093446186,-0.0360345149919,4.20850610174,4.20850610174
0.216004618938,3.87330369947,0.920681607623,0.588081550648,-0.0358905326252,4.20699584677,4.20699584677
0.216770592764,3.87319803783,0.920986876627,0.588069703166,-0.0357465581299,4.20548667535,4.20548667535
0.21753656659,3.87309212032,0.921294228871,0.588057826671,-0.0356016493164,4.20396872025,4.20396872025
0.218302540416,3.87298640154,0.921602362761,0.588045972135,-0.0354564204955,4.20244842899,4.20244842899
0.219068514242,3.87288075269,0.921911665278,0.588034125118,-0.0353106897056,4.2009239047,4.2009239047
0.219834488068,3.87277499676,0.922222672532,0.588022265769,-0.0351642050026,4.19939252429,4.19939252429
0.220600461894,3.8726696323,0.922533930168,0.588010449997,-0.0350176518207,4.19786146142,4.19786146142
0.22136643572,3.87256385939,0.922847819371,0.587998588097,-0.0348699096526,4.19631902259,4.19631902259
0.222132409546,3.87245854037,0.923161798257,0.587986776777,-0.0347221755376,4.19477771685,4.19477771685
0.222898383372,3.87235302555,0.923477816937,0.587974943177,-0.0345735323813,4.19322798505,4.19322798505
0.223664357198,3.8722477175,0.923794688322,0.587963132444,-0.0344245392091,4.19167566825,4.19167566825
0.224430331024,3.87214253167,0.924112679114,0.587951335097,-0.0342750710592,4.19011947264,4.19011947264
0.22519630485,3.87203725512,0.924432451972,0.587939527256,-0.0341248171253,4.18855617505,4.18855617505
0.225962278676,3.87193241443,0.924752419969,0.587927767982,-0.033974523513,4.1869935464,4.1869935464
0.226728252502,3.87182719013,0.92507510336,0.587915965359,-0.0338230070979,4.18541929846,4.18541929846
0.227494226328,3.87172244275,0.92539788184,0.587904215914,-0.0336714988994,4.18384623385,4.18384623385
0.228260200154,3.8716175597,0.925722656769,0.587892450931,-0.0335191069208,4.18226510002,4.18226510002
0.22902617398,3.87151289335,0.926048356749,0.587880709939,-0.0333663345695,4.18068113305,4.18068113305
0.229792147806,3.87140840135,0.926375126609,0.587868988187,-0.0332131143696,4.17909364161,4.17909364161
0.230558121632,3.8713038372,0.926703757351,0.587857258026,-0.0330590761142,4.17749880314,4.17749880314
0.231324095458,3.87119975289,0.927032527422,0.587845581378,-0.0329050272016,4.1759049854,4.1759049854
0.232090069284,3.87109531231,0.927364098274,0.587833864448,-0.0327497212754,4.17429930651,4.17429930651
0.23285604311,3.87099137236,0.927695769861,0.587822203367,-0.032594423709,4.17269486196,4.17269486196
0.233622016936,3.87088735699,0.928029394282,0.587810533513,-0.0324382677764,4.17108270583,4.17108270583
0.234387990762,3.87078357026,0.928364017316,0.587798888997,-0.0322817008139,4.16946746973,4.16946746973
0.235153964588,3.87068000987,0.928699660271,0.587787269565,-0.032124713322,4.16784906408,4.16784906408
0.235919938414,3.8705763982,0.929037244307,0.587775644068,-0.0319668751639,4.16622306794,4.16622306794
0.23668591224,3.87047330327,0.929374933017,0.587764076241,-0.0318090454349,4.16459833999,4.16459833999
0.237451886066,3.87036989531,0.929715465952,0.587752472982,-0.031649944429,4.16296172007,4.16296172007
0.238217859892,3.8702670057,0.930056127264,0.587740927578,-0.0314908417414,4.16132628155,4.16132628155
0.238983833718,3.87016410105,0.930398697509,0.587729380178,-0.0313309062599,4.15968348989,4.15968348989
0.239749807544,3.87006143905,0.930742341185,0.587717859703,-0.0311705287811,4.15803737275,4.15803737275
0.24051578137,3.86995905518,0.931086954372,0.587706370134,-0.0310097582877,4.15638844149,4.15638844149
0.241281755196,3.8698566433,0.931433590268,0.587694877118,-0.0308481041692,4.15473167785,4.15473167785
0.242047729022,3.86975477295,0.931780336905,0.587683444572,-0.0306864585839,4.15307623447,4.15307623447
0.242813702848,3.86965265874,0.932129890136,0.587671984356,-0.0305235655015,4.1514092614,4.1514092614
0.243579676674,3.86955106966,0.93247964098,0.587660582776,-0.0303606414568,4.14974322184,4.14974322184
0.2443456505,3.86944952598,0.932831256554,0.587649185992,-0.0301969103537,4.14807018825,4.14807018825
0.245111624326,3.86934824114,0.933184021674,0.587637817961,-0.030032705967,4.14639358505,4.14639358505
0.245877598152,3.86924728597,0.933537705427,0.587626486636,-0.0298681362814,4.14471452356,4.14471452356
0.246643571978,3.86914632855,0.933893494989,0.587615154761,-0.0297026496541,4.14302738943,4.14302738943
0.247409545804,3.86904593813,0.934249401625,0.587603886236,-0.0295371716384,4.14134162826,4.14134162826
0.24817551963,3.86894537335,0.934608077067,0.587592597848,-0.029370470037,4.13964470058,4.13964470058
0.248941493457,3.86884534241,0.934967020529,0.58758136909,-0.0292037079026,4.13794845963,4.13794845963
0.249707467283,3.86874541734,0.935327784194,0.587570151928,-0.0290361646142,4.1362455844,4.1362455844
0.250473441109,3.86864576954,0.935689774868,0.587558965602,-0.0288681164276,4.13453889681,4.13453889681
0.251239414935,3.86854650266,0.936052632803,0.587547821751,-0.0286997308633,4.13283010708,4.13283010708
0.252005388761,3.86844726186,0.936417681169,0.587536680542,-0.0285303946745,4.13111300614,4.13111300614
0.252771362587,3.86834861421,0.936782853216,0.58752560564,-0.0283610671478,4.12939733144,4.12939733144
0.253537336413,3.86824986203,0.937150756109,0.58751451872,-0.0281905400835,4.12767085425,4.12767085425
0.254303310239,3.86815165438,0.937518998644,0.587503492652,-0.0280199226163,4.12594481816,4.12594481816
0.255069284065,3.86805361308,0.937889016511,0.587492484982,-0.0278485500734,4.12421250807,4.12421250807
0.255835257891,3.86795586977,0.938260340241,0.587481510493,-0.02767664068,4.12247614428,4.12247614428
0.256601231717,3.86785855833,0.938632479349,0.587470584216,-0.0275044220414,4.12073803478,4.12073803478
0.257367205543,3.86776130394,0.93900689508,0.587459664072,-0.0273312187197,4.11899137717,4.11899137717
0.258133179369,3.86766466957,0.939381441384,0.587448813273,-0.0271580240803,4.11724619966,4.11724619966
0.258899153195,3.86756800078,0.939758680385,0.587437958339,-0.026983654094,4.11549058445,4.11549058445
0.259665127021,3.86747188927,0.940136331908,0.587427165712,-0.0268091635259,4.11373516585,4.11373516585
0.260431100847,3.86737600453,0.940515713533,0.587416398284,-0.0266339441397,4.11197383402,4.11197383402
0.261197074673,3.86728044094,0.940896481311,0.587405666652,-0.026458155604,4.11020820862,4.11020820862
0.261963048499,3.86718535977,0.941278012052,0.587394988933,-0.0262820861713,4.10844119406,4.10844119406
0.262729022325,3.8670903694,0.941661907227,0.587384321148,-0.0261049976124,4.10666539628,4.10666539628
0.263494996151,3.86699602661,0.942045940165,0.58737372583,-0.0259279177236,4.10489113294,4.10489113294
0.264260969977,3.86690171977,0.942432627442,0.587363134291,-0.0257496868261,4.10310679743,4.10310679743
0.265026943803,3.8668079851,0.942819801426,0.587352606756,-0.0255713048497,4.10132241522,4.10132241522
0.265792917629,3.86671453756,0.943208659902,0.587342111215,-0.0253922204972,4.09953248092,4.09953248092
0.266558891455,3.8666214368,0.94359898631,0.58733165437,-0.0252125343403,4.09773801467,4.09773801467
0.267324865281,3.8665288686,0.943990022711,0.587321257092,-0.0250325958552,4.0959425159,4.0959425159
0.268090839107,3.86643642778,0.944383513024,0.587310873873,-0.0248516034074,4.09413800057,4.09413800057
0.268856812933,3.86634466285,0.944777148601,0.587300566325,-0.0246706195823,4.09233507454,4.09233507454
0.269622786759,3.86625300446,0.945173399936,0.587290270501,-0.0244885092398,4.09052244246,4.09052244246
0.270388760585,3.86616193535,0.945570213514,0.587280040628,-0.0243062169938,4.08870952161,4.08870952161
0.271154734411,3.8660712136,0.945968665576,0.587269849534,-0.0241232490029,4.08689141014,4.08689141014
0.271920708237,3.86598086686,0.946368668882,0.58725970033,-0.0239396461874,4.08506852982,4.08506852982
0.272686682063,3.86589110235,0.946769328637,0.587249616295,-0.0237558198381,4.08324497363,4.08324497363
0.273452655889,3.86580150475,0.947172533504,0.587239550778,-0.0235709042873,4.08141216938,4.08141216938
0.274218629715,3.86571261208,0.947575891457,0.587229564223,-0.0233859972741,4.07958100974,4.07958100974
0.274984603541,3.86562389673,0.947981826346,0.587219597359,-0.0231999883933,4.07774051074,4.07774051074
0.275750577367,3.8655357901,0.948388400415,0.587209698657,-0.0230137664469,4.07589948212,4.07589948212
0.276516551193,3.86544809089,0.94879656654,0.587199845504,-0.0228268955812,4.07405362457,4.07405362457
0.277282525019,3.8653607976,0.949206368808,0.587190037735,-0.0226393564966,4.07220276288,4.07220276288
0.278048498845,3.86527413568,0.949616773387,0.587180300684,-0.0224516229022,4.07035158182,4.07035158182
0.278814472671,3.86518768327,0.950029816048,0.587170586955,-0.0222627644566,4.0684909231,4.0684909231
0.279580446497,3.86510196559,0.950443019954,0.587160955565,-0.0220739144232,4.06663196472,4.06663196472
0.280346420323,3.86501649615,0.950858761714,0.587151351856,-0.0218839873354,4.06476403413,4.06476403413
0.281112394149,3.86493165727,0.951275221041,0.587141818789,-0.0216938156734,4.06289533437,4.06289533437
0.281878367975,3.86484728567,0.951693225561,0.587132338022,-0.0215030221166,4.06102216751,4.06102216751
0.282644341801,3.86476335368,0.952112952758,0.587122906447,-0.0213115265632,4.05914376281,4.05914376281
0.283410315627,3.86468010164,0.952533227513,0.587113551076,-0.0211198657584,4.05726539506,4.05726539506
0.284176289453,3.86459710485,0.952956235145,0.58710422419,-0.0209270440327,4.05537732199,4.05537732199
0.284942263279,3.86451487338,0.953379412532,0.587094983109,-0.0207342305509,4.05349100535,4.05349100535
0.285708237105,3.8644329612,0.953805088415,0.587085777714,-0.0205403649964,4.05159608408,4.05159608408
0.286474210931,3.86435170391,0.954231561751,0.587076645723,-0.0203462230029,4.0497001554,4.0497001554
0.287240184758,3.8642709735,0.954659532961,0.587067572757,-0.0201514863428,4.04780012149,4.04780012149
0.288006158584,3.86419071928,0.955089315073,0.587058553118,-0.019956013516,4.0458946177,4.0458946177
0.28877213241,3.86411119295,0.955519589354,0.587049615101,-0.0197604049343,4.04398950687,4.04398950687
0.289538106236,3.86403197091,0.955952693185,0.587040711101,-0.0195635989341,4.04207446504,4.04207446504
0.290304080062,3.86395354556,0.956385975646,0.587031896463,-0.0193668009632,4.04016123611,4.04016123611
0.291070053888,3.86387551061,0.956821716954,0.587023125527,-0.0191689760748,4.03823977043,4.03823977043
0.291836027714,3.8637981575,0.957258337151,0.587014431052,-0.0189708425171,4.03631706045,4.03631706045
0.29260200154,3.86372139058,0.957696407431,0.587005802294,-0.0187721417289,4.03439060709,4.03439060709
0.293367975366,3.8636451394,0.958136378578,0.586997231336,-0.0185726702027,4.03245845349,4.03245845349
0.294133949192,3.8635696634,0.95857678585,0.586988747345,-0.0183730926603,4.03052704846,4.03052704846
0.294899923018,3.86349454409,0.959020121281,0.586980303284,-0.0181722807649,4.02858548883,4.02858548883
0.295665896844,3.86342025366,0.959463644596,0.586971952235,-0.0179714766351,4.02664579885,4.02664579885
0.29643187067,3.86334642481,0.959909586801,0.586963652913,-0.0177696709214,4.02469824027,4.02469824027
0.297197844496,3.86327330741,0.960356490934,0.586955433411,-0.0175675239331,4.02274920187,4.02274920187
0.297963818322,3.86320083519,0.960804796867,0.586947286282,-0.0173648373625,4.02079678181,4.02079678181
0.298729792148,3.86312892134,0.96125509543,0.586939201775,-0.0171613450723,4.01883843291,4.01883843291
0.299495765974,3.86305782925,0.961705773398,0.5869312095,-0.0169577767505,4.01688118768,4.01688118768
0.3002617398,3.86298714975,0.962159480125,0.586923263464,-0.0167529366961,4.01491356635,4.01491356635
0.301027713626,3.86291733215,0.962613384386,0.586915414183,-0.0165481040916,4.01294787171,4.01294787171
0.301793687452,3.86284804731,0.963069667256,0.586907624658,-0.0163422954193,4.01097467676,4.01097467676
0.302559661278,3.86277950634,0.963526996748,0.586899918626,-0.0161361124827,4.00899976791,4.00899976791
0.303325635104,3.86271166914,0.96398567925,0.586892291584,-0.0159294178285,4.0070218389,4.0070218389
0.30409160893,3.86264443618,0.964446447996,0.586884732346,-0.0157218820539,4.00503775426,4.00503775426
0.304857582756,3.86257807074,0.964907538734,0.586877270517,-0.0155143004814,4.00305512776,4.00305512776
0.305623556582,3.86251217744,0.965371760879,0.586869861646,-0.0153054093434,4.00106190585,4.00106190585
0.306389530408,3.86244717992,0.965836190621,0.586862553371,-0.0150965252841,3.99907066791,3.99907066791
0.307155504234,3.8623827863,0.966302958349,0.586855312877,-0.0148866908603,3.99707229801,3.99707229801
0.30792147806,3.86231917187,0.966770859108,0.586848159877,-0.0146764487889,3.99507198162,3.99507198162
0.308687451886,3.86225631938,0.967240063558,0.586841092436,-0.0144657230844,3.99306900623,3.99306900623
0.309453425712,3.8621941203,0.967711449775,0.586834098355,-0.014254120431,3.99105965027,3.99105965027
0.310219399538,3.8621328337,0.968183099859,0.586827206769,-0.0140425024656,3.98905210622,3.98905210622
0.310985373364,3.86207208251,0.968657986105,0.586820375281,-0.0138295366404,3.98703374969,3.98703374969
0.31175134719,3.86201226186,0.969133090442,0.586813648328,-0.0136165774638,3.9850174346,3.9850174346
0.312517321016,3.86195311621,0.969610491786,0.586806997176,-0.0134026938173,3.9829943559,3.9829943559
0.313283294842,3.86189478807,0.970089114336,0.586800437857,-0.013188368737,3.98096909964,3.98096909964
0.314049268668,3.86183727955,0.970568990715,0.586793970613,-0.0129735883315,3.97894154511,3.97894154511
0.314815242494,3.86178047708,0.971051146353,0.586787582674,-0.0127578947121,3.97690738699,3.97690738699
0.31558121632,3.86172462878,0.97153352744,0.586781301949,-0.0125422073846,3.97487530766,3.97487530766
0.316347190146,3.86166938775,0.97201921073,0.586775089428,-0.0123251517079,3.97283237319,3.97283237319
0.317113163972,3.86161511059,0.972505143496,0.586768985219,-0.01210809305,3.97079145176,3.97079145176
0.317879137798,3.86156157939,0.972993331919,0.586762964819,-0.0118901360121,3.96874413495,3.96874413495
0.318645111624,3.86150890717,0.973482831549,0.586757040943,-0.011671703342,3.96669441106,3.96669441106
0.31941108545,3.86145711174,0.973973534584,0.586751215598,-0.0114528438813,3.96464274913,3.96464274913
0.320177059276,3.86140607854,0.974466616398,0.586745475904,-0.0112330344967,3.96258426257,3.96258426257
0.320943033102,3.8613560358,0.974959934921,0.586739847533,-0.0110132308658,3.96052791247,3.96052791247
0.321709006928,3.86130668515,0.97545652306,0.586734296931,-0.0107920827183,3.95846108347,3.95846108347
0.322474980754,3.86125832814,0.975953442958,0.586728858017,-0.010570899494,3.95639603098,3.95639603098
0.32324095458,3.86121078792,0.976452576775,0.586723510905,-0.0103488441787,3.95432495112,3.95432495112
0.324006928406,3.86116415138,0.976953113685,0.586718265371,-0.0101262786113,3.95225123632,3.95225123632
0.324772902232,3.86111844823,0.977454803001,0.586713124759,-0.0099033150176,3.95017594305,3.95017594305
0.325538876059,3.86107356719,0.977958972701,0.586708076558,-0.00967936433657,3.94809360614,3.94809360614
0.326304849885,3.86102971385,0.978463390855,0.586703143896,-0.00945541880227,3.94601346349,3.94601346349
0.327070823711,3.86098663766,0.978971045828,0.586698298594,-0.00923015275574,3.94392321828,3.94392321828
0.327836797537,3.8609445878,0.979479116581,0.586693568683,-0.00900481913856,3.94183451432,3.94183451432
0.328602771363,3.86090342538,0.979989359117,0.586688938545,-0.00877863992159,3.93974015071,3.93974015071
0.329368745189,3.8608632147,0.980501098576,0.586684415415,-0.00855191540235,3.93764292596,3.93764292596
0.330134719015,3.86082399338,0.981013938849,0.586680003529,-0.00832482185339,3.93554448157,3.93554448157
0.330900692841,3.86078565789,0.981529363261,0.586675691244,-0.00809670359171,3.93343877667,3.93343877667
0.331666666667,3.86074838831,0.982045048376,0.586671498819,-0.00786858979719,3.93133532387,3.93133532387
0.332432640493,3.86071198117,0.982563937291,0.586667403371,-0.00763917967076,3.92922214488,3.92922214488
0.333198614319,3.86067663606,0.983083327809,0.586663427354,-0.0074096690715,3.92711027321,3.92711027321
0.333964588145,3.86064224881,0.983604847557,0.586659559053,-0.0071793395693,3.92499310917,3.92499310917
0.334730561971,3.86060886487,0.984127960064,0.586655803584,-0.00694842927514,3.92287285956,3.92287285956
0.335496535797,3.86057652558,0.984652121186,0.5866521656,-0.00671717918254,3.92075174828,3.92075174828
0.336262509623,3.86054513981,0.985178972417,0.586648634851,-0.00648486628168,3.91862316178,3.91862316178
0.337028483449,3.86051485916,0.985706097124,0.586645228397,-0.00625255709163,3.91649688525,3.91649688525
0.337794457275,3.86048552642,0.98623639238,0.586641928553,-0.00601897592961,3.91436125887,3.91436125887
0.338560431101,3.86045729456,0.98676727692,0.586638752532,-0.00578526097463,3.9122267072,3.9122267072
0.339326404927,3.86043009073,0.987300247712,0.58663569214,-0.005550754022,3.91008722997,3.91008722997
0.340092378753,3.86040394539,0.987834909169,0.586632750805,-0.00531563033928,3.90794444452,3.90794444452
0.340858352579,3.86037889928,0.988370566418,0.586629933115,-0.00508019632608,3.90580115439,3.90580115439
0.341624326405,3.86035487847,0.988909022024,0.586627230754,-0.0048436609308,3.9036501766,3.9036501766
0.342390300231,3.86033200304,0.98944776443,0.586624657234,-0.00460712840898,3.90150156665,3.90150156665
0.343156274057,3.86031016114,0.98998964389,0.586622199972,-0.00436934845816,3.89934398301,3.89934398301
0.343922247883,3.86028946226,0.990532202238,0.586619871291,-0.00413140096659,3.89718724292,3.89718724292
0.344688221709,3.86026986125,0.991076803419,0.586617666111,-0.00389268859367,3.89502594343,3.89502594343
0.345454195535,3.86025137767,0.991623195305,0.586615586635,-0.00365332309526,3.89286111493,3.89286111493
0.346220169361,3.86023404714,0.992170529524,0.586613636873,-0.00341367697262,3.89069613768,3.89069613768
0.346986143187,3.86021781793,0.992720772695,0.586611811008,-0.00317289040783,3.88852326264,3.88852326264
0.347752117013,3.86020277546,0.993271316562,0.586610118648,-0.00293210579365,3.88635281327,3.88635281327
0.348518090839,3.86018885224,0.993824963731,0.586608552205,-0.00269009847967,3.88417376612,3.88417376612
0.349284064665,3.86017611757,0.994379381382,0.586607119476,-0.00244788943985,3.88199533281,3.88199533281
0.350050038491,3.86016455027,0.994935797995,0.586605818079,-0.00220494284822,3.87981270555,3.87981270555
0.350816012317,3.86015416325,0.995494107552,0.586604649468,-0.00196130626965,3.87762633045,3.87762633045
0.351581986143,3.86014498226,0.996053305335,0.586603616541,-0.00171741901267,3.87544016127,3.87544016127
0.352347959969,3.86013698305,0.996615525078,0.58660271657,-0.00147235175934,3.87324588662,3.87324588662
0.353113933795,3.86013021301,0.997178060012,0.586601954889,-0.00122728544366,3.87105409536,3.87105409536
0.353879907621,3.86012464804,0.997743664233,0.586601328786,-0.000981021346435,3.86885408188,3.86885408188
0.354645881447,3.8601203207,0.998310132581,0.586600841926,-0.000734520891432,3.86665445408,3.86665445408
0.355411855273,3.86011722984,0.998878555559,0.586600494179,-0.000487310429254,3.86445099692,3.86445099692
0.356177829099,3.86011538614,0.999448975988,0.586600286748,-0.00023937264398,3.86224357509,3.86224357509
0.356943802925,3.86011480059,1.00002022987,0.586600220869,8.78563347009e-06,3.86003671254,3.86003671254
0.357709776751,3.86011548181,1.00059462121,0.586600297512,0.000258163963311,3.8578215393,3.8578215393
0.358475750577,3.86011743581,1.00116934286,0.586600517352,0.000507542463397,3.85560890706,3.85560890706
0.359241724403,3.86012068075,1.00174709951,0.586600882434,0.000758093635169,3.85338842773,3.85338842773
0.360007698229,3.86012521607,1.00232581605,0.586601392694,0.00100891625305,3.85116810748,3.85116810748
0.360773672055,3.86013105653,1.00290644241,0.586602049792,0.00126042111686,3.84894432151,3.84894432151
0.361539645881,3.86013821525,1.00348917307,0.586602855202,0.00151269112318,3.84671635613,3.84671635613
0.362305619707,3.8601466833,1.00407268176,0.58660380792,0.00176515119843,3.84448930186,3.84448930186
0.363071593533,3.86015650785,1.004659446,0.586604913252,0.00201887191696,3.84225373407,3.84225373407
0.36383756736,3.86016764996,1.00524655632,0.586606166815,0.00227259401359,3.84002076473,3.84002076473
0.364603541186,3.86018016892,1.00583666742,0.586607575279,0.00252746362581,3.83778032155,3.83778032155
0.365369515012,3.86019403483,1.00642783646,0.586609135277,0.0027826402776,3.83553981218,3.83553981218
0.366135488838,3.8602092741,1.00702087044,0.586610849781,0.0030384713692,3.83329619815,3.83329619815
0.366901462664,3.86022590708,1.00761611846,0.586612721077,0.00329510612672,3.83104819025,3.83104819025
0.36766743649,3.8602438996,1.00821208851,0.58661474532,0.00355190034443,3.82880144326,3.82880144326
0.368433410316,3.86026334328,1.00881143595,0.586616932815,0.00380999678309,3.82654597848,3.82654597848
0.369199384142,3.86028415056,1.00941114594,0.586619273707,0.00406809591294,3.82429316943,3.82429316943
0.369965357968,3.86030642063,1.0100138229,0.586621779156,0.00432731751237,3.82203325649,3.82203325649
0.370731331794,3.86033009822,1.01061765835,0.586624442937,0.00458688232396,3.81977305295,3.81977305295
0.37149730562,3.86035521689,1.01122331355,0.586627268827,0.0048470736242,3.81751010403,3.81751010403
0.372263279446,3.8603818093,1.01183129535,0.586630260493,0.00510810775351,3.81524254789,3.81524254789
0.373029253272,3.86040981045,1.01243994246,0.586633410623,0.00536927047275,3.81297660093,3.81297660093
0.373795227098,3.86043936255,1.01305209166,0.586636735209,0.00563177758123,3.81070173422,3.81070173422
0.374561200924,3.86047032557,1.01366462059,0.586640218495,0.00589428880472,3.80842958031,3.80842958031
0.37532717475,3.86050283735,1.01428008236,0.586643875983,0.00615789723187,3.806150692,3.806150692
0.376093148576,3.86053682136,1.01489680559,0.586647699062,0.00642188555677,3.80387129027,3.80387129027
0.376859122402,3.86057231367,1.01551530281,0.586651691782,0.00668647217588,3.80158950141,3.80158950141
0.377625096228,3.86060936445,1.01613624184,0.586655859784,0.00695194132601,3.79930289413,3.79930289413
0.378391070054,3.86064787213,1.0167577887,0.586660191635,0.00721750792983,3.79701824271,3.79701824271
0.37915704388,3.86068803584,1.01738296523,0.586664709734,0.00748446165517,3.79472447226,3.79472447226
0.379923017706,3.86072965916,1.01800853943,0.586669391977,0.00775142103588,3.79243347147,3.79243347147
0.380688991532,3.86077291715,1.01863701198,0.586674258053,0.00801945213379,3.79013610515,3.79013610515
0.381454965358,3.86081771644,1.01926685145,0.58667929745,0.00828790033789,3.78783800428,3.78783800428
0.382220939184,3.86086409066,1.01989841862,0.586684513948,0.00855691839877,3.78553787336,3.78553787336
0.38298691301,3.860912113,1.02053254553,0.586689915772,0.00882685924052,3.78323271504,3.78323271504
0.383752886836,3.86096163926,1.02116722202,0.586695486696,0.00909686613491,3.78092985754,3.78092985754
0.384518860662,3.86101293216,1.02180565871,0.586701256261,0.00936830345536,3.77861768453,3.77861768453
0.385284834488,3.86106573474,1.02244451179,0.586707195561,0.00963974809403,3.77630833774,3.77630833774
0.386050808314,3.86112025787,1.02308622841,0.586713328305,0.00991223874259,3.77399299358,3.77399299358
0.38681678214,3.86117639583,1.02372941998,0.586719642594,0.0101851842386,3.7716766955,3.7716766955
0.387582755966,3.86123417476,1.02437429238,0.58672614136,0.0104586709115,3.76935872315,3.76935872315
0.388348729792,3.86129369655,1.02502184526,0.586732836056,0.0107331211721,3.76703551676,3.76703551676
0.389114703618,3.86135476812,1.0256698887,0.586739704955,0.0110076058212,3.76471495425,3.76471495425
0.389880677444,3.86141772261,1.02632182593,0.586746785517,0.0112835647811,3.76238488264,3.76238488264
0.39064665127,3.86148223832,1.02697419908,0.586754041552,0.011559532851,3.76005769353,3.76005769353
0.391412625096,3.86154856037,1.02762940063,0.586761500619,0.0118365210025,3.75772487435,3.75772487435
0.392178598922,3.86161657547,1.02828618779,0.586769149965,0.0121140022854,3.75539088371,3.75539088371
0.392944572748,3.8616862969,1.02894460837,0.586776991075,0.0123919958242,3.75305557315,3.75305557315
0.393710546574,3.86175786124,1.02960583305,0.586785039297,0.0126709943231,3.75071482432,3.75071482432
0.3944765204,3.86183102209,1.03026750746,0.586793266911,0.0129500032781,3.74837699347,3.74837699347
0.395242494226,3.8619061838,1.03093317445,0.586801719378,0.0132305150317,3.7460295968,3.7460295968
0.396008468052,3.86198296193,1.03159931673,0.586810353452,0.0135110458148,3.74368507161,3.74368507161
0.396774441878,3.86206163205,1.03226825191,0.586819200113,0.0137925705311,3.74133528269,3.74133528269
0.397540415704,3.8621420783,1.0329388861,0.586828246317,0.014074627215,3.7389841067,3.7389841067
0.39830638953,3.86222429557,1.03361110573,0.586837491478,0.0143571669941,3.73663196356,3.73663196356
0.399072363356,3.86230846124,1.03428625608,0.586846955529,0.0146407536804,3.73427418042,3.73427418042
0.399838337182,3.86239427755,1.03496187717,0.586856604975,0.0149243528477,3.73191937089,3.73191937089
0.400604311008,3.86248220147,1.03564146757,0.586866491185,0.0152094314662,3.72955537454,3.72955537454
0.401370284834,3.86257180722,1.03632163619,0.586876566268,0.0154945653914,3.72719402196,3.72719402196
0.402136258661,3.86266339048,1.03700456185,0.586886863458,0.0157806668819,3.72482777086,3.72482777086
0.402902232487,3.86275683799,1.03768930276,0.586897370003,0.0160673397385,3.72245991911,3.72245991911
0.403668206313,3.86285212047,1.03837558057,0.586908082596,0.0163544662919,3.72009145126,3.72009145126
0.404434180139,3.86294946253,1.03906491876,0.586919026476,0.0166426822828,3.7177171443,3.7177171443
0.405200153965,3.863048511,1.03975474967,0.586930161918,0.0169309129267,3.71534586616,3.71534586616
0.405966127791,3.86314977423,1.04044852648,0.586941546058,0.0172205994739,3.71296577958,3.71296577958
0.406732101617,3.8632527893,1.04114298709,0.586953126836,0.0175103781563,3.71058811056,3.71058811056
0.407498075443,3.86335786723,1.04184016857,0.586964939199,0.0178010978177,3.708205907,3.708205907
0.408264049269,3.86346490278,1.04253928443,0.586976971298,0.0180924288157,3.7058218913,3.7058218913
0.409030023095,3.86357383645,1.04323988809,0.586989216428,0.0183841838772,3.7034376087,3.7034376087
0.409795996921,3.8636849468,1.04394368498,0.587001705879,0.0186770714981,3.70104729058,3.70104729058
0.410561970747,3.86379782101,1.04464799751,0.58701439323,0.0189699760986,3.69866005605,3.69866005605
0.411327944573,3.86391301753,1.04535623243,0.587027341234,0.0192643128544,3.6962643907,3.6962643907
0.412093918399,3.86403004071,1.0460652595,0.587040494158,0.0195587791361,3.6938709183,3.6938709183
0.412859892225,3.86414921188,1.04677697091,0.587053888097,0.0198541595941,3.69147327395,3.69147327395
0.413625866051,3.86427043949,1.04749073885,0.587067512741,0.0201501919407,3.68907360816,3.68907360816
0.414391839877,3.86439362758,1.04820594493,0.587081357283,0.0204466184857,3.68667402268,3.68667402268
0.415157813703,3.86451911555,1.04892448033,0.587095459844,0.020744221312,3.68426820809,3.68426820809
0.415923787529,3.86464642659,1.04964355533,0.587109766817,0.0210418436068,3.68186553137,3.68186553137
0.416689761355,3.86477616788,1.05036652911,0.587124346412,0.0213408741098,3.67945480057,3.67945480057
0.417455735181,3.86490781564,1.05109040622,0.587139139746,0.0216400721022,3.67704603978,3.67704603978
0.418221709007,3.8650416963,1.05181693081,0.587154183474,0.0219401572543,3.67463346812,3.67463346812
0.418987682833,3.86517773787,1.0525456372,0.587169469484,0.0222409354381,3.67221866803,3.67221866803
0.419753656659,3.86531580143,1.05327573149,0.58718498214,0.0225420777273,3.66980429329,3.66980429329
0.420519630485,3.8654562944,1.05400929456,0.587200767192,0.022844440628,3.66738349876,3.66738349876
0.421285604311,3.86559867152,1.05474342227,0.587216763352,0.0231468256562,3.66496589589,3.66496589589
0.422051578137,3.86574358719,1.05548142503,0.587233044116,0.0234505947479,3.66254061465,3.66254061465
0.422817551963,3.86589049435,1.05622044527,0.587249547992,0.0237545698764,3.66011708224,3.66011708224
0.423583525789,3.86603971904,1.0569620758,0.587266311584,0.0240594049367,3.6576900984,3.6576900984
0.424349499615,3.86619121502,1.05770601659,0.587283329665,0.0243649747724,3.65526068151,3.65526068151
0.425115473441,3.8663447936,1.05845129449,0.587300581011,0.024670878397,3.65283203272,3.65283203272
0.425881447267,3.8665009377,1.0592001841,0.587318119838,0.0249780475798,3.6503967765,3.6503967765
0.426647421093,3.86665902894,1.0599496645,0.587335876656,0.0252852417276,3.64796476516,3.64796476516
0.427413394919,3.86681976741,1.06070299615,0.587353930065,0.0255937955986,3.64552545004,3.64552545004
0.428179368745,3.86698258778,1.06145746246,0.58737221654,0.0259025946482,3.64308766442,3.64308766442
0.428945342571,3.86714781006,1.06221450155,0.587390771987,0.0262122261944,3.640646785,3.640646785
0.429711316397,3.86731542011,1.06297398267,0.587409594784,0.0265226348696,3.63820327041,3.63820327041
0.430477290223,3.86748517244,1.06373474958,0.587428657332,0.026833346799,3.63576086422,3.63576086422
0.431243264049,3.86765763322,1.06449927468,0.587448023172,0.0271453698572,3.63331166609,3.63331166609
0.432009237875,3.86783210618,1.06526441791,0.587467614081,0.0274574209056,3.63086576549,3.63086576549
0.432775211701,3.86800933536,1.0660333885,0.587487513573,0.0277708071436,3.62841293442,3.62841293442
0.433541185527,3.86818874251,1.06680361408,0.587507656681,0.0280844783076,3.62596141545,3.62596141545
0.434307159353,3.86837063564,1.06757637464,0.58752807795,0.0283989543294,3.62350715838,3.62350715838
0.435073133179,3.86855503936,1.0683517124,0.587548780105,0.0287142504531,3.62105006662,3.62105006662
0.435839107005,3.8687416441,1.0691282841,0.587569728355,0.0290298190839,3.61859442094,3.61859442094
0.436605080831,3.8689311073,1.06990876413,0.58759099646,0.0293467450461,3.61613180208,3.61613180208
0.437371054657,3.86912264979,1.07068989088,0.587612496918,0.0296637022201,3.61367253279,3.61367253279
0.438137028483,3.86931705787,1.07147482104,0.587634317946,0.0299819698603,3.6112067049,3.6112067049
0.438903002309,3.86951374585,1.07226112977,0.587656393763,0.0303005627899,3.60874197378,3.60874197378
0.439668976135,3.86971300355,1.07304993539,0.587678756854,0.0306199327402,3.60627485815,3.60627485815
0.440434949962,3.86991490127,1.0738414569,0.587701415066,0.0309401663936,3.60380471103,3.60380471103
0.441200923788,3.87011905776,1.07463415997,0.58772432557,0.0312606416015,3.6013363449,3.6013363449
0.441966897614,3.87032623004,1.07543092531,0.58774757327,0.0315825209826,3.59886082772,3.59886082772
0.44273287144,3.87053555096,1.07622836725,0.587771060816,0.0319044350036,3.59638871149,3.59638871149
0.443498845266,3.87074784714,1.07702958861,0.587794880913,0.032227634581,3.593910407,3.593910407
0.444264819092,3.87096253128,1.07783231548,0.587818967615,0.0325512004381,3.59143298607,3.59143298607
0.445030792918,3.87117986853,1.07863750088,0.587843350626,0.032875515286,3.58895353201,3.58895353201
0.445796766744,3.87139998209,1.07944554448,0.587868043714,0.0332007380755,3.58647085245,3.58647085245
0.44656274057,3.87162241117,1.08025471677,0.587892995139,0.0335261712692,3.58399028587,3.58399028587
0.447328714396,3.87184802095,1.08106810917,0.587918301901,0.0338530561242,3.58150239387,3.58150239387
0.448094688222,3.87207585104,1.0818822094,0.587943856221,0.0341799792636,3.57901795351,3.57901795351
0.448860662048,3.87230676641,1.08270006504,0.587969755062,0.0345081628678,3.57652769354,3.57652769354
0.449626635874,3.87254018414,1.08351955662,0.587995932992,0.0348367543796,3.57403810615,3.57403810615
0.4503926097,3.87277633804,1.0843414681,0.588022416181,0.0351660666661,3.57154683463,3.57154683463
0.451158583526,3.87301541165,1.08516638385,0.588049225151,0.035496331779,3.56905214654,3.56905214654
0.451924557352,3.87325685648,1.08599237493,0.588076298343,0.0358267759562,3.56655990031,3.56655990031
0.452690531178,3.87350165482,1.08682274798,0.58810374584,0.0361587199364,3.56406015794,3.56406015794
0.453456505004,3.87374874756,1.08765386153,0.588131448834,0.0364907060725,3.56156391716,3.56156391716
0.45422247883,3.87399903592,1.08848870645,0.588159508305,0.0368239274052,3.55906222357,3.55906222357
0.454988452656,3.87425194768,1.08932532136,0.58818786004,0.0371575989217,3.55656099396,3.55656099396
0.455754426482,3.87450767831,1.09016431729,0.588216525894,0.0374919628176,3.55405842665,3.55405842665
0.456520400308,3.87476647943,1.09100646745,0.588245534003,0.0378273250798,3.55155225475,3.55155225475
0.457286374134,3.87502770643,1.09184963911,0.588274812057,0.0381628348865,3.54904885035,3.54904885035
0.45805234796,3.87529246789,1.09269735872,0.588304484235,0.0384998932983,3.54653778281,3.54653778281
0.458818321786,3.87555960042,1.09354585301,0.588334420088,0.0388369979753,3.54403026607,3.54403026607
0.459584295612,3.87583003927,1.09439805483,0.588364724358,0.0391753124668,3.54151766093,3.54151766093
0.460350269438,3.87610322947,1.09525216442,0.588395334786,0.0395141200989,3.53900531346,3.53900531346
0.461116243264,3.876379321,1.09610861631,0.588426268109,0.039853591674,3.53649197106,3.53649197106
0.46188221709,3.87665864164,1.09696837688,0.588457560981,0.0401941080283,3.53397483767,3.53397483767
0.462648190916,3.87694044177,1.09782910476,0.588489129352,0.0405347402646,3.53146079381,3.53146079381
0.463414164742,3.87722596631,1.09869455241,0.588521112605,0.0408769711845,3.52893891921,3.52893891921
0.464180138568,3.87751394126,1.09956081048,0.588553367956,0.0412192527293,3.52642064386,3.52642064386
0.464946112394,3.87780533409,1.10043075366,0.588586003697,0.0415627190844,3.52389763844,3.52389763844
0.46571208622,3.8780996136,1.10130274687,0.588618960256,0.0419067224433,3.52137468522,3.52137468522
0.466478060046,3.87839687672,1.10217704394,0.588652248412,0.0422513613325,3.51885107573,3.51885107573
0.467244033872,3.87869753593,1.10305480924,0.588685914275,0.0425970924581,3.51632348949,3.51632348949
0.468010007698,3.87900072719,1.1039334872,0.588719861017,0.0429429076221,3.51379931143,3.51379931143
0.468775981524,3.87930784192,1.10481706189,0.588754244344,0.0432903725101,3.5112671371,3.5112671371
0.46954195535,3.87961748925,1.10570148443,0.588788908456,0.0436378926451,3.50873860971,3.50873860971
0.470307929176,3.87993066646,1.10658956977,0.588823964913,0.0439865724256,3.50620570848,3.50620570848
0.471073903002,3.88024687328,1.10747985152,0.588859357629,0.0443358338082,3.5036726564,3.5036726564
0.471839876828,3.88056614567,1.10837239849,0.588895090544,0.0446857021224,3.50113928401,3.50113928401
0.472605850654,3.88088898954,1.10926857764,0.58893122019,0.0450367108615,3.49860175233,3.49860175233
0.47337182448,3.88121442311,1.1101656313,0.588967636607,0.0453877782393,3.49606789626,3.49606789626
0.474137798306,3.88154397614,1.11106772946,0.589004510888,0.0457405338597,3.49352597796,3.49352597796
0.474903772132,3.88187615314,1.11197073162,0.5890416756,0.0460933562536,3.49098770566,3.49098770566
0.475669745958,3.88221197247,1.11287737432,0.589079244592,0.0464473129512,3.48844541371,3.48844541371
0.476435719784,3.88255097223,1.11378636409,0.589117166091,0.0468018965866,3.48590277042,3.48590277042
0.47720169361,3.8828931192,1.11469758026,0.589155436289,0.0471570583797,3.48336013998,3.48336013998
0.477967667436,3.8832390218,1.11561259712,0.589194123138,0.0475134095274,3.48081317102,3.48081317102
0.478733641263,3.88358760143,1.11652852894,0.589233105909,0.0478698244109,3.47826992393,3.47826992393
0.479499615089,3.8839404446,1.11744949984,0.589272561921,0.0482279054621,3.4757189879,3.4757189879
0.480265588915,3.88429603702,1.11837151175,0.589312321737,0.0485860957712,3.47317147853,3.47317147853
0.481031562741,3.88465538471,1.11929714209,0.589352497743,0.0489453948744,3.47062030147,3.47062030147
0.481797536567,3.88501807185,1.12022527454,0.58939304334,0.0493053670007,3.46806857528,3.46806857528
0.482563510393,3.88538398756,1.12115559444,0.589433946029,0.0496658883476,3.4655171921,3.4655171921
0.483329484219,3.88575385214,1.12208988826,0.589475286216,0.0500276487296,3.46296129464,3.46296129464
0.484095458045,3.88612648435,1.12302513941,0.589516931766,0.050389478244,3.46040916446,3.46040916446
0.484861431871,3.88650352545,1.12396542462,0.589559065991,0.0507529516889,3.45784971701,3.45784971701
0.485627405697,3.88688344877,1.12490689212,0.589601518168,0.0511165776365,3.45529347895,3.45529347895
0.486393379523,3.88726724079,1.12585195608,0.589644398416,0.0514812867117,3.45273392277,3.45273392277
0.487159353349,3.88765453985,1.12679968176,0.589687666207,0.0518467156563,3.4501736225,3.4501736225
0.487925327175,3.88804514853,1.12774955587,0.589731299373,0.0522126647343,3.44761399223,3.44761399223
0.488691301001,3.8884399088,1.12870358196,0.58977539184,0.0525799032887,3.44504967552,3.44504967552
0.489457274827,3.88883753074,1.1296586098,0.589819799415,0.0529472166861,3.44248917063,3.44248917063
0.490223248653,3.88923970826,1.13061866714,0.589864711152,0.0533161516239,3.43992171836,3.43992171836
0.490989222479,3.88964490896,1.13158005244,0.589909955794,0.0536852830834,3.43735726038,3.43735726038
0.491755196305,3.89005409235,1.13254501247,0.58995564036,0.0540554718588,3.43478983132,3.43478983132
0.492521170131,3.89046695927,1.13351279853,0.590001731316,0.0544264281232,3.43222146615,3.43222146615
0.493287143957,3.89088321663,1.13448269396,0.590048195817,0.0547978752979,3.42965409463,3.42965409463
0.494053117783,3.8913038381,1.13545692449,0.590095142409,0.0551706631603,3.42708186825,3.42708186825
0.494819091609,3.89172741891,1.13643220328,0.590142414174,0.0555435319062,3.4245134973,3.4245134973
0.495585065435,3.89215570339,1.13741250755,0.590190205638,0.0559179996596,3.42193854696,3.42193854696
0.496351039261,3.89258716035,1.13839429003,0.590238345797,0.0562927087423,3.41936637811,3.41936637811
0.497117013087,3.8930227146,1.13937962577,0.590286937701,0.0566684491967,3.41679158249,3.41679158249
0.497882986913,3.89346213814,1.14036795674,0.590335955769,0.0570450055445,3.41421566183,3.41421566183
0.498648960739,3.89390503273,1.14135835804,0.590385355437,0.0574220234597,3.41164105496,3.41164105496
0.499414934565,3.89435251417,1.14235328275,0.590435261007,0.0578004340533,3.40906142868,3.40906142868
0.500180908391,3.89480305643,1.1433493045,0.590485502145,0.058178931917,3.40648570049,3.40648570049
0.500946882217,3.8952584519,1.14435034827,0.590536278571,0.0585590061235,3.40390375884,3.40390375884
0.501712856043,3.89571717791,1.14535302523,0.590587420349,0.0589393672701,3.40132438827,3.40132438827
0.502478829869,3.89618011641,1.14635923434,0.590639025659,0.0593207337258,3.39874273238,3.39874273238
0.503244803695,3.89664711966,1.14736861292,0.590691077868,0.0597029652764,3.39615976573,3.39615976573
0.504010777521,3.89711767438,1.1483800229,0.590743519614,0.0600856289483,3.39357842933,3.39357842933
0.504776751347,3.89759304931,1.14939614996,0.590796492127,0.0604697380779,3.39099191297,3.39099191297
0.505542725173,3.89807159057,1.15041342517,0.59084981095,0.0608539412277,3.38840933639,3.38840933639
0.506308698999,3.89855513611,1.15143571964,0.590903680698,0.0612396979364,3.38582091003,3.38582091003
0.507074672825,3.89904217934,1.15245980719,0.590957933356,0.0616257880136,3.38323484691,3.38323484691
0.507840646651,3.89953355101,1.15348740617,0.591012661298,0.0620128572344,3.38064683685,3.38064683685
0.508606620477,3.90002919293,1.1545183541,0.591067857868,0.06240084156,3.37805733367,3.37805733367
0.509372594303,3.90052846663,1.15555129466,0.591123451794,0.0627892284768,3.37546977331,3.37546977331
0.510138568129,3.90103280493,1.15658915152,0.591179602437,0.0631791144281,3.37287687663,3.37287687663
0.510904541955,3.90154041933,1.15762821016,0.591236110495,0.0635691015314,3.3702879604,3.3702879604
0.511670515781,3.90205319068,1.158672286,0.591293185167,0.0639606193039,3.36769355567,3.36769355567
0.512436489607,3.9025696364,1.15971831991,0.591350661237,0.0643525177057,3.36510130901,3.36510130901
0.513202463433,3.90309052727,1.16076784502,0.591408624311,0.0647453689994,3.36250745057,3.36250745057
0.513968437259,3.90361590439,1.16182090399,0.591467078767,0.0651391862287,3.35991192014,3.35991192014
0.514734411085,3.90414499356,1.16287591706,0.591525938281,0.0655333764548,3.35731864105,3.35731864105
0.515500384911,3.90467940318,1.16393605139,0.591585381582,0.0659291200987,3.35471987358,3.35471987358
0.516266358737,3.90521720314,1.16499744374,0.591645193783,0.0663249724271,3.35212512621,3.35212512621
0.517032332564,3.90576031445,1.16606385206,0.591705588336,0.0667223324443,3.34952524903,3.34952524903
0.51779830639,3.90630728673,1.16713238873,0.591766403745,0.0671201211988,3.34692732757,3.34692732757
0.518564280216,3.90685882174,1.16820439695,0.591827717842,0.067518836526,3.3443281261,3.3443281261
0.519330254042,3.90741506994,1.16928012954,0.591889547137,0.0679185694517,3.34172707738,3.34172707738
0.520096227868,3.90797511046,1.17035777803,0.591951789073,0.0683186457379,3.33912858429,3.33912858429
0.520862201694,3.90854073922,1.17144075869,0.592014643023,0.0687203306402,3.33652445523,3.33652445523
0.52162817552,3.9091098773,1.17252505638,0.592077877757,0.0691221321806,3.33392438484,3.33392438484
0.522394149346,3.90968448293,1.1736143697,0.59214171063,0.0695254183552,3.33131954063,3.33131954063
0.523160123172,3.91026314651,1.17470598715,0.592205984821,0.0699291822371,3.32871645269,3.32871645269
0.523926096998,3.91084649137,1.17580105716,0.59227076935,0.0703338463249,3.32611241295,3.32611241295
0.524692070824,3.91143478772,1.17690004788,0.592336093992,0.0707395805182,3.32350635448,3.32350635448
0.52545804465,3.9120269568,1.17800091672,0.592401838741,0.0711456284176,3.32090315151,3.32090315151
0.526224018476,3.9126249943,1.17910733478,0.592468224923,0.0715533409551,3.31829416958,3.31829416958
0.526989992302,3.9132266651,1.1802151318,0.592535004188,0.0719611785264,3.3156892838,3.3156892838
0.527755966128,3.91383396159,1.18132794513,0.592602397434,0.0723704776208,3.31307997727,3.31307997727
0.528521939954,3.91444552384,1.18244324407,0.592670253498,0.07278030427,3.31047223067,3.31047223067
0.52928791378,3.915061887,1.18356197734,0.59273863152,0.0731910047327,3.3078638567,3.3078638567
0.530053887606,3.91568345181,1.18468483369,0.592807575703,0.0736028286637,3.30525329645,3.30525329645
0.530819861432,3.91630896997,1.18580953091,0.592876947345,0.074014936654,3.30264588694,3.30264588694
0.531585835258,3.91694064962,1.18694000076,0.592946991068,0.0744287661361,3.30003256028,3.30003256028
0.532351809084,3.91757609186,1.18807191461,0.593017440611,0.0748427295126,3.2974233661,3.2974233661
0.53311778291,3.91821731997,1.18920884653,0.593088520032,0.0752581312644,3.29481010118,3.29481010118
0.533883756736,3.91886303298,1.19034845148,0.593160084846,0.0756741113112,3.29219820306,3.29219820306
0.534649730562,3.91951366774,1.19149147343,0.593232183214,0.0760909387887,3.28958599801,3.28958599801
0.535415704388,3.92016976671,1.19263882714,0.593304874966,0.0765089439826,3.28697144307,3.28697144307
0.536181678214,3.92082990002,1.19378798518,0.593378001422,0.0769272036435,3.28436032921,3.28436032921
0.53694765204,3.92149650171,1.19494314658,0.593451831921,0.0773472427605,3.28174316322,3.28174316322
0.537713625866,3.92216700089,1.19609982026,0.593526081433,0.0777674251214,3.27913016493,3.27913016493
0.538479599692,3.92284344916,1.19726151642,0.593600976873,0.0781890231984,3.27651343952,3.27651343952
0.539245573518,3.9235246136,1.1984260797,0.593676381431,0.0786112514108,3.27389788997,3.27389788997
0.540011547344,3.92421082266,1.19959404477,0.593752331189,0.0790343010952,3.27128234735,3.27128234735
0.54077752117,3.92490277243,1.20076655856,0.593828902885,0.07945858427,3.26866429153,3.26866429153
0.541543494996,3.92559883811,1.20194084101,0.593905916432,0.0798830924134,3.266049962,3.266049962
0.542309468822,3.92630169458,1.20312136689,0.593983667464,0.0803094397353,3.26342944497,3.26342944497
0.543075442648,3.92700858942,1.20430347683,0.594061851189,0.080735940166,3.26081312972,3.26081312972
0.543841416474,3.92772159964,1.20549061599,0.594140697031,0.0811638340098,3.25819342559,3.25819342559
0.5446073903,3.92843957006,1.20668082334,0.594220076918,0.081592410948,3.2555747088,3.2555747088
0.545373364126,3.92916270961,1.20787441849,0.594300013648,0.0820217834654,3.25295630858,3.25295630858
0.546139337952,3.92989188022,1.20907278652,0.594380602164,0.0824524462969,3.25033523542,3.25033523542
0.546905311778,3.93062524893,1.21027288834,0.594461639577,0.0828833046451,3.24771816902,3.24771816902
0.547671285604,3.93136574569,1.21147948101,0.594543449301,0.0833160628327,3.24509478477,3.24509478477
0.54843725943,3.93211042805,1.2126877332,0.59462570591,0.0837489845372,3.24247563524,3.24247563524
0.549203233256,3.93286139478,1.21390102281,0.594708640906,0.0841832773503,3.23985343192,3.23985343192
0.549969207082,3.93361757885,1.21511758855,0.594792136095,0.0846183072236,3.23723203081,3.23723203081
0.550735180908,3.93437905833,1.2163375293,0.594876199765,0.0850541068212,3.23461125186,3.23461125186
0.551501154734,3.93514687349,1.21756247433,0.594960946391,0.0854912545363,3.23198764453,3.23198764453
0.55226712856,3.93591897853,1.21878913314,0.595046149836,0.0859285733514,3.2293682898,3.2293682898
0.553033102386,3.93669854679,1.22002251005,0.595132159906,0.0863678437068,3.22674255136,3.22674255136
0.553799076212,3.93748246341,1.22125763971,0.59521863256,0.0868072935134,3.22412104978,3.22412104978
0.554565050038,3.93827283625,1.22249781663,0.595305799962,0.0872480921496,3.22149682616,3.22149682616
0.555331023865,3.93906869734,1.22374148475,0.595393554969,0.0876896828376,3.21887322318,3.21887322318
0.556096997691,3.93986998204,1.22498851645,0.595481890096,0.0881320174648,3.21625054367,3.21625054367
0.556862971517,3.94067792196,1.22624079138,0.595570940719,0.0885757590071,3.21362488483,3.21362488483
0.557628945343,3.94149031069,1.22749486228,0.59566046328,0.0890196830444,3.21100350952,3.21100350952
0.558394919169,3.94231038164,1.22875568423,0.595750813685,0.0894655398939,3.20837610945,3.20837610945
0.559160892995,3.943135037,1.23001845741,0.59584165022,0.0899116284251,3.20575273748,3.20575273748
0.559926866821,3.94396632355,1.23128628944,0.595933197963,0.090359043562,3.20312697168,3.20312697168
0.560692840647,3.9448033836,1.2325578352,0.596025362034,0.090807306787,3.20050164865,3.20050164865
0.561458814473,3.94564599765,1.23383273465,0.596118117874,0.0912562882701,3.19787754599,3.19787754599
0.562224788299,3.94649560204,1.23511312409,0.596211623166,0.0917067364753,3.19525031763,3.19525031763
0.562990762125,3.9473498216,1.23639539599,0.596305616099,0.0921573791948,3.19262740254,3.19262740254
0.563756735951,3.94821194673,1.2376844541,0.59640045829,0.0926099360338,3.18999881888,3.18999881888
0.564522709777,3.94907890611,1.23897566929,0.596495811413,0.0930627778865,3.18737405746,3.18737405746
0.565288683603,3.94995267503,1.24027195687,0.596591892311,0.0935169242074,3.18474722674,3.18474722674
0.566054657429,3.95083251776,1.24157218847,0.59668861962,0.0939719757174,3.18212066479,3.18212066479
0.566820631255,3.95171804729,1.2428757656,0.59678595037,0.0944277199455,3.17949561545,3.17949561545
0.567586605081,3.95261091852,1.24418508761,0.596884065986,0.0948849917271,3.17686729884,3.17686729884
0.568352578907,3.95350857922,1.24549638313,0.596982685565,0.0953424706995,3.17424332401,3.17424332401
0.569118552733,3.95441437342,1.24681450242,0.59708217602,0.0958018451639,3.1716140338,3.1716140338
0.569884526559,3.95532526622,1.24813499231,0.597182203514,0.0962615590996,3.16898836312,3.16898836312
0.570650500385,3.95624315057,1.24946057031,0.59728297547,0.0967225554873,3.16636094374,3.16636094374
0.571416474211,3.95716742476,1.2507903307,0.597384425325,0.0971845152493,3.16373362314,3.16373362314
0.572182448037,3.95809752126,1.2521234304,0.597486490331,0.0976471423712,3.16110810258,3.16110810258
0.572948421863,3.95903532781,1.25346253831,0.597589377125,0.0981113589173,3.15847917812,3.15847917812
0.573714395689,3.95997810652,1.25480371562,0.597692784854,0.0985757960236,3.1558546227,3.1558546227
0.574480369515,3.96092925159,1.25615175686,0.597797085293,0.0990421100911,3.15322510194,3.15322510194
0.575246343341,3.96188577483,1.25750239027,0.597901950234,0.0995088192382,3.15059900124,3.15059900124
0.576012317167,3.96284947559,1.25885812988,0.598007576457,0.09997678898,3.14797146836,3.14797146836
0.576778290993,3.96381989868,1.26021829868,0.598113913526,0.100445781386,3.14534386848,3.14534386848
0.577544264819,3.96479628264,1.2615818027,0.598220877506,0.100915416019,3.142718351,3.142718351
0.578310238645,3.9657807627,1.26295158709,0.598328701755,0.101386703001,3.14008929813,3.14008929813
0.579076212471,3.96677040658,1.2643235419,0.598437064593,0.101858224644,3.13746464027,3.13746464027
0.579842186297,3.96776865492,1.26570240363,0.598546342206,0.102331604848,3.13483536378,3.13483536378
0.580608160123,3.96877257698,1.26708408748,0.598656213194,0.102805436917,3.13220931128,3.13220931128
0.581374133949,3.96978386685,1.26847089826,0.598766862433,0.103280507922,3.12958213886,3.12958213886
0.582140107775,3.97080222878,1.26986239377,0.598878256973,0.103756662008,3.12695473798,3.12695473798
0.582906081601,3.97182669351,1.27125722287,0.598990290253,0.104233433459,3.12432969666,3.12432969666
0.583672055427,3.9728596589,1.27265861365,0.599103223893,0.104711921255,3.12170099373,3.12170099373
0.584438029253,3.9738979893,1.2740622813,0.599216714497,0.105190658582,3.11907671049,3.11907671049
0.585204003079,3.9749451679,1.27547290194,0.599331142189,0.105671236239,3.11644815179,3.11644815179
0.585969976905,3.97599833254,1.27688658343,0.59944619359,0.10615232375,3.1138226246,3.1138226246
0.586735950731,3.97705905997,1.27830541545,0.599562040378,0.106634628783,3.11119628525,3.11119628525
0.587501924557,3.97812722727,1.27972919693,0.599678668486,0.107118078459,3.10856956051,3.10856956051
0.588267898383,3.97920164307,1.28115631304,0.599795947252,0.107602120961,3.10594546705,3.10594546705
0.589033872209,3.98028498343,1.28259028166,0.599914168129,0.108087944892,3.10331759124,3.10331759124
0.589799846035,3.98137390011,1.28402663941,0.600032965107,0.108574034035,3.10069415845,3.10069415845
0.590565819861,3.98247191479,1.28546999957,0.60015272175,0.109061945487,3.09806678969,3.09806678969
0.591331793687,3.98357624544,1.28691666849,0.600273133955,0.109550426013,3.09544226366,3.09544226366
0.592097767513,3.98468833901,1.2883685147,0.600394358872,0.110040102938,3.09281722858,3.09281722858
0.592863741339,3.98580825915,1.28982558464,0.600516402744,0.110530987238,3.09019165584,3.09019165584
0.593629715166,3.98693457771,1.29128599325,0.600639109308,0.111022440203,3.08756898049,3.08756898049
0.594395688992,3.98807026494,1.29275355515,0.600762801447,0.111515740781,3.08494240767,3.08494240767
0.595161662818,3.98921175062,1.29422362459,0.600887089627,0.112009323112,3.08232029986,3.08232029986
0.595927636644,3.9903625906,1.29570074949,0.601012360334,0.112504709982,3.07969459165,3.07969459165
0.59669361047,3.99152009499,1.29718144067,0.601138320034,0.113000726409,3.0770715413,3.0770715413
0.597459584296,3.99268556802,1.29866733938,0.601265109982,0.113497918453,3.07444828013,3.07444828013
0.598225558122,3.99385927414,1.30015874608,0.601392758196,0.113996381796,3.07182433391,3.07182433391
0.598991531948,3.99503953338,1.3016534989,0.601521081283,0.114495390112,3.06920354516,3.06920354516
0.599757505774,3.99622962703,1.30315571674,0.601650435231,0.11499631355,3.06657874855,3.06657874855
0.6005234796,3.99742575276,1.3046605671,0.60178040601,0.115497536188,3.06395843759,3.06395843759
0.601289453426,3.99863149757,1.30617253175,0.601911382642,0.116000546495,3.06133485459,3.06133485459
0.602055427252,3.99984427508,1.30768833072,0.60204308338,0.116504248288,3.05871374784,3.05871374784
0.602821401078,4.00106523449,1.30920937304,0.602175632296,0.117009105897,3.05609272045,3.05609272045
0.603587374904,4.00229485606,1.31073622018,0.602309080712,0.117515300654,3.05347086199,3.05347086199
0.60435334873,4.00353119106,1.31226642502,0.602443216396,0.118022017332,3.05085241438,3.05085241438
0.605119322556,4.00477785139,1.31380442112,0.602578430385,0.118530718991,3.04822984838,3.04822984838
0.605885296382,4.00603078982,1.31534518172,0.6027142829,0.119039738257,3.04561178731,3.04561178731
0.606651270208,4.0072936214,1.31689312173,0.602851165114,0.119550529309,3.04299077523,3.04299077523
0.607417244034,4.00856387512,1.31844517539,0.602988808325,0.120062075334,3.04037206093,3.04037206093
0.60818321786,4.00984253114,1.32000251274,0.603127317957,0.120574757925,3.03775371064,3.03775371064
0.608949191686,4.01113030101,1.3215659635,0.603266770207,0.121088845009,3.03513438737,3.03513438737
0.609715165512,4.01242495046,1.32313278748,0.603406922321,0.121603431472,3.03251872255,3.03251872255
0.610481139338,4.01373043991,1.32470774072,0.603548202135,0.122120074053,3.02989883468,3.02989883468
0.611247113164,4.01504246672,1.32628559793,0.60369014313,0.122637053668,3.02728346971,3.02728346971
0.61201308699,4.01636466917,1.32787070437,0.603833138056,0.123155789556,3.02466547078,3.02466547078
0.612779060816,4.0176947051,1.32946021514,0.603976932679,0.123675345349,3.02204959528,3.02204959528
0.613545034642,4.01903337115,1.33105505448,0.604121612274,0.124196018933,3.01943436345,3.01943436345
0.614311008468,4.02038162615,1.33265632763,0.604267279519,0.124718165724,3.01681802187,3.01681802187
0.615076982294,4.02173693333,1.33426099386,0.604413659463,0.125240789932,3.01420558033,3.01420558033
0.61584295612,4.02310362007,1.33587413961,0.604561218514,0.125765542685,3.01158881722,3.01158881722
0.616608929946,4.02447711757,1.33749033678,0.604709462417,0.126290652975,3.00897659363,3.00897659363
0.617374903772,4.0258610823,1.33911385813,0.604858784901,0.126817504462,3.00636204894,3.00636204894
0.618140877598,4.02725331491,1.34074208642,0.605008947663,0.127345242267,3.00374945765,3.00374945765
0.618906851424,4.0286544136,1.34237569312,0.605160014297,0.127874079629,3.00113778449,3.00113778449
0.61967282525,4.03006560093,1.3440160664,0.605312115592,0.128404460314,2.99852487012,2.99852487012
0.620438799076,4.0314840202,1.34565985746,0.605464942704,0.128935297111,2.99591609118,2.99591609118
0.621204772902,4.03291438471,1.34731249109,0.605619002408,0.129468336196,2.99330289846,2.99330289846
0.621970746728,4.03435184851,1.34896833214,0.605773771715,0.130001754462,2.99069426048,2.99069426048
0.622736720554,4.03580008093,1.35063157788,0.605929644706,0.130536899345,2.98808360994,2.98808360994
0.62350269438,4.03725703999,1.35229984571,0.606086400512,0.131072998482,2.98547474719,2.98547474719
0.624268668206,4.03872310997,1.35397354723,0.60624407948,0.131610179561,2.98286707168,2.98286707168
0.625034642032,4.04019979412,1.35565436108,0.606402842174,0.132148975513,2.98025802896,2.98025802896
0.625800615858,4.04168389798,1.35733862274,0.606562344129,0.132688207012,2.97765335066,2.97765335066
0.626566589684,4.04318054009,1.35903210344,0.606723134313,0.133229715882,2.97504417287,2.97504417287
0.62733256351,4.04468458624,1.36072895667,0.606884659991,0.133771626786,2.97243956367,2.97243956367
0.628098537336,4.04619971308,1.36243330118,0.607047314952,0.134315250298,2.96983324583,2.96983324583
0.628864511162,4.04772405093,1.36414299609,0.607210897299,0.134859897563,2.96722855486,2.96722855486
0.629630484988,4.04925775431,1.36585818597,0.607375422535,0.135405609853,2.96462531461,2.96462531461
0.630396458814,4.05080262456,1.36758084753,0.607541082692,0.135953010031,2.96202058685,2.96202058685
0.63116243264,4.05235511941,1.36930700195,0.607707496817,0.136500828928,2.95942043211,2.95942043211
0.631928406467,4.05392075778,1.37104274767,0.607875255261,0.137050995844,2.95681572634,2.95681572634
0.632694380293,4.05549413051,1.37278204988,0.608043777186,0.137601591828,2.95421558787,2.95421558787
0.633460354119,4.05707890758,1.37452893662,0.608213454536,0.138153887056,2.9516140399,2.9516140399
0.634226327945,4.05867340708,1.37628151592,0.608384105959,0.138707277146,2.94901396271,2.94901396271
0.634992301771,4.06027753742,1.37803965802,0.608555720487,0.139261716128,2.94641559392,2.94641559392
0.635758275597,4.06189341596,1.37980564544,0.608728523335,0.139817917518,2.94381562315,2.94381562315
0.636524249423,4.06351725408,1.38157530781,0.608902108148,0.140374562705,2.94122023687,2.94122023687
0.637290223249,4.06515463064,1.3833546874,0.609077069968,0.140933546003,2.93862063552,2.93862063552
0.638056197075,4.06680021073,1.38513794842,0.609252837389,0.141493027735,2.93602540843,2.93602540843
0.638822170901,4.0684575314,1.38692889443,0.609429786972,0.142054196078,2.93342906601,2.93342906601
0.639588144727,4.07012511445,1.38872588974,0.609607759515,0.142616532044,2.93083404329,2.93083404329
0.640354118553,4.07180260543,1.39052852289,0.609786715927,0.143179901654,2.92824098062,2.92824098062
0.641120092379,4.07349245602,1.39233939001,0.609966916347,0.143745109731,2.92564620756,2.92564620756
0.641886066205,4.07519062075,1.39415412511,0.61014792807,0.144310788099,2.92305602899,2.92305602899
0.642652040031,4.07690273332,1.39597871129,0.610330350185,0.144878795336,2.92046196718,2.92046196718
0.643418013857,4.07862354716,1.39780751874,0.610513622224,0.145447372193,2.91787209075,2.91787209075
0.644183987683,4.0803564515,1.39964411955,0.610698103814,0.146017623849,2.91528138795,2.91528138795
0.644949961509,4.08210018832,1.40148714178,0.610883659542,0.146589117593,2.91269185898,2.91269185898
0.645715935335,4.08385412306,1.40333588477,0.611070220516,0.147161630716,2.91010453548,2.91010453548
0.646481909161,4.08562106057,1.40519326618,0.611258083556,0.147736059945,2.90751539941,2.90751539941
0.647247882987,4.08739668776,1.40705472032,0.611446788664,0.148310987465,2.90493086638,2.90493086638
0.648013856813,4.08918668787,1.40892616801,0.611636938302,0.148888235363,2.90234277758,2.90234277758
0.648779830639,4.09098591722,1.41080219257,0.611827984489,0.149466125947,2.8997586896,2.8997586896
0.649545804465,4.09279760191,1.41268612751,0.612020268333,0.150045680438,2.89717405885,2.89717405885
0.650311778291,4.09462072105,1.41457687214,0.612213679873,0.150626553236,2.89459046142,2.89459046142
0.651077752117,4.09645434231,1.41647342917,0.612408118723,0.151208432246,2.89200930843,2.89200930843
0.651843725943,4.09830164292,1.41837904567,0.612603920155,0.15179230662,2.88942624712,2.88942624712
0.652609699769,4.10015803132,1.42028895223,0.612800595941,0.152376708886,2.88684779591,2.88684779591
0.653375673595,4.1020292354,1.42220900492,0.612998751285,0.15296342411,2.88426611083,2.88426611083
0.654141647421,4.10391022885,1.42413400682,0.613197852216,0.153550857056,2.88168824648,2.88168824648
0.654907621247,4.10580406037,1.42606704717,0.613398219868,0.154139944541,2.87911011514,2.87911011514
0.655673595073,4.10770996323,1.42800730387,0.613599771387,0.154730428743,2.87653288054,2.87653288054
0.656439568899,4.10962668921,1.42995347527,0.61380237317,0.155321907562,2.87395832121,2.87395832121
0.657205542725,4.11155781041,1.4319091487,0.61400640102,0.155915463873,2.8713817592,2.8713817592
0.657971516551,4.11349844182,1.43386934306,0.614211337132,0.156509579383,2.86880981292,2.86880981292
0.658737490377,4.11545435521,1.43583985141,0.614417789261,0.157106002909,2.86623494339,2.86623494339
0.659503464203,4.11742065297,1.43781569972,0.614625238611,0.157703221426,2.86366371836,2.86366371836
0.660269438029,4.11940019149,1.43979972694,0.614833984846,0.158302086864,2.86109249391,2.86109249391
0.661035411855,4.12139247606,1.44179139723,0.61504397392,0.15890242988,2.85852203306,2.85852203306
0.661801385681,4.12339592229,1.44378909522,0.615255037108,0.15950375731,2.85595447144,2.85595447144
0.662567359507,4.12541451889,1.44579675799,0.615467592698,0.160107246563,2.85338481782,2.85338481782
0.663333333333,4.12744307446,1.44780918717,0.615681092203,0.160711328146,2.85081978415,2.85081978415
0.664099307159,4.12948739878,1.44983210951,0.615896145193,0.161317713866,2.84825213326,2.84825213326
0.664865280985,4.1315427392,1.45186078171,0.616112249723,0.161924974054,2.84568795524,2.84568795524
0.665631254811,4.13361174272,1.45389778452,0.616329682279,0.162533874764,2.84312403989,2.84312403989
0.666397228637,4.13569420556,1.45594287678,0.616548419412,0.163144335976,2.84056076067,2.84056076067
0.667163202463,4.13778818758,1.45799412108,0.616768255465,0.163755772825,2.83800059805,2.83800059805
0.667929176289,4.13989811552,1.4600558131,0.616989653098,0.164369457743,2.8354382609,2.8354382609
0.668695150115,4.14201847955,1.46212253274,0.617212032159,0.164983770064,2.83288054647,2.83288054647
0.669461123941,4.14415512123,1.46419993688,0.617436003261,0.165600383794,2.83032051625,2.83032051625
0.670227097768,4.1463034498,1.46628352108,0.617661083034,0.166217953753,2.82776379206,2.82776379206
0.670993071594,4.14846588529,1.46837559991,0.617887523042,0.166837159193,2.8252075869,2.8252075869
0.67175904542,4.15064253431,1.47047623539,0.618115332256,0.167458010196,2.82265189631,2.82265189631
0.672525019246,4.1528310809,1.47258315973,0.618344266259,0.168079829635,2.82009953288,2.82009953288
0.673290993072,4.15503641174,1.47470103606,0.61857483398,0.168703985366,2.81754491936,2.81754491936
0.674056966898,4.15725268642,1.47682421815,0.618806422626,0.169328805649,2.81499492989,2.81499492989
0.674822940724,4.15948577171,1.47895828937,0.619039643052,0.16995592589,2.81244292121,2.81244292121
0.67558891455,4.16173125627,1.48109899244,0.619274032222,0.170584086499,2.80989405672,2.80989405672
0.676354888376,4.16399131507,1.48324836763,0.619509815022,0.171213879054,2.8073459617,2.8073459617
0.677120862202,4.16626638509,1.48540678878,0.619747034665,0.171845404447,2.80479826575,2.80479826575
0.677886836028,4.16855375409,1.48757164931,0.619985406158,0.17247789282,2.80225410052,2.80225410052
0.678652809854,4.17085879101,1.48974798868,0.62022548658,0.173112807753,2.7997076168,2.7997076168
0.67941878368,4.17317531261,1.49192993021,0.620466629548,0.173748426597,2.79716575699,2.79716575699
0.680184757506,4.17550920397,1.49412298003,0.620709445326,0.174386345372,2.79462216951,2.79462216951
0.680950731332,4.17785625131,1.49632313642,0.620953493007,0.175025391129,2.79208156956,2.79208156956
0.681716705158,4.18021836597,1.4985321572,0.621198969014,0.175666066965,2.78954198339,2.78954198339
0.682482678984,4.18259633576,1.50075073668,0.621445952649,0.176308565213,2.78700268707,2.78700268707
0.68324865281,4.18498703134,1.50297592118,0.621694116517,0.176952022914,2.78446711778,2.78446711778
0.684014626636,4.1873963266,1.5052131353,0.621944067724,0.177597999552,2.78192916896,2.78192916896
0.684780600462,4.18981768314,1.50745626771,0.62219512537,0.178244721828,2.77939584245,2.77939584245
0.685546574288,4.19225699718,1.5097107434,0.622447898269,0.178893745586,2.77686107455,2.77686107455
0.686312548114,4.19471027117,1.51197282482,0.622701969461,0.17954398552,2.7743291429,2.7743291429
0.68707852194,4.19717913386,1.51424397911,0.622957505115,0.180195855512,2.77179846297,2.77179846297
0.687844495766,4.19966474476,1.51652522979,0.623214622466,0.180849639881,2.76926797013,2.76926797013
0.688610469592,4.2021635363,1.51881326771,0.62347294991,0.181504382298,2.76674139319,2.76674139319
0.689376443418,4.20468191035,1.52111391144,0.623733146434,0.182161738219,2.76421238326,2.76421238326
0.690142417244,4.20721296099,1.52342081089,0.623994495721,0.182819884034,2.76168799253,2.76168799253
0.69090839107,4.20976258811,1.52573930597,0.624257604249,0.183480334634,2.75916244121,2.75916244121
0.691674364896,4.21232702962,1.52806593198,0.624522080853,0.184142093296,2.75663958044,2.75663958044
0.692440338722,4.21490761227,1.53040185714,0.624788059643,0.184805484034,2.75411820275,2.75411820275
0.693206312548,4.21750588859,1.53274844288,0.625055697635,0.185470883601,2.7515969161,2.7515969161
0.693972286374,4.2201178314,1.53510201641,0.625324577221,0.186137242154,2.74907972648,2.74907972648
0.6947382602,4.2227503938,1.53746879889,0.625595411096,0.186806311045,2.74656005822,2.74656005822
0.695504234026,4.22539629011,1.53984219761,0.625867446667,0.187476216798,2.74404500453,2.74404500453
0.696270207852,4.228061416,1.54222746328,0.626141287158,0.188148432576,2.74152906537,2.74152906537
0.697036181678,4.23074226469,1.5446214129,0.626416569072,0.188822051117,2.73901567682,2.73901567682
0.697802155504,4.2334398411,1.54702490748,0.626693392651,0.189497306003,2.73650399592,2.73650399592
0.69856812933,4.23615611255,1.54943965513,0.626971956527,0.190174666761,2.73399231685,2.73399231685
0.699334103156,4.23888657063,1.5518616113,0.627251795335,0.190852990035,2.73148490804,2.73148490804
0.700100076982,4.24163874426,1.55429740926,0.627533677368,0.191534123115,2.72897498187,2.72897498187
0.700866050808,4.24440495465,1.55674020895,0.627816812831,0.192216142926,2.72646966414,2.72646966414
0.701632024634,4.24719108819,1.55919517042,0.628101801061,0.192900480892,2.72396372742,2.72396372742
0.70239799846,4.249993912,1.56165939971,0.628388307936,0.193586319582,2.72146020623,2.72146020623
0.703163972286,4.2528140906,1.56413344376,0.628676398188,0.194273802058,2.71895860777,2.71895860777
0.703929946112,4.25565403031,1.56661936791,0.62896631411,0.194963491366,2.71645692469,2.71645692469
0.704695919938,4.258508715,1.56911274376,0.629257540363,0.1956541496,2.71395967685,2.71395967685
0.705461893764,4.26138628176,1.5716206326,0.629550903465,0.196347721697,2.71145987356,2.71145987356
0.70622786759,4.26427863788,1.5741359359,0.629845574757,0.197042233525,2.70896467112,2.70896467112
0.706993841416,4.26719165617,1.57666372229,0.630142149151,0.197739074985,2.70646910679,2.70646910679
0.707759815242,4.2701223966,1.57920139424,0.630440323598,0.198437518755,2.70397582738,2.70397582738
0.708525789069,4.2730711614,1.58174917514,0.630740125381,0.199137616652,2.7014846782,2.7014846782
0.709291762895,4.27604081999,1.58430949761,0.631041842424,0.199840025721,2.69899336364,2.69899336364
0.710057736721,4.27902582575,1.58687754094,0.631344907645,0.20054341362,2.69650663983,2.69650663983
0.710823710547,4.28203494378,1.589460799,0.631650207057,0.201249821344,2.69401733372,2.69401733372
0.711589684373,4.28505965995,1.59205191555,0.631956872888,0.201957225632,2.6915326178,2.6915326178
0.712355658199,4.28810582285,1.59465586171,0.632265494435,0.202666973609,2.68904779132,2.68904779132
0.713121632025,4.29117080733,1.59727034607,0.632575801692,0.203378428893,2.68656512524,2.68656512524
0.713887605851,4.29425453166,1.59989525952,0.632887782629,0.204091551592,2.68408479,2.68408479
0.714653579677,4.29736035231,1.60253341149,0.633201772687,0.204807092964,2.68160421586,2.68160421586
0.715419553503,4.30048236812,1.60517974916,0.633517171408,0.205523672066,2.67912822248,2.67912822248
0.716185527329,4.30362939963,1.60784170172,0.633834865673,0.206243288534,2.67664994323,2.67664994323
0.716951501155,4.30679309653,1.61051215787,0.63415400824,0.206964007686,2.67417608461,2.67417608461
0.717717474981,4.30997907484,1.61319581781,0.634475161645,0.207687087434,2.67170236078,2.67170236078
0.718483448807,4.31318504681,1.61589070607,0.634798090904,0.208411983076,2.66923067915,2.66923067915
0.719249422633,4.31641052483,1.61859637224,0.63512274282,0.209138562673,2.66676152181,2.66676152181
0.720015396459,4.31965937662,1.62131601194,0.635449502212,0.209867671767,2.66429205955,2.66429205955
0.720781370285,4.32292533444,1.62404433643,0.635777734464,0.210597881312,2.66182716657,2.66182716657
0.721547344111,4.32621726577,1.62678870545,0.636108326235,0.211331148501,2.65936027911,2.65936027911
0.722313317937,4.32952700563,1.62954226285,0.63644045292,0.212065628552,2.6568976481,2.6568976481
0.723079291763,4.33285991673,1.63230942874,0.636774648329,0.212802489257,2.654435391,2.654435391
0.723845265589,4.33621407178,1.6350885534,0.637110714466,0.213541278226,2.65197506445,2.65197506445
0.724611239415,4.3395885552,1.63787883641,0.637448555163,0.214281771279,2.64951744826,2.64951744826
0.725377213241,4.34298777035,1.64068386885,0.637788606411,0.215024908145,2.64705946881,2.64705946881
0.726143187067,4.34640507108,1.64349812258,0.638130198731,0.21576921231,2.6446060457,2.6446060457
0.726909160893,4.3498493629,1.64632888285,0.638474217416,0.216516597425,2.64215091421,2.64215091421
0.727675134719,4.35331268837,1.64916955917,0.638819862644,0.217265309874,2.63969988057,2.63969988057
0.728441108545,4.35680013575,1.65202428231,0.639167637528,0.218016426516,2.63724945354,2.63724945354
0.729207082371,4.36031016176,1.65489173811,0.639517383018,0.218769587793,2.63480085213,2.63480085213
0.729973056197,4.36384140057,1.6577707677,0.639868958206,0.219524477237,2.63235513955,2.63235513955
0.730739030023,4.36739881572,1.66066536662,0.640222851999,0.220282128496,2.62990901328,2.62990901328
0.731505003849,4.3709753712,1.66356976421,0.640578359411,0.221041018355,2.62746742892,2.62746742892
0.732270977675,4.37458000107,1.66649116599,0.640936363193,0.221803015824,2.62502441677,2.62502441677
0.733036951501,4.37820497845,1.66942325785,0.641296090472,0.222566459653,2.62258534968,2.62258534968
0.733802925327,4.38185509565,1.67236987198,0.6416580117,0.223332335061,2.62014711522,2.62014711522
0.734568899153,4.38552921727,1.6753300396,0.64202200871,0.224100375706,2.61771060842,2.61771060842
0.735334872979,4.38922550504,1.67830223517,0.642387894146,0.224870172968,2.61527716109,2.61527716109
0.736100846805,4.39294950719,1.6812908674,0.642756211489,0.225642853939,2.61284325774,2.61284325774
0.736866820631,4.3966937868,1.68428992039,0.643126219695,0.226416849628,2.61041388039,2.61041388039
0.737632794457,4.40046729658,1.68730651459,0.643498797748,0.227193983302,2.60798335011,2.60798335011
0.738398768283,4.40426256394,1.69033462307,0.643873201915,0.227972687198,2.6055566181,2.6055566181
0.739164742109,4.40808406352,1.69337777042,0.644249868053,0.228753854334,2.60313093777,2.60313093777
0.739930715935,4.41193109203,1.69643534294,0.64462872077,0.229537311822,2.60070689424,2.60070689424
0.740696689761,4.4158013172,1.69950544098,0.645009524688,0.230322559317,2.59828607237,2.59828607237
0.741462663587,4.41970089819,1.70259289624,0.645392879607,0.231110817046,2.59586475895,2.59586475895
0.742228637413,4.42362198428,1.70569144342,0.645778007728,0.231900470829,2.59344795411,2.59344795411
0.742994611239,4.42757354342,1.70880811781,0.646165783693,0.232693298499,2.59103026096,2.59103026096
0.743760585065,4.43154837593,1.71193718612,0.646555494538,0.233487825633,2.58861622486,2.58861622486
0.744526558891,4.43555062235,1.7150818607,0.646947540156,0.234284853709,2.58620344836,2.58620344836
0.745292532717,4.43958003548,1.71824189208,0.647341889732,0.235084303267,2.58379222154,2.58379222154
0.746058506543,4.4436337633,1.72141499595,0.647738257935,0.235885581962,2.58138436912,2.58138436912
0.74682448037,4.44771860818,1.72460644124,0.648137303129,0.236690003817,2.57897599233,2.57897599233
0.747590454196,4.45182628569,1.72780970366,0.648538209428,0.237495908745,2.57657210528,2.57657210528
0.748356428022,4.45596577433,1.7310317323,0.648941846421,0.238305029189,2.57416758526,2.57416758526
0.749122401848,4.46013016794,1.73426709521,0.649347533688,0.239115984169,2.57176658673,2.57176658673
0.749888375674,4.46432325025,1.73751868315,0.649755633223,0.239929483158,2.56936704828,2.56936704828
0.7506543495,4.46854525596,1.74078662118,0.650166160685,0.240745540259,2.5669689792,2.5669689792
0.751420323326,4.47279278929,1.74406823147,0.650578779114,0.241563471406,2.56457442924,2.56457442924
0.752186297152,4.47707332174,1.74736922903,0.650994206951,0.242384683568,2.56217933071,2.56217933071
0.752952270978,4.48137812458,1.75068282852,0.651411589861,0.24320747201,2.55978870164,2.55978870164
0.753718244804,4.48571617581,1.75401588685,0.651831791052,0.244033522634,2.55739768917,2.55739768917
0.75448421863,4.49008088916,1.75736328541,0.652254164923,0.244861548941,2.55501006902,2.55501006902
0.755250192456,4.49447566838,1.76072758387,0.652679033642,0.245692168021,2.55262410242,2.55262410242
0.756016166282,4.49890125621,1.76410929207,0.653106461191,0.246525487525,2.55023953246,2.55023953246
0.756782140108,4.50335369048,1.7675053311,0.65353605751,0.247360732379,2.54785861815,2.54785861815
0.757548113934,4.50784113726,1.77092187027,0.653968602488,0.248199401361,2.54547713986,2.54547713986
0.75831408776,4.51235441393,1.77435186187,0.654403203114,0.249039746565,2.54310010934,2.54310010934
0.759080061586,4.51690248637,1.77780206454,0.65484071485,0.249883406205,2.540722939,2.540722939
0.759846035412,4.52147911534,1.78126768501,0.655280529181,0.250729189192,2.53834903838,2.53834903838
0.760612009238,4.5260873014,1.78475094272,0.655722926586,0.251577620028,2.53597697755,2.53597697755
0.761377983064,4.53072832153,1.78825274221,0.656168021129,0.252428899688,2.53360624849,2.53360624849
0.76214395689,4.53539762528,1.7917695967,0.65661536833,0.253282163075,2.53123930311,2.53123930311
0.762909930716,4.54010409802,1.79530813725,0.657065810715,0.254138999334,2.52887178742,2.52887178742
0.763675904542,4.54483809483,1.79886105335,0.657518416541,0.254997619103,2.52650869636,2.52650869636
0.764441878368,4.54960855738,1.80243499902,0.657974032112,0.255859611768,2.52414570282,2.52414570282
0.765207852194,4.55440962118,1.80602551849,0.65843208825,0.256723882445,2.52178586324,2.52178586324
0.76597382602,4.55924386063,1.8096344822,0.658892821966,0.257590863048,2.51942804223,2.51942804223
0.766739799846,4.56411311296,1.8132631989,0.659356399051,0.258460847412,2.51707149615,2.51707149615
0.767505773672,4.56901221866,1.81690776806,0.659822319468,0.259332881718,2.51471885308,2.51471885308
0.768271747498,4.57395080606,1.82057528902,0.660291489355,0.260208643681,2.51236564269,2.51236564269
0.769037721324,4.57891876109,1.82425818907,0.660762938369,0.261086304471,2.51001683233,2.51001683233
0.76980369515,4.5839249885,1.82796301106,0.661237502208,0.261967403513,2.50766835038,2.50766835038
0.770569668976,4.58896402692,1.83168564893,0.661714653255,0.262850942777,2.50532291367,2.50532291367
0.771335642802,4.59403800198,1.83542761585,0.662194583367,0.263737261814,2.5029796666,2.5029796666
0.772101616628,4.59914933687,1.83919063378,0.66267751158,0.264626746589,2.50063764593,2.50063764593
0.772867590454,4.60429224359,1.84297038368,0.663162881367,0.265518356214,2.49829963864,2.49829963864
0.77363356428,4.60947711572,1.84677443851,0.663651663212,0.266413854784,2.49596107657,2.49596107657
0.774399538106,4.61469336502,1.85059496525,0.664142848525,0.267311376287,2.49362688847,2.49362688847
0.775165511932,4.61994984684,1.85443838937,0.664637260976,0.268212409192,2.49129325263,2.49129325263
0.775931485758,4.62524153133,1.85830096633,0.66513441664,0.269116052731,2.4889625605,2.4889625605
0.776697459584,4.63057007564,1.86218384607,0.66563446088,0.270022554944,2.48663422004,2.48663422004
0.77746343341,4.63593851549,1.86608917317,0.666137667464,0.270932393158,2.48430706428,2.48430706428
0.778229407236,4.64134041348,1.87001220427,0.666643422389,0.271844440884,2.48198402282,2.48198402282
0.778995381062,4.6467869613,1.87396099883,0.667152762073,0.27276054804,2.47966044342,2.47966044342
0.779761354888,4.65226708097,1.87792745756,0.667664639087,0.273678811896,2.47734121052,2.47734121052
0.780527328714,4.65778957788,1.88191789113,0.668179864785,0.274600671055,2.47502274134,2.47502274134
0.78129330254,4.66334987557,1.88592892324,0.668698000341,0.27552532105,2.4727071196,2.4727071196
0.782059276366,4.66894914138,1.88996133361,0.669219143209,0.276452919109,2.47039400137,2.47039400137
0.782825250192,4.67459105268,1.89401770032,0.66974362348,0.277384033334,2.46808203107,2.46808203107
0.783591224018,4.68026849707,1.89809284655,0.670270768341,0.278317452432,2.46577426682,2.46577426682
0.784357197844,4.68599349227,1.90219532734,0.670801681129,0.279255110515,2.46346598844,2.46346598844
0.785123171671,4.6917544613,1.90631677578,0.671335275631,0.280195069724,2.46116202769,2.46116202769
0.785889145497,4.69756014677,1.91046338144,0.671872349441,0.281138717821,2.45885903515,2.45885903515
0.786655119323,4.7034064556,1.91463214862,0.672412510917,0.282085346884,2.45655880112,2.45655880112
0.787421093149,4.70929404351,1.91882347955,0.672955808193,0.28303502404,2.45426121459,2.45426121459
0.788187066975,4.71522725507,1.92304039396,0.673502628833,0.283988406803,2.45196474805,2.45196474805
0.788953040801,4.72119828719,1.92727727974,0.674052240894,0.284944201629,2.44967257012,2.44967257012
0.789719014627,4.72722000311,1.93154319028,0.674605814681,0.285904423633,2.44737991203,2.44737991203
0.790484988453,4.73328032698,1.93582949634,0.675162226179,0.286867102942,2.44509154134,2.44509154134
0.791250962279,4.7393879243,1.9401422592,0.675722257653,0.287833575352,2.44280433656,2.44280433656
0.792016936105,4.74553921637,1.94447887642,0.676285566687,0.288803229611,2.44051980914,2.44051980914
0.792782909931,4.75173432717,1.94883936692,0.67685215094,0.289776043872,2.43823806509,2.43823806509
0.793548883757,4.75797829276,1.95322719905,0.677422456332,0.290752763286,2.43595742219,2.43595742219
0.794314857583,4.76426288206,1.95763651862,0.677995716933,0.291732057942,2.43368104177,2.43368104177
0.795080831409,4.77060099483,1.96207629942,0.678573094406,0.292715891817,2.4314044241,2.4314044241
0.795846805235,4.77698088545,1.96653823599,0.679153503507,0.293702394946,2.42913196297,2.42913196297
0.796612779061,4.7834108524,1.97102806113,0.679737684503,0.294692807286,2.42686085843,2.42686085843
0.797378752887,4.78988786236,1.97554357801,0.680325346122,0.295686614113,2.42459235811,2.42459235811
0.798144726713,4.79641148963,1.98008441787,0.680916434645,0.296683706137,2.42232676867,2.42232676867
0.798910700539,4.80298748409,1.98465450322,0.68151145493,0.297684913919,2.42006227093,2.42006227093
0.799676674365,4.80960720214,1.98924775307,0.682109609241,0.298688876182,2.41780200315,2.41780200315
0.800442648191,4.81628352119,1.99387302288,0.682712044708,0.299697497396,2.4155417451,2.4155417451
0.801208622017,4.82300510525,1.99852237787,0.683317721631,0.300709015509,2.41328551467,2.41328551467
0.801974595843,4.82977984685,2.0032012027,0.683927335001,0.301724572277,2.41103082423,2.41103082423
0.802740569669,4.83660528888,2.00790771801,0.684540646442,0.302743749071,2.40877867319,2.40877867319
0.803506543495,4.84348044064,2.01264116488,0.685157550271,0.303766351141,2.40652955189,2.40652955189
0.804272517321,4.85041178575,2.0174059237,0.685778610497,0.30479329171,2.40428152251,2.40428152251
0.805038491147,4.85739027441,2.02219569508,0.686402998926,0.305823181512,2.40203768915,2.40203768915
0.805804464973,4.8644287416,2.02701920524,0.687031845851,0.306857863489,2.39979410605,2.39979410605
0.806570438799,4.87151630207,2.03186890923,0.687664160214,0.307895684993,2.3975544288,2.3975544288
0.807336412625,4.87866042196,2.0367498371,0.688300590197,0.308937690248,2.39531646602,2.39531646602
0.808102386451,4.88585924927,2.04166063713,0.68894095176,0.309983555738,2.39308098536,2.39308098536
0.808868360277,4.89311121755,2.04660016081,0.689585087131,0.311033003915,2.39084864316,2.39084864316
0.809634334103,4.90042356946,2.0515732537,0.690233620014,0.312087028547,2.38861739917,2.38861739917
0.810400307929,4.90778684756,2.0565734008,0.690885692413,0.313144214449,2.38639031588,2.38639031588
0.811166281755,4.91521384378,2.06160920164,0.691542417215,0.314206343946,2.3841637105,2.3841637105
0.811932255581,4.92269414806,2.06667350826,0.692202853458,0.315271872485,2.38194089603,2.38194089603
0.812698229407,4.93023478567,2.07177099376,0.692867601568,0.316341748349,2.37971995965,2.37971995965
0.813464203233,4.93783453717,2.07690074297,0.693536532984,0.317415741692,2.37750145445,2.37750145445
0.814230177059,4.94549124582,2.08206121564,0.694209437441,0.318493494255,2.37528618691,2.37528618691
0.814996150885,4.95321293433,2.08725772676,0.694886998327,0.319576077431,2.3730720317,2.3730720317
0.815762124711,4.96098974444,2.09248355378,0.695568329246,0.320662053269,2.37086200056,2.37086200056
0.816528098537,4.96883440402,2.09774715829,0.696254523286,0.321753141446,2.36865266836,2.36865266836
0.817294072363,4.97673702253,2.1030418097,0.696944692647,0.3228479068,2.36644701954,2.36644701954
0.818060046189,4.98470416128,2.108371816,0.697639388338,0.32394720208,2.36424340501,2.36424340501
0.818826020015,4.99273526367,2.11373670916,0.698338538501,0.32505088984,2.36204217963,2.36204217963
0.819591993841,5.00082757757,2.11913456122,0.699041880863,0.326158534502,2.35984428223,2.35984428223
0.820357967667,5.00898991763,2.12457115473,0.699750157519,0.327271280772,2.3576475217,2.3576475217
0.821123941493,5.01721204536,2.13003957651,0.700462456257,0.328387672782,2.35545484726,2.35545484726
0.821889915319,5.0255065997,2.13554813664,0.701179847658,0.329509365153,2.35326308664,2.35326308664
0.822655889145,5.03386425807,2.1410905444,0.701901500293,0.330635033525,2.35107490958,2.35107490958
0.823421862972,5.0422910972,2.14667073622,0.702627914379,0.331765435956,2.34888891534,2.34888891534
0.824187836798,5.05078725197,2.15228870045,0.703359075651,0.332900525638,2.34670527747,2.34670527747
0.824953810624,5.05934937634,2.15794212953,0.704094670904,0.334039793839,2.34452504871,2.34452504871
0.82571978445,5.06798708288,2.1636372679,0.704835499297,0.335184453405,2.34234599213,2.34234599213
0.826485758276,5.07668978173,2.16936703348,0.70558062604,0.336333036167,2.34017098232,2.34017098232
0.827251732102,5.08546999623,2.17513957035,0.706331096362,0.337487129194,2.33799709478,2.33799709478
0.828017705928,5.09431902228,2.18094905091,0.707086138366,0.338645520155,2.33582669901,2.33582669901
0.828783679754,5.10324243484,2.18679903587,0.707846200433,0.339808873744,2.33365862667,2.33365862667
0.82954965358,5.11224108643,2.19268997728,0.708611326378,0.340977231462,2.33149288745,2.33149288745
0.830315627406,5.12131104695,2.1986192012,0.70938115386,0.342150016474,2.32933062904,2.32933062904
0.831081601232,5.13046272536,2.20459340356,0.710156536653,0.343328503612,2.32716958922,2.32716958922
0.831847575058,5.13968521949,2.21060536097,0.710936521403,0.344511218901,2.32501255549,2.32501255549
0.832613548884,5.14899091093,2.21666303774,0.711722125206,0.345699679595,2.3228568453,2.3228568453
0.83337952271,5.15837176486,2.22276109205,0.712512638618,0.346892786144,2.32070454325,2.32070454325
0.834145496536,5.16783284718,2.22890271115,0.713308458021,0.348091112475,2.3185546957,2.3185546957
0.834911470362,5.17737575166,2.23508881627,0.714109685351,0.349294785477,2.31640716645,2.31640716645
0.835677444188,5.18699598118,2.24131638431,0.714915911508,0.350503165889,2.31426317922,2.31426317922
0.836443418014,5.19670474742,2.2475925577,0.715728042932,0.351717585376,2.31212046401,2.31212046401
0.83720939184,5.20649086731,2.25390999341,0.716545110933,0.352936569144,2.3099817129,2.3099817129
0.837975365666,5.21636657299,2.26027647435,0.717368103244,0.354161564784,2.30784447487,2.30784447487
0.838741339492,5.22632453723,2.26668715842,0.718196374459,0.355391584199,2.30571056875,2.30571056875
0.839507313318,5.23636931339,2.27314486384,0.719030269107,0.35662711349,2.30357923804,2.30357923804
0.840273287144,5.24650325827,2.27965098513,0.719869946911,0.357868361546,2.3014502187,2.3014502187
0.84103926097,5.25672132938,2.28620216952,0.720714954701,0.359114632545,2.29932479264,2.29932479264
0.841805234796,5.26703552962,2.29280598972,0.72156624797,0.360367307605,2.29720070221,2.29720070221
0.842571208622,5.27743445062,2.29945501942,0.722422847776,0.361624918582,2.29508053258,2.29508053258
0.843337182448,5.2879301445,2.30615684376,0.723285709326,0.362888840713,2.29296205885,2.29296205885
0.844103156274,5.29851604893,2.31290714612,0.724154254129,0.364158197951,2.29084684953,2.29084684953
0.8448691301,5.3091962034,2.31970838108,0.725028775159,0.365433391594,2.28873432829,2.28873432829
0.845635103926,5.31997374393,2.32656241697,0.725909488894,0.366714708269,2.28662412198,2.28662412198
0.846401077752,5.33084312806,2.3334656052,0.72679590263,0.368001403857,2.28451755029,2.28451755029
0.847167051578,5.34181711867,2.34042592035,0.727689015525,0.369294899302,2.28241239008,2.28241239008
0.847933025404,5.35288416296,2.34743590412,0.728587845302,0.370593742849,2.28031110607,2.28031110607
0.84869899923,5.36405609952,2.3545029259,0.729493311235,0.37189923447,2.27821169407,2.27821169407
0.849464973056,5.37532719115,2.3616232214,0.730404904492,0.373210610501,2.27611548804,2.27611548804
0.850230946882,5.38670097213,2.36879889293,0.731322867553,0.374528191412,2.27402207431,2.27402207431
0.850996920708,5.3981813668,2.37603227856,0.732247471787,0.375852336269,2.27193098996,2.27193098996
0.851762894534,5.40976239844,2.38331947933,0.733178190927,0.377182262577,2.26984357127,2.26984357127
0.85252886836,5.42145754085,2.3906688329,0.734116060865,0.378519419694,2.26775765269,2.26775765269
0.853294842186,5.43325520068,2.39807291305,0.735060104379,0.379862383622,2.26567556438,2.26567556438
0.854060816012,5.44516696775,2.40553885466,0.736011201275,0.381212376092,2.26359551715,2.26359551715
0.854826789838,5.45718799217,2.41306347303,0.736968914853,0.382568745707,2.26151862691,2.26151862691
0.855592763664,5.46932132715,2.42064853868,0.737933439284,0.383931737483,2.25944462394,2.25944462394
0.85635873749,5.48157168673,2.42829685059,0.738905098085,0.385301776593,2.25737297538,2.25737297538
0.857124711316,5.49393274798,2.43600431729,0.739883338856,0.386678053655,2.25530501279,2.25530501279
0.857890685142,5.50641864075,2.44377959808,0.740869226755,0.388062034772,2.2532386493,2.2532386493
0.858656658968,5.51901784648,2.45161536802,0.741861798417,0.389452335076,2.25117606884,2.25117606884
0.859422632794,5.53174168876,2.45951852006,0.742861892015,0.390850097126,2.24911568814,2.24911568814
0.86018860662,5.54458625807,2.46748646981,0.743869144256,0.392254779943,2.24705842399,2.24705842399
0.860954580446,5.55755416621,2.47552068523,0.744883704204,0.393666559609,2.2450041316,2.2450041316
0.861720554273,5.57065091272,2.48362441407,0.745905944058,0.395085920317,2.24295222787,2.24295222787
0.862486528099,5.58386993498,2.49179343975,0.746935293716,0.39651203811,2.24090401953,2.24090401953
0.863252501925,5.59722593749,2.50003668631,0.747972837981,0.39794638169,2.23885752083,2.23885752083
0.864018475751,5.61070762723,2.50834701917,0.749017638301,0.399387619114,2.23681475664,2.23681475664
0.864784449577,5.62432602638,2.51673107082,0.750070487573,0.400836810821,2.23477434343,2.23477434343
0.865550423403,5.6380782317,2.52518688523,0.751131097673,0.402293525115,2.23273701629,2.23273701629
0.866316397229,5.65196646998,2.53371566621,0.752199576753,0.403757876717,2.23070273644,2.23070273644
0.867082371055,5.66599700238,2.54232108619,0.753276340419,0.405230399545,2.22867089179,2.22867089179
0.867848344881,5.68016318697,2.55099890195,0.754360812856,0.406710271672,2.22664274087,2.22664274087
0.868614318707,5.69448017467,2.55975821793,0.755454085294,0.408198945946,2.22461642462,2.22461642462
0.869380292533,5.7089371061,2.56859221147,0.756555258522,0.409695161345,2.22259379305,2.22259379305
0.870146266359,5.7235446625,2.5775072336,0.757665076096,0.411199892776,2.22057365655,2.22057365655
0.870912240185,5.73830101635,2.58650198594,0.758783326466,0.4127128162,2.21855658629,2.21855658629
0.871678214011,5.75320809519,2.59557746307,0.759910082866,0.414233994603,2.21654262955,2.21654262955
0.872444187837,5.768272878,2.60473772636,0.761045797239,0.415764000293,2.21453116743,2.21453116743
0.873210161663,5.78348910976,2.61397878702,0.762189922147,0.417302058869,2.21252335271,2.21252335271
0.873976135489,5.79887145841,2.62330936135,0.763343481998,0.418849509045,2.21051757899,2.21051757899
0.874742109315,5.81441051975,2.63272355037,0.764505691378,0.420405258327,2.20851540563,2.20851540563
0.875508083141,5.83011634722,2.64222725259,0.765677221732,0.42197016767,2.20651586328,2.20651586328
0.876274056967,5.84598825718,2.65181985483,0.766857938656,0.423544017957,2.20451937809,2.20451937809
0.877040030793,5.86202800307,2.66150221931,0.768047888744,0.425126832648,2.20252606237,2.20252606237
0.877806004619,5.87824321952,2.67127875008,0.769247551575,0.426719209364,2.20053531266,2.20053531266
0.878571978445,5.89462829975,2.68114586313,0.77045642479,0.42832044167,2.19854815839,2.19854815839
0.879337952271,5.91119724444,2.69111178037,0.7716754511,0.429931737373,2.19656325224,2.19656325224
0.880103926097,5.92794239827,2.70117168443,0.772903974959,0.431552188494,2.19458186699,2.19458186699
0.880869899923,5.94487316486,2.71133101339,0.774142593288,0.433182541747,2.19260324007,2.19260324007
0.881635873749,5.96199007264,2.72158986588,0.77539124855,0.434822679131,2.19062767222,2.19062767222
0.882401847575,5.97929486817,2.73194907131,0.776649971125,0.436472599016,2.18865531973,2.18865531973
0.883167821401,5.99679574451,2.74241330998,0.777919256684,0.438132908046,2.18668561835,2.18668561835
0.883933795227,6.01448804893,2.75297957545,0.779198666258,0.439802989344,2.18471945908,2.18471945908
0.884699769053,6.03238498538,2.76365552369,0.780489050317,0.441483909366,2.18275575001,2.18275575001
0.885465742879,6.05048090701,2.77443755231,0.781789894811,0.443174954058,2.18079549204,2.18079549204
0.886231716705,6.06878458716,2.78533065537,0.783101722386,0.444876759035,2.17883811226,2.17883811226
0.886997690531,6.08729783918,2.79633567159,0.784424551424,0.446589302829,2.17688380584,2.17688380584
0.887763664357,6.10602263813,2.80745353463,0.785758410116,0.448312577108,2.17493275055,2.17493275055
0.888529638183,6.12496759175,2.81868910803,0.787103795116,0.450047177286,2.17298444667,2.17298444667
0.889295612009,6.14412940354,2.8300401881,0.788460353939,0.451792602785,2.17103963024,2.17103963024
0.890061585835,6.16352033057,2.84151378206,0.789828832854,0.453549766824,2.16909746118,2.16909746118
0.890827559661,6.18313704247,2.85310766084,0.791208872268,0.45531815989,2.16715868361,2.16715868361
0.891593533487,6.2029877324,2.86482640771,0.792600922265,0.45709831131,2.16522289647,2.16522289647
0.892359507313,6.22307557048,2.87667162797,0.794005074911,0.458890290011,2.1632902101,2.1632902101
0.893125481139,6.24340308368,2.88864454433,0.795421374555,0.460694103999,2.16136080015,2.16136080015
0.893891454965,6.26397909272,2.900750078,0.796850299508,0.462510312595,2.15943425813,2.15943425813
0.894657428791,6.28480218066,2.91298711845,0.798291612459,0.464338564134,2.15751114753,2.15751114753
0.895423402617,6.30588348478,2.92536192889,0.799745941929,0.466179605117,2.15559087664,2.15559087664
0.896189376443,6.32722235976,2.93787384314,0.801213097288,0.468033142576,2.15367394844,2.15367394844
0.896955350269,6.34882651261,2.95052709081,0.802693459749,0.469899606548,2.15176011513,2.15176011513
0.897721324095,6.3707005396,2.96332406745,0.804187191166,0.471779148278,2.14984942402,2.14984942402
0.898487297921,6.39284796261,2.97626653427,0.805694375983,0.473671821088,2.14794202367,2.14794202367
0.899253271747,6.41527753654,2.98935930152,0.807215449484,0.475578117545,2.14603762528,2.14603762528
0.900019245574,6.43799040974,3.00260272935,0.80875032541,0.477497875034,2.14413660083,2.14413660083
0.9007852194,6.46099640019,3.01600222711,0.810299499069,0.479431657894,2.14223860385,2.14223860385
0.901551193226,6.48429799523,3.02955892195,0.811862965262,0.481379403516,2.1403439122,2.1403439122
0.902317167052,6.50790257085,3.04327677984,0.813441042535,0.483341452356,2.1384524122,2.1384524122
0.903083140878,6.53181621482,3.05715900635,0.815033956528,0.485318027468,2.13656411108,2.13656411108
0.903849114704,6.55604404997,3.07120823826,0.816641862927,0.48730926407,2.13467910391,2.13467910391
0.90461508853,6.58059437133,3.08542894199,0.818265121658,0.489315548982,2.13279725285,2.13279725285
0.905381062356,6.60547181359,3.09982345245,0.81990384371,0.491336959701,2.1309187168,2.1309187168
0.906147036182,6.63068461542,3.11439618121,0.821558371444,0.493373858191,2.12904339384,2.12904339384
0.906913010008,6.65623897265,3.12915034692,0.823228905626,0.495426430283,2.12717135154,2.12717135154
0.907678983834,6.68214216283,3.14408978298,0.824915711032,0.497494939306,2.12530259123,2.12530259123
0.90844495766,6.70840182301,3.1592185185,0.826619068289,0.499579666455,2.12343710438,2.12343710438
0.909210931486,6.73502553091,3.17454053658,0.828339246371,0.501680877071,2.12157490299,2.12157490299
0.909976905312,6.76202057383,3.19005964189,0.830076487797,0.503798802776,2.11971603447,2.11971603447
0.910742879138,6.78939631233,3.20578081854,0.83183116016,0.505933826019,2.11786042048,2.11786042048
0.911508852964,6.81715912613,3.22170732612,0.833603431419,0.508086084679,2.11600820188,2.11600820188
0.91227482679,6.84531962282,3.23784483785,0.835393731094,0.510256032905,2.11415925272,2.11415925272
0.913040800616,6.87388536199,3.25419726522,0.837202284992,0.512443875768,2.11231366809,2.11231366809
0.913806774442,6.90286557389,3.27076946431,0.839029416038,0.514649934555,2.11047144998,2.11047144998
0.914572748268,6.93227146038,3.28756740295,0.840875560885,0.516874665658,2.10863249653,2.10863249653
0.915338722094,6.96210853581,3.30459378668,0.842740789436,0.519118081963,2.10679707862,2.10679707862
0.91610469592,6.9923925787,3.32185716463,0.844625803204,0.521380954441,2.10496485314,2.10496485314
0.916870669746,7.02312772314,3.33935942974,0.846530566601,0.523663166569,2.10313620648,2.10313620648
0.917636643572,7.05432993592,3.35710920198,0.848455768061,0.525965468458,2.10131083367,2.10131083367
0.918402617398,7.08600761394,3.37511077349,0.850401614649,0.528288031248,2.09948890259,2.09948890259
0.919168591224,7.11817159872,3.39336981334,0.852368453389,0.530631192136,2.09767045452,2.09767045452
0.91993456505,7.15083840977,3.41189519349,0.854356964233,0.532995682054,2.09585523712,2.09585523712
0.920700538876,7.1840107189,3.43068791654,0.856366971649,0.535381212872,2.09404378762,2.09404378762
0.921466512702,7.21771306081,3.44976135607,0.858399612749,0.53778905295,2.0922354667,2.0922354667
0.922232486528,7.25194684114,3.46911577002,0.860454611931,0.540218793195,2.09043091148,2.09043091148
0.922998460354,7.2867346412,3.48876337777,0.862532954243,0.542671514815,2.08862965245,2.08862965245
0.92376443418,7.32208645786,3.5087092615,0.864634852645,0.545147383218,2.08683191229,2.08683191229
0.924530408006,7.35801468408,3.52895984214,0.866760650199,0.547646716326,2.08503780525,2.08503780525
0.925296381832,7.39454366623,3.54952825158,0.868911377879,0.550170637182,2.083246883,2.083246883
0.926062355658,7.43167127402,3.57041269318,0.871086491212,0.552718417796,2.08146001951,2.08146001951
0.926828329484,7.46943456988,3.59163340078,0.873287727321,0.555292001675,2.07967621869,2.07967621869
0.92759430331,7.50783132099,3.61318848949,0.875514506732,0.557890618034,2.07789639063,2.07789639063
0.928360277136,7.54689261507,3.63509477045,0.877768170448,0.560515737821,2.07611990654,2.07611990654
0.929126250962,7.58663143132,3.65735885889,0.880048985971,0.563167575265,2.07434701489,2.07434701489
0.929892224788,7.62706156812,3.67998781393,0.882357252169,0.565846380535,2.07257794149,2.07257794149
0.930658198614,7.66821888621,3.70300100914,0.884694501144,0.568553830403,2.07081198933,2.07081198933
0.93142417244,7.71009426032,3.72639263745,0.887059687582,0.571288613119,2.06905042234,2.06905042234
0.932190146266,7.75274201022,3.75019231606,0.889455332092,0.574053539637,2.06729184981,2.06729184981
0.932956120092,7.79615584086,3.77439578303,0.89188051184,0.576847438324,2.06553744997,2.06553744997
0.933722093918,7.84037748362,3.79902554303,0.894336972775,0.579672213576,2.06378646177,2.06378646177
0.934488067744,7.88542503547,3.82409088335,0.896825107378,0.58252820517,2.0620391293,2.0620391293
0.93525404157,7.9313135342,3.84959937062,0.899345118391,0.585415534656,2.06029583097,2.06029583097
0.936020015396,7.9780955557,3.87557939434,0.901899233662,0.588336638185,2.05855557168,2.05855557168
0.936785989222,8.02575170081,3.90201933766,0.904485719485,0.591289417344,2.05682007348,2.05682007348
0.937551963048,8.0743606208,3.92896196602,0.907108142167,0.594277824681,2.0550874991,2.0550874991
0.938317936875,8.1239110949,3.95640015622,0.909765161999,0.59730021034,2.05335931001,2.05335931001
0.939083910701,8.17445884195,3.98436384484,0.912459011518,0.600358990543,2.05163462984,2.05163462984
0.939849884527,8.22603039612,4.01286675098,0.915190309944,0.603454739032,2.04991366686,2.04991366686
0.940615858353,8.27864163881,4.04191668214,0.917959083504,0.606587356962,2.04819700401,2.04819700401
0.941381832179,8.33237012507,4.07155544237,0.920768553127,0.609760352957,2.04648327722,2.04648327722
0.942147806005,8.38718099778,4.101762776,0.923616015319,0.61297053949,2.04477476047,2.04477476047
0.942913779831,8.44318827986,4.13260046093,0.926506473982,0.616223419799,2.04306909407,2.04306909407
0.943679753657,8.50037481306,4.16405793952,0.929438075791,0.61951676374,2.04136804447,2.04136804447
0.944445727483,8.55881527199,4.19617516313,0.932413652943,0.622853608881,2.03967063796,2.03967063796
0.945211701309,8.61855014857,4.22897319992,0.93543421299,0.626234932921,2.03797700793,2.03797700793
0.945977675135,8.67959556219,4.26245970294,0.938499489093,0.629660286224,2.03628800436,2.03628800436
0.946743648961,8.74206705162,4.29669678561,0.941614133203,0.633134706958,2.03460180874,2.03460180874
0.947509622787,8.80590660862,4.33165138116,0.944774075221,0.636653496585,2.0329213581,2.0329213581
0.948275596613,8.87128072599,4.36741332845,0.947986322433,0.640224295143,2.03124368106,2.03124368106
0.949041570439,8.93816565961,4.40396824518,0.951248399596,0.64384417883,2.02957086927,2.02957086927
0.949807544265,9.00666256071,4.44137000121,0.95456389198,0.647516954842,2.02790187673,2.02790187673
0.950573518091,9.07683537136,4.47965201531,0.957934458618,0.651244278797,2.02623671221,2.02623671221
0.951339491917,9.14869992775,4.51882141366,0.961359383212,0.655025178111,2.02457656328,2.02457656328
0.952105465743,9.22242736001,4.55896986277,0.964845243213,0.658866721292,2.02291913253,2.02291913253
0.952871439569,9.2979355146,4.60005099907,0.968386529828,0.662762646571,2.02126791996,2.02126791996
0.953637413395,9.37546037333,4.64219152089,0.971992602553,0.666723053989,2.01961946877,2.01961946877
0.954403387221,9.45497631497,4.68537570766,0.97566044526,0.670744421525,2.01797612505,2.01797612505
0.955169361047,9.53662271781,4.72967743202,0.979394601675,0.674831522499,2.01633681258,2.01633681258
0.955935334873,9.62050388877,4.77515134931,0.983197819479,0.678987141182,2.01470135395,2.01470135395
0.956701308699,9.70663673139,4.82180465353,0.987068776559,0.683209611763,2.01307133508,2.01307133508
0.957467282525,9.7952770464,4.86977379525,0.991016723947,0.68750878837,2.01144395166,2.01144395166
0.958233256351,9.88631866892,4.91899917842,0.995034605105,0.691876750023,2.00982319987,2.00982319987
0.958999230177,9.9800964911,4.96965964119,0.99913474022,0.696326646075,2.00820523168,2.00820523168
0.959765204003,10.0765847379,5.02173887912,1.00331336139,0.700854126476,2.0065927322,2.0065927322
0.960531177829,10.1759841209,5.07534280145,1.00757642061,0.70546538092,2.00498459296,2.00498459296
0.961297151655,10.2784657259,5.1305610691,1.01192829204,0.710164861386,2.0033804466,2.0033804466
0.962063125481,10.3840371167,5.18739511945,1.0163662318,0.714949329093,2.00178256671,2.00178256671
0.962829099307,10.4931132171,5.24606548844,1.02090435878,0.719833707735,2.0001872337,2.0001872337
0.963595073133,10.6055380196,5.30648534522,1.0255327052,0.724806969187,1.99859932321,1.99859932321
0.964361046959,10.721825078,5.36892763115,1.03026871762,0.72988755006,1.99701426701,1.99701426701
0.965127020785,10.8419805675,5.43339236391,1.03510862454,0.735071068061,1.99543486672,1.99543486672
0.965892994611,10.9663035462,5.50003660782,1.04006026294,0.740365580135,1.99386010097,1.99386010097
0.966658968437,11.0951043668,5.56902306327,1.04513139181,0.745779016459,1.99228917546,1.99228917546
0.967424942263,11.2284283581,5.6403722419,1.05031897236,0.751307766619,1.99072470336,1.99072470336
0.968190916089,11.3669055967,5.71441726438,1.05564225315,0.756971949207,1.98916268638,1.98916268638
0.968956889915,11.5104102484,5.79108660102,1.06109080282,0.762760059505,1.98760803307,1.98760803307
0.969722863741,11.6596901644,5.87077531955,1.06668700997,0.768695459811,1.98605627532,1.98605627532
0.970488837567,11.8148698321,5.95354500207,1.07242894124,0.77477564075,1.98451004032,1.98451004032
0.971254811393,11.9764313139,6.03964770592,1.07832742811,0.78101160686,1.98296852682,1.98296852682
0.972020785219,12.1449407442,6.12937961779,1.0843954002,0.787416519836,1.98143066697,1.98143066697
0.972786759045,12.3205646379,6.22282364299,1.09063061152,0.793987493101,1.97989937443,1.97989937443
0.973552732871,12.504332525,6.32052128792,1.09706051426,0.800752898398,1.97837044689,1.97837044689
0.974318706697,12.6962599543,6.422474158,1.10367580596,0.807702365478,1.97684874115,1.97684874115
0.975084680523,12.8975488355,6.529313592,1.11050718097,0.814867527542,1.9753299721,1.9753299721
0.975850654349,13.1086362351,6.64126375301,1.11755751195,0.822250728274,1.97381653893,1.97381653893
0.976616628176,13.3304247873,6.75879506921,1.12484398886,0.82986927857,1.97230788192,1.97230788192
0.977382602002,13.5640587188,6.8825047454,1.13238966117,0.837746519506,1.97080266859,1.97080266859
0.978148575828,13.8100899599,7.01267529066,1.14019650761,0.845883730138,1.96930406549,1.96930406549
0.978914549654,14.0704291656,7.15030685238,1.14830734416,0.854324679764,1.96780773974,1.96780773974
0.97968052348,14.3456113663,7.29567060933,1.15671906129,0.863065217894,1.96631840094,1.96631840094
0.980446497306,14.6379165993,7.44995824512,1.1654792684,0.872153838659,1.9648320323,1.9648320323
0.981212471132,14.9487275178,7.61388533394,1.17460422574,0.881606331999,1.96335075486,1.96335075486
0.981978444958,15.2801499917,7.78854705272,1.18412761735,0.891456447937,1.9618742608,1.9618742608
0.982744418784,15.6349535288,7.9753854781,1.19409659474,0.901751683198,1.96040098271,1.96040098271
0.98351039261,16.0151090896,8.17541931724,1.20452990128,0.912510036867,1.95893427214,1.95893427214
0.984276366436,16.4250613908,8.39096560856,1.21550700147,0.923811941084,1.95746975462,1.95746975462
0.985042340262,16.8674787826,8.62340289362,1.22705017253,0.935678677228,1.95601191208,1.95601191208
0.985808314088,17.3481605287,8.87575035765,1.23925343218,0.948205078619,1.95455706049,1.95455706049
0.986574287914,17.8722488331,9.15067560826,1.25217920244,0.961453159871,1.95310702709,1.95310702709
0.98734026174,18.4467156437,9.45179954321,1.26591905316,0.975514502402,1.95166175069,1.95166175069
0.988106235566,19.0809983191,9.78402618875,1.28060109328,0.990517606499,1.95021946497,1.95021946497
0.988872209392,19.7844083293,10.1521829241,1.29632306683,1.00655943436,1.94878367316,1.94878367316
0.989638183218,20.5730676183,10.5646482054,1.3132990535,1.02385503996,1.9473499939,1.9473499939
0.990404157044,21.4628238005,11.0296385636,1.33168686024,1.04256128103,1.94592267705,1.94592267705
0.99117013087,22.4799086665,11.5607752813,1.35179454241,1.06298695944,1.94449836792,1.94449836792
0.991936104696,23.6564602975,12.1747314493,1.37394976192,1.08545939031,1.94307861294,1.94307861294
0.992702078522,25.0388481685,12.8955645861,1.39861434668,1.11044036092,1.94166358529,1.94166358529
0.993468052348,26.6975994563,13.7598665709,1.42647221306,1.13861422258,1.94025133302,1.94025133302
0.994234026174,28.7329911384,14.8196393942,1.45838083891,1.1708376361,1.93884549915,1.93884549915
0.995,31.3226902913,16.1670362905,1.49585905634,1.20863041319,1.93744170103,1.93744170103
