x_coordinate_over_R,y_coordinate_over_R,x_proper_over_R,y_proper_over_R,q_coordinate,q_proper,delta_coordinate_deg,delta_proper_deg
0.866025355274,-0.500000084022,0.866025461004,-0.499999900892,0.774442147296,0.716364576829,60.0000111177,59.9999868862
0.866025206413,-0.499999997932,0.866025273789,-0.499999792677,0.774442147296,0.716364576829,60.0000111177,59.9999868862
0.866024759953,-0.499999739445,0.866024712254,-0.49999946784,0.774442147296,0.716364576829,60.0000111177,59.9999868862
0.866024016147,-0.499999308129,0.866023776621,-0.499998926003,0.774442147296,0.716364576829,60.0000111177,59.9999868862
0.866022975248,-0.499998703551,0.866022467111,-0.499998166786,0.774442147296,0.716364576829,60.0000111177,59.9999868862
0.866021637508,-0.499997925279,0.866020783949,-0.499997189811,0.774442147296,0.716364576829,60.0000111177,59.9999868862
0.866020003184,-0.499996972882,0.86601872736,-0.499995994701,0.774442147296,0.716364576829,60.0000111177,59.9999868862
0.866018072529,-0.499995845929,0.86601629757,-0.499994581079,0.774442147296,0.716364576829,60.0000111177,59.9999868862
0.8660158458,-0.49999454399,0.866013494805,-0.499992948568,0.774442147296,0.716364576829,60.0000111177,59.9999868862
0.866013323255,-0.499993066635,0.866010319295,-0.499991096794,0.774442147296,0.716364576829,60.0000111177,59.9999868862
0.866010505152,-0.499991413434,0.866006771267,-0.49998902538,0.774442147296,0.716364576829,60.0000111177,59.9999868862
0.866007391749,-0.49998958396,0.866002850954,-0.499986733953,0.774442147296,0.716364576829,60.0000111177,59.9999868862
0.866003983306,-0.499987577784,0.865998558586,-0.499984222139,0.774442147296,0.716364576829,60.0000111177,59.9999868862
0.866000280085,-0.499985394478,0.865993894397,-0.499981489565,0.774442147296,0.716364576829,60.0000111177,59.9999868862
0.865996282346,-0.499983033616,0.86598885862,-0.49997853586,0.774442147296,0.716364576829,60.0000111177,59.9999868862
0.865991990353,-0.499980494771,0.86598345149,-0.499975360651,0.774442147296,0.716364576829,60.0000111177,59.9999868862
0.865987404369,-0.499977777517,0.865977673244,-0.499971963568,0.774442147296,0.716364576829,60.0000111177,59.9999868862
0.865982524657,-0.499974881428,0.865971524119,-0.499968344241,0.774442147296,0.716364576829,60.0000111177,59.9999868862
0.865977351485,-0.499971806081,0.865965004353,-0.4999645023,0.774442147296,0.716364576829,60.0000111177,59.9999868862
0.865971885117,-0.499968551051,0.865958114186,-0.499960437376,0.774442147296,0.716364576829,60.0000111177,59.9999868862
0.86596612582,-0.499965115913,0.865950853858,-0.499956149101,0.774442147296,0.716364576829,60.0000111177,59.9999868862
0.865960073863,-0.499961500246,0.865943223612,-0.499951637109,0.774442147296,0.716364576829,60.0000111177,59.9999868862
0.865953729514,-0.499957703626,0.86593522369,-0.499946901031,0.774442147296,0.716364576829,60.0000111177,59.9999868862
0.865947093043,-0.499953725632,0.865926854336,-0.499941940503,0.774442147296,0.716364576829,60.0000111177,59.9999868862
0.865940164721,-0.499949565841,0.865918115796,-0.499936755159,0.774442147296,0.716364576829,60.0000111177,59.9999868862
0.865932944818,-0.499945223834,0.865909008316,-0.499931344633,0.774442147296,0.716364576829,60.0000111177,59.9999868862
0.865925433608,-0.49994069919,0.865899532143,-0.499925708563,0.774442147296,0.716364576829,60.0000111177,59.9999868862
0.865917631362,-0.499935991489,0.865889687526,-0.499919846585,0.774442147296,0.716364576829,60.0000111177,59.9999868862
0.865909538356,-0.499931100312,0.865879474714,-0.499913758337,0.774442147296,0.716364576829,60.0000111177,59.9999868862
0.865901154865,-0.499926025241,0.865868893958,-0.499907443455,0.774442147296,0.716364576829,60.0000111177,59.9999868862
0.865892481163,-0.499920765858,0.86585794551,-0.499900901581,0.774442147296,0.716364576829,60.0000111177,59.9999868862
0.865883517528,-0.499915321745,0.865846629624,-0.499894132352,0.774442147296,0.716364576829,60.0000111177,59.9999868862
0.865874264237,-0.499909692485,0.865834946552,-0.49988713541,0.774442147296,0.716364576829,60.0000111177,59.9999868862
0.865864721569,-0.499903877663,0.865822896551,-0.499879910395,0.774442147296,0.716364576829,60.0000111177,59.9999868862
0.865854889803,-0.499897876863,0.865810479877,-0.499872456949,0.774442147296,0.716364576829,60.0000111177,59.9999868862
0.865844769219,-0.499891689669,0.865797696786,-0.499864774714,0.774442147296,0.716364576829,60.0000111177,59.9999868862
0.865834360098,-0.499885315668,0.865784547539,-0.499856863334,0.774442147296,0.716364576829,60.0000111177,59.9999868862
0.865823662722,-0.499878754446,0.865771032394,-0.499848722452,0.774442147296,0.716364576829,60.0000111177,59.9999868862
0.865812677373,-0.499872005588,0.865757151612,-0.499840351713,0.774442147296,0.716364576829,60.0000111177,59.9999868862
0.865801404336,-0.499865068684,0.865742905454,-0.499831750762,0.774442147296,0.716364576829,60.0000111177,59.9999868862
0.865789843894,-0.49985794332,0.865728294185,-0.499822919244,0.774442147296,0.716364576829,60.0000111177,59.9999868862
0.865777996333,-0.499850629085,0.865713318068,-0.499813856808,0.774442147296,0.716364576829,60.0000111177,59.9999868862
0.86576586194,-0.499843125569,0.865697977368,-0.4998045631,0.774442147296,0.716364576829,60.0000111177,59.9999868862
0.865753441,-0.499835432361,0.865682272351,-0.499795037768,0.774442147296,0.716364576829,60.0000111177,59.9999868862
0.865740733803,-0.499827549052,0.865666203286,-0.499785280461,0.774442147296,0.716364576829,60.0000111177,59.9999868862
0.865727740636,-0.499819475233,0.865649770439,-0.499775290828,0.774442147296,0.716364576829,60.0000111177,59.9999868862
0.86571446179,-0.499811210494,0.865632974082,-0.499765068521,0.774442147296,0.716364576829,60.0000111177,59.9999868862
0.865700897554,-0.49980275443,0.865615814484,-0.499754613189,0.774442147296,0.716364576829,60.0000111177,59.9999868862
0.86568704822,-0.499794106632,0.865598291917,-0.499743924486,0.774442147296,0.716364576829,60.0000111177,59.9999868862
0.86567291408,-0.499785266693,0.865580406654,-0.499733002062,0.774442147296,0.716364576829,60.0000111177,59.9999868862
0.865658495427,-0.499776234209,0.86556215897,-0.499721845572,0.774442147296,0.716364576829,60.0000111177,59.9999868862
0.865643792555,-0.499767008773,0.865543549138,-0.49971045467,0.774442147296,0.716364576829,60.0000111177,59.9999868862
0.865628805759,-0.499757589982,0.865524577436,-0.499698829009,0.774442147296,0.716364576829,60.0000111177,59.9999868862
0.865613535333,-0.499747977431,0.86550524414,-0.499686968246,0.774442147296,0.716364576829,60.0000111177,59.9999868862
0.865597981575,-0.499738170716,0.865485549529,-0.499674872037,0.774442147296,0.716364576829,60.0000111177,59.9999868862
0.865582144781,-0.499728169435,0.865465493883,-0.499662540038,0.774442147296,0.716364576829,60.0000111177,59.9999868862
0.86556602525,-0.499717973186,0.865445077481,-0.499649971908,0.774442147296,0.716364576829,60.0000111177,59.9999868862
0.86554962328,-0.499707581568,0.865424300605,-0.499637167304,0.774442147296,0.716364576829,60.0000111177,59.9999868862
0.865532939171,-0.499696994178,0.865403163538,-0.499624125885,0.774442147296,0.716364576829,60.0000111177,59.9999868862
0.865515973223,-0.499686210618,0.865381666563,-0.499610847313,0.774442147296,0.716364576829,60.0000111177,59.9999868862
0.865498725738,-0.499675230488,0.865359809966,-0.499597331246,0.774442147296,0.716364576829,60.0000111177,59.9999868862
0.865481197017,-0.499664053388,0.865337594032,-0.499583577347,0.774442147296,0.716364576829,60.0000111177,59.9999868862
0.865463387365,-0.499652678921,0.865315019048,-0.499569585278,0.774442147296,0.716364576829,60.0000111177,59.9999868862
0.865445297084,-0.499641106689,0.865292085303,-0.499555354701,0.774442147296,0.716364576829,60.0000111177,59.9999868862
0.86542692648,-0.499629336294,0.865268793085,-0.49954088528,0.774442147296,0.716364576829,60.0000111177,59.9999868862
0.865408275857,-0.499617367341,0.865245142684,-0.49952617668,0.774442147296,0.716364576829,60.0000111177,59.9999868862
0.865389345523,-0.499605199434,0.865221134392,-0.499511228565,0.774442147296,0.716364576829,60.0000111177,59.9999868862
0.865370135783,-0.499592832177,0.865196768502,-0.499496040602,0.774442147296,0.716364576829,60.0000111177,59.9999868862
0.865350646947,-0.499580265176,0.865172045306,-0.499480612457,0.774442147296,0.716364576829,60.0000111177,59.9999868862
0.865330879322,-0.499567498038,0.865146965099,-0.499464943798,0.774442147296,0.716364576829,60.0000111177,59.9999868862
0.865310833219,-0.49955453037,0.865121528177,-0.499449034292,0.774442147296,0.716364576829,60.0000111177,59.9999868862
0.865290508948,-0.499541361779,0.865095734836,-0.499432883609,0.774442147296,0.716364576829,60.0000111177,59.9999868862
0.865269906819,-0.499527991873,0.865069585374,-0.499416491418,0.774442147296,0.716364576829,60.0000111177,59.9999868862
0.865249027145,-0.499514420261,0.865043080089,-0.499399857389,0.774442147296,0.716364576829,60.0000111177,59.9999868862
0.865227870238,-0.499500646554,0.865016219282,-0.499382981195,0.774442147296,0.716364576829,60.0000111177,59.9999868862
0.865206436413,-0.49948667036,0.864989003253,-0.499365862506,0.774442147296,0.716364576829,60.0000111177,59.9999868862
0.865184725984,-0.499472491291,0.864961432304,-0.499348500996,0.774442147296,0.716364576829,60.0000111177,59.9999868862
0.865162739265,-0.499458108959,0.864933508412,-0.49933089344,0.774442147296,0.716364576829,60.0000111177,59.9999868862
0.865140476573,-0.499443522976,0.864905234717,-0.499313034598,0.774442147296,0.716364576829,60.0000111177,59.9999868862
0.865117938225,-0.499428732955,0.8648766127,-0.499294922108,0.774442147296,0.716364576829,60.0000111177,59.9999868862
0.865095124538,-0.49941373851,0.864847642699,-0.499276555593,0.774442147296,0.716364576829,60.0000111177,59.9999868862
0.865072035831,-0.499398539254,0.864818325053,-0.499257934672,0.774442147296,0.716364576829,60.0000111177,59.9999868862
0.865048672423,-0.499383134803,0.864788660105,-0.499239058962,0.774442147296,0.716364576829,60.0000111177,59.9999868862
0.865025034633,-0.499367524772,0.864758648203,-0.499219928077,0.774442147296,0.716364576829,60.0000111177,59.9999868862
0.865001122784,-0.499351708779,0.864728289694,-0.499200541627,0.774442147296,0.716364576829,60.0000111177,59.9999868862
0.864976937195,-0.499335686439,0.864697584932,-0.499180899223,0.774442147296,0.716364576829,60.0000111177,59.9999868862
0.864952479278,-0.499319455486,0.864666534271,-0.499161000472,0.774442147296,0.716364576829,60.0000111177,59.9999868862
0.86492775297,-0.499303009279,0.864635138068,-0.499140844979,0.774442147296,0.716364576829,60.0000111177,59.9999868862
0.864902761135,-0.499286343034,0.864603396681,-0.499120432349,0.774442147296,0.716364576829,60.0000111177,59.9999868862
0.864877504132,-0.499269456312,0.864571310474,-0.499099762184,0.774442147296,0.716364576829,60.0000111177,59.9999868862
0.864851982322,-0.499252348675,0.86453887981,-0.499078834087,0.774442147296,0.716364576829,60.0000111177,59.9999868862
0.864826196068,-0.499235019677,0.864506105054,-0.499057647657,0.774442147296,0.716364576829,60.0000111177,59.9999868862
0.864800145738,-0.49921746887,0.864472986575,-0.499036202496,0.774442147296,0.716364576829,60.0000111177,59.9999868862
0.864773831701,-0.499199695804,0.864439524741,-0.499014498202,0.774442147296,0.716364576829,60.0000111177,59.9999868862
0.86474725433,-0.499181700026,0.864405719926,-0.498992534374,0.774442147296,0.716364576829,60.0000111177,59.9999868862
0.864720414001,-0.499163481082,0.864371572501,-0.498970310611,0.774442147296,0.716364576829,60.0000111177,59.9999868862
0.86469331109,-0.499145038513,0.864337082842,-0.498947826509,0.774442147296,0.716364576829,60.0000111177,59.9999868862
0.864665945977,-0.49912637186,0.864302251326,-0.498925081667,0.774442147296,0.716364576829,60.0000111177,59.9999868862
0.864638319044,-0.499107480663,0.864267078331,-0.498902075682,0.774442147296,0.716364576829,60.0000111177,59.9999868862
0.864610430674,-0.49908836446,0.864231564237,-0.498878808151,0.774442147296,0.716364576829,60.0000111177,59.9999868862
0.864582281254,-0.499069022787,0.864195709425,-0.49885527867,0.774442147296,0.716364576829,60.0000111177,59.9999868862
0.86455387117,-0.499049455179,0.864159514279,-0.498831486836,0.774442147296,0.716364576829,60.0000111177,59.9999868862
0.864525200813,-0.499029661171,0.864122979183,-0.498807432247,0.774442147296,0.716364576829,60.0000111177,59.9999868862
0.864496270572,-0.499009640296,0.864086104522,-0.4987831145,0.774442147296,0.716364576829,60.0000111177,59.9999868862
0.864467080841,-0.498989392087,0.864048890685,-0.49875853319,0.774442147296,0.716364576829,60.0000111177,59.9999868862
0.864437632014,-0.498968916075,0.864011338059,-0.498733687916,0.774442147296,0.716364576829,60.0000111177,59.9999868862
0.864407924486,-0.498948211792,0.863973447036,-0.498708578275,0.774442147296,0.716364576829,60.0000111177,59.9999868862
0.864377958655,-0.498927278769,0.863935218005,-0.498683203865,0.774442147296,0.716364576829,60.0000111177,59.9999868862
0.864347734919,-0.498906116535,0.863896651361,-0.498657564283,0.774442147296,0.716364576829,60.0000111177,59.9999868862
0.864317253678,-0.498884724622,0.863857747498,-0.498631659127,0.774442147296,0.716364576829,60.0000111177,59.9999868862
0.864286515334,-0.498863102559,0.86381850681,-0.498605487997,0.774442147296,0.716364576829,60.0000111177,59.9999868862
0.864255520288,-0.498841249875,0.863778929694,-0.49857905049,0.774442147296,0.716364576829,60.0000111177,59.9999868862
0.864224268945,-0.498819166099,0.863739016548,-0.498552346206,0.774442147296,0.716364576829,60.0000111177,59.9999868862
0.864192761709,-0.498796850761,0.863698767772,-0.498525374745,0.774442147296,0.716364576829,60.0000111177,59.9999868862
0.864160998988,-0.49877430339,0.863658183765,-0.498498135706,0.774442147296,0.716364576829,60.0000111177,59.9999868862
0.864128981187,-0.498751523515,0.863617264929,-0.49847062869,0.774442147296,0.716364576829,60.0000111177,59.9999868862
0.864096708717,-0.498728510665,0.863576011668,-0.498442853299,0.774442147296,0.716364576829,60.0000111177,59.9999868862
0.864064181986,-0.49870526437,0.863534424384,-0.498414809133,0.774442147296,0.716364576829,60.0000111177,59.9999868862
0.864031401405,-0.498681784159,0.863492503484,-0.498386495794,0.774442147296,0.716364576829,60.0000111177,59.9999868862
0.863998367386,-0.498658069561,0.863450249372,-0.498357912885,0.774442147296,0.716364576829,60.0000111177,59.9999868862
0.863965080342,-0.498634120106,0.863407664257,-0.498329056893,0.774442147296,0.716364576829,60.0000111177,59.9999868862
0.863931540687,-0.498609935323,0.863364750439,-0.498299924139,0.774442147296,0.716364576829,60.0000111177,59.9999868862
0.863897748835,-0.498585514744,0.863321508433,-0.498270514048,0.774442147296,0.716364576829,60.0000111177,59.9999868862
0.863863705203,-0.498560857899,0.863277938663,-0.498240826201,0.774442147296,0.716364576829,60.0000111177,59.9999868862
0.863829410207,-0.498535964317,0.863234041554,-0.498210860179,0.774442147296,0.716364576829,60.0000111177,59.9999868862
0.863794864265,-0.498510833531,0.863189817534,-0.498180615562,0.774442147296,0.716364576829,60.0000111177,59.9999868862
0.863760067797,-0.498485465072,0.863145267034,-0.498150091931,0.774442147296,0.716364576829,60.0000111177,59.9999868862
0.86372502122,-0.49845985847,0.863100390484,-0.498119288864,0.774442147296,0.716364576829,60.0000111177,59.9999868862
0.863689724958,-0.49843401326,0.863055188316,-0.49808820594,0.774442147296,0.716364576829,60.0000111177,59.9999868862
0.863654179429,-0.498407928972,0.863009660966,-0.498056842739,0.774442147296,0.716364576829,60.0000111177,59.9999868862
0.863618385058,-0.498381605141,0.862963808868,-0.49802519884,0.774442147296,0.716364576829,60.0000111177,59.9999868862
0.863582342268,-0.498355041299,0.862917632461,-0.497993273822,0.774442147296,0.716364576829,60.0000111177,59.9999868862
0.863546051482,-0.498328236981,0.862871132183,-0.497961067262,0.774442147296,0.716364576829,60.0000111177,59.9999868862
0.863509513126,-0.49830119172,0.862824308475,-0.497928578741,0.774442147296,0.716364576829,60.0000111177,59.9999868862
0.863472728685,-0.498273903217,0.862777161777,-0.497895807836,0.774442147296,0.716364576829,60.0000111177,59.9999868862
0.863435700995,-0.498246366829,0.862729692534,-0.497862754127,0.774442147296,0.716364576829,60.0000111177,59.9999868862
0.863398431843,-0.49821857974,0.862681901189,-0.497829417192,0.774442147296,0.716364576829,60.0000111177,59.9999868862
0.86336092167,-0.49819054146,0.862633788188,-0.49779579661,0.774442147296,0.716364576829,60.0000111177,59.9999868862
0.863323170922,-0.4981622515,0.862585353979,-0.497761891962,0.774442147296,0.716364576829,60.0000111177,59.9999868862
0.863285180044,-0.498133709369,0.862536599011,-0.497727702826,0.774442147296,0.716364576829,60.0000111177,59.9999868862
0.863246949483,-0.498104914578,0.862487523732,-0.497693228782,0.774442147296,0.716364576829,60.0000111177,59.9999868862
0.863208479688,-0.498075866636,0.862438128594,-0.497658469411,0.774442147296,0.716364576829,60.0000111177,59.9999868862
0.863169771109,-0.49804656505,0.862388414049,-0.497623424292,0.774442147296,0.716364576829,60.0000111177,59.9999868862
0.863130824197,-0.49801700933,0.862338380551,-0.497588093006,0.774442147296,0.716364576829,60.0000111177,59.9999868862
0.863091639404,-0.497987198982,0.862288028554,-0.497552475134,0.774442147296,0.716364576829,60.0000111177,59.9999868862
0.863052217184,-0.497957133517,0.862237358515,-0.497516570258,0.774442147296,0.716364576829,60.0000111177,59.9999868862
0.863012557991,-0.49792681244,0.862186370891,-0.497480377959,0.774442147296,0.716364576829,60.0000111177,59.9999868862
0.862972662283,-0.497896235259,0.86213506614,-0.497443897819,0.774442147296,0.716364576829,60.0000111177,59.9999868862
0.862932530516,-0.497865401483,0.862083444722,-0.497407129422,0.774442147296,0.716364576829,60.0000111177,59.9999868862
0.862892163148,-0.497834310619,0.862031507097,-0.497370072349,0.774442147296,0.716364576829,60.0000111177,59.9999868862
0.862851560639,-0.497802962173,0.861979253728,-0.497332726184,0.774442147296,0.716364576829,60.0000111177,59.9999868862
0.86281072345,-0.497771355655,0.861926685119,-0.497295090442,0.774442147296,0.716364576829,60.0000111177,59.9999868862
0.862769652041,-0.49773949057,0.861873801781,-0.497257164623,0.774442147296,0.716364576829,60.0000111177,59.9999868862
0.862728346877,-0.497707366429,0.861820604186,-0.4972189483,0.774442147296,0.716364576829,60.0000111177,59.9999868862
0.862686808419,-0.497674982737,0.861767092802,-0.497180441058,0.774442147296,0.716364576829,60.0000111177,59.9999868862
0.862645037134,-0.497642339003,0.861713268096,-0.497141642483,0.774442147296,0.716364576829,60.0000111177,59.9999868862
0.862603033486,-0.497609434736,0.861659130538,-0.497102552161,0.774442147296,0.716364576829,60.0000111177,59.9999868862
0.862560797942,-0.497576269445,0.861604680597,-0.497063169677,0.774442147296,0.716364576829,60.0000111177,59.9999868862
0.86251833097,-0.497542842637,0.861549918746,-0.497023494618,0.774442147296,0.716364576829,60.0000111177,59.9999868862
0.862475633039,-0.497509153822,0.861494845456,-0.496983526573,0.774442147296,0.716364576829,60.0000111177,59.9999868862
0.862432704617,-0.497475202509,0.861439461201,-0.496943265129,0.774442147296,0.716364576829,60.0000111177,59.9999868862
0.862389546175,-0.497440988209,0.861383766455,-0.496902709875,0.774442147296,0.716364576829,60.0000111177,59.9999868862
0.862346158184,-0.49740651043,0.861327761694,-0.496861860401,0.774442147296,0.716364576829,60.0000111177,59.9999868862
0.862302541117,-0.497371768685,0.861271447394,-0.496820716296,0.774442147296,0.716364576829,60.0000111177,59.9999868862
0.862258695446,-0.497336762482,0.861214824033,-0.49677927715,0.774442147296,0.716364576829,60.0000111177,59.9999868862
0.862214621645,-0.497301491334,0.861157892091,-0.496737542556,0.774442147296,0.716364576829,60.0000111177,59.9999868862
0.862170320189,-0.497265954753,0.861100652045,-0.496695512104,0.774442147296,0.716364576829,60.0000111177,59.9999868862
0.862125791553,-0.497230152249,0.861043104379,-0.496653185387,0.774442147296,0.716364576829,60.0000111177,59.9999868862
0.862081036214,-0.497194083336,0.860985249572,-0.496610561999,0.774442147296,0.716364576829,60.0000111177,59.9999868862
0.862036054679,-0.497157747474,0.860927088108,-0.496567641533,0.774442147296,0.716364576829,60.0000111177,59.9999868862
0.861990847487,-0.497121144071,0.860868620471,-0.496524423583,0.774442147296,0.716364576829,60.0000111177,59.9999868862
0.861945415147,-0.497084272588,0.860809847146,-0.496480907745,0.774442147296,0.716364576829,60.0000111177,59.9999868862
0.861899758139,-0.497047132541,0.860750768618,-0.496437093614,0.774442147296,0.716364576829,60.0000111177,59.9999868862
0.861853876943,-0.497009723443,0.860691385374,-0.496392980788,0.774442147296,0.716364576829,60.0000111177,59.9999868862
0.861807772041,-0.496972044808,0.860631697902,-0.496348568862,0.774442147296,0.716364576829,60.0000111177,59.9999868862
0.861761443914,-0.496934096153,0.860571706691,-0.496303857435,0.774442147296,0.716364576829,60.0000111177,59.9999868862
0.861714893047,-0.496895876993,0.860511412235,-0.496258846099,0.774442147296,0.716364576829,60.0000111177,59.9999868862
0.861668119923,-0.496857386844,0.860450815078,-0.496213534357,0.774442147296,0.716364576829,60.0000111177,59.9999868862
0.861621125025,-0.496818625224,0.860389915764,-0.496167921724,0.774442147296,0.716364576829,60.0000111177,59.9999868862
0.861573908841,-0.49677959165,0.860328714785,-0.496122007798,0.774442147296,0.716364576829,60.0000111177,59.9999868862
0.861526471855,-0.496740285641,0.860267212635,-0.496075792181,0.774442147296,0.716364576829,60.0000111177,59.9999868862
0.861478814554,-0.496700706714,0.860205409809,-0.496029274473,0.774442147296,0.716364576829,60.0000111177,59.9999868862
0.861430937426,-0.49666085439,0.860143306804,-0.495982454278,0.774442147296,0.716364576829,60.0000111177,59.9999868862
0.861382840958,-0.496620728188,0.860080904116,-0.495935331198,0.774442147296,0.716364576829,60.0000111177,59.9999868862
0.861334525639,-0.49658032763,0.860018202242,-0.495887904836,0.774442147296,0.716364576829,60.0000111177,59.9999868862
0.86128599196,-0.496539652236,0.859955201683,-0.495840174797,0.774442147296,0.716364576829,60.0000111177,59.9999868862
0.86123724041,-0.496498701528,0.859891902938,-0.495792140685,0.774442147296,0.716364576829,60.0000111177,59.9999868862
0.861188271479,-0.496457475029,0.859828306507,-0.495743802108,0.774442147296,0.716364576829,60.0000111177,59.9999868862
0.86113908566,-0.496415972263,0.859764412893,-0.495695158671,0.774442147296,0.716364576829,60.0000111177,59.9999868862
0.861089683444,-0.496374192752,0.859700222597,-0.495646209981,0.774442147296,0.716364576829,60.0000111177,59.9999868862
0.861040065325,-0.496332136022,0.859635736123,-0.495596955648,0.774442147296,0.716364576829,60.0000111177,59.9999868862
0.860990231795,-0.496289801599,0.859570953976,-0.495547395279,0.774442147296,0.716364576829,60.0000111177,59.9999868862
0.86094018335,-0.496247189007,0.859505876662,-0.495497528484,0.774442147296,0.716364576829,60.0000111177,59.9999868862
0.860889920483,-0.496204297774,0.859440504685,-0.495447354875,0.774442147296,0.716364576829,60.0000111177,59.9999868862
0.86083944369,-0.496161127426,0.859374838554,-0.495396874061,0.774442147296,0.716364576829,60.0000111177,59.9999868862
0.860788753467,-0.496117677493,0.859308878776,-0.495346085656,0.774442147296,0.716364576829,60.0000111177,59.9999868862
0.860737850311,-0.496073947503,0.859242625861,-0.495294989271,0.774442147296,0.716364576829,60.0000111177,59.9999868862
0.860686734719,-0.496029936985,0.859176080318,-0.495243584521,0.774442147296,0.716364576829,60.0000111177,59.9999868862
0.860635407226,-0.495985645408,0.859109242658,-0.49519187102,0.774442147296,0.716364576829,60.0000111177,59.9999868862
0.860583868398,-0.495941072181,0.859042113426,-0.495139848326,0.774442147296,0.716364576829,60.0000111177,59.9999868862
0.860532118768,-0.495896216778,0.858974693193,-0.495087515951,0.774442147296,0.716364576829,60.0000111177,59.9999868862
0.860480158836,-0.495851078732,0.858906982504,-0.495034873461,0.774442147296,0.716364576829,60.0000111177,59.9999868862
0.860427989104,-0.495805657575,0.858838981872,-0.494981920472,0.774442147296,0.716364576829,60.0000111177,59.9999868862
0.860375610072,-0.49575995284,0.858770691814,-0.494928656602,0.774442147296,0.716364576829,60.0000111177,59.9999868862
0.860323022243,-0.49571396406,0.858702112845,-0.494875081469,0.774442147296,0.716364576829,60.0000111177,59.9999868862
0.860270226119,-0.495667690771,0.858633245484,-0.494821194693,0.774442147296,0.716364576829,60.0000111177,59.9999868862
0.860217222203,-0.495621132507,0.858564090248,-0.494766995893,0.774442147296,0.716364576829,60.0000111177,59.9999868862
0.860164010999,-0.495574288804,0.858494647657,-0.494712484689,0.774442147296,0.716364576829,60.0000111177,59.9999868862
0.860110593012,-0.4955271592,0.858424918231,-0.494657660704,0.774442147296,0.716364576829,60.0000111177,59.9999868862
0.860056968745,-0.495479743232,0.858354902491,-0.494602523559,0.774442147296,0.716364576829,60.0000111177,59.9999868862
0.860003138706,-0.495432040439,0.858284600958,-0.494547072878,0.774442147296,0.716364576829,60.0000111177,59.9999868862
0.859949103399,-0.49538405036,0.858214014156,-0.494491308284,0.774442147296,0.716364576829,60.0000111177,59.9999868862
0.859894863331,-0.495335772534,0.858143142607,-0.494435229403,0.774442147296,0.716364576829,60.0000111177,59.9999868862
0.859840419009,-0.495287206503,0.858071986836,-0.49437883586,0.774442147296,0.716364576829,60.0000111177,59.9999868862
0.859785770941,-0.495238351808,0.858000547368,-0.494322127282,0.774442147296,0.716364576829,60.0000111177,59.9999868862
0.859730919636,-0.495189207992,0.857928824729,-0.494265103295,0.774442147296,0.716364576829,60.0000111177,59.9999868862
0.859675865601,-0.495139774597,0.857856819446,-0.494207763528,0.774442147296,0.716364576829,60.0000111177,59.9999868862
0.859620609346,-0.495090051168,0.857784532046,-0.494150107609,0.774442147296,0.716364576829,60.0000111177,59.9999868862
0.859565151382,-0.49504003725,0.857711963059,-0.494092135169,0.774442147296,0.716364576829,60.0000111177,59.9999868862
0.859509492217,-0.494989732388,0.857639113027,-0.494033845814,0.774442147296,0.716364576829,60.0000111177,59.9999868862
0.859453632363,-0.494939136128,0.857565982548,-0.493975239058,0.774442147296,0.716364576829,60.0000111177,59.9999868862
0.859397572332,-0.494888248019,0.857492572205,-0.493916314441,0.774442147296,0.716364576829,60.0000111177,59.9999868862
0.859341312635,-0.494837067607,0.857418882532,-0.493857071597,0.774442147296,0.716364576829,60.0000111177,59.9999868862
0.859284853796,-0.494785594422,0.85734491406,-0.493797510157,0.774442147296,0.716364576829,60.0000111177,59.9999868862
0.859228196406,-0.494733827879,0.857270667325,-0.493737629756,0.774442147296,0.716364576829,60.0000111177,59.9999868862
0.859171341043,-0.494681767415,0.857196142861,-0.493677430028,0.774442147296,0.716364576829,60.0000111177,59.9999868862
0.859114288222,-0.494629412581,0.857121341204,-0.493616910609,0.774442147296,0.716364576829,60.0000111177,59.9999868862
0.859057038458,-0.494576762926,0.857046262889,-0.493556071134,0.774442147296,0.716364576829,60.0000111177,59.9999868862
0.858999592266,-0.494523818004,0.856970908455,-0.493494911242,0.774442147296,0.716364576829,60.0000111177,59.9999868862
0.858941950163,-0.494470577367,0.856895278439,-0.49343343057,0.774442147296,0.716364576829,60.0000111177,59.9999868862
0.858884112664,-0.494417040569,0.856819373381,-0.493371628756,0.774442147296,0.716364576829,60.0000111177,59.9999868862
0.858826080287,-0.494363207165,0.856743193819,-0.493309505442,0.774442147296,0.716364576829,60.0000111177,59.9999868862
0.858767853549,-0.49430907671,0.856666740294,-0.493247060266,0.774442147296,0.716364576829,60.0000111177,59.9999868862
0.858709432968,-0.49425464876,0.856590013348,-0.493184292871,0.774442147296,0.716364576829,60.0000111177,59.9999868862
0.858650819062,-0.494199922873,0.856513013522,-0.493121202899,0.774442147296,0.716364576829,60.0000111177,59.9999868862
0.85859201235,-0.494144898606,0.85643574136,-0.493057789993,0.774442147296,0.716364576829,60.0000111177,59.9999868862
0.858533013351,-0.494089575519,0.856358197404,-0.492994053797,0.774442147296,0.716364576829,60.0000111177,59.9999868862
0.858473822586,-0.494033953171,0.856280382199,-0.492929993955,0.774442147296,0.716364576829,60.0000111177,59.9999868862
0.858414440573,-0.493978031122,0.856202296331,-0.492865610045,0.774442147296,0.716364576829,60.0000111177,59.9999868862
0.858354867835,-0.493921808935,0.856123940417,-0.492800901587,0.774442147296,0.716364576829,60.0000111177,59.9999868862
0.858295104891,-0.493865286171,0.856045315038,-0.492735868169,0.774442147296,0.716364576829,60.0000111177,59.9999868862
0.858235152264,-0.493808462394,0.855966420741,-0.49267050944,0.774442147296,0.716364576829,60.0000111177,59.9999868862
0.858175010476,-0.493751337168,0.855887258076,-0.492604825047,0.774442147296,0.716364576829,60.0000111177,59.9999868862
0.858114680048,-0.493693910057,0.855807827592,-0.492538814639,0.774442147296,0.716364576829,60.0000111177,59.9999868862
0.858054161504,-0.493636180628,0.85572812984,-0.492472477866,0.774442147296,0.716364576829,60.0000111177,59.9999868862
0.857993455367,-0.493578148447,0.85564816537,-0.492405814379,0.774442147296,0.716364576829,60.0000111177,59.9999868862
0.857932562184,-0.493519813043,0.855567934735,-0.492338823829,0.774442147296,0.716364576829,60.0000111177,59.9999868862
0.857871482562,-0.493461173837,0.855487438486,-0.492271505869,0.774442147296,0.716364576829,60.0000111177,59.9999868862
0.85781021709,-0.493402230289,0.855406677178,-0.492203860151,0.774442147296,0.716364576829,60.0000111177,59.9999868862
0.857748766293,-0.493342981969,0.855325651363,-0.492135886331,0.774442147296,0.716364576829,60.0000111177,59.9999868862
0.857687130697,-0.493283428446,0.855244361599,-0.492067584062,0.774442147296,0.716364576829,60.0000111177,59.9999868862
0.857625310829,-0.493223569292,0.855162808438,-0.491998953002,0.774442147296,0.716364576829,60.0000111177,59.9999868862
0.857563307215,-0.493163404078,0.855080992439,-0.491929992806,0.774442147296,0.716364576829,60.0000111177,59.9999868862
0.857501120382,-0.493102932376,0.854998914158,-0.491860703132,0.774442147296,0.716364576829,60.0000111177,59.9999868862
0.857438750859,-0.493042153762,0.854916574153,-0.491791083639,0.774442147296,0.716364576829,60.0000111177,59.9999868862
0.857376199174,-0.492981067808,0.854833972996,-0.491721133963,0.774442147296,0.716364576829,60.0000111177,59.9999868862
0.857313465854,-0.492919674091,0.854751111324,-0.491650853628,0.774442147296,0.716364576829,60.0000111177,59.9999868862
0.857250551428,-0.492857972186,0.854667989762,-0.491580242183,0.774442147296,0.716364576829,60.0000111177,59.9999868862
0.857187456427,-0.492795961672,0.854584608871,-0.491509299287,0.774442147296,0.716364576829,60.0000111177,59.9999868862
0.85712418138,-0.492733642125,0.854500969214,-0.491438024604,0.774442147296,0.716364576829,60.0000111177,59.9999868862
0.857060726816,-0.492671013125,0.854417071353,-0.491366417795,0.774442147296,0.716364576829,60.0000111177,59.9999868862
0.856997093267,-0.492608074252,0.854332915852,-0.491294478524,0.774442147296,0.716364576829,60.0000111177,59.9999868862
0.856933281262,-0.492544825086,0.854248503275,-0.491222206456,0.774442147296,0.716364576829,60.0000111177,59.9999868862
0.856869291333,-0.49248126521,0.854163834186,-0.491149601255,0.774442147296,0.716364576829,60.0000111177,59.9999868862
0.856805124013,-0.492417394205,0.854078909152,-0.491076662589,0.774442147296,0.716364576829,60.0000111177,59.9999868862
0.856740779832,-0.492353211656,0.853993728738,-0.491003390123,0.774442147296,0.716364576829,60.0000111177,59.9999868862
0.856676259322,-0.492288717147,0.853908293511,-0.490929783527,0.774442147296,0.716364576829,60.0000111177,59.9999868862
0.856611563038,-0.492223910228,0.85382260404,-0.490855842468,0.774442147296,0.716364576829,60.0000111177,59.9999868862
0.856546691604,-0.492158790324,0.853736660892,-0.490781566617,0.774442147296,0.716364576829,60.0000111177,59.9999868862
0.856481645625,-0.492093356899,0.853650464637,-0.490706955643,0.774442147296,0.716364576829,60.0000111177,59.9999868862
0.856416425635,-0.492027609539,0.853564015845,-0.490632009219,0.774442147296,0.716364576829,60.0000111177,59.9999868862
0.85635103217,-0.491961547832,0.853477315085,-0.490556727017,0.774442147296,0.716364576829,60.0000111177,59.9999868862
0.856285465764,-0.491895171367,0.853390362999,-0.490481108589,0.774442147296,0.716364576829,60.0000111177,59.9999868862
0.856219726952,-0.491828479734,0.853303160243,-0.490405153462,0.774442147296,0.716364576829,60.0000111177,59.9999868862
0.856153816271,-0.491761472523,0.853215707402,-0.490328861287,0.774442147296,0.716364576829,60.0000111177,59.9999868862
0.856087734256,-0.491694149325,0.853128005051,-0.49025223174,0.774442147296,0.716364576829,60.0000111177,59.9999868862
0.856021481444,-0.491626509735,0.853040053764,-0.490175264496,0.774442147296,0.716364576829,60.0000111177,59.9999868862
0.855955058372,-0.491558553343,0.852951854117,-0.490097959231,0.774442147296,0.716364576829,60.0000111177,59.9999868862
0.855888465576,-0.491490279746,0.852863406684,-0.490020315623,0.774442147296,0.716364576829,60.0000111177,59.9999868862
0.855821703595,-0.491421688539,0.852774712043,-0.48994233335,0.774442147296,0.716364576829,60.0000111177,59.9999868862
0.855754772966,-0.491352779317,0.852685770771,-0.489864012091,0.774442147296,0.716364576829,60.0000111177,59.9999868862
0.855687674226,-0.491283551677,0.852596583445,-0.489785351526,0.774442147296,0.716364576829,60.0000111177,59.9999868862
0.855620407915,-0.491214005219,0.852507150644,-0.489706351337,0.774442147296,0.716364576829,60.0000111177,59.9999868862
0.855552974571,-0.49114413954,0.852417472947,-0.489627011204,0.774442147296,0.716364576829,60.0000111177,59.9999868862
0.855485374733,-0.491073954241,0.852327550934,-0.489547330812,0.774442147296,0.716364576829,60.0000111177,59.9999868862
0.85541760894,-0.491003448923,0.852237385185,-0.489467309843,0.774442147296,0.716364576829,60.0000111177,59.9999868862
0.855349677733,-0.490932623187,0.852146976282,-0.489386947981,0.774442147296,0.716364576829,60.0000111177,59.9999868862
0.855281581711,-0.49086147653,0.852056324838,-0.489306244857,0.774442147296,0.716364576829,60.0000111177,59.9999868862
0.855213321514,-0.490790008384,0.851965431524,-0.4892252,0.774442147296,0.716364576829,60.0000111177,59.9999868862
0.855144897721,-0.490718218286,0.851874296981,-0.489143813002,0.774442147296,0.716364576829,60.0000111177,59.9999868862
0.855076310872,-0.490646105842,0.851782921791,-0.489062083548,0.774442147296,0.716364576829,60.0000111177,59.9999868862
0.85500756151,-0.490573670656,0.85169130654,-0.488980011326,0.774442147296,0.716364576829,60.0000111177,59.9999868862
0.854938650176,-0.490500912335,0.851599451814,-0.488897596026,0.774442147296,0.716364576829,60.0000111177,59.9999868862
0.854869577414,-0.490427830486,0.851507358199,-0.488814837336,0.774442147296,0.716364576829,60.0000111177,59.9999868862
0.854800343765,-0.490354424716,0.85141502628,-0.488731734946,0.774442147296,0.716364576829,60.0000111177,59.9999868862
0.854730949773,-0.490280694637,0.851322456647,-0.48864828855,0.774442147296,0.716364576829,60.0000111177,59.9999868862
0.85466139598,-0.490206639856,0.851229649886,-0.488564497838,0.774442147296,0.716364576829,60.0000111177,59.9999868862
0.85459168293,-0.490132259986,0.851136606587,-0.488480362503,0.774442147296,0.716364576829,60.0000111177,59.9999868862
0.854521811166,-0.490057554638,0.851043327339,-0.488395882241,0.774442147296,0.716364576829,60.0000111177,59.9999868862
0.854451781233,-0.489982523425,0.850949812731,-0.488311056745,0.774442147296,0.716364576829,60.0000111177,59.9999868862
0.854381593675,-0.489907165962,0.850856063354,-0.488225885712,0.774442147296,0.716364576829,60.0000111177,59.9999868862
0.854311249037,-0.489831481862,0.850762079799,-0.488140368838,0.774442147296,0.716364576829,60.0000111177,59.9999868862
0.854240747862,-0.489755470741,0.850667862716,-0.488054505719,0.774442147296,0.716364576829,60.0000111177,59.9999868862
0.854170090696,-0.489679132217,0.850573412791,-0.487968295892,0.774442147296,0.716364576829,60.0000111177,59.9999868862
0.854099278084,-0.489602465907,0.850478730651,-0.487881738995,0.774442147296,0.716364576829,60.0000111177,59.9999868862
0.85402831059,-0.489525471398,0.85038381689,-0.487794834726,0.774442147296,0.716364576829,60.0000111177,59.9999868862
0.853957188864,-0.489448148126,0.850288672104,-0.487707582786,0.774442147296,0.716364576829,60.0000111177,59.9999868862
0.85388591354,-0.489370495559,0.850193296887,-0.487619982876,0.774442147296,0.716364576829,60.0000111177,59.9999868862
0.853814485165,-0.489292513318,0.850097691835,-0.487532034697,0.774442147296,0.716364576829,60.0000111177,59.9999868862
0.853742904285,-0.489214201024,0.850001857545,-0.487443737952,0.774442147296,0.716364576829,60.0000111177,59.9999868862
0.853671171448,-0.489135558299,0.849905794615,-0.487355092344,0.774442147296,0.716364576829,60.0000111177,59.9999868862
0.853599287202,-0.489056584767,0.84980950364,-0.487266097579,0.774442147296,0.716364576829,60.0000111177,59.9999868862
0.853527252093,-0.48897728005,0.84971298522,-0.487176753362,0.774442147296,0.716364576829,60.0000111177,59.9999868862
0.853455066671,-0.488897643775,0.849616239953,-0.487087059398,0.774442147296,0.716364576829,60.0000111177,59.9999868862
0.853382731484,-0.488817675568,0.849519268439,-0.486997015395,0.774442147296,0.716364576829,60.0000111177,59.9999868862
0.853310247079,-0.488737375054,0.849422071278,-0.486906621062,0.774442147296,0.716364576829,60.0000111177,59.9999868862
0.853237614005,-0.488656741864,0.849324649118,-0.486815876021,0.774442147296,0.716364576829,60.0000111177,59.9999868862
0.853164832812,-0.488575775624,0.849227002658,-0.486724779814,0.774442147296,0.716364576829,60.0000111177,59.9999868862
0.853091904048,-0.488494475966,0.849129132546,-0.48663333207,0.774442147296,0.716364576829,60.0000111177,59.9999868862
0.853018828262,-0.488412842519,0.849031039384,-0.486541532499,0.774442147296,0.716364576829,60.0000111177,59.9999868862
0.852945606004,-0.488330874917,0.848932723777,-0.486449380813,0.774442147296,0.716364576829,60.0000111177,59.9999868862
0.852872237823,-0.488248572791,0.848834186327,-0.486356876724,0.774442147296,0.716364576829,60.0000111177,59.9999868862
0.85279872427,-0.488165935776,0.84873542764,-0.486264019945,0.774442147296,0.716364576829,60.0000111177,59.9999868862
0.852725065971,-0.488082963373,0.848636448319,-0.48617081019,0.774442147296,0.716364576829,60.0000111177,59.9999868862
0.852651263586,-0.487999655023,0.848537248972,-0.486077247175,0.774442147296,0.716364576829,60.0000111177,59.9999868862
0.852577317703,-0.4879160103,0.848437830202,-0.485983330615,0.774442147296,0.716364576829,60.0000111177,59.9999868862
0.852503228872,-0.48783202884,0.848338192618,-0.485889060227,0.774442147296,0.716364576829,60.0000111177,59.9999868862
0.852428997644,-0.487747710282,0.848238336826,-0.485794435729,0.774442147296,0.716364576829,60.0000111177,59.9999868862
0.852354624572,-0.487663054263,0.848138263433,-0.485699456839,0.774442147296,0.716364576829,60.0000111177,59.9999868862
0.852280110207,-0.487578060422,0.848037973048,-0.485604123277,0.774442147296,0.716364576829,60.0000111177,59.9999868862
0.852205455102,-0.487492728401,0.847937466372,-0.485508434602,0.774442147296,0.716364576829,60.0000111177,59.9999868862
0.852130659807,-0.487407057839,0.847836744112,-0.485412390364,0.774442147296,0.716364576829,60.0000111177,59.9999868862
0.852055724875,-0.48732104838,0.847735806884,-0.485315990272,0.774442147296,0.716364576829,60.0000111177,59.9999868862
0.851980650859,-0.487234699667,0.8476346553,-0.48521923405,0.774442147296,0.716364576829,60.0000111177,59.9999868862
0.851905438311,-0.487148011343,0.847533289969,-0.485122121419,0.774442147296,0.716364576829,60.0000111177,59.9999868862
0.851830087784,-0.487060983054,0.847431711505,-0.485024652105,0.774442147296,0.716364576829,60.0000111177,59.9999868862
0.851754599831,-0.486973614446,0.847329920519,-0.484926825832,0.774442147296,0.716364576829,60.0000111177,59.9999868862
0.851678975005,-0.486885905165,0.847227917623,-0.484828642326,0.774442147296,0.716364576829,60.0000111177,59.9999868862
0.851603213858,-0.486797854862,0.847125703432,-0.484730101312,0.774442147296,0.716364576829,60.0000111177,59.9999868862
0.851527316946,-0.486709463182,0.847023278558,-0.484631202519,0.774442147296,0.716364576829,60.0000111177,59.9999868862
0.851451284937,-0.486620729572,0.846920643616,-0.484531945675,0.774442147296,0.716364576829,60.0000111177,59.9999868862
0.851375118502,-0.486531653479,0.846817799221,-0.484432330509,0.774442147296,0.716364576829,60.0000111177,59.9999868862
0.851298818194,-0.486442234554,0.846714745988,-0.484332356752,0.774442147296,0.716364576829,60.0000111177,59.9999868862
0.85122238457,-0.48635247245,0.846611484617,-0.484232023985,0.774442147296,0.716364576829,60.0000111177,59.9999868862
0.851145818182,-0.486262366817,0.846508015825,-0.484131331766,0.774442147296,0.716364576829,60.0000111177,59.9999868862
0.851069119586,-0.486171917311,0.846404340244,-0.484030279801,0.774442147296,0.716364576829,60.0000111177,59.9999868862
0.850992289337,-0.486081123586,0.846300458491,-0.483928867823,0.774442147296,0.716364576829,60.0000111177,59.9999868862
0.850915327989,-0.485989985297,0.846196371184,-0.483827095564,0.774442147296,0.716364576829,60.0000111177,59.9999868862
0.850838236097,-0.485898502101,0.846092078942,-0.48372496276,0.774442147296,0.716364576829,60.0000111177,59.9999868862
0.850761014217,-0.485806673656,0.845987582383,-0.483622469146,0.774442147296,0.716364576829,60.0000111177,59.9999868862
0.850683662904,-0.48571449962,0.845882882128,-0.483519614459,0.774442147296,0.716364576829,60.0000111177,59.9999868862
0.850606182713,-0.485621979653,0.845777978796,-0.483416398436,0.774442147296,0.716364576829,60.0000111177,59.9999868862
0.8505285742,-0.485529113415,0.845672873007,-0.483312820815,0.774442147296,0.716364576829,60.0000111177,59.9999868862
0.85045083792,-0.485435900569,0.845567565383,-0.483208881335,0.774442147296,0.716364576829,60.0000111177,59.9999868862
0.850372974429,-0.485342340775,0.845462056544,-0.483104579736,0.774442147296,0.716364576829,60.0000111177,59.9999868862
0.850294984285,-0.485248433695,0.84535634713,-0.482999915727,0.774442147296,0.716364576829,60.0000111177,59.9999868862
0.850216868163,-0.48515417878,0.845250437866,-0.482894888872,0.774442147296,0.716364576829,60.0000111177,59.9999868862
0.850138626739,-0.485059575491,0.845144329456,-0.48278949877,0.774442147296,0.716364576829,60.0000111177,59.9999868862
0.850060260569,-0.484964623491,0.845038022522,-0.482683745164,0.774442147296,0.716364576829,60.0000111177,59.9999868862
0.849981770208,-0.484869322448,0.84493151769,-0.482577627797,0.774442147296,0.716364576829,60.0000111177,59.9999868862
0.849903156215,-0.484773672028,0.844824815583,-0.482471146415,0.774442147296,0.716364576829,60.0000111177,59.9999868862
0.849824419146,-0.484677671899,0.844717916827,-0.482364300761,0.774442147296,0.716364576829,60.0000111177,59.9999868862
0.849745559557,-0.484581321731,0.844610822045,-0.482257090583,0.774442147296,0.716364576829,60.0000111177,59.9999868862
0.849666578006,-0.484484621195,0.844503531865,-0.482149515628,0.774442147296,0.716364576829,60.0000111177,59.9999868862
0.84958747505,-0.48438756996,0.844396046911,-0.482041575644,0.774442147296,0.716364576829,60.0000111177,59.9999868862
0.849508251245,-0.484290167701,0.84428836781,-0.481933270379,0.774442147296,0.716364576829,60.0000111177,59.9999868862
0.849428907148,-0.484192414088,0.84418049519,-0.481824599585,0.774442147296,0.716364576829,60.0000111177,59.9999868862
0.849349443318,-0.484094308798,0.844072429677,-0.481715563011,0.774442147296,0.716364576829,60.0000111177,59.9999868862
0.84926986031,-0.483995851504,0.843964171989,-0.481606160251,0.774442147296,0.716364576829,60.0000111177,59.9999868862
0.849190158683,-0.483897041884,0.843855722856,-0.481496390879,0.774442147296,0.716364576829,60.0000111177,59.9999868862
0.849110338992,-0.483797879614,0.843747082917,-0.481386254631,0.774442147296,0.716364576829,60.0000111177,59.9999868862
0.849030401875,-0.483698364235,0.8436382528,-0.481275751262,0.774442147296,0.716364576829,60.0000111177,59.9999868862
0.848950348011,-0.48359849521,0.843529233135,-0.481164880525,0.774442147296,0.716364576829,60.0000111177,59.9999868862
0.848870178003,-0.48349827214,0.843420024552,-0.481053642176,0.774442147296,0.716364576829,60.0000111177,59.9999868862
0.848789892408,-0.483397694705,0.843310627681,-0.480942035972,0.774442147296,0.716364576829,60.0000111177,59.9999868862
0.848709491786,-0.483296762586,0.843201043154,-0.480830061669,0.774442147296,0.716364576829,60.0000111177,59.9999868862
0.848628976693,-0.483195475464,0.8430912716,-0.480717719026,0.774442147296,0.716364576829,60.0000111177,59.9999868862
0.848548347687,-0.483093833023,0.842981313653,-0.480605007802,0.774442147296,0.716364576829,60.0000111177,59.9999868862
0.848467605327,-0.482991834947,0.842871169942,-0.480491927757,0.774442147296,0.716364576829,60.0000111177,59.9999868862
0.848386750171,-0.482889480921,0.842760841102,-0.480378478651,0.774442147296,0.716364576829,60.0000111177,59.9999868862
0.848305782777,-0.48278677063,0.84265032786,-0.480264660077,0.774442147296,0.716364576829,60.0000111177,59.9999868862
0.848224703702,-0.482683703762,0.842539630951,-0.48015047162,0.774442147296,0.716364576829,60.0000111177,59.9999868862
0.848143513505,-0.482580280005,0.842428751013,-0.480035913037,0.774442147296,0.716364576829,60.0000111177,59.9999868862
0.848062212744,-0.482476499047,0.842317688678,-0.479920984091,0.774442147296,0.716364576829,60.0000111177,59.9999868862
0.847980801977,-0.482372360578,0.842206444582,-0.479805684546,0.774442147296,0.716364576829,60.0000111177,59.9999868862
0.847899281761,-0.48226786429,0.842095019359,-0.47969001417,0.774442147296,0.716364576829,60.0000111177,59.9999868862
0.847817652752,-0.482163009703,0.841983413644,-0.479573972727,0.774442147296,0.716364576829,60.0000111177,59.9999868862
0.847735915634,-0.48205779629,0.841871628072,-0.479457559986,0.774442147296,0.716364576829,60.0000111177,59.9999868862
0.847654070991,-0.481952223696,0.841759663279,-0.479340775715,0.774442147296,0.716364576829,60.0000111177,59.9999868862
0.847572119383,-0.481846291616,0.841647519902,-0.479223619683,0.774442147296,0.716364576829,60.0000111177,59.9999868862
0.847490061367,-0.481739999743,0.841535198576,-0.479106091659,0.774442147296,0.716364576829,60.0000111177,59.9999868862
0.847407897502,-0.481633347774,0.841422699971,-0.478988191357,0.774442147296,0.716364576829,60.0000111177,59.9999868862
0.847325628346,-0.481526335407,0.841310024824,-0.478869918373,0.774442147296,0.716364576829,60.0000111177,59.9999868862
0.847243254458,-0.481418962337,0.84119717384,-0.478751272362,0.774442147296,0.716364576829,60.0000111177,59.9999868862
0.847160776395,-0.481311228266,0.841084147656,-0.478632253097,0.774442147296,0.716364576829,60.0000111177,59.9999868862
0.847078194717,-0.481203132892,0.840970946911,-0.478512860353,0.774442147296,0.716364576829,60.0000111177,59.9999868862
0.84699550998,-0.481094675916,0.840857572242,-0.478393093904,0.774442147296,0.716364576829,60.0000111177,59.9999868862
0.846912722744,-0.48098585704,0.840744024289,-0.478272953525,0.774442147296,0.716364576829,60.0000111177,59.9999868862
0.846829833567,-0.480876675968,0.840630303691,-0.478152438995,0.774442147296,0.716364576829,60.0000111177,59.9999868862
0.846746843005,-0.480767132403,0.840516411087,-0.47803155009,0.774442147296,0.716364576829,60.0000111177,59.9999868862
0.846663751668,-0.480657225962,0.840402347117,-0.477910286588,0.774442147296,0.716364576829,60.0000111177,59.9999868862
0.846580560238,-0.48054695613,0.84028811242,-0.47778864827,0.774442147296,0.716364576829,60.0000111177,59.9999868862
0.84649726935,-0.48043632248,0.840173707638,-0.477666634916,0.774442147296,0.716364576829,60.0000111177,59.9999868862
0.846413879562,-0.480325324717,0.840059133508,-0.477544246135,0.774442147296,0.716364576829,60.0000111177,59.9999868862
0.846330391431,-0.48021396255,0.83994439077,-0.477421481536,0.774442147296,0.716364576829,60.0000111177,59.9999868862
0.846246805517,-0.480102235688,0.839829480065,-0.4772983409,0.774442147296,0.716364576829,60.0000111177,59.9999868862
0.846163122376,-0.479990143841,0.839714402036,-0.47717482401,0.774442147296,0.716364576829,60.0000111177,59.9999868862
0.846079342568,-0.479877686721,0.839599157325,-0.477050930651,0.774442147296,0.716364576829,60.0000111177,59.9999868862
0.845995466648,-0.479764864038,0.839483746573,-0.476926660607,0.774442147296,0.716364576829,60.0000111177,59.9999868862
0.845911495176,-0.479651675506,0.839368170423,-0.476802013665,0.774442147296,0.716364576829,60.0000111177,59.9999868862
0.845827428709,-0.479538120839,0.839252429517,-0.476676989612,0.774442147296,0.716364576829,60.0000111177,59.9999868862
0.845743267804,-0.479424199752,0.839136524499,-0.476551588236,0.774442147296,0.716364576829,60.0000111177,59.9999868862
0.845659013019,-0.47930991196,0.839020456012,-0.476425809325,0.774442147296,0.716364576829,60.0000111177,59.9999868862
0.84557466491,-0.479195257182,0.838904224698,-0.47629965267,0.774442147296,0.716364576829,60.0000111177,59.9999868862
0.84549022409,-0.47908023504,0.838787831289,-0.476173117909,0.774442147296,0.716364576829,60.0000111177,59.9999868862
0.84540569124,-0.478964845031,0.838671276525,-0.476046204661,0.774442147296,0.716364576829,60.0000111177,59.9999868862
0.845321066988,-0.478849086749,0.83855456106,-0.475918912705,0.774442147296,0.716364576829,60.0000111177,59.9999868862
0.845236351894,-0.478732959913,0.838437685537,-0.475791241832,0.774442147296,0.716364576829,60.0000111177,59.9999868862
0.845151546512,-0.478616464246,0.838320650603,-0.475663191836,0.774442147296,0.716364576829,60.0000111177,59.9999868862
0.845066651402,-0.478499599468,0.8382034569,-0.475534762512,0.774442147296,0.716364576829,60.0000111177,59.9999868862
0.844981667118,-0.478382365304,0.838086105076,-0.475405953656,0.774442147296,0.716364576829,60.0000111177,59.9999868862
0.844896594218,-0.478264761477,0.837968595774,-0.475276765065,0.774442147296,0.716364576829,60.0000111177,59.9999868862
0.844811433259,-0.478146787713,0.837850929642,-0.475147196535,0.774442147296,0.716364576829,60.0000111177,59.9999868862
0.844726184796,-0.478028443738,0.837733107324,-0.475017247866,0.774442147296,0.716364576829,60.0000111177,59.9999868862
0.844640849386,-0.477909729279,0.837615129472,-0.474886918847,0.774442147296,0.716364576829,60.0000111177,59.9999868862
0.844555427586,-0.477790644065,0.837496996825,-0.474756209115,0.774442147296,0.716364576829,60.0000111177,59.9999868862
0.844469919951,-0.477671187824,0.837378710118,-0.474625118317,0.774442147296,0.716364576829,60.0000111177,59.9999868862
0.844384327037,-0.477551360287,0.837260269996,-0.474493646253,0.774442147296,0.716364576829,60.0000111177,59.9999868862
0.844298649504,-0.477431161,0.837141677107,-0.474361792726,0.774442147296,0.716364576829,60.0000111177,59.9999868862
0.844212888033,-0.477310589474,0.837022932097,-0.474229557541,0.774442147296,0.716364576829,60.0000111177,59.9999868862
0.8441270432,-0.477189645405,0.836904035615,-0.474096940502,0.774442147296,0.716364576829,60.0000111177,59.9999868862
0.844041115561,-0.477068328527,0.836784988307,-0.473963941414,0.774442147296,0.716364576829,60.0000111177,59.9999868862
0.84395510567,-0.476946638575,0.836665790822,-0.473830560083,0.774442147296,0.716364576829,60.0000111177,59.9999868862
0.843869014083,-0.476824575284,0.836546443806,-0.473696796316,0.774442147296,0.716364576829,60.0000111177,59.9999868862
0.843782841355,-0.476702138391,0.836426947908,-0.473562649922,0.774442147296,0.716364576829,60.0000111177,59.9999868862
0.84369658804,-0.476579327633,0.8363073038,-0.473428120669,0.774442147296,0.716364576829,60.0000111177,59.9999868862
0.843610254694,-0.476456142749,0.836187512184,-0.47329320827,0.774442147296,0.716364576829,60.0000111177,59.9999868862
0.84352384187,-0.476332583479,0.83606757374,-0.473157912481,0.774442147296,0.716364576829,60.0000111177,59.9999868862
0.843437350123,-0.476208649562,0.835947489114,-0.473022233117,0.774442147296,0.716364576829,60.0000111177,59.9999868862
0.843350780006,-0.476084340742,0.835827258955,-0.47288616999,0.774442147296,0.716364576829,60.0000111177,59.9999868862
0.843264132074,-0.47595965676,0.835706883912,-0.472749722916,0.774442147296,0.716364576829,60.0000111177,59.9999868862
0.843177406954,-0.47583459723,0.835586364632,-0.47261289171,0.774442147296,0.716364576829,60.0000111177,59.9999868862
0.843090605321,-0.475709161679,0.835465701764,-0.472475676189,0.774442147296,0.716364576829,60.0000111177,59.9999868862
0.843003727782,-0.47558334976,0.835344895957,-0.47233807617,0.774442147296,0.716364576829,60.0000111177,59.9999868862
0.842916774888,-0.475457161219,0.835223947859,-0.472200091472,0.774442147296,0.716364576829,60.0000111177,59.9999868862
0.842829747194,-0.475330595804,0.835102858119,-0.472061721915,0.774442147296,0.716364576829,60.0000111177,59.9999868862
0.842742645252,-0.475203653262,0.834981627287,-0.471922967494,0.774442147296,0.716364576829,60.0000111177,59.9999868862
0.842655469614,-0.475076333343,0.834860255911,-0.471783828208,0.774442147296,0.716364576829,60.0000111177,59.9999868862
0.842568220834,-0.474948635796,0.834738744638,-0.471644303884,0.774442147296,0.716364576829,60.0000111177,59.9999868862
0.842480899462,-0.474820560373,0.834617094113,-0.471504394354,0.774442147296,0.716364576829,60.0000111177,59.9999868862
0.842393506051,-0.474692106826,0.834495304981,-0.471364099446,0.774442147296,0.716364576829,60.0000111177,59.9999868862
0.842306041153,-0.474563274908,0.83437337789,-0.471223418993,0.774442147296,0.716364576829,60.0000111177,59.9999868862
0.842218505319,-0.474434064373,0.834251313484,-0.471082352827,0.774442147296,0.716364576829,60.0000111177,59.9999868862
0.8421308991,-0.474304474976,0.83412911241,-0.470940900781,0.774442147296,0.716364576829,60.0000111177,59.9999868862
0.842043223126,-0.474174506333,0.834006775314,-0.47079906269,0.774442147296,0.716364576829,60.0000111177,59.9999868862
0.841955478069,-0.474044157985,0.833884302842,-0.470656838388,0.774442147296,0.716364576829,60.0000111177,59.9999868862
0.841867664524,-0.473913429612,0.833761695655,-0.470514227685,0.774442147296,0.716364576829,60.0000111177,59.9999868862
0.841779783041,-0.473782320974,0.833638954419,-0.470371230385,0.774442147296,0.716364576829,60.0000111177,59.9999868862
0.84169183417,-0.473650831829,0.833516079784,-0.47022784632,0.774442147296,0.716364576829,60.0000111177,59.9999868862
0.84160381846,-0.473518961939,0.833393072395,-0.47008407533,0.774442147296,0.716364576829,60.0000111177,59.9999868862
0.841515736461,-0.473386711066,0.833269932897,-0.469939917257,0.774442147296,0.716364576829,60.0000111177,59.9999868862
0.841427588723,-0.473254078971,0.833146661937,-0.469795371944,0.774442147296,0.716364576829,60.0000111177,59.9999868862
0.841339375794,-0.473121065419,0.833023260158,-0.469650439234,0.774442147296,0.716364576829,60.0000111177,59.9999868862
0.841251098224,-0.472987670175,0.832899728208,-0.469505118973,0.774442147296,0.716364576829,60.0000111177,59.9999868862
0.84116275656,-0.472853893003,0.832776066732,-0.469359411005,0.774442147296,0.716364576829,60.0000111177,59.9999868862
0.84107435135,-0.472719733672,0.832652276376,-0.469213315177,0.774442147296,0.716364576829,60.0000111177,59.9999868862
0.840985883144,-0.472585191948,0.832528357802,-0.469066831306,0.774442147296,0.716364576829,60.0000111177,59.9999868862
0.840897352605,-0.472450267391,0.832404311679,-0.4689199592,0.774442147296,0.716364576829,60.0000111177,59.9999868862
0.840808760401,-0.472314959559,0.832280138659,-0.468772698696,0.774442147296,0.716364576829,60.0000111177,59.9999868862
0.84072010708,-0.472179268219,0.832155839388,-0.468625049647,0.774442147296,0.716364576829,60.0000111177,59.9999868862
0.840631393188,-0.472043193142,0.83203141451,-0.468477011906,0.774442147296,0.716364576829,60.0000111177,59.9999868862
0.840542619272,-0.471906734102,0.831906864669,-0.468328585326,0.774442147296,0.716364576829,60.0000111177,59.9999868862
0.840453785878,-0.471769890872,0.831782190512,-0.468179769762,0.774442147296,0.716364576829,60.0000111177,59.9999868862
0.840364893553,-0.471632663226,0.831657392682,-0.468030565069,0.774442147296,0.716364576829,60.0000111177,59.9999868862
0.840275942841,-0.47149505094,0.831532471825,-0.467880971105,0.774442147296,0.716364576829,60.0000111177,59.9999868862
0.840186934287,-0.471357053789,0.831407428586,-0.467730987726,0.774442147296,0.716364576829,60.0000111177,59.9999868862
0.840097868438,-0.471218671553,0.831282263622,-0.467580614768,0.774442147296,0.716364576829,60.0000111177,59.9999868862
0.840008745837,-0.471079904008,0.831156977594,-0.467429852066,0.774442147296,0.716364576829,60.0000111177,59.9999868862
0.839919567028,-0.470940750934,0.831031571147,-0.467278699476,0.774442147296,0.716364576829,60.0000111177,59.9999868862
0.839830332624,-0.470801211992,0.830906044925,-0.467127156862,0.774442147296,0.716364576829,60.0000111177,59.9999868862
0.839741043282,-0.470661286758,0.830780399573,-0.466975224086,0.774442147296,0.716364576829,60.0000111177,59.9999868862
0.839651699592,-0.47052097493,0.830654635734,-0.466822901015,0.774442147296,0.716364576829,60.0000111177,59.9999868862
0.839562302099,-0.470380276292,0.830528754053,-0.466670187515,0.774442147296,0.716364576829,60.0000111177,59.9999868862
0.839472851343,-0.470239190628,0.830402755172,-0.466517083451,0.774442147296,0.716364576829,60.0000111177,59.9999868862
0.839383347868,-0.470097717723,0.830276639737,-0.466363588691,0.774442147296,0.716364576829,60.0000111177,59.9999868862
0.839293792215,-0.469955857364,0.830150408391,-0.466209703104,0.774442147296,0.716364576829,60.0000111177,59.9999868862
0.839204184926,-0.469813609337,0.830024061784,-0.466055426547,0.774442147296,0.716364576829,60.0000111177,59.9999868862
0.839114526542,-0.469670973432,0.829897600567,-0.46590075888,0.774442147296,0.716364576829,60.0000111177,59.9999868862
0.839024817603,-0.469527949438,0.829771025382,-0.465745699977,0.774442147296,0.716364576829,60.0000111177,59.9999868862
0.83893505865,-0.469384537144,0.829644336871,-0.465590249713,0.774442147296,0.716364576829,60.0000111177,59.9999868862
0.838845250224,-0.469240736343,0.829517535676,-0.465434407962,0.774442147296,0.716364576829,60.0000111177,59.9999868862
0.838755392892,-0.469096546775,0.829390622441,-0.465278174601,0.774442147296,0.716364576829,60.0000111177,59.9999868862
0.838665487262,-0.468951968112,0.829263597806,-0.465121549507,0.774442147296,0.716364576829,60.0000111177,59.9999868862
0.83857553391,-0.468807000081,0.829136462416,-0.464964532558,0.774442147296,0.716364576829,60.0000111177,59.9999868862
0.838485533375,-0.468661642478,0.829009216912,-0.464807123634,0.774442147296,0.716364576829,60.0000111177,59.9999868862
0.838395486193,-0.468515895101,0.828881861935,-0.464649322614,0.774442147296,0.716364576829,60.0000111177,59.9999868862
0.838305392902,-0.468369757749,0.828754398128,-0.464491129382,0.774442147296,0.716364576829,60.0000111177,59.9999868862
0.838215254038,-0.468223230222,0.828626826131,-0.46433254382,0.774442147296,0.716364576829,60.0000111177,59.9999868862
0.838125070137,-0.468076312321,0.828499146585,-0.464173565814,0.774442147296,0.716364576829,60.0000111177,59.9999868862
0.838034841734,-0.467929003846,0.828371360131,-0.464014195249,0.774442147296,0.716364576829,60.0000111177,59.9999868862
0.837944569366,-0.467781304601,0.828243467408,-0.463854432013,0.774442147296,0.716364576829,60.0000111177,59.9999868862
0.837854253567,-0.467633214391,0.828115469059,-0.463694275993,0.774442147296,0.716364576829,60.0000111177,59.9999868862
0.837763894872,-0.467484733018,0.827987365722,-0.463533727078,0.774442147296,0.716364576829,60.0000111177,59.9999868862
0.837673493757,-0.467335860394,0.827859158039,-0.463372785158,0.774442147296,0.716364576829,60.0000111177,59.9999868862
0.837583050635,-0.46718659654,0.82773084665,-0.463211450123,0.774442147296,0.716364576829,60.0000111177,59.9999868862
0.837492565976,-0.467036941379,0.827602432187,-0.463049721877,0.774442147296,0.716364576829,60.0000111177,59.9999868862
0.83740204031,-0.466886894726,0.827473915284,-0.462887600325,0.774442147296,0.716364576829,60.0000111177,59.9999868862
0.837311474163,-0.466736456399,0.827345296579,-0.462725085362,0.774442147296,0.716364576829,60.0000111177,59.9999868862
0.837220868066,-0.466585626216,0.827216576712,-0.462562176884,0.774442147296,0.716364576829,60.0000111177,59.9999868862
0.837130222545,-0.466434403995,0.82708775632,-0.462398874789,0.774442147296,0.716364576829,60.0000111177,59.9999868862
0.837039538128,-0.466282789557,0.826958836042,-0.462235178976,0.774442147296,0.716364576829,60.0000111177,59.9999868862
0.836948815342,-0.466130782722,0.826829816515,-0.462071089344,0.774442147296,0.716364576829,60.0000111177,59.9999868862
0.836858054713,-0.465978383313,0.826700698379,-0.461906605793,0.774442147296,0.716364576829,60.0000111177,59.9999868862
0.836767256766,-0.465825591153,0.826571482271,-0.461741728224,0.774442147296,0.716364576829,60.0000111177,59.9999868862
0.836676422029,-0.465672406066,0.82644216882,-0.461576456553,0.774442147296,0.716364576829,60.0000111177,59.9999868862
0.836585551043,-0.465518827844,0.826312758652,-0.461410790707,0.774442147296,0.716364576829,60.0000111177,59.9999868862
0.836494644359,-0.465364856269,0.8261832524,-0.461244730597,0.774442147296,0.716364576829,60.0000111177,59.9999868862
0.836403702504,-0.46521049116,0.8260536507,-0.461078276129,0.774442147296,0.716364576829,60.0000111177,59.9999868862
0.836312726002,-0.465055732347,0.825923954187,-0.460911427213,0.774442147296,0.716364576829,60.0000111177,59.9999868862
0.836221715375,-0.46490057966,0.825794163499,-0.460744183757,0.774442147296,0.716364576829,60.0000111177,59.9999868862
0.836130671144,-0.464745032934,0.82566427927,-0.460576545671,0.774442147296,0.716364576829,60.0000111177,59.9999868862
0.836039593829,-0.464589092,0.825534302135,-0.460408512866,0.774442147296,0.716364576829,60.0000111177,59.9999868862
0.835948483952,-0.464432756694,0.825404232731,-0.460240085253,0.774442147296,0.716364576829,60.0000111177,59.9999868862
0.835857342033,-0.464276026851,0.825274071684,-0.460071262761,0.774442147296,0.716364576829,60.0000111177,59.9999868862
0.835766168591,-0.464118902307,0.825143819612,-0.459902045332,0.774442147296,0.716364576829,60.0000111177,59.9999868862
0.835674964144,-0.463961382901,0.825013477141,-0.459732432899,0.774442147296,0.716364576829,60.0000111177,59.9999868862
0.835583729219,-0.463803468459,0.824883044904,-0.459562425378,0.774442147296,0.716364576829,60.0000111177,59.9999868862
0.835492464362,-0.463645158768,0.824752523534,-0.45939202269,0.774442147296,0.716364576829,60.0000111177,59.9999868862
0.835401170115,-0.463486453626,0.824621913664,-0.459221224752,0.774442147296,0.716364576829,60.0000111177,59.9999868862
0.835309846993,-0.463327352878,0.824491215928,-0.459050031486,0.774442147296,0.716364576829,60.0000111177,59.9999868862
0.835218495512,-0.463167856367,0.824360430958,-0.458878442814,0.774442147296,0.716364576829,60.0000111177,59.9999868862
0.835127116186,-0.463007963938,0.824229559385,-0.458706458657,0.774442147296,0.716364576829,60.0000111177,59.9999868862
0.835035709531,-0.462847675439,0.824098601835,-0.458534078953,0.774442147296,0.716364576829,60.0000111177,59.9999868862
0.834944276061,-0.462686990717,0.823967558921,-0.458361303662,0.774442147296,0.716364576829,60.0000111177,59.9999868862
0.834852816288,-0.462525909621,0.82383643126,-0.458188132733,0.774442147296,0.716364576829,60.0000111177,59.9999868862
0.834761330725,-0.462364432,0.823705219483,-0.458014566092,0.774442147296,0.716364576829,60.0000111177,59.9999868862
0.834669819886,-0.462202557705,0.823573924221,-0.45784060367,0.774442147296,0.716364576829,60.0000111177,59.9999868862
0.834578284282,-0.462040286588,0.823442546103,-0.457666245397,0.774442147296,0.716364576829,60.0000111177,59.9999868862
0.83448672444,-0.461877618471,0.82331108576,-0.457491491204,0.774442147296,0.716364576829,60.0000111177,59.9999868862
0.83439514089,-0.461714553176,0.82317954382,-0.457316341023,0.774442147296,0.716364576829,60.0000111177,59.9999868862
0.834303534145,-0.461551090551,0.823047920914,-0.457140794786,0.774442147296,0.716364576829,60.0000111177,59.9999868862
0.834211904713,-0.461387230455,0.822916217659,-0.456964852446,0.774442147296,0.716364576829,60.0000111177,59.9999868862
0.834120253102,-0.461222972746,0.822784434662,-0.45678851398,0.774442147296,0.716364576829,60.0000111177,59.9999868862
0.834028579821,-0.461058317285,0.822652572537,-0.45661177935,0.774442147296,0.716364576829,60.0000111177,59.9999868862
0.833936885375,-0.460893263932,0.822520631909,-0.456434648495,0.774442147296,0.716364576829,60.0000111177,59.9999868862
0.833845170271,-0.46072781255,0.822388613407,-0.456257121356,0.774442147296,0.716364576829,60.0000111177,59.9999868862
0.833753435015,-0.460561963,0.822256517657,-0.456079197872,0.774442147296,0.716364576829,60.0000111177,59.9999868862
0.833661680112,-0.460395715147,0.822124345284,-0.455900877985,0.774442147296,0.716364576829,60.0000111177,59.9999868862
0.833569906067,-0.460229068856,0.821992096916,-0.455722161639,0.774442147296,0.716364576829,60.0000111177,59.9999868862
0.83347811339,-0.460062023982,0.821859773178,-0.455543048777,0.774442147296,0.716364576829,60.0000111177,59.9999868862
0.833386302593,-0.459894580376,0.821727374683,-0.455363539366,0.774442147296,0.716364576829,60.0000111177,59.9999868862
0.833294474183,-0.4597267379,0.821594902028,-0.455183633401,0.774442147296,0.716364576829,60.0000111177,59.9999868862
0.83320262866,-0.459558496426,0.821462355826,-0.455003330852,0.774442147296,0.716364576829,60.0000111177,59.9999868862
0.833110766525,-0.459389855827,0.821329736701,-0.454822631669,0.774442147296,0.716364576829,60.0000111177,59.9999868862
0.833018888278,-0.459220815974,0.821197045275,-0.454641535801,0.774442147296,0.716364576829,60.0000111177,59.9999868862
0.832926994418,-0.459051376744,0.821064282172,-0.4544600432,0.774442147296,0.716364576829,60.0000111177,59.9999868862
0.832835085445,-0.45888153801,0.820931448015,-0.454278153817,0.774442147296,0.716364576829,60.0000111177,59.9999868862
0.832743161857,-0.458711299649,0.820798543426,-0.454095867607,0.774442147296,0.716364576829,60.0000111177,59.9999868862
0.832651224151,-0.458540661538,0.820665569026,-0.453913184523,0.774442147296,0.716364576829,60.0000111177,59.9999868862
0.832559272824,-0.458369623556,0.820532525418,-0.453730104559,0.774442147296,0.716364576829,60.0000111177,59.9999868862
0.832467308374,-0.458198185581,0.820399413191,-0.453546627724,0.774442147296,0.716364576829,60.0000111177,59.9999868862
0.832375331296,-0.458026347493,0.820266232958,-0.453362753994,0.774442147296,0.716364576829,60.0000111177,59.9999868862
0.832283342087,-0.457854109174,0.820132985339,-0.453178483327,0.774442147296,0.716364576829,60.0000111177,59.9999868862
0.832191341238,-0.457681470508,0.819999670953,-0.452993815684,0.774442147296,0.716364576829,60.0000111177,59.9999868862
0.832099329242,-0.457508431382,0.81986629042,-0.452808751027,0.774442147296,0.716364576829,60.0000111177,59.9999868862
0.832007306593,-0.457334991681,0.819732844358,-0.452623289318,0.774442147296,0.716364576829,60.0000111177,59.9999868862
0.831915273782,-0.457161151294,0.819599333387,-0.452437430522,0.774442147296,0.716364576829,60.0000111177,59.9999868862
0.831823231299,-0.456986910109,0.819465758123,-0.452251174602,0.774442147296,0.716364576829,60.0000111177,59.9999868862
0.831731179635,-0.456812268017,0.819332119153,-0.452064521582,0.774442147296,0.716364576829,60.0000111177,59.9999868862
0.831639119279,-0.456637224907,0.819198417064,-0.451877471484,0.774442147296,0.716364576829,60.0000111177,59.9999868862
0.831547050721,-0.456461780672,0.819064652472,-0.451690024277,0.774442147296,0.716364576829,60.0000111177,59.9999868862
0.831454974445,-0.456285935212,0.818930825992,-0.451502179931,0.774442147296,0.716364576829,60.0000111177,59.9999868862
0.831362890932,-0.456109688433,0.818796938241,-0.451313938417,0.774442147296,0.716364576829,60.0000111177,59.9999868862
0.831270800666,-0.455933040236,0.818662989834,-0.451125299707,0.774442147296,0.716364576829,60.0000111177,59.9999868862
0.831178704132,-0.455755990519,0.818528981385,-0.450936263773,0.774442147296,0.716364576829,60.0000111177,59.9999868862
0.831086601815,-0.455578539182,0.818394913508,-0.450746830591,0.774442147296,0.716364576829,60.0000111177,59.9999868862
0.830994494198,-0.455400686124,0.818260786804,-0.45055700016,0.774442147296,0.716364576829,60.0000111177,59.9999868862
0.830902381766,-0.455222431247,0.81812660185,-0.45036677252,0.774442147296,0.716364576829,60.0000111177,59.9999868862
0.830810265,-0.455043774453,0.817992359238,-0.450176147688,0.774442147296,0.716364576829,60.0000111177,59.9999868862
0.830718144384,-0.454864715645,0.81785805958,-0.449985125644,0.774442147296,0.716364576829,60.0000111177,59.9999868862
0.830626020397,-0.454685254727,0.817723703488,-0.449793706367,0.774442147296,0.716364576829,60.0000111177,59.9999868862
0.830533893521,-0.454505391605,0.817589291572,-0.449601889839,0.774442147296,0.716364576829,60.0000111177,59.9999868862
0.830441764226,-0.454325126205,0.817454824444,-0.449409676043,0.774442147296,0.716364576829,60.0000111177,59.9999868862
0.830349632976,-0.454144458458,0.817320302714,-0.44921706496,0.774442147296,0.716364576829,60.0000111177,59.9999868862
0.830257500249,-0.453963388277,0.817185726991,-0.449024056577,0.774442147296,0.716364576829,60.0000111177,59.9999868862
0.830165366521,-0.453781915575,0.817051097854,-0.448830650934,0.774442147296,0.716364576829,60.0000111177,59.9999868862
0.830073232268,-0.453600040263,0.816916415875,-0.448636848086,0.774442147296,0.716364576829,60.0000111177,59.9999868862
0.829981097966,-0.453417762255,0.816781681657,-0.448442648031,0.774442147296,0.716364576829,60.0000111177,59.9999868862
0.829888964089,-0.453235081466,0.816646895806,-0.448248050758,0.774442147296,0.716364576829,60.0000111177,59.9999868862
0.829796831112,-0.453051997812,0.816512058931,-0.448053056258,0.774442147296,0.716364576829,60.0000111177,59.9999868862
0.829704699507,-0.452868511209,0.816377171638,-0.447857664521,0.774442147296,0.716364576829,60.0000111177,59.9999868862
0.829612569748,-0.452684621575,0.816242234533,-0.447661875541,0.774442147296,0.716364576829,60.0000111177,59.9999868862
0.829520442303,-0.452500328836,0.816107248222,-0.44746568931,0.774442147296,0.716364576829,60.0000111177,59.9999868862
0.829428317625,-0.452315632944,0.815972213294,-0.447269105852,0.774442147296,0.716364576829,60.0000111177,59.9999868862
0.829336196169,-0.452130533849,0.815837130315,-0.447072125234,0.774442147296,0.716364576829,60.0000111177,59.9999868862
0.829244078404,-0.451945031474,0.815701999866,-0.446874747496,0.774442147296,0.716364576829,60.0000111177,59.9999868862
0.829151964798,-0.451759125744,0.815566822549,-0.446676972637,0.774442147296,0.716364576829,60.0000111177,59.9999868862
0.829059855818,-0.451572816586,0.815431598968,-0.446478800655,0.774442147296,0.716364576829,60.0000111177,59.9999868862
0.828967751931,-0.451386103927,0.815296329724,-0.446280231553,0.774442147296,0.716364576829,60.0000111177,59.9999868862
0.828875653602,-0.451198987694,0.81516101542,-0.44608126533,0.774442147296,0.716364576829,60.0000111177,59.9999868862
0.828783561298,-0.451011467816,0.815025656658,-0.445881901991,0.774442147296,0.716364576829,60.0000111177,59.9999868862
0.828691475482,-0.450823544224,0.814890254036,-0.445682141538,0.774442147296,0.716364576829,60.0000111177,59.9999868862
0.828599396618,-0.450635216848,0.814754808113,-0.445481984058,0.774442147296,0.716364576829,60.0000111177,59.9999868862
0.828507325155,-0.450446485647,0.814619319445,-0.445281429632,0.774442147296,0.716364576829,60.0000111177,59.9999868862
0.828415261532,-0.450257350596,0.814483788632,-0.445080478268,0.774442147296,0.716364576829,60.0000111177,59.9999868862
0.828323206203,-0.450067811643,0.814348216271,-0.444879129976,0.774442147296,0.716364576829,60.0000111177,59.9999868862
0.828231159628,-0.449877868726,0.814212602961,-0.444677384765,0.774442147296,0.716364576829,60.0000111177,59.9999868862
0.828139122266,-0.449687521783,0.814076949298,-0.444475242645,0.774442147296,0.716364576829,60.0000111177,59.9999868862
0.828047094574,-0.449496770753,0.81394125588,-0.444272703628,0.774442147296,0.716364576829,60.0000111177,59.9999868862
0.827955077011,-0.449305615577,0.813805523303,-0.444069767726,0.774442147296,0.716364576829,60.0000111177,59.9999868862
0.827863070032,-0.449114056196,0.81366975213,-0.443866435015,0.774442147296,0.716364576829,60.0000111177,59.9999868862
0.827771074095,-0.448922092551,0.813533942907,-0.443662705596,0.774442147296,0.716364576829,60.0000111177,59.9999868862
0.827679089654,-0.448729724588,0.813398096215,-0.443458579513,0.774442147296,0.716364576829,60.0000111177,59.9999868862
0.827587117157,-0.44853695226,0.813262212647,-0.443254056782,0.774442147296,0.716364576829,60.0000111177,59.9999868862
0.827495157031,-0.448343775564,0.813126292798,-0.443049137423,0.774442147296,0.716364576829,60.0000111177,59.9999868862
0.82740320971,-0.448150194482,0.812990337258,-0.442843821454,0.774442147296,0.716364576829,60.0000111177,59.9999868862
0.827311275643,-0.447956208966,0.812854346621,-0.442638108898,0.774442147296,0.716364576829,60.0000111177,59.9999868862
0.827219355281,-0.447761818966,0.812718321478,-0.442431999773,0.774442147296,0.716364576829,60.0000111177,59.9999868862
0.827127449074,-0.447567024432,0.812582262396,-0.442225494149,0.774442147296,0.716364576829,60.0000111177,59.9999868862
0.827035557471,-0.447371825318,0.812446169913,-0.442018592142,0.774442147296,0.716364576829,60.0000111177,59.9999868862
0.826943680918,-0.447176221577,0.812310044592,-0.441811293831,0.774442147296,0.716364576829,60.0000111177,59.9999868862
0.826851819865,-0.446980213163,0.81217388702,-0.441603599242,0.774442147296,0.716364576829,60.0000111177,59.9999868862
0.826759974757,-0.446783800032,0.812037697786,-0.441395508403,0.774442147296,0.716364576829,60.0000111177,59.9999868862
0.82666814604,-0.44658698214,0.811901477478,-0.441187021343,0.774442147296,0.716364576829,60.0000111177,59.9999868862
0.826576334133,-0.446389759494,0.811765226682,-0.440978138091,0.774442147296,0.716364576829,60.0000111177,59.9999868862
0.82648453945,-0.446192132108,0.811628945986,-0.440768858677,0.774442147296,0.716364576829,60.0000111177,59.9999868862
0.826392762429,-0.445994099948,0.81149263596,-0.440559183161,0.774442147296,0.716364576829,60.0000111177,59.9999868862
0.826301003514,-0.445795662977,0.811356297133,-0.440349111679,0.774442147296,0.716364576829,60.0000111177,59.9999868862
0.826209263145,-0.445596821158,0.811219930049,-0.44013864434,0.774442147296,0.716364576829,60.0000111177,59.9999868862
0.826117541762,-0.445397574455,0.811083535293,-0.43992778118,0.774442147296,0.716364576829,60.0000111177,59.9999868862
0.826025839804,-0.445197922835,0.810947113446,-0.439716522235,0.774442147296,0.716364576829,60.0000111177,59.9999868862
0.825934157709,-0.444997866263,0.810810665092,-0.439504867543,0.774442147296,0.716364576829,60.0000111177,59.9999868862
0.825842495914,-0.444797404708,0.810674190813,-0.439292817143,0.774442147296,0.716364576829,60.0000111177,59.9999868862
0.825750854858,-0.444596538137,0.81053769119,-0.439080371073,0.774442147296,0.716364576829,60.0000111177,59.9999868862
0.825659234953,-0.444395266562,0.810401166795,-0.438867529391,0.774442147296,0.716364576829,60.0000111177,59.9999868862
0.8255676366,-0.444193590017,0.81026461815,-0.438654292247,0.774442147296,0.716364576829,60.0000111177,59.9999868862
0.825476060223,-0.443991508496,0.810128045782,-0.438440659777,0.774442147296,0.716364576829,60.0000111177,59.9999868862
0.825384506253,-0.443789021971,0.80999145027,-0.438226632028,0.774442147296,0.716364576829,60.0000111177,59.9999868862
0.825292975122,-0.443586130421,0.809854832193,-0.438012209043,0.774442147296,0.716364576829,60.0000111177,59.9999868862
0.825201467262,-0.443382833819,0.809718192127,-0.437797390869,0.774442147296,0.716364576829,60.0000111177,59.9999868862
0.825109983101,-0.443179132145,0.809581530649,-0.437582177554,0.774442147296,0.716364576829,60.0000111177,59.9999868862
0.825018523071,-0.442975025376,0.809444848336,-0.437366569145,0.774442147296,0.716364576829,60.0000111177,59.9999868862
0.824927087599,-0.442770513492,0.809308145758,-0.437150565701,0.774442147296,0.716364576829,60.0000111177,59.9999868862
0.824835677113,-0.442565596474,0.809171423436,-0.436934167373,0.774442147296,0.716364576829,60.0000111177,59.9999868862
0.82474429202,-0.442360274337,0.809034681891,-0.436717374308,0.774442147296,0.716364576829,60.0000111177,59.9999868862
0.824652932712,-0.44215454713,0.808897921698,-0.436500186558,0.774442147296,0.716364576829,60.0000111177,59.9999868862
0.824561599597,-0.441948414868,0.808761143429,-0.436282604179,0.774442147296,0.716364576829,60.0000111177,59.9999868862
0.824470293098,-0.441741877539,0.808624347655,-0.436064627225,0.774442147296,0.716364576829,60.0000111177,59.9999868862
0.824379013638,-0.441534935128,0.808487534949,-0.435846255751,0.774442147296,0.716364576829,60.0000111177,59.9999868862
0.824287761637,-0.441327587625,0.808350705881,-0.435627489815,0.774442147296,0.716364576829,60.0000111177,59.9999868862
0.824196537518,-0.441119835018,0.808213861018,-0.435408329481,0.774442147296,0.716364576829,60.0000111177,59.9999868862
0.824105341701,-0.440911677297,0.80807700087,-0.435188774915,0.774442147296,0.716364576829,60.0000111177,59.9999868862
0.824014174603,-0.440703114455,0.807940125953,-0.434968826277,0.774442147296,0.716364576829,60.0000111177,59.9999868862
0.823923036645,-0.440494146482,0.807803236836,-0.434748483628,0.774442147296,0.716364576829,60.0000111177,59.9999868862
0.823831928224,-0.440284773408,0.807666334084,-0.434527747031,0.774442147296,0.716364576829,60.0000111177,59.9999868862
0.823740849717,-0.440074995302,0.807529418264,-0.43430661655,0.774442147296,0.716364576829,60.0000111177,59.9999868862
0.823649801518,-0.4398648122,0.807392489943,-0.434085092248,0.774442147296,0.716364576829,60.0000111177,59.9999868862
0.823558784041,-0.4396542241,0.807255549685,-0.433863174192,0.774442147296,0.716364576829,60.0000111177,59.9999868862
0.823467797699,-0.439443231001,0.807118598049,-0.433640862458,0.774442147296,0.716364576829,60.0000111177,59.9999868862
0.823376842905,-0.439231832902,0.806981635538,-0.433418157228,0.774442147296,0.716364576829,60.0000111177,59.9999868862
0.82328592007,-0.439020029804,0.80684466266,-0.43319505867,0.774442147296,0.716364576829,60.0000111177,59.9999868862
0.823195029605,-0.43880782171,0.806707679977,-0.432971566856,0.774442147296,0.716364576829,60.0000111177,59.9999868862
0.823104171919,-0.438595208622,0.806570688052,-0.432747681856,0.774442147296,0.716364576829,60.0000111177,59.9999868862
0.823013347422,-0.438382190544,0.806433687444,-0.432523403741,0.774442147296,0.716364576829,60.0000111177,59.9999868862
0.8229225565,-0.438168767519,0.806296678715,-0.432298732585,0.774442147296,0.716364576829,60.0000111177,59.9999868862
0.82283179952,-0.437954939633,0.806159662423,-0.43207366846,0.774442147296,0.716364576829,60.0000111177,59.9999868862
0.822741076866,-0.437740706931,0.806022639115,-0.431848211465,0.774442147296,0.716364576829,60.0000111177,59.9999868862
0.822650388942,-0.437526069424,0.805885609286,-0.431622361795,0.774442147296,0.716364576829,60.0000111177,59.9999868862
0.822559736152,-0.437311027121,0.805748573441,-0.431396119621,0.774442147296,0.716364576829,60.0000111177,59.9999868862
0.8224691189,-0.437095580034,0.805611532136,-0.431169485024,0.774442147296,0.716364576829,60.0000111177,59.9999868862
0.822378537587,-0.436879728176,0.805474485927,-0.430942458081,0.774442147296,0.716364576829,60.0000111177,59.9999868862
0.822287992614,-0.43666347156,0.805337435369,-0.430715038874,0.774442147296,0.716364576829,60.0000111177,59.9999868862
0.822197484381,-0.436446810199,0.805200381017,-0.430487227482,0.774442147296,0.716364576829,60.0000111177,59.9999868862
0.822107013288,-0.43622974411,0.805063323425,-0.430259023988,0.774442147296,0.716364576829,60.0000111177,59.9999868862
0.822016579707,-0.436012273358,0.804926263122,-0.430030428516,0.774442147296,0.716364576829,60.0000111177,59.9999868862
0.821926183989,-0.435794398046,0.804789200596,-0.429801441273,0.774442147296,0.716364576829,60.0000111177,59.9999868862
0.821835826515,-0.435576118225,0.804652136353,-0.429572062428,0.774442147296,0.716364576829,60.0000111177,59.9999868862
0.821745507678,-0.435357433917,0.804515070943,-0.429342292069,0.774442147296,0.716364576829,60.0000111177,59.9999868862
0.821655227872,-0.435138345143,0.804378004917,-0.429112130281,0.774442147296,0.716364576829,60.0000111177,59.9999868862
0.821564987492,-0.434918851926,0.804240938822,-0.428881577154,0.774442147296,0.716364576829,60.0000111177,59.9999868862
0.821474786928,-0.434698954289,0.804103873209,-0.428650632777,0.774442147296,0.716364576829,60.0000111177,59.9999868862
0.821384626573,-0.434478652259,0.803966808624,-0.428419297238,0.774442147296,0.716364576829,60.0000111177,59.9999868862
0.821294506817,-0.434257945859,0.803829745579,-0.428187570696,0.774442147296,0.716364576829,60.0000111177,59.9999868862
0.821204428049,-0.434036835116,0.803692684554,-0.427955453368,0.774442147296,0.716364576829,60.0000111177,59.9999868862
0.821114390621,-0.43381532013,0.803555626059,-0.427722945411,0.774442147296,0.716364576829,60.0000111177,59.9999868862
0.82102439487,-0.433593401022,0.80341857064,-0.427490046921,0.774442147296,0.716364576829,60.0000111177,59.9999868862
0.820934441171,-0.433371077845,0.80328151884,-0.427256757991,0.774442147296,0.716364576829,60.0000111177,59.9999868862
0.820844529911,-0.433148350629,0.803144471202,-0.427023078718,0.774442147296,0.716364576829,60.0000111177,59.9999868862
0.820754661473,-0.432925219409,0.803007428269,-0.4267890092,0.774442147296,0.716364576829,60.0000111177,59.9999868862
0.820664836241,-0.432701684217,0.802870390582,-0.426554549535,0.774442147296,0.716364576829,60.0000111177,59.9999868862
0.820575054596,-0.43247774509,0.80273335863,-0.426319699918,0.774442147296,0.716364576829,60.0000111177,59.9999868862
0.820485316921,-0.432253402062,0.802596332882,-0.426084460584,0.774442147296,0.716364576829,60.0000111177,59.9999868862
0.820395623596,-0.43202865517,0.802459313858,-0.425848831669,0.774442147296,0.716364576829,60.0000111177,59.9999868862
0.820305974999,-0.431803504455,0.802322302098,-0.425612813276,0.774442147296,0.716364576829,60.0000111177,59.9999868862
0.820216371457,-0.431577950055,0.802185298138,-0.425376405509,0.774442147296,0.716364576829,60.0000111177,59.9999868862
0.820126813293,-0.431351992114,0.802048302514,-0.425139608471,0.774442147296,0.716364576829,60.0000111177,59.9999868862
0.820037300882,-0.431125630672,0.801911315765,-0.424902422268,0.774442147296,0.716364576829,60.0000111177,59.9999868862
0.819947834602,-0.430898865774,0.801774338424,-0.424664847005,0.774442147296,0.716364576829,60.0000111177,59.9999868862
0.819858414825,-0.430671697463,0.801637370952,-0.424426882928,0.774442147296,0.716364576829,60.0000111177,59.9999868862
0.819769041925,-0.430444125784,0.801500413811,-0.424188530284,0.774442147296,0.716364576829,60.0000111177,59.9999868862
0.819679716275,-0.430216150784,0.801363467532,-0.423949789183,0.774442147296,0.716364576829,60.0000111177,59.9999868862
0.819590438246,-0.429987772509,0.801226532648,-0.423710659735,0.774442147296,0.716364576829,60.0000111177,59.9999868862
0.819501208208,-0.429758991007,0.801089609689,-0.423471142052,0.774442147296,0.716364576829,60.0000111177,59.9999868862
0.819412026513,-0.429529806362,0.800952699187,-0.423231236246,0.774442147296,0.716364576829,60.0000111177,59.9999868862
0.819322893471,-0.429300218735,0.80081580167,-0.422990942429,0.774442147296,0.716364576829,60.0000111177,59.9999868862
0.819233809408,-0.429070228256,0.800678917646,-0.422750260758,0.774442147296,0.716364576829,60.0000111177,59.9999868862
0.819144774692,-0.428839834977,0.800542047565,-0.422509191493,0.774442147296,0.716364576829,60.0000111177,59.9999868862
0.819055789686,-0.428609038953,0.800405191903,-0.422267734851,0.774442147296,0.716364576829,60.0000111177,59.9999868862
0.818966854755,-0.428377840239,0.800268351184,-0.42202589095,0.774442147296,0.716364576829,60.0000111177,59.9999868862
0.818877970263,-0.42814623889,0.800131525934,-0.421783659907,0.774442147296,0.716364576829,60.0000111177,59.9999868862
0.818789136571,-0.427914234965,0.799994716679,-0.421541041843,0.774442147296,0.716364576829,60.0000111177,59.9999868862
0.818700354042,-0.42768182852,0.799857923942,-0.421298036875,0.774442147296,0.716364576829,60.0000111177,59.9999868862
0.818611623034,-0.427449019614,0.799721148246,-0.421054645126,0.774442147296,0.716364576829,60.0000111177,59.9999868862
0.818522943866,-0.427215808389,0.799584390064,-0.420810866812,0.774442147296,0.716364576829,60.0000111177,59.9999868862
0.818434316833,-0.426982195026,0.799447649838,-0.420566702205,0.774442147296,0.716364576829,60.0000111177,59.9999868862
0.81834574227,-0.426748179629,0.79931092806,-0.420322151486,0.774442147296,0.716364576829,60.0000111177,59.9999868862
0.818257220535,-0.42651376226,0.79917422525,-0.420077214778,0.774442147296,0.716364576829,60.0000111177,59.9999868862
0.81816875198,-0.426278942987,0.799037541927,-0.419831892207,0.774442147296,0.716364576829,60.0000111177,59.9999868862
0.818080336961,-0.426043721874,0.798900878608,-0.4195861839,0.774442147296,0.716364576829,60.0000111177,59.9999868862
0.817991975831,-0.425808098988,0.798764235812,-0.419340089985,0.774442147296,0.716364576829,60.0000111177,59.9999868862
0.817903668941,-0.425572074397,0.798627614055,-0.41909361059,0.774442147296,0.716364576829,60.0000111177,59.9999868862
0.817815416643,-0.42533564817,0.79849101377,-0.418846746001,0.774442147296,0.716364576829,60.0000111177,59.9999868862
0.817727219282,-0.425098820387,0.798354435392,-0.4185994965,0.774442147296,0.716364576829,60.0000111177,59.9999868862
0.817639077138,-0.424861591248,0.798217879435,-0.41835186222,0.774442147296,0.716364576829,60.0000111177,59.9999868862
0.8175509905,-0.424623960942,0.798081346412,-0.418103843294,0.774442147296,0.716364576829,60.0000111177,59.9999868862
0.817462959714,-0.424385929543,0.797944836836,-0.417855439854,0.774442147296,0.716364576829,60.0000111177,59.9999868862
0.817374985126,-0.424147497127,0.797808351217,-0.417606652035,0.774442147296,0.716364576829,60.0000111177,59.9999868862
0.817287067079,-0.423908663769,0.797671890067,-0.417357479971,0.774442147296,0.716364576829,60.0000111177,59.9999868862
0.817199205918,-0.423669429545,0.797535453862,-0.417107923864,0.774442147296,0.716364576829,60.0000111177,59.9999868862
0.817111401986,-0.423429794533,0.797399043026,-0.416857984011,0.774442147296,0.716364576829,60.0000111177,59.9999868862
0.817023655624,-0.423189758812,0.797262658019,-0.416607660642,0.774442147296,0.716364576829,60.0000111177,59.9999868862
0.816935967173,-0.422949322461,0.797126299348,-0.416356953896,0.774442147296,0.716364576829,60.0000111177,59.9999868862
0.816848336938,-0.422708485626,0.79698996752,-0.416105863915,0.774442147296,0.716364576829,60.0000111177,59.9999868862
0.816760765197,-0.422467248509,0.796853663041,-0.415854390837,0.774442147296,0.716364576829,60.0000111177,59.9999868862
0.816673252259,-0.422225611247,0.796717386414,-0.415602534805,0.774442147296,0.716364576829,60.0000111177,59.9999868862
0.816585798459,-0.421983573924,0.796581138144,-0.415350295961,0.774442147296,0.716364576829,60.0000111177,59.9999868862
0.816498404134,-0.421741136625,0.796444918661,-0.415097674587,0.774442147296,0.716364576829,60.0000111177,59.9999868862
0.816411069618,-0.421498299438,0.796308728381,-0.414844670993,0.774442147296,0.716364576829,60.0000111177,59.9999868862
0.816323795243,-0.421255062448,0.796172567793,-0.414591285349,0.774442147296,0.716364576829,60.0000111177,59.9999868862
0.816236581343,-0.421011425743,0.796036437397,-0.414337517802,0.774442147296,0.716364576829,60.0000111177,59.9999868862
0.816149428248,-0.420767389413,0.795900337692,-0.414083368498,0.774442147296,0.716364576829,60.0000111177,59.9999868862
0.816062336286,-0.420522953555,0.795764269178,-0.413828837586,0.774442147296,0.716364576829,60.0000111177,59.9999868862
0.815975305721,-0.420278118385,0.795628232351,-0.413573925213,0.774442147296,0.716364576829,60.0000111177,59.9999868862
0.815888336821,-0.420032884111,0.795492227682,-0.413318631583,0.774442147296,0.716364576829,60.0000111177,59.9999868862
0.815801429913,-0.419787250828,0.795356255578,-0.413062957017,0.774442147296,0.716364576829,60.0000111177,59.9999868862
0.815714585323,-0.419541218631,0.795220316473,-0.412806901782,0.774442147296,0.716364576829,60.0000111177,59.9999868862
0.815627803375,-0.419294787614,0.795084410862,-0.412550466032,0.774442147296,0.716364576829,60.0000111177,59.9999868862
0.815541084394,-0.419047957874,0.794948539239,-0.412293649919,0.774442147296,0.716364576829,60.0000111177,59.9999868862
0.815454428703,-0.418800729509,0.794812702095,-0.412036453599,0.774442147296,0.716364576829,60.0000111177,59.9999868862
0.815367836624,-0.418553102616,0.794676899922,-0.411778877226,0.774442147296,0.716364576829,60.0000111177,59.9999868862
0.815281308478,-0.418305077294,0.794541133213,-0.411520920955,0.774442147296,0.716364576829,60.0000111177,59.9999868862
0.815194844542,-0.418056653725,0.794405402382,-0.411262585085,0.774442147296,0.716364576829,60.0000111177,59.9999868862
0.815108445068,-0.417807832142,0.794269707828,-0.41100386995,0.774442147296,0.716364576829,60.0000111177,59.9999868862
0.815022110348,-0.417558612698,0.794134050023,-0.410744775742,0.774442147296,0.716364576829,60.0000111177,59.9999868862
0.814935840698,-0.417308995498,0.793998429452,-0.41048530262,0.774442147296,0.716364576829,60.0000111177,59.9999868862
0.814849636433,-0.417058980645,0.793862846603,-0.410225450746,0.774442147296,0.716364576829,60.0000111177,59.9999868862
0.814763497869,-0.416808568245,0.793727301961,-0.40996522028,0.774442147296,0.716364576829,60.0000111177,59.9999868862
0.814677425319,-0.416557758405,0.793591796011,-0.409704611384,0.774442147296,0.716364576829,60.0000111177,59.9999868862
0.814591419095,-0.416306551231,0.793456329205,-0.409443624279,0.774442147296,0.716364576829,60.0000111177,59.9999868862
0.814505479508,-0.416054946832,0.793320901934,-0.409182259312,0.774442147296,0.716364576829,60.0000111177,59.9999868862
0.814419606855,-0.415802945347,0.793185514617,-0.408920516768,0.774442147296,0.716364576829,60.0000111177,59.9999868862
0.814333801373,-0.415550547025,0.793050167735,-0.408658396813,0.774442147296,0.716364576829,60.0000111177,59.9999868862
0.814248063315,-0.415297752087,0.792914861767,-0.408395899614,0.774442147296,0.716364576829,60.0000111177,59.9999868862
0.814162392987,-0.415044560645,0.792779597193,-0.408133025337,0.774442147296,0.716364576829,60.0000111177,59.9999868862
0.814076790697,-0.414790972814,0.792644374492,-0.407869774152,0.774442147296,0.716364576829,60.0000111177,59.9999868862
0.813991256749,-0.414536988707,0.792509194141,-0.407606146226,0.774442147296,0.716364576829,60.0000111177,59.9999868862
0.813905791447,-0.41428260844,0.792374056533,-0.407342141891,0.774442147296,0.716364576829,60.0000111177,59.9999868862
0.813820395094,-0.414027832129,0.792238962048,-0.407077761505,0.774442147296,0.716364576829,60.0000111177,59.9999868862
0.813735067992,-0.413772659891,0.792103911148,-0.406813005264,0.774442147296,0.716364576829,60.0000111177,59.9999868862
0.813649810442,-0.413517091845,0.791968904308,-0.406547873339,0.774442147296,0.716364576829,60.0000111177,59.9999868862
0.813564622682,-0.413261128232,0.791833942,-0.406282365905,0.774442147296,0.716364576829,60.0000111177,59.9999868862
0.813479504936,-0.413004769318,0.791699024697,-0.406016483135,0.774442147296,0.716364576829,60.0000111177,59.9999868862
0.813394457491,-0.412748015246,0.791564152869,-0.405750225204,0.774442147296,0.716364576829,60.0000111177,59.9999868862
0.813309480644,-0.412490866139,0.791429326943,-0.405483592371,0.774442147296,0.716364576829,60.0000111177,59.9999868862
0.81322457469,-0.412233322119,0.791294547292,-0.405216585004,0.774442147296,0.716364576829,60.0000111177,59.9999868862
0.813139739924,-0.411975383311,0.791159814328,-0.404949203389,0.774442147296,0.716364576829,60.0000111177,59.9999868862
0.813054976639,-0.411717049841,0.791025128519,-0.404681447705,0.774442147296,0.716364576829,60.0000111177,59.9999868862
0.812970285128,-0.411458321833,0.790890490331,-0.404413318129,0.774442147296,0.716364576829,60.0000111177,59.9999868862
0.812885665683,-0.411199199414,0.79075590023,-0.404144814843,0.774442147296,0.716364576829,60.0000111177,59.9999868862
0.812801118553,-0.410939682791,0.790621358681,-0.403875938027,0.774442147296,0.716364576829,60.0000111177,59.9999868862
0.812716643954,-0.410679772241,0.790486866144,-0.403606687867,0.774442147296,0.716364576829,60.0000111177,59.9999868862
0.812632242139,-0.410419467964,0.790352422984,-0.403337064742,0.774442147296,0.716364576829,60.0000111177,59.9999868862
0.812547913393,-0.410158770092,0.790218029563,-0.403067069028,0.774442147296,0.716364576829,60.0000111177,59.9999868862
0.812463658002,-0.409897678756,0.790083686342,-0.402796700907,0.774442147296,0.716364576829,60.0000111177,59.9999868862
0.812379476253,-0.409636194091,0.789949393783,-0.402525960567,0.774442147296,0.716364576829,60.0000111177,59.9999868862
0.812295368429,-0.409374316228,0.789815152343,-0.402254848191,0.774442147296,0.716364576829,60.0000111177,59.9999868862
0.812211334813,-0.409112045304,0.789680962482,-0.401983363967,0.774442147296,0.716364576829,60.0000111177,59.9999868862
0.812127375687,-0.408849381452,0.789546824658,-0.401711508081,0.774442147296,0.716364576829,60.0000111177,59.9999868862
0.812043491313,-0.408586324845,0.78941273926,-0.40143928085,0.774442147296,0.716364576829,60.0000111177,59.9999868862
0.811959681894,-0.408322875776,0.789278706642,-0.401166682664,0.774442147296,0.716364576829,60.0000111177,59.9999868862
0.811875947649,-0.408059034502,0.789144727221,-0.400893713788,0.774442147296,0.716364576829,60.0000111177,59.9999868862
0.811792288854,-0.407794801162,0.789010801451,-0.400620374411,0.774442147296,0.716364576829,60.0000111177,59.9999868862
0.811708705787,-0.407530175899,0.788876929784,-0.400346664725,0.774442147296,0.716364576829,60.0000111177,59.9999868862
0.811625198722,-0.407265158852,0.788743112673,-0.400072584923,0.774442147296,0.716364576829,60.0000111177,59.9999868862
0.811541767935,-0.406999750165,0.788609350568,-0.399798135195,0.774442147296,0.716364576829,60.0000111177,59.9999868862
0.811458413698,-0.406733949979,0.788475643891,-0.399523315791,0.774442147296,0.716364576829,60.0000111177,59.9999868862
0.811375136284,-0.40646775844,0.788341992987,-0.399248127113,0.774442147296,0.716364576829,60.0000111177,59.9999868862
0.811291935965,-0.406201175691,0.788208398227,-0.398972569508,0.774442147296,0.716364576829,60.0000111177,59.9999868862
0.811208812932,-0.405934202033,0.788074860057,-0.398696643172,0.774442147296,0.716364576829,60.0000111177,59.9999868862
0.811125767375,-0.405666837776,0.787941378924,-0.398420348302,0.774442147296,0.716364576829,60.0000111177,59.9999868862
0.811042799557,-0.405399083074,0.787807955273,-0.398143685096,0.774442147296,0.716364576829,60.0000111177,59.9999868862
0.810959909747,-0.405130938075,0.787674589548,-0.397866653751,0.774442147296,0.716364576829,60.0000111177,59.9999868862
0.810877098209,-0.404862402928,0.787541282194,-0.397589254467,0.774442147296,0.716364576829,60.0000111177,59.9999868862
0.81079436521,-0.404593477786,0.787408033555,-0.397311487635,0.774442147296,0.716364576829,60.0000111177,59.9999868862
0.810711711012,-0.404324162798,0.787274843965,-0.397033353671,0.774442147296,0.716364576829,60.0000111177,59.9999868862
0.810629135879,-0.404054458117,0.787141713855,-0.396754852794,0.774442147296,0.716364576829,60.0000111177,59.9999868862
0.810546640072,-0.403784363895,0.787008643665,-0.396475985207,0.774442147296,0.716364576829,60.0000111177,59.9999868862
0.810464223792,-0.403513880409,0.786875633833,-0.396196751113,0.774442147296,0.716364576829,60.0000111177,59.9999868862
0.810381887214,-0.403243007982,0.786742684799,-0.395917150714,0.774442147296,0.716364576829,60.0000111177,59.9999868862
0.810299630575,-0.402971746816,0.786609796997,-0.395637184215,0.774442147296,0.716364576829,60.0000111177,59.9999868862
0.81021745413,-0.402700097068,0.786476970803,-0.395356851945,0.774442147296,0.716364576829,60.0000111177,59.9999868862
0.810135358137,-0.402428058896,0.78634420654,-0.395076154328,0.774442147296,0.716364576829,60.0000111177,59.9999868862
0.810053342852,-0.40215563246,0.786211504597,-0.394795091665,0.774442147296,0.716364576829,60.0000111177,59.9999868862
0.809971408528,-0.401882817917,0.786078865407,-0.394513664162,0.774442147296,0.716364576829,60.0000111177,59.9999868862
0.809889555418,-0.40160961543,0.785946289401,-0.394231872027,0.774442147296,0.716364576829,60.0000111177,59.9999868862
0.809807783776,-0.401336025158,0.785813777011,-0.393949715471,0.774442147296,0.716364576829,60.0000111177,59.9999868862
0.809726093808,-0.401062047352,0.785681328668,-0.3936671947,0.774442147296,0.716364576829,60.0000111177,59.9999868862
0.809644485678,-0.400787682351,0.785548944772,-0.393384309982,0.774442147296,0.716364576829,60.0000111177,59.9999868862
0.809562959592,-0.400512930403,0.78541662564,-0.39310106175,0.774442147296,0.716364576829,60.0000111177,59.9999868862
0.809481515799,-0.400237791675,0.785284371617,-0.392817450383,0.774442147296,0.716364576829,60.0000111177,59.9999868862
0.809400154545,-0.399962266333,0.785152183129,-0.392533476094,0.774442147296,0.716364576829,60.0000111177,59.9999868862
0.809318876076,-0.399686354542,0.7850200606,-0.392249139097,0.774442147296,0.716364576829,60.0000111177,59.9999868862
0.809237680636,-0.39941005647,0.784888004456,-0.391964439604,0.774442147296,0.716364576829,60.0000111177,59.9999868862
0.809156568471,-0.399133372286,0.784756015121,-0.391679377832,0.774442147296,0.716364576829,60.0000111177,59.9999868862
0.809075539822,-0.398856302159,0.784624093017,-0.391393953993,0.774442147296,0.716364576829,60.0000111177,59.9999868862
0.808994594904,-0.398578846315,0.784492238458,-0.39110816852,0.774442147296,0.716364576829,60.0000111177,59.9999868862
0.808913733867,-0.398301005106,0.784360451753,-0.390822021856,0.774442147296,0.716364576829,60.0000111177,59.9999868862
0.808832956891,-0.398022778826,0.784228733313,-0.390535514234,0.774442147296,0.716364576829,60.0000111177,59.9999868862
0.808752264214,-0.397744167649,0.784097083558,-0.390248645871,0.774442147296,0.716364576829,60.0000111177,59.9999868862
0.808671656074,-0.397465171749,0.783965502906,-0.389961416987,0.774442147296,0.716364576829,60.0000111177,59.9999868862
0.808591132707,-0.3971857913,0.783833991773,-0.3896738278,0.774442147296,0.716364576829,60.0000111177,59.9999868862
0.808510694348,-0.396906026477,0.783702550577,-0.389385878531,0.774442147296,0.716364576829,60.0000111177,59.9999868862
0.808430341232,-0.396625877457,0.783571179656,-0.389097569551,0.774442147296,0.716364576829,60.0000111177,59.9999868862
0.808350073592,-0.396345344415,0.78343987931,-0.388808901314,0.774442147296,0.716364576829,60.0000111177,59.9999868862
0.808269891647,-0.396064427557,0.783308649911,-0.388519874126,0.774442147296,0.716364576829,60.0000111177,59.9999868862
0.808189795538,-0.395783127247,0.78317749187,-0.388230488211,0.774442147296,0.716364576829,60.0000111177,59.9999868862
0.808109785417,-0.395501443821,0.783046405598,-0.387940743792,0.774442147296,0.716364576829,60.0000111177,59.9999868862
0.808029861513,-0.395219377461,0.782915391507,-0.387650641093,0.774442147296,0.716364576829,60.0000111177,59.9999868862
0.807950024054,-0.394936928349,0.782784450005,-0.38736018034,0.774442147296,0.716364576829,60.0000111177,59.9999868862
0.807870273267,-0.394654096666,0.782653581459,-0.387069361843,0.774442147296,0.716364576829,60.0000111177,59.9999868862
0.807790609377,-0.394370882596,0.782522786158,-0.386778186067,0.774442147296,0.716364576829,60.0000111177,59.9999868862
0.807711032611,-0.394087286322,0.782392064431,-0.386486653395,0.774442147296,0.716364576829,60.0000111177,59.9999868862
0.807631543191,-0.393803308028,0.782261416685,-0.386194764053,0.774442147296,0.716364576829,60.0000111177,59.9999868862
0.80755214134,-0.3935189479,0.782130843324,-0.385902518271,0.774442147296,0.716364576829,60.0000111177,59.9999868862
0.807472827188,-0.393234206312,0.782000344752,-0.385609916277,0.774442147296,0.716364576829,60.0000111177,59.9999868862
0.807393600863,-0.392949083644,0.78186992137,-0.385316958302,0.774442147296,0.716364576829,60.0000111177,59.9999868862
0.807314462582,-0.392663580085,0.781739573572,-0.385023644594,0.774442147296,0.716364576829,60.0000111177,59.9999868862
0.807235412565,-0.392377695825,0.781609301637,-0.384729975631,0.774442147296,0.716364576829,60.0000111177,59.9999868862
0.807156451029,-0.392091431054,0.781479105853,-0.384435951871,0.774442147296,0.716364576829,60.0000111177,59.9999868862
0.80707757819,-0.391804785961,0.781348986619,-0.384141573546,0.774442147296,0.716364576829,60.0000111177,59.9999868862
0.806998794263,-0.391517760739,0.781218944332,-0.383846840889,0.774442147296,0.716364576829,60.0000111177,59.9999868862
0.806920099465,-0.391230355577,0.781088979391,-0.383551754134,0.774442147296,0.716364576829,60.0000111177,59.9999868862
0.806841494007,-0.39094257067,0.780959092189,-0.383256313516,0.774442147296,0.716364576829,60.0000111177,59.9999868862
0.806762978021,-0.390654406377,0.780829283123,-0.382960519269,0.774442147296,0.716364576829,60.0000111177,59.9999868862
0.806684551622,-0.390365863092,0.780699552487,-0.382664371832,0.774442147296,0.716364576829,60.0000111177,59.9999868862
0.806606215007,-0.390076941038,0.78056990055,-0.382367871693,0.774442147296,0.716364576829,60.0000111177,59.9999868862
0.806527968384,-0.389787640414,0.780440327681,-0.382071019135,0.774442147296,0.716364576829,60.0000111177,59.9999868862
0.806449811962,-0.389497961416,0.780310834272,-0.381773814397,0.774442147296,0.716364576829,60.0000111177,59.9999868862
0.806371745947,-0.389207904242,0.780181420711,-0.381476257718,0.774442147296,0.716364576829,60.0000111177,59.9999868862
0.806293770545,-0.38891746909,0.78005208739,-0.381178349335,0.774442147296,0.716364576829,60.0000111177,59.9999868862
0.806215885963,-0.388626656159,0.779922834695,-0.380880089487,0.774442147296,0.716364576829,60.0000111177,59.9999868862
0.806138092403,-0.388335465648,0.779793662945,-0.380581478557,0.774442147296,0.716364576829,60.0000111177,59.9999868862
0.806060389999,-0.388043897905,0.779664572401,-0.38028251704,0.774442147296,0.716364576829,60.0000111177,59.9999868862
0.805982778855,-0.387751953334,0.779535563392,-0.379983205293,0.774442147296,0.716364576829,60.0000111177,59.9999868862
0.805905259142,-0.387459632197,0.779406636304,-0.379683543558,0.774442147296,0.716364576829,60.0000111177,59.9999868862
0.805827831062,-0.387166934696,0.779277791518,-0.379383532078,0.774442147296,0.716364576829,60.0000111177,59.9999868862
0.805750494814,-0.386873861036,0.779149029417,-0.379083171096,0.774442147296,0.716364576829,60.0000111177,59.9999868862
0.805673250594,-0.386580411422,0.779020350384,-0.378782460855,0.774442147296,0.716364576829,60.0000111177,59.9999868862
0.805596098599,-0.386286586059,0.77889175476,-0.378481401677,0.774442147296,0.716364576829,60.0000111177,59.9999868862
0.805519039027,-0.385992385153,0.778763242798,-0.378179994068,0.774442147296,0.716364576829,60.0000111177,59.9999868862
0.805442072071,-0.385697808911,0.778634814787,-0.377878238458,0.774442147296,0.716364576829,60.0000111177,59.9999868862
0.805365197865,-0.385402857666,0.778506471105,-0.377576135093,0.774442147296,0.716364576829,60.0000111177,59.9999868862
0.805288416501,-0.385107531836,0.778378212129,-0.37727368422,0.774442147296,0.716364576829,60.0000111177,59.9999868862
0.805211728131,-0.384811831716,0.778250038234,-0.376970886085,0.774442147296,0.716364576829,60.0000111177,59.9999868862
0.805135132944,-0.384515757516,0.778121949794,-0.376667740938,0.774442147296,0.716364576829,60.0000111177,59.9999868862
0.805058631132,-0.384219309447,0.777993947178,-0.376364249038,0.774442147296,0.716364576829,60.0000111177,59.9999868862
0.804982222881,-0.383922487721,0.777866030629,-0.376060410901,0.774442147296,0.716364576829,60.0000111177,59.9999868862
0.804905908381,-0.383625292551,0.777738200396,-0.375756227031,0.774442147296,0.716364576829,60.0000111177,59.9999868862
0.804829687816,-0.383327724149,0.777610456851,-0.375451697678,0.774442147296,0.716364576829,60.0000111177,59.9999868862
0.804753561374,-0.383029782729,0.777482800362,-0.375146823093,0.774442147296,0.716364576829,60.0000111177,59.9999868862
0.804677529189,-0.38273146861,0.777355231299,-0.374841603527,0.774442147296,0.716364576829,60.0000111177,59.9999868862
0.80460159134,-0.382432782223,0.77722775003,-0.374536039233,0.774442147296,0.716364576829,60.0000111177,59.9999868862
0.804525747959,-0.382133723897,0.777100356921,-0.374230130461,0.774442147296,0.716364576829,60.0000111177,59.9999868862
0.804449999226,-0.381834293849,0.776973052234,-0.373923877684,0.774442147296,0.716364576829,60.0000111177,59.9999868862
0.804374345322,-0.381534492296,0.776845836203,-0.373617281427,0.774442147296,0.716364576829,60.0000111177,59.9999868862
0.804298786425,-0.381234319458,0.776718709166,-0.373310341997,0.774442147296,0.716364576829,60.0000111177,59.9999868862
0.804223322715,-0.380933775553,0.776591671487,-0.37300305965,0.774442147296,0.716364576829,60.0000111177,59.9999868862
0.804147954369,-0.380632860801,0.776464723527,-0.372695434641,0.774442147296,0.716364576829,60.0000111177,59.9999868862
0.804072681564,-0.380331575422,0.776337865648,-0.372387467225,0.774442147296,0.716364576829,60.0000111177,59.9999868862
0.803997504434,-0.380029919722,0.776211098209,-0.372079157659,0.774442147296,0.716364576829,60.0000111177,59.9999868862
0.80392242305,-0.379727894143,0.776084421496,-0.371770506354,0.774442147296,0.716364576829,60.0000111177,59.9999868862
0.80384743752,-0.379425499049,0.775957835735,-0.371461513846,0.774442147296,0.716364576829,60.0000111177,59.9999868862
0.803772548015,-0.379122734662,0.775831341224,-0.371152180513,0.774442147296,0.716364576829,60.0000111177,59.9999868862
0.803697754707,-0.378819601208,0.77570493832,-0.370842506614,0.774442147296,0.716364576829,60.0000111177,59.9999868862
0.803623057767,-0.378516098911,0.775578627379,-0.370532492408,0.774442147296,0.716364576829,60.0000111177,59.9999868862
0.803548457363,-0.378212227998,0.775452408754,-0.370222138156,0.774442147296,0.716364576829,60.0000111177,59.9999868862
0.803473953664,-0.377907988694,0.775326282799,-0.369911444117,0.774442147296,0.716364576829,60.0000111177,59.9999868862
0.803399546838,-0.377603381227,0.775200249824,-0.369600410641,0.774442147296,0.716364576829,60.0000111177,59.9999868862
0.803325237021,-0.377298405885,0.775074310045,-0.369289038272,0.774442147296,0.716364576829,60.0000111177,59.9999868862
0.803251024273,-0.376993063126,0.774948463723,-0.368977327463,0.774442147296,0.716364576829,60.0000111177,59.9999868862
0.803176908678,-0.376687353345,0.774822711207,-0.368665278476,0.774442147296,0.716364576829,60.0000111177,59.9999868862
0.8031028904,-0.376381276774,0.774697052845,-0.368352891575,0.774442147296,0.716364576829,60.0000111177,59.9999868862
0.803028969602,-0.376074833642,0.774571488984,-0.368040167022,0.774442147296,0.716364576829,60.0000111177,59.9999868862
0.802955146444,-0.375768024181,0.774446019973,-0.367727105082,0.774442147296,0.716364576829,60.0000111177,59.9999868862
0.802881421088,-0.375460848624,0.774320646145,-0.367413706041,0.774442147296,0.716364576829,60.0000111177,59.9999868862
0.802807793693,-0.375153307203,0.77419536771,-0.36709997045,0.774442147296,0.716364576829,60.0000111177,59.9999868862
0.802734264416,-0.374845400152,0.774070184886,-0.36678589884,0.774442147296,0.716364576829,60.0000111177,59.9999868862
0.802660833398,-0.374537127743,0.773945098015,-0.366471491475,0.774442147296,0.716364576829,60.0000111177,59.9999868862
0.802587500685,-0.374228490445,0.773820107441,-0.366156748624,0.774442147296,0.716364576829,60.0000111177,59.9999868862
0.802514266341,-0.373919488689,0.773695213503,-0.365841670551,0.774442147296,0.716364576829,60.0000111177,59.9999868862
0.802441130521,-0.373610122713,0.773570416543,-0.365526257525,0.774442147296,0.716364576829,60.0000111177,59.9999868862
0.802368093378,-0.373300392752,0.773445716898,-0.365210509813,0.774442147296,0.716364576829,60.0000111177,59.9999868862
0.802295155065,-0.372990299046,0.773321114791,-0.364894427928,0.774442147296,0.716364576829,60.0000111177,59.9999868862
0.802222315733,-0.372679841832,0.773196610422,-0.364578012431,0.774442147296,0.716364576829,60.0000111177,59.9999868862
0.802149575532,-0.37236902135,0.773072204105,-0.364261263639,0.774442147296,0.716364576829,60.0000111177,59.9999868862
0.802076934613,-0.372057837838,0.772947896174,-0.363944181822,0.774442147296,0.716364576829,60.0000111177,59.9999868862
0.802004393116,-0.371746291552,0.772823686964,-0.36362676725,0.774442147296,0.716364576829,60.0000111177,59.9999868862
0.801931951079,-0.371434382971,0.772699576809,-0.363309020192,0.774442147296,0.716364576829,60.0000111177,59.9999868862
0.801859608542,-0.371122112565,0.77257556604,-0.362990940921,0.774442147296,0.716364576829,60.0000111177,59.9999868862
0.801787365651,-0.370809480575,0.772451654906,-0.362672529886,0.774442147296,0.716364576829,60.0000111177,59.9999868862
0.801715222552,-0.370496487245,0.772327843594,-0.362353787661,0.774442147296,0.716364576829,60.0000111177,59.9999868862
0.801643179387,-0.37018313282,0.772204132379,-0.362034714639,0.774442147296,0.716364576829,60.0000111177,59.9999868862
0.801571236299,-0.369869417543,0.772080521588,-0.361715311093,0.774442147296,0.716364576829,60.0000111177,59.9999868862
0.801499393431,-0.369555341659,0.771957011549,-0.361395577298,0.774442147296,0.716364576829,60.0000111177,59.9999868862
0.801427650921,-0.369240905413,0.771833602589,-0.361075513526,0.774442147296,0.716364576829,60.0000111177,59.9999868862
0.801356008912,-0.368926109052,0.771710295033,-0.360755120052,0.774442147296,0.716364576829,60.0000111177,59.9999868862
0.801284467433,-0.368610953056,0.771587089156,-0.360434397258,0.774442147296,0.716364576829,60.0000111177,59.9999868862
0.801213026508,-0.368295437919,0.771463985138,-0.360113345725,0.774442147296,0.716364576829,60.0000111177,59.9999868862
0.80114168627,-0.367979563903,0.771340983209,-0.35979196593,0.774442147296,0.716364576829,60.0000111177,59.9999868862
0.801070446853,-0.367663331257,0.771218083691,-0.359470258148,0.774442147296,0.716364576829,60.0000111177,59.9999868862
0.800999308393,-0.36734674023,0.771095286906,-0.359148222656,0.774442147296,0.716364576829,60.0000111177,59.9999868862
0.800928271024,-0.367029791072,0.770972593172,-0.35882585973,0.774442147296,0.716364576829,60.0000111177,59.9999868862
0.800857334879,-0.366712484035,0.77085000281,-0.358503169649,0.774442147296,0.716364576829,60.0000111177,59.9999868862
0.80078650009,-0.366394819369,0.770727516121,-0.358180152722,0.774442147296,0.716364576829,60.0000111177,59.9999868862
0.800715766787,-0.366076797326,0.770605133279,-0.357856809538,0.774442147296,0.716364576829,60.0000111177,59.9999868862
0.800645135006,-0.36575841837,0.77048285447,-0.357533140656,0.774442147296,0.716364576829,60.0000111177,59.9999868862
0.800574604759,-0.365439683004,0.770360680009,-0.357209146356,0.774442147296,0.716364576829,60.0000111177,59.9999868862
0.800504176156,-0.365120591527,0.770238610209,-0.356884826919,0.774442147296,0.716364576829,60.0000111177,59.9999868862
0.800433849324,-0.364801144194,0.770116645385,-0.356560182624,0.774442147296,0.716364576829,60.0000111177,59.9999868862
0.800363624389,-0.364481341258,0.769994785849,-0.356235213751,0.774442147296,0.716364576829,60.0000111177,59.9999868862
0.800293501477,-0.364161182978,0.769873031912,-0.35590992058,0.774442147296,0.716364576829,60.0000111177,59.9999868862
0.800223480713,-0.363840669608,0.76975138376,-0.355584303661,0.774442147296,0.716364576829,60.0000111177,59.9999868862
0.800153562218,-0.363519801406,0.769629841558,-0.355258363594,0.774442147296,0.716364576829,60.0000111177,59.9999868862
0.800083746118,-0.363198578629,0.76950840559,-0.354932100709,0.774442147296,0.716364576829,60.0000111177,59.9999868862
0.800014032449,-0.362877001718,0.769387076164,-0.354605515289,0.774442147296,0.716364576829,60.0000111177,59.9999868862
0.799944421215,-0.362555071189,0.769265853588,-0.354278607618,0.774442147296,0.716364576829,60.0000111177,59.9999868862
0.799874912503,-0.362232787379,0.769144738167,-0.353951377977,0.774442147296,0.716364576829,60.0000111177,59.9999868862
0.79980550643,-0.361910150549,0.769023730205,-0.35362382665,0.774442147296,0.716364576829,60.0000111177,59.9999868862
0.799736203114,-0.361587160958,0.768902829921,-0.35329595411,0.774442147296,0.716364576829,60.0000111177,59.9999868862
0.799667002673,-0.361263818869,0.768782037469,-0.352967760964,0.774442147296,0.716364576829,60.0000111177,59.9999868862
0.799597905222,-0.360940124543,0.768661353089,-0.35263924763,0.774442147296,0.716364576829,60.0000111177,59.9999868862
0.799528910877,-0.360616078243,0.768540777083,-0.352310414395,0.774442147296,0.716364576829,60.0000111177,59.9999868862
0.799460019751,-0.360291680231,0.768420309751,-0.351981261543,0.774442147296,0.716364576829,60.0000111177,59.9999868862
0.79939123189,-0.359966930922,0.768299951391,-0.351651789361,0.774442147296,0.716364576829,60.0000111177,59.9999868862
0.799322547288,-0.359641830843,0.768179702303,-0.351321998135,0.774442147296,0.716364576829,60.0000111177,59.9999868862
0.799253966003,-0.359316380375,0.768059562737,-0.350991888254,0.774442147296,0.716364576829,60.0000111177,59.9999868862
0.799185488148,-0.358990579782,0.767939532838,-0.350661460334,0.774442147296,0.716364576829,60.0000111177,59.9999868862
0.79911711383,-0.358664429331,0.767819612801,-0.350330714885,0.774442147296,0.716364576829,60.0000111177,59.9999868862
0.79904884316,-0.35833792929,0.767699802919,-0.349999652197,0.774442147296,0.716364576829,60.0000111177,59.9999868862
0.798980676244,-0.358011079924,0.767580103487,-0.349668272558,0.774442147296,0.716364576829,60.0000111177,59.9999868862
0.79891261319,-0.357683881501,0.767460514797,-0.349336576256,0.774442147296,0.716364576829,60.0000111177,59.9999868862
0.798844654102,-0.357356334291,0.76734103714,-0.34900456358,0.774442147296,0.716364576829,60.0000111177,59.9999868862
0.798776799037,-0.357028438673,0.767221670803,-0.348672234831,0.774442147296,0.716364576829,60.0000111177,59.9999868862
0.798709047975,-0.356700195189,0.767102415924,-0.348339590631,0.774442147296,0.716364576829,60.0000111177,59.9999868862
0.798641400952,-0.356371604265,0.766983272645,-0.348006631592,0.774442147296,0.716364576829,60.0000111177,59.9999868862
0.798573858068,-0.356042666173,0.766864241256,-0.347673358003,0.774442147296,0.716364576829,60.0000111177,59.9999868862
0.798506419425,-0.355713381184,0.766745322043,-0.347339770157,0.774442147296,0.716364576829,60.0000111177,59.9999868862
0.798439085124,-0.35538374957,0.766626515292,-0.347005868343,0.774442147296,0.716364576829,60.0000111177,59.9999868862
0.798371855264,-0.355053771602,0.76650782129,-0.346671652854,0.774442147296,0.716364576829,60.0000111177,59.9999868862
0.798304729944,-0.354723447555,0.766389240319,-0.346337123979,0.774442147296,0.716364576829,60.0000111177,59.9999868862
0.798237709261,-0.354392777701,0.766270772551,-0.346002282263,0.774442147296,0.716364576829,60.0000111177,59.9999868862
0.798170793281,-0.354061762383,0.766152418113,-0.345667128339,0.774442147296,0.716364576829,60.0000111177,59.9999868862
0.798103981977,-0.353730402153,0.766034177249,-0.345331662583,0.774442147296,0.716364576829,60.0000111177,59.9999868862
0.798037275351,-0.353398697494,0.76591605024,-0.34499588529,0.774442147296,0.716364576829,60.0000111177,59.9999868862
0.7979706735,-0.353066648682,0.765798037366,-0.344659796752,0.774442147296,0.716364576829,60.0000111177,59.9999868862
0.797904176514,-0.352734255993,0.765680138906,-0.344323397263,0.774442147296,0.716364576829,60.0000111177,59.9999868862
0.797837784487,-0.352401519704,0.765562355137,-0.343986687116,0.774442147296,0.716364576829,60.0000111177,59.9999868862
0.797771497511,-0.352068440092,0.765444686268,-0.343649666759,0.774442147296,0.716364576829,60.0000111177,59.9999868862
0.797705315675,-0.351735017435,0.76532713242,-0.34331233683,0.774442147296,0.716364576829,60.0000111177,59.9999868862
0.79763923907,-0.351401252011,0.765209693784,-0.342974697814,0.774442147296,0.716364576829,60.0000111177,59.9999868862
0.797573267775,-0.351067144118,0.765092370633,-0.342636750007,0.774442147296,0.716364576829,60.0000111177,59.9999868862
0.797507401754,-0.350732694319,0.764975163241,-0.342298493704,0.774442147296,0.716364576829,60.0000111177,59.9999868862
0.797441640976,-0.350397903161,0.764858071881,-0.341959929201,0.774442147296,0.716364576829,60.0000111177,59.9999868862
0.797375985528,-0.350062770923,0.764741096825,-0.341621056793,0.774442147296,0.716364576829,60.0000111177,59.9999868862
0.797310435495,-0.349727297888,0.764624238321,-0.341281876824,0.774442147296,0.716364576829,60.0000111177,59.9999868862
0.797244990961,-0.349391484336,0.764507496484,-0.340942389938,0.774442147296,0.716364576829,60.0000111177,59.9999868862
0.797179652011,-0.349055330551,0.764390871447,-0.340602596735,0.774442147296,0.716364576829,60.0000111177,59.9999868862
0.797114418726,-0.348718836814,0.76427436348,-0.340262497513,0.774442147296,0.716364576829,60.0000111177,59.9999868862
0.797049291188,-0.348382003407,0.764157972849,-0.339922092569,0.774442147296,0.716364576829,60.0000111177,59.9999868862
0.796984269479,-0.348044830615,0.764041699819,-0.339581382201,0.774442147296,0.716364576829,60.0000111177,59.9999868862
0.796919353568,-0.347707318972,0.763925544658,-0.339240366706,0.774442147296,0.716364576829,60.0000111177,59.9999868862
0.796854543409,-0.347369469054,0.763809507628,-0.338899046381,0.774442147296,0.716364576829,60.0000111177,59.9999868862
0.796789839061,-0.347031281185,0.763693588866,-0.338557421813,0.774442147296,0.716364576829,60.0000111177,59.9999868862
0.796725240604,-0.346692755652,0.763577788478,-0.338215493655,0.774442147296,0.716364576829,60.0000111177,59.9999868862
0.796660748112,-0.346353892742,0.763462106694,-0.337873262273,0.774442147296,0.716364576829,60.0000111177,59.9999868862
0.796596361662,-0.34601469274,0.763346543777,-0.337530727968,0.774442147296,0.716364576829,60.0000111177,59.9999868862
0.796532081329,-0.345675155934,0.763231099985,-0.337187891039,0.774442147296,0.716364576829,60.0000111177,59.9999868862
0.796467907187,-0.345335282611,0.763115775578,-0.336844751786,0.774442147296,0.716364576829,60.0000111177,59.9999868862
0.796403839309,-0.344995073059,0.763000570814,-0.336501310507,0.774442147296,0.716364576829,60.0000111177,59.9999868862
0.796339877686,-0.344654527754,0.762885485875,-0.336157567672,0.774442147296,0.716364576829,60.0000111177,59.9999868862
0.796276022261,-0.344313647282,0.76277052086,-0.33581352394,0.774442147296,0.716364576829,60.0000111177,59.9999868862
0.796212273057,-0.343972432042,0.76265567594,-0.335469179805,0.774442147296,0.716364576829,60.0000111177,59.9999868862
0.796148630145,-0.343630882325,0.762540951368,-0.335124535568,0.774442147296,0.716364576829,60.0000111177,59.9999868862
0.796085093594,-0.34328899842,0.762426347399,-0.334779591531,0.774442147296,0.716364576829,60.0000111177,59.9999868862
0.796021663471,-0.34294678062,0.762311864285,-0.334434347995,0.774442147296,0.716364576829,60.0000111177,59.9999868862
0.795958339844,-0.342604229216,0.762197502279,-0.33408880526,0.774442147296,0.716364576829,60.0000111177,59.9999868862
0.795895122779,-0.342261344498,0.762083261614,-0.33374296367,0.774442147296,0.716364576829,60.0000111177,59.9999868862
0.795832012343,-0.34191812676,0.761969142378,-0.333396823893,0.774442147296,0.716364576829,60.0000111177,59.9999868862
0.79576900855,-0.341574576409,0.761855144678,-0.333050386559,0.774442147296,0.716364576829,60.0000111177,59.9999868862
0.795706111335,-0.34123069404,0.761741268762,-0.332703651973,0.774442147296,0.716364576829,60.0000111177,59.9999868862
0.795643320679,-0.340886480136,0.761627514877,-0.332356620436,0.774442147296,0.716364576829,60.0000111177,59.9999868862
0.795580636646,-0.340541934993,0.761513883271,-0.332009292253,0.774442147296,0.716364576829,60.0000111177,59.9999868862
0.795518059297,-0.340197058905,0.761400374188,-0.331661667725,0.774442147296,0.716364576829,60.0000111177,59.9999868862
0.795455588692,-0.339851852167,0.761286987874,-0.331313747156,0.774442147296,0.716364576829,60.0000111177,59.9999868862
0.795393224891,-0.339506315076,0.761173724452,-0.330965531126,0.774442147296,0.716364576829,60.0000111177,59.9999868862
0.795330967955,-0.339160447926,0.761060584002,-0.330617020316,0.774442147296,0.716364576829,60.0000111177,59.9999868862
0.795268817939,-0.338814251015,0.760947566721,-0.330268215132,0.774442147296,0.716364576829,60.0000111177,59.9999868862
0.795206774891,-0.338467724667,0.760834672851,-0.329919115879,0.774442147296,0.716364576829,60.0000111177,59.9999868862
0.795144838734,-0.338120869491,0.760721902633,-0.32956972286,0.774442147296,0.716364576829,60.0000111177,59.9999868862
0.795083009406,-0.337773686063,0.760609256305,-0.329220036382,0.774442147296,0.716364576829,60.0000111177,59.9999868862
0.795021286961,-0.337426174682,0.760496734108,-0.328870056746,0.774442147296,0.716364576829,60.0000111177,59.9999868862
0.794959671454,-0.337078335648,0.760384336223,-0.328519784389,0.774442147296,0.716364576829,60.0000111177,59.9999868862
0.794898162939,-0.33673016926,0.76027206272,-0.328169219999,0.774442147296,0.716364576829,60.0000111177,59.9999868862
0.794836761467,-0.336381675818,0.760159913727,-0.327818364135,0.774442147296,0.716364576829,60.0000111177,59.9999868862
0.794775467091,-0.336032855622,0.76004788948,-0.327467217104,0.774442147296,0.716364576829,60.0000111177,59.9999868862
0.794714279861,-0.335683708972,0.759935990211,-0.327115779212,0.774442147296,0.716364576829,60.0000111177,59.9999868862
0.794653199829,-0.335334236168,0.759824216155,-0.326764050765,0.774442147296,0.716364576829,60.0000111177,59.9999868862
0.794592226938,-0.334984437757,0.759712567546,-0.326412032068,0.774442147296,0.716364576829,60.0000111177,59.9999868862
0.794531361107,-0.334634314358,0.759601044614,-0.326059723427,0.774442147296,0.716364576829,60.0000111177,59.9999868862
0.794470602351,-0.334283866341,0.759489647436,-0.325707125508,0.774442147296,0.716364576829,60.0000111177,59.9999868862
0.79440995072,-0.333933094011,0.759378376076,-0.325354239008,0.774442147296,0.716364576829,60.0000111177,59.9999868862
0.794349406259,-0.33358199767,0.75926723075,-0.325001064262,0.774442147296,0.716364576829,60.0000111177,59.9999868862
0.794288969014,-0.333230577622,0.759156211686,-0.324647601581,0.774442147296,0.716364576829,60.0000111177,59.9999868862
0.794228639029,-0.332878834172,0.759045319112,-0.324293851269,0.774442147296,0.716364576829,60.0000111177,59.9999868862
0.794168416348,-0.332526767622,0.758934553255,-0.323939813635,0.774442147296,0.716364576829,60.0000111177,59.9999868862
0.794108301016,-0.332174378278,0.75882391434,-0.323585488986,0.774442147296,0.716364576829,60.0000111177,59.9999868862
0.794048293015,-0.331821666582,0.758713402512,-0.323230877819,0.774442147296,0.716364576829,60.0000111177,59.9999868862
0.793988392253,-0.331468633162,0.758603017825,-0.322875980839,0.774442147296,0.716364576829,60.0000111177,59.9999868862
0.793928598695,-0.331115278507,0.758492760417,-0.322520798558,0.774442147296,0.716364576829,60.0000111177,59.9999868862
0.793868912381,-0.330761602924,0.75838263051,-0.322165331284,0.774442147296,0.716364576829,60.0000111177,59.9999868862
0.79380933335,-0.33040760672,0.758272628326,-0.321809579325,0.774442147296,0.716364576829,60.0000111177,59.9999868862
0.79374986164,-0.330053290203,0.758162754085,-0.321453542991,0.774442147296,0.716364576829,60.0000111177,59.9999868862
0.793690497291,-0.329698653681,0.758053008007,-0.321097222588,0.774442147296,0.716364576829,60.0000111177,59.9999868862
0.793631240337,-0.32934369746,0.757943390309,-0.320740618435,0.774442147296,0.716364576829,60.0000111177,59.9999868862
0.793572090817,-0.328988421849,0.757833901037,-0.320383731242,0.774442147296,0.716364576829,60.0000111177,59.9999868862
0.793513048758,-0.32863282717,0.757724540245,-0.320026561709,0.774442147296,0.716364576829,60.0000111177,59.9999868862
0.793454114061,-0.328276914061,0.757615308149,-0.319669110146,0.774442147296,0.716364576829,60.0000111177,59.9999868862
0.79339528663,-0.327920683144,0.757506204964,-0.319311376863,0.774442147296,0.716364576829,60.0000111177,59.9999868862
0.793336566498,-0.327564134731,0.757397230905,-0.318953362169,0.774442147296,0.716364576829,60.0000111177,59.9999868862
0.793277953697,-0.327207269131,0.757288386187,-0.318595066373,0.774442147296,0.716364576829,60.0000111177,59.9999868862
0.793219448259,-0.326850086655,0.757179671024,-0.318236489784,0.774442147296,0.716364576829,60.0000111177,59.9999868862
0.793161050216,-0.326492587616,0.757071085535,-0.317877632931,0.774442147296,0.716364576829,60.0000111177,59.9999868862
0.793102759598,-0.326134772324,0.756962629762,-0.31751849653,0.774442147296,0.716364576829,60.0000111177,59.9999868862
0.793044576433,-0.32577664109,0.756854303836,-0.31715908108,0.774442147296,0.716364576829,60.0000111177,59.9999868862
0.792986500752,-0.325418194227,0.756746107967,-0.316799386892,0.774442147296,0.716364576829,60.0000111177,59.9999868862
0.792928532498,-0.325059432252,0.756638042364,-0.316439414276,0.774442147296,0.716364576829,60.0000111177,59.9999868862
0.79287067156,-0.324700355812,0.756530107236,-0.316079163543,0.774442147296,0.716364576829,60.0000111177,59.9999868862
0.792812917914,-0.32434096535,0.756422302791,-0.315718635002,0.774442147296,0.716364576829,60.0000111177,59.9999868862
0.792755271584,-0.32398126118,0.756314629231,-0.315357828972,0.774442147296,0.716364576829,60.0000111177,59.9999868862
0.792697732597,-0.323621243616,0.756207086589,-0.314996746178,0.774442147296,0.716364576829,60.0000111177,59.9999868862
0.792640300977,-0.323260912972,0.756099674903,-0.314635387334,0.774442147296,0.716364576829,60.0000111177,59.9999868862
0.792582976747,-0.322900269564,0.755992394377,-0.314273752751,0.774442147296,0.716364576829,60.0000111177,59.9999868862
0.792525759931,-0.322539313705,0.755885245215,-0.313911842741,0.774442147296,0.716364576829,60.0000111177,59.9999868862
0.792468650551,-0.322178045711,0.755778227619,-0.313549657614,0.774442147296,0.716364576829,60.0000111177,59.9999868862
0.792411648608,-0.321816465948,0.755671341791,-0.31318719768,0.774442147296,0.716364576829,60.0000111177,59.9999868862
0.792354753985,-0.321454575071,0.755564587933,-0.312824463251,0.774442147296,0.716364576829,60.0000111177,59.9999868862
0.792297966583,-0.321092373689,0.75545796616,-0.312461454839,0.774442147296,0.716364576829,60.0000111177,59.9999868862
0.792241286422,-0.320729862119,0.7553514765,-0.312098173176,0.774442147296,0.716364576829,60.0000111177,59.9999868862
0.792184713522,-0.320367040678,0.755245119059,-0.31173461879,0.774442147296,0.716364576829,60.0000111177,59.9999868862
0.7921282479,-0.320003909684,0.755138894038,-0.311370791993,0.774442147296,0.716364576829,60.0000111177,59.9999868862
0.792071889574,-0.319640469456,0.755032801632,-0.311006693097,0.774442147296,0.716364576829,60.0000111177,59.9999868862
0.792015638559,-0.31927672031,0.754926842038,-0.310642322412,0.774442147296,0.716364576829,60.0000111177,59.9999868862
0.791959494873,-0.318912662566,0.754821015452,-0.31027768025,0.774442147296,0.716364576829,60.0000111177,59.9999868862
0.791903458531,-0.318548296541,0.754715322069,-0.309912766921,0.774442147296,0.716364576829,60.0000111177,59.9999868862
0.791847529458,-0.318183622776,0.754609761922,-0.309547583126,0.774442147296,0.716364576829,60.0000111177,59.9999868862
0.791791707526,-0.31781864194,0.75450433503,-0.309182129603,0.774442147296,0.716364576829,60.0000111177,59.9999868862
0.791735992698,-0.317453354483,0.75439904157,-0.308816406702,0.774442147296,0.716364576829,60.0000111177,59.9999868862
0.791680384986,-0.317087760726,0.754293881733,-0.308450414734,0.774442147296,0.716364576829,60.0000111177,59.9999868862
0.791624884402,-0.316721860991,0.754188855711,-0.308084154011,0.774442147296,0.716364576829,60.0000111177,59.9999868862
0.791569490957,-0.316355655597,0.754083963694,-0.307717624845,0.774442147296,0.716364576829,60.0000111177,59.9999868862
0.791514204661,-0.315989144866,0.753979205871,-0.307350827546,0.774442147296,0.716364576829,60.0000111177,59.9999868862
0.791459025525,-0.315622329119,0.753874582375,-0.306983762562,0.774442147296,0.716364576829,60.0000111177,59.9999868862
0.791403953557,-0.315255208677,0.753770093218,-0.306616430635,0.774442147296,0.716364576829,60.0000111177,59.9999868862
0.791348988756,-0.314887783886,0.753665738465,-0.306248832377,0.774442147296,0.716364576829,60.0000111177,59.9999868862
0.791294130989,-0.314520055425,0.753561518303,-0.3058809681,0.774442147296,0.716364576829,60.0000111177,59.9999868862
0.791239380128,-0.314152023952,0.753457432917,-0.305512838116,0.774442147296,0.716364576829,60.0000111177,59.9999868862
0.79118473618,-0.313783689792,0.753353482492,-0.305144442738,0.774442147296,0.716364576829,60.0000111177,59.9999868862
0.791130199151,-0.313415053268,0.753249667211,-0.304775782276,0.774442147296,0.716364576829,60.0000111177,59.9999868862
0.791075769047,-0.313046114704,0.753145987258,-0.304406857043,0.774442147296,0.716364576829,60.0000111177,59.9999868862
0.791021445871,-0.312676874423,0.753042442695,-0.304037667646,0.774442147296,0.716364576829,60.0000111177,59.9999868862
0.790967229628,-0.312307332751,0.752939033525,-0.303668214837,0.774442147296,0.716364576829,60.0000111177,59.9999868862
0.79091312032,-0.311937490011,0.752835759873,-0.303298499071,0.774442147296,0.716364576829,60.0000111177,59.9999868862
0.790859117951,-0.311567346526,0.752732621918,-0.302928520661,0.774442147296,0.716364576829,60.0000111177,59.9999868862
0.790805222458,-0.311196902786,0.75262961984,-0.302558279918,0.774442147296,0.716364576829,60.0000111177,59.9999868862
0.790751433698,-0.310826159479,0.752526753816,-0.302187777156,0.774442147296,0.716364576829,60.0000111177,59.9999868862
0.790697751593,-0.310455117135,0.752424024026,-0.301817012685,0.774442147296,0.716364576829,60.0000111177,59.9999868862
0.790644176142,-0.31008377608,0.752321430644,-0.301445986819,0.774442147296,0.716364576829,60.0000111177,59.9999868862
0.790590707345,-0.309712136641,0.752218973668,-0.301074700315,0.774442147296,0.716364576829,60.0000111177,59.9999868862
0.790537345201,-0.309340199145,0.752116653096,-0.300703153931,0.774442147296,0.716364576829,60.0000111177,59.9999868862
0.790484089708,-0.308967963918,0.752014469103,-0.300331347977,0.774442147296,0.716364576829,60.0000111177,59.9999868862
0.790430940862,-0.308595431288,0.751912421862,-0.299959282767,0.774442147296,0.716364576829,60.0000111177,59.9999868862
0.790377898661,-0.308222601581,0.751810511548,-0.299586958614,0.774442147296,0.716364576829,60.0000111177,59.9999868862
0.790324963101,-0.307849475124,0.751708738332,-0.299214375828,0.774442147296,0.716364576829,60.0000111177,59.9999868862
0.790272134066,-0.30747605253,0.751607102386,-0.29884153472,0.774442147296,0.716364576829,60.0000111177,59.9999868862
0.790219411406,-0.307102334501,0.751505603828,-0.298468435739,0.774442147296,0.716364576829,60.0000111177,59.9999868862
0.790166795082,-0.306728321451,0.751404242647,-0.298095079646,0.774442147296,0.716364576829,60.0000111177,59.9999868862
0.790114285088,-0.30635401371,0.751303018887,-0.297721467074,0.774442147296,0.716364576829,60.0000111177,59.9999868862
0.790061881416,-0.305979411606,0.751201932717,-0.297347598334,0.774442147296,0.716364576829,60.0000111177,59.9999868862
0.79000958406,-0.30560451547,0.751100984305,-0.296973473739,0.774442147296,0.716364576829,60.0000111177,59.9999868862
0.789957393011,-0.305229325631,0.751000173819,-0.2965990936,0.774442147296,0.716364576829,60.0000111177,59.9999868862
0.789905308259,-0.304853842418,0.750899501424,-0.296224458229,0.774442147296,0.716364576829,60.0000111177,59.9999868862
0.789853329797,-0.304478066161,0.750798967286,-0.295849567937,0.774442147296,0.716364576829,60.0000111177,59.9999868862
0.789801457609,-0.3041019972,0.750698571472,-0.295474423288,0.774442147296,0.716364576829,60.0000111177,59.9999868862
0.789749691538,-0.303725636247,0.750598313963,-0.295099025055,0.774442147296,0.716364576829,60.0000111177,59.9999868862
0.789698031433,-0.303348983998,0.750498194842,-0.294723373755,0.774442147296,0.716364576829,60.0000111177,59.9999868862
0.78964647728,-0.302972040785,0.750398214273,-0.294347469701,0.774442147296,0.716364576829,60.0000111177,59.9999868862
0.789595029069,-0.302594806941,0.750298372417,-0.293971313204,0.774442147296,0.716364576829,60.0000111177,59.9999868862
0.789543686786,-0.302217282798,0.750198669436,-0.293594904577,0.774442147296,0.716364576829,60.0000111177,59.9999868862
0.789492450417,-0.301839468686,0.750099105492,-0.293218244128,0.774442147296,0.716364576829,60.0000111177,59.9999868862
0.789441319949,-0.301461364939,0.749999680743,-0.29284133217,0.774442147296,0.716364576829,60.0000111177,59.9999868862
0.789390295366,-0.301082971887,0.749900395208,-0.292464169373,0.774442147296,0.716364576829,60.0000111177,59.9999868862
0.789339376654,-0.300704289863,0.749801248862,-0.292086756522,0.774442147296,0.716364576829,60.0000111177,59.9999868862
0.789288563762,-0.300325319288,0.749702241819,-0.291709094037,0.774442147296,0.716364576829,60.0000111177,59.9999868862
0.789237856527,-0.29994606088,0.749603374237,-0.291331182231,0.774442147296,0.716364576829,60.0000111177,59.9999868862
0.789187254819,-0.29956651527,0.749504646272,-0.290953021416,0.774442147296,0.716364576829,60.0000111177,59.9999868862
0.78913675862,-0.299186682793,0.749406058079,-0.290574611901,0.774442147296,0.716364576829,60.0000111177,59.9999868862
0.789086367912,-0.298806563784,0.749307609815,-0.290195953998,0.774442147296,0.716364576829,60.0000111177,59.9999868862
0.789036082676,-0.298426158576,0.749209301634,-0.289817048015,0.774442147296,0.716364576829,60.0000111177,59.9999868862
0.788985902893,-0.298045467503,0.749111133513,-0.289437894714,0.774442147296,0.716364576829,60.0000111177,59.9999868862
0.788935828543,-0.2976644909,0.749013105421,-0.289058494889,0.774442147296,0.716364576829,60.0000111177,59.9999868862
0.788885859606,-0.2972832291,0.748915217496,-0.288678848883,0.774442147296,0.716364576829,60.0000111177,59.9999868862
0.78883599606,-0.296901682438,0.748817469891,-0.288298957004,0.774442147296,0.716364576829,60.0000111177,59.9999868862
0.788786237831,-0.296519851389,0.748719862757,-0.287918819566,0.774442147296,0.716364576829,60.0000111177,59.9999868862
0.788736584748,-0.296137736682,0.748622396244,-0.287538436877,0.774442147296,0.716364576829,60.0000111177,59.9999868862
0.788687036694,-0.295755338905,0.748525070501,-0.287157809246,0.774442147296,0.716364576829,60.0000111177,59.9999868862
0.788637593646,-0.295372658394,0.748427885665,-0.286776937014,0.774442147296,0.716364576829,60.0000111177,59.9999868862
0.788588255581,-0.294989695487,0.748330841698,-0.28639582098,0.774442147296,0.716364576829,60.0000111177,59.9999868862
0.788539022472,-0.294606450518,0.748233938569,-0.286014461913,0.774442147296,0.716364576829,60.0000111177,59.9999868862
0.788489894297,-0.294222923826,0.748137176426,-0.285632860125,0.774442147296,0.716364576829,60.0000111177,59.9999868862
0.788440871029,-0.293839115745,0.748040555415,-0.285251015925,0.774442147296,0.716364576829,60.0000111177,59.9999868862
0.788391952643,-0.293455026612,0.747944075682,-0.284868929624,0.774442147296,0.716364576829,60.0000111177,59.9999868862
0.788343139111,-0.293070656763,0.74784773737,-0.284486601531,0.774442147296,0.716364576829,60.0000111177,59.9999868862
0.788294430345,-0.2926860067,0.747751540624,-0.284104031954,0.774442147296,0.716364576829,60.0000111177,59.9999868862
0.788245826169,-0.292301077161,0.747655485562,-0.283721221271,0.774442147296,0.716364576829,60.0000111177,59.9999868862
0.788197326468,-0.29191586872,0.747559572136,-0.283338170289,0.774442147296,0.716364576829,60.0000111177,59.9999868862
0.788148931211,-0.291530381715,0.747463800325,-0.282954879745,0.774442147296,0.716364576829,60.0000111177,59.9999868862
0.788100640372,-0.291144616485,0.747368170273,-0.28257134995,0.774442147296,0.716364576829,60.0000111177,59.9999868862
0.788052453919,-0.290758573367,0.747272682118,-0.282187581212,0.774442147296,0.716364576829,60.0000111177,59.9999868862
0.788004371822,-0.290372252701,0.747177336001,-0.281803573841,0.774442147296,0.716364576829,60.0000111177,59.9999868862
0.787956394052,-0.289985654823,0.747082132062,-0.281419328145,0.774442147296,0.716364576829,60.0000111177,59.9999868862
0.787908520576,-0.289598780073,0.746987070439,-0.281034844432,0.774442147296,0.716364576829,60.0000111177,59.9999868862
0.787860751363,-0.289211628788,0.746892151237,-0.280650123094,0.774442147296,0.716364576829,60.0000111177,59.9999868862
0.787813086322,-0.288824201465,0.746797374405,-0.280265164943,0.774442147296,0.716364576829,60.0000111177,59.9999868862
0.787765525271,-0.288436498853,0.74670273992,-0.27987997071,0.774442147296,0.716364576829,60.0000111177,59.9999868862
0.787718068084,-0.288048521541,0.74660824792,-0.279494540705,0.774442147296,0.716364576829,60.0000111177,59.9999868862
0.787670714728,-0.287660269868,0.746513898538,-0.279108875234,0.774442147296,0.716364576829,60.0000111177,59.9999868862
0.787623465169,-0.287271744176,0.74641969191,-0.278722974607,0.774442147296,0.716364576829,60.0000111177,59.9999868862
0.787576319373,-0.286882944803,0.746325628169,-0.278336839131,0.774442147296,0.716364576829,60.0000111177,59.9999868862
0.787529277302,-0.286493872091,0.74623170745,-0.277950469112,0.774442147296,0.716364576829,60.0000111177,59.9999868862
0.787482338923,-0.286104526379,0.746137929857,-0.277563864929,0.774442147296,0.716364576829,60.0000111177,59.9999868862
0.787435504199,-0.285714908007,0.746044295331,-0.277177027403,0.774442147296,0.716364576829,60.0000111177,59.9999868862
0.787388773092,-0.285325017315,0.745950803841,-0.276789957282,0.774442147296,0.716364576829,60.0000111177,59.9999868862
0.787342145524,-0.28493485476,0.745857455515,-0.276402654874,0.774442147296,0.716364576829,60.0000111177,59.9999868862
0.787295621304,-0.284544421099,0.745764250486,-0.276015120488,0.774442147296,0.716364576829,60.0000111177,59.9999868862
0.787249200288,-0.284153716973,0.745671188882,-0.275627354428,0.774442147296,0.716364576829,60.0000111177,59.9999868862
0.787202882436,-0.283762742724,0.745578270832,-0.275239357003,0.774442147296,0.716364576829,60.0000111177,59.9999868862
0.78715666771,-0.283371498693,0.745485496465,-0.274851128516,0.774442147296,0.716364576829,60.0000111177,59.9999868862
0.787110556069,-0.282979985222,0.745392865895,-0.274462669305,0.774442147296,0.716364576829,60.0000111177,59.9999868862
0.787064547474,-0.282588202653,0.745300379058,-0.274073980198,0.774442147296,0.716364576829,60.0000111177,59.9999868862
0.787018641884,-0.282196151328,0.745208035899,-0.273685061992,0.774442147296,0.716364576829,60.0000111177,59.9999868862
0.786972839259,-0.281803831587,0.745115836544,-0.273295914992,0.774442147296,0.716364576829,60.0000111177,59.9999868862
0.786927139555,-0.281411243771,0.745023781119,-0.272906539505,0.774442147296,0.716364576829,60.0000111177,59.9999868862
0.786881542719,-0.281018388261,0.744931869747,-0.272516935837,0.774442147296,0.716364576829,60.0000111177,59.9999868862
0.786836048555,-0.280625265822,0.744840102553,-0.272127104292,0.774442147296,0.716364576829,60.0000111177,59.9999868862
0.786790656883,-0.280231877184,0.74474847966,-0.271737045175,0.774442147296,0.716364576829,60.0000111177,59.9999868862
0.786745367659,-0.27983822269,0.74465700119,-0.271346758788,0.774442147296,0.716364576829,60.0000111177,59.9999868862
0.78670018084,-0.279444302685,0.744565667086,-0.270956245927,0.774442147296,0.716364576829,60.0000111177,59.9999868862
0.786655096382,-0.279050117511,0.744474477276,-0.270565507427,0.774442147296,0.716364576829,60.0000111177,59.9999868862
0.786610114239,-0.278655667511,0.744383431867,-0.270174543634,0.774442147296,0.716364576829,60.0000111177,59.9999868862
0.786565234367,-0.278260953029,0.744292530977,-0.269783354854,0.774442147296,0.716364576829,60.0000111177,59.9999868862
0.78652045672,-0.277865974408,0.744201774728,-0.269391941389,0.774442147296,0.716364576829,60.0000111177,59.9999868862
0.786475781251,-0.277470731988,0.744111163238,-0.269000303543,0.774442147296,0.716364576829,60.0000111177,59.9999868862
0.786431207915,-0.277075226115,0.744020696624,-0.26860844162,0.774442147296,0.716364576829,60.0000111177,59.9999868862
0.786386736542,-0.276679457475,0.743930375006,-0.26821635592,0.774442147296,0.716364576829,60.0000111177,59.9999868862
0.786342366933,-0.276283426847,0.743840198357,-0.267824047139,0.774442147296,0.716364576829,60.0000111177,59.9999868862
0.786298099009,-0.275887134661,0.743750166601,-0.267431516118,0.774442147296,0.716364576829,60.0000111177,59.9999868862
0.786253932722,-0.275490581264,0.7436602798,-0.267038763311,0.774442147296,0.716364576829,60.0000111177,59.9999868862
0.786209868023,-0.275093766998,0.743570538069,-0.26664578902,0.774442147296,0.716364576829,60.0000111177,59.9999868862
0.786165904864,-0.27469669221,0.743480941522,-0.266252593549,0.774442147296,0.716364576829,60.0000111177,59.9999868862
0.786122043194,-0.274299357243,0.743391490275,-0.265859177199,0.774442147296,0.716364576829,60.0000111177,59.9999868862
0.786078282964,-0.273901762441,0.743302184439,-0.265465540271,0.774442147296,0.716364576829,60.0000111177,59.9999868862
0.786034624124,-0.273503908148,0.743213024129,-0.265071683065,0.774442147296,0.716364576829,60.0000111177,59.9999868862
0.785991066623,-0.273105794709,0.743124009366,-0.264677606137,0.774442147296,0.716364576829,60.0000111177,59.9999868862
0.785947610345,-0.272707422647,0.743035140065,-0.264283310337,0.774442147296,0.716364576829,60.0000111177,59.9999868862
0.785904255087,-0.272308792752,0.742946416233,-0.263888796261,0.774442147296,0.716364576829,60.0000111177,59.9999868862
0.785861000704,-0.271909905631,0.74285783798,-0.263494064212,0.774442147296,0.716364576829,60.0000111177,59.9999868862
0.785817847145,-0.271510761631,0.742769405417,-0.263099114491,0.774442147296,0.716364576829,60.0000111177,59.9999868862
0.785774794356,-0.271111361097,0.742681118652,-0.262703947398,0.774442147296,0.716364576829,60.0000111177,59.9999868862
0.785731842285,-0.270711704376,0.742592977794,-0.262308563233,0.774442147296,0.716364576829,60.0000111177,59.9999868862
0.785688990877,-0.270311791812,0.742504982953,-0.261912962295,0.774442147296,0.716364576829,60.0000111177,59.9999868862
0.78564624008,-0.269911623752,0.742417134207,-0.261517144956,0.774442147296,0.716364576829,60.0000111177,59.9999868862
0.785603589837,-0.269511200539,0.742329431469,-0.261121112074,0.774442147296,0.716364576829,60.0000111177,59.9999868862
0.785561040095,-0.269110522519,0.742241874674,-0.260724864433,0.774442147296,0.716364576829,60.0000111177,59.9999868862
0.785518590798,-0.268709590037,0.742154463928,-0.260328402334,0.774442147296,0.716364576829,60.0000111177,59.9999868862
0.785476241749,-0.268308403853,0.742067199336,-0.259931726076,0.774442147296,0.716364576829,60.0000111177,59.9999868862
0.785433992734,-0.267906964772,0.741980081003,-0.259534835958,0.774442147296,0.716364576829,60.0000111177,59.9999868862
0.785391843684,-0.267505273179,0.741893109033,-0.259137732279,0.774442147296,0.716364576829,60.0000111177,59.9999868862
0.785349794542,-0.267103329424,0.741806283531,-0.258740415334,0.774442147296,0.716364576829,60.0000111177,59.9999868862
0.785307845252,-0.266701133851,0.741719604598,-0.258342885421,0.774442147296,0.716364576829,60.0000111177,59.9999868862
0.785265995755,-0.266298686808,0.741633072192,-0.257945143253,0.774442147296,0.716364576829,60.0000111177,59.9999868862
0.785224245995,-0.265895988641,0.741546686218,-0.257547189696,0.774442147296,0.716364576829,60.0000111177,59.9999868862
0.785182595911,-0.265493039696,0.741460446723,-0.257149025199,0.774442147296,0.716364576829,60.0000111177,59.9999868862
0.785141045447,-0.26508984032,0.741374353809,-0.256750650063,0.774442147296,0.716364576829,60.0000111177,59.9999868862
0.785099594543,-0.264686390856,0.741288407577,-0.256352064582,0.774442147296,0.716364576829,60.0000111177,59.9999868862
0.785058243091,-0.264282691793,0.741202608124,-0.255953269055,0.774442147296,0.716364576829,60.0000111177,59.9999868862
0.785016990876,-0.263878743941,0.741116955552,-0.255554263775,0.774442147296,0.716364576829,60.0000111177,59.9999868862
0.784975837728,-0.263474547975,0.741031449959,-0.255155049038,0.774442147296,0.716364576829,60.0000111177,59.9999868862
0.784934783586,-0.263070104243,0.740946091391,-0.254755625287,0.774442147296,0.716364576829,60.0000111177,59.9999868862
0.784893828389,-0.262665413092,0.740860879746,-0.254355993396,0.774442147296,0.716364576829,60.0000111177,59.9999868862
0.784852972077,-0.262260474871,0.740775814975,-0.253956154089,0.774442147296,0.716364576829,60.0000111177,59.9999868862
0.784812214588,-0.261855289926,0.740690897173,-0.253556107664,0.774442147296,0.716364576829,60.0000111177,59.9999868862
0.78477155586,-0.261449858605,0.740606126436,-0.253155854416,0.774442147296,0.716364576829,60.0000111177,59.9999868862
0.784730995831,-0.261044181253,0.740521502861,-0.25275539464,0.774442147296,0.716364576829,60.0000111177,59.9999868862
0.784690534438,-0.260638258219,0.740437026541,-0.252354728628,0.774442147296,0.716364576829,60.0000111177,59.9999868862
0.784650171618,-0.260232089848,0.740352697571,-0.251953856674,0.774442147296,0.716364576829,60.0000111177,59.9999868862
0.784609907219,-0.259825676756,0.740268516045,-0.25155277907,0.774442147296,0.716364576829,60.0000111177,59.9999868862
0.784569741018,-0.259419019768,0.740184481915,-0.251151496523,0.774442147296,0.716364576829,60.0000111177,59.9999868862
0.784529672885,-0.259012119437,0.740100595073,-0.250750009914,0.774442147296,0.716364576829,60.0000111177,59.9999868862
0.784489702755,-0.258604976113,0.740016855554,-0.250348319714,0.774442147296,0.716364576829,60.0000111177,59.9999868862
0.784449830563,-0.258197590143,0.739933263447,-0.249946426214,0.774442147296,0.716364576829,60.0000111177,59.9999868862
0.784410056245,-0.257789961877,0.739849818845,-0.249544329709,0.774442147296,0.716364576829,60.0000111177,59.9999868862
0.784370379735,-0.257382091661,0.739766521839,-0.249142030489,0.774442147296,0.716364576829,60.0000111177,59.9999868862
0.784330800968,-0.256973979844,0.739683372517,-0.248739528846,0.774442147296,0.716364576829,60.0000111177,59.9999868862
0.784291319877,-0.256565626772,0.73960037097,-0.24833682507,0.774442147296,0.716364576829,60.0000111177,59.9999868862
0.784251936398,-0.256157032793,0.739517517274,-0.247933919491,0.774442147296,0.716364576829,60.0000111177,59.9999868862
0.784212650462,-0.255748198253,0.739434811315,-0.247530812999,0.774442147296,0.716364576829,60.0000111177,59.9999868862
0.784173461892,-0.255339123843,0.739352252993,-0.247127506444,0.774442147296,0.716364576829,60.0000111177,59.9999868862
0.784134370462,-0.254929810396,0.739269842398,-0.246724000118,0.774442147296,0.716364576829,60.0000111177,59.9999868862
0.784095376057,-0.254520258406,0.739187579614,-0.246320294313,0.774442147296,0.716364576829,60.0000111177,59.9999868862
0.784056478611,-0.254110468222,0.73910546473,-0.245916389318,0.774442147296,0.716364576829,60.0000111177,59.9999868862
0.784017678054,-0.253700440192,0.739023497831,-0.245512285422,0.774442147296,0.716364576829,60.0000111177,59.9999868862
0.783978974319,-0.253290174666,0.738941679003,-0.245107982913,0.774442147296,0.716364576829,60.0000111177,59.9999868862
0.783940367337,-0.252879671991,0.73886000833,-0.244703482078,0.774442147296,0.716364576829,60.0000111177,59.9999868862
0.78390185704,-0.252468932516,0.738778485828,-0.244298783416,0.774442147296,0.716364576829,60.0000111177,59.9999868862
0.783863443357,-0.252057956588,0.738697111377,-0.243893887826,0.774442147296,0.716364576829,60.0000111177,59.9999868862
0.783825126219,-0.251646744555,0.738615884929,-0.243488795996,0.774442147296,0.716364576829,60.0000111177,59.9999868862
0.783786905557,-0.251235296763,0.738534806567,-0.243083508216,0.774442147296,0.716364576829,60.0000111177,59.9999868862
0.783748781187,-0.25082361391,0.738453876374,-0.242678024775,0.774442147296,0.716364576829,60.0000111177,59.9999868862
0.783710752881,-0.250411696841,0.738373094431,-0.242272345958,0.774442147296,0.716364576829,60.0000111177,59.9999868862
0.783672820521,-0.249999546053,0.73829246082,-0.241866472053,0.774442147296,0.716364576829,60.0000111177,59.9999868862
0.783634984035,-0.249587161897,0.738211975623,-0.241460403344,0.774442147296,0.716364576829,60.0000111177,59.9999868862
0.783597243352,-0.24917454472,0.738131638919,-0.241054140115,0.774442147296,0.716364576829,60.0000111177,59.9999868862
0.783559598402,-0.248761694873,0.738051450681,-0.240647682982,0.774442147296,0.716364576829,60.0000111177,59.9999868862
0.783522049112,-0.248348612703,0.737971410784,-0.240241032854,0.774442147296,0.716364576829,60.0000111177,59.9999868862
0.783484595409,-0.247935298559,0.737891519213,-0.239834190309,0.774442147296,0.716364576829,60.0000111177,59.9999868862
0.783447237223,-0.24752175279,0.737811776047,-0.239427155633,0.774442147296,0.716364576829,60.0000111177,59.9999868862
0.783409974479,-0.247107975742,0.737732181362,-0.239019929112,0.774442147296,0.716364576829,60.0000111177,59.9999868862
0.783372807105,-0.246693967762,0.737652735238,-0.23861251103,0.774442147296,0.716364576829,60.0000111177,59.9999868862
0.783335734939,-0.246279729481,0.737573437751,-0.23820490167,0.774442147296,0.716364576829,60.0000111177,59.9999868862
0.783298757747,-0.245865261754,0.737494288978,-0.237797101315,0.774442147296,0.716364576829,60.0000111177,59.9999868862
0.783261875386,-0.245450565158,0.737415288996,-0.237389110244,0.774442147296,0.716364576829,60.0000111177,59.9999868862
0.78322508778,-0.245035640042,0.737336437751,-0.236980929137,0.774442147296,0.716364576829,60.0000111177,59.9999868862
0.783188394856,-0.244620486757,0.737257735115,-0.236572558916,0.774442147296,0.716364576829,60.0000111177,59.9999868862
0.783151796539,-0.244205105652,0.737179181082,-0.236164000108,0.774442147296,0.716364576829,60.0000111177,59.9999868862
0.783115292755,-0.243789497075,0.737100775729,-0.235755252996,0.774442147296,0.716364576829,60.0000111177,59.9999868862
0.783078883428,-0.243373661375,0.737022519128,-0.235346317863,0.774442147296,0.716364576829,60.0000111177,59.9999868862
0.783042568484,-0.2429575989,0.736944411354,-0.23493719499,0.774442147296,0.716364576829,60.0000111177,59.9999868862
0.783006347846,-0.242541309998,0.736866452478,-0.234527884657,0.774442147296,0.716364576829,60.0000111177,59.9999868862
0.782970221439,-0.242124795016,0.736788642575,-0.234118387144,0.774442147296,0.716364576829,60.0000111177,59.9999868862
0.782934189148,-0.241708054429,0.736710981716,-0.233708702728,0.774442147296,0.716364576829,60.0000111177,59.9999868862
0.782898250735,-0.241291089105,0.736633469845,-0.233298832085,0.774442147296,0.716364576829,60.0000111177,59.9999868862
0.782862406003,-0.240873899786,0.736556106827,-0.232888776152,0.774442147296,0.716364576829,60.0000111177,59.9999868862
0.782826654876,-0.240456486822,0.736478892651,-0.232478535469,0.774442147296,0.716364576829,60.0000111177,59.9999868862
0.782790997277,-0.240038850562,0.736401827385,-0.232068110315,0.774442147296,0.716364576829,60.0000111177,59.9999868862
0.782755433128,-0.239620991357,0.736324911101,-0.231657500971,0.774442147296,0.716364576829,60.0000111177,59.9999868862
0.782719962353,-0.239202909554,0.736248143868,-0.231246707714,0.774442147296,0.716364576829,60.0000111177,59.9999868862
0.782684584873,-0.238784605503,0.736171525755,-0.230835730822,0.774442147296,0.716364576829,60.0000111177,59.9999868862
0.782649300611,-0.238366079552,0.73609505683,-0.23042457057,0.774442147296,0.716364576829,60.0000111177,59.9999868862
0.782614109489,-0.237947332048,0.736018737161,-0.230013227234,0.774442147296,0.716364576829,60.0000111177,59.9999868862
0.782579011429,-0.23752836334,0.735942566715,-0.229601701414,0.774442147296,0.716364576829,60.0000111177,59.9999868862
0.782544006351,-0.237109173773,0.73586654535,-0.229189994055,0.774442147296,0.716364576829,60.0000111177,59.9999868862
0.782509094053,-0.236689764103,0.735790673024,-0.228778105781,0.774442147296,0.716364576829,60.0000111177,59.9999868862
0.782474274296,-0.236270135212,0.735714949804,-0.22836603687,0.774442147296,0.716364576829,60.0000111177,59.9999868862
0.782439546963,-0.235850287573,0.735639375756,-0.227953787599,0.774442147296,0.716364576829,60.0000111177,59.9999868862
0.782404911974,-0.235430221537,0.735563950945,-0.227541358242,0.774442147296,0.716364576829,60.0000111177,59.9999868862
0.78237036925,-0.235009937452,0.735488675436,-0.227128749073,0.774442147296,0.716364576829,60.0000111177,59.9999868862
0.782335918711,-0.234589435669,0.735413549295,-0.226715960367,0.774442147296,0.716364576829,60.0000111177,59.9999868862
0.782301560278,-0.234168716535,0.735338572585,-0.226302992393,0.774442147296,0.716364576829,60.0000111177,59.9999868862
0.78226729387,-0.233747780399,0.735263745317,-0.225889845595,0.774442147296,0.716364576829,60.0000111177,59.9999868862
0.782233119406,-0.233326627608,0.735189067346,-0.225476520928,0.774442147296,0.716364576829,60.0000111177,59.9999868862
0.782199036807,-0.23290525851,0.735114538575,-0.225063019182,0.774442147296,0.716364576829,60.0000111177,59.9999868862
0.782165045991,-0.232483673451,0.735040159068,-0.224649340631,0.774442147296,0.716364576829,60.0000111177,59.9999868862
0.782131146861,-0.232061872836,0.734965928886,-0.22423548555,0.774442147296,0.716364576829,60.0000111177,59.9999868862
0.782097339172,-0.231639857556,0.734891848091,-0.22382145421,0.774442147296,0.716364576829,60.0000111177,59.9999868862
0.7820636227,-0.23121762845,0.734817916744,-0.223407246883,0.774442147296,0.716364576829,60.0000111177,59.9999868862
0.782029997363,-0.230795185867,0.734744134907,-0.222992863838,0.774442147296,0.716364576829,60.0000111177,59.9999868862
0.781996463079,-0.230372530156,0.734670502639,-0.222578305345,0.774442147296,0.716364576829,60.0000111177,59.9999868862
0.781963019767,-0.229949661667,0.734597020002,-0.22216357167,0.774442147296,0.716364576829,60.0000111177,59.9999868862
0.781929667344,-0.229526580749,0.734523686866,-0.221748663705,0.774442147296,0.716364576829,60.0000111177,59.9999868862
0.781896405728,-0.229103287749,0.734450503079,-0.221333582421,0.774442147296,0.716364576829,60.0000111177,59.9999868862
0.781863234836,-0.228679783015,0.734377468676,-0.220918328165,0.774442147296,0.716364576829,60.0000111177,59.9999868862
0.781830154587,-0.228256066894,0.734304583717,-0.220502901209,0.774442147296,0.716364576829,60.0000111177,59.9999868862
0.781797164897,-0.227832139734,0.734231848259,-0.220087301821,0.774442147296,0.716364576829,60.0000111177,59.9999868862
0.781764265683,-0.22740800188,0.73415926236,-0.219671530269,0.774442147296,0.716364576829,60.0000111177,59.9999868862
0.781731456823,-0.226983653815,0.734086826078,-0.219255586822,0.774442147296,0.716364576829,60.0000111177,59.9999868862
0.78169873807,-0.226559096445,0.734014539469,-0.218839471743,0.774442147296,0.716364576829,60.0000111177,59.9999868862
0.781666109218,-0.226134330542,0.733942402589,-0.218423185299,0.774442147296,0.716364576829,60.0000111177,59.9999868862
0.781633570185,-0.225709356455,0.73387041541,-0.21800672804,0.774442147296,0.716364576829,60.0000111177,59.9999868862
0.781601120886,-0.225284174534,0.733798577774,-0.217590100949,0.774442147296,0.716364576829,60.0000111177,59.9999868862
0.781568761238,-0.224858785126,0.73372688961,-0.21717330472,0.774442147296,0.716364576829,60.0000111177,59.9999868862
0.781536491156,-0.22443318858,0.733655350972,-0.216756339622,0.774442147296,0.716364576829,60.0000111177,59.9999868862
0.781504310557,-0.224007385243,0.733583961916,-0.21633920592,0.774442147296,0.716364576829,60.0000111177,59.9999868862
0.781472219355,-0.223581375464,0.733512722495,-0.21592190388,0.774442147296,0.716364576829,60.0000111177,59.9999868862
0.781440217467,-0.223155159587,0.733441632763,-0.215504433765,0.774442147296,0.716364576829,60.0000111177,59.9999868862
0.781408304808,-0.22272873796,0.733370692774,-0.215086795839,0.774442147296,0.716364576829,60.0000111177,59.9999868862
0.781376481292,-0.222302110927,0.73329990258,-0.214668990363,0.774442147296,0.716364576829,60.0000111177,59.9999868862
0.781344746807,-0.221875278933,0.733229262236,-0.214251017597,0.774442147296,0.716364576829,60.0000111177,59.9999868862
0.781313101105,-0.221448242898,0.733158771625,-0.213832878371,0.774442147296,0.716364576829,60.0000111177,59.9999868862
0.781281543965,-0.221021003645,0.733088430588,-0.213414573681,0.774442147296,0.716364576829,60.0000111177,59.9999868862
0.781250075302,-0.220593561524,0.733018239126,-0.212996103953,0.774442147296,0.716364576829,60.0000111177,59.9999868862
0.781218695031,-0.220165916882,0.732948197293,-0.212577469452,0.774442147296,0.716364576829,60.0000111177,59.9999868862
0.781187403065,-0.219738070068,0.732878305139,-0.212158670439,0.774442147296,0.716364576829,60.0000111177,59.9999868862
0.781156199321,-0.21931002143,0.732808562714,-0.211739707175,0.774442147296,0.716364576829,60.0000111177,59.9999868862
0.781125083711,-0.218881771314,0.732738970068,-0.211320579921,0.774442147296,0.716364576829,60.0000111177,59.9999868862
0.781094056149,-0.218453320067,0.732669527252,-0.210901288934,0.774442147296,0.716364576829,60.0000111177,59.9999868862
0.781063116549,-0.218024668035,0.732600234314,-0.210481834473,0.774442147296,0.716364576829,60.0000111177,59.9999868862
0.781032264826,-0.217595815564,0.732531091302,-0.210062216797,0.774442147296,0.716364576829,60.0000111177,59.9999868862
0.781001500892,-0.217166762997,0.73246209805,-0.209642436915,0.774442147296,0.716364576829,60.0000111177,59.9999868862
0.78097082466,-0.21673751068,0.732393254393,-0.20922249583,0.774442147296,0.716364576829,60.0000111177,59.9999868862
0.780940235903,-0.216308059469,0.732324560379,-0.208802393803,0.774442147296,0.716364576829,60.0000111177,59.9999868862
0.780909734369,-0.215878410301,0.732256016054,-0.208382131094,0.774442147296,0.716364576829,60.0000111177,59.9999868862
0.780879319951,-0.215448563601,0.732187621468,-0.20796170796,0.774442147296,0.716364576829,60.0000111177,59.9999868862
0.780848992562,-0.215018519718,0.732119376666,-0.207541124659,0.774442147296,0.716364576829,60.0000111177,59.9999868862
0.780818752114,-0.214588278999,0.732051281695,-0.207120381447,0.774442147296,0.716364576829,60.0000111177,59.9999868862
0.78078859852,-0.214157841791,0.731983336602,-0.206699478577,0.774442147296,0.716364576829,60.0000111177,59.9999868862
0.780758531694,-0.213727208441,0.731915541432,-0.206278416302,0.774442147296,0.716364576829,60.0000111177,59.9999868862
0.780728551547,-0.213296379295,0.731847896213,-0.205857194936,0.774442147296,0.716364576829,60.0000111177,59.9999868862
0.780698657993,-0.212865354697,0.731780400775,-0.205435815501,0.774442147296,0.716364576829,60.0000111177,59.9999868862
0.780668850943,-0.212434134992,0.731713054964,-0.205014278959,0.774442147296,0.716364576829,60.0000111177,59.9999868862
0.780639130309,-0.212002720525,0.731645858824,-0.204592585566,0.774442147296,0.716364576829,60.0000111177,59.9999868862
0.780609496004,-0.211571111639,0.731578812399,-0.204170735579,0.774442147296,0.716364576829,60.0000111177,59.9999868862
0.780579947889,-0.211139308868,0.731511915734,-0.203748729252,0.774442147296,0.716364576829,60.0000111177,59.9999868862
0.780550485711,-0.210707313161,0.731445168871,-0.203326566838,0.774442147296,0.716364576829,60.0000111177,59.9999868862
0.780521109269,-0.210275125284,0.731378571855,-0.202904248588,0.774442147296,0.716364576829,60.0000111177,59.9999868862
0.780491818476,-0.209842745582,0.731312124727,-0.202481774751,0.774442147296,0.716364576829,60.0000111177,59.9999868862
0.780462613243,-0.209410174403,0.731245827531,-0.202059145578,0.774442147296,0.716364576829,60.0000111177,59.9999868862
0.780433493482,-0.208977412094,0.731179680309,-0.201636361316,0.774442147296,0.716364576829,60.0000111177,59.9999868862
0.780404459105,-0.208544459,0.731113682888,-0.201213422989,0.774442147296,0.716364576829,60.0000111177,59.9999868862
0.780375510023,-0.208111315467,0.731047835092,-0.200790331638,0.774442147296,0.716364576829,60.0000111177,59.9999868862
0.780346646147,-0.207677981839,0.73098213696,-0.200367087527,0.774442147296,0.716364576829,60.0000111177,59.9999868862
0.780317867389,-0.20724445846,0.730916588533,-0.199943690908,0.774442147296,0.716364576829,60.0000111177,59.9999868862
0.78028917366,-0.206810745673,0.730851189851,-0.19952014203,0.774442147296,0.716364576829,60.0000111177,59.9999868862
0.78026056487,-0.206376843822,0.730785940955,-0.199096441143,0.774442147296,0.716364576829,60.0000111177,59.9999868862
0.780232040932,-0.205942753248,0.730720841885,-0.198672588495,0.774442147296,0.716364576829,60.0000111177,59.9999868862
0.780203601676,-0.205508474597,0.730655892679,-0.19824858433,0.774442147296,0.716364576829,60.0000111177,59.9999868862
0.780175246848,-0.205074008838,0.730591093379,-0.197824428895,0.774442147296,0.716364576829,60.0000111177,59.9999868862
0.780146976275,-0.204639356637,0.730526444022,-0.197400122432,0.774442147296,0.716364576829,60.0000111177,59.9999868862
0.780118789867,-0.204204518342,0.730461944491,-0.19697566576,0.774442147296,0.716364576829,60.0000111177,59.9999868862
0.780090687536,-0.203769494297,0.730397594608,-0.196551059937,0.774442147296,0.716364576829,60.0000111177,59.9999868862
0.780062669191,-0.20333428485,0.730333394346,-0.196126305443,0.774442147296,0.716364576829,60.0000111177,59.9999868862
0.780034734745,-0.202898890343,0.730269343744,-0.195701402526,0.774442147296,0.716364576829,60.0000111177,59.9999868862
0.780006884107,-0.202463311122,0.730205442839,-0.195276351433,0.774442147296,0.716364576829,60.0000111177,59.9999868862
0.779979117188,-0.202027547529,0.730141691668,-0.194851152408,0.774442147296,0.716364576829,60.0000111177,59.9999868862
0.779951433898,-0.201591599907,0.730078090269,-0.194425805696,0.774442147296,0.716364576829,60.0000111177,59.9999868862
0.779923834148,-0.201155468599,0.730014638678,-0.194000311538,0.774442147296,0.716364576829,60.0000111177,59.9999868862
0.779896317849,-0.200719153946,0.729951336932,-0.193574670176,0.774442147296,0.716364576829,60.0000111177,59.9999868862
0.779868884909,-0.200282656288,0.729888185065,-0.193148881848,0.774442147296,0.716364576829,60.0000111177,59.9999868862
0.77984153518,-0.199845976199,0.72982518306,-0.192722946997,0.774442147296,0.716364576829,60.0000111177,59.9999868862
0.779814268406,-0.199409114669,0.729762330733,-0.192296866697,0.774442147296,0.716364576829,60.0000111177,59.9999868862
0.779787084391,-0.198972072459,0.729699627953,-0.191870641816,0.774442147296,0.716364576829,60.0000111177,59.9999868862
0.779759983045,-0.198534849912,0.729637074755,-0.1914442726,0.774442147296,0.716364576829,60.0000111177,59.9999868862
0.779732964278,-0.198097447375,0.729574671174,-0.19101775929,0.774442147296,0.716364576829,60.0000111177,59.9999868862
0.779706028,-0.197659865191,0.729512417243,-0.190591102129,0.774442147296,0.716364576829,60.0000111177,59.9999868862
0.779679174122,-0.197222103705,0.729450312997,-0.190164301357,0.774442147296,0.716364576829,60.0000111177,59.9999868862
0.779652402554,-0.196784163258,0.72938835847,-0.189737357211,0.774442147296,0.716364576829,60.0000111177,59.9999868862
0.779625713205,-0.196346044193,0.729326553695,-0.189310269929,0.774442147296,0.716364576829,60.0000111177,59.9999868862
0.779599105985,-0.195907746852,0.729264898704,-0.188883039747,0.774442147296,0.716364576829,60.0000111177,59.9999868862
0.779572580805,-0.195469271575,0.729203393532,-0.188455666897,0.774442147296,0.716364576829,60.0000111177,59.9999868862
0.779546137574,-0.195030618703,0.729142038083,-0.188028152106,0.774442147296,0.716364576829,60.0000111177,59.9999868862
0.779519776202,-0.194591788575,0.729080832169,-0.187600496464,0.774442147296,0.716364576829,60.0000111177,59.9999868862
0.779493496598,-0.19415278153,0.729019775729,-0.187172700576,0.774442147296,0.716364576829,60.0000111177,59.9999868862
0.779467298522,-0.193713598515,0.728958868793,-0.186744764684,0.774442147296,0.716364576829,60.0000111177,59.9999868862
0.779441181714,-0.193274240545,0.728898111394,-0.186316689023,0.774442147296,0.716364576829,60.0000111177,59.9999868862
0.779415146071,-0.192834708028,0.728837503562,-0.185888473831,0.774442147296,0.716364576829,60.0000111177,59.9999868862
0.779389191502,-0.192395001308,0.728777045328,-0.185460119342,0.774442147296,0.716364576829,60.0000111177,59.9999868862
0.779363317915,-0.191955120728,0.728716736723,-0.185031625791,0.774442147296,0.716364576829,60.0000111177,59.9999868862
0.779337525223,-0.19151506663,0.728656577778,-0.184602993409,0.774442147296,0.716364576829,60.0000111177,59.9999868862
0.779311813333,-0.191074839356,0.728596568522,-0.184174222426,0.774442147296,0.716364576829,60.0000111177,59.9999868862
0.779286182156,-0.190634439248,0.728536708985,-0.183745313071,0.774442147296,0.716364576829,60.0000111177,59.9999868862
0.779260631602,-0.190193866645,0.728476999048,-0.183316266169,0.774442147296,0.716364576829,60.0000111177,59.9999868862
0.779235161579,-0.189753121888,0.728417438516,-0.182887082834,0.774442147296,0.716364576829,60.0000111177,59.9999868862
0.779209771999,-0.189312205315,0.728358027348,-0.182457763585,0.774442147296,0.716364576829,60.0000111177,59.9999868862
0.77918446277,-0.188871117265,0.728298765571,-0.182028308659,0.774442147296,0.716364576829,60.0000111177,59.9999868862
0.779159233803,-0.188429858075,0.728239653216,-0.181598718289,0.774442147296,0.716364576829,60.0000111177,59.9999868862
0.779134084991,-0.187988428144,0.728180690309,-0.181168992706,0.774442147296,0.716364576829,60.0000111177,59.9999868862
0.779109016077,-0.187546828506,0.728121876879,-0.180739132141,0.774442147296,0.716364576829,60.0000111177,59.9999868862
0.779084026818,-0.187105060136,0.728063212953,-0.180309136822,0.774442147296,0.716364576829,60.0000111177,59.9999868862
0.779059117124,-0.186663123376,0.72800469856,-0.179879006976,0.774442147296,0.716364576829,60.0000111177,59.9999868862
0.779034286904,-0.186221018569,0.727946333727,-0.179448742828,0.774442147296,0.716364576829,60.0000111177,59.9999868862
0.779009536068,-0.185778746056,0.72788811848,-0.179018344604,0.774442147296,0.716364576829,60.0000111177,59.9999868862
0.778984864527,-0.18533630618,0.727830052727,-0.178587813011,0.774442147296,0.716364576829,60.0000111177,59.9999868862
0.778960272189,-0.184893699278,0.727772136271,-0.178157149187,0.774442147296,0.716364576829,60.0000111177,59.9999868862
0.778935758966,-0.184450925692,0.727714369035,-0.177726353784,0.774442147296,0.716364576829,60.0000111177,59.9999868862
0.778911324766,-0.18400798576,0.727656751044,-0.177295427033,0.774442147296,0.716364576829,60.0000111177,59.9999868862
0.7788869695,-0.18356487982,0.727599282325,-0.176864369162,0.774442147296,0.716364576829,60.0000111177,59.9999868862
0.778862693076,-0.183121608209,0.727541962903,-0.176433180399,0.774442147296,0.716364576829,60.0000111177,59.9999868862
0.778838495406,-0.182678171263,0.727484792804,-0.17600186097,0.774442147296,0.716364576829,60.0000111177,59.9999868862
0.778814376399,-0.182234569318,0.727427772052,-0.175570411099,0.774442147296,0.716364576829,60.0000111177,59.9999868862
0.778790335965,-0.181790802709,0.727370900672,-0.175138831008,0.774442147296,0.716364576829,60.0000111177,59.9999868862
0.778766373866,-0.1813468724,0.72731417869,-0.174707120918,0.774442147296,0.716364576829,60.0000111177,59.9999868862
0.778742489846,-0.180902779453,0.727257606128,-0.174275281048,0.774442147296,0.716364576829,60.0000111177,59.9999868862
0.778718683791,-0.1804585243,0.727201182983,-0.173843311737,0.774442147296,0.716364576829,60.0000111177,59.9999868862
0.778694955613,-0.180014107284,0.727144909054,-0.173411214145,0.774442147296,0.716364576829,60.0000111177,59.9999868862
0.778671305221,-0.179569528743,0.727088784169,-0.172978989313,0.774442147296,0.716364576829,60.0000111177,59.9999868862
0.778647732526,-0.179124789019,0.727032808352,-0.172546637467,0.774442147296,0.716364576829,60.0000111177,59.9999868862
0.778624237439,-0.178679888448,0.726976981625,-0.172114158832,0.774442147296,0.716364576829,60.0000111177,59.9999868862
0.778600819868,-0.178234827371,0.726921304013,-0.171681553631,0.774442147296,0.716364576829,60.0000111177,59.9999868862
0.778577479725,-0.177789606123,0.726865775537,-0.171248822086,0.774442147296,0.716364576829,60.0000111177,59.9999868862
0.778554216919,-0.177344225041,0.72681039622,-0.170815964417,0.774442147296,0.716364576829,60.0000111177,59.9999868862
0.778531031362,-0.17689868446,0.726755166085,-0.170382980842,0.774442147296,0.716364576829,60.0000111177,59.9999868862
0.778507922963,-0.176452984716,0.726700085153,-0.169949871577,0.774442147296,0.716364576829,60.0000111177,59.9999868862
0.778484891632,-0.176007126142,0.726645153447,-0.169516636837,0.774442147296,0.716364576829,60.0000111177,59.9999868862
0.77846193728,-0.175561109072,0.726590370988,-0.169083276835,0.774442147296,0.716364576829,60.0000111177,59.9999868862
0.778439059783,-0.175114933992,0.726535737699,-0.168649792206,0.774442147296,0.716364576829,60.0000111177,59.9999868862
0.778416258882,-0.174668601987,0.726481253377,-0.168216184137,0.774442147296,0.716364576829,60.0000111177,59.9999868862
0.778393534354,-0.174222113992,0.726426917914,-0.167782453398,0.774442147296,0.716364576829,60.0000111177,59.9999868862
0.77837088611,-0.173775470346,0.726372731331,-0.16734860021,0.774442147296,0.716364576829,60.0000111177,59.9999868862
0.778348314061,-0.173328671388,0.72631869365,-0.166914624793,0.774442147296,0.716364576829,60.0000111177,59.9999868862
0.778325818117,-0.172881717457,0.726264804889,-0.166480527364,0.774442147296,0.716364576829,60.0000111177,59.9999868862
0.778303398189,-0.17243460889,0.72621106507,-0.166046308139,0.774442147296,0.716364576829,60.0000111177,59.9999868862
0.778281054189,-0.171987346024,0.726157474213,-0.165611967334,0.774442147296,0.716364576829,60.0000111177,59.9999868862
0.778258786027,-0.171539929195,0.726104032337,-0.16517750516,0.774442147296,0.716364576829,60.0000111177,59.9999868862
0.778236593615,-0.171092358738,0.726050739461,-0.164742921828,0.774442147296,0.716364576829,60.0000111177,59.9999868862
0.778214476862,-0.170644634988,0.725997595606,-0.164308217548,0.774442147296,0.716364576829,60.0000111177,59.9999868862
0.778192435682,-0.170196758277,0.72594460079,-0.163873392526,0.774442147296,0.716364576829,60.0000111177,59.9999868862
0.778170469983,-0.169748728938,0.725891754936,-0.163438447394,0.774442147296,0.716364576829,60.0000111177,59.9999868862
0.778148579679,-0.169300547303,0.725839057836,-0.163003383369,0.774442147296,0.716364576829,60.0000111177,59.9999868862
0.77812676468,-0.168852213702,0.725786509378,-0.16256820125,0.774442147296,0.716364576829,60.0000111177,59.9999868862
0.778105024891,-0.168403728495,0.725734109581,-0.162132901252,0.774442147296,0.716364576829,60.0000111177,59.9999868862
0.778083360054,-0.167955092795,0.725681858461,-0.16169748359,0.774442147296,0.716364576829,60.0000111177,59.9999868862
0.778061769919,-0.167506307691,0.725629756037,-0.161261948478,0.774442147296,0.716364576829,60.0000111177,59.9999868862
0.778040254396,-0.167057373523,0.725577802328,-0.160826296125,0.774442147296,0.716364576829,60.0000111177,59.9999868862
0.778018813397,-0.166608290627,0.725525997349,-0.160390526742,0.774442147296,0.716364576829,60.0000111177,59.9999868862
0.777997446836,-0.16615905934,0.72547434112,-0.159954640535,0.774442147296,0.716364576829,60.0000111177,59.9999868862
0.777976154622,-0.165709679999,0.725422833656,-0.159518637711,0.774442147296,0.716364576829,60.0000111177,59.9999868862
0.77795493667,-0.165260152938,0.725371474975,-0.159082518473,0.774442147296,0.716364576829,60.0000111177,59.9999868862
0.777933792889,-0.164810478492,0.725320265094,-0.158646283024,0.774442147296,0.716364576829,60.0000111177,59.9999868862
0.777912723194,-0.164360656994,0.725269204016,-0.158209931623,0.774442147296,0.716364576829,60.0000111177,59.9999868862
0.777891727495,-0.163910688776,0.725218291529,-0.15777346552,0.774442147296,0.716364576829,60.0000111177,59.9999868862
0.777870805705,-0.16346057417,0.725167527435,-0.157336885909,0.774442147296,0.716364576829,60.0000111177,59.9999868862
0.777849957737,-0.163010313506,0.72511691175,-0.156900193002,0.774442147296,0.716364576829,60.0000111177,59.9999868862
0.777829183503,-0.162559907114,0.72506644449,-0.15646338701,0.774442147296,0.716364576829,60.0000111177,59.9999868862
0.777808482916,-0.162109355323,0.725016125669,-0.15602646814,0.774442147296,0.716364576829,60.0000111177,59.9999868862
0.777787855888,-0.161658658461,0.724965955305,-0.155589436599,0.774442147296,0.716364576829,60.0000111177,59.9999868862
0.777767302281,-0.161207817095,0.724915933412,-0.155152292592,0.774442147296,0.716364576829,60.0000111177,59.9999868862
0.777746821839,-0.160756832376,0.724866060005,-0.154715036322,0.774442147296,0.716364576829,60.0000111177,59.9999868862
0.777726414355,-0.160305705215,0.724816335099,-0.15427766799,0.774442147296,0.716364576829,60.0000111177,59.9999868862
0.777706079743,-0.159854435949,0.724766758709,-0.153840187795,0.774442147296,0.716364576829,60.0000111177,59.9999868862
0.777685817915,-0.159403024913,0.72471733085,-0.153402595934,0.774442147296,0.716364576829,60.0000111177,59.9999868862
0.777665628785,-0.158951472442,0.724668051536,-0.152964892603,0.774442147296,0.716364576829,60.0000111177,59.9999868862
0.777645512267,-0.158499778871,0.724618920712,-0.152527078326,0.774442147296,0.716364576829,60.0000111177,59.9999868862
0.777625468273,-0.158047944531,0.724569938163,-0.15208915439,0.774442147296,0.716364576829,60.0000111177,59.9999868862
0.777605496718,-0.157595969755,0.724521103742,-0.151651121761,0.774442147296,0.716364576829,60.0000111177,59.9999868862
0.777585597516,-0.157143854874,0.724472417463,-0.151212980644,0.774442147296,0.716364576829,60.0000111177,59.9999868862
0.777565770579,-0.156691600219,0.724423879341,-0.150774731245,0.774442147296,0.716364576829,60.0000111177,59.9999868862
0.777546015822,-0.156239206117,0.724375489387,-0.150336373766,0.774442147296,0.716364576829,60.0000111177,59.9999868862
0.77752633316,-0.155786672897,0.724327247617,-0.149897908409,0.774442147296,0.716364576829,60.0000111177,59.9999868862
0.777506722505,-0.155334000887,0.724279154042,-0.149459335371,0.774442147296,0.716364576829,60.0000111177,59.9999868862
0.777487183772,-0.154881190412,0.724231208675,-0.14902065485,0.774442147296,0.716364576829,60.0000111177,59.9999868862
0.777467716876,-0.154428241798,0.724183411531,-0.148581867042,0.774442147296,0.716364576829,60.0000111177,59.9999868862
0.777448321731,-0.153975155368,0.72413576262,-0.14814297214,0.774442147296,0.716364576829,60.0000111177,59.9999868862
0.777428998099,-0.153521932222,0.724088261955,-0.147703970335,0.774442147296,0.716364576829,60.0000111177,59.9999868862
0.777409745723,-0.153068573549,0.72404090955,-0.147264861816,0.774442147296,0.716364576829,60.0000111177,59.9999868862
0.777390564502,-0.152615079774,0.72399370539,-0.146825646898,0.774442147296,0.716364576829,60.0000111177,59.9999868862
0.777371454351,-0.152161451229,0.723946649255,-0.146386326914,0.774442147296,0.716364576829,60.0000111177,59.9999868862
0.777352415184,-0.151707688248,0.723899740951,-0.145946903079,0.774442147296,0.716364576829,60.0000111177,59.9999868862
0.777333446918,-0.151253791164,0.723852980491,-0.145507375594,0.774442147296,0.716364576829,60.0000111177,59.9999868862
0.777314549468,-0.150799760307,0.723806367885,-0.145067744658,0.774442147296,0.716364576829,60.0000111177,59.9999868862
0.777295722749,-0.150345596007,0.723759903146,-0.144628010469,0.774442147296,0.716364576829,60.0000111177,59.9999868862
0.777276966676,-0.149891298595,0.723713586284,-0.144188173224,0.774442147296,0.716364576829,60.0000111177,59.9999868862
0.777258281166,-0.149436868399,0.723667417311,-0.143748233117,0.774442147296,0.716364576829,60.0000111177,59.9999868862
0.777239666134,-0.148982305745,0.723621396237,-0.143308190339,0.774442147296,0.716364576829,60.0000111177,59.9999868862
0.777221121496,-0.14852761096,0.723575523073,-0.142868045081,0.774442147296,0.716364576829,60.0000111177,59.9999868862
0.777202647169,-0.14807278437,0.72352979783,-0.14242779753,0.774442147296,0.716364576829,60.0000111177,59.9999868862
0.777184243068,-0.147617826298,0.723484220518,-0.141987447874,0.774442147296,0.716364576829,60.0000111177,59.9999868862
0.77716590911,-0.147162737067,0.723438791149,-0.141546996295,0.774442147296,0.716364576829,60.0000111177,59.9999868862
0.777147645212,-0.146707517001,0.723393509731,-0.141106442976,0.774442147296,0.716364576829,60.0000111177,59.9999868862
0.77712945129,-0.146252166418,0.723348376176,-0.140665788609,0.774442147296,0.716364576829,60.0000111177,59.9999868862
0.777111327133,-0.145796686315,0.723303390259,-0.140225034581,0.774442147296,0.716364576829,60.0000111177,59.9999868862
0.777093272489,-0.145341077926,0.723258551858,-0.139784181772,0.774442147296,0.716364576829,60.0000111177,59.9999868862
0.777075287231,-0.144885341821,0.723213860983,-0.139343230378,0.774442147296,0.716364576829,60.0000111177,59.9999868862
0.777057371276,-0.144429478332,0.723169317642,-0.138902180593,0.774442147296,0.716364576829,60.0000111177,59.9999868862
0.77703952454,-0.14397348779,0.723124921845,-0.13846103261,0.774442147296,0.716364576829,60.0000111177,59.9999868862
0.777021746943,-0.143517370526,0.723080673601,-0.138019786619,0.774442147296,0.716364576829,60.0000111177,59.9999868862
0.777004038402,-0.143061126868,0.72303657292,-0.137578442806,0.774442147296,0.716364576829,60.0000111177,59.9999868862
0.776986398833,-0.142604757147,0.722992619811,-0.13713700136,0.774442147296,0.716364576829,60.0000111177,59.9999868862
0.776968828157,-0.142148261688,0.722948814281,-0.136695462462,0.774442147296,0.716364576829,60.0000111177,59.9999868862
0.77695132629,-0.141691640818,0.722905156341,-0.136253826296,0.774442147296,0.716364576829,60.0000111177,59.9999868862
0.776933893151,-0.141234894863,0.722861645999,-0.135812093041,0.774442147296,0.716364576829,60.0000111177,59.9999868862
0.776916528658,-0.140778024146,0.722818283263,-0.135370262874,0.774442147296,0.716364576829,60.0000111177,59.9999868862
0.77689923273,-0.140321028992,0.722775068141,-0.134928335971,0.774442147296,0.716364576829,60.0000111177,59.9999868862
0.776882005286,-0.13986390972,0.7227320006,-0.134486312734,0.774442147296,0.716364576829,60.0000111177,59.9999868862
0.776864846245,-0.139406666653,0.722689080412,-0.134044194603,0.774442147296,0.716364576829,60.0000111177,59.9999868862
0.776847755525,-0.13894930011,0.722646307394,-0.133601982795,0.774442147296,0.716364576829,60.0000111177,59.9999868862
0.776830733046,-0.138491810409,0.722603681554,-0.133159677504,0.774442147296,0.716364576829,60.0000111177,59.9999868862
0.776813778726,-0.138034197867,0.722561202899,-0.132717278917,0.774442147296,0.716364576829,60.0000111177,59.9999868862
0.776796892368,-0.137576463468,0.722518871437,-0.132274787222,0.774442147296,0.716364576829,60.0000111177,59.9999868862
0.776780073721,-0.1371186085,0.722476687176,-0.131832202605,0.774442147296,0.716364576829,60.0000111177,59.9999868862
0.77676332265,-0.136660633595,0.722434650123,-0.131389525249,0.774442147296,0.716364576829,60.0000111177,59.9999868862
0.776746639076,-0.136202539084,0.722392760286,-0.130946755334,0.774442147296,0.716364576829,60.0000111177,59.9999868862
0.776730022919,-0.135744325296,0.722351017671,-0.13050389304,0.774442147296,0.716364576829,60.0000111177,59.9999868862
0.7767134741,-0.13528599256,0.722309422285,-0.130060938543,0.774442147296,0.716364576829,60.0000111177,59.9999868862
0.77669699254,-0.134827541203,0.722267974135,-0.129617892018,0.774442147296,0.716364576829,60.0000111177,59.9999868862
0.776680578158,-0.134368971553,0.722226673229,-0.129174753637,0.774442147296,0.716364576829,60.0000111177,59.9999868862
0.776664230877,-0.133910283933,0.722185519573,-0.12873152357,0.774442147296,0.716364576829,60.0000111177,59.9999868862
0.776647950616,-0.13345147867,0.722144513173,-0.128288201984,0.774442147296,0.716364576829,60.0000111177,59.9999868862
0.776631737298,-0.132992556084,0.722103653968,-0.127844789431,0.774442147296,0.716364576829,60.0000111177,59.9999868862
0.776615590843,-0.1325335165,0.722062941727,-0.127401287416,0.774442147296,0.716364576829,60.0000111177,59.9999868862
0.776599511174,-0.132074360236,0.72202237629,-0.126957697069,0.774442147296,0.716364576829,60.0000111177,59.9999868862
0.776583498212,-0.131615087613,0.721981957664,-0.126514018574,0.774442147296,0.716364576829,60.0000111177,59.9999868862
0.776567551879,-0.131155698949,0.721941685853,-0.126070252117,0.774442147296,0.716364576829,60.0000111177,59.9999868862
0.776551672096,-0.130696194561,0.721901560865,-0.125626397879,0.774442147296,0.716364576829,60.0000111177,59.9999868862
0.776535858787,-0.130236574765,0.721861582704,-0.12518245604,0.774442147296,0.716364576829,60.0000111177,59.9999868862
0.776520111874,-0.129776839876,0.721821751377,-0.124738426777,0.774442147296,0.716364576829,60.0000111177,59.9999868862
0.776504431279,-0.129316990206,0.721782066889,-0.124294310266,0.774442147296,0.716364576829,60.0000111177,59.9999868862
0.776488816828,-0.128857026651,0.721742529245,-0.123850106681,0.774442147296,0.716364576829,60.0000111177,59.9999868862
0.776473268272,-0.128396950565,0.721703138452,-0.123405816191,0.774442147296,0.716364576829,60.0000111177,59.9999868862
0.776457785461,-0.127936762727,0.721663894513,-0.122961438966,0.774442147296,0.716364576829,60.0000111177,59.9999868862
0.776442368317,-0.127476463468,0.721624797436,-0.12251697517,0.774442147296,0.716364576829,60.0000111177,59.9999868862
0.776427016765,-0.127016053114,0.721585847224,-0.122072424969,0.774442147296,0.716364576829,60.0000111177,59.9999868862
0.776411730727,-0.126555531993,0.721547043882,-0.121627788524,0.774442147296,0.716364576829,60.0000111177,59.9999868862
0.776396510129,-0.12609490043,0.721508387416,-0.121183065992,0.774442147296,0.716364576829,60.0000111177,59.9999868862
0.776381354894,-0.125634158752,0.721469877679,-0.120738258443,0.774442147296,0.716364576829,60.0000111177,59.9999868862
0.776366264947,-0.125173307279,0.721431514436,-0.120293367461,0.774442147296,0.716364576829,60.0000111177,59.9999868862
0.776351240211,-0.124712346336,0.72139329761,-0.119848393734,0.774442147296,0.716364576829,60.0000111177,59.9999868862
0.776336280613,-0.124251276244,0.721355227203,-0.119403337443,0.774442147296,0.716364576829,60.0000111177,59.9999868862
0.776321386077,-0.123790097321,0.72131730322,-0.118958198764,0.774442147296,0.716364576829,60.0000111177,59.9999868862
0.776306556528,-0.123328809887,0.721279525666,-0.118512977876,0.774442147296,0.716364576829,60.0000111177,59.9999868862
0.776291791892,-0.122867414259,0.721241894546,-0.118067674951,0.774442147296,0.716364576829,60.0000111177,59.9999868862
0.776277092093,-0.122405910753,0.721204409862,-0.117622290161,0.774442147296,0.716364576829,60.0000111177,59.9999868862
0.776262457058,-0.121944299683,0.721167071619,-0.117176823676,0.774442147296,0.716364576829,60.0000111177,59.9999868862
0.776247886712,-0.121482581364,0.721129879822,-0.116731275661,0.774442147296,0.716364576829,60.0000111177,59.9999868862
0.776233380982,-0.121020756106,0.721092834474,-0.116285646282,0.774442147296,0.716364576829,60.0000111177,59.9999868862
0.776218939794,-0.120558824221,0.721055935578,-0.115839935701,0.774442147296,0.716364576829,60.0000111177,59.9999868862
0.776204563074,-0.120096786017,0.72101918314,-0.115394144076,0.774442147296,0.716364576829,60.0000111177,59.9999868862
0.776190250728,-0.119634641938,0.720982577161,-0.114948271565,0.774442147296,0.716364576829,60.0000111177,59.9999868862
0.776176002511,-0.119172393415,0.720946117647,-0.114502318322,0.774442147296,0.716364576829,60.0000111177,59.9999868862
0.776161818198,-0.118710041752,0.7209098046,-0.114056284498,0.774442147296,0.716364576829,60.0000111177,59.9999868862
0.776147697718,-0.118247587278,0.720873638,-0.11361017039,0.774442147296,0.716364576829,60.0000111177,59.9999868862
0.776133640998,-0.117785030319,0.720837617613,-0.113163977669,0.774442147296,0.716364576829,60.0000111177,59.9999868862
0.776119647965,-0.117322371202,0.720801743225,-0.112717707871,0.774442147296,0.716364576829,60.0000111177,59.9999868862
0.776105718549,-0.116859610252,0.720766014841,-0.112271361174,0.774442147296,0.716364576829,60.0000111177,59.9999868862
0.776091852676,-0.116396747791,0.720730432464,-0.111824937753,0.774442147296,0.716364576829,60.0000111177,59.9999868862
0.776078050276,-0.115933784143,0.720694996096,-0.111378437781,0.774442147296,0.716364576829,60.0000111177,59.9999868862
0.776064311277,-0.115470719629,0.72065970574,-0.110931861426,0.774442147296,0.716364576829,60.0000111177,59.9999868862
0.776050635608,-0.115007554567,0.7206245614,-0.110485208859,0.774442147296,0.716364576829,60.0000111177,59.9999868862
0.776037023199,-0.114544289278,0.720589563077,-0.110038480242,0.774442147296,0.716364576829,60.0000111177,59.9999868862
0.776023473977,-0.114080924077,0.720554710775,-0.109591675741,0.774442147296,0.716364576829,60.0000111177,59.9999868862
0.776009987874,-0.11361745928,0.720520004497,-0.109144795514,0.774442147296,0.716364576829,60.0000111177,59.9999868862
0.775996564818,-0.113153895203,0.720485444244,-0.10869783972,0.774442147296,0.716364576829,60.0000111177,59.9999868862
0.775983204739,-0.112690232157,0.720451030019,-0.108250808514,0.774442147296,0.716364576829,60.0000111177,59.9999868862
0.775969907568,-0.112226470454,0.720416761825,-0.107803702049,0.774442147296,0.716364576829,60.0000111177,59.9999868862
0.775956673235,-0.111762610405,0.720382639664,-0.107356520473,0.774442147296,0.716364576829,60.0000111177,59.9999868862
0.77594350167,-0.111298652316,0.720348663538,-0.106909263935,0.774442147296,0.716364576829,60.0000111177,59.9999868862
0.775930392805,-0.110834596497,0.72031483345,-0.106461932578,0.774442147296,0.716364576829,60.0000111177,59.9999868862
0.77591734657,-0.110370443251,0.720281149401,-0.106014526543,0.774442147296,0.716364576829,60.0000111177,59.9999868862
0.775904362896,-0.109906192883,0.720247611283,-0.105567046729,0.774442147296,0.716364576829,60.0000111177,59.9999868862
0.775891441712,-0.109441845711,0.720214218857,-0.105119494924,0.774442147296,0.716364576829,60.0000111177,59.9999868862
0.775878582778,-0.108977403269,0.720180971998,-0.104671872177,0.774442147296,0.716364576829,60.0000111177,59.9999868862
0.775865785855,-0.108512867083,0.720147870705,-0.10422417866,0.774442147296,0.716364576829,60.0000111177,59.9999868862
0.775853050875,-0.108048237482,0.720114914982,-0.103776414542,0.774442147296,0.716364576829,60.0000111177,59.9999868862
0.775840377771,-0.107583514792,0.72008210483,-0.103328579992,0.774442147296,0.716364576829,60.0000111177,59.9999868862
0.775827766476,-0.107118699337,0.720049440251,-0.102880675174,0.774442147296,0.716364576829,60.0000111177,59.9999868862
0.775815216922,-0.106653791443,0.720016921246,-0.10243270025,0.774442147296,0.716364576829,60.0000111177,59.9999868862
0.775802729043,-0.106188791432,0.719984547816,-0.10198465538,0.774442147296,0.716364576829,60.0000111177,59.9999868862
0.775790302771,-0.105723699624,0.719952319964,-0.101536540721,0.774442147296,0.716364576829,60.0000111177,59.9999868862
0.775777938042,-0.10525851634,0.719920237691,-0.101088356428,0.774442147296,0.716364576829,60.0000111177,59.9999868862
0.775765634787,-0.104793241899,0.719888300998,-0.100640102651,0.774442147296,0.716364576829,60.0000111177,59.9999868862
0.775753392942,-0.104327876616,0.719856509885,-0.10019177954,0.774442147296,0.716364576829,60.0000111177,59.9999868862
0.775741212441,-0.10386242081,0.719824864356,-0.099743387241,0.774442147296,0.716364576829,60.0000111177,59.9999868862
0.775729093218,-0.103396874792,0.71979336441,-0.0992949258966,0.774442147296,0.716364576829,60.0000111177,59.9999868862
0.775717035208,-0.102931238876,0.719762010049,-0.098846395647,0.774442147296,0.716364576829,60.0000111177,59.9999868862
0.775705038345,-0.102465513374,0.719730801275,-0.0983977966293,0.774442147296,0.716364576829,60.0000111177,59.9999868862
0.775693102566,-0.101999698594,0.719699738087,-0.0979491289773,0.774442147296,0.716364576829,60.0000111177,59.9999868862
0.775681227805,-0.101533794844,0.719668820487,-0.0975003928217,0.774442147296,0.716364576829,60.0000111177,59.9999868862
0.775669413998,-0.101067802432,0.719638048362,-0.0970515891326,0.774442147296,0.716364576829,60.0000111177,59.9999868862
0.775657661081,-0.100601721661,0.719607421472,-0.0966027198441,0.774442147296,0.716364576829,60.0000111177,59.9999868862
0.77564596899,-0.100135552834,0.719576939691,-0.0961537860699,0.774442147296,0.716364576829,60.0000111177,59.9999868862
0.775634337661,-0.099669296253,0.719546603017,-0.0957047879788,0.774442147296,0.716364576829,60.0000111177,59.9999868862
0.775622767032,-0.0992029522166,0.719516411453,-0.095255725737,0.774442147296,0.716364576829,60.0000111177,59.9999868862
0.775611257039,-0.0987365210225,0.719486364999,-0.0948065995081,0.774442147296,0.716364576829,60.0000111177,59.9999868862
0.775599807618,-0.0982700029663,0.719456463655,-0.0943574094532,0.774442147296,0.716364576829,60.0000111177,59.9999868862
0.775588418585,-0.0978033993135,0.719426707423,-0.0939081557306,0.774442147296,0.716364576829,60.0000111177,59.9999868862
0.775577089705,-0.0973367117471,0.719397096301,-0.0934588384958,0.774442147296,0.716364576829,60.0000111177,59.9999868862
0.775565820865,-0.0968699409954,0.719367630292,-0.0930094579017,0.774442147296,0.716364576829,60.0000111177,59.9999868862
0.775554612003,-0.0964030873857,0.719338309395,-0.0925600140981,0.774442147296,0.716364576829,60.0000111177,59.9999868862
0.775543463057,-0.0959361512435,0.719309133611,-0.0921105072319,0.774442147296,0.716364576829,60.0000111177,59.9999868862
0.775532373966,-0.0954691328934,0.719280102939,-0.0916609374473,0.774442147296,0.716364576829,60.0000111177,59.9999868862
0.775521344669,-0.0950020326583,0.719251217381,-0.091211304885,0.774442147296,0.716364576829,60.0000111177,59.9999868862
0.775510375105,-0.0945348508597,0.719222476936,-0.0907616096828,0.774442147296,0.716364576829,60.0000111177,59.9999868862
0.775499465214,-0.0940675878178,0.719193881605,-0.0903118519753,0.774442147296,0.716364576829,60.0000111177,59.9999868862
0.775488614935,-0.0936002438513,0.719165431388,-0.0898620318939,0.774442147296,0.716364576829,60.0000111177,59.9999868862
0.775477824208,-0.0931328192772,0.719137126285,-0.0894121495663,0.774442147296,0.716364576829,60.0000111177,59.9999868862
0.775467092973,-0.0926653144111,0.719108966295,-0.0889622051172,0.774442147296,0.716364576829,60.0000111177,59.9999868862
0.775456421172,-0.092197729567,0.71908095142,-0.0885121986676,0.774442147296,0.716364576829,60.0000111177,59.9999868862
0.775445808744,-0.0917300650572,0.719053081659,-0.0880621303347,0.774442147296,0.716364576829,60.0000111177,59.9999868862
0.77543525563,-0.0912623211923,0.719025356837,-0.0876120016668,0.774442147296,0.716364576829,60.0000111177,59.9999868862
0.775424761772,-0.0907944982813,0.718997776711,-0.0871618147967,0.774442147296,0.716364576829,60.0000111177,59.9999868862
0.77541432711,-0.0903265966314,0.718970341213,-0.0867115704504,0.774442147296,0.716364576829,60.0000111177,59.9999868862
0.775403951588,-0.089858616548,0.718943050344,-0.0862612687939,0.774442147296,0.716364576829,60.0000111177,59.9999868862
0.775393635146,-0.0893905583345,0.718915904102,-0.0858109099906,0.774442147296,0.716364576829,60.0000111177,59.9999868862
0.775383377726,-0.0889224222926,0.718888902487,-0.0853604942012,0.774442147296,0.716364576829,60.0000111177,59.9999868862
0.775373179272,-0.088454208722,0.7188620455,-0.0849100215835,0.774442147296,0.716364576829,60.0000111177,59.9999868862
0.775363039726,-0.0879859179205,0.718835333139,-0.0844594922925,0.774442147296,0.716364576829,60.0000111177,59.9999868862
0.775352959031,-0.0875175501836,0.718808765404,-0.08400890648,0.774442147296,0.716364576829,60.0000111177,59.9999868862
0.77534293713,-0.0870491058049,0.718782342296,-0.0835582642952,0.774442147296,0.716364576829,60.0000111177,59.9999868862
0.775332973967,-0.0865805850758,0.718756063813,-0.083107565884,0.774442147296,0.716364576829,60.0000111177,59.9999868862
0.775323069485,-0.0861119882855,0.718729929954,-0.0826568113889,0.774442147296,0.716364576829,60.0000111177,59.9999868862
0.775313223628,-0.085643315721,0.718703940721,-0.0822060009495,0.774442147296,0.716364576829,60.0000111177,59.9999868862
0.775303436287,-0.0851745681584,0.718678096111,-0.0817551347019,0.774442147296,0.716364576829,60.0000111177,59.9999868862
0.775293707233,-0.0847057474783,0.718652396125,-0.0813042127789,0.774442147296,0.716364576829,60.0000111177,59.9999868862
0.77528403629,-0.0842368550932,0.718626840761,-0.0808532353095,0.774442147296,0.716364576829,60.0000111177,59.9999868862
0.775274423404,-0.0837678913332,0.718601430019,-0.0804022024195,0.774442147296,0.716364576829,60.0000111177,59.9999868862
0.775264868521,-0.0832988565269,0.718576163899,-0.0799511142307,0.774442147296,0.716364576829,60.0000111177,59.9999868862
0.775255371587,-0.0828297510017,0.7185510424,-0.0794999708612,0.774442147296,0.716364576829,60.0000111177,59.9999868862
0.775245932546,-0.0823605750835,0.718526065521,-0.0790487724252,0.774442147296,0.716364576829,60.0000111177,59.9999868862
0.775236551347,-0.0818913290965,0.718501233262,-0.0785975190331,0.774442147296,0.716364576829,60.0000111177,59.9999868862
0.775227227934,-0.0814220133637,0.718476545621,-0.0781462107907,0.774442147296,0.716364576829,60.0000111177,59.9999868862
0.775217962255,-0.0809526282063,0.718452002598,-0.0776948478002,0.774442147296,0.716364576829,60.0000111177,59.9999868862
0.775208754257,-0.0804831739438,0.718427604053,-0.0772434314478,0.774442147296,0.716364576829,60.0000111177,59.9999868862
0.775199603887,-0.0800136508944,0.718403349742,-0.0767919641335,0.774442147296,0.716364576829,60.0000111177,59.9999868862
0.775190511092,-0.0795440593742,0.718379239558,-0.0763404470049,0.774442147296,0.716364576829,60.0000111177,59.9999868862
0.775181475822,-0.0790743996978,0.7183552735,-0.0758888802291,0.774442147296,0.716364576829,60.0000111177,59.9999868862
0.775172498023,-0.0786046721778,0.718331451567,-0.0754372639701,0.774442147296,0.716364576829,60.0000111177,59.9999868862
0.775163577644,-0.0781348771252,0.718307773758,-0.0749855983894,0.774442147296,0.716364576829,60.0000111177,59.9999868862
0.775154714635,-0.0776650148488,0.718284240071,-0.0745338836452,0.774442147296,0.716364576829,60.0000111177,59.9999868862
0.775145908943,-0.0771950856555,0.718260850507,-0.0740821198928,0.774442147296,0.716364576829,60.0000111177,59.9999868862
0.775137160518,-0.0767250898504,0.718237605064,-0.0736303072844,0.774442147296,0.716364576829,60.0000111177,59.9999868862
0.775128469309,-0.0762550277362,0.718214503741,-0.0731784459688,0.774442147296,0.716364576829,60.0000111177,59.9999868862
0.775119835267,-0.0757848996137,0.718191546537,-0.0727265360915,0.774442147296,0.716364576829,60.0000111177,59.9999868862
0.775111258341,-0.0753147057812,0.71816873345,-0.0722745777948,0.774442147296,0.716364576829,60.0000111177,59.9999868862
0.775102738482,-0.074844446535,0.718146064481,-0.0718225712172,0.774442147296,0.716364576829,60.0000111177,59.9999868862
0.77509427564,-0.0743741221689,0.718123539626,-0.0713705164937,0.774442147296,0.716364576829,60.0000111177,59.9999868862
0.775085869767,-0.0739037329743,0.718101158887,-0.0709184137556,0.774442147296,0.716364576829,60.0000111177,59.9999868862
0.775077520812,-0.07343327924,0.71807892226,-0.0704662631302,0.774442147296,0.716364576829,60.0000111177,59.9999868862
0.775069228729,-0.0729627612525,0.718056829746,-0.070014064741,0.774442147296,0.716364576829,60.0000111177,59.9999868862
0.775060993468,-0.0724921792952,0.718034881342,-0.0695618187074,0.774442147296,0.716364576829,60.0000111177,59.9999868862
0.775052814981,-0.0720215336492,0.718013077048,-0.0691095251444,0.774442147296,0.716364576829,60.0000111177,59.9999868862
0.775044693221,-0.0715508245925,0.717991416863,-0.0686571841628,0.774442147296,0.716364576829,60.0000111177,59.9999868862
0.775036628141,-0.0710800524002,0.717969900785,-0.068204795869,0.774442147296,0.716364576829,60.0000111177,59.9999868862
0.775028619693,-0.0706092173443,0.717948528813,-0.0677523603646,0.774442147296,0.716364576829,60.0000111177,59.9999868862
0.775020667809,-0.0701383199238,0.717927300945,-0.0672998777465,0.774442147296,0.716364576829,60.0000111177,59.9999868862
0.775012772269,-0.0696673623503,0.717906217181,-0.0668473481067,0.774442147296,0.716364576829,60.0000111177,59.9999868862
0.775004932873,-0.069196346642,0.71788527752,-0.066394771532,0.774442147296,0.716364576829,60.0000111177,59.9999868862
0.774997149576,-0.0687252731373,0.717864481959,-0.0659421481042,0.774442147296,0.716364576829,60.0000111177,59.9999868862
0.774989422331,-0.0682541421734,0.717843830498,-0.0654894778993,0.774442147296,0.716364576829,60.0000111177,59.9999868862
0.774981751094,-0.0677829540861,0.717823322923,-0.065036763322,0.774442147296,0.716364576829,60.0000111177,59.9999868862
0.774974135819,-0.0673117092099,0.717802958989,-0.0645840072105,0.774442147296,0.716364576829,60.0000111177,59.9999868862
0.774966576462,-0.0668404078775,0.717782738659,-0.0641312101221,0.774442147296,0.716364576829,60.0000111177,59.9999868862
0.774959072978,-0.0663690504205,0.717762661932,-0.0636783722291,0.774442147296,0.716364576829,60.0000111177,59.9999868862
0.774951625323,-0.0658976371687,0.717742728806,-0.0632254937008,0.774442147296,0.716364576829,60.0000111177,59.9999868862
0.774944233453,-0.0654261684502,0.71772293928,-0.0627725747037,0.774442147296,0.716364576829,60.0000111177,59.9999868862
0.774936897325,-0.0649546445914,0.717703293352,-0.0623196154009,0.774442147296,0.716364576829,60.0000111177,59.9999868862
0.774929616894,-0.0644830659173,0.717683791022,-0.0618666159524,0.774442147296,0.716364576829,60.0000111177,59.9999868862
0.774922392119,-0.0640114327506,0.717664432287,-0.0614135765148,0.774442147296,0.716364576829,60.0000111177,59.9999868862
0.774915222956,-0.0635397454125,0.717645217146,-0.0609604972411,0.774442147296,0.716364576829,60.0000111177,59.9999868862
0.774908109363,-0.0630680042221,0.717626145597,-0.0605073782809,0.774442147296,0.716364576829,60.0000111177,59.9999868862
0.774901051298,-0.0625962094964,0.71760721764,-0.0600542197798,0.774442147296,0.716364576829,60.0000111177,59.9999868862
0.774894048719,-0.0621243615506,0.717588433273,-0.0596010218798,0.774442147296,0.716364576829,60.0000111177,59.9999868862
0.774887101584,-0.0616524606974,0.717569792494,-0.0591477847188,0.774442147296,0.716364576829,60.0000111177,59.9999868862
0.774880209851,-0.0611805072475,0.717551295302,-0.0586945084304,0.774442147296,0.716364576829,60.0000111177,59.9999868862
0.774873373481,-0.0607085015092,0.717532941695,-0.058241193144,0.774442147296,0.716364576829,60.0000111177,59.9999868862
0.774866592432,-0.0602364437883,0.717514731672,-0.0577878389847,0.774442147296,0.716364576829,60.0000111177,59.9999868862
0.774859866665,-0.0597643343882,0.717496665231,-0.0573344460725,0.774442147296,0.716364576829,60.0000111177,59.9999868862
0.774853196137,-0.0592921736096,0.717478742371,-0.0568810145231,0.774442147296,0.716364576829,60.0000111177,59.9999868862
0.774846580811,-0.0588199617505,0.71746096309,-0.0564275444469,0.774442147296,0.716364576829,60.0000111177,59.9999868862
0.774840020647,-0.0583476991062,0.717443327387,-0.0559740359491,0.774442147296,0.716364576829,60.0000111177,59.9999868862
0.774833515604,-0.057875385969,0.717425835261,-0.0555204891296,0.774442147296,0.716364576829,60.0000111177,59.9999868862
0.774827065645,-0.057403022628,0.717408486709,-0.0550669040825,0.774442147296,0.716364576829,60.0000111177,59.9999868862
0.774820670731,-0.0569306093693,0.717391281731,-0.0546132808964,0.774442147296,0.716364576829,60.0000111177,59.9999868862
0.774814330823,-0.0564581464757,0.717374220324,-0.0541596196535,0.774442147296,0.716364576829,60.0000111177,59.9999868862
0.774808045883,-0.0559856342264,0.717357302488,-0.0537059204297,0.774442147296,0.716364576829,60.0000111177,59.9999868862
0.774801815874,-0.0555130728973,0.71734052822,-0.0532521832945,0.774442147296,0.716364576829,60.0000111177,59.9999868862
0.774795640758,-0.0550404627602,0.71732389752,-0.0527984083102,0.774442147296,0.716364576829,60.0000111177,59.9999868862
0.774789520498,-0.0545678040832,0.717307410385,-0.0523445955324,0.774442147296,0.716364576829,60.0000111177,59.9999868862
0.774783455058,-0.0540950971304,0.717291066815,-0.0518907450087,0.774442147296,0.716364576829,60.0000111177,59.9999868862
0.7747774444,-0.0536223421615,0.717274866807,-0.0514368567794,0.774442147296,0.716364576829,60.0000111177,59.9999868862
0.774771488489,-0.0531495394318,0.717258810361,-0.0509829308763,0.774442147296,0.716364576829,60.0000111177,59.9999868862
0.774765587288,-0.0526766891921,0.717242897461,-0.050528967516,0.774442147296,0.716364576829,60.0000111177,59.9999868862
0.774759740762,-0.0522037916882,0.717227127857,-0.0500749702738,0.774442147296,0.716364576829,60.0000111177,59.9999868862
0.774753948876,-0.0517308471609,0.717211501315,-0.0496209426207,0.774442147296,0.716364576829,60.0000111177,59.9999868862
0.774748211595,-0.0512578558457,0.717196017835,-0.0491668847527,0.774442147296,0.716364576829,60.0000111177,59.9999868862
0.774742528884,-0.0507848179727,0.717180677413,-0.048712796863,0.774442147296,0.716364576829,60.0000111177,59.9999868862
0.774736900554,-0.0503117361437,0.717165480049,-0.0482586791421,0.774442147296,0.716364576829,60.0000111177,59.9999868862
0.774731326397,-0.0498386133489,0.717150425741,-0.0478045317778,0.774442147296,0.716364576829,60.0000111177,59.9999868862
0.774725806358,-0.0493654502736,0.717135514487,-0.0473503549549,0.774442147296,0.716364576829,60.0000111177,59.9999868862
0.774720340405,-0.0488922472852,0.717120746287,-0.0468961488549,0.774442147296,0.716364576829,60.0000111177,59.9999868862
0.774714928503,-0.0484190047501,0.717106121138,-0.0464419136563,0.774442147296,0.716364576829,60.0000111177,59.9999868862
0.774709570621,-0.0479457230344,0.717091639039,-0.045987649534,0.774442147296,0.716364576829,60.0000111177,59.9999868862
0.774704266726,-0.0474724025035,0.717077299989,-0.0455333566595,0.774442147296,0.716364576829,60.0000111177,59.9999868862
0.774699016785,-0.0469990435218,0.717063103985,-0.0450790352005,0.774442147296,0.716364576829,60.0000111177,59.9999868862
0.774693820767,-0.0465256464535,0.717049051027,-0.0446246853208,0.774442147296,0.716364576829,60.0000111177,59.9999868862
0.774688678639,-0.0460522116616,0.717035141113,-0.04417030718,0.774442147296,0.716364576829,60.0000111177,59.9999868862
0.774683590372,-0.0455787395086,0.717021374242,-0.0437159009335,0.774442147296,0.716364576829,60.0000111177,59.9999868862
0.774678555934,-0.045105230356,0.717007750411,-0.0432614667322,0.774442147296,0.716364576829,60.0000111177,59.9999868862
0.774673575294,-0.0446316845647,0.71699426962,-0.042807004722,0.774442147296,0.716364576829,60.0000111177,59.9999868862
0.774668648421,-0.0441581024943,0.716980931867,-0.0423525150442,0.774442147296,0.716364576829,60.0000111177,59.9999868862
0.774663775287,-0.0436844845039,0.716967737151,-0.0418979978345,0.774442147296,0.716364576829,60.0000111177,59.9999868862
0.774658955861,-0.0432108309513,0.716954685469,-0.041443453223,0.774442147296,0.716364576829,60.0000111177,59.9999868862
0.774654190113,-0.0427371421933,0.716941776822,-0.0409888813343,0.774442147296,0.716364576829,60.0000111177,59.9999868862
0.774649478015,-0.0422634185856,0.716929011206,-0.0405342822865,0.774442147296,0.716364576829,60.0000111177,59.9999868862
0.774644819538,-0.0417896604829,0.716916388622,-0.0400796561914,0.774442147296,0.716364576829,60.0000111177,59.9999868862
0.774640214653,-0.0413158682385,0.716903909067,-0.0396250031537,0.774442147296,0.716364576829,60.0000111177,59.9999868862
0.774635663333,-0.0408420422044,0.71689157254,-0.0391703232709,0.774442147296,0.716364576829,60.0000111177,59.9999868862
0.774631165548,-0.0403681827313,0.716879379039,-0.0387156166331,0.774442147296,0.716364576829,60.0000111177,59.9999868862
0.774626721273,-0.0398942901684,0.716867328563,-0.0382608833218,0.774442147296,0.716364576829,60.0000111177,59.9999868862
0.774622330479,-0.0394203648634,0.716855421112,-0.0378061234101,0.774442147296,0.716364576829,60.0000111177,59.9999868862
0.77461799314,-0.0389464071625,0.716843656683,-0.0373513369621,0.774442147296,0.716364576829,60.0000111177,59.9999868862
0.774613709229,-0.0384724174098,0.716832035274,-0.036896524032,0.774442147296,0.716364576829,60.0000111177,59.9999868862
0.774609478719,-0.0379983959481,0.716820556886,-0.0364416846638,0.774442147296,0.716364576829,60.0000111177,59.9999868862
0.774605301586,-0.0375243431178,0.716809221516,-0.0359868188904,0.774442147296,0.716364576829,60.0000111177,59.9999868862
0.774601177802,-0.0370502592576,0.716798029163,-0.0355319267333,0.774442147296,0.716364576829,60.0000111177,59.9999868862
0.774597107343,-0.0365761447038,0.716786979825,-0.0350770082016,0.774442147296,0.716364576829,60.0000111177,59.9999868862
0.774593090184,-0.0361019997903,0.716776073502,-0.0346220632911,0.774442147296,0.716364576829,60.0000111177,59.9999868862
0.7745891263,-0.0356278248488,0.716765310193,-0.0341670919836,0.774442147296,0.716364576829,60.0000111177,59.9999868862
0.774585215667,-0.0351536202082,0.716754689894,-0.0337120942458,0.774442147296,0.716364576829,60.0000111177,59.9999868862
0.77458135826,-0.0346793861945,0.716744212607,-0.0332570700287,0.774442147296,0.716364576829,60.0000111177,59.9999868862
0.774577554056,-0.0342051231308,0.716733878329,-0.0328020192657,0.774442147296,0.716364576829,60.0000111177,59.9999868862
0.774573803031,-0.033730831337,0.716723687058,-0.0323469418724,0.774442147296,0.716364576829,60.0000111177,59.9999868862
0.774570105162,-0.0332565111295,0.716713638795,-0.0318918377444,0.774442147296,0.716364576829,60.0000111177,59.9999868862
0.774566460427,-0.0327821628209,0.716703733537,-0.0314367067564,0.774442147296,0.716364576829,60.0000111177,59.9999868862
0.774562868803,-0.0323077867199,0.716693971284,-0.0309815487606,0.774442147296,0.716364576829,60.0000111177,59.9999868862
0.774559330267,-0.0318333831312,0.716684352034,-0.0305263635848,0.774442147296,0.716364576829,60.0000111177,59.9999868862
0.774555844798,-0.0313589523545,0.716674875785,-0.0300711510308,0.774442147296,0.716364576829,60.0000111177,59.9999868862
0.774552412374,-0.0308844946847,0.716665542538,-0.0296159108722,0.774442147296,0.716364576829,60.0000111177,59.9999868862
0.774549032974,-0.0304100104117,0.716656352291,-0.0291606428525,0.774442147296,0.716364576829,60.0000111177,59.9999868862
0.774545706577,-0.0299354998192,0.716647304967,-0.0287053485447,0.774442147296,0.716364576829,60.0000111177,59.9999868862
0.774542433163,-0.0294609631851,0.716638400317,-0.0282500340487,0.774442147296,0.716364576829,60.0000111177,59.9999868862
0.774539212711,-0.0289864007804,0.716629638165,-0.0277947038825,0.774442147296,0.716364576829,60.0000111177,59.9999868862
0.774536045202,-0.0285118128688,0.716621018511,-0.0273393583009,0.774442147296,0.716364576829,60.0000111177,59.9999868862
0.774532930615,-0.0280371997064,0.716612541353,-0.0268839975584,0.774442147296,0.716364576829,60.0000111177,59.9999868862
0.774529868931,-0.0275625615405,0.71660420669,-0.0264286219095,0.774442147296,0.716364576829,60.0000111177,59.9999868862
0.774526860132,-0.0270878986092,0.716596014521,-0.0259732316086,0.774442147296,0.716364576829,60.0000111177,59.9999868862
0.774523904198,-0.0266132111407,0.716587964846,-0.0255178269101,0.774442147296,0.716364576829,60.0000111177,59.9999868862
0.774521001111,-0.0261384993518,0.716580057662,-0.0250624080681,0.774442147296,0.716364576829,60.0000111177,59.9999868862
0.774518150854,-0.0256637634476,0.71657229297,-0.0246069753368,0.774442147296,0.716364576829,60.0000111177,59.9999868862
0.774515353409,-0.0251890036199,0.716564670768,-0.0241515289702,0.774442147296,0.716364576829,60.0000111177,59.9999868862
0.774512608757,-0.024714220046,0.716557191054,-0.0236960692224,0.774442147296,0.716364576829,60.0000111177,59.9999868862
0.774509916883,-0.0242394128875,0.716549853829,-0.0232405963471,0.774442147296,0.716364576829,60.0000111177,59.9999868862
0.774507277769,-0.0237645822884,0.716542659091,-0.0227851105983,0.774442147296,0.716364576829,60.0000111177,59.9999868862
0.774504691399,-0.0232897283736,0.716535606838,-0.0223296122296,0.774442147296,0.716364576829,60.0000111177,59.9999868862
0.774502157756,-0.0228148512468,0.716528697071,-0.0218741014947,0.774442147296,0.716364576829,60.0000111177,59.9999868862
0.774499676826,-0.0223399509882,0.716521929788,-0.0214185786471,0.774442147296,0.716364576829,60.0000111177,59.9999868862
0.774497248593,-0.0218650276519,0.716515304989,-0.0209630439404,0.774442147296,0.716364576829,60.0000111177,59.9999868862
0.774494873041,-0.0213900812632,0.716508822672,-0.0205074976279,0.774442147296,0.716364576829,60.0000111177,59.9999868862
0.774492550155,-0.0209151118153,0.716502482836,-0.0200519399632,0.774442147296,0.716364576829,60.0000111177,59.9999868862
0.774490279922,-0.0204401192652,0.716496285481,-0.0195963711993,0.774442147296,0.716364576829,60.0000111177,59.9999868862
0.774488062327,-0.0199651035299,0.716490230606,-0.0191407915896,0.774442147296,0.716364576829,60.0000111177,59.9999868862
0.774485897355,-0.0194900644813,0.71648431821,-0.0186852013873,0.774442147296,0.716364576829,60.0000111177,59.9999868862
0.774483784995,-0.0190150019402,0.716478548293,-0.0182296008453,0.774442147296,0.716364576829,60.0000111177,59.9999868862
0.774481725232,-0.0185399156705,0.716472920852,-0.0177739902167,0.774442147296,0.716364576829,60.0000111177,59.9999868862
0.774479718054,-0.0180648053711,0.716467435889,-0.0173183697545,0.774442147296,0.716364576829,60.0000111177,59.9999868862
0.774477763448,-0.0175896706673,0.716462093401,-0.0168627397116,0.774442147296,0.716364576829,60.0000111177,59.9999868862
0.774475861401,-0.0171145111005,0.716456893389,-0.0164071003408,0.774442147296,0.716364576829,60.0000111177,59.9999868862
0.774474011903,-0.0166393261162,0.716451835851,-0.0159514518949,0.774442147296,0.716364576829,60.0000111177,59.9999868862
0.774472214941,-0.0161641150501,0.716446920787,-0.0154957946266,0.774442147296,0.716364576829,60.0000111177,59.9999868862
0.774470470505,-0.0156888771111,0.716442148196,-0.0150401287887,0.774442147296,0.716364576829,60.0000111177,59.9999868862
0.774468778582,-0.0152136113615,0.716437518078,-0.0145844546337,0.774442147296,0.716364576829,60.0000111177,59.9999868862
0.774467139157,-0.014738317084,0.716433030431,-0.0141287724142,0.774442147296,0.716364576829,60.0000111177,59.9999868862
0.774465552039,-0.014263002678,0.716428685256,-0.0136730823828,0.774442147296,0.716364576829,60.0000111177,59.9999868862
0.774464017054,-0.0137876769415,0.716424482551,-0.0132173847918,0.774442147296,0.716364576829,60.0000111177,59.9999868862
0.774462534192,-0.0133123402524,0.716420422317,-0.0127616798938,0.774442147296,0.716364576829,60.0000111177,59.9999868862
0.774461103444,-0.0128369929883,0.716416504551,-0.0123059679411,0.774442147296,0.716364576829,60.0000111177,59.9999868862
0.774459724802,-0.0123616355273,0.716412729255,-0.011850249186,0.774442147296,0.716364576829,60.0000111177,59.9999868862
0.774458398255,-0.011886268247,0.716409096427,-0.0113945238809,0.774442147296,0.716364576829,60.0000111177,59.9999868862
0.774457123796,-0.0114108915252,0.716405606067,-0.010938792278,0.774442147296,0.716364576829,60.0000111177,59.9999868862
0.774455901418,-0.0109355057397,0.716402258175,-0.0104830546295,0.774442147296,0.716364576829,60.0000111177,59.9999868862
0.774454731111,-0.0104601112683,0.716399052749,-0.0100273111876,0.774442147296,0.716364576829,60.0000111177,59.9999868862
0.77445361287,-0.00998470848863,0.71639598979,-0.00957156220445,0.774442147296,0.716364576829,60.0000111177,59.9999868862
0.774452546687,-0.0095092977785,0.716393069297,-0.00911580793214,0.774442147296,0.716364576829,60.0000111177,59.9999868862
0.774451532555,-0.00903387951559,0.71639029127,-0.00866004862277,0.774442147296,0.716364576829,60.0000111177,59.9999868862
0.774450570468,-0.00855845407762,0.716387655708,-0.00820428452837,0.774442147296,0.716364576829,60.0000111177,59.9999868862
0.77444966042,-0.00808302184228,0.716385162611,-0.00774851590096,0.774442147296,0.716364576829,60.0000111177,59.9999868862
0.774448802405,-0.00760758318726,0.716382811979,-0.00729274299253,0.774442147296,0.716364576829,60.0000111177,59.9999868862
0.774447996419,-0.00713213849024,0.71638060381,-0.00683696605504,0.774442147296,0.716364576829,60.0000111177,59.9999868862
0.774447242454,-0.00665668812887,0.716378538106,-0.00638118534043,0.774442147296,0.716364576829,60.0000111177,59.9999868862
0.774446540508,-0.00618123248083,0.716376614865,-0.00592540110062,0.774442147296,0.716364576829,60.0000111177,59.9999868862
0.774445890576,-0.00570577192376,0.716374834088,-0.00546961358748,0.774442147296,0.716364576829,60.0000111177,59.9999868862
0.774445292653,-0.00523030683531,0.716373195773,-0.0050138230529,0.774442147296,0.716364576829,60.0000111177,59.9999868862
0.774444746736,-0.00475483759311,0.716371699922,-0.00455802974873,0.774442147296,0.716364576829,60.0000111177,59.9999868862
0.774444252822,-0.0042793645748,0.716370346533,-0.0041022339268,0.774442147296,0.716364576829,60.0000111177,59.9999868862
0.774443810907,-0.003803888158,0.716369135607,-0.00364643583893,0.774442147296,0.716364576829,60.0000111177,59.9999868862
0.774443420988,-0.00332840872035,0.716368067143,-0.00319063573693,0.774442147296,0.716364576829,60.0000111177,59.9999868862
0.774443083063,-0.00285292663944,0.716367141141,-0.0027348338726,0.774442147296,0.716364576829,60.0000111177,59.9999868862
0.774442797131,-0.0023774422929,0.716366357601,-0.00227903049771,0.774442147296,0.716364576829,60.0000111177,59.9999868862
0.774442563188,-0.00190195605834,0.716365716523,-0.00182322586404,0.774442147296,0.716364576829,60.0000111177,59.9999868862
0.774442381234,-0.00142646831336,0.716365217907,-0.00136742022335,0.774442147296,0.716364576829,60.0000111177,59.9999868862
0.774442251268,-0.000950979435575,0.716364861753,-0.000911613827403,0.774442147296,0.716364576829,60.0000111177,59.9999868862
0.774442173289,-0.000475489802599,0.71636464806,-0.000455806927974,0.774442147296,0.716364576829,60.0000111177,59.9999868862
0.774442147296,-0,0.716364576829,-0,0.774442147296,0.716364576829,60.0000111177,59.9999868862
0.774442173289,0.000475489802599,0.71636464806,0.000455806927974,0.774442147296,0.716364576829,60.0000111177,59.9999868862
0.774442251268,0.000950979435575,0.716364861753,0.000911613827403,0.774442147296,0.716364576829,60.0000111177,59.9999868862
0.774442381234,0.00142646831336,0.716365217907,0.00136742022335,0.774442147296,0.716364576829,60.0000111177,59.9999868862
0.774442563188,0.00190195605834,0.716365716523,0.00182322586404,0.774442147296,0.716364576829,60.0000111177,59.9999868862
0.774442797131,0.0023774422929,0.716366357601,0.00227903049771,0.774442147296,0.716364576829,60.0000111177,59.9999868862
0.774443083063,0.00285292663944,0.716367141141,0.0027348338726,0.774442147296,0.716364576829,60.0000111177,59.9999868862
0.774443420988,0.00332840872035,0.716368067143,0.00319063573693,0.774442147296,0.716364576829,60.0000111177,59.9999868862
0.774443810907,0.003803888158,0.716369135607,0.00364643583893,0.774442147296,0.716364576829,60.0000111177,59.9999868862
0.774444252822,0.0042793645748,0.716370346533,0.0041022339268,0.774442147296,0.716364576829,60.0000111177,59.9999868862
0.774444746736,0.00475483759311,0.716371699922,0.00455802974873,0.774442147296,0.716364576829,60.0000111177,59.9999868862
0.774445292653,0.00523030683531,0.716373195773,0.0050138230529,0.774442147296,0.716364576829,60.0000111177,59.9999868862
0.774445890576,0.00570577192376,0.716374834088,0.00546961358748,0.774442147296,0.716364576829,60.0000111177,59.9999868862
0.774446540508,0.00618123248083,0.716376614865,0.00592540110062,0.774442147296,0.716364576829,60.0000111177,59.9999868862
0.774447242454,0.00665668812887,0.716378538106,0.00638118534043,0.774442147296,0.716364576829,60.0000111177,59.9999868862
0.774447996419,0.00713213849024,0.71638060381,0.00683696605504,0.774442147296,0.716364576829,60.0000111177,59.9999868862
0.774448802405,0.00760758318726,0.716382811979,0.00729274299253,0.774442147296,0.716364576829,60.0000111177,59.9999868862
0.77444966042,0.00808302184228,0.716385162611,0.00774851590096,0.774442147296,0.716364576829,60.0000111177,59.9999868862
0.774450570468,0.00855845407762,0.716387655708,0.00820428452837,0.774442147296,0.716364576829,60.0000111177,59.9999868862
0.774451532555,0.00903387951559,0.71639029127,0.00866004862277,0.774442147296,0.716364576829,60.0000111177,59.9999868862
0.774452546687,0.0095092977785,0.716393069297,0.00911580793214,0.774442147296,0.716364576829,60.0000111177,59.9999868862
0.77445361287,0.00998470848863,0.71639598979,0.00957156220445,0.774442147296,0.716364576829,60.0000111177,59.9999868862
0.774454731111,0.0104601112683,0.716399052749,0.0100273111876,0.774442147296,0.716364576829,60.0000111177,59.9999868862
0.774455901418,0.0109355057397,0.716402258175,0.0104830546295,0.774442147296,0.716364576829,60.0000111177,59.9999868862
0.774457123796,0.0114108915252,0.716405606067,0.010938792278,0.774442147296,0.716364576829,60.0000111177,59.9999868862
0.774458398255,0.011886268247,0.716409096427,0.0113945238809,0.774442147296,0.716364576829,60.0000111177,59.9999868862
0.774459724802,0.0123616355273,0.716412729255,0.011850249186,0.774442147296,0.716364576829,60.0000111177,59.9999868862
0.774461103444,0.0128369929883,0.716416504551,0.0123059679411,0.774442147296,0.716364576829,60.0000111177,59.9999868862
0.774462534192,0.0133123402524,0.716420422317,0.0127616798938,0.774442147296,0.716364576829,60.0000111177,59.9999868862
0.774464017054,0.0137876769415,0.716424482551,0.0132173847918,0.774442147296,0.716364576829,60.0000111177,59.9999868862
0.774465552039,0.014263002678,0.716428685256,0.0136730823828,0.774442147296,0.716364576829,60.0000111177,59.9999868862
0.774467139157,0.014738317084,0.716433030431,0.0141287724142,0.774442147296,0.716364576829,60.0000111177,59.9999868862
0.774468778582,0.0152136113615,0.716437518078,0.0145844546337,0.774442147296,0.716364576829,60.0000111177,59.9999868862
0.774470470505,0.0156888771111,0.716442148196,0.0150401287887,0.774442147296,0.716364576829,60.0000111177,59.9999868862
0.774472214941,0.0161641150501,0.716446920787,0.0154957946266,0.774442147296,0.716364576829,60.0000111177,59.9999868862
0.774474011903,0.0166393261162,0.716451835851,0.0159514518949,0.774442147296,0.716364576829,60.0000111177,59.9999868862
0.774475861401,0.0171145111005,0.716456893389,0.0164071003408,0.774442147296,0.716364576829,60.0000111177,59.9999868862
0.774477763448,0.0175896706673,0.716462093401,0.0168627397116,0.774442147296,0.716364576829,60.0000111177,59.9999868862
0.774479718054,0.0180648053711,0.716467435889,0.0173183697545,0.774442147296,0.716364576829,60.0000111177,59.9999868862
0.774481725232,0.0185399156705,0.716472920852,0.0177739902167,0.774442147296,0.716364576829,60.0000111177,59.9999868862
0.774483784995,0.0190150019402,0.716478548293,0.0182296008453,0.774442147296,0.716364576829,60.0000111177,59.9999868862
0.774485897355,0.0194900644813,0.71648431821,0.0186852013873,0.774442147296,0.716364576829,60.0000111177,59.9999868862
0.774488062327,0.0199651035299,0.716490230606,0.0191407915896,0.774442147296,0.716364576829,60.0000111177,59.9999868862
0.774490279922,0.0204401192652,0.716496285481,0.0195963711993,0.774442147296,0.716364576829,60.0000111177,59.9999868862
0.774492550155,0.0209151118153,0.716502482836,0.0200519399632,0.774442147296,0.716364576829,60.0000111177,59.9999868862
0.774494873041,0.0213900812632,0.716508822672,0.0205074976279,0.774442147296,0.716364576829,60.0000111177,59.9999868862
0.774497248593,0.0218650276519,0.716515304989,0.0209630439404,0.774442147296,0.716364576829,60.0000111177,59.9999868862
0.774499676826,0.0223399509882,0.716521929788,0.0214185786471,0.774442147296,0.716364576829,60.0000111177,59.9999868862
0.774502157756,0.0228148512468,0.716528697071,0.0218741014947,0.774442147296,0.716364576829,60.0000111177,59.9999868862
0.774504691399,0.0232897283736,0.716535606838,0.0223296122296,0.774442147296,0.716364576829,60.0000111177,59.9999868862
0.774507277769,0.0237645822884,0.716542659091,0.0227851105983,0.774442147296,0.716364576829,60.0000111177,59.9999868862
0.774509916883,0.0242394128875,0.716549853829,0.0232405963471,0.774442147296,0.716364576829,60.0000111177,59.9999868862
0.774512608757,0.024714220046,0.716557191054,0.0236960692224,0.774442147296,0.716364576829,60.0000111177,59.9999868862
0.774515353409,0.0251890036199,0.716564670768,0.0241515289702,0.774442147296,0.716364576829,60.0000111177,59.9999868862
0.774518150854,0.0256637634476,0.71657229297,0.0246069753368,0.774442147296,0.716364576829,60.0000111177,59.9999868862
0.774521001111,0.0261384993518,0.716580057662,0.0250624080681,0.774442147296,0.716364576829,60.0000111177,59.9999868862
0.774523904198,0.0266132111407,0.716587964846,0.0255178269101,0.774442147296,0.716364576829,60.0000111177,59.9999868862
0.774526860132,0.0270878986092,0.716596014521,0.0259732316086,0.774442147296,0.716364576829,60.0000111177,59.9999868862
0.774529868931,0.0275625615405,0.71660420669,0.0264286219095,0.774442147296,0.716364576829,60.0000111177,59.9999868862
0.774532930615,0.0280371997064,0.716612541353,0.0268839975584,0.774442147296,0.716364576829,60.0000111177,59.9999868862
0.774536045202,0.0285118128688,0.716621018511,0.0273393583009,0.774442147296,0.716364576829,60.0000111177,59.9999868862
0.774539212711,0.0289864007804,0.716629638165,0.0277947038825,0.774442147296,0.716364576829,60.0000111177,59.9999868862
0.774542433163,0.0294609631851,0.716638400317,0.0282500340487,0.774442147296,0.716364576829,60.0000111177,59.9999868862
0.774545706577,0.0299354998192,0.716647304967,0.0287053485447,0.774442147296,0.716364576829,60.0000111177,59.9999868862
0.774549032974,0.0304100104117,0.716656352291,0.0291606428525,0.774442147296,0.716364576829,60.0000111177,59.9999868862
0.774552412374,0.0308844946847,0.716665542538,0.0296159108722,0.774442147296,0.716364576829,60.0000111177,59.9999868862
0.774555844798,0.0313589523545,0.716674875785,0.0300711510308,0.774442147296,0.716364576829,60.0000111177,59.9999868862
0.774559330267,0.0318333831312,0.716684352034,0.0305263635848,0.774442147296,0.716364576829,60.0000111177,59.9999868862
0.774562868803,0.0323077867199,0.716693971284,0.0309815487606,0.774442147296,0.716364576829,60.0000111177,59.9999868862
0.774566460427,0.0327821628209,0.716703733537,0.0314367067564,0.774442147296,0.716364576829,60.0000111177,59.9999868862
0.774570105162,0.0332565111295,0.716713638795,0.0318918377444,0.774442147296,0.716364576829,60.0000111177,59.9999868862
0.774573803031,0.033730831337,0.716723687058,0.0323469418724,0.774442147296,0.716364576829,60.0000111177,59.9999868862
0.774577554056,0.0342051231308,0.716733878329,0.0328020192657,0.774442147296,0.716364576829,60.0000111177,59.9999868862
0.77458135826,0.0346793861945,0.716744212607,0.0332570700287,0.774442147296,0.716364576829,60.0000111177,59.9999868862
0.774585215667,0.0351536202082,0.716754689894,0.0337120942458,0.774442147296,0.716364576829,60.0000111177,59.9999868862
0.7745891263,0.0356278248488,0.716765310193,0.0341670919836,0.774442147296,0.716364576829,60.0000111177,59.9999868862
0.774593090184,0.0361019997903,0.716776073502,0.0346220632911,0.774442147296,0.716364576829,60.0000111177,59.9999868862
0.774597107343,0.0365761447038,0.716786979825,0.0350770082016,0.774442147296,0.716364576829,60.0000111177,59.9999868862
0.774601177802,0.0370502592576,0.716798029163,0.0355319267333,0.774442147296,0.716364576829,60.0000111177,59.9999868862
0.774605301586,0.0375243431178,0.716809221516,0.0359868188904,0.774442147296,0.716364576829,60.0000111177,59.9999868862
0.774609478719,0.0379983959481,0.716820556886,0.0364416846638,0.774442147296,0.716364576829,60.0000111177,59.9999868862
0.774613709229,0.0384724174098,0.716832035274,0.036896524032,0.774442147296,0.716364576829,60.0000111177,59.9999868862
0.77461799314,0.0389464071625,0.716843656683,0.0373513369621,0.774442147296,0.716364576829,60.0000111177,59.9999868862
0.774622330479,0.0394203648634,0.716855421112,0.0378061234101,0.774442147296,0.716364576829,60.0000111177,59.9999868862
0.774626721273,0.0398942901684,0.716867328563,0.0382608833218,0.774442147296,0.716364576829,60.0000111177,59.9999868862
0.774631165548,0.0403681827313,0.716879379039,0.0387156166331,0.774442147296,0.716364576829,60.0000111177,59.9999868862
0.774635663333,0.0408420422044,0.71689157254,0.0391703232709,0.774442147296,0.716364576829,60.0000111177,59.9999868862
0.774640214653,0.0413158682385,0.716903909067,0.0396250031537,0.774442147296,0.716364576829,60.0000111177,59.9999868862
0.774644819538,0.0417896604829,0.716916388622,0.0400796561914,0.774442147296,0.716364576829,60.0000111177,59.9999868862
0.774649478015,0.0422634185856,0.716929011206,0.0405342822865,0.774442147296,0.716364576829,60.0000111177,59.9999868862
0.774654190113,0.0427371421933,0.716941776822,0.0409888813343,0.774442147296,0.716364576829,60.0000111177,59.9999868862
0.774658955861,0.0432108309513,0.716954685469,0.041443453223,0.774442147296,0.716364576829,60.0000111177,59.9999868862
0.774663775287,0.0436844845039,0.716967737151,0.0418979978345,0.774442147296,0.716364576829,60.0000111177,59.9999868862
0.774668648421,0.0441581024943,0.716980931867,0.0423525150442,0.774442147296,0.716364576829,60.0000111177,59.9999868862
0.774673575294,0.0446316845647,0.71699426962,0.042807004722,0.774442147296,0.716364576829,60.0000111177,59.9999868862
0.774678555934,0.045105230356,0.717007750411,0.0432614667322,0.774442147296,0.716364576829,60.0000111177,59.9999868862
0.774683590372,0.0455787395086,0.717021374242,0.0437159009335,0.774442147296,0.716364576829,60.0000111177,59.9999868862
0.774688678639,0.0460522116616,0.717035141113,0.04417030718,0.774442147296,0.716364576829,60.0000111177,59.9999868862
0.774693820767,0.0465256464535,0.717049051027,0.0446246853208,0.774442147296,0.716364576829,60.0000111177,59.9999868862
0.774699016785,0.0469990435218,0.717063103985,0.0450790352005,0.774442147296,0.716364576829,60.0000111177,59.9999868862
0.774704266726,0.0474724025035,0.717077299989,0.0455333566595,0.774442147296,0.716364576829,60.0000111177,59.9999868862
0.774709570621,0.0479457230344,0.717091639039,0.045987649534,0.774442147296,0.716364576829,60.0000111177,59.9999868862
0.774714928503,0.0484190047501,0.717106121138,0.0464419136563,0.774442147296,0.716364576829,60.0000111177,59.9999868862
0.774720340405,0.0488922472852,0.717120746287,0.0468961488549,0.774442147296,0.716364576829,60.0000111177,59.9999868862
0.774725806358,0.0493654502736,0.717135514487,0.0473503549549,0.774442147296,0.716364576829,60.0000111177,59.9999868862
0.774731326397,0.0498386133489,0.717150425741,0.0478045317778,0.774442147296,0.716364576829,60.0000111177,59.9999868862
0.774736900554,0.0503117361437,0.717165480049,0.0482586791421,0.774442147296,0.716364576829,60.0000111177,59.9999868862
0.774742528884,0.0507848179727,0.717180677413,0.048712796863,0.774442147296,0.716364576829,60.0000111177,59.9999868862
0.774748211595,0.0512578558457,0.717196017835,0.0491668847527,0.774442147296,0.716364576829,60.0000111177,59.9999868862
0.774753948876,0.0517308471609,0.717211501315,0.0496209426207,0.774442147296,0.716364576829,60.0000111177,59.9999868862
0.774759740762,0.0522037916882,0.717227127857,0.0500749702738,0.774442147296,0.716364576829,60.0000111177,59.9999868862
0.774765587288,0.0526766891921,0.717242897461,0.050528967516,0.774442147296,0.716364576829,60.0000111177,59.9999868862
0.774771488489,0.0531495394318,0.717258810361,0.0509829308763,0.774442147296,0.716364576829,60.0000111177,59.9999868862
0.7747774444,0.0536223421615,0.717274866807,0.0514368567794,0.774442147296,0.716364576829,60.0000111177,59.9999868862
0.774783455058,0.0540950971304,0.717291066815,0.0518907450087,0.774442147296,0.716364576829,60.0000111177,59.9999868862
0.774789520498,0.0545678040832,0.717307410385,0.0523445955324,0.774442147296,0.716364576829,60.0000111177,59.9999868862
0.774795640758,0.0550404627602,0.71732389752,0.0527984083102,0.774442147296,0.716364576829,60.0000111177,59.9999868862
0.774801815874,0.0555130728973,0.71734052822,0.0532521832945,0.774442147296,0.716364576829,60.0000111177,59.9999868862
0.774808045883,0.0559856342264,0.717357302488,0.0537059204297,0.774442147296,0.716364576829,60.0000111177,59.9999868862
0.774814330823,0.0564581464757,0.717374220324,0.0541596196535,0.774442147296,0.716364576829,60.0000111177,59.9999868862
0.774820670731,0.0569306093693,0.717391281731,0.0546132808964,0.774442147296,0.716364576829,60.0000111177,59.9999868862
0.774827065645,0.057403022628,0.717408486709,0.0550669040825,0.774442147296,0.716364576829,60.0000111177,59.9999868862
0.774833515604,0.057875385969,0.717425835261,0.0555204891296,0.774442147296,0.716364576829,60.0000111177,59.9999868862
0.774840020647,0.0583476991062,0.717443327387,0.0559740359491,0.774442147296,0.716364576829,60.0000111177,59.9999868862
0.774846580811,0.0588199617505,0.71746096309,0.0564275444469,0.774442147296,0.716364576829,60.0000111177,59.9999868862
0.774853196137,0.0592921736096,0.717478742371,0.0568810145231,0.774442147296,0.716364576829,60.0000111177,59.9999868862
0.774859866665,0.0597643343882,0.717496665231,0.0573344460725,0.774442147296,0.716364576829,60.0000111177,59.9999868862
0.774866592432,0.0602364437883,0.717514731672,0.0577878389847,0.774442147296,0.716364576829,60.0000111177,59.9999868862
0.774873373481,0.0607085015092,0.717532941695,0.058241193144,0.774442147296,0.716364576829,60.0000111177,59.9999868862
0.774880209851,0.0611805072475,0.717551295302,0.0586945084304,0.774442147296,0.716364576829,60.0000111177,59.9999868862
0.774887101584,0.0616524606974,0.717569792494,0.0591477847188,0.774442147296,0.716364576829,60.0000111177,59.9999868862
0.774894048719,0.0621243615506,0.717588433273,0.0596010218798,0.774442147296,0.716364576829,60.0000111177,59.9999868862
0.774901051298,0.0625962094964,0.71760721764,0.0600542197798,0.774442147296,0.716364576829,60.0000111177,59.9999868862
0.774908109363,0.0630680042221,0.717626145597,0.0605073782809,0.774442147296,0.716364576829,60.0000111177,59.9999868862
0.774915222956,0.0635397454125,0.717645217146,0.0609604972411,0.774442147296,0.716364576829,60.0000111177,59.9999868862
0.774922392119,0.0640114327506,0.717664432287,0.0614135765148,0.774442147296,0.716364576829,60.0000111177,59.9999868862
0.774929616894,0.0644830659173,0.717683791022,0.0618666159524,0.774442147296,0.716364576829,60.0000111177,59.9999868862
0.774936897325,0.0649546445914,0.717703293352,0.0623196154009,0.774442147296,0.716364576829,60.0000111177,59.9999868862
0.774944233453,0.0654261684502,0.71772293928,0.0627725747037,0.774442147296,0.716364576829,60.0000111177,59.9999868862
0.774951625323,0.0658976371687,0.717742728806,0.0632254937008,0.774442147296,0.716364576829,60.0000111177,59.9999868862
0.774959072978,0.0663690504205,0.717762661932,0.0636783722291,0.774442147296,0.716364576829,60.0000111177,59.9999868862
0.774966576462,0.0668404078775,0.717782738659,0.0641312101221,0.774442147296,0.716364576829,60.0000111177,59.9999868862
0.774974135819,0.0673117092099,0.717802958989,0.0645840072105,0.774442147296,0.716364576829,60.0000111177,59.9999868862
0.774981751094,0.0677829540861,0.717823322923,0.065036763322,0.774442147296,0.716364576829,60.0000111177,59.9999868862
0.774989422331,0.0682541421734,0.717843830498,0.0654894778993,0.774442147296,0.716364576829,60.0000111177,59.9999868862
0.774997149576,0.0687252731373,0.717864481959,0.0659421481042,0.774442147296,0.716364576829,60.0000111177,59.9999868862
0.775004932873,0.069196346642,0.71788527752,0.066394771532,0.774442147296,0.716364576829,60.0000111177,59.9999868862
0.775012772269,0.0696673623503,0.717906217181,0.0668473481067,0.774442147296,0.716364576829,60.0000111177,59.9999868862
0.775020667809,0.0701383199238,0.717927300945,0.0672998777465,0.774442147296,0.716364576829,60.0000111177,59.9999868862
0.775028619693,0.0706092173443,0.717948528813,0.0677523603646,0.774442147296,0.716364576829,60.0000111177,59.9999868862
0.775036628141,0.0710800524002,0.717969900785,0.068204795869,0.774442147296,0.716364576829,60.0000111177,59.9999868862
0.775044693221,0.0715508245925,0.717991416863,0.0686571841628,0.774442147296,0.716364576829,60.0000111177,59.9999868862
0.775052814981,0.0720215336492,0.718013077048,0.0691095251444,0.774442147296,0.716364576829,60.0000111177,59.9999868862
0.775060993468,0.0724921792952,0.718034881342,0.0695618187074,0.774442147296,0.716364576829,60.0000111177,59.9999868862
0.775069228729,0.0729627612525,0.718056829746,0.070014064741,0.774442147296,0.716364576829,60.0000111177,59.9999868862
0.775077520812,0.07343327924,0.71807892226,0.0704662631302,0.774442147296,0.716364576829,60.0000111177,59.9999868862
0.775085869767,0.0739037329743,0.718101158887,0.0709184137556,0.774442147296,0.716364576829,60.0000111177,59.9999868862
0.77509427564,0.0743741221689,0.718123539626,0.0713705164937,0.774442147296,0.716364576829,60.0000111177,59.9999868862
0.775102738482,0.074844446535,0.718146064481,0.0718225712172,0.774442147296,0.716364576829,60.0000111177,59.9999868862
0.775111258341,0.0753147057812,0.71816873345,0.0722745777948,0.774442147296,0.716364576829,60.0000111177,59.9999868862
0.775119835267,0.0757848996137,0.718191546537,0.0727265360915,0.774442147296,0.716364576829,60.0000111177,59.9999868862
0.775128469309,0.0762550277362,0.718214503741,0.0731784459688,0.774442147296,0.716364576829,60.0000111177,59.9999868862
0.775137160518,0.0767250898504,0.718237605064,0.0736303072844,0.774442147296,0.716364576829,60.0000111177,59.9999868862
0.775145908943,0.0771950856555,0.718260850507,0.0740821198928,0.774442147296,0.716364576829,60.0000111177,59.9999868862
0.775154714635,0.0776650148488,0.718284240071,0.0745338836452,0.774442147296,0.716364576829,60.0000111177,59.9999868862
0.775163577644,0.0781348771252,0.718307773758,0.0749855983894,0.774442147296,0.716364576829,60.0000111177,59.9999868862
0.775172498023,0.0786046721778,0.718331451567,0.0754372639701,0.774442147296,0.716364576829,60.0000111177,59.9999868862
0.775181475822,0.0790743996978,0.7183552735,0.0758888802291,0.774442147296,0.716364576829,60.0000111177,59.9999868862
0.775190511092,0.0795440593742,0.718379239558,0.0763404470049,0.774442147296,0.716364576829,60.0000111177,59.9999868862
0.775199603887,0.0800136508944,0.718403349742,0.0767919641335,0.774442147296,0.716364576829,60.0000111177,59.9999868862
0.775208754257,0.0804831739438,0.718427604053,0.0772434314478,0.774442147296,0.716364576829,60.0000111177,59.9999868862
0.775217962255,0.0809526282063,0.718452002598,0.0776948478002,0.774442147296,0.716364576829,60.0000111177,59.9999868862
0.775227227934,0.0814220133637,0.718476545621,0.0781462107907,0.774442147296,0.716364576829,60.0000111177,59.9999868862
0.775236551347,0.0818913290965,0.718501233262,0.0785975190331,0.774442147296,0.716364576829,60.0000111177,59.9999868862
0.775245932546,0.0823605750835,0.718526065521,0.0790487724252,0.774442147296,0.716364576829,60.0000111177,59.9999868862
0.775255371587,0.0828297510017,0.7185510424,0.0794999708612,0.774442147296,0.716364576829,60.0000111177,59.9999868862
0.775264868521,0.0832988565269,0.718576163899,0.0799511142307,0.774442147296,0.716364576829,60.0000111177,59.9999868862
0.775274423404,0.0837678913332,0.718601430019,0.0804022024195,0.774442147296,0.716364576829,60.0000111177,59.9999868862
0.77528403629,0.0842368550932,0.718626840761,0.0808532353095,0.774442147296,0.716364576829,60.0000111177,59.9999868862
0.775293707233,0.0847057474783,0.718652396125,0.0813042127789,0.774442147296,0.716364576829,60.0000111177,59.9999868862
0.775303436287,0.0851745681584,0.718678096111,0.0817551347019,0.774442147296,0.716364576829,60.0000111177,59.9999868862
0.775313223628,0.085643315721,0.718703940721,0.0822060009495,0.774442147296,0.716364576829,60.0000111177,59.9999868862
0.775323069485,0.0861119882855,0.718729929954,0.0826568113889,0.774442147296,0.716364576829,60.0000111177,59.9999868862
0.775332973967,0.0865805850758,0.718756063813,0.083107565884,0.774442147296,0.716364576829,60.0000111177,59.9999868862
0.77534293713,0.0870491058049,0.718782342296,0.0835582642952,0.774442147296,0.716364576829,60.0000111177,59.9999868862
0.775352959031,0.0875175501836,0.718808765404,0.08400890648,0.774442147296,0.716364576829,60.0000111177,59.9999868862
0.775363039726,0.0879859179205,0.718835333139,0.0844594922925,0.774442147296,0.716364576829,60.0000111177,59.9999868862
0.775373179272,0.088454208722,0.7188620455,0.0849100215835,0.774442147296,0.716364576829,60.0000111177,59.9999868862
0.775383377726,0.0889224222926,0.718888902487,0.0853604942012,0.774442147296,0.716364576829,60.0000111177,59.9999868862
0.775393635146,0.0893905583345,0.718915904102,0.0858109099906,0.774442147296,0.716364576829,60.0000111177,59.9999868862
0.775403951588,0.089858616548,0.718943050344,0.0862612687939,0.774442147296,0.716364576829,60.0000111177,59.9999868862
0.77541432711,0.0903265966314,0.718970341213,0.0867115704504,0.774442147296,0.716364576829,60.0000111177,59.9999868862
0.775424761772,0.0907944982813,0.718997776711,0.0871618147967,0.774442147296,0.716364576829,60.0000111177,59.9999868862
0.77543525563,0.0912623211923,0.719025356837,0.0876120016668,0.774442147296,0.716364576829,60.0000111177,59.9999868862
0.775445808744,0.0917300650572,0.719053081659,0.0880621303347,0.774442147296,0.716364576829,60.0000111177,59.9999868862
0.775456421172,0.092197729567,0.71908095142,0.0885121986676,0.774442147296,0.716364576829,60.0000111177,59.9999868862
0.775467092973,0.0926653144111,0.719108966295,0.0889622051172,0.774442147296,0.716364576829,60.0000111177,59.9999868862
0.775477824208,0.0931328192772,0.719137126285,0.0894121495663,0.774442147296,0.716364576829,60.0000111177,59.9999868862
0.775488614935,0.0936002438513,0.719165431388,0.0898620318939,0.774442147296,0.716364576829,60.0000111177,59.9999868862
0.775499465214,0.0940675878178,0.719193881605,0.0903118519753,0.774442147296,0.716364576829,60.0000111177,59.9999868862
0.775510375105,0.0945348508597,0.719222476936,0.0907616096828,0.774442147296,0.716364576829,60.0000111177,59.9999868862
0.775521344669,0.0950020326583,0.719251217381,0.091211304885,0.774442147296,0.716364576829,60.0000111177,59.9999868862
0.775532373966,0.0954691328934,0.719280102939,0.0916609374473,0.774442147296,0.716364576829,60.0000111177,59.9999868862
0.775543463057,0.0959361512435,0.719309133611,0.0921105072319,0.774442147296,0.716364576829,60.0000111177,59.9999868862
0.775554612003,0.0964030873857,0.719338309395,0.0925600140981,0.774442147296,0.716364576829,60.0000111177,59.9999868862
0.775565820865,0.0968699409954,0.719367630292,0.0930094579017,0.774442147296,0.716364576829,60.0000111177,59.9999868862
0.775577089705,0.0973367117471,0.719397096301,0.0934588384958,0.774442147296,0.716364576829,60.0000111177,59.9999868862
0.775588418585,0.0978033993135,0.719426707423,0.0939081557306,0.774442147296,0.716364576829,60.0000111177,59.9999868862
0.775599807618,0.0982700029663,0.719456463655,0.0943574094532,0.774442147296,0.716364576829,60.0000111177,59.9999868862
0.775611257039,0.0987365210225,0.719486364999,0.0948065995081,0.774442147296,0.716364576829,60.0000111177,59.9999868862
0.775622767032,0.0992029522166,0.719516411453,0.095255725737,0.774442147296,0.716364576829,60.0000111177,59.9999868862
0.775634337661,0.099669296253,0.719546603017,0.0957047879788,0.774442147296,0.716364576829,60.0000111177,59.9999868862
0.77564596899,0.100135552834,0.719576939691,0.0961537860699,0.774442147296,0.716364576829,60.0000111177,59.9999868862
0.775657661081,0.100601721661,0.719607421472,0.0966027198441,0.774442147296,0.716364576829,60.0000111177,59.9999868862
0.775669413998,0.101067802432,0.719638048362,0.0970515891326,0.774442147296,0.716364576829,60.0000111177,59.9999868862
0.775681227805,0.101533794844,0.719668820487,0.0975003928217,0.774442147296,0.716364576829,60.0000111177,59.9999868862
0.775693102566,0.101999698594,0.719699738087,0.0979491289773,0.774442147296,0.716364576829,60.0000111177,59.9999868862
0.775705038345,0.102465513374,0.719730801275,0.0983977966293,0.774442147296,0.716364576829,60.0000111177,59.9999868862
0.775717035208,0.102931238876,0.719762010049,0.098846395647,0.774442147296,0.716364576829,60.0000111177,59.9999868862
0.775729093218,0.103396874792,0.71979336441,0.0992949258966,0.774442147296,0.716364576829,60.0000111177,59.9999868862
0.775741212441,0.10386242081,0.719824864356,0.099743387241,0.774442147296,0.716364576829,60.0000111177,59.9999868862
0.775753392942,0.104327876616,0.719856509885,0.10019177954,0.774442147296,0.716364576829,60.0000111177,59.9999868862
0.775765634787,0.104793241899,0.719888300998,0.100640102651,0.774442147296,0.716364576829,60.0000111177,59.9999868862
0.775777938042,0.10525851634,0.719920237691,0.101088356428,0.774442147296,0.716364576829,60.0000111177,59.9999868862
0.775790302771,0.105723699624,0.719952319964,0.101536540721,0.774442147296,0.716364576829,60.0000111177,59.9999868862
0.775802729043,0.106188791432,0.719984547816,0.10198465538,0.774442147296,0.716364576829,60.0000111177,59.9999868862
0.775815216922,0.106653791443,0.720016921246,0.10243270025,0.774442147296,0.716364576829,60.0000111177,59.9999868862
0.775827766476,0.107118699337,0.720049440251,0.102880675174,0.774442147296,0.716364576829,60.0000111177,59.9999868862
0.775840377771,0.107583514792,0.72008210483,0.103328579992,0.774442147296,0.716364576829,60.0000111177,59.9999868862
0.775853050875,0.108048237482,0.720114914982,0.103776414542,0.774442147296,0.716364576829,60.0000111177,59.9999868862
0.775865785855,0.108512867083,0.720147870705,0.10422417866,0.774442147296,0.716364576829,60.0000111177,59.9999868862
0.775878582778,0.108977403269,0.720180971998,0.104671872177,0.774442147296,0.716364576829,60.0000111177,59.9999868862
0.775891441712,0.109441845711,0.720214218857,0.105119494924,0.774442147296,0.716364576829,60.0000111177,59.9999868862
0.775904362896,0.109906192883,0.720247611283,0.105567046729,0.774442147296,0.716364576829,60.0000111177,59.9999868862
0.77591734657,0.110370443251,0.720281149401,0.106014526543,0.774442147296,0.716364576829,60.0000111177,59.9999868862
0.775930392805,0.110834596497,0.72031483345,0.106461932578,0.774442147296,0.716364576829,60.0000111177,59.9999868862
0.77594350167,0.111298652316,0.720348663538,0.106909263935,0.774442147296,0.716364576829,60.0000111177,59.9999868862
0.775956673235,0.111762610405,0.720382639664,0.107356520473,0.774442147296,0.716364576829,60.0000111177,59.9999868862
0.775969907568,0.112226470454,0.720416761825,0.107803702049,0.774442147296,0.716364576829,60.0000111177,59.9999868862
0.775983204739,0.112690232157,0.720451030019,0.108250808514,0.774442147296,0.716364576829,60.0000111177,59.9999868862
0.775996564818,0.113153895203,0.720485444244,0.10869783972,0.774442147296,0.716364576829,60.0000111177,59.9999868862
0.776009987874,0.11361745928,0.720520004497,0.109144795514,0.774442147296,0.716364576829,60.0000111177,59.9999868862
0.776023473977,0.114080924077,0.720554710775,0.109591675741,0.774442147296,0.716364576829,60.0000111177,59.9999868862
0.776037023199,0.114544289278,0.720589563077,0.110038480242,0.774442147296,0.716364576829,60.0000111177,59.9999868862
0.776050635608,0.115007554567,0.7206245614,0.110485208859,0.774442147296,0.716364576829,60.0000111177,59.9999868862
0.776064311277,0.115470719629,0.72065970574,0.110931861426,0.774442147296,0.716364576829,60.0000111177,59.9999868862
0.776078050276,0.115933784143,0.720694996096,0.111378437781,0.774442147296,0.716364576829,60.0000111177,59.9999868862
0.776091852676,0.116396747791,0.720730432464,0.111824937753,0.774442147296,0.716364576829,60.0000111177,59.9999868862
0.776105718549,0.116859610252,0.720766014841,0.112271361174,0.774442147296,0.716364576829,60.0000111177,59.9999868862
0.776119647965,0.117322371202,0.720801743225,0.112717707871,0.774442147296,0.716364576829,60.0000111177,59.9999868862
0.776133640998,0.117785030319,0.720837617613,0.113163977669,0.774442147296,0.716364576829,60.0000111177,59.9999868862
0.776147697718,0.118247587278,0.720873638,0.11361017039,0.774442147296,0.716364576829,60.0000111177,59.9999868862
0.776161818198,0.118710041752,0.7209098046,0.114056284498,0.774442147296,0.716364576829,60.0000111177,59.9999868862
0.776176002511,0.119172393415,0.720946117647,0.114502318322,0.774442147296,0.716364576829,60.0000111177,59.9999868862
0.776190250728,0.119634641938,0.720982577161,0.114948271565,0.774442147296,0.716364576829,60.0000111177,59.9999868862
0.776204563074,0.120096786017,0.72101918314,0.115394144076,0.774442147296,0.716364576829,60.0000111177,59.9999868862
0.776218939794,0.120558824221,0.721055935578,0.115839935701,0.774442147296,0.716364576829,60.0000111177,59.9999868862
0.776233380982,0.121020756106,0.721092834474,0.116285646282,0.774442147296,0.716364576829,60.0000111177,59.9999868862
0.776247886712,0.121482581364,0.721129879822,0.116731275661,0.774442147296,0.716364576829,60.0000111177,59.9999868862
0.776262457058,0.121944299683,0.721167071619,0.117176823676,0.774442147296,0.716364576829,60.0000111177,59.9999868862
0.776277092093,0.122405910753,0.721204409862,0.117622290161,0.774442147296,0.716364576829,60.0000111177,59.9999868862
0.776291791892,0.122867414259,0.721241894546,0.118067674951,0.774442147296,0.716364576829,60.0000111177,59.9999868862
0.776306556528,0.123328809887,0.721279525666,0.118512977876,0.774442147296,0.716364576829,60.0000111177,59.9999868862
0.776321386077,0.123790097321,0.72131730322,0.118958198764,0.774442147296,0.716364576829,60.0000111177,59.9999868862
0.776336280613,0.124251276244,0.721355227203,0.119403337443,0.774442147296,0.716364576829,60.0000111177,59.9999868862
0.776351240211,0.124712346336,0.72139329761,0.119848393734,0.774442147296,0.716364576829,60.0000111177,59.9999868862
0.776366264947,0.125173307279,0.721431514436,0.120293367461,0.774442147296,0.716364576829,60.0000111177,59.9999868862
0.776381354894,0.125634158752,0.721469877679,0.120738258443,0.774442147296,0.716364576829,60.0000111177,59.9999868862
0.776396510129,0.12609490043,0.721508387416,0.121183065992,0.774442147296,0.716364576829,60.0000111177,59.9999868862
0.776411730727,0.126555531993,0.721547043882,0.121627788524,0.774442147296,0.716364576829,60.0000111177,59.9999868862
0.776427016765,0.127016053114,0.721585847224,0.122072424969,0.774442147296,0.716364576829,60.0000111177,59.9999868862
0.776442368317,0.127476463468,0.721624797436,0.12251697517,0.774442147296,0.716364576829,60.0000111177,59.9999868862
0.776457785461,0.127936762727,0.721663894513,0.122961438966,0.774442147296,0.716364576829,60.0000111177,59.9999868862
0.776473268272,0.128396950565,0.721703138452,0.123405816191,0.774442147296,0.716364576829,60.0000111177,59.9999868862
0.776488816828,0.128857026651,0.721742529245,0.123850106681,0.774442147296,0.716364576829,60.0000111177,59.9999868862
0.776504431279,0.129316990206,0.721782066889,0.124294310266,0.774442147296,0.716364576829,60.0000111177,59.9999868862
0.776520111874,0.129776839876,0.721821751377,0.124738426777,0.774442147296,0.716364576829,60.0000111177,59.9999868862
0.776535858787,0.130236574765,0.721861582704,0.12518245604,0.774442147296,0.716364576829,60.0000111177,59.9999868862
0.776551672096,0.130696194561,0.721901560865,0.125626397879,0.774442147296,0.716364576829,60.0000111177,59.9999868862
0.776567551879,0.131155698949,0.721941685853,0.126070252117,0.774442147296,0.716364576829,60.0000111177,59.9999868862
0.776583498212,0.131615087613,0.721981957664,0.126514018574,0.774442147296,0.716364576829,60.0000111177,59.9999868862
0.776599511174,0.132074360236,0.72202237629,0.126957697069,0.774442147296,0.716364576829,60.0000111177,59.9999868862
0.776615590843,0.1325335165,0.722062941727,0.127401287416,0.774442147296,0.716364576829,60.0000111177,59.9999868862
0.776631737298,0.132992556084,0.722103653968,0.127844789431,0.774442147296,0.716364576829,60.0000111177,59.9999868862
0.776647950616,0.13345147867,0.722144513173,0.128288201984,0.774442147296,0.716364576829,60.0000111177,59.9999868862
0.776664230877,0.133910283933,0.722185519573,0.12873152357,0.774442147296,0.716364576829,60.0000111177,59.9999868862
0.776680578158,0.134368971553,0.722226673229,0.129174753637,0.774442147296,0.716364576829,60.0000111177,59.9999868862
0.77669699254,0.134827541203,0.722267974135,0.129617892018,0.774442147296,0.716364576829,60.0000111177,59.9999868862
0.7767134741,0.13528599256,0.722309422285,0.130060938543,0.774442147296,0.716364576829,60.0000111177,59.9999868862
0.776730022919,0.135744325296,0.722351017671,0.13050389304,0.774442147296,0.716364576829,60.0000111177,59.9999868862
0.776746639076,0.136202539084,0.722392760286,0.130946755334,0.774442147296,0.716364576829,60.0000111177,59.9999868862
0.77676332265,0.136660633595,0.722434650123,0.131389525249,0.774442147296,0.716364576829,60.0000111177,59.9999868862
0.776780073721,0.1371186085,0.722476687176,0.131832202605,0.774442147296,0.716364576829,60.0000111177,59.9999868862
0.776796892368,0.137576463468,0.722518871437,0.132274787222,0.774442147296,0.716364576829,60.0000111177,59.9999868862
0.776813778726,0.138034197867,0.722561202899,0.132717278917,0.774442147296,0.716364576829,60.0000111177,59.9999868862
0.776830733046,0.138491810409,0.722603681554,0.133159677504,0.774442147296,0.716364576829,60.0000111177,59.9999868862
0.776847755525,0.13894930011,0.722646307394,0.133601982795,0.774442147296,0.716364576829,60.0000111177,59.9999868862
0.776864846245,0.139406666653,0.722689080412,0.134044194603,0.774442147296,0.716364576829,60.0000111177,59.9999868862
0.776882005286,0.13986390972,0.7227320006,0.134486312734,0.774442147296,0.716364576829,60.0000111177,59.9999868862
0.77689923273,0.140321028992,0.722775068141,0.134928335971,0.774442147296,0.716364576829,60.0000111177,59.9999868862
0.776916528658,0.140778024146,0.722818283263,0.135370262874,0.774442147296,0.716364576829,60.0000111177,59.9999868862
0.776933893151,0.141234894863,0.722861645999,0.135812093041,0.774442147296,0.716364576829,60.0000111177,59.9999868862
0.77695132629,0.141691640818,0.722905156341,0.136253826296,0.774442147296,0.716364576829,60.0000111177,59.9999868862
0.776968828157,0.142148261688,0.722948814281,0.136695462462,0.774442147296,0.716364576829,60.0000111177,59.9999868862
0.776986398833,0.142604757147,0.722992619811,0.13713700136,0.774442147296,0.716364576829,60.0000111177,59.9999868862
0.777004038402,0.143061126868,0.72303657292,0.137578442806,0.774442147296,0.716364576829,60.0000111177,59.9999868862
0.777021746943,0.143517370526,0.723080673601,0.138019786619,0.774442147296,0.716364576829,60.0000111177,59.9999868862
0.77703952454,0.14397348779,0.723124921845,0.13846103261,0.774442147296,0.716364576829,60.0000111177,59.9999868862
0.777057371276,0.144429478332,0.723169317642,0.138902180593,0.774442147296,0.716364576829,60.0000111177,59.9999868862
0.777075287231,0.144885341821,0.723213860983,0.139343230378,0.774442147296,0.716364576829,60.0000111177,59.9999868862
0.777093272489,0.145341077926,0.723258551858,0.139784181772,0.774442147296,0.716364576829,60.0000111177,59.9999868862
0.777111327133,0.145796686315,0.723303390259,0.140225034581,0.774442147296,0.716364576829,60.0000111177,59.9999868862
0.77712945129,0.146252166418,0.723348376176,0.140665788609,0.774442147296,0.716364576829,60.0000111177,59.9999868862
0.777147645212,0.146707517001,0.723393509731,0.141106442976,0.774442147296,0.716364576829,60.0000111177,59.9999868862
0.77716590911,0.147162737067,0.723438791149,0.141546996295,0.774442147296,0.716364576829,60.0000111177,59.9999868862
0.777184243068,0.147617826298,0.723484220518,0.141987447874,0.774442147296,0.716364576829,60.0000111177,59.9999868862
0.777202647169,0.14807278437,0.72352979783,0.14242779753,0.774442147296,0.716364576829,60.0000111177,59.9999868862
0.777221121496,0.14852761096,0.723575523073,0.142868045081,0.774442147296,0.716364576829,60.0000111177,59.9999868862
0.777239666134,0.148982305745,0.723621396237,0.143308190339,0.774442147296,0.716364576829,60.0000111177,59.9999868862
0.777258281166,0.149436868399,0.723667417311,0.143748233117,0.774442147296,0.716364576829,60.0000111177,59.9999868862
0.777276966676,0.149891298595,0.723713586284,0.144188173224,0.774442147296,0.716364576829,60.0000111177,59.9999868862
0.777295722749,0.150345596007,0.723759903146,0.144628010469,0.774442147296,0.716364576829,60.0000111177,59.9999868862
0.777314549468,0.150799760307,0.723806367885,0.145067744658,0.774442147296,0.716364576829,60.0000111177,59.9999868862
0.777333446918,0.151253791164,0.723852980491,0.145507375594,0.774442147296,0.716364576829,60.0000111177,59.9999868862
0.777352415184,0.151707688248,0.723899740951,0.145946903079,0.774442147296,0.716364576829,60.0000111177,59.9999868862
0.777371454351,0.152161451229,0.723946649255,0.146386326914,0.774442147296,0.716364576829,60.0000111177,59.9999868862
0.777390564502,0.152615079774,0.72399370539,0.146825646898,0.774442147296,0.716364576829,60.0000111177,59.9999868862
0.777409745723,0.153068573549,0.72404090955,0.147264861816,0.774442147296,0.716364576829,60.0000111177,59.9999868862
0.777428998099,0.153521932222,0.724088261955,0.147703970335,0.774442147296,0.716364576829,60.0000111177,59.9999868862
0.777448321731,0.153975155368,0.72413576262,0.14814297214,0.774442147296,0.716364576829,60.0000111177,59.9999868862
0.777467716876,0.154428241798,0.724183411531,0.148581867042,0.774442147296,0.716364576829,60.0000111177,59.9999868862
0.777487183772,0.154881190412,0.724231208675,0.14902065485,0.774442147296,0.716364576829,60.0000111177,59.9999868862
0.777506722505,0.155334000887,0.724279154042,0.149459335371,0.774442147296,0.716364576829,60.0000111177,59.9999868862
0.77752633316,0.155786672897,0.724327247617,0.149897908409,0.774442147296,0.716364576829,60.0000111177,59.9999868862
0.777546015822,0.156239206117,0.724375489387,0.150336373766,0.774442147296,0.716364576829,60.0000111177,59.9999868862
0.777565770579,0.156691600219,0.724423879341,0.150774731245,0.774442147296,0.716364576829,60.0000111177,59.9999868862
0.777585597516,0.157143854874,0.724472417463,0.151212980644,0.774442147296,0.716364576829,60.0000111177,59.9999868862
0.777605496718,0.157595969755,0.724521103742,0.151651121761,0.774442147296,0.716364576829,60.0000111177,59.9999868862
0.777625468273,0.158047944531,0.724569938163,0.15208915439,0.774442147296,0.716364576829,60.0000111177,59.9999868862
0.777645512267,0.158499778871,0.724618920712,0.152527078326,0.774442147296,0.716364576829,60.0000111177,59.9999868862
0.777665628785,0.158951472442,0.724668051536,0.152964892603,0.774442147296,0.716364576829,60.0000111177,59.9999868862
0.777685817915,0.159403024913,0.72471733085,0.153402595934,0.774442147296,0.716364576829,60.0000111177,59.9999868862
0.777706079743,0.159854435949,0.724766758709,0.153840187795,0.774442147296,0.716364576829,60.0000111177,59.9999868862
0.777726414355,0.160305705215,0.724816335099,0.15427766799,0.774442147296,0.716364576829,60.0000111177,59.9999868862
0.777746821839,0.160756832376,0.724866060005,0.154715036322,0.774442147296,0.716364576829,60.0000111177,59.9999868862
0.777767302281,0.161207817095,0.724915933412,0.155152292592,0.774442147296,0.716364576829,60.0000111177,59.9999868862
0.777787855888,0.161658658461,0.724965955305,0.155589436599,0.774442147296,0.716364576829,60.0000111177,59.9999868862
0.777808482916,0.162109355323,0.725016125669,0.15602646814,0.774442147296,0.716364576829,60.0000111177,59.9999868862
0.777829183503,0.162559907114,0.72506644449,0.15646338701,0.774442147296,0.716364576829,60.0000111177,59.9999868862
0.777849957737,0.163010313506,0.72511691175,0.156900193002,0.774442147296,0.716364576829,60.0000111177,59.9999868862
0.777870805705,0.16346057417,0.725167527435,0.157336885909,0.774442147296,0.716364576829,60.0000111177,59.9999868862
0.777891727495,0.163910688776,0.725218291529,0.15777346552,0.774442147296,0.716364576829,60.0000111177,59.9999868862
0.777912723194,0.164360656994,0.725269204016,0.158209931623,0.774442147296,0.716364576829,60.0000111177,59.9999868862
0.777933792889,0.164810478492,0.725320265094,0.158646283024,0.774442147296,0.716364576829,60.0000111177,59.9999868862
0.77795493667,0.165260152938,0.725371474975,0.159082518473,0.774442147296,0.716364576829,60.0000111177,59.9999868862
0.777976154622,0.165709679999,0.725422833656,0.159518637711,0.774442147296,0.716364576829,60.0000111177,59.9999868862
0.777997446836,0.16615905934,0.72547434112,0.159954640535,0.774442147296,0.716364576829,60.0000111177,59.9999868862
0.778018813397,0.166608290627,0.725525997349,0.160390526742,0.774442147296,0.716364576829,60.0000111177,59.9999868862
0.778040254396,0.167057373523,0.725577802328,0.160826296125,0.774442147296,0.716364576829,60.0000111177,59.9999868862
0.778061769919,0.167506307691,0.725629756037,0.161261948478,0.774442147296,0.716364576829,60.0000111177,59.9999868862
0.778083360054,0.167955092795,0.725681858461,0.16169748359,0.774442147296,0.716364576829,60.0000111177,59.9999868862
0.778105024891,0.168403728495,0.725734109581,0.162132901252,0.774442147296,0.716364576829,60.0000111177,59.9999868862
0.77812676468,0.168852213702,0.725786509378,0.16256820125,0.774442147296,0.716364576829,60.0000111177,59.9999868862
0.778148579679,0.169300547303,0.725839057836,0.163003383369,0.774442147296,0.716364576829,60.0000111177,59.9999868862
0.778170469983,0.169748728938,0.725891754936,0.163438447394,0.774442147296,0.716364576829,60.0000111177,59.9999868862
0.778192435682,0.170196758277,0.72594460079,0.163873392526,0.774442147296,0.716364576829,60.0000111177,59.9999868862
0.778214476862,0.170644634988,0.725997595606,0.164308217548,0.774442147296,0.716364576829,60.0000111177,59.9999868862
0.778236593615,0.171092358738,0.726050739461,0.164742921828,0.774442147296,0.716364576829,60.0000111177,59.9999868862
0.778258786027,0.171539929195,0.726104032337,0.16517750516,0.774442147296,0.716364576829,60.0000111177,59.9999868862
0.778281054189,0.171987346024,0.726157474213,0.165611967334,0.774442147296,0.716364576829,60.0000111177,59.9999868862
0.778303398189,0.17243460889,0.72621106507,0.166046308139,0.774442147296,0.716364576829,60.0000111177,59.9999868862
0.778325818117,0.172881717457,0.726264804889,0.166480527364,0.774442147296,0.716364576829,60.0000111177,59.9999868862
0.778348314061,0.173328671388,0.72631869365,0.166914624793,0.774442147296,0.716364576829,60.0000111177,59.9999868862
0.77837088611,0.173775470346,0.726372731331,0.16734860021,0.774442147296,0.716364576829,60.0000111177,59.9999868862
0.778393534354,0.174222113992,0.726426917914,0.167782453398,0.774442147296,0.716364576829,60.0000111177,59.9999868862
0.778416258882,0.174668601987,0.726481253377,0.168216184137,0.774442147296,0.716364576829,60.0000111177,59.9999868862
0.778439059783,0.175114933992,0.726535737699,0.168649792206,0.774442147296,0.716364576829,60.0000111177,59.9999868862
0.77846193728,0.175561109072,0.726590370988,0.169083276835,0.774442147296,0.716364576829,60.0000111177,59.9999868862
0.778484891632,0.176007126142,0.726645153447,0.169516636837,0.774442147296,0.716364576829,60.0000111177,59.9999868862
0.778507922963,0.176452984716,0.726700085153,0.169949871577,0.774442147296,0.716364576829,60.0000111177,59.9999868862
0.778531031362,0.17689868446,0.726755166085,0.170382980842,0.774442147296,0.716364576829,60.0000111177,59.9999868862
0.778554216919,0.177344225041,0.72681039622,0.170815964417,0.774442147296,0.716364576829,60.0000111177,59.9999868862
0.778577479725,0.177789606123,0.726865775537,0.171248822086,0.774442147296,0.716364576829,60.0000111177,59.9999868862
0.778600819868,0.178234827371,0.726921304013,0.171681553631,0.774442147296,0.716364576829,60.0000111177,59.9999868862
0.778624237439,0.178679888448,0.726976981625,0.172114158832,0.774442147296,0.716364576829,60.0000111177,59.9999868862
0.778647732526,0.179124789019,0.727032808352,0.172546637467,0.774442147296,0.716364576829,60.0000111177,59.9999868862
0.778671305221,0.179569528743,0.727088784169,0.172978989313,0.774442147296,0.716364576829,60.0000111177,59.9999868862
0.778694955613,0.180014107284,0.727144909054,0.173411214145,0.774442147296,0.716364576829,60.0000111177,59.9999868862
0.778718683791,0.1804585243,0.727201182983,0.173843311737,0.774442147296,0.716364576829,60.0000111177,59.9999868862
0.778742489846,0.180902779453,0.727257606128,0.174275281048,0.774442147296,0.716364576829,60.0000111177,59.9999868862
0.778766373866,0.1813468724,0.72731417869,0.174707120918,0.774442147296,0.716364576829,60.0000111177,59.9999868862
0.778790335965,0.181790802709,0.727370900672,0.175138831008,0.774442147296,0.716364576829,60.0000111177,59.9999868862
0.778814376399,0.182234569318,0.727427772052,0.175570411099,0.774442147296,0.716364576829,60.0000111177,59.9999868862
0.778838495406,0.182678171263,0.727484792804,0.17600186097,0.774442147296,0.716364576829,60.0000111177,59.9999868862
0.778862693076,0.183121608209,0.727541962903,0.176433180399,0.774442147296,0.716364576829,60.0000111177,59.9999868862
0.7788869695,0.18356487982,0.727599282325,0.176864369162,0.774442147296,0.716364576829,60.0000111177,59.9999868862
0.778911324766,0.18400798576,0.727656751044,0.177295427033,0.774442147296,0.716364576829,60.0000111177,59.9999868862
0.778935758966,0.184450925692,0.727714369035,0.177726353784,0.774442147296,0.716364576829,60.0000111177,59.9999868862
0.778960272189,0.184893699278,0.727772136271,0.178157149187,0.774442147296,0.716364576829,60.0000111177,59.9999868862
0.778984864527,0.18533630618,0.727830052727,0.178587813011,0.774442147296,0.716364576829,60.0000111177,59.9999868862
0.779009536068,0.185778746056,0.72788811848,0.179018344604,0.774442147296,0.716364576829,60.0000111177,59.9999868862
0.779034286904,0.186221018569,0.727946333727,0.179448742828,0.774442147296,0.716364576829,60.0000111177,59.9999868862
0.779059117124,0.186663123376,0.72800469856,0.179879006976,0.774442147296,0.716364576829,60.0000111177,59.9999868862
0.779084026818,0.187105060136,0.728063212953,0.180309136822,0.774442147296,0.716364576829,60.0000111177,59.9999868862
0.779109016077,0.187546828506,0.728121876879,0.180739132141,0.774442147296,0.716364576829,60.0000111177,59.9999868862
0.779134084991,0.187988428144,0.728180690309,0.181168992706,0.774442147296,0.716364576829,60.0000111177,59.9999868862
0.779159233803,0.188429858075,0.728239653216,0.181598718289,0.774442147296,0.716364576829,60.0000111177,59.9999868862
0.77918446277,0.188871117265,0.728298765571,0.182028308659,0.774442147296,0.716364576829,60.0000111177,59.9999868862
0.779209771999,0.189312205315,0.728358027348,0.182457763585,0.774442147296,0.716364576829,60.0000111177,59.9999868862
0.779235161579,0.189753121888,0.728417438516,0.182887082834,0.774442147296,0.716364576829,60.0000111177,59.9999868862
0.779260631602,0.190193866645,0.728476999048,0.183316266169,0.774442147296,0.716364576829,60.0000111177,59.9999868862
0.779286182156,0.190634439248,0.728536708985,0.183745313071,0.774442147296,0.716364576829,60.0000111177,59.9999868862
0.779311813333,0.191074839356,0.728596568522,0.184174222426,0.774442147296,0.716364576829,60.0000111177,59.9999868862
0.779337525223,0.19151506663,0.728656577778,0.184602993409,0.774442147296,0.716364576829,60.0000111177,59.9999868862
0.779363317915,0.191955120728,0.728716736723,0.185031625791,0.774442147296,0.716364576829,60.0000111177,59.9999868862
0.779389191502,0.192395001308,0.728777045328,0.185460119342,0.774442147296,0.716364576829,60.0000111177,59.9999868862
0.779415146071,0.192834708028,0.728837503562,0.185888473831,0.774442147296,0.716364576829,60.0000111177,59.9999868862
0.779441181714,0.193274240545,0.728898111394,0.186316689023,0.774442147296,0.716364576829,60.0000111177,59.9999868862
0.779467298522,0.193713598515,0.728958868793,0.186744764684,0.774442147296,0.716364576829,60.0000111177,59.9999868862
0.779493496598,0.19415278153,0.729019775729,0.187172700576,0.774442147296,0.716364576829,60.0000111177,59.9999868862
0.779519776202,0.194591788575,0.729080832169,0.187600496464,0.774442147296,0.716364576829,60.0000111177,59.9999868862
0.779546137574,0.195030618703,0.729142038083,0.188028152106,0.774442147296,0.716364576829,60.0000111177,59.9999868862
0.779572580805,0.195469271575,0.729203393532,0.188455666897,0.774442147296,0.716364576829,60.0000111177,59.9999868862
0.779599105985,0.195907746852,0.729264898704,0.188883039747,0.774442147296,0.716364576829,60.0000111177,59.9999868862
0.779625713205,0.196346044193,0.729326553695,0.189310269929,0.774442147296,0.716364576829,60.0000111177,59.9999868862
0.779652402554,0.196784163258,0.72938835847,0.189737357211,0.774442147296,0.716364576829,60.0000111177,59.9999868862
0.779679174122,0.197222103705,0.729450312997,0.190164301357,0.774442147296,0.716364576829,60.0000111177,59.9999868862
0.779706028,0.197659865191,0.729512417243,0.190591102129,0.774442147296,0.716364576829,60.0000111177,59.9999868862
0.779732964278,0.198097447375,0.729574671174,0.19101775929,0.774442147296,0.716364576829,60.0000111177,59.9999868862
0.779759983045,0.198534849912,0.729637074755,0.1914442726,0.774442147296,0.716364576829,60.0000111177,59.9999868862
0.779787084391,0.198972072459,0.729699627953,0.191870641816,0.774442147296,0.716364576829,60.0000111177,59.9999868862
0.779814268406,0.199409114669,0.729762330733,0.192296866697,0.774442147296,0.716364576829,60.0000111177,59.9999868862
0.77984153518,0.199845976199,0.72982518306,0.192722946997,0.774442147296,0.716364576829,60.0000111177,59.9999868862
0.779868884909,0.200282656288,0.729888185065,0.193148881848,0.774442147296,0.716364576829,60.0000111177,59.9999868862
0.779896317849,0.200719153946,0.729951336932,0.193574670176,0.774442147296,0.716364576829,60.0000111177,59.9999868862
0.779923834148,0.201155468599,0.730014638678,0.194000311538,0.774442147296,0.716364576829,60.0000111177,59.9999868862
0.779951433898,0.201591599907,0.730078090269,0.194425805696,0.774442147296,0.716364576829,60.0000111177,59.9999868862
0.779979117188,0.202027547529,0.730141691668,0.194851152408,0.774442147296,0.716364576829,60.0000111177,59.9999868862
0.780006884107,0.202463311122,0.730205442839,0.195276351433,0.774442147296,0.716364576829,60.0000111177,59.9999868862
0.780034734745,0.202898890343,0.730269343744,0.195701402526,0.774442147296,0.716364576829,60.0000111177,59.9999868862
0.780062669191,0.20333428485,0.730333394346,0.196126305443,0.774442147296,0.716364576829,60.0000111177,59.9999868862
0.780090687536,0.203769494297,0.730397594608,0.196551059937,0.774442147296,0.716364576829,60.0000111177,59.9999868862
0.780118789867,0.204204518342,0.730461944491,0.19697566576,0.774442147296,0.716364576829,60.0000111177,59.9999868862
0.780146976275,0.204639356637,0.730526444022,0.197400122432,0.774442147296,0.716364576829,60.0000111177,59.9999868862
0.780175246848,0.205074008838,0.730591093379,0.197824428895,0.774442147296,0.716364576829,60.0000111177,59.9999868862
0.780203601676,0.205508474597,0.730655892679,0.19824858433,0.774442147296,0.716364576829,60.0000111177,59.9999868862
0.780232040932,0.205942753248,0.730720841885,0.198672588495,0.774442147296,0.716364576829,60.0000111177,59.9999868862
0.78026056487,0.206376843822,0.730785940955,0.199096441143,0.774442147296,0.716364576829,60.0000111177,59.9999868862
0.78028917366,0.206810745673,0.730851189851,0.19952014203,0.774442147296,0.716364576829,60.0000111177,59.9999868862
0.780317867389,0.20724445846,0.730916588533,0.199943690908,0.774442147296,0.716364576829,60.0000111177,59.9999868862
0.780346646147,0.207677981839,0.73098213696,0.200367087527,0.774442147296,0.716364576829,60.0000111177,59.9999868862
0.780375510023,0.208111315467,0.731047835092,0.200790331638,0.774442147296,0.716364576829,60.0000111177,59.9999868862
0.780404459105,0.208544459,0.731113682888,0.201213422989,0.774442147296,0.716364576829,60.0000111177,59.9999868862
0.780433493482,0.208977412094,0.731179680309,0.201636361316,0.774442147296,0.716364576829,60.0000111177,59.9999868862
0.780462613243,0.209410174403,0.731245827531,0.202059145578,0.774442147296,0.716364576829,60.0000111177,59.9999868862
0.780491818476,0.209842745582,0.731312124727,0.202481774751,0.774442147296,0.716364576829,60.0000111177,59.9999868862
0.780521109269,0.210275125284,0.731378571855,0.202904248588,0.774442147296,0.716364576829,60.0000111177,59.9999868862
0.780550485711,0.210707313161,0.731445168871,0.203326566838,0.774442147296,0.716364576829,60.0000111177,59.9999868862
0.780579947889,0.211139308868,0.731511915734,0.203748729252,0.774442147296,0.716364576829,60.0000111177,59.9999868862
0.780609496004,0.211571111639,0.731578812399,0.204170735579,0.774442147296,0.716364576829,60.0000111177,59.9999868862
0.780639130309,0.212002720525,0.731645858824,0.204592585566,0.774442147296,0.716364576829,60.0000111177,59.9999868862
0.780668850943,0.212434134992,0.731713054964,0.205014278959,0.774442147296,0.716364576829,60.0000111177,59.9999868862
0.780698657993,0.212865354697,0.731780400775,0.205435815501,0.774442147296,0.716364576829,60.0000111177,59.9999868862
0.780728551547,0.213296379295,0.731847896213,0.205857194936,0.774442147296,0.716364576829,60.0000111177,59.9999868862
0.780758531694,0.213727208441,0.731915541432,0.206278416302,0.774442147296,0.716364576829,60.0000111177,59.9999868862
0.78078859852,0.214157841791,0.731983336602,0.206699478577,0.774442147296,0.716364576829,60.0000111177,59.9999868862
0.780818752114,0.214588278999,0.732051281695,0.207120381447,0.774442147296,0.716364576829,60.0000111177,59.9999868862
0.780848992562,0.215018519718,0.732119376666,0.207541124659,0.774442147296,0.716364576829,60.0000111177,59.9999868862
0.780879319951,0.215448563601,0.732187621468,0.20796170796,0.774442147296,0.716364576829,60.0000111177,59.9999868862
0.780909734369,0.215878410301,0.732256016054,0.208382131094,0.774442147296,0.716364576829,60.0000111177,59.9999868862
0.780940235903,0.216308059469,0.732324560379,0.208802393803,0.774442147296,0.716364576829,60.0000111177,59.9999868862
0.78097082466,0.21673751068,0.732393254393,0.20922249583,0.774442147296,0.716364576829,60.0000111177,59.9999868862
0.781001500892,0.217166762997,0.73246209805,0.209642436915,0.774442147296,0.716364576829,60.0000111177,59.9999868862
0.781032264826,0.217595815564,0.732531091302,0.210062216797,0.774442147296,0.716364576829,60.0000111177,59.9999868862
0.781063116549,0.218024668035,0.732600234314,0.210481834473,0.774442147296,0.716364576829,60.0000111177,59.9999868862
0.781094056149,0.218453320067,0.732669527252,0.210901288934,0.774442147296,0.716364576829,60.0000111177,59.9999868862
0.781125083711,0.218881771314,0.732738970068,0.211320579921,0.774442147296,0.716364576829,60.0000111177,59.9999868862
0.781156199321,0.21931002143,0.732808562714,0.211739707175,0.774442147296,0.716364576829,60.0000111177,59.9999868862
0.781187403065,0.219738070068,0.732878305139,0.212158670439,0.774442147296,0.716364576829,60.0000111177,59.9999868862
0.781218695031,0.220165916882,0.732948197293,0.212577469452,0.774442147296,0.716364576829,60.0000111177,59.9999868862
0.781250075302,0.220593561524,0.733018239126,0.212996103953,0.774442147296,0.716364576829,60.0000111177,59.9999868862
0.781281543965,0.221021003645,0.733088430588,0.213414573681,0.774442147296,0.716364576829,60.0000111177,59.9999868862
0.781313101105,0.221448242898,0.733158771625,0.213832878371,0.774442147296,0.716364576829,60.0000111177,59.9999868862
0.781344746807,0.221875278933,0.733229262236,0.214251017597,0.774442147296,0.716364576829,60.0000111177,59.9999868862
0.781376481292,0.222302110927,0.73329990258,0.214668990363,0.774442147296,0.716364576829,60.0000111177,59.9999868862
0.781408304808,0.22272873796,0.733370692774,0.215086795839,0.774442147296,0.716364576829,60.0000111177,59.9999868862
0.781440217467,0.223155159587,0.733441632763,0.215504433765,0.774442147296,0.716364576829,60.0000111177,59.9999868862
0.781472219355,0.223581375464,0.733512722495,0.21592190388,0.774442147296,0.716364576829,60.0000111177,59.9999868862
0.781504310557,0.224007385243,0.733583961916,0.21633920592,0.774442147296,0.716364576829,60.0000111177,59.9999868862
0.781536491156,0.22443318858,0.733655350972,0.216756339622,0.774442147296,0.716364576829,60.0000111177,59.9999868862
0.781568761238,0.224858785126,0.73372688961,0.21717330472,0.774442147296,0.716364576829,60.0000111177,59.9999868862
0.781601120886,0.225284174534,0.733798577774,0.217590100949,0.774442147296,0.716364576829,60.0000111177,59.9999868862
0.781633570185,0.225709356455,0.73387041541,0.21800672804,0.774442147296,0.716364576829,60.0000111177,59.9999868862
0.781666109218,0.226134330542,0.733942402589,0.218423185299,0.774442147296,0.716364576829,60.0000111177,59.9999868862
0.78169873807,0.226559096445,0.734014539469,0.218839471743,0.774442147296,0.716364576829,60.0000111177,59.9999868862
0.781731456823,0.226983653815,0.734086826078,0.219255586822,0.774442147296,0.716364576829,60.0000111177,59.9999868862
0.781764265683,0.22740800188,0.73415926236,0.219671530269,0.774442147296,0.716364576829,60.0000111177,59.9999868862
0.781797164897,0.227832139734,0.734231848259,0.220087301821,0.774442147296,0.716364576829,60.0000111177,59.9999868862
0.781830154587,0.228256066894,0.734304583717,0.220502901209,0.774442147296,0.716364576829,60.0000111177,59.9999868862
0.781863234836,0.228679783015,0.734377468676,0.220918328165,0.774442147296,0.716364576829,60.0000111177,59.9999868862
0.781896405728,0.229103287749,0.734450503079,0.221333582421,0.774442147296,0.716364576829,60.0000111177,59.9999868862
0.781929667344,0.229526580749,0.734523686866,0.221748663705,0.774442147296,0.716364576829,60.0000111177,59.9999868862
0.781963019767,0.229949661667,0.734597020002,0.22216357167,0.774442147296,0.716364576829,60.0000111177,59.9999868862
0.781996463079,0.230372530156,0.734670502639,0.222578305345,0.774442147296,0.716364576829,60.0000111177,59.9999868862
0.782029997363,0.230795185867,0.734744134907,0.222992863838,0.774442147296,0.716364576829,60.0000111177,59.9999868862
0.7820636227,0.23121762845,0.734817916744,0.223407246883,0.774442147296,0.716364576829,60.0000111177,59.9999868862
0.782097339172,0.231639857556,0.734891848091,0.22382145421,0.774442147296,0.716364576829,60.0000111177,59.9999868862
0.782131146861,0.232061872836,0.734965928886,0.22423548555,0.774442147296,0.716364576829,60.0000111177,59.9999868862
0.782165045991,0.232483673451,0.735040159068,0.224649340631,0.774442147296,0.716364576829,60.0000111177,59.9999868862
0.782199036807,0.23290525851,0.735114538575,0.225063019182,0.774442147296,0.716364576829,60.0000111177,59.9999868862
0.782233119406,0.233326627608,0.735189067346,0.225476520928,0.774442147296,0.716364576829,60.0000111177,59.9999868862
0.78226729387,0.233747780399,0.735263745317,0.225889845595,0.774442147296,0.716364576829,60.0000111177,59.9999868862
0.782301560278,0.234168716535,0.735338572585,0.226302992393,0.774442147296,0.716364576829,60.0000111177,59.9999868862
0.782335918711,0.234589435669,0.735413549295,0.226715960367,0.774442147296,0.716364576829,60.0000111177,59.9999868862
0.78237036925,0.235009937452,0.735488675436,0.227128749073,0.774442147296,0.716364576829,60.0000111177,59.9999868862
0.782404911974,0.235430221537,0.735563950945,0.227541358242,0.774442147296,0.716364576829,60.0000111177,59.9999868862
0.782439546963,0.235850287573,0.735639375756,0.227953787599,0.774442147296,0.716364576829,60.0000111177,59.9999868862
0.782474274296,0.236270135212,0.735714949804,0.22836603687,0.774442147296,0.716364576829,60.0000111177,59.9999868862
0.782509094053,0.236689764103,0.735790673024,0.228778105781,0.774442147296,0.716364576829,60.0000111177,59.9999868862
0.782544006351,0.237109173773,0.73586654535,0.229189994055,0.774442147296,0.716364576829,60.0000111177,59.9999868862
0.782579011429,0.23752836334,0.735942566715,0.229601701414,0.774442147296,0.716364576829,60.0000111177,59.9999868862
0.782614109489,0.237947332048,0.736018737161,0.230013227234,0.774442147296,0.716364576829,60.0000111177,59.9999868862
0.782649300611,0.238366079552,0.73609505683,0.23042457057,0.774442147296,0.716364576829,60.0000111177,59.9999868862
0.782684584873,0.238784605503,0.736171525755,0.230835730822,0.774442147296,0.716364576829,60.0000111177,59.9999868862
0.782719962353,0.239202909554,0.736248143868,0.231246707714,0.774442147296,0.716364576829,60.0000111177,59.9999868862
0.782755433128,0.239620991357,0.736324911101,0.231657500971,0.774442147296,0.716364576829,60.0000111177,59.9999868862
0.782790997277,0.240038850562,0.736401827385,0.232068110315,0.774442147296,0.716364576829,60.0000111177,59.9999868862
0.782826654876,0.240456486822,0.736478892651,0.232478535469,0.774442147296,0.716364576829,60.0000111177,59.9999868862
0.782862406003,0.240873899786,0.736556106827,0.232888776152,0.774442147296,0.716364576829,60.0000111177,59.9999868862
0.782898250735,0.241291089105,0.736633469845,0.233298832085,0.774442147296,0.716364576829,60.0000111177,59.9999868862
0.782934189148,0.241708054429,0.736710981716,0.233708702728,0.774442147296,0.716364576829,60.0000111177,59.9999868862
0.782970221439,0.242124795016,0.736788642575,0.234118387144,0.774442147296,0.716364576829,60.0000111177,59.9999868862
0.783006347846,0.242541309998,0.736866452478,0.234527884657,0.774442147296,0.716364576829,60.0000111177,59.9999868862
0.783042568484,0.2429575989,0.736944411354,0.23493719499,0.774442147296,0.716364576829,60.0000111177,59.9999868862
0.783078883428,0.243373661375,0.737022519128,0.235346317863,0.774442147296,0.716364576829,60.0000111177,59.9999868862
0.783115292755,0.243789497075,0.737100775729,0.235755252996,0.774442147296,0.716364576829,60.0000111177,59.9999868862
0.783151796539,0.244205105652,0.737179181082,0.236164000108,0.774442147296,0.716364576829,60.0000111177,59.9999868862
0.783188394856,0.244620486757,0.737257735115,0.236572558916,0.774442147296,0.716364576829,60.0000111177,59.9999868862
0.78322508778,0.245035640042,0.737336437751,0.236980929137,0.774442147296,0.716364576829,60.0000111177,59.9999868862
0.783261875386,0.245450565158,0.737415288996,0.237389110244,0.774442147296,0.716364576829,60.0000111177,59.9999868862
0.783298757747,0.245865261754,0.737494288978,0.237797101315,0.774442147296,0.716364576829,60.0000111177,59.9999868862
0.783335734939,0.246279729481,0.737573437751,0.23820490167,0.774442147296,0.716364576829,60.0000111177,59.9999868862
0.783372807105,0.246693967762,0.737652735238,0.23861251103,0.774442147296,0.716364576829,60.0000111177,59.9999868862
0.783409974479,0.247107975742,0.737732181362,0.239019929112,0.774442147296,0.716364576829,60.0000111177,59.9999868862
0.783447237223,0.24752175279,0.737811776047,0.239427155633,0.774442147296,0.716364576829,60.0000111177,59.9999868862
0.783484595409,0.247935298559,0.737891519213,0.239834190309,0.774442147296,0.716364576829,60.0000111177,59.9999868862
0.783522049112,0.248348612703,0.737971410784,0.240241032854,0.774442147296,0.716364576829,60.0000111177,59.9999868862
0.783559598402,0.248761694873,0.738051450681,0.240647682982,0.774442147296,0.716364576829,60.0000111177,59.9999868862
0.783597243352,0.24917454472,0.738131638919,0.241054140115,0.774442147296,0.716364576829,60.0000111177,59.9999868862
0.783634984035,0.249587161897,0.738211975623,0.241460403344,0.774442147296,0.716364576829,60.0000111177,59.9999868862
0.783672820521,0.249999546053,0.73829246082,0.241866472053,0.774442147296,0.716364576829,60.0000111177,59.9999868862
0.783710752881,0.250411696841,0.738373094431,0.242272345958,0.774442147296,0.716364576829,60.0000111177,59.9999868862
0.783748781187,0.25082361391,0.738453876374,0.242678024775,0.774442147296,0.716364576829,60.0000111177,59.9999868862
0.783786905557,0.251235296763,0.738534806567,0.243083508216,0.774442147296,0.716364576829,60.0000111177,59.9999868862
0.783825126219,0.251646744555,0.738615884929,0.243488795996,0.774442147296,0.716364576829,60.0000111177,59.9999868862
0.783863443357,0.252057956588,0.738697111377,0.243893887826,0.774442147296,0.716364576829,60.0000111177,59.9999868862
0.78390185704,0.252468932516,0.738778485828,0.244298783416,0.774442147296,0.716364576829,60.0000111177,59.9999868862
0.783940367337,0.252879671991,0.73886000833,0.244703482078,0.774442147296,0.716364576829,60.0000111177,59.9999868862
0.783978974319,0.253290174666,0.738941679003,0.245107982913,0.774442147296,0.716364576829,60.0000111177,59.9999868862
0.784017678054,0.253700440192,0.739023497831,0.245512285422,0.774442147296,0.716364576829,60.0000111177,59.9999868862
0.784056478611,0.254110468222,0.73910546473,0.245916389318,0.774442147296,0.716364576829,60.0000111177,59.9999868862
0.784095376057,0.254520258406,0.739187579614,0.246320294313,0.774442147296,0.716364576829,60.0000111177,59.9999868862
0.784134370462,0.254929810396,0.739269842398,0.246724000118,0.774442147296,0.716364576829,60.0000111177,59.9999868862
0.784173461892,0.255339123843,0.739352252993,0.247127506444,0.774442147296,0.716364576829,60.0000111177,59.9999868862
0.784212650462,0.255748198253,0.739434811315,0.247530812999,0.774442147296,0.716364576829,60.0000111177,59.9999868862
0.784251936398,0.256157032793,0.739517517274,0.247933919491,0.774442147296,0.716364576829,60.0000111177,59.9999868862
0.784291319877,0.256565626772,0.73960037097,0.24833682507,0.774442147296,0.716364576829,60.0000111177,59.9999868862
0.784330800968,0.256973979844,0.739683372517,0.248739528846,0.774442147296,0.716364576829,60.0000111177,59.9999868862
0.784370379735,0.257382091661,0.739766521839,0.249142030489,0.774442147296,0.716364576829,60.0000111177,59.9999868862
0.784410056245,0.257789961877,0.739849818845,0.249544329709,0.774442147296,0.716364576829,60.0000111177,59.9999868862
0.784449830563,0.258197590143,0.739933263447,0.249946426214,0.774442147296,0.716364576829,60.0000111177,59.9999868862
0.784489702755,0.258604976113,0.740016855554,0.250348319714,0.774442147296,0.716364576829,60.0000111177,59.9999868862
0.784529672885,0.259012119437,0.740100595073,0.250750009914,0.774442147296,0.716364576829,60.0000111177,59.9999868862
0.784569741018,0.259419019768,0.740184481915,0.251151496523,0.774442147296,0.716364576829,60.0000111177,59.9999868862
0.784609907219,0.259825676756,0.740268516045,0.25155277907,0.774442147296,0.716364576829,60.0000111177,59.9999868862
0.784650171618,0.260232089848,0.740352697571,0.251953856674,0.774442147296,0.716364576829,60.0000111177,59.9999868862
0.784690534438,0.260638258219,0.740437026541,0.252354728628,0.774442147296,0.716364576829,60.0000111177,59.9999868862
0.784730995831,0.261044181253,0.740521502861,0.25275539464,0.774442147296,0.716364576829,60.0000111177,59.9999868862
0.78477155586,0.261449858605,0.740606126436,0.253155854416,0.774442147296,0.716364576829,60.0000111177,59.9999868862
0.784812214588,0.261855289926,0.740690897173,0.253556107664,0.774442147296,0.716364576829,60.0000111177,59.9999868862
0.784852972077,0.262260474871,0.740775814975,0.253956154089,0.774442147296,0.716364576829,60.0000111177,59.9999868862
0.784893828389,0.262665413092,0.740860879746,0.254355993396,0.774442147296,0.716364576829,60.0000111177,59.9999868862
0.784934783586,0.263070104243,0.740946091391,0.254755625287,0.774442147296,0.716364576829,60.0000111177,59.9999868862
0.784975837728,0.263474547975,0.741031449959,0.255155049038,0.774442147296,0.716364576829,60.0000111177,59.9999868862
0.785016990876,0.263878743941,0.741116955552,0.255554263775,0.774442147296,0.716364576829,60.0000111177,59.9999868862
0.785058243091,0.264282691793,0.741202608124,0.255953269055,0.774442147296,0.716364576829,60.0000111177,59.9999868862
0.785099594543,0.264686390856,0.741288407577,0.256352064582,0.774442147296,0.716364576829,60.0000111177,59.9999868862
0.785141045447,0.26508984032,0.741374353809,0.256750650063,0.774442147296,0.716364576829,60.0000111177,59.9999868862
0.785182595911,0.265493039696,0.741460446723,0.257149025199,0.774442147296,0.716364576829,60.0000111177,59.9999868862
0.785224245995,0.265895988641,0.741546686218,0.257547189696,0.774442147296,0.716364576829,60.0000111177,59.9999868862
0.785265995755,0.266298686808,0.741633072192,0.257945143253,0.774442147296,0.716364576829,60.0000111177,59.9999868862
0.785307845252,0.266701133851,0.741719604598,0.258342885421,0.774442147296,0.716364576829,60.0000111177,59.9999868862
0.785349794542,0.267103329424,0.741806283531,0.258740415334,0.774442147296,0.716364576829,60.0000111177,59.9999868862
0.785391843684,0.267505273179,0.741893109033,0.259137732279,0.774442147296,0.716364576829,60.0000111177,59.9999868862
0.785433992734,0.267906964772,0.741980081003,0.259534835958,0.774442147296,0.716364576829,60.0000111177,59.9999868862
0.785476241749,0.268308403853,0.742067199336,0.259931726076,0.774442147296,0.716364576829,60.0000111177,59.9999868862
0.785518590798,0.268709590037,0.742154463928,0.260328402334,0.774442147296,0.716364576829,60.0000111177,59.9999868862
0.785561040095,0.269110522519,0.742241874674,0.260724864433,0.774442147296,0.716364576829,60.0000111177,59.9999868862
0.785603589837,0.269511200539,0.742329431469,0.261121112074,0.774442147296,0.716364576829,60.0000111177,59.9999868862
0.78564624008,0.269911623752,0.742417134207,0.261517144956,0.774442147296,0.716364576829,60.0000111177,59.9999868862
0.785688990877,0.270311791812,0.742504982953,0.261912962295,0.774442147296,0.716364576829,60.0000111177,59.9999868862
0.785731842285,0.270711704376,0.742592977794,0.262308563233,0.774442147296,0.716364576829,60.0000111177,59.9999868862
0.785774794356,0.271111361097,0.742681118652,0.262703947398,0.774442147296,0.716364576829,60.0000111177,59.9999868862
0.785817847145,0.271510761631,0.742769405417,0.263099114491,0.774442147296,0.716364576829,60.0000111177,59.9999868862
0.785861000704,0.271909905631,0.74285783798,0.263494064212,0.774442147296,0.716364576829,60.0000111177,59.9999868862
0.785904255087,0.272308792752,0.742946416233,0.263888796261,0.774442147296,0.716364576829,60.0000111177,59.9999868862
0.785947610345,0.272707422647,0.743035140065,0.264283310337,0.774442147296,0.716364576829,60.0000111177,59.9999868862
0.785991066623,0.273105794709,0.743124009366,0.264677606137,0.774442147296,0.716364576829,60.0000111177,59.9999868862
0.786034624124,0.273503908148,0.743213024129,0.265071683065,0.774442147296,0.716364576829,60.0000111177,59.9999868862
0.786078282964,0.273901762441,0.743302184439,0.265465540271,0.774442147296,0.716364576829,60.0000111177,59.9999868862
0.786122043194,0.274299357243,0.743391490275,0.265859177199,0.774442147296,0.716364576829,60.0000111177,59.9999868862
0.786165904864,0.27469669221,0.743480941522,0.266252593549,0.774442147296,0.716364576829,60.0000111177,59.9999868862
0.786209868023,0.275093766998,0.743570538069,0.26664578902,0.774442147296,0.716364576829,60.0000111177,59.9999868862
0.786253932722,0.275490581264,0.7436602798,0.267038763311,0.774442147296,0.716364576829,60.0000111177,59.9999868862
0.786298099009,0.275887134661,0.743750166601,0.267431516118,0.774442147296,0.716364576829,60.0000111177,59.9999868862
0.786342366933,0.276283426847,0.743840198357,0.267824047139,0.774442147296,0.716364576829,60.0000111177,59.9999868862
0.786386736542,0.276679457475,0.743930375006,0.26821635592,0.774442147296,0.716364576829,60.0000111177,59.9999868862
0.786431207915,0.277075226115,0.744020696624,0.26860844162,0.774442147296,0.716364576829,60.0000111177,59.9999868862
0.786475781251,0.277470731988,0.744111163238,0.269000303543,0.774442147296,0.716364576829,60.0000111177,59.9999868862
0.78652045672,0.277865974408,0.744201774728,0.269391941389,0.774442147296,0.716364576829,60.0000111177,59.9999868862
0.786565234367,0.278260953029,0.744292530977,0.269783354854,0.774442147296,0.716364576829,60.0000111177,59.9999868862
0.786610114239,0.278655667511,0.744383431867,0.270174543634,0.774442147296,0.716364576829,60.0000111177,59.9999868862
0.786655096382,0.279050117511,0.744474477276,0.270565507427,0.774442147296,0.716364576829,60.0000111177,59.9999868862
0.78670018084,0.279444302685,0.744565667086,0.270956245927,0.774442147296,0.716364576829,60.0000111177,59.9999868862
0.786745367659,0.27983822269,0.74465700119,0.271346758788,0.774442147296,0.716364576829,60.0000111177,59.9999868862
0.786790656883,0.280231877184,0.74474847966,0.271737045175,0.774442147296,0.716364576829,60.0000111177,59.9999868862
0.786836048555,0.280625265822,0.744840102553,0.272127104292,0.774442147296,0.716364576829,60.0000111177,59.9999868862
0.786881542719,0.281018388261,0.744931869747,0.272516935837,0.774442147296,0.716364576829,60.0000111177,59.9999868862
0.786927139555,0.281411243771,0.745023781119,0.272906539505,0.774442147296,0.716364576829,60.0000111177,59.9999868862
0.786972839259,0.281803831587,0.745115836544,0.273295914992,0.774442147296,0.716364576829,60.0000111177,59.9999868862
0.787018641884,0.282196151328,0.745208035899,0.273685061992,0.774442147296,0.716364576829,60.0000111177,59.9999868862
0.787064547474,0.282588202653,0.745300379058,0.274073980198,0.774442147296,0.716364576829,60.0000111177,59.9999868862
0.787110556069,0.282979985222,0.745392865895,0.274462669305,0.774442147296,0.716364576829,60.0000111177,59.9999868862
0.78715666771,0.283371498693,0.745485496465,0.274851128516,0.774442147296,0.716364576829,60.0000111177,59.9999868862
0.787202882436,0.283762742724,0.745578270832,0.275239357003,0.774442147296,0.716364576829,60.0000111177,59.9999868862
0.787249200288,0.284153716973,0.745671188882,0.275627354428,0.774442147296,0.716364576829,60.0000111177,59.9999868862
0.787295621304,0.284544421099,0.745764250486,0.276015120488,0.774442147296,0.716364576829,60.0000111177,59.9999868862
0.787342145524,0.28493485476,0.745857455515,0.276402654874,0.774442147296,0.716364576829,60.0000111177,59.9999868862
0.787388773092,0.285325017315,0.745950803841,0.276789957282,0.774442147296,0.716364576829,60.0000111177,59.9999868862
0.787435504199,0.285714908007,0.746044295331,0.277177027403,0.774442147296,0.716364576829,60.0000111177,59.9999868862
0.787482338923,0.286104526379,0.746137929857,0.277563864929,0.774442147296,0.716364576829,60.0000111177,59.9999868862
0.787529277302,0.286493872091,0.74623170745,0.277950469112,0.774442147296,0.716364576829,60.0000111177,59.9999868862
0.787576319373,0.286882944803,0.746325628169,0.278336839131,0.774442147296,0.716364576829,60.0000111177,59.9999868862
0.787623465169,0.287271744176,0.74641969191,0.278722974607,0.774442147296,0.716364576829,60.0000111177,59.9999868862
0.787670714728,0.287660269868,0.746513898538,0.279108875234,0.774442147296,0.716364576829,60.0000111177,59.9999868862
0.787718068084,0.288048521541,0.74660824792,0.279494540705,0.774442147296,0.716364576829,60.0000111177,59.9999868862
0.787765525271,0.288436498853,0.74670273992,0.27987997071,0.774442147296,0.716364576829,60.0000111177,59.9999868862
0.787813086322,0.288824201465,0.746797374405,0.280265164943,0.774442147296,0.716364576829,60.0000111177,59.9999868862
0.787860751363,0.289211628788,0.746892151237,0.280650123094,0.774442147296,0.716364576829,60.0000111177,59.9999868862
0.787908520576,0.289598780073,0.746987070439,0.281034844432,0.774442147296,0.716364576829,60.0000111177,59.9999868862
0.787956394052,0.289985654823,0.747082132062,0.281419328145,0.774442147296,0.716364576829,60.0000111177,59.9999868862
0.788004371822,0.290372252701,0.747177336001,0.281803573841,0.774442147296,0.716364576829,60.0000111177,59.9999868862
0.788052453919,0.290758573367,0.747272682118,0.282187581212,0.774442147296,0.716364576829,60.0000111177,59.9999868862
0.788100640372,0.291144616485,0.747368170273,0.28257134995,0.774442147296,0.716364576829,60.0000111177,59.9999868862
0.788148931211,0.291530381715,0.747463800325,0.282954879745,0.774442147296,0.716364576829,60.0000111177,59.9999868862
0.788197326468,0.29191586872,0.747559572136,0.283338170289,0.774442147296,0.716364576829,60.0000111177,59.9999868862
0.788245826169,0.292301077161,0.747655485562,0.283721221271,0.774442147296,0.716364576829,60.0000111177,59.9999868862
0.788294430345,0.2926860067,0.747751540624,0.284104031954,0.774442147296,0.716364576829,60.0000111177,59.9999868862
0.788343139111,0.293070656763,0.74784773737,0.284486601531,0.774442147296,0.716364576829,60.0000111177,59.9999868862
0.788391952643,0.293455026612,0.747944075682,0.284868929624,0.774442147296,0.716364576829,60.0000111177,59.9999868862
0.788440871029,0.293839115745,0.748040555415,0.285251015925,0.774442147296,0.716364576829,60.0000111177,59.9999868862
0.788489894297,0.294222923826,0.748137176426,0.285632860125,0.774442147296,0.716364576829,60.0000111177,59.9999868862
0.788539022472,0.294606450518,0.748233938569,0.286014461913,0.774442147296,0.716364576829,60.0000111177,59.9999868862
0.788588255581,0.294989695487,0.748330841698,0.28639582098,0.774442147296,0.716364576829,60.0000111177,59.9999868862
0.788637593646,0.295372658394,0.748427885665,0.286776937014,0.774442147296,0.716364576829,60.0000111177,59.9999868862
0.788687036694,0.295755338905,0.748525070501,0.287157809246,0.774442147296,0.716364576829,60.0000111177,59.9999868862
0.788736584748,0.296137736682,0.748622396244,0.287538436877,0.774442147296,0.716364576829,60.0000111177,59.9999868862
0.788786237831,0.296519851389,0.748719862757,0.287918819566,0.774442147296,0.716364576829,60.0000111177,59.9999868862
0.78883599606,0.296901682438,0.748817469891,0.288298957004,0.774442147296,0.716364576829,60.0000111177,59.9999868862
0.788885859606,0.2972832291,0.748915217496,0.288678848883,0.774442147296,0.716364576829,60.0000111177,59.9999868862
0.788935828543,0.2976644909,0.749013105421,0.289058494889,0.774442147296,0.716364576829,60.0000111177,59.9999868862
0.788985902893,0.298045467503,0.749111133513,0.289437894714,0.774442147296,0.716364576829,60.0000111177,59.9999868862
0.789036082676,0.298426158576,0.749209301634,0.289817048015,0.774442147296,0.716364576829,60.0000111177,59.9999868862
0.789086367912,0.298806563784,0.749307609815,0.290195953998,0.774442147296,0.716364576829,60.0000111177,59.9999868862
0.78913675862,0.299186682793,0.749406058079,0.290574611901,0.774442147296,0.716364576829,60.0000111177,59.9999868862
0.789187254819,0.29956651527,0.749504646272,0.290953021416,0.774442147296,0.716364576829,60.0000111177,59.9999868862
0.789237856527,0.29994606088,0.749603374237,0.291331182231,0.774442147296,0.716364576829,60.0000111177,59.9999868862
0.789288563762,0.300325319288,0.749702241819,0.291709094037,0.774442147296,0.716364576829,60.0000111177,59.9999868862
0.789339376654,0.300704289863,0.749801248862,0.292086756522,0.774442147296,0.716364576829,60.0000111177,59.9999868862
0.789390295366,0.301082971887,0.749900395208,0.292464169373,0.774442147296,0.716364576829,60.0000111177,59.9999868862
0.789441319949,0.301461364939,0.749999680743,0.29284133217,0.774442147296,0.716364576829,60.0000111177,59.9999868862
0.789492450417,0.301839468686,0.750099105492,0.293218244128,0.774442147296,0.716364576829,60.0000111177,59.9999868862
0.789543686786,0.302217282798,0.750198669436,0.293594904577,0.774442147296,0.716364576829,60.0000111177,59.9999868862
0.789595029069,0.302594806941,0.750298372417,0.293971313204,0.774442147296,0.716364576829,60.0000111177,59.9999868862
0.78964647728,0.302972040785,0.750398214273,0.294347469701,0.774442147296,0.716364576829,60.0000111177,59.9999868862
0.789698031433,0.303348983998,0.750498194842,0.294723373755,0.774442147296,0.716364576829,60.0000111177,59.9999868862
0.789749691538,0.303725636247,0.750598313963,0.295099025055,0.774442147296,0.716364576829,60.0000111177,59.9999868862
0.789801457609,0.3041019972,0.750698571472,0.295474423288,0.774442147296,0.716364576829,60.0000111177,59.9999868862
0.789853329797,0.304478066161,0.750798967286,0.295849567937,0.774442147296,0.716364576829,60.0000111177,59.9999868862
0.789905308259,0.304853842418,0.750899501424,0.296224458229,0.774442147296,0.716364576829,60.0000111177,59.9999868862
0.789957393011,0.305229325631,0.751000173819,0.2965990936,0.774442147296,0.716364576829,60.0000111177,59.9999868862
0.79000958406,0.30560451547,0.751100984305,0.296973473739,0.774442147296,0.716364576829,60.0000111177,59.9999868862
0.790061881416,0.305979411606,0.751201932717,0.297347598334,0.774442147296,0.716364576829,60.0000111177,59.9999868862
0.790114285088,0.30635401371,0.751303018887,0.297721467074,0.774442147296,0.716364576829,60.0000111177,59.9999868862
0.790166795082,0.306728321451,0.751404242647,0.298095079646,0.774442147296,0.716364576829,60.0000111177,59.9999868862
0.790219411406,0.307102334501,0.751505603828,0.298468435739,0.774442147296,0.716364576829,60.0000111177,59.9999868862
0.790272134066,0.30747605253,0.751607102386,0.29884153472,0.774442147296,0.716364576829,60.0000111177,59.9999868862
0.790324963101,0.307849475124,0.751708738332,0.299214375828,0.774442147296,0.716364576829,60.0000111177,59.9999868862
0.790377898661,0.308222601581,0.751810511548,0.299586958614,0.774442147296,0.716364576829,60.0000111177,59.9999868862
0.790430940862,0.308595431288,0.751912421862,0.299959282767,0.774442147296,0.716364576829,60.0000111177,59.9999868862
0.790484089708,0.308967963918,0.752014469103,0.300331347977,0.774442147296,0.716364576829,60.0000111177,59.9999868862
0.790537345201,0.309340199145,0.752116653096,0.300703153931,0.774442147296,0.716364576829,60.0000111177,59.9999868862
0.790590707345,0.309712136641,0.752218973668,0.301074700315,0.774442147296,0.716364576829,60.0000111177,59.9999868862
0.790644176142,0.31008377608,0.752321430644,0.301445986819,0.774442147296,0.716364576829,60.0000111177,59.9999868862
0.790697751593,0.310455117135,0.752424024026,0.301817012685,0.774442147296,0.716364576829,60.0000111177,59.9999868862
0.790751433698,0.310826159479,0.752526753816,0.302187777156,0.774442147296,0.716364576829,60.0000111177,59.9999868862
0.790805222458,0.311196902786,0.75262961984,0.302558279918,0.774442147296,0.716364576829,60.0000111177,59.9999868862
0.790859117951,0.311567346526,0.752732621918,0.302928520661,0.774442147296,0.716364576829,60.0000111177,59.9999868862
0.79091312032,0.311937490011,0.752835759873,0.303298499071,0.774442147296,0.716364576829,60.0000111177,59.9999868862
0.790967229628,0.312307332751,0.752939033525,0.303668214837,0.774442147296,0.716364576829,60.0000111177,59.9999868862
0.791021445871,0.312676874423,0.753042442695,0.304037667646,0.774442147296,0.716364576829,60.0000111177,59.9999868862
0.791075769047,0.313046114704,0.753145987258,0.304406857043,0.774442147296,0.716364576829,60.0000111177,59.9999868862
0.791130199151,0.313415053268,0.753249667211,0.304775782276,0.774442147296,0.716364576829,60.0000111177,59.9999868862
0.79118473618,0.313783689792,0.753353482492,0.305144442738,0.774442147296,0.716364576829,60.0000111177,59.9999868862
0.791239380128,0.314152023952,0.753457432917,0.305512838116,0.774442147296,0.716364576829,60.0000111177,59.9999868862
0.791294130989,0.314520055425,0.753561518303,0.3058809681,0.774442147296,0.716364576829,60.0000111177,59.9999868862
0.791348988756,0.314887783886,0.753665738465,0.306248832377,0.774442147296,0.716364576829,60.0000111177,59.9999868862
0.791403953557,0.315255208677,0.753770093218,0.306616430635,0.774442147296,0.716364576829,60.0000111177,59.9999868862
0.791459025525,0.315622329119,0.753874582375,0.306983762562,0.774442147296,0.716364576829,60.0000111177,59.9999868862
0.791514204661,0.315989144866,0.753979205871,0.307350827546,0.774442147296,0.716364576829,60.0000111177,59.9999868862
0.791569490957,0.316355655597,0.754083963694,0.307717624845,0.774442147296,0.716364576829,60.0000111177,59.9999868862
0.791624884402,0.316721860991,0.754188855711,0.308084154011,0.774442147296,0.716364576829,60.0000111177,59.9999868862
0.791680384986,0.317087760726,0.754293881733,0.308450414734,0.774442147296,0.716364576829,60.0000111177,59.9999868862
0.791735992698,0.317453354483,0.75439904157,0.308816406702,0.774442147296,0.716364576829,60.0000111177,59.9999868862
0.791791707526,0.31781864194,0.75450433503,0.309182129603,0.774442147296,0.716364576829,60.0000111177,59.9999868862
0.791847529458,0.318183622776,0.754609761922,0.309547583126,0.774442147296,0.716364576829,60.0000111177,59.9999868862
0.791903458531,0.318548296541,0.754715322069,0.309912766921,0.774442147296,0.716364576829,60.0000111177,59.9999868862
0.791959494873,0.318912662566,0.754821015452,0.31027768025,0.774442147296,0.716364576829,60.0000111177,59.9999868862
0.792015638559,0.31927672031,0.754926842038,0.310642322412,0.774442147296,0.716364576829,60.0000111177,59.9999868862
0.792071889574,0.319640469456,0.755032801632,0.311006693097,0.774442147296,0.716364576829,60.0000111177,59.9999868862
0.7921282479,0.320003909684,0.755138894038,0.311370791993,0.774442147296,0.716364576829,60.0000111177,59.9999868862
0.792184713522,0.320367040678,0.755245119059,0.31173461879,0.774442147296,0.716364576829,60.0000111177,59.9999868862
0.792241286422,0.320729862119,0.7553514765,0.312098173176,0.774442147296,0.716364576829,60.0000111177,59.9999868862
0.792297966583,0.321092373689,0.75545796616,0.312461454839,0.774442147296,0.716364576829,60.0000111177,59.9999868862
0.792354753985,0.321454575071,0.755564587933,0.312824463251,0.774442147296,0.716364576829,60.0000111177,59.9999868862
0.792411648608,0.321816465948,0.755671341791,0.31318719768,0.774442147296,0.716364576829,60.0000111177,59.9999868862
0.792468650551,0.322178045711,0.755778227619,0.313549657614,0.774442147296,0.716364576829,60.0000111177,59.9999868862
0.792525759931,0.322539313705,0.755885245215,0.313911842741,0.774442147296,0.716364576829,60.0000111177,59.9999868862
0.792582976747,0.322900269564,0.755992394377,0.314273752751,0.774442147296,0.716364576829,60.0000111177,59.9999868862
0.792640300977,0.323260912972,0.756099674903,0.314635387334,0.774442147296,0.716364576829,60.0000111177,59.9999868862
0.792697732597,0.323621243616,0.756207086589,0.314996746178,0.774442147296,0.716364576829,60.0000111177,59.9999868862
0.792755271584,0.32398126118,0.756314629231,0.315357828972,0.774442147296,0.716364576829,60.0000111177,59.9999868862
0.792812917914,0.32434096535,0.756422302791,0.315718635002,0.774442147296,0.716364576829,60.0000111177,59.9999868862
0.79287067156,0.324700355812,0.756530107236,0.316079163543,0.774442147296,0.716364576829,60.0000111177,59.9999868862
0.792928532498,0.325059432252,0.756638042364,0.316439414276,0.774442147296,0.716364576829,60.0000111177,59.9999868862
0.792986500752,0.325418194227,0.756746107967,0.316799386892,0.774442147296,0.716364576829,60.0000111177,59.9999868862
0.793044576433,0.32577664109,0.756854303836,0.31715908108,0.774442147296,0.716364576829,60.0000111177,59.9999868862
0.793102759598,0.326134772324,0.756962629762,0.31751849653,0.774442147296,0.716364576829,60.0000111177,59.9999868862
0.793161050216,0.326492587616,0.757071085535,0.317877632931,0.774442147296,0.716364576829,60.0000111177,59.9999868862
0.793219448259,0.326850086655,0.757179671024,0.318236489784,0.774442147296,0.716364576829,60.0000111177,59.9999868862
0.793277953697,0.327207269131,0.757288386187,0.318595066373,0.774442147296,0.716364576829,60.0000111177,59.9999868862
0.793336566498,0.327564134731,0.757397230905,0.318953362169,0.774442147296,0.716364576829,60.0000111177,59.9999868862
0.79339528663,0.327920683144,0.757506204964,0.319311376863,0.774442147296,0.716364576829,60.0000111177,59.9999868862
0.793454114061,0.328276914061,0.757615308149,0.319669110146,0.774442147296,0.716364576829,60.0000111177,59.9999868862
0.793513048758,0.32863282717,0.757724540245,0.320026561709,0.774442147296,0.716364576829,60.0000111177,59.9999868862
0.793572090817,0.328988421849,0.757833901037,0.320383731242,0.774442147296,0.716364576829,60.0000111177,59.9999868862
0.793631240337,0.32934369746,0.757943390309,0.320740618435,0.774442147296,0.716364576829,60.0000111177,59.9999868862
0.793690497291,0.329698653681,0.758053008007,0.321097222588,0.774442147296,0.716364576829,60.0000111177,59.9999868862
0.79374986164,0.330053290203,0.758162754085,0.321453542991,0.774442147296,0.716364576829,60.0000111177,59.9999868862
0.79380933335,0.33040760672,0.758272628326,0.321809579325,0.774442147296,0.716364576829,60.0000111177,59.9999868862
0.793868912381,0.330761602924,0.75838263051,0.322165331284,0.774442147296,0.716364576829,60.0000111177,59.9999868862
0.793928598695,0.331115278507,0.758492760417,0.322520798558,0.774442147296,0.716364576829,60.0000111177,59.9999868862
0.793988392253,0.331468633162,0.758603017825,0.322875980839,0.774442147296,0.716364576829,60.0000111177,59.9999868862
0.794048293015,0.331821666582,0.758713402512,0.323230877819,0.774442147296,0.716364576829,60.0000111177,59.9999868862
0.794108301016,0.332174378278,0.75882391434,0.323585488986,0.774442147296,0.716364576829,60.0000111177,59.9999868862
0.794168416348,0.332526767622,0.758934553255,0.323939813635,0.774442147296,0.716364576829,60.0000111177,59.9999868862
0.794228639029,0.332878834172,0.759045319112,0.324293851269,0.774442147296,0.716364576829,60.0000111177,59.9999868862
0.794288969014,0.333230577622,0.759156211686,0.324647601581,0.774442147296,0.716364576829,60.0000111177,59.9999868862
0.794349406259,0.33358199767,0.75926723075,0.325001064262,0.774442147296,0.716364576829,60.0000111177,59.9999868862
0.79440995072,0.333933094011,0.759378376076,0.325354239008,0.774442147296,0.716364576829,60.0000111177,59.9999868862
0.794470602351,0.334283866341,0.759489647436,0.325707125508,0.774442147296,0.716364576829,60.0000111177,59.9999868862
0.794531361107,0.334634314358,0.759601044614,0.326059723427,0.774442147296,0.716364576829,60.0000111177,59.9999868862
0.794592226938,0.334984437757,0.759712567546,0.326412032068,0.774442147296,0.716364576829,60.0000111177,59.9999868862
0.794653199829,0.335334236168,0.759824216155,0.326764050765,0.774442147296,0.716364576829,60.0000111177,59.9999868862
0.794714279861,0.335683708972,0.759935990211,0.327115779212,0.774442147296,0.716364576829,60.0000111177,59.9999868862
0.794775467091,0.336032855622,0.76004788948,0.327467217104,0.774442147296,0.716364576829,60.0000111177,59.9999868862
0.794836761467,0.336381675818,0.760159913727,0.327818364135,0.774442147296,0.716364576829,60.0000111177,59.9999868862
0.794898162939,0.33673016926,0.76027206272,0.328169219999,0.774442147296,0.716364576829,60.0000111177,59.9999868862
0.794959671454,0.337078335648,0.760384336223,0.328519784389,0.774442147296,0.716364576829,60.0000111177,59.9999868862
0.795021286961,0.337426174682,0.760496734108,0.328870056746,0.774442147296,0.716364576829,60.0000111177,59.9999868862
0.795083009406,0.337773686063,0.760609256305,0.329220036382,0.774442147296,0.716364576829,60.0000111177,59.9999868862
0.795144838734,0.338120869491,0.760721902633,0.32956972286,0.774442147296,0.716364576829,60.0000111177,59.9999868862
0.795206774891,0.338467724667,0.760834672851,0.329919115879,0.774442147296,0.716364576829,60.0000111177,59.9999868862
0.795268817939,0.338814251015,0.760947566721,0.330268215132,0.774442147296,0.716364576829,60.0000111177,59.9999868862
0.795330967955,0.339160447926,0.761060584002,0.330617020316,0.774442147296,0.716364576829,60.0000111177,59.9999868862
0.795393224891,0.339506315076,0.761173724452,0.330965531126,0.774442147296,0.716364576829,60.0000111177,59.9999868862
0.795455588692,0.339851852167,0.761286987874,0.331313747156,0.774442147296,0.716364576829,60.0000111177,59.9999868862
0.795518059297,0.340197058905,0.761400374188,0.331661667725,0.774442147296,0.716364576829,60.0000111177,59.9999868862
0.795580636646,0.340541934993,0.761513883271,0.332009292253,0.774442147296,0.716364576829,60.0000111177,59.9999868862
0.795643320679,0.340886480136,0.761627514877,0.332356620436,0.774442147296,0.716364576829,60.0000111177,59.9999868862
0.795706111335,0.34123069404,0.761741268762,0.332703651973,0.774442147296,0.716364576829,60.0000111177,59.9999868862
0.79576900855,0.341574576409,0.761855144678,0.333050386559,0.774442147296,0.716364576829,60.0000111177,59.9999868862
0.795832012343,0.34191812676,0.761969142378,0.333396823893,0.774442147296,0.716364576829,60.0000111177,59.9999868862
0.795895122779,0.342261344498,0.762083261614,0.33374296367,0.774442147296,0.716364576829,60.0000111177,59.9999868862
0.795958339844,0.342604229216,0.762197502279,0.33408880526,0.774442147296,0.716364576829,60.0000111177,59.9999868862
0.796021663471,0.34294678062,0.762311864285,0.334434347995,0.774442147296,0.716364576829,60.0000111177,59.9999868862
0.796085093594,0.34328899842,0.762426347399,0.334779591531,0.774442147296,0.716364576829,60.0000111177,59.9999868862
0.796148630145,0.343630882325,0.762540951368,0.335124535568,0.774442147296,0.716364576829,60.0000111177,59.9999868862
0.796212273057,0.343972432042,0.76265567594,0.335469179805,0.774442147296,0.716364576829,60.0000111177,59.9999868862
0.796276022261,0.344313647282,0.76277052086,0.33581352394,0.774442147296,0.716364576829,60.0000111177,59.9999868862
0.796339877686,0.344654527754,0.762885485875,0.336157567672,0.774442147296,0.716364576829,60.0000111177,59.9999868862
0.796403839309,0.344995073059,0.763000570814,0.336501310507,0.774442147296,0.716364576829,60.0000111177,59.9999868862
0.796467907187,0.345335282611,0.763115775578,0.336844751786,0.774442147296,0.716364576829,60.0000111177,59.9999868862
0.796532081329,0.345675155934,0.763231099985,0.337187891039,0.774442147296,0.716364576829,60.0000111177,59.9999868862
0.796596361662,0.34601469274,0.763346543777,0.337530727968,0.774442147296,0.716364576829,60.0000111177,59.9999868862
0.796660748112,0.346353892742,0.763462106694,0.337873262273,0.774442147296,0.716364576829,60.0000111177,59.9999868862
0.796725240604,0.346692755652,0.763577788478,0.338215493655,0.774442147296,0.716364576829,60.0000111177,59.9999868862
0.796789839061,0.347031281185,0.763693588866,0.338557421813,0.774442147296,0.716364576829,60.0000111177,59.9999868862
0.796854543409,0.347369469054,0.763809507628,0.338899046381,0.774442147296,0.716364576829,60.0000111177,59.9999868862
0.796919353568,0.347707318972,0.763925544658,0.339240366706,0.774442147296,0.716364576829,60.0000111177,59.9999868862
0.796984269479,0.348044830615,0.764041699819,0.339581382201,0.774442147296,0.716364576829,60.0000111177,59.9999868862
0.797049291188,0.348382003407,0.764157972849,0.339922092569,0.774442147296,0.716364576829,60.0000111177,59.9999868862
0.797114418726,0.348718836814,0.76427436348,0.340262497513,0.774442147296,0.716364576829,60.0000111177,59.9999868862
0.797179652011,0.349055330551,0.764390871447,0.340602596735,0.774442147296,0.716364576829,60.0000111177,59.9999868862
0.797244990961,0.349391484336,0.764507496484,0.340942389938,0.774442147296,0.716364576829,60.0000111177,59.9999868862
0.797310435495,0.349727297888,0.764624238321,0.341281876824,0.774442147296,0.716364576829,60.0000111177,59.9999868862
0.797375985528,0.350062770923,0.764741096825,0.341621056793,0.774442147296,0.716364576829,60.0000111177,59.9999868862
0.797441640976,0.350397903161,0.764858071881,0.341959929201,0.774442147296,0.716364576829,60.0000111177,59.9999868862
0.797507401754,0.350732694319,0.764975163241,0.342298493704,0.774442147296,0.716364576829,60.0000111177,59.9999868862
0.797573267775,0.351067144118,0.765092370633,0.342636750007,0.774442147296,0.716364576829,60.0000111177,59.9999868862
0.79763923907,0.351401252011,0.765209693784,0.342974697814,0.774442147296,0.716364576829,60.0000111177,59.9999868862
0.797705315675,0.351735017435,0.76532713242,0.34331233683,0.774442147296,0.716364576829,60.0000111177,59.9999868862
0.797771497511,0.352068440092,0.765444686268,0.343649666759,0.774442147296,0.716364576829,60.0000111177,59.9999868862
0.797837784487,0.352401519704,0.765562355137,0.343986687116,0.774442147296,0.716364576829,60.0000111177,59.9999868862
0.797904176514,0.352734255993,0.765680138906,0.344323397263,0.774442147296,0.716364576829,60.0000111177,59.9999868862
0.7979706735,0.353066648682,0.765798037366,0.344659796752,0.774442147296,0.716364576829,60.0000111177,59.9999868862
0.798037275351,0.353398697494,0.76591605024,0.34499588529,0.774442147296,0.716364576829,60.0000111177,59.9999868862
0.798103981977,0.353730402153,0.766034177249,0.345331662583,0.774442147296,0.716364576829,60.0000111177,59.9999868862
0.798170793281,0.354061762383,0.766152418113,0.345667128339,0.774442147296,0.716364576829,60.0000111177,59.9999868862
0.798237709261,0.354392777701,0.766270772551,0.346002282263,0.774442147296,0.716364576829,60.0000111177,59.9999868862
0.798304729944,0.354723447555,0.766389240319,0.346337123979,0.774442147296,0.716364576829,60.0000111177,59.9999868862
0.798371855264,0.355053771602,0.76650782129,0.346671652854,0.774442147296,0.716364576829,60.0000111177,59.9999868862
0.798439085124,0.35538374957,0.766626515292,0.347005868343,0.774442147296,0.716364576829,60.0000111177,59.9999868862
0.798506419425,0.355713381184,0.766745322043,0.347339770157,0.774442147296,0.716364576829,60.0000111177,59.9999868862
0.798573858068,0.356042666173,0.766864241256,0.347673358003,0.774442147296,0.716364576829,60.0000111177,59.9999868862
0.798641400952,0.356371604265,0.766983272645,0.348006631592,0.774442147296,0.716364576829,60.0000111177,59.9999868862
0.798709047975,0.356700195189,0.767102415924,0.348339590631,0.774442147296,0.716364576829,60.0000111177,59.9999868862
0.798776799037,0.357028438673,0.767221670803,0.348672234831,0.774442147296,0.716364576829,60.0000111177,59.9999868862
0.798844654102,0.357356334291,0.76734103714,0.34900456358,0.774442147296,0.716364576829,60.0000111177,59.9999868862
0.79891261319,0.357683881501,0.767460514797,0.349336576256,0.774442147296,0.716364576829,60.0000111177,59.9999868862
0.798980676244,0.358011079924,0.767580103487,0.349668272558,0.774442147296,0.716364576829,60.0000111177,59.9999868862
0.79904884316,0.35833792929,0.767699802919,0.349999652197,0.774442147296,0.716364576829,60.0000111177,59.9999868862
0.79911711383,0.358664429331,0.767819612801,0.350330714885,0.774442147296,0.716364576829,60.0000111177,59.9999868862
0.799185488148,0.358990579782,0.767939532838,0.350661460334,0.774442147296,0.716364576829,60.0000111177,59.9999868862
0.799253966003,0.359316380375,0.768059562737,0.350991888254,0.774442147296,0.716364576829,60.0000111177,59.9999868862
0.799322547288,0.359641830843,0.768179702303,0.351321998135,0.774442147296,0.716364576829,60.0000111177,59.9999868862
0.79939123189,0.359966930922,0.768299951391,0.351651789361,0.774442147296,0.716364576829,60.0000111177,59.9999868862
0.799460019751,0.360291680231,0.768420309751,0.351981261543,0.774442147296,0.716364576829,60.0000111177,59.9999868862
0.799528910877,0.360616078243,0.768540777083,0.352310414395,0.774442147296,0.716364576829,60.0000111177,59.9999868862
0.799597905222,0.360940124543,0.768661353089,0.35263924763,0.774442147296,0.716364576829,60.0000111177,59.9999868862
0.799667002673,0.361263818869,0.768782037469,0.352967760964,0.774442147296,0.716364576829,60.0000111177,59.9999868862
0.799736203114,0.361587160958,0.768902829921,0.35329595411,0.774442147296,0.716364576829,60.0000111177,59.9999868862
0.79980550643,0.361910150549,0.769023730205,0.35362382665,0.774442147296,0.716364576829,60.0000111177,59.9999868862
0.799874912503,0.362232787379,0.769144738167,0.353951377977,0.774442147296,0.716364576829,60.0000111177,59.9999868862
0.799944421215,0.362555071189,0.769265853588,0.354278607618,0.774442147296,0.716364576829,60.0000111177,59.9999868862
0.800014032449,0.362877001718,0.769387076164,0.354605515289,0.774442147296,0.716364576829,60.0000111177,59.9999868862
0.800083746118,0.363198578629,0.76950840559,0.354932100709,0.774442147296,0.716364576829,60.0000111177,59.9999868862
0.800153562218,0.363519801406,0.769629841558,0.355258363594,0.774442147296,0.716364576829,60.0000111177,59.9999868862
0.800223480713,0.363840669608,0.76975138376,0.355584303661,0.774442147296,0.716364576829,60.0000111177,59.9999868862
0.800293501477,0.364161182978,0.769873031912,0.35590992058,0.774442147296,0.716364576829,60.0000111177,59.9999868862
0.800363624389,0.364481341258,0.769994785849,0.356235213751,0.774442147296,0.716364576829,60.0000111177,59.9999868862
0.800433849324,0.364801144194,0.770116645385,0.356560182624,0.774442147296,0.716364576829,60.0000111177,59.9999868862
0.800504176156,0.365120591527,0.770238610209,0.356884826919,0.774442147296,0.716364576829,60.0000111177,59.9999868862
0.800574604759,0.365439683004,0.770360680009,0.357209146356,0.774442147296,0.716364576829,60.0000111177,59.9999868862
0.800645135006,0.36575841837,0.77048285447,0.357533140656,0.774442147296,0.716364576829,60.0000111177,59.9999868862
0.800715766787,0.366076797326,0.770605133279,0.357856809538,0.774442147296,0.716364576829,60.0000111177,59.9999868862
0.80078650009,0.366394819369,0.770727516121,0.358180152722,0.774442147296,0.716364576829,60.0000111177,59.9999868862
0.800857334879,0.366712484035,0.77085000281,0.358503169649,0.774442147296,0.716364576829,60.0000111177,59.9999868862
0.800928271024,0.367029791072,0.770972593172,0.35882585973,0.774442147296,0.716364576829,60.0000111177,59.9999868862
0.800999308393,0.36734674023,0.771095286906,0.359148222656,0.774442147296,0.716364576829,60.0000111177,59.9999868862
0.801070446853,0.367663331257,0.771218083691,0.359470258148,0.774442147296,0.716364576829,60.0000111177,59.9999868862
0.80114168627,0.367979563903,0.771340983209,0.35979196593,0.774442147296,0.716364576829,60.0000111177,59.9999868862
0.801213026508,0.368295437919,0.771463985138,0.360113345725,0.774442147296,0.716364576829,60.0000111177,59.9999868862
0.801284467433,0.368610953056,0.771587089156,0.360434397258,0.774442147296,0.716364576829,60.0000111177,59.9999868862
0.801356008912,0.368926109052,0.771710295033,0.360755120052,0.774442147296,0.716364576829,60.0000111177,59.9999868862
0.801427650921,0.369240905413,0.771833602589,0.361075513526,0.774442147296,0.716364576829,60.0000111177,59.9999868862
0.801499393431,0.369555341659,0.771957011549,0.361395577298,0.774442147296,0.716364576829,60.0000111177,59.9999868862
0.801571236299,0.369869417543,0.772080521588,0.361715311093,0.774442147296,0.716364576829,60.0000111177,59.9999868862
0.801643179387,0.37018313282,0.772204132379,0.362034714639,0.774442147296,0.716364576829,60.0000111177,59.9999868862
0.801715222552,0.370496487245,0.772327843594,0.362353787661,0.774442147296,0.716364576829,60.0000111177,59.9999868862
0.801787365651,0.370809480575,0.772451654906,0.362672529886,0.774442147296,0.716364576829,60.0000111177,59.9999868862
0.801859608542,0.371122112565,0.77257556604,0.362990940921,0.774442147296,0.716364576829,60.0000111177,59.9999868862
0.801931951079,0.371434382971,0.772699576809,0.363309020192,0.774442147296,0.716364576829,60.0000111177,59.9999868862
0.802004393116,0.371746291552,0.772823686964,0.36362676725,0.774442147296,0.716364576829,60.0000111177,59.9999868862
0.802076934613,0.372057837838,0.772947896174,0.363944181822,0.774442147296,0.716364576829,60.0000111177,59.9999868862
0.802149575532,0.37236902135,0.773072204105,0.364261263639,0.774442147296,0.716364576829,60.0000111177,59.9999868862
0.802222315733,0.372679841832,0.773196610422,0.364578012431,0.774442147296,0.716364576829,60.0000111177,59.9999868862
0.802295155065,0.372990299046,0.773321114791,0.364894427928,0.774442147296,0.716364576829,60.0000111177,59.9999868862
0.802368093378,0.373300392752,0.773445716898,0.365210509813,0.774442147296,0.716364576829,60.0000111177,59.9999868862
0.802441130521,0.373610122713,0.773570416543,0.365526257525,0.774442147296,0.716364576829,60.0000111177,59.9999868862
0.802514266341,0.373919488689,0.773695213503,0.365841670551,0.774442147296,0.716364576829,60.0000111177,59.9999868862
0.802587500685,0.374228490445,0.773820107441,0.366156748624,0.774442147296,0.716364576829,60.0000111177,59.9999868862
0.802660833398,0.374537127743,0.773945098015,0.366471491475,0.774442147296,0.716364576829,60.0000111177,59.9999868862
0.802734264416,0.374845400152,0.774070184886,0.36678589884,0.774442147296,0.716364576829,60.0000111177,59.9999868862
0.802807793693,0.375153307203,0.77419536771,0.36709997045,0.774442147296,0.716364576829,60.0000111177,59.9999868862
0.802881421088,0.375460848624,0.774320646145,0.367413706041,0.774442147296,0.716364576829,60.0000111177,59.9999868862
0.802955146444,0.375768024181,0.774446019973,0.367727105082,0.774442147296,0.716364576829,60.0000111177,59.9999868862
0.803028969602,0.376074833642,0.774571488984,0.368040167022,0.774442147296,0.716364576829,60.0000111177,59.9999868862
0.8031028904,0.376381276774,0.774697052845,0.368352891575,0.774442147296,0.716364576829,60.0000111177,59.9999868862
0.803176908678,0.376687353345,0.774822711207,0.368665278476,0.774442147296,0.716364576829,60.0000111177,59.9999868862
0.803251024273,0.376993063126,0.774948463723,0.368977327463,0.774442147296,0.716364576829,60.0000111177,59.9999868862
0.803325237021,0.377298405885,0.775074310045,0.369289038272,0.774442147296,0.716364576829,60.0000111177,59.9999868862
0.803399546838,0.377603381227,0.775200249824,0.369600410641,0.774442147296,0.716364576829,60.0000111177,59.9999868862
0.803473953664,0.377907988694,0.775326282799,0.369911444117,0.774442147296,0.716364576829,60.0000111177,59.9999868862
0.803548457363,0.378212227998,0.775452408754,0.370222138156,0.774442147296,0.716364576829,60.0000111177,59.9999868862
0.803623057767,0.378516098911,0.775578627379,0.370532492408,0.774442147296,0.716364576829,60.0000111177,59.9999868862
0.803697754707,0.378819601208,0.77570493832,0.370842506614,0.774442147296,0.716364576829,60.0000111177,59.9999868862
0.803772548015,0.379122734662,0.775831341224,0.371152180513,0.774442147296,0.716364576829,60.0000111177,59.9999868862
0.80384743752,0.379425499049,0.775957835735,0.371461513846,0.774442147296,0.716364576829,60.0000111177,59.9999868862
0.80392242305,0.379727894143,0.776084421496,0.371770506354,0.774442147296,0.716364576829,60.0000111177,59.9999868862
0.803997504434,0.380029919722,0.776211098209,0.372079157659,0.774442147296,0.716364576829,60.0000111177,59.9999868862
0.804072681564,0.380331575422,0.776337865648,0.372387467225,0.774442147296,0.716364576829,60.0000111177,59.9999868862
0.804147954369,0.380632860801,0.776464723527,0.372695434641,0.774442147296,0.716364576829,60.0000111177,59.9999868862
0.804223322715,0.380933775553,0.776591671487,0.37300305965,0.774442147296,0.716364576829,60.0000111177,59.9999868862
0.804298786425,0.381234319458,0.776718709166,0.373310341997,0.774442147296,0.716364576829,60.0000111177,59.9999868862
0.804374345322,0.381534492296,0.776845836203,0.373617281427,0.774442147296,0.716364576829,60.0000111177,59.9999868862
0.804449999226,0.381834293849,0.776973052234,0.373923877684,0.774442147296,0.716364576829,60.0000111177,59.9999868862
0.804525747959,0.382133723897,0.777100356921,0.374230130461,0.774442147296,0.716364576829,60.0000111177,59.9999868862
0.80460159134,0.382432782223,0.77722775003,0.374536039233,0.774442147296,0.716364576829,60.0000111177,59.9999868862
0.804677529189,0.38273146861,0.777355231299,0.374841603527,0.774442147296,0.716364576829,60.0000111177,59.9999868862
0.804753561374,0.383029782729,0.777482800362,0.375146823093,0.774442147296,0.716364576829,60.0000111177,59.9999868862
0.804829687816,0.383327724149,0.777610456851,0.375451697678,0.774442147296,0.716364576829,60.0000111177,59.9999868862
0.804905908381,0.383625292551,0.777738200396,0.375756227031,0.774442147296,0.716364576829,60.0000111177,59.9999868862
0.804982222881,0.383922487721,0.777866030629,0.376060410901,0.774442147296,0.716364576829,60.0000111177,59.9999868862
0.805058631132,0.384219309447,0.777993947178,0.376364249038,0.774442147296,0.716364576829,60.0000111177,59.9999868862
0.805135132944,0.384515757516,0.778121949794,0.376667740938,0.774442147296,0.716364576829,60.0000111177,59.9999868862
0.805211728131,0.384811831716,0.778250038234,0.376970886085,0.774442147296,0.716364576829,60.0000111177,59.9999868862
0.805288416501,0.385107531836,0.778378212129,0.37727368422,0.774442147296,0.716364576829,60.0000111177,59.9999868862
0.805365197865,0.385402857666,0.778506471105,0.377576135093,0.774442147296,0.716364576829,60.0000111177,59.9999868862
0.805442072071,0.385697808911,0.778634814787,0.377878238458,0.774442147296,0.716364576829,60.0000111177,59.9999868862
0.805519039027,0.385992385153,0.778763242798,0.378179994068,0.774442147296,0.716364576829,60.0000111177,59.9999868862
0.805596098599,0.386286586059,0.77889175476,0.378481401677,0.774442147296,0.716364576829,60.0000111177,59.9999868862
0.805673250594,0.386580411422,0.779020350384,0.378782460855,0.774442147296,0.716364576829,60.0000111177,59.9999868862
0.805750494814,0.386873861036,0.779149029417,0.379083171096,0.774442147296,0.716364576829,60.0000111177,59.9999868862
0.805827831062,0.387166934696,0.779277791518,0.379383532078,0.774442147296,0.716364576829,60.0000111177,59.9999868862
0.805905259142,0.387459632197,0.779406636304,0.379683543558,0.774442147296,0.716364576829,60.0000111177,59.9999868862
0.805982778855,0.387751953334,0.779535563392,0.379983205293,0.774442147296,0.716364576829,60.0000111177,59.9999868862
0.806060389999,0.388043897905,0.779664572401,0.38028251704,0.774442147296,0.716364576829,60.0000111177,59.9999868862
0.806138092403,0.388335465648,0.779793662945,0.380581478557,0.774442147296,0.716364576829,60.0000111177,59.9999868862
0.806215885963,0.388626656159,0.779922834695,0.380880089487,0.774442147296,0.716364576829,60.0000111177,59.9999868862
0.806293770545,0.38891746909,0.78005208739,0.381178349335,0.774442147296,0.716364576829,60.0000111177,59.9999868862
0.806371745947,0.389207904242,0.780181420711,0.381476257718,0.774442147296,0.716364576829,60.0000111177,59.9999868862
0.806449811962,0.389497961416,0.780310834272,0.381773814397,0.774442147296,0.716364576829,60.0000111177,59.9999868862
0.806527968384,0.389787640414,0.780440327681,0.382071019135,0.774442147296,0.716364576829,60.0000111177,59.9999868862
0.806606215007,0.390076941038,0.78056990055,0.382367871693,0.774442147296,0.716364576829,60.0000111177,59.9999868862
0.806684551622,0.390365863092,0.780699552487,0.382664371832,0.774442147296,0.716364576829,60.0000111177,59.9999868862
0.806762978021,0.390654406377,0.780829283123,0.382960519269,0.774442147296,0.716364576829,60.0000111177,59.9999868862
0.806841494007,0.39094257067,0.780959092189,0.383256313516,0.774442147296,0.716364576829,60.0000111177,59.9999868862
0.806920099465,0.391230355577,0.781088979391,0.383551754134,0.774442147296,0.716364576829,60.0000111177,59.9999868862
0.806998794263,0.391517760739,0.781218944332,0.383846840889,0.774442147296,0.716364576829,60.0000111177,59.9999868862
0.80707757819,0.391804785961,0.781348986619,0.384141573546,0.774442147296,0.716364576829,60.0000111177,59.9999868862
0.807156451029,0.392091431054,0.781479105853,0.384435951871,0.774442147296,0.716364576829,60.0000111177,59.9999868862
0.807235412565,0.392377695825,0.781609301637,0.384729975631,0.774442147296,0.716364576829,60.0000111177,59.9999868862
0.807314462582,0.392663580085,0.781739573572,0.385023644594,0.774442147296,0.716364576829,60.0000111177,59.9999868862
0.807393600863,0.392949083644,0.78186992137,0.385316958302,0.774442147296,0.716364576829,60.0000111177,59.9999868862
0.807472827188,0.393234206312,0.782000344752,0.385609916277,0.774442147296,0.716364576829,60.0000111177,59.9999868862
0.80755214134,0.3935189479,0.782130843324,0.385902518271,0.774442147296,0.716364576829,60.0000111177,59.9999868862
0.807631543191,0.393803308028,0.782261416685,0.386194764053,0.774442147296,0.716364576829,60.0000111177,59.9999868862
0.807711032611,0.394087286322,0.782392064431,0.386486653395,0.774442147296,0.716364576829,60.0000111177,59.9999868862
0.807790609377,0.394370882596,0.782522786158,0.386778186067,0.774442147296,0.716364576829,60.0000111177,59.9999868862
0.807870273267,0.394654096666,0.782653581459,0.387069361843,0.774442147296,0.716364576829,60.0000111177,59.9999868862
0.807950024054,0.394936928349,0.782784450005,0.38736018034,0.774442147296,0.716364576829,60.0000111177,59.9999868862
0.808029861513,0.395219377461,0.782915391507,0.387650641093,0.774442147296,0.716364576829,60.0000111177,59.9999868862
0.808109785417,0.395501443821,0.783046405598,0.387940743792,0.774442147296,0.716364576829,60.0000111177,59.9999868862
0.808189795538,0.395783127247,0.78317749187,0.388230488211,0.774442147296,0.716364576829,60.0000111177,59.9999868862
0.808269891647,0.396064427557,0.783308649911,0.388519874126,0.774442147296,0.716364576829,60.0000111177,59.9999868862
0.808350073592,0.396345344415,0.78343987931,0.388808901314,0.774442147296,0.716364576829,60.0000111177,59.9999868862
0.808430341232,0.396625877457,0.783571179656,0.389097569551,0.774442147296,0.716364576829,60.0000111177,59.9999868862
0.808510694348,0.396906026477,0.783702550577,0.389385878531,0.774442147296,0.716364576829,60.0000111177,59.9999868862
0.808591132707,0.3971857913,0.783833991773,0.3896738278,0.774442147296,0.716364576829,60.0000111177,59.9999868862
0.808671656074,0.397465171749,0.783965502906,0.389961416987,0.774442147296,0.716364576829,60.0000111177,59.9999868862
0.808752264214,0.397744167649,0.784097083558,0.390248645871,0.774442147296,0.716364576829,60.0000111177,59.9999868862
0.808832956891,0.398022778826,0.784228733313,0.390535514234,0.774442147296,0.716364576829,60.0000111177,59.9999868862
0.808913733867,0.398301005106,0.784360451753,0.390822021856,0.774442147296,0.716364576829,60.0000111177,59.9999868862
0.808994594904,0.398578846315,0.784492238458,0.39110816852,0.774442147296,0.716364576829,60.0000111177,59.9999868862
0.809075539822,0.398856302159,0.784624093017,0.391393953993,0.774442147296,0.716364576829,60.0000111177,59.9999868862
0.809156568471,0.399133372286,0.784756015121,0.391679377832,0.774442147296,0.716364576829,60.0000111177,59.9999868862
0.809237680636,0.39941005647,0.784888004456,0.391964439604,0.774442147296,0.716364576829,60.0000111177,59.9999868862
0.809318876076,0.399686354542,0.7850200606,0.392249139097,0.774442147296,0.716364576829,60.0000111177,59.9999868862
0.809400154545,0.399962266333,0.785152183129,0.392533476094,0.774442147296,0.716364576829,60.0000111177,59.9999868862
0.809481515799,0.400237791675,0.785284371617,0.392817450383,0.774442147296,0.716364576829,60.0000111177,59.9999868862
0.809562959592,0.400512930403,0.78541662564,0.39310106175,0.774442147296,0.716364576829,60.0000111177,59.9999868862
0.809644485678,0.400787682351,0.785548944772,0.393384309982,0.774442147296,0.716364576829,60.0000111177,59.9999868862
0.809726093808,0.401062047352,0.785681328668,0.3936671947,0.774442147296,0.716364576829,60.0000111177,59.9999868862
0.809807783776,0.401336025158,0.785813777011,0.393949715471,0.774442147296,0.716364576829,60.0000111177,59.9999868862
0.809889555418,0.40160961543,0.785946289401,0.394231872027,0.774442147296,0.716364576829,60.0000111177,59.9999868862
0.809971408528,0.401882817917,0.786078865407,0.394513664162,0.774442147296,0.716364576829,60.0000111177,59.9999868862
0.810053342852,0.40215563246,0.786211504597,0.394795091665,0.774442147296,0.716364576829,60.0000111177,59.9999868862
0.810135358137,0.402428058896,0.78634420654,0.395076154328,0.774442147296,0.716364576829,60.0000111177,59.9999868862
0.81021745413,0.402700097068,0.786476970803,0.395356851945,0.774442147296,0.716364576829,60.0000111177,59.9999868862
0.810299630575,0.402971746816,0.786609796997,0.395637184215,0.774442147296,0.716364576829,60.0000111177,59.9999868862
0.810381887214,0.403243007982,0.786742684799,0.395917150714,0.774442147296,0.716364576829,60.0000111177,59.9999868862
0.810464223792,0.403513880409,0.786875633833,0.396196751113,0.774442147296,0.716364576829,60.0000111177,59.9999868862
0.810546640072,0.403784363895,0.787008643665,0.396475985207,0.774442147296,0.716364576829,60.0000111177,59.9999868862
0.810629135879,0.404054458117,0.787141713855,0.396754852794,0.774442147296,0.716364576829,60.0000111177,59.9999868862
0.810711711012,0.404324162798,0.787274843965,0.397033353671,0.774442147296,0.716364576829,60.0000111177,59.9999868862
0.81079436521,0.404593477786,0.787408033555,0.397311487635,0.774442147296,0.716364576829,60.0000111177,59.9999868862
0.810877098209,0.404862402928,0.787541282194,0.397589254467,0.774442147296,0.716364576829,60.0000111177,59.9999868862
0.810959909747,0.405130938075,0.787674589548,0.397866653751,0.774442147296,0.716364576829,60.0000111177,59.9999868862
0.811042799557,0.405399083074,0.787807955273,0.398143685096,0.774442147296,0.716364576829,60.0000111177,59.9999868862
0.811125767375,0.405666837776,0.787941378924,0.398420348302,0.774442147296,0.716364576829,60.0000111177,59.9999868862
0.811208812932,0.405934202033,0.788074860057,0.398696643172,0.774442147296,0.716364576829,60.0000111177,59.9999868862
0.811291935965,0.406201175691,0.788208398227,0.398972569508,0.774442147296,0.716364576829,60.0000111177,59.9999868862
0.811375136284,0.40646775844,0.788341992987,0.399248127113,0.774442147296,0.716364576829,60.0000111177,59.9999868862
0.811458413698,0.406733949979,0.788475643891,0.399523315791,0.774442147296,0.716364576829,60.0000111177,59.9999868862
0.811541767935,0.406999750165,0.788609350568,0.399798135195,0.774442147296,0.716364576829,60.0000111177,59.9999868862
0.811625198722,0.407265158852,0.788743112673,0.400072584923,0.774442147296,0.716364576829,60.0000111177,59.9999868862
0.811708705787,0.407530175899,0.788876929784,0.400346664725,0.774442147296,0.716364576829,60.0000111177,59.9999868862
0.811792288854,0.407794801162,0.789010801451,0.400620374411,0.774442147296,0.716364576829,60.0000111177,59.9999868862
0.811875947649,0.408059034502,0.789144727221,0.400893713788,0.774442147296,0.716364576829,60.0000111177,59.9999868862
0.811959681894,0.408322875776,0.789278706642,0.401166682664,0.774442147296,0.716364576829,60.0000111177,59.9999868862
0.812043491313,0.408586324845,0.78941273926,0.40143928085,0.774442147296,0.716364576829,60.0000111177,59.9999868862
0.812127375687,0.408849381452,0.789546824658,0.401711508081,0.774442147296,0.716364576829,60.0000111177,59.9999868862
0.812211334813,0.409112045304,0.789680962482,0.401983363967,0.774442147296,0.716364576829,60.0000111177,59.9999868862
0.812295368429,0.409374316228,0.789815152343,0.402254848191,0.774442147296,0.716364576829,60.0000111177,59.9999868862
0.812379476253,0.409636194091,0.789949393783,0.402525960567,0.774442147296,0.716364576829,60.0000111177,59.9999868862
0.812463658002,0.409897678756,0.790083686342,0.402796700907,0.774442147296,0.716364576829,60.0000111177,59.9999868862
0.812547913393,0.410158770092,0.790218029563,0.403067069028,0.774442147296,0.716364576829,60.0000111177,59.9999868862
0.812632242139,0.410419467964,0.790352422984,0.403337064742,0.774442147296,0.716364576829,60.0000111177,59.9999868862
0.812716643954,0.410679772241,0.790486866144,0.403606687867,0.774442147296,0.716364576829,60.0000111177,59.9999868862
0.812801118553,0.410939682791,0.790621358681,0.403875938027,0.774442147296,0.716364576829,60.0000111177,59.9999868862
0.812885665683,0.411199199414,0.79075590023,0.404144814843,0.774442147296,0.716364576829,60.0000111177,59.9999868862
0.812970285128,0.411458321833,0.790890490331,0.404413318129,0.774442147296,0.716364576829,60.0000111177,59.9999868862
0.813054976639,0.411717049841,0.791025128519,0.404681447705,0.774442147296,0.716364576829,60.0000111177,59.9999868862
0.813139739924,0.411975383311,0.791159814328,0.404949203389,0.774442147296,0.716364576829,60.0000111177,59.9999868862
0.81322457469,0.412233322119,0.791294547292,0.405216585004,0.774442147296,0.716364576829,60.0000111177,59.9999868862
0.813309480644,0.412490866139,0.791429326943,0.405483592371,0.774442147296,0.716364576829,60.0000111177,59.9999868862
0.813394457491,0.412748015246,0.791564152869,0.405750225204,0.774442147296,0.716364576829,60.0000111177,59.9999868862
0.813479504936,0.413004769318,0.791699024697,0.406016483135,0.774442147296,0.716364576829,60.0000111177,59.9999868862
0.813564622682,0.413261128232,0.791833942,0.406282365905,0.774442147296,0.716364576829,60.0000111177,59.9999868862
0.813649810442,0.413517091845,0.791968904308,0.406547873339,0.774442147296,0.716364576829,60.0000111177,59.9999868862
0.813735067992,0.413772659891,0.792103911148,0.406813005264,0.774442147296,0.716364576829,60.0000111177,59.9999868862
0.813820395094,0.414027832129,0.792238962048,0.407077761505,0.774442147296,0.716364576829,60.0000111177,59.9999868862
0.813905791447,0.41428260844,0.792374056533,0.407342141891,0.774442147296,0.716364576829,60.0000111177,59.9999868862
0.813991256749,0.414536988707,0.792509194141,0.407606146226,0.774442147296,0.716364576829,60.0000111177,59.9999868862
0.814076790697,0.414790972814,0.792644374492,0.407869774152,0.774442147296,0.716364576829,60.0000111177,59.9999868862
0.814162392987,0.415044560645,0.792779597193,0.408133025337,0.774442147296,0.716364576829,60.0000111177,59.9999868862
0.814248063315,0.415297752087,0.792914861767,0.408395899614,0.774442147296,0.716364576829,60.0000111177,59.9999868862
0.814333801373,0.415550547025,0.793050167735,0.408658396813,0.774442147296,0.716364576829,60.0000111177,59.9999868862
0.814419606855,0.415802945347,0.793185514617,0.408920516768,0.774442147296,0.716364576829,60.0000111177,59.9999868862
0.814505479508,0.416054946832,0.793320901934,0.409182259312,0.774442147296,0.716364576829,60.0000111177,59.9999868862
0.814591419095,0.416306551231,0.793456329205,0.409443624279,0.774442147296,0.716364576829,60.0000111177,59.9999868862
0.814677425319,0.416557758405,0.793591796011,0.409704611384,0.774442147296,0.716364576829,60.0000111177,59.9999868862
0.814763497869,0.416808568245,0.793727301961,0.40996522028,0.774442147296,0.716364576829,60.0000111177,59.9999868862
0.814849636433,0.417058980645,0.793862846603,0.410225450746,0.774442147296,0.716364576829,60.0000111177,59.9999868862
0.814935840698,0.417308995498,0.793998429452,0.41048530262,0.774442147296,0.716364576829,60.0000111177,59.9999868862
0.815022110348,0.417558612698,0.794134050023,0.410744775742,0.774442147296,0.716364576829,60.0000111177,59.9999868862
0.815108445068,0.417807832142,0.794269707828,0.41100386995,0.774442147296,0.716364576829,60.0000111177,59.9999868862
0.815194844542,0.418056653725,0.794405402382,0.411262585085,0.774442147296,0.716364576829,60.0000111177,59.9999868862
0.815281308478,0.418305077294,0.794541133213,0.411520920955,0.774442147296,0.716364576829,60.0000111177,59.9999868862
0.815367836624,0.418553102616,0.794676899922,0.411778877226,0.774442147296,0.716364576829,60.0000111177,59.9999868862
0.815454428703,0.418800729509,0.794812702095,0.412036453599,0.774442147296,0.716364576829,60.0000111177,59.9999868862
0.815541084394,0.419047957874,0.794948539239,0.412293649919,0.774442147296,0.716364576829,60.0000111177,59.9999868862
0.815627803375,0.419294787614,0.795084410862,0.412550466032,0.774442147296,0.716364576829,60.0000111177,59.9999868862
0.815714585323,0.419541218631,0.795220316473,0.412806901782,0.774442147296,0.716364576829,60.0000111177,59.9999868862
0.815801429913,0.419787250828,0.795356255578,0.413062957017,0.774442147296,0.716364576829,60.0000111177,59.9999868862
0.815888336821,0.420032884111,0.795492227682,0.413318631583,0.774442147296,0.716364576829,60.0000111177,59.9999868862
0.815975305721,0.420278118385,0.795628232351,0.413573925213,0.774442147296,0.716364576829,60.0000111177,59.9999868862
0.816062336286,0.420522953555,0.795764269178,0.413828837586,0.774442147296,0.716364576829,60.0000111177,59.9999868862
0.816149428248,0.420767389413,0.795900337692,0.414083368498,0.774442147296,0.716364576829,60.0000111177,59.9999868862
0.816236581343,0.421011425743,0.796036437397,0.414337517802,0.774442147296,0.716364576829,60.0000111177,59.9999868862
0.816323795243,0.421255062448,0.796172567793,0.414591285349,0.774442147296,0.716364576829,60.0000111177,59.9999868862
0.816411069618,0.421498299438,0.796308728381,0.414844670993,0.774442147296,0.716364576829,60.0000111177,59.9999868862
0.816498404134,0.421741136625,0.796444918661,0.415097674587,0.774442147296,0.716364576829,60.0000111177,59.9999868862
0.816585798459,0.421983573924,0.796581138144,0.415350295961,0.774442147296,0.716364576829,60.0000111177,59.9999868862
0.816673252259,0.422225611247,0.796717386414,0.415602534805,0.774442147296,0.716364576829,60.0000111177,59.9999868862
0.816760765197,0.422467248509,0.796853663041,0.415854390837,0.774442147296,0.716364576829,60.0000111177,59.9999868862
0.816848336938,0.422708485626,0.79698996752,0.416105863915,0.774442147296,0.716364576829,60.0000111177,59.9999868862
0.816935967173,0.422949322461,0.797126299348,0.416356953896,0.774442147296,0.716364576829,60.0000111177,59.9999868862
0.817023655624,0.423189758812,0.797262658019,0.416607660642,0.774442147296,0.716364576829,60.0000111177,59.9999868862
0.817111401986,0.423429794533,0.797399043026,0.416857984011,0.774442147296,0.716364576829,60.0000111177,59.9999868862
0.817199205918,0.423669429545,0.797535453862,0.417107923864,0.774442147296,0.716364576829,60.0000111177,59.9999868862
0.817287067079,0.423908663769,0.797671890067,0.417357479971,0.774442147296,0.716364576829,60.0000111177,59.9999868862
0.817374985126,0.424147497127,0.797808351217,0.417606652035,0.774442147296,0.716364576829,60.0000111177,59.9999868862
0.817462959714,0.424385929543,0.797944836836,0.417855439854,0.774442147296,0.716364576829,60.0000111177,59.9999868862
0.8175509905,0.424623960942,0.798081346412,0.418103843294,0.774442147296,0.716364576829,60.0000111177,59.9999868862
0.817639077138,0.424861591248,0.798217879435,0.41835186222,0.774442147296,0.716364576829,60.0000111177,59.9999868862
0.817727219282,0.425098820387,0.798354435392,0.4185994965,0.774442147296,0.716364576829,60.0000111177,59.9999868862
0.817815416643,0.42533564817,0.79849101377,0.418846746001,0.774442147296,0.716364576829,60.0000111177,59.9999868862
0.817903668941,0.425572074397,0.798627614055,0.41909361059,0.774442147296,0.716364576829,60.0000111177,59.9999868862
0.817991975831,0.425808098988,0.798764235812,0.419340089985,0.774442147296,0.716364576829,60.0000111177,59.9999868862
0.818080336961,0.426043721874,0.798900878608,0.4195861839,0.774442147296,0.716364576829,60.0000111177,59.9999868862
0.81816875198,0.426278942987,0.799037541927,0.419831892207,0.774442147296,0.716364576829,60.0000111177,59.9999868862
0.818257220535,0.42651376226,0.79917422525,0.420077214778,0.774442147296,0.716364576829,60.0000111177,59.9999868862
0.81834574227,0.426748179629,0.79931092806,0.420322151486,0.774442147296,0.716364576829,60.0000111177,59.9999868862
0.818434316833,0.426982195026,0.799447649838,0.420566702205,0.774442147296,0.716364576829,60.0000111177,59.9999868862
0.818522943866,0.427215808389,0.799584390064,0.420810866812,0.774442147296,0.716364576829,60.0000111177,59.9999868862
0.818611623034,0.427449019614,0.799721148246,0.421054645126,0.774442147296,0.716364576829,60.0000111177,59.9999868862
0.818700354042,0.42768182852,0.799857923942,0.421298036875,0.774442147296,0.716364576829,60.0000111177,59.9999868862
0.818789136571,0.427914234965,0.799994716679,0.421541041843,0.774442147296,0.716364576829,60.0000111177,59.9999868862
0.818877970263,0.42814623889,0.800131525934,0.421783659907,0.774442147296,0.716364576829,60.0000111177,59.9999868862
0.818966854755,0.428377840239,0.800268351184,0.42202589095,0.774442147296,0.716364576829,60.0000111177,59.9999868862
0.819055789686,0.428609038953,0.800405191903,0.422267734851,0.774442147296,0.716364576829,60.0000111177,59.9999868862
0.819144774692,0.428839834977,0.800542047565,0.422509191493,0.774442147296,0.716364576829,60.0000111177,59.9999868862
0.819233809408,0.429070228256,0.800678917646,0.422750260758,0.774442147296,0.716364576829,60.0000111177,59.9999868862
0.819322893471,0.429300218735,0.80081580167,0.422990942429,0.774442147296,0.716364576829,60.0000111177,59.9999868862
0.819412026513,0.429529806362,0.800952699187,0.423231236246,0.774442147296,0.716364576829,60.0000111177,59.9999868862
0.819501208208,0.429758991007,0.801089609689,0.423471142052,0.774442147296,0.716364576829,60.0000111177,59.9999868862
0.819590438246,0.429987772509,0.801226532648,0.423710659735,0.774442147296,0.716364576829,60.0000111177,59.9999868862
0.819679716275,0.430216150784,0.801363467532,0.423949789183,0.774442147296,0.716364576829,60.0000111177,59.9999868862
0.819769041925,0.430444125784,0.801500413811,0.424188530284,0.774442147296,0.716364576829,60.0000111177,59.9999868862
0.819858414825,0.430671697463,0.801637370952,0.424426882928,0.774442147296,0.716364576829,60.0000111177,59.9999868862
0.819947834602,0.430898865774,0.801774338424,0.424664847005,0.774442147296,0.716364576829,60.0000111177,59.9999868862
0.820037300882,0.431125630672,0.801911315765,0.424902422268,0.774442147296,0.716364576829,60.0000111177,59.9999868862
0.820126813293,0.431351992114,0.802048302514,0.425139608471,0.774442147296,0.716364576829,60.0000111177,59.9999868862
0.820216371457,0.431577950055,0.802185298138,0.425376405509,0.774442147296,0.716364576829,60.0000111177,59.9999868862
0.820305974999,0.431803504455,0.802322302098,0.425612813276,0.774442147296,0.716364576829,60.0000111177,59.9999868862
0.820395623596,0.43202865517,0.802459313858,0.425848831669,0.774442147296,0.716364576829,60.0000111177,59.9999868862
0.820485316921,0.432253402062,0.802596332882,0.426084460584,0.774442147296,0.716364576829,60.0000111177,59.9999868862
0.820575054596,0.43247774509,0.80273335863,0.426319699918,0.774442147296,0.716364576829,60.0000111177,59.9999868862
0.820664836241,0.432701684217,0.802870390582,0.426554549535,0.774442147296,0.716364576829,60.0000111177,59.9999868862
0.820754661473,0.432925219409,0.803007428269,0.4267890092,0.774442147296,0.716364576829,60.0000111177,59.9999868862
0.820844529911,0.433148350629,0.803144471202,0.427023078718,0.774442147296,0.716364576829,60.0000111177,59.9999868862
0.820934441171,0.433371077845,0.80328151884,0.427256757991,0.774442147296,0.716364576829,60.0000111177,59.9999868862
0.82102439487,0.433593401022,0.80341857064,0.427490046921,0.774442147296,0.716364576829,60.0000111177,59.9999868862
0.821114390621,0.43381532013,0.803555626059,0.427722945411,0.774442147296,0.716364576829,60.0000111177,59.9999868862
0.821204428049,0.434036835116,0.803692684554,0.427955453368,0.774442147296,0.716364576829,60.0000111177,59.9999868862
0.821294506817,0.434257945859,0.803829745579,0.428187570696,0.774442147296,0.716364576829,60.0000111177,59.9999868862
0.821384626573,0.434478652259,0.803966808624,0.428419297238,0.774442147296,0.716364576829,60.0000111177,59.9999868862
0.821474786928,0.434698954289,0.804103873209,0.428650632777,0.774442147296,0.716364576829,60.0000111177,59.9999868862
0.821564987492,0.434918851926,0.804240938822,0.428881577154,0.774442147296,0.716364576829,60.0000111177,59.9999868862
0.821655227872,0.435138345143,0.804378004917,0.429112130281,0.774442147296,0.716364576829,60.0000111177,59.9999868862
0.821745507678,0.435357433917,0.804515070943,0.429342292069,0.774442147296,0.716364576829,60.0000111177,59.9999868862
0.821835826515,0.435576118225,0.804652136353,0.429572062428,0.774442147296,0.716364576829,60.0000111177,59.9999868862
0.821926183989,0.435794398046,0.804789200596,0.429801441273,0.774442147296,0.716364576829,60.0000111177,59.9999868862
0.822016579707,0.436012273358,0.804926263122,0.430030428516,0.774442147296,0.716364576829,60.0000111177,59.9999868862
0.822107013288,0.43622974411,0.805063323425,0.430259023988,0.774442147296,0.716364576829,60.0000111177,59.9999868862
0.822197484381,0.436446810199,0.805200381017,0.430487227482,0.774442147296,0.716364576829,60.0000111177,59.9999868862
0.822287992614,0.43666347156,0.805337435369,0.430715038874,0.774442147296,0.716364576829,60.0000111177,59.9999868862
0.822378537587,0.436879728176,0.805474485927,0.430942458081,0.774442147296,0.716364576829,60.0000111177,59.9999868862
0.8224691189,0.437095580034,0.805611532136,0.431169485024,0.774442147296,0.716364576829,60.0000111177,59.9999868862
0.822559736152,0.437311027121,0.805748573441,0.431396119621,0.774442147296,0.716364576829,60.0000111177,59.9999868862
0.822650388942,0.437526069424,0.805885609286,0.431622361795,0.774442147296,0.716364576829,60.0000111177,59.9999868862
0.822741076866,0.437740706931,0.806022639115,0.431848211465,0.774442147296,0.716364576829,60.0000111177,59.9999868862
0.82283179952,0.437954939633,0.806159662423,0.43207366846,0.774442147296,0.716364576829,60.0000111177,59.9999868862
0.8229225565,0.438168767519,0.806296678715,0.432298732585,0.774442147296,0.716364576829,60.0000111177,59.9999868862
0.823013347422,0.438382190544,0.806433687444,0.432523403741,0.774442147296,0.716364576829,60.0000111177,59.9999868862
0.823104171919,0.438595208622,0.806570688052,0.432747681856,0.774442147296,0.716364576829,60.0000111177,59.9999868862
0.823195029605,0.43880782171,0.806707679977,0.432971566856,0.774442147296,0.716364576829,60.0000111177,59.9999868862
0.82328592007,0.439020029804,0.80684466266,0.43319505867,0.774442147296,0.716364576829,60.0000111177,59.9999868862
0.823376842905,0.439231832902,0.806981635538,0.433418157228,0.774442147296,0.716364576829,60.0000111177,59.9999868862
0.823467797699,0.439443231001,0.807118598049,0.433640862458,0.774442147296,0.716364576829,60.0000111177,59.9999868862
0.823558784041,0.4396542241,0.807255549685,0.433863174192,0.774442147296,0.716364576829,60.0000111177,59.9999868862
0.823649801518,0.4398648122,0.807392489943,0.434085092248,0.774442147296,0.716364576829,60.0000111177,59.9999868862
0.823740849717,0.440074995302,0.807529418264,0.43430661655,0.774442147296,0.716364576829,60.0000111177,59.9999868862
0.823831928224,0.440284773408,0.807666334084,0.434527747031,0.774442147296,0.716364576829,60.0000111177,59.9999868862
0.823923036645,0.440494146482,0.807803236836,0.434748483628,0.774442147296,0.716364576829,60.0000111177,59.9999868862
0.824014174603,0.440703114455,0.807940125953,0.434968826277,0.774442147296,0.716364576829,60.0000111177,59.9999868862
0.824105341701,0.440911677297,0.80807700087,0.435188774915,0.774442147296,0.716364576829,60.0000111177,59.9999868862
0.824196537518,0.441119835018,0.808213861018,0.435408329481,0.774442147296,0.716364576829,60.0000111177,59.9999868862
0.824287761637,0.441327587625,0.808350705881,0.435627489815,0.774442147296,0.716364576829,60.0000111177,59.9999868862
0.824379013638,0.441534935128,0.808487534949,0.435846255751,0.774442147296,0.716364576829,60.0000111177,59.9999868862
0.824470293098,0.441741877539,0.808624347655,0.436064627225,0.774442147296,0.716364576829,60.0000111177,59.9999868862
0.824561599597,0.441948414868,0.808761143429,0.436282604179,0.774442147296,0.716364576829,60.0000111177,59.9999868862
0.824652932712,0.44215454713,0.808897921698,0.436500186558,0.774442147296,0.716364576829,60.0000111177,59.9999868862
0.82474429202,0.442360274337,0.809034681891,0.436717374308,0.774442147296,0.716364576829,60.0000111177,59.9999868862
0.824835677113,0.442565596474,0.809171423436,0.436934167373,0.774442147296,0.716364576829,60.0000111177,59.9999868862
0.824927087599,0.442770513492,0.809308145758,0.437150565701,0.774442147296,0.716364576829,60.0000111177,59.9999868862
0.825018523071,0.442975025376,0.809444848336,0.437366569145,0.774442147296,0.716364576829,60.0000111177,59.9999868862
0.825109983101,0.443179132145,0.809581530649,0.437582177554,0.774442147296,0.716364576829,60.0000111177,59.9999868862
0.825201467262,0.443382833819,0.809718192127,0.437797390869,0.774442147296,0.716364576829,60.0000111177,59.9999868862
0.825292975122,0.443586130421,0.809854832193,0.438012209043,0.774442147296,0.716364576829,60.0000111177,59.9999868862
0.825384506253,0.443789021971,0.80999145027,0.438226632028,0.774442147296,0.716364576829,60.0000111177,59.9999868862
0.825476060223,0.443991508496,0.810128045782,0.438440659777,0.774442147296,0.716364576829,60.0000111177,59.9999868862
0.8255676366,0.444193590017,0.81026461815,0.438654292247,0.774442147296,0.716364576829,60.0000111177,59.9999868862
0.825659234953,0.444395266562,0.810401166795,0.438867529391,0.774442147296,0.716364576829,60.0000111177,59.9999868862
0.825750854858,0.444596538137,0.81053769119,0.439080371073,0.774442147296,0.716364576829,60.0000111177,59.9999868862
0.825842495914,0.444797404708,0.810674190813,0.439292817143,0.774442147296,0.716364576829,60.0000111177,59.9999868862
0.825934157709,0.444997866263,0.810810665092,0.439504867543,0.774442147296,0.716364576829,60.0000111177,59.9999868862
0.826025839804,0.445197922835,0.810947113446,0.439716522235,0.774442147296,0.716364576829,60.0000111177,59.9999868862
0.826117541762,0.445397574455,0.811083535293,0.43992778118,0.774442147296,0.716364576829,60.0000111177,59.9999868862
0.826209263145,0.445596821158,0.811219930049,0.44013864434,0.774442147296,0.716364576829,60.0000111177,59.9999868862
0.826301003514,0.445795662977,0.811356297133,0.440349111679,0.774442147296,0.716364576829,60.0000111177,59.9999868862
0.826392762429,0.445994099948,0.81149263596,0.440559183161,0.774442147296,0.716364576829,60.0000111177,59.9999868862
0.82648453945,0.446192132108,0.811628945986,0.440768858677,0.774442147296,0.716364576829,60.0000111177,59.9999868862
0.826576334133,0.446389759494,0.811765226682,0.440978138091,0.774442147296,0.716364576829,60.0000111177,59.9999868862
0.82666814604,0.44658698214,0.811901477478,0.441187021343,0.774442147296,0.716364576829,60.0000111177,59.9999868862
0.826759974757,0.446783800032,0.812037697786,0.441395508403,0.774442147296,0.716364576829,60.0000111177,59.9999868862
0.826851819865,0.446980213163,0.81217388702,0.441603599242,0.774442147296,0.716364576829,60.0000111177,59.9999868862
0.826943680918,0.447176221577,0.812310044592,0.441811293831,0.774442147296,0.716364576829,60.0000111177,59.9999868862
0.827035557471,0.447371825318,0.812446169913,0.442018592142,0.774442147296,0.716364576829,60.0000111177,59.9999868862
0.827127449074,0.447567024432,0.812582262396,0.442225494149,0.774442147296,0.716364576829,60.0000111177,59.9999868862
0.827219355281,0.447761818966,0.812718321478,0.442431999773,0.774442147296,0.716364576829,60.0000111177,59.9999868862
0.827311275643,0.447956208966,0.812854346621,0.442638108898,0.774442147296,0.716364576829,60.0000111177,59.9999868862
0.82740320971,0.448150194482,0.812990337258,0.442843821454,0.774442147296,0.716364576829,60.0000111177,59.9999868862
0.827495157031,0.448343775564,0.813126292798,0.443049137423,0.774442147296,0.716364576829,60.0000111177,59.9999868862
0.827587117157,0.44853695226,0.813262212647,0.443254056782,0.774442147296,0.716364576829,60.0000111177,59.9999868862
0.827679089654,0.448729724588,0.813398096215,0.443458579513,0.774442147296,0.716364576829,60.0000111177,59.9999868862
0.827771074095,0.448922092551,0.813533942907,0.443662705596,0.774442147296,0.716364576829,60.0000111177,59.9999868862
0.827863070032,0.449114056196,0.81366975213,0.443866435015,0.774442147296,0.716364576829,60.0000111177,59.9999868862
0.827955077011,0.449305615577,0.813805523303,0.444069767726,0.774442147296,0.716364576829,60.0000111177,59.9999868862
0.828047094574,0.449496770753,0.81394125588,0.444272703628,0.774442147296,0.716364576829,60.0000111177,59.9999868862
0.828139122266,0.449687521783,0.814076949298,0.444475242645,0.774442147296,0.716364576829,60.0000111177,59.9999868862
0.828231159628,0.449877868726,0.814212602961,0.444677384765,0.774442147296,0.716364576829,60.0000111177,59.9999868862
0.828323206203,0.450067811643,0.814348216271,0.444879129976,0.774442147296,0.716364576829,60.0000111177,59.9999868862
0.828415261532,0.450257350596,0.814483788632,0.445080478268,0.774442147296,0.716364576829,60.0000111177,59.9999868862
0.828507325155,0.450446485647,0.814619319445,0.445281429632,0.774442147296,0.716364576829,60.0000111177,59.9999868862
0.828599396618,0.450635216848,0.814754808113,0.445481984058,0.774442147296,0.716364576829,60.0000111177,59.9999868862
0.828691475482,0.450823544224,0.814890254036,0.445682141538,0.774442147296,0.716364576829,60.0000111177,59.9999868862
0.828783561298,0.451011467816,0.815025656658,0.445881901991,0.774442147296,0.716364576829,60.0000111177,59.9999868862
0.828875653602,0.451198987694,0.81516101542,0.44608126533,0.774442147296,0.716364576829,60.0000111177,59.9999868862
0.828967751931,0.451386103927,0.815296329724,0.446280231553,0.774442147296,0.716364576829,60.0000111177,59.9999868862
0.829059855818,0.451572816586,0.815431598968,0.446478800655,0.774442147296,0.716364576829,60.0000111177,59.9999868862
0.829151964798,0.451759125744,0.815566822549,0.446676972637,0.774442147296,0.716364576829,60.0000111177,59.9999868862
0.829244078404,0.451945031474,0.815701999866,0.446874747496,0.774442147296,0.716364576829,60.0000111177,59.9999868862
0.829336196169,0.452130533849,0.815837130315,0.447072125234,0.774442147296,0.716364576829,60.0000111177,59.9999868862
0.829428317625,0.452315632944,0.815972213294,0.447269105852,0.774442147296,0.716364576829,60.0000111177,59.9999868862
0.829520442303,0.452500328836,0.816107248222,0.44746568931,0.774442147296,0.716364576829,60.0000111177,59.9999868862
0.829612569748,0.452684621575,0.816242234533,0.447661875541,0.774442147296,0.716364576829,60.0000111177,59.9999868862
0.829704699507,0.452868511209,0.816377171638,0.447857664521,0.774442147296,0.716364576829,60.0000111177,59.9999868862
0.829796831112,0.453051997812,0.816512058931,0.448053056258,0.774442147296,0.716364576829,60.0000111177,59.9999868862
0.829888964089,0.453235081466,0.816646895806,0.448248050758,0.774442147296,0.716364576829,60.0000111177,59.9999868862
0.829981097966,0.453417762255,0.816781681657,0.448442648031,0.774442147296,0.716364576829,60.0000111177,59.9999868862
0.830073232268,0.453600040263,0.816916415875,0.448636848086,0.774442147296,0.716364576829,60.0000111177,59.9999868862
0.830165366521,0.453781915575,0.817051097854,0.448830650934,0.774442147296,0.716364576829,60.0000111177,59.9999868862
0.830257500249,0.453963388277,0.817185726991,0.449024056577,0.774442147296,0.716364576829,60.0000111177,59.9999868862
0.830349632976,0.454144458458,0.817320302714,0.44921706496,0.774442147296,0.716364576829,60.0000111177,59.9999868862
0.830441764226,0.454325126205,0.817454824444,0.449409676043,0.774442147296,0.716364576829,60.0000111177,59.9999868862
0.830533893521,0.454505391605,0.817589291572,0.449601889839,0.774442147296,0.716364576829,60.0000111177,59.9999868862
0.830626020397,0.454685254727,0.817723703488,0.449793706367,0.774442147296,0.716364576829,60.0000111177,59.9999868862
0.830718144384,0.454864715645,0.81785805958,0.449985125644,0.774442147296,0.716364576829,60.0000111177,59.9999868862
0.830810265,0.455043774453,0.817992359238,0.450176147688,0.774442147296,0.716364576829,60.0000111177,59.9999868862
0.830902381766,0.455222431247,0.81812660185,0.45036677252,0.774442147296,0.716364576829,60.0000111177,59.9999868862
0.830994494198,0.455400686124,0.818260786804,0.45055700016,0.774442147296,0.716364576829,60.0000111177,59.9999868862
0.831086601815,0.455578539182,0.818394913508,0.450746830591,0.774442147296,0.716364576829,60.0000111177,59.9999868862
0.831178704132,0.455755990519,0.818528981385,0.450936263773,0.774442147296,0.716364576829,60.0000111177,59.9999868862
0.831270800666,0.455933040236,0.818662989834,0.451125299707,0.774442147296,0.716364576829,60.0000111177,59.9999868862
0.831362890932,0.456109688433,0.818796938241,0.451313938417,0.774442147296,0.716364576829,60.0000111177,59.9999868862
0.831454974445,0.456285935212,0.818930825992,0.451502179931,0.774442147296,0.716364576829,60.0000111177,59.9999868862
0.831547050721,0.456461780672,0.819064652472,0.451690024277,0.774442147296,0.716364576829,60.0000111177,59.9999868862
0.831639119279,0.456637224907,0.819198417064,0.451877471484,0.774442147296,0.716364576829,60.0000111177,59.9999868862
0.831731179635,0.456812268017,0.819332119153,0.452064521582,0.774442147296,0.716364576829,60.0000111177,59.9999868862
0.831823231299,0.456986910109,0.819465758123,0.452251174602,0.774442147296,0.716364576829,60.0000111177,59.9999868862
0.831915273782,0.457161151294,0.819599333387,0.452437430522,0.774442147296,0.716364576829,60.0000111177,59.9999868862
0.832007306593,0.457334991681,0.819732844358,0.452623289318,0.774442147296,0.716364576829,60.0000111177,59.9999868862
0.832099329242,0.457508431382,0.81986629042,0.452808751027,0.774442147296,0.716364576829,60.0000111177,59.9999868862
0.832191341238,0.457681470508,0.819999670953,0.452993815684,0.774442147296,0.716364576829,60.0000111177,59.9999868862
0.832283342087,0.457854109174,0.820132985339,0.453178483327,0.774442147296,0.716364576829,60.0000111177,59.9999868862
0.832375331296,0.458026347493,0.820266232958,0.453362753994,0.774442147296,0.716364576829,60.0000111177,59.9999868862
0.832467308374,0.458198185581,0.820399413191,0.453546627724,0.774442147296,0.716364576829,60.0000111177,59.9999868862
0.832559272824,0.458369623556,0.820532525418,0.453730104559,0.774442147296,0.716364576829,60.0000111177,59.9999868862
0.832651224151,0.458540661538,0.820665569026,0.453913184523,0.774442147296,0.716364576829,60.0000111177,59.9999868862
0.832743161857,0.458711299649,0.820798543426,0.454095867607,0.774442147296,0.716364576829,60.0000111177,59.9999868862
0.832835085445,0.45888153801,0.820931448015,0.454278153817,0.774442147296,0.716364576829,60.0000111177,59.9999868862
0.832926994418,0.459051376744,0.821064282172,0.4544600432,0.774442147296,0.716364576829,60.0000111177,59.9999868862
0.833018888278,0.459220815974,0.821197045275,0.454641535801,0.774442147296,0.716364576829,60.0000111177,59.9999868862
0.833110766525,0.459389855827,0.821329736701,0.454822631669,0.774442147296,0.716364576829,60.0000111177,59.9999868862
0.83320262866,0.459558496426,0.821462355826,0.455003330852,0.774442147296,0.716364576829,60.0000111177,59.9999868862
0.833294474183,0.4597267379,0.821594902028,0.455183633401,0.774442147296,0.716364576829,60.0000111177,59.9999868862
0.833386302593,0.459894580376,0.821727374683,0.455363539366,0.774442147296,0.716364576829,60.0000111177,59.9999868862
0.83347811339,0.460062023982,0.821859773178,0.455543048777,0.774442147296,0.716364576829,60.0000111177,59.9999868862
0.833569906067,0.460229068856,0.821992096916,0.455722161639,0.774442147296,0.716364576829,60.0000111177,59.9999868862
0.833661680112,0.460395715147,0.822124345284,0.455900877985,0.774442147296,0.716364576829,60.0000111177,59.9999868862
0.833753435015,0.460561963,0.822256517657,0.456079197872,0.774442147296,0.716364576829,60.0000111177,59.9999868862
0.833845170271,0.46072781255,0.822388613407,0.456257121356,0.774442147296,0.716364576829,60.0000111177,59.9999868862
0.833936885375,0.460893263932,0.822520631909,0.456434648495,0.774442147296,0.716364576829,60.0000111177,59.9999868862
0.834028579821,0.461058317285,0.822652572537,0.45661177935,0.774442147296,0.716364576829,60.0000111177,59.9999868862
0.834120253102,0.461222972746,0.822784434662,0.45678851398,0.774442147296,0.716364576829,60.0000111177,59.9999868862
0.834211904713,0.461387230455,0.822916217659,0.456964852446,0.774442147296,0.716364576829,60.0000111177,59.9999868862
0.834303534145,0.461551090551,0.823047920914,0.457140794786,0.774442147296,0.716364576829,60.0000111177,59.9999868862
0.83439514089,0.461714553176,0.82317954382,0.457316341023,0.774442147296,0.716364576829,60.0000111177,59.9999868862
0.83448672444,0.461877618471,0.82331108576,0.457491491204,0.774442147296,0.716364576829,60.0000111177,59.9999868862
0.834578284282,0.462040286588,0.823442546103,0.457666245397,0.774442147296,0.716364576829,60.0000111177,59.9999868862
0.834669819886,0.462202557705,0.823573924221,0.45784060367,0.774442147296,0.716364576829,60.0000111177,59.9999868862
0.834761330725,0.462364432,0.823705219483,0.458014566092,0.774442147296,0.716364576829,60.0000111177,59.9999868862
0.834852816288,0.462525909621,0.82383643126,0.458188132733,0.774442147296,0.716364576829,60.0000111177,59.9999868862
0.834944276061,0.462686990717,0.823967558921,0.458361303662,0.774442147296,0.716364576829,60.0000111177,59.9999868862
0.835035709531,0.462847675439,0.824098601835,0.458534078953,0.774442147296,0.716364576829,60.0000111177,59.9999868862
0.835127116186,0.463007963938,0.824229559385,0.458706458657,0.774442147296,0.716364576829,60.0000111177,59.9999868862
0.835218495512,0.463167856367,0.824360430958,0.458878442814,0.774442147296,0.716364576829,60.0000111177,59.9999868862
0.835309846993,0.463327352878,0.824491215928,0.459050031486,0.774442147296,0.716364576829,60.0000111177,59.9999868862
0.835401170115,0.463486453626,0.824621913664,0.459221224752,0.774442147296,0.716364576829,60.0000111177,59.9999868862
0.835492464362,0.463645158768,0.824752523534,0.45939202269,0.774442147296,0.716364576829,60.0000111177,59.9999868862
0.835583729219,0.463803468459,0.824883044904,0.459562425378,0.774442147296,0.716364576829,60.0000111177,59.9999868862
0.835674964144,0.463961382901,0.825013477141,0.459732432899,0.774442147296,0.716364576829,60.0000111177,59.9999868862
0.835766168591,0.464118902307,0.825143819612,0.459902045332,0.774442147296,0.716364576829,60.0000111177,59.9999868862
0.835857342033,0.464276026851,0.825274071684,0.460071262761,0.774442147296,0.716364576829,60.0000111177,59.9999868862
0.835948483952,0.464432756694,0.825404232731,0.460240085253,0.774442147296,0.716364576829,60.0000111177,59.9999868862
0.836039593829,0.464589092,0.825534302135,0.460408512866,0.774442147296,0.716364576829,60.0000111177,59.9999868862
0.836130671144,0.464745032934,0.82566427927,0.460576545671,0.774442147296,0.716364576829,60.0000111177,59.9999868862
0.836221715375,0.46490057966,0.825794163499,0.460744183757,0.774442147296,0.716364576829,60.0000111177,59.9999868862
0.836312726002,0.465055732347,0.825923954187,0.460911427213,0.774442147296,0.716364576829,60.0000111177,59.9999868862
0.836403702504,0.46521049116,0.8260536507,0.461078276129,0.774442147296,0.716364576829,60.0000111177,59.9999868862
0.836494644359,0.465364856269,0.8261832524,0.461244730597,0.774442147296,0.716364576829,60.0000111177,59.9999868862
0.836585551043,0.465518827844,0.826312758652,0.461410790707,0.774442147296,0.716364576829,60.0000111177,59.9999868862
0.836676422029,0.465672406066,0.82644216882,0.461576456553,0.774442147296,0.716364576829,60.0000111177,59.9999868862
0.836767256766,0.465825591153,0.826571482271,0.461741728224,0.774442147296,0.716364576829,60.0000111177,59.9999868862
0.836858054713,0.465978383313,0.826700698379,0.461906605793,0.774442147296,0.716364576829,60.0000111177,59.9999868862
0.836948815342,0.466130782722,0.826829816515,0.462071089344,0.774442147296,0.716364576829,60.0000111177,59.9999868862
0.837039538128,0.466282789557,0.826958836042,0.462235178976,0.774442147296,0.716364576829,60.0000111177,59.9999868862
0.837130222545,0.466434403995,0.82708775632,0.462398874789,0.774442147296,0.716364576829,60.0000111177,59.9999868862
0.837220868066,0.466585626216,0.827216576712,0.462562176884,0.774442147296,0.716364576829,60.0000111177,59.9999868862
0.837311474163,0.466736456399,0.827345296579,0.462725085362,0.774442147296,0.716364576829,60.0000111177,59.9999868862
0.83740204031,0.466886894726,0.827473915284,0.462887600325,0.774442147296,0.716364576829,60.0000111177,59.9999868862
0.837492565976,0.467036941379,0.827602432187,0.463049721877,0.774442147296,0.716364576829,60.0000111177,59.9999868862
0.837583050635,0.46718659654,0.82773084665,0.463211450123,0.774442147296,0.716364576829,60.0000111177,59.9999868862
0.837673493757,0.467335860394,0.827859158039,0.463372785158,0.774442147296,0.716364576829,60.0000111177,59.9999868862
0.837763894872,0.467484733018,0.827987365722,0.463533727078,0.774442147296,0.716364576829,60.0000111177,59.9999868862
0.837854253567,0.467633214391,0.828115469059,0.463694275993,0.774442147296,0.716364576829,60.0000111177,59.9999868862
0.837944569366,0.467781304601,0.828243467408,0.463854432013,0.774442147296,0.716364576829,60.0000111177,59.9999868862
0.838034841734,0.467929003846,0.828371360131,0.464014195249,0.774442147296,0.716364576829,60.0000111177,59.9999868862
0.838125070137,0.468076312321,0.828499146585,0.464173565814,0.774442147296,0.716364576829,60.0000111177,59.9999868862
0.838215254038,0.468223230222,0.828626826131,0.46433254382,0.774442147296,0.716364576829,60.0000111177,59.9999868862
0.838305392902,0.468369757749,0.828754398128,0.464491129382,0.774442147296,0.716364576829,60.0000111177,59.9999868862
0.838395486193,0.468515895101,0.828881861935,0.464649322614,0.774442147296,0.716364576829,60.0000111177,59.9999868862
0.838485533375,0.468661642478,0.829009216912,0.464807123634,0.774442147296,0.716364576829,60.0000111177,59.9999868862
0.83857553391,0.468807000081,0.829136462416,0.464964532558,0.774442147296,0.716364576829,60.0000111177,59.9999868862
0.838665487262,0.468951968112,0.829263597806,0.465121549507,0.774442147296,0.716364576829,60.0000111177,59.9999868862
0.838755392892,0.469096546775,0.829390622441,0.465278174601,0.774442147296,0.716364576829,60.0000111177,59.9999868862
0.838845250224,0.469240736343,0.829517535676,0.465434407962,0.774442147296,0.716364576829,60.0000111177,59.9999868862
0.83893505865,0.469384537144,0.829644336871,0.465590249713,0.774442147296,0.716364576829,60.0000111177,59.9999868862
0.839024817603,0.469527949438,0.829771025382,0.465745699977,0.774442147296,0.716364576829,60.0000111177,59.9999868862
0.839114526542,0.469670973432,0.829897600567,0.46590075888,0.774442147296,0.716364576829,60.0000111177,59.9999868862
0.839204184926,0.469813609337,0.830024061784,0.466055426547,0.774442147296,0.716364576829,60.0000111177,59.9999868862
0.839293792215,0.469955857364,0.830150408391,0.466209703104,0.774442147296,0.716364576829,60.0000111177,59.9999868862
0.839383347868,0.470097717723,0.830276639737,0.466363588691,0.774442147296,0.716364576829,60.0000111177,59.9999868862
0.839472851343,0.470239190628,0.830402755172,0.466517083451,0.774442147296,0.716364576829,60.0000111177,59.9999868862
0.839562302099,0.470380276292,0.830528754053,0.466670187515,0.774442147296,0.716364576829,60.0000111177,59.9999868862
0.839651699592,0.47052097493,0.830654635734,0.466822901015,0.774442147296,0.716364576829,60.0000111177,59.9999868862
0.839741043282,0.470661286758,0.830780399573,0.466975224086,0.774442147296,0.716364576829,60.0000111177,59.9999868862
0.839830332624,0.470801211992,0.830906044925,0.467127156862,0.774442147296,0.716364576829,60.0000111177,59.9999868862
0.839919567028,0.470940750934,0.831031571147,0.467278699476,0.774442147296,0.716364576829,60.0000111177,59.9999868862
0.840008745837,0.471079904008,0.831156977594,0.467429852066,0.774442147296,0.716364576829,60.0000111177,59.9999868862
0.840097868438,0.471218671553,0.831282263622,0.467580614768,0.774442147296,0.716364576829,60.0000111177,59.9999868862
0.840186934287,0.471357053789,0.831407428586,0.467730987726,0.774442147296,0.716364576829,60.0000111177,59.9999868862
0.840275942841,0.47149505094,0.831532471825,0.467880971105,0.774442147296,0.716364576829,60.0000111177,59.9999868862
0.840364893553,0.471632663226,0.831657392682,0.468030565069,0.774442147296,0.716364576829,60.0000111177,59.9999868862
0.840453785878,0.471769890872,0.831782190512,0.468179769762,0.774442147296,0.716364576829,60.0000111177,59.9999868862
0.840542619272,0.471906734102,0.831906864669,0.468328585326,0.774442147296,0.716364576829,60.0000111177,59.9999868862
0.840631393188,0.472043193142,0.83203141451,0.468477011906,0.774442147296,0.716364576829,60.0000111177,59.9999868862
0.84072010708,0.472179268219,0.832155839388,0.468625049647,0.774442147296,0.716364576829,60.0000111177,59.9999868862
0.840808760401,0.472314959559,0.832280138659,0.468772698696,0.774442147296,0.716364576829,60.0000111177,59.9999868862
0.840897352605,0.472450267391,0.832404311679,0.4689199592,0.774442147296,0.716364576829,60.0000111177,59.9999868862
0.840985883144,0.472585191948,0.832528357802,0.469066831306,0.774442147296,0.716364576829,60.0000111177,59.9999868862
0.84107435135,0.472719733672,0.832652276376,0.469213315177,0.774442147296,0.716364576829,60.0000111177,59.9999868862
0.84116275656,0.472853893003,0.832776066732,0.469359411005,0.774442147296,0.716364576829,60.0000111177,59.9999868862
0.841251098224,0.472987670175,0.832899728208,0.469505118973,0.774442147296,0.716364576829,60.0000111177,59.9999868862
0.841339375794,0.473121065419,0.833023260158,0.469650439234,0.774442147296,0.716364576829,60.0000111177,59.9999868862
0.841427588723,0.473254078971,0.833146661937,0.469795371944,0.774442147296,0.716364576829,60.0000111177,59.9999868862
0.841515736461,0.473386711066,0.833269932897,0.469939917257,0.774442147296,0.716364576829,60.0000111177,59.9999868862
0.84160381846,0.473518961939,0.833393072395,0.47008407533,0.774442147296,0.716364576829,60.0000111177,59.9999868862
0.84169183417,0.473650831829,0.833516079784,0.47022784632,0.774442147296,0.716364576829,60.0000111177,59.9999868862
0.841779783041,0.473782320974,0.833638954419,0.470371230385,0.774442147296,0.716364576829,60.0000111177,59.9999868862
0.841867664524,0.473913429612,0.833761695655,0.470514227685,0.774442147296,0.716364576829,60.0000111177,59.9999868862
0.841955478069,0.474044157985,0.833884302842,0.470656838388,0.774442147296,0.716364576829,60.0000111177,59.9999868862
0.842043223126,0.474174506333,0.834006775314,0.47079906269,0.774442147296,0.716364576829,60.0000111177,59.9999868862
0.8421308991,0.474304474976,0.83412911241,0.470940900781,0.774442147296,0.716364576829,60.0000111177,59.9999868862
0.842218505319,0.474434064373,0.834251313484,0.471082352827,0.774442147296,0.716364576829,60.0000111177,59.9999868862
0.842306041153,0.474563274908,0.83437337789,0.471223418993,0.774442147296,0.716364576829,60.0000111177,59.9999868862
0.842393506051,0.474692106826,0.834495304981,0.471364099446,0.774442147296,0.716364576829,60.0000111177,59.9999868862
0.842480899462,0.474820560373,0.834617094113,0.471504394354,0.774442147296,0.716364576829,60.0000111177,59.9999868862
0.842568220834,0.474948635796,0.834738744638,0.471644303884,0.774442147296,0.716364576829,60.0000111177,59.9999868862
0.842655469614,0.475076333343,0.834860255911,0.471783828208,0.774442147296,0.716364576829,60.0000111177,59.9999868862
0.842742645252,0.475203653262,0.834981627287,0.471922967494,0.774442147296,0.716364576829,60.0000111177,59.9999868862
0.842829747194,0.475330595804,0.835102858119,0.472061721915,0.774442147296,0.716364576829,60.0000111177,59.9999868862
0.842916774888,0.475457161219,0.835223947859,0.472200091472,0.774442147296,0.716364576829,60.0000111177,59.9999868862
0.843003727782,0.47558334976,0.835344895957,0.47233807617,0.774442147296,0.716364576829,60.0000111177,59.9999868862
0.843090605321,0.475709161679,0.835465701764,0.472475676189,0.774442147296,0.716364576829,60.0000111177,59.9999868862
0.843177406954,0.47583459723,0.835586364632,0.47261289171,0.774442147296,0.716364576829,60.0000111177,59.9999868862
0.843264132074,0.47595965676,0.835706883912,0.472749722916,0.774442147296,0.716364576829,60.0000111177,59.9999868862
0.843350780006,0.476084340742,0.835827258955,0.47288616999,0.774442147296,0.716364576829,60.0000111177,59.9999868862
0.843437350123,0.476208649562,0.835947489114,0.473022233117,0.774442147296,0.716364576829,60.0000111177,59.9999868862
0.84352384187,0.476332583479,0.83606757374,0.473157912481,0.774442147296,0.716364576829,60.0000111177,59.9999868862
0.843610254694,0.476456142749,0.836187512184,0.47329320827,0.774442147296,0.716364576829,60.0000111177,59.9999868862
0.84369658804,0.476579327633,0.8363073038,0.473428120669,0.774442147296,0.716364576829,60.0000111177,59.9999868862
0.843782841355,0.476702138391,0.836426947908,0.473562649922,0.774442147296,0.716364576829,60.0000111177,59.9999868862
0.843869014083,0.476824575284,0.836546443806,0.473696796316,0.774442147296,0.716364576829,60.0000111177,59.9999868862
0.84395510567,0.476946638575,0.836665790822,0.473830560083,0.774442147296,0.716364576829,60.0000111177,59.9999868862
0.844041115561,0.477068328527,0.836784988307,0.473963941414,0.774442147296,0.716364576829,60.0000111177,59.9999868862
0.8441270432,0.477189645405,0.836904035615,0.474096940502,0.774442147296,0.716364576829,60.0000111177,59.9999868862
0.844212888033,0.477310589474,0.837022932097,0.474229557541,0.774442147296,0.716364576829,60.0000111177,59.9999868862
0.844298649504,0.477431161,0.837141677107,0.474361792726,0.774442147296,0.716364576829,60.0000111177,59.9999868862
0.844384327037,0.477551360287,0.837260269996,0.474493646253,0.774442147296,0.716364576829,60.0000111177,59.9999868862
0.844469919951,0.477671187824,0.837378710118,0.474625118317,0.774442147296,0.716364576829,60.0000111177,59.9999868862
0.844555427586,0.477790644065,0.837496996825,0.474756209115,0.774442147296,0.716364576829,60.0000111177,59.9999868862
0.844640849386,0.477909729279,0.837615129472,0.474886918847,0.774442147296,0.716364576829,60.0000111177,59.9999868862
0.844726184796,0.478028443738,0.837733107324,0.475017247866,0.774442147296,0.716364576829,60.0000111177,59.9999868862
0.844811433259,0.478146787713,0.837850929642,0.475147196535,0.774442147296,0.716364576829,60.0000111177,59.9999868862
0.844896594218,0.478264761477,0.837968595774,0.475276765065,0.774442147296,0.716364576829,60.0000111177,59.9999868862
0.844981667118,0.478382365304,0.838086105076,0.475405953656,0.774442147296,0.716364576829,60.0000111177,59.9999868862
0.845066651402,0.478499599468,0.8382034569,0.475534762512,0.774442147296,0.716364576829,60.0000111177,59.9999868862
0.845151546512,0.478616464246,0.838320650603,0.475663191836,0.774442147296,0.716364576829,60.0000111177,59.9999868862
0.845236351894,0.478732959913,0.838437685537,0.475791241832,0.774442147296,0.716364576829,60.0000111177,59.9999868862
0.845321066988,0.478849086749,0.83855456106,0.475918912705,0.774442147296,0.716364576829,60.0000111177,59.9999868862
0.84540569124,0.478964845031,0.838671276525,0.476046204661,0.774442147296,0.716364576829,60.0000111177,59.9999868862
0.84549022409,0.47908023504,0.838787831289,0.476173117909,0.774442147296,0.716364576829,60.0000111177,59.9999868862
0.84557466491,0.479195257182,0.838904224698,0.47629965267,0.774442147296,0.716364576829,60.0000111177,59.9999868862
0.845659013019,0.47930991196,0.839020456012,0.476425809325,0.774442147296,0.716364576829,60.0000111177,59.9999868862
0.845743267804,0.479424199752,0.839136524499,0.476551588236,0.774442147296,0.716364576829,60.0000111177,59.9999868862
0.845827428709,0.479538120839,0.839252429517,0.476676989612,0.774442147296,0.716364576829,60.0000111177,59.9999868862
0.845911495176,0.479651675506,0.839368170423,0.476802013665,0.774442147296,0.716364576829,60.0000111177,59.9999868862
0.845995466648,0.479764864038,0.839483746573,0.476926660607,0.774442147296,0.716364576829,60.0000111177,59.9999868862
0.846079342568,0.479877686721,0.839599157325,0.477050930651,0.774442147296,0.716364576829,60.0000111177,59.9999868862
0.846163122376,0.479990143841,0.839714402036,0.47717482401,0.774442147296,0.716364576829,60.0000111177,59.9999868862
0.846246805517,0.480102235688,0.839829480065,0.4772983409,0.774442147296,0.716364576829,60.0000111177,59.9999868862
0.846330391431,0.48021396255,0.83994439077,0.477421481536,0.774442147296,0.716364576829,60.0000111177,59.9999868862
0.846413879562,0.480325324717,0.840059133508,0.477544246135,0.774442147296,0.716364576829,60.0000111177,59.9999868862
0.84649726935,0.48043632248,0.840173707638,0.477666634916,0.774442147296,0.716364576829,60.0000111177,59.9999868862
0.846580560238,0.48054695613,0.84028811242,0.47778864827,0.774442147296,0.716364576829,60.0000111177,59.9999868862
0.846663751668,0.480657225962,0.840402347117,0.477910286588,0.774442147296,0.716364576829,60.0000111177,59.9999868862
0.846746843005,0.480767132403,0.840516411087,0.47803155009,0.774442147296,0.716364576829,60.0000111177,59.9999868862
0.846829833567,0.480876675968,0.840630303691,0.478152438995,0.774442147296,0.716364576829,60.0000111177,59.9999868862
0.846912722744,0.48098585704,0.840744024289,0.478272953525,0.774442147296,0.716364576829,60.0000111177,59.9999868862
0.84699550998,0.481094675916,0.840857572242,0.478393093904,0.774442147296,0.716364576829,60.0000111177,59.9999868862
0.847078194717,0.481203132892,0.840970946911,0.478512860353,0.774442147296,0.716364576829,60.0000111177,59.9999868862
0.847160776395,0.481311228266,0.841084147656,0.478632253097,0.774442147296,0.716364576829,60.0000111177,59.9999868862
0.847243254458,0.481418962337,0.84119717384,0.478751272362,0.774442147296,0.716364576829,60.0000111177,59.9999868862
0.847325628346,0.481526335407,0.841310024824,0.478869918373,0.774442147296,0.716364576829,60.0000111177,59.9999868862
0.847407897502,0.481633347774,0.841422699971,0.478988191357,0.774442147296,0.716364576829,60.0000111177,59.9999868862
0.847490061367,0.481739999743,0.841535198576,0.479106091659,0.774442147296,0.716364576829,60.0000111177,59.9999868862
0.847572119383,0.481846291616,0.841647519902,0.479223619683,0.774442147296,0.716364576829,60.0000111177,59.9999868862
0.847654070991,0.481952223696,0.841759663279,0.479340775715,0.774442147296,0.716364576829,60.0000111177,59.9999868862
0.847735915634,0.48205779629,0.841871628072,0.479457559986,0.774442147296,0.716364576829,60.0000111177,59.9999868862
0.847817652752,0.482163009703,0.841983413644,0.479573972727,0.774442147296,0.716364576829,60.0000111177,59.9999868862
0.847899281761,0.48226786429,0.842095019359,0.47969001417,0.774442147296,0.716364576829,60.0000111177,59.9999868862
0.847980801977,0.482372360578,0.842206444582,0.479805684546,0.774442147296,0.716364576829,60.0000111177,59.9999868862
0.848062212744,0.482476499047,0.842317688678,0.479920984091,0.774442147296,0.716364576829,60.0000111177,59.9999868862
0.848143513505,0.482580280005,0.842428751013,0.480035913037,0.774442147296,0.716364576829,60.0000111177,59.9999868862
0.848224703702,0.482683703762,0.842539630951,0.48015047162,0.774442147296,0.716364576829,60.0000111177,59.9999868862
0.848305782777,0.48278677063,0.84265032786,0.480264660077,0.774442147296,0.716364576829,60.0000111177,59.9999868862
0.848386750171,0.482889480921,0.842760841102,0.480378478651,0.774442147296,0.716364576829,60.0000111177,59.9999868862
0.848467605327,0.482991834947,0.842871169942,0.480491927757,0.774442147296,0.716364576829,60.0000111177,59.9999868862
0.848548347687,0.483093833023,0.842981313653,0.480605007802,0.774442147296,0.716364576829,60.0000111177,59.9999868862
0.848628976693,0.483195475464,0.8430912716,0.480717719026,0.774442147296,0.716364576829,60.0000111177,59.9999868862
0.848709491786,0.483296762586,0.843201043154,0.480830061669,0.774442147296,0.716364576829,60.0000111177,59.9999868862
0.848789892408,0.483397694705,0.843310627681,0.480942035972,0.774442147296,0.716364576829,60.0000111177,59.9999868862
0.848870178003,0.48349827214,0.843420024552,0.481053642176,0.774442147296,0.716364576829,60.0000111177,59.9999868862
0.848950348011,0.48359849521,0.843529233135,0.481164880525,0.774442147296,0.716364576829,60.0000111177,59.9999868862
0.849030401875,0.483698364235,0.8436382528,0.481275751262,0.774442147296,0.716364576829,60.0000111177,59.9999868862
0.849110338992,0.483797879614,0.843747082917,0.481386254631,0.774442147296,0.716364576829,60.0000111177,59.9999868862
0.849190158683,0.483897041884,0.843855722856,0.481496390879,0.774442147296,0.716364576829,60.0000111177,59.9999868862
0.84926986031,0.483995851504,0.843964171989,0.481606160251,0.774442147296,0.716364576829,60.0000111177,59.9999868862
0.849349443318,0.484094308798,0.844072429677,0.481715563011,0.774442147296,0.716364576829,60.0000111177,59.9999868862
0.849428907148,0.484192414088,0.84418049519,0.481824599585,0.774442147296,0.716364576829,60.0000111177,59.9999868862
0.849508251245,0.484290167701,0.84428836781,0.481933270379,0.774442147296,0.716364576829,60.0000111177,59.9999868862
0.84958747505,0.48438756996,0.844396046911,0.482041575644,0.774442147296,0.716364576829,60.0000111177,59.9999868862
0.849666578006,0.484484621195,0.844503531865,0.482149515628,0.774442147296,0.716364576829,60.0000111177,59.9999868862
0.849745559557,0.484581321731,0.844610822045,0.482257090583,0.774442147296,0.716364576829,60.0000111177,59.9999868862
0.849824419146,0.484677671899,0.844717916827,0.482364300761,0.774442147296,0.716364576829,60.0000111177,59.9999868862
0.849903156215,0.484773672028,0.844824815583,0.482471146415,0.774442147296,0.716364576829,60.0000111177,59.9999868862
0.849981770208,0.484869322448,0.84493151769,0.482577627797,0.774442147296,0.716364576829,60.0000111177,59.9999868862
0.850060260569,0.484964623491,0.845038022522,0.482683745164,0.774442147296,0.716364576829,60.0000111177,59.9999868862
0.850138626739,0.485059575491,0.845144329456,0.48278949877,0.774442147296,0.716364576829,60.0000111177,59.9999868862
0.850216868163,0.48515417878,0.845250437866,0.482894888872,0.774442147296,0.716364576829,60.0000111177,59.9999868862
0.850294984285,0.485248433695,0.84535634713,0.482999915727,0.774442147296,0.716364576829,60.0000111177,59.9999868862
0.850372974429,0.485342340775,0.845462056544,0.483104579736,0.774442147296,0.716364576829,60.0000111177,59.9999868862
0.85045083792,0.485435900569,0.845567565383,0.483208881335,0.774442147296,0.716364576829,60.0000111177,59.9999868862
0.8505285742,0.485529113415,0.845672873007,0.483312820815,0.774442147296,0.716364576829,60.0000111177,59.9999868862
0.850606182713,0.485621979653,0.845777978796,0.483416398436,0.774442147296,0.716364576829,60.0000111177,59.9999868862
0.850683662904,0.48571449962,0.845882882128,0.483519614459,0.774442147296,0.716364576829,60.0000111177,59.9999868862
0.850761014217,0.485806673656,0.845987582383,0.483622469146,0.774442147296,0.716364576829,60.0000111177,59.9999868862
0.850838236097,0.485898502101,0.846092078942,0.48372496276,0.774442147296,0.716364576829,60.0000111177,59.9999868862
0.850915327989,0.485989985297,0.846196371184,0.483827095564,0.774442147296,0.716364576829,60.0000111177,59.9999868862
0.850992289337,0.486081123586,0.846300458491,0.483928867823,0.774442147296,0.716364576829,60.0000111177,59.9999868862
0.851069119586,0.486171917311,0.846404340244,0.484030279801,0.774442147296,0.716364576829,60.0000111177,59.9999868862
0.851145818182,0.486262366817,0.846508015825,0.484131331766,0.774442147296,0.716364576829,60.0000111177,59.9999868862
0.85122238457,0.48635247245,0.846611484617,0.484232023985,0.774442147296,0.716364576829,60.0000111177,59.9999868862
0.851298818194,0.486442234554,0.846714745988,0.484332356752,0.774442147296,0.716364576829,60.0000111177,59.9999868862
0.851375118502,0.486531653479,0.846817799221,0.484432330509,0.774442147296,0.716364576829,60.0000111177,59.9999868862
0.851451284937,0.486620729572,0.846920643616,0.484531945675,0.774442147296,0.716364576829,60.0000111177,59.9999868862
0.851527316946,0.486709463182,0.847023278558,0.484631202519,0.774442147296,0.716364576829,60.0000111177,59.9999868862
0.851603213858,0.486797854862,0.847125703432,0.484730101312,0.774442147296,0.716364576829,60.0000111177,59.9999868862
0.851678975005,0.486885905165,0.847227917623,0.484828642326,0.774442147296,0.716364576829,60.0000111177,59.9999868862
0.851754599831,0.486973614446,0.847329920519,0.484926825832,0.774442147296,0.716364576829,60.0000111177,59.9999868862
0.851830087784,0.487060983054,0.847431711505,0.485024652105,0.774442147296,0.716364576829,60.0000111177,59.9999868862
0.851905438311,0.487148011343,0.847533289969,0.485122121419,0.774442147296,0.716364576829,60.0000111177,59.9999868862
0.851980650859,0.487234699667,0.8476346553,0.48521923405,0.774442147296,0.716364576829,60.0000111177,59.9999868862
0.852055724875,0.48732104838,0.847735806884,0.485315990272,0.774442147296,0.716364576829,60.0000111177,59.9999868862
0.852130659807,0.487407057839,0.847836744112,0.485412390364,0.774442147296,0.716364576829,60.0000111177,59.9999868862
0.852205455102,0.487492728401,0.847937466372,0.485508434602,0.774442147296,0.716364576829,60.0000111177,59.9999868862
0.852280110207,0.487578060422,0.848037973048,0.485604123277,0.774442147296,0.716364576829,60.0000111177,59.9999868862
0.852354624572,0.487663054263,0.848138263433,0.485699456839,0.774442147296,0.716364576829,60.0000111177,59.9999868862
0.852428997644,0.487747710282,0.848238336826,0.485794435729,0.774442147296,0.716364576829,60.0000111177,59.9999868862
0.852503228872,0.48783202884,0.848338192618,0.485889060227,0.774442147296,0.716364576829,60.0000111177,59.9999868862
0.852577317703,0.4879160103,0.848437830202,0.485983330615,0.774442147296,0.716364576829,60.0000111177,59.9999868862
0.852651263586,0.487999655023,0.848537248972,0.486077247175,0.774442147296,0.716364576829,60.0000111177,59.9999868862
0.852725065971,0.488082963373,0.848636448319,0.48617081019,0.774442147296,0.716364576829,60.0000111177,59.9999868862
0.85279872427,0.488165935776,0.84873542764,0.486264019945,0.774442147296,0.716364576829,60.0000111177,59.9999868862
0.852872237823,0.488248572791,0.848834186327,0.486356876724,0.774442147296,0.716364576829,60.0000111177,59.9999868862
0.852945606004,0.488330874917,0.848932723777,0.486449380813,0.774442147296,0.716364576829,60.0000111177,59.9999868862
0.853018828262,0.488412842519,0.849031039384,0.486541532499,0.774442147296,0.716364576829,60.0000111177,59.9999868862
0.853091904048,0.488494475966,0.849129132546,0.48663333207,0.774442147296,0.716364576829,60.0000111177,59.9999868862
0.853164832812,0.488575775624,0.849227002658,0.486724779814,0.774442147296,0.716364576829,60.0000111177,59.9999868862
0.853237614005,0.488656741864,0.849324649118,0.486815876021,0.774442147296,0.716364576829,60.0000111177,59.9999868862
0.853310247079,0.488737375054,0.849422071278,0.486906621062,0.774442147296,0.716364576829,60.0000111177,59.9999868862
0.853382731484,0.488817675568,0.849519268439,0.486997015395,0.774442147296,0.716364576829,60.0000111177,59.9999868862
0.853455066671,0.488897643775,0.849616239953,0.487087059398,0.774442147296,0.716364576829,60.0000111177,59.9999868862
0.853527252093,0.48897728005,0.84971298522,0.487176753362,0.774442147296,0.716364576829,60.0000111177,59.9999868862
0.853599287202,0.489056584767,0.84980950364,0.487266097579,0.774442147296,0.716364576829,60.0000111177,59.9999868862
0.853671171448,0.489135558299,0.849905794615,0.487355092344,0.774442147296,0.716364576829,60.0000111177,59.9999868862
0.853742904285,0.489214201024,0.850001857545,0.487443737952,0.774442147296,0.716364576829,60.0000111177,59.9999868862
0.853814485165,0.489292513318,0.850097691835,0.487532034697,0.774442147296,0.716364576829,60.0000111177,59.9999868862
0.85388591354,0.489370495559,0.850193296887,0.487619982876,0.774442147296,0.716364576829,60.0000111177,59.9999868862
0.853957188864,0.489448148126,0.850288672104,0.487707582786,0.774442147296,0.716364576829,60.0000111177,59.9999868862
0.85402831059,0.489525471398,0.85038381689,0.487794834726,0.774442147296,0.716364576829,60.0000111177,59.9999868862
0.854099278084,0.489602465907,0.850478730651,0.487881738995,0.774442147296,0.716364576829,60.0000111177,59.9999868862
0.854170090696,0.489679132217,0.850573412791,0.487968295892,0.774442147296,0.716364576829,60.0000111177,59.9999868862
0.854240747862,0.489755470741,0.850667862716,0.488054505719,0.774442147296,0.716364576829,60.0000111177,59.9999868862
0.854311249037,0.489831481862,0.850762079799,0.488140368838,0.774442147296,0.716364576829,60.0000111177,59.9999868862
0.854381593675,0.489907165962,0.850856063354,0.488225885712,0.774442147296,0.716364576829,60.0000111177,59.9999868862
0.854451781233,0.489982523425,0.850949812731,0.488311056745,0.774442147296,0.716364576829,60.0000111177,59.9999868862
0.854521811166,0.490057554638,0.851043327339,0.488395882241,0.774442147296,0.716364576829,60.0000111177,59.9999868862
0.85459168293,0.490132259986,0.851136606587,0.488480362503,0.774442147296,0.716364576829,60.0000111177,59.9999868862
0.85466139598,0.490206639856,0.851229649886,0.488564497838,0.774442147296,0.716364576829,60.0000111177,59.9999868862
0.854730949773,0.490280694637,0.851322456647,0.48864828855,0.774442147296,0.716364576829,60.0000111177,59.9999868862
0.854800343765,0.490354424716,0.85141502628,0.488731734946,0.774442147296,0.716364576829,60.0000111177,59.9999868862
0.854869577414,0.490427830486,0.851507358199,0.488814837336,0.774442147296,0.716364576829,60.0000111177,59.9999868862
0.854938650176,0.490500912335,0.851599451814,0.488897596026,0.774442147296,0.716364576829,60.0000111177,59.9999868862
0.85500756151,0.490573670656,0.85169130654,0.488980011326,0.774442147296,0.716364576829,60.0000111177,59.9999868862
0.855076310872,0.490646105842,0.851782921791,0.489062083548,0.774442147296,0.716364576829,60.0000111177,59.9999868862
0.855144897721,0.490718218286,0.851874296981,0.489143813002,0.774442147296,0.716364576829,60.0000111177,59.9999868862
0.855213321514,0.490790008384,0.851965431524,0.4892252,0.774442147296,0.716364576829,60.0000111177,59.9999868862
0.855281581711,0.49086147653,0.852056324838,0.489306244857,0.774442147296,0.716364576829,60.0000111177,59.9999868862
0.855349677733,0.490932623187,0.852146976282,0.489386947981,0.774442147296,0.716364576829,60.0000111177,59.9999868862
0.85541760894,0.491003448923,0.852237385185,0.489467309843,0.774442147296,0.716364576829,60.0000111177,59.9999868862
0.855485374733,0.491073954241,0.852327550934,0.489547330812,0.774442147296,0.716364576829,60.0000111177,59.9999868862
0.855552974571,0.49114413954,0.852417472947,0.489627011204,0.774442147296,0.716364576829,60.0000111177,59.9999868862
0.855620407915,0.491214005219,0.852507150644,0.489706351337,0.774442147296,0.716364576829,60.0000111177,59.9999868862
0.855687674226,0.491283551677,0.852596583445,0.489785351526,0.774442147296,0.716364576829,60.0000111177,59.9999868862
0.855754772966,0.491352779317,0.852685770771,0.489864012091,0.774442147296,0.716364576829,60.0000111177,59.9999868862
0.855821703595,0.491421688539,0.852774712043,0.48994233335,0.774442147296,0.716364576829,60.0000111177,59.9999868862
0.855888465576,0.491490279746,0.852863406684,0.490020315623,0.774442147296,0.716364576829,60.0000111177,59.9999868862
0.855955058372,0.491558553343,0.852951854117,0.490097959231,0.774442147296,0.716364576829,60.0000111177,59.9999868862
0.856021481444,0.491626509735,0.853040053764,0.490175264496,0.774442147296,0.716364576829,60.0000111177,59.9999868862
0.856087734256,0.491694149325,0.853128005051,0.49025223174,0.774442147296,0.716364576829,60.0000111177,59.9999868862
0.856153816271,0.491761472523,0.853215707402,0.490328861287,0.774442147296,0.716364576829,60.0000111177,59.9999868862
0.856219726952,0.491828479734,0.853303160243,0.490405153462,0.774442147296,0.716364576829,60.0000111177,59.9999868862
0.856285465764,0.491895171367,0.853390362999,0.490481108589,0.774442147296,0.716364576829,60.0000111177,59.9999868862
0.85635103217,0.491961547832,0.853477315085,0.490556727017,0.774442147296,0.716364576829,60.0000111177,59.9999868862
0.856416425635,0.492027609539,0.853564015845,0.490632009219,0.774442147296,0.716364576829,60.0000111177,59.9999868862
0.856481645625,0.492093356899,0.853650464637,0.490706955643,0.774442147296,0.716364576829,60.0000111177,59.9999868862
0.856546691604,0.492158790324,0.853736660892,0.490781566617,0.774442147296,0.716364576829,60.0000111177,59.9999868862
0.856611563038,0.492223910228,0.85382260404,0.490855842468,0.774442147296,0.716364576829,60.0000111177,59.9999868862
0.856676259322,0.492288717147,0.853908293511,0.490929783527,0.774442147296,0.716364576829,60.0000111177,59.9999868862
0.856740779832,0.492353211656,0.853993728738,0.491003390123,0.774442147296,0.716364576829,60.0000111177,59.9999868862
0.856805124013,0.492417394205,0.854078909152,0.491076662589,0.774442147296,0.716364576829,60.0000111177,59.9999868862
0.856869291333,0.49248126521,0.854163834186,0.491149601255,0.774442147296,0.716364576829,60.0000111177,59.9999868862
0.856933281262,0.492544825086,0.854248503275,0.491222206456,0.774442147296,0.716364576829,60.0000111177,59.9999868862
0.856997093267,0.492608074252,0.854332915852,0.491294478524,0.774442147296,0.716364576829,60.0000111177,59.9999868862
0.857060726816,0.492671013125,0.854417071353,0.491366417795,0.774442147296,0.716364576829,60.0000111177,59.9999868862
0.85712418138,0.492733642125,0.854500969214,0.491438024604,0.774442147296,0.716364576829,60.0000111177,59.9999868862
0.857187456427,0.492795961672,0.854584608871,0.491509299287,0.774442147296,0.716364576829,60.0000111177,59.9999868862
0.857250551428,0.492857972186,0.854667989762,0.491580242183,0.774442147296,0.716364576829,60.0000111177,59.9999868862
0.857313465854,0.492919674091,0.854751111324,0.491650853628,0.774442147296,0.716364576829,60.0000111177,59.9999868862
0.857376199174,0.492981067808,0.854833972996,0.491721133963,0.774442147296,0.716364576829,60.0000111177,59.9999868862
0.857438750859,0.493042153762,0.854916574153,0.491791083639,0.774442147296,0.716364576829,60.0000111177,59.9999868862
0.857501120382,0.493102932376,0.854998914158,0.491860703132,0.774442147296,0.716364576829,60.0000111177,59.9999868862
0.857563307215,0.493163404078,0.855080992439,0.491929992806,0.774442147296,0.716364576829,60.0000111177,59.9999868862
0.857625310829,0.493223569292,0.855162808438,0.491998953002,0.774442147296,0.716364576829,60.0000111177,59.9999868862
0.857687130697,0.493283428446,0.855244361599,0.492067584062,0.774442147296,0.716364576829,60.0000111177,59.9999868862
0.857748766293,0.493342981969,0.855325651363,0.492135886331,0.774442147296,0.716364576829,60.0000111177,59.9999868862
0.85781021709,0.493402230289,0.855406677178,0.492203860151,0.774442147296,0.716364576829,60.0000111177,59.9999868862
0.857871482562,0.493461173837,0.855487438486,0.492271505869,0.774442147296,0.716364576829,60.0000111177,59.9999868862
0.857932562184,0.493519813043,0.855567934735,0.492338823829,0.774442147296,0.716364576829,60.0000111177,59.9999868862
0.857993455367,0.493578148447,0.85564816537,0.492405814379,0.774442147296,0.716364576829,60.0000111177,59.9999868862
0.858054161504,0.493636180628,0.85572812984,0.492472477866,0.774442147296,0.716364576829,60.0000111177,59.9999868862
0.858114680048,0.493693910057,0.855807827592,0.492538814639,0.774442147296,0.716364576829,60.0000111177,59.9999868862
0.858175010476,0.493751337168,0.855887258076,0.492604825047,0.774442147296,0.716364576829,60.0000111177,59.9999868862
0.858235152264,0.493808462394,0.855966420741,0.49267050944,0.774442147296,0.716364576829,60.0000111177,59.9999868862
0.858295104891,0.493865286171,0.856045315038,0.492735868169,0.774442147296,0.716364576829,60.0000111177,59.9999868862
0.858354867835,0.493921808935,0.856123940417,0.492800901587,0.774442147296,0.716364576829,60.0000111177,59.9999868862
0.858414440573,0.493978031122,0.856202296331,0.492865610045,0.774442147296,0.716364576829,60.0000111177,59.9999868862
0.858473822586,0.494033953171,0.856280382199,0.492929993955,0.774442147296,0.716364576829,60.0000111177,59.9999868862
0.858533013351,0.494089575519,0.856358197404,0.492994053797,0.774442147296,0.716364576829,60.0000111177,59.9999868862
0.85859201235,0.494144898606,0.85643574136,0.493057789993,0.774442147296,0.716364576829,60.0000111177,59.9999868862
0.858650819062,0.494199922873,0.856513013522,0.493121202899,0.774442147296,0.716364576829,60.0000111177,59.9999868862
0.858709432968,0.49425464876,0.856590013348,0.493184292871,0.774442147296,0.716364576829,60.0000111177,59.9999868862
0.858767853549,0.49430907671,0.856666740294,0.493247060266,0.774442147296,0.716364576829,60.0000111177,59.9999868862
0.858826080287,0.494363207165,0.856743193819,0.493309505442,0.774442147296,0.716364576829,60.0000111177,59.9999868862
0.858884112664,0.494417040569,0.856819373381,0.493371628756,0.774442147296,0.716364576829,60.0000111177,59.9999868862
0.858941950163,0.494470577367,0.856895278439,0.49343343057,0.774442147296,0.716364576829,60.0000111177,59.9999868862
0.858999592266,0.494523818004,0.856970908455,0.493494911242,0.774442147296,0.716364576829,60.0000111177,59.9999868862
0.859057038458,0.494576762926,0.857046262889,0.493556071134,0.774442147296,0.716364576829,60.0000111177,59.9999868862
0.859114288222,0.494629412581,0.857121341204,0.493616910609,0.774442147296,0.716364576829,60.0000111177,59.9999868862
0.859171341043,0.494681767415,0.857196142861,0.493677430028,0.774442147296,0.716364576829,60.0000111177,59.9999868862
0.859228196406,0.494733827879,0.857270667325,0.493737629756,0.774442147296,0.716364576829,60.0000111177,59.9999868862
0.859284853796,0.494785594422,0.85734491406,0.493797510157,0.774442147296,0.716364576829,60.0000111177,59.9999868862
0.859341312635,0.494837067607,0.857418882532,0.493857071597,0.774442147296,0.716364576829,60.0000111177,59.9999868862
0.859397572332,0.494888248019,0.857492572205,0.493916314441,0.774442147296,0.716364576829,60.0000111177,59.9999868862
0.859453632363,0.494939136128,0.857565982548,0.493975239058,0.774442147296,0.716364576829,60.0000111177,59.9999868862
0.859509492217,0.494989732388,0.857639113027,0.494033845814,0.774442147296,0.716364576829,60.0000111177,59.9999868862
0.859565151382,0.49504003725,0.857711963059,0.494092135169,0.774442147296,0.716364576829,60.0000111177,59.9999868862
0.859620609346,0.495090051168,0.857784532046,0.494150107609,0.774442147296,0.716364576829,60.0000111177,59.9999868862
0.859675865601,0.495139774597,0.857856819446,0.494207763528,0.774442147296,0.716364576829,60.0000111177,59.9999868862
0.859730919636,0.495189207992,0.857928824729,0.494265103295,0.774442147296,0.716364576829,60.0000111177,59.9999868862
0.859785770941,0.495238351808,0.858000547368,0.494322127282,0.774442147296,0.716364576829,60.0000111177,59.9999868862
0.859840419009,0.495287206503,0.858071986836,0.49437883586,0.774442147296,0.716364576829,60.0000111177,59.9999868862
0.859894863331,0.495335772534,0.858143142607,0.494435229403,0.774442147296,0.716364576829,60.0000111177,59.9999868862
0.859949103399,0.49538405036,0.858214014156,0.494491308284,0.774442147296,0.716364576829,60.0000111177,59.9999868862
0.860003138706,0.495432040439,0.858284600958,0.494547072878,0.774442147296,0.716364576829,60.0000111177,59.9999868862
0.860056968745,0.495479743232,0.858354902491,0.494602523559,0.774442147296,0.716364576829,60.0000111177,59.9999868862
0.860110593012,0.4955271592,0.858424918231,0.494657660704,0.774442147296,0.716364576829,60.0000111177,59.9999868862
0.860164010999,0.495574288804,0.858494647657,0.494712484689,0.774442147296,0.716364576829,60.0000111177,59.9999868862
0.860217222203,0.495621132507,0.858564090248,0.494766995893,0.774442147296,0.716364576829,60.0000111177,59.9999868862
0.860270226119,0.495667690771,0.858633245484,0.494821194693,0.774442147296,0.716364576829,60.0000111177,59.9999868862
0.860323022243,0.49571396406,0.858702112845,0.494875081469,0.774442147296,0.716364576829,60.0000111177,59.9999868862
0.860375610072,0.49575995284,0.858770691814,0.494928656602,0.774442147296,0.716364576829,60.0000111177,59.9999868862
0.860427989104,0.495805657575,0.858838981872,0.494981920472,0.774442147296,0.716364576829,60.0000111177,59.9999868862
0.860480158836,0.495851078732,0.858906982504,0.495034873461,0.774442147296,0.716364576829,60.0000111177,59.9999868862
0.860532118768,0.495896216778,0.858974693193,0.495087515951,0.774442147296,0.716364576829,60.0000111177,59.9999868862
0.860583868398,0.495941072181,0.859042113426,0.495139848326,0.774442147296,0.716364576829,60.0000111177,59.9999868862
0.860635407226,0.495985645408,0.859109242658,0.49519187102,0.774442147296,0.716364576829,60.0000111177,59.9999868862
0.860686734719,0.496029936985,0.859176080318,0.495243584521,0.774442147296,0.716364576829,60.0000111177,59.9999868862
0.860737850311,0.496073947503,0.859242625861,0.495294989271,0.774442147296,0.716364576829,60.0000111177,59.9999868862
0.860788753467,0.496117677493,0.859308878776,0.495346085656,0.774442147296,0.716364576829,60.0000111177,59.9999868862
0.86083944369,0.496161127426,0.859374838554,0.495396874061,0.774442147296,0.716364576829,60.0000111177,59.9999868862
0.860889920483,0.496204297774,0.859440504685,0.495447354875,0.774442147296,0.716364576829,60.0000111177,59.9999868862
0.86094018335,0.496247189007,0.859505876662,0.495497528484,0.774442147296,0.716364576829,60.0000111177,59.9999868862
0.860990231795,0.496289801599,0.859570953976,0.495547395279,0.774442147296,0.716364576829,60.0000111177,59.9999868862
0.861040065325,0.496332136022,0.859635736123,0.495596955648,0.774442147296,0.716364576829,60.0000111177,59.9999868862
0.861089683444,0.496374192752,0.859700222597,0.495646209981,0.774442147296,0.716364576829,60.0000111177,59.9999868862
0.86113908566,0.496415972263,0.859764412893,0.495695158671,0.774442147296,0.716364576829,60.0000111177,59.9999868862
0.861188271479,0.496457475029,0.859828306507,0.495743802108,0.774442147296,0.716364576829,60.0000111177,59.9999868862
0.86123724041,0.496498701528,0.859891902938,0.495792140685,0.774442147296,0.716364576829,60.0000111177,59.9999868862
0.86128599196,0.496539652236,0.859955201683,0.495840174797,0.774442147296,0.716364576829,60.0000111177,59.9999868862
0.861334525639,0.49658032763,0.860018202242,0.495887904836,0.774442147296,0.716364576829,60.0000111177,59.9999868862
0.861382840958,0.496620728188,0.860080904116,0.495935331198,0.774442147296,0.716364576829,60.0000111177,59.9999868862
0.861430937426,0.49666085439,0.860143306804,0.495982454278,0.774442147296,0.716364576829,60.0000111177,59.9999868862
0.861478814554,0.496700706714,0.860205409809,0.496029274473,0.774442147296,0.716364576829,60.0000111177,59.9999868862
0.861526471855,0.496740285641,0.860267212635,0.496075792181,0.774442147296,0.716364576829,60.0000111177,59.9999868862
0.861573908841,0.49677959165,0.860328714785,0.496122007798,0.774442147296,0.716364576829,60.0000111177,59.9999868862
0.861621125025,0.496818625224,0.860389915764,0.496167921724,0.774442147296,0.716364576829,60.0000111177,59.9999868862
0.861668119923,0.496857386844,0.860450815078,0.496213534357,0.774442147296,0.716364576829,60.0000111177,59.9999868862
0.861714893047,0.496895876993,0.860511412235,0.496258846099,0.774442147296,0.716364576829,60.0000111177,59.9999868862
0.861761443914,0.496934096153,0.860571706691,0.496303857435,0.774442147296,0.716364576829,60.0000111177,59.9999868862
0.861807772041,0.496972044808,0.860631697902,0.496348568862,0.774442147296,0.716364576829,60.0000111177,59.9999868862
0.861853876943,0.497009723443,0.860691385374,0.496392980788,0.774442147296,0.716364576829,60.0000111177,59.9999868862
0.861899758139,0.497047132541,0.860750768618,0.496437093614,0.774442147296,0.716364576829,60.0000111177,59.9999868862
0.861945415147,0.497084272588,0.860809847146,0.496480907745,0.774442147296,0.716364576829,60.0000111177,59.9999868862
0.861990847487,0.497121144071,0.860868620471,0.496524423583,0.774442147296,0.716364576829,60.0000111177,59.9999868862
0.862036054679,0.497157747474,0.860927088108,0.496567641533,0.774442147296,0.716364576829,60.0000111177,59.9999868862
0.862081036214,0.497194083336,0.860985249572,0.496610561999,0.774442147296,0.716364576829,60.0000111177,59.9999868862
0.862125791553,0.497230152249,0.861043104379,0.496653185387,0.774442147296,0.716364576829,60.0000111177,59.9999868862
0.862170320189,0.497265954753,0.861100652045,0.496695512104,0.774442147296,0.716364576829,60.0000111177,59.9999868862
0.862214621645,0.497301491334,0.861157892091,0.496737542556,0.774442147296,0.716364576829,60.0000111177,59.9999868862
0.862258695446,0.497336762482,0.861214824033,0.49677927715,0.774442147296,0.716364576829,60.0000111177,59.9999868862
0.862302541117,0.497371768685,0.861271447394,0.496820716296,0.774442147296,0.716364576829,60.0000111177,59.9999868862
0.862346158184,0.49740651043,0.861327761694,0.496861860401,0.774442147296,0.716364576829,60.0000111177,59.9999868862
0.862389546175,0.497440988209,0.861383766455,0.496902709875,0.774442147296,0.716364576829,60.0000111177,59.9999868862
0.862432704617,0.497475202509,0.861439461201,0.496943265129,0.774442147296,0.716364576829,60.0000111177,59.9999868862
0.862475633039,0.497509153822,0.861494845456,0.496983526573,0.774442147296,0.716364576829,60.0000111177,59.9999868862
0.86251833097,0.497542842637,0.861549918746,0.497023494618,0.774442147296,0.716364576829,60.0000111177,59.9999868862
0.862560797942,0.497576269445,0.861604680597,0.497063169677,0.774442147296,0.716364576829,60.0000111177,59.9999868862
0.862603033486,0.497609434736,0.861659130538,0.497102552161,0.774442147296,0.716364576829,60.0000111177,59.9999868862
0.862645037134,0.497642339003,0.861713268096,0.497141642483,0.774442147296,0.716364576829,60.0000111177,59.9999868862
0.862686808419,0.497674982737,0.861767092802,0.497180441058,0.774442147296,0.716364576829,60.0000111177,59.9999868862
0.862728346877,0.497707366429,0.861820604186,0.4972189483,0.774442147296,0.716364576829,60.0000111177,59.9999868862
0.862769652041,0.49773949057,0.861873801781,0.497257164623,0.774442147296,0.716364576829,60.0000111177,59.9999868862
0.86281072345,0.497771355655,0.861926685119,0.497295090442,0.774442147296,0.716364576829,60.0000111177,59.9999868862
0.862851560639,0.497802962173,0.861979253728,0.497332726184,0.774442147296,0.716364576829,60.0000111177,59.9999868862
0.862892163148,0.497834310619,0.862031507097,0.497370072349,0.774442147296,0.716364576829,60.0000111177,59.9999868862
0.862932530516,0.497865401483,0.862083444722,0.497407129422,0.774442147296,0.716364576829,60.0000111177,59.9999868862
0.862972662283,0.497896235259,0.86213506614,0.497443897819,0.774442147296,0.716364576829,60.0000111177,59.9999868862
0.863012557991,0.49792681244,0.862186370891,0.497480377959,0.774442147296,0.716364576829,60.0000111177,59.9999868862
0.863052217184,0.497957133517,0.862237358515,0.497516570258,0.774442147296,0.716364576829,60.0000111177,59.9999868862
0.863091639404,0.497987198982,0.862288028554,0.497552475134,0.774442147296,0.716364576829,60.0000111177,59.9999868862
0.863130824197,0.49801700933,0.862338380551,0.497588093006,0.774442147296,0.716364576829,60.0000111177,59.9999868862
0.863169771109,0.49804656505,0.862388414049,0.497623424292,0.774442147296,0.716364576829,60.0000111177,59.9999868862
0.863208479688,0.498075866636,0.862438128594,0.497658469411,0.774442147296,0.716364576829,60.0000111177,59.9999868862
0.863246949483,0.498104914578,0.862487523732,0.497693228782,0.774442147296,0.716364576829,60.0000111177,59.9999868862
0.863285180044,0.498133709369,0.862536599011,0.497727702826,0.774442147296,0.716364576829,60.0000111177,59.9999868862
0.863323170922,0.4981622515,0.862585353979,0.497761891962,0.774442147296,0.716364576829,60.0000111177,59.9999868862
0.86336092167,0.49819054146,0.862633788188,0.49779579661,0.774442147296,0.716364576829,60.0000111177,59.9999868862
0.863398431843,0.49821857974,0.862681901189,0.497829417192,0.774442147296,0.716364576829,60.0000111177,59.9999868862
0.863435700995,0.498246366829,0.862729692534,0.497862754127,0.774442147296,0.716364576829,60.0000111177,59.9999868862
0.863472728685,0.498273903217,0.862777161777,0.497895807836,0.774442147296,0.716364576829,60.0000111177,59.9999868862
0.863509513126,0.49830119172,0.862824308475,0.497928578741,0.774442147296,0.716364576829,60.0000111177,59.9999868862
0.863546051482,0.498328236981,0.862871132183,0.497961067262,0.774442147296,0.716364576829,60.0000111177,59.9999868862
0.863582342268,0.498355041299,0.862917632461,0.497993273822,0.774442147296,0.716364576829,60.0000111177,59.9999868862
0.863618385058,0.498381605141,0.862963808868,0.49802519884,0.774442147296,0.716364576829,60.0000111177,59.9999868862
0.863654179429,0.498407928972,0.863009660966,0.498056842739,0.774442147296,0.716364576829,60.0000111177,59.9999868862
0.863689724958,0.49843401326,0.863055188316,0.49808820594,0.774442147296,0.716364576829,60.0000111177,59.9999868862
0.86372502122,0.49845985847,0.863100390484,0.498119288864,0.774442147296,0.716364576829,60.0000111177,59.9999868862
0.863760067797,0.498485465072,0.863145267034,0.498150091931,0.774442147296,0.716364576829,60.0000111177,59.9999868862
0.863794864265,0.498510833531,0.863189817534,0.498180615562,0.774442147296,0.716364576829,60.0000111177,59.9999868862
0.863829410207,0.498535964317,0.863234041554,0.498210860179,0.774442147296,0.716364576829,60.0000111177,59.9999868862
0.863863705203,0.498560857899,0.863277938663,0.498240826201,0.774442147296,0.716364576829,60.0000111177,59.9999868862
0.863897748835,0.498585514744,0.863321508433,0.498270514048,0.774442147296,0.716364576829,60.0000111177,59.9999868862
0.863931540687,0.498609935323,0.863364750439,0.498299924139,0.774442147296,0.716364576829,60.0000111177,59.9999868862
0.863965080342,0.498634120106,0.863407664257,0.498329056893,0.774442147296,0.716364576829,60.0000111177,59.9999868862
0.863998367386,0.498658069561,0.863450249372,0.498357912885,0.774442147296,0.716364576829,60.0000111177,59.9999868862
0.864031401405,0.498681784159,0.863492503484,0.498386495794,0.774442147296,0.716364576829,60.0000111177,59.9999868862
0.864064181986,0.49870526437,0.863534424384,0.498414809133,0.774442147296,0.716364576829,60.0000111177,59.9999868862
0.864096708717,0.498728510665,0.863576011668,0.498442853299,0.774442147296,0.716364576829,60.0000111177,59.9999868862
0.864128981187,0.498751523515,0.863617264929,0.49847062869,0.774442147296,0.716364576829,60.0000111177,59.9999868862
0.864160998988,0.49877430339,0.863658183765,0.498498135706,0.774442147296,0.716364576829,60.0000111177,59.9999868862
0.864192761709,0.498796850761,0.863698767772,0.498525374745,0.774442147296,0.716364576829,60.0000111177,59.9999868862
0.864224268945,0.498819166099,0.863739016548,0.498552346206,0.774442147296,0.716364576829,60.0000111177,59.9999868862
0.864255520288,0.498841249875,0.863778929694,0.49857905049,0.774442147296,0.716364576829,60.0000111177,59.9999868862
0.864286515334,0.498863102559,0.86381850681,0.498605487997,0.774442147296,0.716364576829,60.0000111177,59.9999868862
0.864317253678,0.498884724622,0.863857747498,0.498631659127,0.774442147296,0.716364576829,60.0000111177,59.9999868862
0.864347734919,0.498906116535,0.863896651361,0.498657564283,0.774442147296,0.716364576829,60.0000111177,59.9999868862
0.864377958655,0.498927278769,0.863935218005,0.498683203865,0.774442147296,0.716364576829,60.0000111177,59.9999868862
0.864407924486,0.498948211792,0.863973447036,0.498708578275,0.774442147296,0.716364576829,60.0000111177,59.9999868862
0.864437632014,0.498968916075,0.864011338059,0.498733687916,0.774442147296,0.716364576829,60.0000111177,59.9999868862
0.864467080841,0.498989392087,0.864048890685,0.49875853319,0.774442147296,0.716364576829,60.0000111177,59.9999868862
0.864496270572,0.499009640296,0.864086104522,0.4987831145,0.774442147296,0.716364576829,60.0000111177,59.9999868862
0.864525200813,0.499029661171,0.864122979183,0.498807432247,0.774442147296,0.716364576829,60.0000111177,59.9999868862
0.86455387117,0.499049455179,0.864159514279,0.498831486836,0.774442147296,0.716364576829,60.0000111177,59.9999868862
0.864582281254,0.499069022787,0.864195709425,0.49885527867,0.774442147296,0.716364576829,60.0000111177,59.9999868862
0.864610430674,0.49908836446,0.864231564237,0.498878808151,0.774442147296,0.716364576829,60.0000111177,59.9999868862
0.864638319044,0.499107480663,0.864267078331,0.498902075682,0.774442147296,0.716364576829,60.0000111177,59.9999868862
0.864665945977,0.49912637186,0.864302251326,0.498925081667,0.774442147296,0.716364576829,60.0000111177,59.9999868862
0.86469331109,0.499145038513,0.864337082842,0.498947826509,0.774442147296,0.716364576829,60.0000111177,59.9999868862
0.864720414001,0.499163481082,0.864371572501,0.498970310611,0.774442147296,0.716364576829,60.0000111177,59.9999868862
0.86474725433,0.499181700026,0.864405719926,0.498992534374,0.774442147296,0.716364576829,60.0000111177,59.9999868862
0.864773831701,0.499199695804,0.864439524741,0.499014498202,0.774442147296,0.716364576829,60.0000111177,59.9999868862
0.864800145738,0.49921746887,0.864472986575,0.499036202496,0.774442147296,0.716364576829,60.0000111177,59.9999868862
0.864826196068,0.499235019677,0.864506105054,0.499057647657,0.774442147296,0.716364576829,60.0000111177,59.9999868862
0.864851982322,0.499252348675,0.86453887981,0.499078834087,0.774442147296,0.716364576829,60.0000111177,59.9999868862
0.864877504132,0.499269456312,0.864571310474,0.499099762184,0.774442147296,0.716364576829,60.0000111177,59.9999868862
0.864902761135,0.499286343034,0.864603396681,0.499120432349,0.774442147296,0.716364576829,60.0000111177,59.9999868862
0.86492775297,0.499303009279,0.864635138068,0.499140844979,0.774442147296,0.716364576829,60.0000111177,59.9999868862
0.864952479278,0.499319455486,0.864666534271,0.499161000472,0.774442147296,0.716364576829,60.0000111177,59.9999868862
0.864976937195,0.499335686439,0.864697584932,0.499180899223,0.774442147296,0.716364576829,60.0000111177,59.9999868862
0.865001122784,0.499351708779,0.864728289694,0.499200541627,0.774442147296,0.716364576829,60.0000111177,59.9999868862
0.865025034633,0.499367524772,0.864758648203,0.499219928077,0.774442147296,0.716364576829,60.0000111177,59.9999868862
0.865048672423,0.499383134803,0.864788660105,0.499239058962,0.774442147296,0.716364576829,60.0000111177,59.9999868862
0.865072035831,0.499398539254,0.864818325053,0.499257934672,0.774442147296,0.716364576829,60.0000111177,59.9999868862
0.865095124538,0.49941373851,0.864847642699,0.499276555593,0.774442147296,0.716364576829,60.0000111177,59.9999868862
0.865117938225,0.499428732955,0.8648766127,0.499294922108,0.774442147296,0.716364576829,60.0000111177,59.9999868862
0.865140476573,0.499443522976,0.864905234717,0.499313034598,0.774442147296,0.716364576829,60.0000111177,59.9999868862
0.865162739265,0.499458108959,0.864933508412,0.49933089344,0.774442147296,0.716364576829,60.0000111177,59.9999868862
0.865184725984,0.499472491291,0.864961432304,0.499348500996,0.774442147296,0.716364576829,60.0000111177,59.9999868862
0.865206436413,0.49948667036,0.864989003253,0.499365862506,0.774442147296,0.716364576829,60.0000111177,59.9999868862
0.865227870238,0.499500646554,0.865016219282,0.499382981195,0.774442147296,0.716364576829,60.0000111177,59.9999868862
0.865249027145,0.499514420261,0.865043080089,0.499399857389,0.774442147296,0.716364576829,60.0000111177,59.9999868862
0.865269906819,0.499527991873,0.865069585374,0.499416491418,0.774442147296,0.716364576829,60.0000111177,59.9999868862
0.865290508948,0.499541361779,0.865095734836,0.499432883609,0.774442147296,0.716364576829,60.0000111177,59.9999868862
0.865310833219,0.49955453037,0.865121528177,0.499449034292,0.774442147296,0.716364576829,60.0000111177,59.9999868862
0.865330879322,0.499567498038,0.865146965099,0.499464943798,0.774442147296,0.716364576829,60.0000111177,59.9999868862
0.865350646947,0.499580265176,0.865172045306,0.499480612457,0.774442147296,0.716364576829,60.0000111177,59.9999868862
0.865370135783,0.499592832177,0.865196768502,0.499496040602,0.774442147296,0.716364576829,60.0000111177,59.9999868862
0.865389345523,0.499605199434,0.865221134392,0.499511228565,0.774442147296,0.716364576829,60.0000111177,59.9999868862
0.865408275857,0.499617367341,0.865245142684,0.49952617668,0.774442147296,0.716364576829,60.0000111177,59.9999868862
0.86542692648,0.499629336294,0.865268793085,0.49954088528,0.774442147296,0.716364576829,60.0000111177,59.9999868862
0.865445297084,0.499641106689,0.865292085303,0.499555354701,0.774442147296,0.716364576829,60.0000111177,59.9999868862
0.865463387365,0.499652678921,0.865315019048,0.499569585278,0.774442147296,0.716364576829,60.0000111177,59.9999868862
0.865481197017,0.499664053388,0.865337594032,0.499583577347,0.774442147296,0.716364576829,60.0000111177,59.9999868862
0.865498725738,0.499675230488,0.865359809966,0.499597331246,0.774442147296,0.716364576829,60.0000111177,59.9999868862
0.865515973223,0.499686210618,0.865381666563,0.499610847313,0.774442147296,0.716364576829,60.0000111177,59.9999868862
0.865532939171,0.499696994178,0.865403163538,0.499624125885,0.774442147296,0.716364576829,60.0000111177,59.9999868862
0.86554962328,0.499707581568,0.865424300605,0.499637167304,0.774442147296,0.716364576829,60.0000111177,59.9999868862
0.86556602525,0.499717973186,0.865445077481,0.499649971908,0.774442147296,0.716364576829,60.0000111177,59.9999868862
0.865582144781,0.499728169435,0.865465493883,0.499662540038,0.774442147296,0.716364576829,60.0000111177,59.9999868862
0.865597981575,0.499738170716,0.865485549529,0.499674872037,0.774442147296,0.716364576829,60.0000111177,59.9999868862
0.865613535333,0.499747977431,0.86550524414,0.499686968246,0.774442147296,0.716364576829,60.0000111177,59.9999868862
0.865628805759,0.499757589982,0.865524577436,0.499698829009,0.774442147296,0.716364576829,60.0000111177,59.9999868862
0.865643792555,0.499767008773,0.865543549138,0.49971045467,0.774442147296,0.716364576829,60.0000111177,59.9999868862
0.865658495427,0.499776234209,0.86556215897,0.499721845572,0.774442147296,0.716364576829,60.0000111177,59.9999868862
0.86567291408,0.499785266693,0.865580406654,0.499733002062,0.774442147296,0.716364576829,60.0000111177,59.9999868862
0.86568704822,0.499794106632,0.865598291917,0.499743924486,0.774442147296,0.716364576829,60.0000111177,59.9999868862
0.865700897554,0.49980275443,0.865615814484,0.499754613189,0.774442147296,0.716364576829,60.0000111177,59.9999868862
0.86571446179,0.499811210494,0.865632974082,0.499765068521,0.774442147296,0.716364576829,60.0000111177,59.9999868862
0.865727740636,0.499819475233,0.865649770439,0.499775290828,0.774442147296,0.716364576829,60.0000111177,59.9999868862
0.865740733803,0.499827549052,0.865666203286,0.499785280461,0.774442147296,0.716364576829,60.0000111177,59.9999868862
0.865753441,0.499835432361,0.865682272351,0.499795037768,0.774442147296,0.716364576829,60.0000111177,59.9999868862
0.86576586194,0.499843125569,0.865697977368,0.4998045631,0.774442147296,0.716364576829,60.0000111177,59.9999868862
0.865777996333,0.499850629085,0.865713318068,0.499813856808,0.774442147296,0.716364576829,60.0000111177,59.9999868862
0.865789843894,0.49985794332,0.865728294185,0.499822919244,0.774442147296,0.716364576829,60.0000111177,59.9999868862
0.865801404336,0.499865068684,0.865742905454,0.499831750762,0.774442147296,0.716364576829,60.0000111177,59.9999868862
0.865812677373,0.499872005588,0.865757151612,0.499840351713,0.774442147296,0.716364576829,60.0000111177,59.9999868862
0.865823662722,0.499878754446,0.865771032394,0.499848722452,0.774442147296,0.716364576829,60.0000111177,59.9999868862
0.865834360098,0.499885315668,0.865784547539,0.499856863334,0.774442147296,0.716364576829,60.0000111177,59.9999868862
0.865844769219,0.499891689669,0.865797696786,0.499864774714,0.774442147296,0.716364576829,60.0000111177,59.9999868862
0.865854889803,0.499897876863,0.865810479877,0.499872456949,0.774442147296,0.716364576829,60.0000111177,59.9999868862
0.865864721569,0.499903877663,0.865822896551,0.499879910395,0.774442147296,0.716364576829,60.0000111177,59.9999868862
0.865874264237,0.499909692485,0.865834946552,0.49988713541,0.774442147296,0.716364576829,60.0000111177,59.9999868862
0.865883517528,0.499915321745,0.865846629624,0.499894132352,0.774442147296,0.716364576829,60.0000111177,59.9999868862
0.865892481163,0.499920765858,0.86585794551,0.499900901581,0.774442147296,0.716364576829,60.0000111177,59.9999868862
0.865901154865,0.499926025241,0.865868893958,0.499907443455,0.774442147296,0.716364576829,60.0000111177,59.9999868862
0.865909538356,0.499931100312,0.865879474714,0.499913758337,0.774442147296,0.716364576829,60.0000111177,59.9999868862
0.865917631362,0.499935991489,0.865889687526,0.499919846585,0.774442147296,0.716364576829,60.0000111177,59.9999868862
0.865925433608,0.49994069919,0.865899532143,0.499925708563,0.774442147296,0.716364576829,60.0000111177,59.9999868862
0.865932944818,0.499945223834,0.865909008316,0.499931344633,0.774442147296,0.716364576829,60.0000111177,59.9999868862
0.865940164721,0.499949565841,0.865918115796,0.499936755159,0.774442147296,0.716364576829,60.0000111177,59.9999868862
0.865947093043,0.499953725632,0.865926854336,0.499941940503,0.774442147296,0.716364576829,60.0000111177,59.9999868862
0.865953729514,0.499957703626,0.86593522369,0.499946901031,0.774442147296,0.716364576829,60.0000111177,59.9999868862
0.865960073863,0.499961500246,0.865943223612,0.499951637109,0.774442147296,0.716364576829,60.0000111177,59.9999868862
0.86596612582,0.499965115913,0.865950853858,0.499956149101,0.774442147296,0.716364576829,60.0000111177,59.9999868862
0.865971885117,0.499968551051,0.865958114186,0.499960437376,0.774442147296,0.716364576829,60.0000111177,59.9999868862
0.865977351485,0.499971806081,0.865965004353,0.4999645023,0.774442147296,0.716364576829,60.0000111177,59.9999868862
0.865982524657,0.499974881428,0.865971524119,0.499968344241,0.774442147296,0.716364576829,60.0000111177,59.9999868862
0.865987404369,0.499977777517,0.865977673244,0.499971963568,0.774442147296,0.716364576829,60.0000111177,59.9999868862
0.865991990353,0.499980494771,0.86598345149,0.499975360651,0.774442147296,0.716364576829,60.0000111177,59.9999868862
0.865996282346,0.499983033616,0.86598885862,0.49997853586,0.774442147296,0.716364576829,60.0000111177,59.9999868862
0.866000280085,0.499985394478,0.865993894397,0.499981489565,0.774442147296,0.716364576829,60.0000111177,59.9999868862
0.866003983306,0.499987577784,0.865998558586,0.499984222139,0.774442147296,0.716364576829,60.0000111177,59.9999868862
0.866007391749,0.49998958396,0.866002850954,0.499986733953,0.774442147296,0.716364576829,60.0000111177,59.9999868862
0.866010505152,0.499991413434,0.866006771267,0.49998902538,0.774442147296,0.716364576829,60.0000111177,59.9999868862
0.866013323255,0.499993066635,0.866010319295,0.499991096794,0.774442147296,0.716364576829,60.0000111177,59.9999868862
0.8660158458,0.49999454399,0.866013494805,0.499992948568,0.774442147296,0.716364576829,60.0000111177,59.9999868862
0.866018072529,0.499995845929,0.86601629757,0.499994581079,0.774442147296,0.716364576829,60.0000111177,59.9999868862
0.866020003184,0.499996972882,0.86601872736,0.499995994701,0.774442147296,0.716364576829,60.0000111177,59.9999868862
0.866021637508,0.499997925279,0.866020783949,0.499997189811,0.774442147296,0.716364576829,60.0000111177,59.9999868862
0.866022975248,0.499998703551,0.866022467111,0.499998166786,0.774442147296,0.716364576829,60.0000111177,59.9999868862
0.866024016147,0.499999308129,0.866023776621,0.499998926003,0.774442147296,0.716364576829,60.0000111177,59.9999868862
0.866024759953,0.499999739445,0.866024712254,0.49999946784,0.774442147296,0.716364576829,60.0000111177,59.9999868862
0.866025206413,0.499999997932,0.866025273789,0.499999792677,0.774442147296,0.716364576829,60.0000111177,59.9999868862
0.866025355274,0.500000084022,0.866025461004,0.499999900892,0.774442147296,0.716364576829,60.0000111177,59.9999868862
